total_load_MWh,renewable_available_MWh,renewable_used_MWh,curtailment_MWh,thermal_generation_MWh,unserved_MWh,charge_MWh,discharge_MWh,renewable_utilization_pct,curtailment_rate_pct,operating_cost_CNY,scenario,energy_capacity_MWh,power_capacity_MW,num_steps,time_step_hours,load_shedding_MWh,storage_discharge_MWh,initial_inventory_supply_MWh,total_cost_CNY,thermal_cost_CNY,storage_cost_CNY,curtailment_cost_CNY,load_shedding_cost_CNY,simulation_hours,storage_capex_CNY,capital_recovery_factor,year_fraction,storage_annualized_investment_CNY_per_year,storage_annual_fixed_om_CNY_per_year,storage_investment_allocated_CNY,storage_fixed_om_CNY,storage_variable_om_CNY,storage_om_cost_CNY,operating_cost_excluding_investment_CNY,initial_inventory_thermal_value_CNY,storage_utilization_pct,solver_status,max_residual
2777.8000000000002,267.03999999999996,267.03999999999996,0,2391.77,118.98999999999998,0,0,100,0,2027019.4999999998,E0_P0_day_000,0,0,24,1,118.98999999999998,0,0,2027019.4999999998,837119.5,0,0,1189899.9999999998,24,0,0.09634228760924439,0.0027397260273972603,0,0,0,0,0,0,2027019.4999999998,0,,Optimal,2.8421709430404007e-14
2924,302.55000000000001,302.55000000000001,0,2430.8899999999999,190.56,0,0,100,0,2756411.5,E0_P0_day_001,0,0,24,1,190.56,0,0,2756411.5,850811.5,0,0,1905600,24,0,0.09634228760924439,0.0027397260273972603,0,0,0,0,0,0,2756411.5,0,,Optimal,1.4210854715202004e-14
3070.1999999999998,406.37,375.34000000000003,31.029999999999966,2322.1700000000001,372.68999999999994,0,0,92.364101680734308,7.6358983192656851,4545865.5,E0_P0_day_002,0,0,24,1,372.68999999999994,0,0,4545865.5,812759.5,0,6205.9999999999927,3726899.9999999995,24,0,0.09634228760924439,0.0027397260273972603,0,0,0,0,0,0,4545865.5,0,,Optimal,2.8421709430404007e-14
2777.8000000000002,421,333.99000000000001,87.009999999999991,2259.4700000000003,184.34,0,0,79.332541567695955,20.667458432304038,2651616.5,E0_P0_day_003,0,0,24,1,184.34,0,0,2651616.5,790814.50000000012,0,17402,1843400,24,0,0.09634228760924439,0.0027397260273972603,0,0,0,0,0,0,2651616.5,0,,Optimal,1.4210854715202004e-14
2924,167.69999999999999,167.69999999999999,0,2478.4299999999998,277.87,0,0,100,0,3646150.5,E0_P0_day_004,0,0,24,1,277.87,0,0,3646150.5,867450.5,0,0,2778700,24,0,0.09634228760924439,0.0027397260273972603,0,0,0,0,0,0,3646150.5,0,,Optimal,1.4210854715202004e-14
3070.1999999999998,598.48000000000002,458.62,139.85999999999999,2280.9000000000001,330.67999999999995,0,0,76.630798021654854,23.369201978345139,4133086.9999999995,E0_P0_day_005,0,0,24,1,330.67999999999995,0,0,4133086.9999999995,798315,0,27971.999999999996,3306799.9999999995,24,0,0.09634228760924439,0.0027397260273972603,0,0,0,0,0,0,4133086.9999999995,0,,Optimal,2.8421709430404007e-14
2777.8000000000002,646.33999999999992,464.67000000000002,181.67000000000002,2181.3099999999999,131.81999999999999,0,0,71.892502398118651,28.107497601881366,2117992.5,E0_P0_day_006,0,0,24,1,131.81999999999999,0,0,2117992.5,763458.5,0,36334,1318200,24,0,0.09634228760924439,0.0027397260273972603,0,0,0,0,0,0,2117992.5,0,,Optimal,1.4210854715202004e-14
2924,566.21000000000004,412.01999999999998,154.19,2258.8800000000001,253.09999999999999,0,0,72.768054255488238,27.231945744511751,3352446,E0_P0_day_007,0,0,24,1,253.09999999999999,0,0,3352446,790608,0,30838,2531000,24,0,0.09634228760924439,0.0027397260273972603,0,0,0,0,0,0,3352446,0,,Optimal,1.4210854715202004e-14
3070.1999999999998,742.22000000000003,699.37,42.850000000000009,2194.1700000000001,176.66000000000005,0,0,94.226779122093177,5.7732208779068213,2543129.5000000005,E0_P0_day_008,0,0,24,1,176.66000000000005,0,0,2543129.5000000005,767959.5,0,8570.0000000000018,1766600.0000000005,24,0,0.09634228760924439,0.0027397260273972603,0,0,0,0,0,0,2543129.5000000005,0,,Optimal,2.8421709430404007e-14
2777.8000000000002,502.44999999999999,428.75999999999999,73.690000000000012,2232.5799999999999,116.45999999999999,0,0,85.333864066076231,14.666135933923776,1960741,E0_P0_day_009,0,0,24,1,116.45999999999999,0,0,1960741,781403,0,14738.000000000002,1164600,24,0,0.09634228760924439,0.0027397260273972603,0,0,0,0,0,0,1960741,0,,Optimal,1.4210854715202004e-14
2924,739.94000000000005,607.23000000000002,132.71000000000001,2167.25,149.51999999999998,0,0,82.064762007730351,17.935237992269641,2280279.5,E0_P0_day_010,0,0,24,1,149.51999999999998,0,0,2280279.5,758537.5,0,26542,1495199.9999999998,24,0,0.09634228760924439,0.0027397260273972603,0,0,0,0,0,0,2280279.5,0,,Optimal,2.8421709430404007e-14
3070.1999999999998,430.31,384.57999999999998,45.730000000000032,2335.4299999999998,350.18999999999994,0,0,89.372777764867195,10.62722223513282,4328446.5,E0_P0_day_011,0,0,24,1,350.18999999999994,0,0,4328446.5,817400.5,0,9146.0000000000073,3501899.9999999995,24,0,0.09634228760924439,0.0027397260273972603,0,0,0,0,0,0,4328446.5,0,,Optimal,2.8421709430404007e-14
2777.8000000000002,1520.77,1456.1400000000001,64.629999999999995,1321.6600000000001,0,0,0,95.75017918554417,4.2498208144558349,475507,E0_P0_day_012,0,0,24,1,0,0,0,475507,462581,0,12926,0,24,0,0.09634228760924439,0.0027397260273972603,0,0,0,0,0,0,475507,0,,Optimal,1.4210854715202004e-14
2924,2431.23,2043.5800000000002,387.64999999999998,880.41999999999996,0,0,0,84.05539582844898,15.944604171551026,385677,E0_P0_day_013,0,0,24,1,0,0,0,385677,308147,0,77530,0,24,0,0.09634228760924439,0.0027397260273972603,0,0,0,0,0,0,385677,0,,Optimal,1.4210854715202004e-14
3070.1999999999998,836.28999999999996,693.08000000000004,143.20999999999998,2119.46,257.65999999999991,0,0,82.875557521912256,17.124442478087744,3347052.9999999991,E0_P0_day_014,0,0,24,1,257.65999999999991,0,0,3347052.9999999991,741811,0,28641.999999999996,2576599.9999999991,24,0,0.09634228760924439,0.0027397260273972603,0,0,0,0,0,0,3347052.9999999991,0,,Optimal,2.8421709430404007e-14
2777.8000000000002,423.44,347.92000000000002,75.519999999999996,2263.5700000000002,166.31,0,0,82.165123748346872,17.834876251653128,2470453.5,E0_P0_day_015,0,0,24,1,166.31,0,0,2470453.5,792249.5,0,15104,1663100,24,0,0.09634228760924439,0.0027397260273972603,0,0,0,0,0,0,2470453.5,0,,Optimal,1.4210854715202004e-14
2924,518.37,386.11000000000007,132.25999999999996,2267.8200000000002,270.06999999999999,0,0,74.485406177055012,25.514593822944992,3520889,E0_P0_day_016,0,0,24,1,270.06999999999999,0,0,3520889,793737,0,26451.999999999993,2700700,24,0,0.09634228760924439,0.0027397260273972603,0,0,0,0,0,0,3520889,0,,Optimal,2.8421709430404007e-14
3070.1999999999998,571.23000000000002,419.72999999999996,151.5,2284.0799999999999,366.38999999999999,0,0,73.478283703586982,26.521716296413004,4493628,E0_P0_day_017,0,0,24,1,366.38999999999999,0,0,4493628,799428,0,30300,3663900,24,0,0.09634228760924439,0.0027397260273972603,0,0,0,0,0,0,4493628,0,,Optimal,2.8421709430404007e-14
2777.8000000000002,586.02999999999997,411.31999999999999,174.71000000000001,2201.6300000000001,164.84999999999999,0,0,70.187533061447368,29.812466938552635,2454012.5,E0_P0_day_018,0,0,24,1,164.84999999999999,0,0,2454012.5,770570.5,0,34942,1648500,24,0,0.09634228760924439,0.0027397260273972603,0,0,0,0,0,0,2454012.5,0,,Optimal,1.4210854715202004e-14
2924,715.46000000000004,539.44999999999993,176.01000000000005,2197.7400000000002,186.81000000000003,0,0,75.399043971710498,24.600956028289495,2672511.0000000005,E0_P0_day_019,0,0,24,1,186.81000000000003,0,0,2672511.0000000005,769209.00000000012,0,35202.000000000007,1868100.0000000002,24,0,0.09634228760924439,0.0027397260273972603,0,0,0,0,0,0,2672511.0000000005,0,,Optimal,2.8421709430404007e-14
3070.1999999999998,240.84,240.84,0,2466.5999999999999,362.75999999999999,0,0,100,0,4490910,E0_P0_day_020,0,0,24,1,362.75999999999999,0,0,4490910,863310,0,0,3627600,24,0,0.09634228760924439,0.0027397260273972603,0,0,0,0,0,0,4490910,0,,Optimal,2.8421709430404007e-14
2777.8000000000002,339.68000000000001,339.68000000000001,0,2328.6700000000001,109.45,0,0,100,0,1909534.5,E0_P0_day_021,0,0,24,1,109.45,0,0,1909534.5,815034.5,0,0,1094500,24,0,0.09634228760924439,0.0027397260273972603,0,0,0,0,0,0,1909534.5,0,,Optimal,2.8421709430404007e-14
2924,1316.51,1278.28,38.230000000000032,1636.3800000000001,9.3400000000000034,0,0,97.096110170070872,2.9038898299291334,673779,E0_P0_day_022,0,0,24,1,9.3400000000000034,0,0,673779,572733,0,7646.0000000000064,93400.000000000029,24,0,0.09634228760924439,0.0027397260273972603,0,0,0,0,0,0,673779,0,,Optimal,1.4210854715202004e-14
3070.1999999999998,1480.3099999999999,998.43000000000006,481.88,1994.45,77.320000000000007,0,0,67.447358999128568,32.552641000871439,1567633.5,E0_P0_day_023,0,0,24,1,77.320000000000007,0,0,1567633.5,698057.5,0,96376,773200.00000000012,24,0,0.09634228760924439,0.0027397260273972603,0,0,0,0,0,0,1567633.5,0,,Optimal,2.8421709430404007e-14
2777.8000000000002,716.17999999999995,492.56,223.62,2143.6799999999998,141.56,0,0,68.776006032003139,31.223993967996876,2210612,E0_P0_day_024,0,0,24,1,141.56,0,0,2210612,750288,0,44724,1415600,24,0,0.09634228760924439,0.0027397260273972603,0,0,0,0,0,0,2210612,0,,Optimal,1.4210854715202004e-14
2924,576.61000000000001,576.61000000000001,0,2274.3600000000001,73.030000000000015,0,0,100,0,1526326,E0_P0_day_025,0,0,24,1,73.030000000000015,0,0,1526326,796026,0,0,730300.00000000012,24,0,0.09634228760924439,0.0027397260273972603,0,0,0,0,0,0,1526326,0,,Optimal,2.8421709430404007e-14
3070.1999999999998,989.92000000000007,704.79999999999995,285.12,2137.4699999999998,227.93000000000001,0,0,71.197672539195082,28.802327460804911,3084438.5,E0_P0_day_026,0,0,24,1,227.93000000000001,0,0,3084438.5,748114.49999999988,0,57024,2279300,24,0,0.09634228760924439,0.0027397260273972603,0,0,0,0,0,0,3084438.5,0,,Optimal,2.8421709430404007e-14
2777.8000000000002,716.64999999999998,466.88,249.77000000000004,2167.3099999999999,143.60999999999999,0,0,65.147561571199333,34.852438428800674,2244612.5,E0_P0_day_027,0,0,24,1,143.60999999999999,0,0,2244612.5,758558.5,0,49954.000000000007,1436099.9999999998,24,0,0.09634228760924439,0.0027397260273972603,0,0,0,0,0,0,2244612.5,0,,Optimal,1.4210854715202004e-14
2924,699.39999999999998,463.74000000000001,235.65999999999997,2208.4099999999999,251.84999999999997,0,0,66.305404632542178,33.694595367457815,3338575.4999999995,E0_P0_day_028,0,0,24,1,251.84999999999997,0,0,3338575.4999999995,772943.5,0,47131.999999999993,2518499.9999999995,24,0,0.09634228760924439,0.0027397260273972603,0,0,0,0,0,0,3338575.4999999995,0,,Optimal,1.4210854715202004e-14
3070.1999999999998,829.66000000000008,621.56999999999994,208.09,2226,222.63,0,0,74.918641371164071,25.081358628835908,3047018,E0_P0_day_029,0,0,24,1,222.63,0,0,3047018,779100,0,41618,2226300,24,0,0.09634228760924439,0.0027397260273972603,0,0,0,0,0,0,3047018,0,,Optimal,2.8421709430404007e-14
2777.8000000000002,804.04999999999995,475.81000000000006,328.23999999999995,2137.1799999999998,164.81,0,0,59.176668117654387,40.82333188234562,2461761,E0_P0_day_030,0,0,24,1,164.81,0,0,2461761,748013,0,65647.999999999985,1648100,24,0,0.09634228760924439,0.0027397260273972603,0,0,0,0,0,0,2461761,0,,Optimal,1.4210854715202004e-14
2924,1099.77,1041.1599999999999,58.610000000000021,1827.1600000000001,55.679999999999993,0,0,94.67070387444646,5.3292961255535269,1208028,E0_P0_day_031,0,0,24,1,55.679999999999993,0,0,1208028,639506,0,11722.000000000004,556799.99999999988,24,0,0.09634228760924439,0.0027397260273972603,0,0,0,0,0,0,1208028,0,,Optimal,1.4210854715202004e-14
3070.1999999999998,179.59999999999999,179.59999999999999,0,2544.0500000000002,346.54999999999995,0,0,100,0,4355917.5,E0_P0_day_032,0,0,24,1,346.54999999999995,0,0,4355917.5,890417.50000000012,0,0,3465499.9999999995,24,0,0.09634228760924439,0.0027397260273972603,0,0,0,0,0,0,4355917.5,0,,Optimal,2.8421709430404007e-14
2777.8000000000002,485.89999999999998,392.18999999999994,93.710000000000022,2225.5700000000002,160.03999999999996,0,0,80.714138711669051,19.285861288330938,2398091.4999999995,E0_P0_day_033,0,0,24,1,160.03999999999996,0,0,2398091.4999999995,778949.5,0,18742.000000000004,1600399.9999999995,24,0,0.09634228760924439,0.0027397260273972603,0,0,0,0,0,0,2398091.4999999995,0,,Optimal,2.8421709430404007e-14
2924,401.40999999999997,366.01999999999998,35.389999999999993,2290.1900000000001,267.79000000000002,0,0,91.183577887945006,8.8164221120550064,3486544.5,E0_P0_day_034,0,0,24,1,267.79000000000002,0,0,3486544.5,801566.5,0,7077.9999999999991,2677900,24,0,0.09634228760924439,0.0027397260273972603,0,0,0,0,0,0,3486544.5,0,,Optimal,1.4210854715202004e-14
3070.1999999999998,226.86999999999998,225.63999999999999,1.230000000000004,2465.9200000000001,378.63999999999999,0,0,99.457839291224062,0.54216070877595279,4649718,E0_P0_day_035,0,0,24,1,378.63999999999999,0,0,4649718,863072,0,246.0000000000008,3786400,24,0,0.09634228760924439,0.0027397260273972603,0,0,0,0,0,0,4649718,0,,Optimal,2.8421709430404007e-14
2777.8000000000002,232.16000000000003,232.16,0,2402.02,143.62,0,0,99.999999999999986,0,2276907,E0_P0_day_036,0,0,24,1,143.62,0,0,2276907,840707,0,0,1436200,24,0,0.09634228760924439,0.0027397260273972603,0,0,0,0,0,0,2276907,0,,Optimal,1.4210854715202004e-14
2924,372.62,372.62,0,2332.4700000000003,218.91000000000003,0,0,100,0,3005464.5000000005,E0_P0_day_037,0,0,24,1,218.91000000000003,0,0,3005464.5000000005,816364.50000000012,0,0,2189100.0000000005,24,0,0.09634228760924439,0.0027397260273972603,0,0,0,0,0,0,3005464.5000000005,0,,Optimal,1.4210854715202004e-14
3070.1999999999998,380.51999999999998,380.51999999999998,0,2483.3199999999997,206.36000000000001,0,0,100,0,2932762,E0_P0_day_038,0,0,24,1,206.36000000000001,0,0,2932762,869161.99999999988,0,0,2063600.0000000002,24,0,0.09634228760924439,0.0027397260273972603,0,0,0,0,0,0,2932762,0,,Optimal,2.8421709430404007e-14
2777.8000000000002,434.76999999999998,434.76999999999998,0,2277.3499999999999,65.679999999999993,0,0,100,0,1453872.5,E0_P0_day_039,0,0,24,1,65.679999999999993,0,0,1453872.5,797072.5,0,0,656799.99999999988,24,0,0.09634228760924439,0.0027397260273972603,0,0,0,0,0,0,1453872.5,0,,Optimal,1.4210854715202004e-14
2924,214.47999999999999,212,2.480000000000004,2429.25,282.75,0,0,98.843715031704591,1.1562849682954142,3678233.5,E0_P0_day_040,0,0,24,1,282.75,0,0,3678233.5,850237.5,0,496.0000000000008,2827500,24,0,0.09634228760924439,0.0027397260273972603,0,0,0,0,0,0,3678233.5,0,,Optimal,1.4210854715202004e-14
3070.1999999999998,248.5,248.5,0,2485.21,336.4899999999999,0,0,100,0,4234723.4999999991,E0_P0_day_041,0,0,24,1,336.4899999999999,0,0,4234723.4999999991,869823.5,0,0,3364899.9999999991,24,0,0.09634228760924439,0.0027397260273972603,0,0,0,0,0,0,4234723.4999999991,0,,Optimal,2.8421709430404007e-14
2777.8000000000002,1214.79,1196.7099999999998,18.080000000000016,1581.0900000000001,0,0,0,98.511676915351615,1.4883230846483768,556997.5,E0_P0_day_042,0,0,24,1,0,0,0,556997.5,553381.5,0,3616.0000000000032,0,24,0,0.09634228760924439,0.0027397260273972603,0,0,0,0,0,0,556997.5,0,,Optimal,1.4210854715202004e-14
2924,1091.6099999999999,954.29999999999995,137.31,1923.0699999999999,46.629999999999995,0,0,87.421331794322157,12.578668205677854,1166836.5,E0_P0_day_043,0,0,24,1,46.629999999999995,0,0,1166836.5,673074.5,0,27462,466299.99999999994,24,0,0.09634228760924439,0.0027397260273972603,0,0,0,0,0,0,1166836.5,0,,Optimal,1.4210854715202004e-14
3070.1999999999998,719.97000000000003,670.30999999999995,49.659999999999982,2206.3699999999999,193.51999999999998,0,0,93.102490381543674,6.897509618456322,2717361.5,E0_P0_day_044,0,0,24,1,193.51999999999998,0,0,2717361.5,772229.5,0,9931.9999999999964,1935199.9999999998,24,0,0.09634228760924439,0.0027397260273972603,0,0,0,0,0,0,2717361.5,0,,Optimal,2.8421709430404007e-14
2777.8000000000002,651.79999999999995,441.64999999999998,210.15000000000001,2166.52,169.63,0,0,67.758514881865608,32.241485118134399,2496612,E0_P0_day_045,0,0,24,1,169.63,0,0,2496612,758282,0,42030,1696300,24,0,0.09634228760924439,0.0027397260273972603,0,0,0,0,0,0,2496612,0,,Optimal,1.4210854715202004e-14
2924,233.84999999999999,233.84999999999999,0,2405.9200000000001,284.23000000000002,0,0,100,0,3684372,E0_P0_day_046,0,0,24,1,284.23000000000002,0,0,3684372,842072,0,0,2842300,24,0,0.09634228760924439,0.0027397260273972603,0,0,0,0,0,0,3684372,0,,Optimal,1.4210854715202004e-14
3070.1999999999998,331.74000000000001,318.80000000000001,12.940000000000005,2380.0900000000001,371.30999999999995,0,0,96.099354916500872,3.9006450834991271,4548719.5,E0_P0_day_047,0,0,24,1,371.30999999999995,0,0,4548719.5,833031.5,0,2588.0000000000009,3713099.9999999995,24,0,0.09634228760924439,0.0027397260273972603,0,0,0,0,0,0,4548719.5,0,,Optimal,2.8421709430404007e-14
2777.8000000000002,473.10000000000002,473.09999999999997,0,2273.71,30.989999999999995,0,0,100,0,1105698.5,E0_P0_day_048,0,0,24,1,30.989999999999995,0,0,1105698.5,795798.5,0,0,309899.99999999994,24,0,0.09634228760924439,0.0027397260273972603,0,0,0,0,0,0,1105698.5,0,,Optimal,1.4210854715202004e-14
2924,1050.3399999999999,689.86000000000001,360.48000000000002,2066.96,167.18000000000001,0,0,65.679684673534283,34.320315326465717,2467332,E0_P0_day_049,0,0,24,1,167.18000000000001,0,0,2467332,723436,0,72096,1671800,24,0,0.09634228760924439,0.0027397260273972603,0,0,0,0,0,0,2467332,0,,Optimal,1.4210854715202004e-14
3070.1999999999998,1261.3600000000001,957.47000000000003,303.88999999999999,2038.55,74.180000000000007,0,0,75.907750364685725,24.092249635314261,1516070.5,E0_P0_day_050,0,0,24,1,74.180000000000007,0,0,1516070.5,713492.5,0,60778,741800.00000000012,24,0,0.09634228760924439,0.0027397260273972603,0,0,0,0,0,0,1516070.5,0,,Optimal,5.6843418860808015e-14
2777.8000000000002,777.68000000000006,662.25,115.42999999999998,2047.54,68.009999999999991,0,0,85.157134039707842,14.842865960292148,1419825,E0_P0_day_051,0,0,24,1,68.009999999999991,0,0,1419825,716639,0,23085.999999999996,680099.99999999988,24,0,0.09634228760924439,0.0027397260273972603,0,0,0,0,0,0,1419825,0,,Optimal,2.8421709430404007e-14
2924,168.14000000000001,168.14000000000001,0,2479.9499999999998,275.90999999999997,0,0,99.999999999999986,0,3627082.4999999995,E0_P0_day_052,0,0,24,1,275.90999999999997,0,0,3627082.4999999995,867982.49999999988,0,0,2759099.9999999995,24,0,0.09634228760924439,0.0027397260273972603,0,0,0,0,0,0,3627082.4999999995,0,,Optimal,1.4210854715202004e-14
3070.1999999999998,159.41,159.41,0,2565.5799999999999,345.20999999999992,0,0,100,0,4350052.9999999991,E0_P0_day_053,0,0,24,1,345.20999999999992,0,0,4350052.9999999991,897953,0,0,3452099.9999999991,24,0,0.09634228760924439,0.0027397260273972603,0,0,0,0,0,0,4350052.9999999991,0,,Optimal,2.8421709430404007e-14
2777.8000000000002,806.59000000000003,719.89999999999998,86.690000000000012,1981.77,76.130000000000024,0,0,89.252284308012747,10.747715691987256,1472257.5000000002,E0_P0_day_054,0,0,24,1,76.130000000000024,0,0,1472257.5000000002,693619.5,0,17338.000000000004,761300.00000000023,24,0,0.09634228760924439,0.0027397260273972603,0,0,0,0,0,0,1472257.5000000002,0,,Optimal,1.4210854715202004e-14
2924,728.41000000000008,652.5,75.910000000000025,2158.3000000000002,113.20000000000003,0,0,89.578671352672245,10.421328647327744,1902587.0000000005,E0_P0_day_055,0,0,24,1,113.20000000000003,0,0,1902587.0000000005,755405.00000000012,0,15182.000000000005,1132000.0000000002,24,0,0.09634228760924439,0.0027397260273972603,0,0,0,0,0,0,1902587.0000000005,0,,Optimal,1.4210854715202004e-14
3070.1999999999998,1065.1200000000001,755.75999999999999,309.35999999999996,2117.0999999999999,197.33999999999995,0,0,70.955385308697601,29.044614691302382,2776256.9999999995,E0_P0_day_056,0,0,24,1,197.33999999999995,0,0,2776256.9999999995,740985,0,61871.999999999993,1973399.9999999995,24,0,0.09634228760924439,0.0027397260273972603,0,0,0,0,0,0,2776256.9999999995,0,,Optimal,5.6843418860808015e-14
2777.8000000000002,981.90000000000009,603.82000000000005,378.07999999999998,2063.9299999999998,110.04999999999998,0,0,61.495060596802119,38.504939403197881,1898491.4999999998,E0_P0_day_057,0,0,24,1,110.04999999999998,0,0,1898491.4999999998,722375.5,0,75616,1100499.9999999998,24,0,0.09634228760924439,0.0027397260273972603,0,0,0,0,0,0,1898491.4999999998,0,,Optimal,2.8421709430404007e-14
2924,398.61000000000001,378.32999999999998,20.280000000000008,2291.1999999999998,254.47000000000003,0,0,94.912320313087974,5.0876796869120211,3350676.0000000005,E0_P0_day_058,0,0,24,1,254.47000000000003,0,0,3350676.0000000005,801919.99999999988,0,4056.0000000000018,2544700.0000000005,24,0,0.09634228760924439,0.0027397260273972603,0,0,0,0,0,0,3350676.0000000005,0,,Optimal,1.4210854715202004e-14
3070.1999999999998,862.01999999999998,765.50999999999999,96.509999999999962,2175.71,128.98000000000002,0,0,88.80420407879167,11.195795921208321,2070600.5000000002,E0_P0_day_059,0,0,24,1,128.98000000000002,0,0,2070600.5000000002,761498.5,0,19301.999999999993,1289800.0000000002,24,0,0.09634228760924439,0.0027397260273972603,0,0,0,0,0,0,2070600.5000000002,0,,Optimal,2.8421709430404007e-14
2777.8000000000002,581.36000000000001,458.16999999999996,123.19000000000003,2188.9200000000001,130.71000000000004,0,0,78.810031649924298,21.189968350075688,2097860.0000000005,E0_P0_day_060,0,0,24,1,130.71000000000004,0,0,2097860.0000000005,766122,0,24638.000000000004,1307100.0000000005,24,0,0.09634228760924439,0.0027397260273972603,0,0,0,0,0,0,2097860.0000000005,0,,Optimal,2.8421709430404007e-14
2924,590.95000000000005,526.94000000000005,64.009999999999991,2221.0100000000002,176.05000000000004,0,0,89.168288349268138,10.83171165073187,2550655.5000000005,E0_P0_day_061,0,0,24,1,176.05000000000004,0,0,2550655.5000000005,777353.50000000012,0,12801.999999999998,1760500.0000000005,24,0,0.09634228760924439,0.0027397260273972603,0,0,0,0,0,0,2550655.5000000005,0,,Optimal,1.4210854715202004e-14
3070.1999999999998,987.08000000000004,710.21000000000004,276.87,2169.9000000000001,190.08999999999997,0,0,71.950601774932124,28.049398225067876,2715739,E0_P0_day_062,0,0,24,1,190.08999999999997,0,0,2715739,759465,0,55374,1900899.9999999998,24,0,0.09634228760924439,0.0027397260273972603,0,0,0,0,0,0,2715739,0,,Optimal,2.8421709430404007e-14
2777.8000000000002,907.20000000000005,568.29999999999995,338.89999999999998,2084.3099999999999,125.18999999999998,0,0,62.643298059964714,37.356701940035272,2049188.4999999998,E0_P0_day_063,0,0,24,1,125.18999999999998,0,0,2049188.4999999998,729508.5,0,67780,1251899.9999999998,24,0,0.09634228760924439,0.0027397260273972603,0,0,0,0,0,0,2049188.4999999998,0,,Optimal,2.8421709430404007e-14
2924,883,552.31999999999994,330.68000000000001,2179.1700000000001,192.50999999999999,0,0,62.550396375990928,37.449603624009058,2753945.5,E0_P0_day_064,0,0,24,1,192.50999999999999,0,0,2753945.5,762709.5,0,66136,1925100,24,0,0.09634228760924439,0.0027397260273972603,0,0,0,0,0,0,2753945.5,0,,Optimal,1.4210854715202004e-14
3070.1999999999998,345.42000000000002,337.67000000000002,7.7500000000000071,2383.1300000000001,349.39999999999998,0,0,97.756354582826702,2.243645417173298,4329645.5,E0_P0_day_065,0,0,24,1,349.39999999999998,0,0,4329645.5,834095.5,0,1550.0000000000014,3494000,24,0,0.09634228760924439,0.0027397260273972603,0,0,0,0,0,0,4329645.5,0,,Optimal,2.8421709430404007e-14
2777.8000000000002,532.20000000000005,514.56999999999994,17.630000000000038,2152.8600000000001,110.36999999999999,0,0,96.687335588124739,3.3126644118752417,1860727,E0_P0_day_066,0,0,24,1,110.36999999999999,0,0,1860727,753501,0,3526.0000000000077,1103700,24,0,0.09634228760924439,0.0027397260273972603,0,0,0,0,0,0,1860727,0,,Optimal,1.4210854715202004e-14
2924,818.56000000000006,598.26999999999998,220.29000000000002,2155.3600000000001,170.37,0,0,73.088105942142292,26.911894057857705,2502134,E0_P0_day_067,0,0,24,1,170.37,0,0,2502134,754376,0,44058.000000000007,1703700,24,0,0.09634228760924439,0.0027397260273972603,0,0,0,0,0,0,2502134,0,,Optimal,1.4210854715202004e-14
3070.1999999999998,561.01999999999998,421.03999999999996,139.98000000000002,2298.6100000000001,350.54999999999995,0,0,75.049017860325833,24.950982139674171,4338009.5,E0_P0_day_068,0,0,24,1,350.54999999999995,0,0,4338009.5,804513.5,0,27996.000000000004,3505499.9999999995,24,0,0.09634228760924439,0.0027397260273972603,0,0,0,0,0,0,4338009.5,0,,Optimal,2.8421709430404007e-14
2777.8000000000002,1425.9200000000001,1290.71,135.21000000000004,1474.3600000000001,12.729999999999961,0,0,90.517700852782767,9.4822991472172369,670367.99999999977,E0_P0_day_069,0,0,24,1,12.729999999999961,0,0,670367.99999999977,516026.00000000006,0,27042.000000000007,127299.99999999961,24,0,0.09634228760924439,0.0027397260273972603,0,0,0,0,0,0,670367.99999999977,0,,Optimal,1.4210854715202004e-14
2924,1943.5999999999999,897.81999999999994,1045.78,1877.27,148.90999999999997,0,0,46.193661247170205,53.806338752829802,2355300.5,E0_P0_day_070,0,0,24,1,148.90999999999997,0,0,2355300.5,657044.5,0,209156,1489099.9999999998,24,0,0.09634228760924439,0.0027397260273972603,0,0,0,0,0,0,2355300.5,0,,Optimal,1.4210854715202004e-14
3070.1999999999998,1434.0900000000001,1054.1999999999998,379.89000000000004,1960.77,55.229999999999947,0,0,73.510030751208063,26.489969248791919,1314547.4999999995,E0_P0_day_071,0,0,24,1,55.229999999999947,0,0,1314547.4999999995,686269.5,0,75978.000000000015,552299.99999999942,24,0,0.09634228760924439,0.0027397260273972603,0,0,0,0,0,0,1314547.4999999995,0,,Optimal,2.8421709430404007e-14
2777.8000000000002,1771.01,764.04999999999995,1006.96,1896.1600000000001,117.59,0,0,43.142048887358058,56.857951112641942,2040948,E0_P0_day_072,0,0,24,1,117.59,0,0,2040948,663656,0,201392,1175900,24,0,0.09634228760924439,0.0027397260273972603,0,0,0,0,0,0,2040948,0,,Optimal,2.8421709430404007e-14
2924,1691.9200000000001,1375.8599999999999,316.06,1548.1400000000001,0,0,0,81.319447728024969,18.680552271975035,605061,E0_P0_day_073,0,0,24,1,0,0,0,605061,541849,0,63212,0,24,0,0.09634228760924439,0.0027397260273972603,0,0,0,0,0,0,605061,0,,Optimal,1.4210854715202004e-14
3070.1999999999998,1415.4899999999998,1233.4300000000001,182.06,1823.03,13.739999999999952,0,0,87.138022875470696,12.861977124529316,811872.49999999953,E0_P0_day_074,0,0,24,1,13.739999999999952,0,0,811872.49999999953,638060.5,0,36412,137399.99999999953,24,0,0.09634228760924439,0.0027397260273972603,0,0,0,0,0,0,811872.49999999953,0,,Optimal,2.8421709430404007e-14
2777.8000000000002,579.50999999999999,579.50999999999999,0,2108.8600000000001,89.429999999999978,0,0,100,0,1632400.9999999998,E0_P0_day_075,0,0,24,1,89.429999999999978,0,0,1632400.9999999998,738101,0,0,894299.99999999977,24,0,0.09634228760924439,0.0027397260273972603,0,0,0,0,0,0,1632400.9999999998,0,,Optimal,1.4210854715202004e-14
2924,221.44,221.44,0,2429.77,272.79000000000002,0,0,100,0,3578319.5,E0_P0_day_076,0,0,24,1,272.79000000000002,0,0,3578319.5,850419.5,0,0,2727900,24,0,0.09634228760924439,0.0027397260273972603,0,0,0,0,0,0,3578319.5,0,,Optimal,1.4210854715202004e-14
3070.1999999999998,199.43000000000001,199.43000000000001,0,2487.27,383.49999999999994,0,0,100,0,4705544.5,E0_P0_day_077,0,0,24,1,383.49999999999994,0,0,4705544.5,870544.5,0,0,3834999.9999999995,24,0,0.09634228760924439,0.0027397260273972603,0,0,0,0,0,0,4705544.5,0,,Optimal,2.8421709430404007e-14
2777.8000000000002,176.44,176.44,0,2414.5100000000002,186.84999999999999,0,0,100,0,2713578.5,E0_P0_day_078,0,0,24,1,186.84999999999999,0,0,2713578.5,845078.50000000012,0,0,1868500,24,0,0.09634228760924439,0.0027397260273972603,0,0,0,0,0,0,2713578.5,0,,Optimal,1.4210854715202004e-14
2924,165.25999999999999,165.25999999999999,0,2490.1599999999999,268.58000000000004,0,0,100,0,3557356.0000000005,E0_P0_day_079,0,0,24,1,268.58000000000004,0,0,3557356.0000000005,871556,0,0,2685800.0000000005,24,0,0.09634228760924439,0.0027397260273972603,0,0,0,0,0,0,3557356.0000000005,0,,Optimal,2.8421709430404007e-14
3070.1999999999998,517.69000000000005,517.69000000000005,0,2364.3699999999999,188.14000000000004,0,0,100,0,2708929.5000000005,E0_P0_day_080,0,0,24,1,188.14000000000004,0,0,2708929.5000000005,827529.5,0,0,1881400.0000000005,24,0,0.09634228760924439,0.0027397260273972603,0,0,0,0,0,0,2708929.5000000005,0,,Optimal,2.8421709430404007e-14
2777.8000000000002,732.97000000000003,710.81999999999994,22.150000000000006,2054.8800000000001,12.099999999999966,0,0,96.978048214797326,3.0219517852026692,844637.99999999965,E0_P0_day_081,0,0,24,1,12.099999999999966,0,0,844637.99999999965,719208,0,4430.0000000000009,120999.99999999967,24,0,0.09634228760924439,0.0027397260273972603,0,0,0,0,0,0,844637.99999999965,0,,Optimal,2.8421709430404007e-14
2924,609.35000000000002,564.21000000000004,45.140000000000022,2197.5300000000002,162.25999999999996,0,0,92.592106342824323,7.4078936571756815,2400763.4999999995,E0_P0_day_082,0,0,24,1,162.25999999999996,0,0,2400763.4999999995,769135.50000000012,0,9028.0000000000036,1622599.9999999995,24,0,0.09634228760924439,0.0027397260273972603,0,0,0,0,0,0,2400763.4999999995,0,,Optimal,2.8421709430404007e-14
3070.1999999999998,444.97000000000003,404.05000000000007,40.919999999999966,2307.1300000000001,359.01999999999998,0,0,90.803874418500129,9.196125581499869,4405879.5,E0_P0_day_083,0,0,24,1,359.01999999999998,0,0,4405879.5,807495.5,0,8183.9999999999936,3590200,24,0,0.09634228760924439,0.0027397260273972603,0,0,0,0,0,0,4405879.5,0,,Optimal,2.8421709430404007e-14
2777.8000000000002,923.87,596.78999999999996,327.07999999999998,2067.73,113.27999999999999,0,0,64.59675062508795,35.403249374912058,1921921.4999999998,E0_P0_day_084,0,0,24,1,113.27999999999999,0,0,1921921.4999999998,723705.5,0,65416,1132799.9999999998,24,0,0.09634228760924439,0.0027397260273972603,0,0,0,0,0,0,1921921.4999999998,0,,Optimal,2.8421709430404007e-14
2924,626.57000000000005,485.36999999999995,141.20000000000002,2203.6199999999999,235.00999999999999,0,0,77.464608902437064,22.535391097562922,3149607,E0_P0_day_085,0,0,24,1,235.00999999999999,0,0,3149607,771267,0,28240.000000000004,2350100,24,0,0.09634228760924439,0.0027397260273972603,0,0,0,0,0,0,3149607,0,,Optimal,1.4210854715202004e-14
3070.1999999999998,447.81999999999994,406.94999999999999,40.86999999999999,2304.9400000000001,358.31,0,0,90.873565271760995,9.1264347282390244,4398003,E0_P0_day_086,0,0,24,1,358.31,0,0,4398003,806729,0,8173.9999999999982,3583100,24,0,0.09634228760924439,0.0027397260273972603,0,0,0,0,0,0,4398003,0,,Optimal,5.6843418860808015e-14
2777.8000000000002,350.42000000000002,339.55000000000001,10.869999999999997,2259.77,178.48000000000002,0,0,96.898008104560233,3.1019918954397574,2577893.5,E0_P0_day_087,0,0,24,1,178.48000000000002,0,0,2577893.5,790919.5,0,2173.9999999999995,1784800.0000000002,24,0,0.09634228760924439,0.0027397260273972603,0,0,0,0,0,0,2577893.5,0,,Optimal,1.4210854715202004e-14
2924,771.55999999999995,530.07999999999993,241.48000000000002,2145,248.92000000000002,0,0,68.702369225983716,31.29763077401628,3288246,E0_P0_day_088,0,0,24,1,248.92000000000002,0,0,3288246,750750,0,48296,2489200,24,0,0.09634228760924439,0.0027397260273972603,0,0,0,0,0,0,3288246,0,,Optimal,1.4210854715202004e-14
3070.1999999999998,730.12,544.32000000000005,185.79999999999995,2219.8899999999999,305.98999999999995,0,0,74.552128417246493,25.447871582753514,3874021.4999999995,E0_P0_day_089,0,0,24,1,305.98999999999995,0,0,3874021.4999999995,776961.5,0,37159.999999999993,3059899.9999999995,24,0,0.09634228760924439,0.0027397260273972603,0,0,0,0,0,0,3874021.4999999995,0,,Optimal,2.8421709430404007e-14
2777.8000000000002,1357.5799999999999,988.22000000000003,369.36000000000001,1780,9.5799999999999841,0,0,72.792763594042341,27.207236405957662,792671.99999999988,E0_P0_day_090,0,0,24,1,9.5799999999999841,0,0,792671.99999999988,623000,0,73872,95799.99999999984,24,0,0.09634228760924439,0.0027397260273972603,0,0,0,0,0,0,792671.99999999988,0,,Optimal,1.4210854715202004e-14
2924,2118.9299999999998,1550.29,568.63999999999999,1373.71,0,0,0,73.163813811687987,26.836186188312027,594526.5,E0_P0_day_091,0,0,24,1,0,0,0,594526.5,480798.5,0,113728,0,24,0,0.09634228760924439,0.0027397260273972603,0,0,0,0,0,0,594526.5,0,,Optimal,2.8421709430404007e-14
3070.1999999999998,1813.2600000000002,1449.8099999999999,363.45000000000005,1620.3900000000001,0,0,0,79.955990867277706,20.04400913272228,639826.5,E0_P0_day_092,0,0,24,1,0,0,0,639826.5,567136.5,0,72690.000000000015,0,24,0,0.09634228760924439,0.0027397260273972603,0,0,0,0,0,0,639826.5,0,,Optimal,5.6843418860808015e-14
2777.8000000000002,983.48000000000002,973.31999999999994,10.159999999999997,1804.48,0,0,0,98.966933745475245,1.0330662545247484,633600,E0_P0_day_093,0,0,24,1,0,0,0,633600,631568,0,2031.9999999999993,0,24,0,0.09634228760924439,0.0027397260273972603,0,0,0,0,0,0,633600,0,,Optimal,2.8421709430404007e-14
2924,1164.28,715.68000000000006,448.60000000000002,2090.9899999999998,117.33000000000001,0,0,61.469749544783042,38.530250455216958,1994866.5,E0_P0_day_094,0,0,24,1,117.33000000000001,0,0,1994866.5,731846.49999999988,0,89720,1173300.0000000002,24,0,0.09634228760924439,0.0027397260273972603,0,0,0,0,0,0,1994866.5,0,,Optimal,1.4210854715202004e-14
3070.1999999999998,627.89999999999998,517.50999999999999,110.39,2217.9299999999998,334.75999999999999,0,0,82.419175027870679,17.580824972129321,4145953.5,E0_P0_day_095,0,0,24,1,334.75999999999999,0,0,4145953.5,776275.5,0,22078,3347600,24,0,0.09634228760924439,0.0027397260273972603,0,0,0,0,0,0,4145953.5,0,,Optimal,2.8421709430404007e-14
2777.8000000000002,1062.95,606.82000000000005,456.13,2052.4499999999998,118.52999999999999,0,0,57.088292017498475,42.911707982501525,1994883.4999999995,E0_P0_day_096,0,0,24,1,118.52999999999999,0,0,1994883.4999999995,718357.49999999988,0,91226,1185299.9999999998,24,0,0.09634228760924439,0.0027397260273972603,0,0,0,0,0,0,1994883.4999999995,0,,Optimal,2.8421709430404007e-14
2924,1058.21,685.93999999999994,372.27000000000004,2082.8600000000001,155.19999999999999,0,0,64.820782264389862,35.179217735610138,2355455,E0_P0_day_097,0,0,24,1,155.19999999999999,0,0,2355455,729001,0,74454.000000000015,1552000,24,0,0.09634228760924439,0.0027397260273972603,0,0,0,0,0,0,2355455,0,,Optimal,2.8421709430404007e-14
3070.1999999999998,1129.1300000000001,714.20999999999992,414.91999999999996,2079.23,276.75999999999999,0,0,63.253124086686192,36.746875913313779,3578314.5,E0_P0_day_098,0,0,24,1,276.75999999999999,0,0,3578314.5,727730.5,0,82983.999999999985,2767600,24,0,0.09634228760924439,0.0027397260273972603,0,0,0,0,0,0,3578314.5,0,,Optimal,2.8421709430404007e-14
2777.8000000000002,1289.1700000000001,697.25,591.91999999999996,1980.8499999999999,99.699999999999989,0,0,54.085186592924124,45.914813407075862,1808681.5,E0_P0_day_099,0,0,24,1,99.699999999999989,0,0,1808681.5,693297.5,0,118383.99999999999,996999.99999999988,24,0,0.09634228760924439,0.0027397260273972603,0,0,0,0,0,0,1808681.5,0,,Optimal,2.8421709430404007e-14
2924,1241.53,976.47000000000003,265.06000000000006,1921.97,25.560000000000002,0,0,78.65053603215388,21.34946396784613,981301.5,E0_P0_day_100,0,0,24,1,25.560000000000002,0,0,981301.5,672689.5,0,53012.000000000015,255600.00000000003,24,0,0.09634228760924439,0.0027397260273972603,0,0,0,0,0,0,981301.5,0,,Optimal,1.4210854715202004e-14
3070.1999999999998,1024.98,773.38999999999999,251.58999999999997,2137.04,159.77000000000004,0,0,75.45415520302835,24.545844796971643,2395982.0000000005,E0_P0_day_101,0,0,24,1,159.77000000000004,0,0,2395982.0000000005,747964,0,50317.999999999993,1597700.0000000005,24,0,0.09634228760924439,0.0027397260273972603,0,0,0,0,0,0,2395982.0000000005,0,,Optimal,2.8421709430404007e-14
2777.8000000000002,391.94999999999999,385.13999999999999,6.8100000000000165,2258.52,134.13999999999999,0,0,98.262533486414085,1.7374665135859206,2133244,E0_P0_day_102,0,0,24,1,134.13999999999999,0,0,2133244,790482,0,1362.0000000000032,1341399.9999999998,24,0,0.09634228760924439,0.0027397260273972603,0,0,0,0,0,0,2133244,0,,Optimal,2.8421709430404007e-14
2924,1027.97,892.6400000000001,135.33000000000001,1895.4000000000001,135.96000000000004,0,0,86.835218926622389,13.164781073377629,2050056.0000000005,E0_P0_day_103,0,0,24,1,135.96000000000004,0,0,2050056.0000000005,663390,0,27066.000000000004,1359600.0000000005,24,0,0.09634228760924439,0.0027397260273972603,0,0,0,0,0,0,2050056.0000000005,0,,Optimal,2.8421709430404007e-14
3070.1999999999998,1640.3499999999999,1288.1399999999999,352.21000000000004,1761.05,21.010000000000019,0,0,78.528362849391897,21.471637150608103,896909.50000000023,E0_P0_day_104,0,0,24,1,21.010000000000019,0,0,896909.50000000023,616367.5,0,70442,210100.0000000002,24,0,0.09634228760924439,0.0027397260273972603,0,0,0,0,0,0,896909.50000000023,0,,Optimal,2.8421709430404007e-14
2777.8000000000002,1485.55,920.80999999999995,564.74000000000001,1818.54,38.450000000000031,0,0,61.984450203628285,38.015549796371715,1133937.0000000002,E0_P0_day_105,0,0,24,1,38.450000000000031,0,0,1133937.0000000002,636489,0,112948,384500.00000000029,24,0,0.09634228760924439,0.0027397260273972603,0,0,0,0,0,0,1133937.0000000002,0,,Optimal,1.4210854715202004e-14
2924,2021.1900000000001,1011.9399999999999,1009.25,1829.5800000000002,82.479999999999976,0,0,50.066544956189176,49.933455043810824,1667002.9999999998,E0_P0_day_106,0,0,24,1,82.479999999999976,0,0,1667002.9999999998,640353,0,201850,824799.99999999977,24,0,0.09634228760924439,0.0027397260273972603,0,0,0,0,0,0,1667002.9999999998,0,,Optimal,1.4210854715202004e-14
3070.1999999999998,494.91999999999996,479.08000000000004,15.840000000000011,2334.8899999999999,256.23000000000002,0,0,96.799482744686031,3.2005172553139927,3382679.5,E0_P0_day_107,0,0,24,1,256.23000000000002,0,0,3382679.5,817211.5,0,3168.0000000000023,2562300,24,0,0.09634228760924439,0.0027397260273972603,0,0,0,0,0,0,3382679.5,0,,Optimal,2.8421709430404007e-14
2777.8000000000002,834.24000000000001,532.42000000000007,301.81999999999999,2081.8299999999999,163.55000000000001,0,0,63.820962792481787,36.17903720751822,2424504.5,E0_P0_day_108,0,0,24,1,163.55000000000001,0,0,2424504.5,728640.5,0,60364,1635500,24,0,0.09634228760924439,0.0027397260273972603,0,0,0,0,0,0,2424504.5,0,,Optimal,1.4210854715202004e-14
2924,1128.8999999999999,721.32000000000005,407.58000000000004,2049.96,152.71999999999997,0,0,63.895827796970508,36.104172203029506,2326202,E0_P0_day_109,0,0,24,1,152.71999999999997,0,0,2326202,717486,0,81516.000000000015,1527199.9999999998,24,0,0.09634228760924439,0.0027397260273972603,0,0,0,0,0,0,2326202,0,,Optimal,2.8421709430404007e-14
3070.1999999999998,1880.29,1294.6099999999999,585.68000000000006,1770.6700000000001,4.9199999999999875,0,0,68.851613314967366,31.148386685032634,786070.49999999988,E0_P0_day_110,0,0,24,1,4.9199999999999875,0,0,786070.49999999988,619734.5,0,117136.00000000001,49199.999999999876,24,0,0.09634228760924439,0.0027397260273972603,0,0,0,0,0,0,786070.49999999988,0,,Optimal,2.8421709430404007e-14
2777.8000000000002,736.63,736.63,0,2013.9200000000001,27.250000000000028,0,0,100,0,977372.00000000023,E0_P0_day_111,0,0,24,1,27.250000000000028,0,0,977372.00000000023,704872,0,0,272500.00000000029,24,0,0.09634228760924439,0.0027397260273972603,0,0,0,0,0,0,977372.00000000023,0,,Optimal,2.8421709430404007e-14
2924,414.12,414.12,0,2383.54,126.33999999999997,0,0,100,0,2097639,E0_P0_day_112,0,0,24,1,126.33999999999997,0,0,2097639,834239,0,0,1263399.9999999998,24,0,0.09634228760924439,0.0027397260273972603,0,0,0,0,0,0,2097639,0,,Optimal,1.4210854715202004e-14
3070.1999999999998,467.26999999999998,467.26999999999998,0,2408.2399999999998,194.68999999999994,0,0,100,0,2789783.9999999991,E0_P0_day_113,0,0,24,1,194.68999999999994,0,0,2789783.9999999991,842883.99999999988,0,0,1946899.9999999993,24,0,0.09634228760924439,0.0027397260273972603,0,0,0,0,0,0,2789783.9999999991,0,,Optimal,2.8421709430404007e-14
2777.8000000000002,770.16999999999996,603.39999999999998,166.77000000000004,2060.75,113.65000000000001,0,0,78.346339119934569,21.653660880065445,1891116.5,E0_P0_day_114,0,0,24,1,113.65000000000001,0,0,1891116.5,721262.5,0,33354.000000000007,1136500,24,0,0.09634228760924439,0.0027397260273972603,0,0,0,0,0,0,1891116.5,0,,Optimal,2.8421709430404007e-14
2924,1279.26,813.54999999999995,465.71000000000004,2023.72,86.730000000000004,0,0,63.595359817394431,36.404640182605569,1668744,E0_P0_day_115,0,0,24,1,86.730000000000004,0,0,1668744,708302,0,93142,867300,24,0,0.09634228760924439,0.0027397260273972603,0,0,0,0,0,0,1668744,0,,Optimal,2.8421709430404007e-14
3070.1999999999998,677.54999999999995,612.60000000000002,64.949999999999989,2186.9400000000001,270.65999999999997,0,0,90.413991587336739,9.5860084126632721,3485018.9999999995,E0_P0_day_116,0,0,24,1,270.65999999999997,0,0,3485018.9999999995,765429,0,12989.999999999998,2706599.9999999995,24,0,0.09634228760924439,0.0027397260273972603,0,0,0,0,0,0,3485018.9999999995,0,,Optimal,2.8421709430404007e-14
2777.8000000000002,1080.45,1071.76,8.6899999999999906,1706.04,0,0,0,99.195705493081576,0.80429450691841275,598852,E0_P0_day_117,0,0,24,1,0,0,0,598852,597114,0,1737.9999999999982,0,24,0,0.09634228760924439,0.0027397260273972603,0,0,0,0,0,0,598852,0,,Optimal,1.4210854715202004e-14
2924,1132.8799999999999,704.23000000000002,428.65000000000003,2060.1700000000001,159.59999999999997,0,0,62.162806298990191,37.837193701009816,2402789.5,E0_P0_day_118,0,0,24,1,159.59999999999997,0,0,2402789.5,721059.5,0,85730,1595999.9999999998,24,0,0.09634228760924439,0.0027397260273972603,0,0,0,0,0,0,2402789.5,0,,Optimal,1.4210854715202004e-14
3070.1999999999998,1182.2,738.62000000000012,443.57999999999998,2074.3899999999999,257.18999999999994,0,0,62.478430045677563,37.521569954322452,3386652.4999999995,E0_P0_day_119,0,0,24,1,257.18999999999994,0,0,3386652.4999999995,726036.5,0,88716,2571899.9999999995,24,0,0.09634228760924439,0.0027397260273972603,0,0,0,0,0,0,3386652.4999999995,0,,Optimal,5.6843418860808015e-14
2777.8000000000002,1657.0899999999999,1100.8400000000001,556.24999999999989,1658.6500000000001,18.310000000000031,0,0,66.432118955518419,33.567881044481581,874877.50000000035,E0_P0_day_120,0,0,24,1,18.310000000000031,0,0,874877.50000000035,580527.5,0,111249.99999999997,183100.00000000032,24,0,0.09634228760924439,0.0027397260273972603,0,0,0,0,0,0,874877.50000000035,0,,Optimal,1.4210854715202004e-14
2924,1426.8099999999999,1268.75,158.05999999999997,1655.25,0,0,0,88.922140999852829,11.07785900014718,610949.5,E0_P0_day_121,0,0,24,1,0,0,0,610949.5,579337.5,0,31611.999999999996,0,24,0,0.09634228760924439,0.0027397260273972603,0,0,0,0,0,0,610949.5,0,,Optimal,1.4210854715202004e-14
3070.1999999999998,2274.4200000000001,1690.0900000000001,584.33000000000004,1367.0799999999999,13.029999999999987,0,0,74.308614943590015,25.691385056409988,725643.99999999988,E0_P0_day_122,0,0,24,1,13.029999999999987,0,0,725643.99999999988,478478,0,116866.00000000001,130299.99999999987,24,0,0.09634228760924439,0.0027397260273972603,0,0,0,0,0,0,725643.99999999988,0,,Optimal,2.8421709430404007e-14
2777.8000000000002,1187.1900000000001,728.00999999999999,459.18000000000006,1956.3499999999999,93.440000000000012,0,0,61.322113562277309,38.677886437722691,1710958.5,E0_P0_day_123,0,0,24,1,93.440000000000012,0,0,1710958.5,684722.5,0,91836.000000000015,934400.00000000012,24,0,0.09634228760924439,0.0027397260273972603,0,0,0,0,0,0,1710958.5,0,,Optimal,1.4210854715202004e-14
2924,1313.74,928.04999999999995,385.68999999999994,1933.72,62.22999999999999,0,0,70.641831717082525,29.358168282917468,1376240,E0_P0_day_124,0,0,24,1,62.22999999999999,0,0,1376240,676802,0,77137.999999999985,622299.99999999988,24,0,0.09634228760924439,0.0027397260273972603,0,0,0,0,0,0,1376240,0,,Optimal,1.4210854715202004e-14
3070.1999999999998,1278.49,1272.79,5.6999999999999815,1796.77,0.64000000000000057,0,0,99.554161549953463,0.44583845004653783,636409.5,E0_P0_day_125,0,0,24,1,0.64000000000000057,0,0,636409.5,628869.5,0,1139.9999999999964,6400.0000000000055,24,0,0.09634228760924439,0.0027397260273972603,0,0,0,0,0,0,636409.5,0,,Optimal,2.8421709430404007e-14
2777.8000000000002,1352.55,840.70000000000005,511.84999999999997,1889.0699999999999,48.030000000000015,0,0,62.156667036338767,37.843332963661233,1243844.5000000002,E0_P0_day_126,0,0,24,1,48.030000000000015,0,0,1243844.5000000002,661174.5,0,102370,480300.00000000017,24,0,0.09634228760924439,0.0027397260273972603,0,0,0,0,0,0,1243844.5000000002,0,,Optimal,2.8421709430404007e-14
2924,1115.6099999999999,752.02999999999997,363.57999999999998,2029.76,142.20999999999995,0,0,67.409757890302174,32.590242109697833,2205231.9999999995,E0_P0_day_127,0,0,24,1,142.20999999999995,0,0,2205231.9999999995,710416,0,72716,1422099.9999999995,24,0,0.09634228760924439,0.0027397260273972603,0,0,0,0,0,0,2205231.9999999995,0,,Optimal,1.4210854715202004e-14
3070.1999999999998,1024.6699999999998,592.63,432.03999999999996,2155.6399999999999,321.92999999999995,0,0,57.836181404744949,42.163818595255066,4060181.9999999995,E0_P0_day_128,0,0,24,1,321.92999999999995,0,0,4060181.9999999995,754474,0,86408,3219299.9999999995,24,0,0.09634228760924439,0.0027397260273972603,0,0,0,0,0,0,4060181.9999999995,0,,Optimal,2.8421709430404007e-14
2777.8000000000002,242.92999999999998,242.93000000000001,0,2360.6300000000001,174.24000000000001,0,0,100.00000000000001,0,2568620.5,E0_P0_day_129,0,0,24,1,174.24000000000001,0,0,2568620.5,826220.5,0,0,1742400,24,0,0.09634228760924439,0.0027397260273972603,0,0,0,0,0,0,2568620.5,0,,Optimal,1.4210854715202004e-14
2924,615.03999999999996,574.97000000000003,40.069999999999972,2127.0999999999999,221.92999999999995,0,0,93.484976586888664,6.5150234131113383,2971798.9999999995,E0_P0_day_130,0,0,24,1,221.92999999999995,0,0,2971798.9999999995,744485,0,8013.9999999999945,2219299.9999999995,24,0,0.09634228760924439,0.0027397260273972603,0,0,0,0,0,0,2971798.9999999995,0,,Optimal,2.8421709430404007e-14
3070.1999999999998,1184.0699999999999,807.16999999999996,376.89999999999992,2093.54,169.48999999999998,0,0,68.169111623468211,31.830888376531789,2503019,E0_P0_day_131,0,0,24,1,169.48999999999998,0,0,2503019,732739,0,75379.999999999985,1694899.9999999998,24,0,0.09634228760924439,0.0027397260273972603,0,0,0,0,0,0,2503019,0,,Optimal,5.6843418860808015e-14
2777.8000000000002,1002.77,698.14999999999998,304.62,1997.3900000000001,82.259999999999991,0,0,69.622146653769065,30.377853346230943,1582610.5,E0_P0_day_132,0,0,24,1,82.259999999999991,0,0,1582610.5,699086.5,0,60924,822599.99999999988,24,0,0.09634228760924439,0.0027397260273972603,0,0,0,0,0,0,1582610.5,0,,Optimal,2.8421709430404007e-14
2924,1252.73,932.28999999999996,320.44,1938.8399999999999,52.870000000000019,0,0,74.420665267056748,25.579334732943252,1271382.0000000002,E0_P0_day_133,0,0,24,1,52.870000000000019,0,0,1271382.0000000002,678594,0,64088,528700.00000000023,24,0,0.09634228760924439,0.0027397260273972603,0,0,0,0,0,0,1271382.0000000002,0,,Optimal,2.8421709430404007e-14
3070.1999999999998,1315.55,877.83999999999992,437.71000000000004,2057.29,135.06999999999999,0,0,66.727984493177743,33.272015506822243,2158293.5,E0_P0_day_134,0,0,24,1,135.06999999999999,0,0,2158293.5,720051.5,0,87542,1350700,24,0,0.09634228760924439,0.0027397260273972603,0,0,0,0,0,0,2158293.5,0,,Optimal,5.6843418860808015e-14
2777.8000000000002,914.82999999999993,824.98000000000002,89.850000000000037,1854.49,98.330000000000013,0,0,90.178503109867421,9.8214968901325985,1650341.5,E0_P0_day_135,0,0,24,1,98.330000000000013,0,0,1650341.5,649071.5,0,17970.000000000007,983300.00000000012,24,0,0.09634228760924439,0.0027397260273972603,0,0,0,0,0,0,1650341.5,0,,Optimal,2.8421709430404007e-14
2924,423.49000000000001,412.51999999999998,10.970000000000027,2276.98,234.49999999999997,0,0,97.40962006186686,2.5903799381331383,3144136.9999999995,E0_P0_day_136,0,0,24,1,234.49999999999997,0,0,3144136.9999999995,796943,0,2194.0000000000055,2344999.9999999995,24,0,0.09634228760924439,0.0027397260273972603,0,0,0,0,0,0,3144136.9999999995,0,,Optimal,3.5527136788005009e-15
3070.1999999999998,917.27999999999997,652.06000000000006,265.21999999999997,2123.7399999999998,294.39999999999992,0,0,71.086255014826449,28.913744985173555,3740352.9999999991,E0_P0_day_137,0,0,24,1,294.39999999999992,0,0,3740352.9999999991,743308.99999999988,0,53043.999999999993,2943999.9999999991,24,0,0.09634228760924439,0.0027397260273972603,0,0,0,0,0,0,3740352.9999999991,0,,Optimal,2.8421709430404007e-14
2777.8000000000002,966.13999999999999,613.25,352.88999999999999,2046.22,118.33000000000001,0,0,63.474237688119736,36.525762311880264,1970055.0000000002,E0_P0_day_138,0,0,24,1,118.33000000000001,0,0,1970055.0000000002,716177,0,70578,1183300.0000000002,24,0,0.09634228760924439,0.0027397260273972603,0,0,0,0,0,0,1970055.0000000002,0,,Optimal,2.8421709430404007e-14
2924,716.10000000000002,586.29999999999995,129.80000000000004,2155.3400000000001,182.35999999999999,0,0,81.874039938556052,18.125960061443937,2603929,E0_P0_day_139,0,0,24,1,182.35999999999999,0,0,2603929,754369,0,25960.000000000007,1823599.9999999998,24,0,0.09634228760924439,0.0027397260273972603,0,0,0,0,0,0,2603929,0,,Optimal,2.8421709430404007e-14
3070.1999999999998,1498.7,1491.9099999999999,6.7899999999999991,1571.8,6.4900000000000091,0,0,99.546940681924326,0.45305931807566546,616388.00000000012,E0_P0_day_140,0,0,24,1,6.4900000000000091,0,0,616388.00000000012,550130,0,1357.9999999999998,64900.000000000087,24,0,0.09634228760924439,0.0027397260273972603,0,0,0,0,0,0,616388.00000000012,0,,Optimal,2.8421709430404007e-14
2777.8000000000002,756.85000000000002,562.23000000000002,194.62000000000003,2069.3699999999999,146.19999999999999,0,0,74.285525533461055,25.714474466538949,2225203.5,E0_P0_day_141,0,0,24,1,146.19999999999999,0,0,2225203.5,724279.5,0,38924.000000000007,1462000,24,0,0.09634228760924439,0.0027397260273972603,0,0,0,0,0,0,2225203.5,0,,Optimal,1.4210854715202004e-14
2924,647.71000000000004,424.25999999999999,223.44999999999999,2240.04,259.69999999999999,0,0,65.501536181315714,34.498463818684286,3425704,E0_P0_day_142,0,0,24,1,259.69999999999999,0,0,3425704,784014,0,44690,2597000,24,0,0.09634228760924439,0.0027397260273972603,0,0,0,0,0,0,3425704,0,,Optimal,1.4210854715202004e-14
3070.1999999999998,771.78999999999996,607.84000000000003,163.94999999999996,2146.8800000000001,315.48000000000002,0,0,78.757174879176986,21.242825120823017,3938998,E0_P0_day_143,0,0,24,1,315.48000000000002,0,0,3938998,751408,0,32789.999999999993,3154800,24,0,0.09634228760924439,0.0027397260273972603,0,0,0,0,0,0,3938998,0,,Optimal,2.8421709430404007e-14
2777.8000000000002,711,458.15000000000003,252.84999999999999,2188.5700000000002,131.07999999999998,0,0,64.437412095639942,35.562587904360058,2127369.5,E0_P0_day_144,0,0,24,1,131.07999999999998,0,0,2127369.5,765999.5,0,50570,1310799.9999999998,24,0,0.09634228760924439,0.0027397260273972603,0,0,0,0,0,0,2127369.5,0,,Optimal,2.8421709430404007e-14
2924,429.25999999999999,428.97000000000003,0.29000000000002046,2352.1100000000001,142.91999999999999,0,0,99.932441876718073,0.067558123281931809,2252496.5,E0_P0_day_145,0,0,24,1,142.91999999999999,0,0,2252496.5,823238.5,0,58.000000000004093,1429199.9999999998,24,0,0.09634228760924439,0.0027397260273972603,0,0,0,0,0,0,2252496.5,0,,Optimal,2.8421709430404007e-14
3070.1999999999998,1178.74,797.72000000000003,381.02000000000004,2076.5599999999999,195.91999999999996,0,0,67.675653664081992,32.324346335918023,2762199.9999999995,E0_P0_day_146,0,0,24,1,195.91999999999996,0,0,2762199.9999999995,726796,0,76204.000000000015,1959199.9999999995,24,0,0.09634228760924439,0.0027397260273972603,0,0,0,0,0,0,2762199.9999999995,0,,Optimal,2.8421709430404007e-14
2777.8000000000002,1096.53,645.75,450.77999999999997,2023.3299999999999,108.71999999999997,0,0,58.890317638368309,41.109682361631691,1885521.4999999998,E0_P0_day_147,0,0,24,1,108.71999999999997,0,0,1885521.4999999998,708165.5,0,90156,1087199.9999999998,24,0,0.09634228760924439,0.0027397260273972603,0,0,0,0,0,0,1885521.4999999998,0,,Optimal,1.4210854715202004e-14
2924,1005.99,694.97000000000003,311.01999999999998,2066.04,162.98999999999998,0,0,69.083191681825866,30.916808318174137,2415218,E0_P0_day_148,0,0,24,1,162.98999999999998,0,0,2415218,723114,0,62204,1629899.9999999998,24,0,0.09634228760924439,0.0027397260273972603,0,0,0,0,0,0,2415218,0,,Optimal,1.4210854715202004e-14
3070.1999999999998,948.26999999999998,872.47000000000003,75.800000000000011,2062.9400000000001,134.79000000000005,0,0,92.006496040157344,7.9935039598426618,2085089.0000000005,E0_P0_day_149,0,0,24,1,134.79000000000005,0,0,2085089.0000000005,722029,0,15160.000000000002,1347900.0000000005,24,0,0.09634228760924439,0.0027397260273972603,0,0,0,0,0,0,2085089.0000000005,0,,Optimal,2.8421709430404007e-14
2777.8000000000002,723.7700000000001,625.48000000000002,98.29000000000002,2038.8600000000001,113.45999999999999,0,0,86.419718971496465,13.580281028503531,1867859,E0_P0_day_150,0,0,24,1,113.45999999999999,0,0,1867859,713601,0,19658.000000000004,1134600,24,0,0.09634228760924439,0.0027397260273972603,0,0,0,0,0,0,1867859,0,,Optimal,1.4210854715202004e-14
2924,932.44999999999993,617.68000000000006,314.76999999999992,2080.2399999999998,226.07999999999998,0,0,66.242693978229411,33.757306021770596,3051838,E0_P0_day_151,0,0,24,1,226.07999999999998,0,0,3051838,728083.99999999988,0,62953.999999999985,2260800,24,0,0.09634228760924439,0.0027397260273972603,0,0,0,0,0,0,3051838,0,,Optimal,1.4210854715202004e-14
3070.1999999999998,1151.9099999999999,1104.8800000000001,47.029999999999994,1939.22,26.099999999999952,0,0,95.917215754703079,4.0827842452969412,949132.99999999953,E0_P0_day_152,0,0,24,1,26.099999999999952,0,0,949132.99999999953,678727,0,9405.9999999999982,260999.99999999951,24,0,0.09634228760924439,0.0027397260273972603,0,0,0,0,0,0,949132.99999999953,0,,Optimal,2.8421709430404007e-14
2777.8000000000002,609.11000000000001,528.36000000000001,80.750000000000028,2150.5999999999999,98.840000000000003,0,0,86.742952832821658,13.257047167178346,1757260,E0_P0_day_153,0,0,24,1,98.840000000000003,0,0,1757260,752710,0,16150.000000000005,988400,24,0,0.09634228760924439,0.0027397260273972603,0,0,0,0,0,0,1757260,0,,Optimal,2.8421709430404007e-14
2924,905.13000000000011,669.41000000000008,235.71999999999997,2137.9499999999998,116.64,0,0,73.957332095942022,26.042667904057975,1961826.5,E0_P0_day_154,0,0,24,1,116.64,0,0,1961826.5,748282.49999999988,0,47143.999999999993,1166400,24,0,0.09634228760924439,0.0027397260273972603,0,0,0,0,0,0,1961826.5,0,,Optimal,1.4210854715202004e-14
3070.1999999999998,455.51999999999998,455.51999999999998,0,2352.8099999999999,261.87,0,0,100,0,3442183.5,E0_P0_day_155,0,0,24,1,261.87,0,0,3442183.5,823483.5,0,0,2618700,24,0,0.09634228760924439,0.0027397260273972603,0,0,0,0,0,0,3442183.5,0,,Optimal,2.8421709430404007e-14
2777.8000000000002,893.99000000000001,607.7700000000001,286.21999999999997,2028.3599999999999,141.67000000000002,0,0,67.983981923735172,32.016018076264828,2183870,E0_P0_day_156,0,0,24,1,141.67000000000002,0,0,2183870,709926,0,57243.999999999993,1416700.0000000002,24,0,0.09634228760924439,0.0027397260273972603,0,0,0,0,0,0,2183870,0,,Optimal,2.8421709430404007e-14
2924,673.98000000000002,534.91999999999996,139.06,2143.0599999999999,246.02000000000004,0,0,79.367340277159542,20.63265972284044,3238083.0000000005,E0_P0_day_157,0,0,24,1,246.02000000000004,0,0,3238083.0000000005,750071,0,27812,2460200.0000000005,24,0,0.09634228760924439,0.0027397260273972603,0,0,0,0,0,0,3238083.0000000005,0,,Optimal,1.4210854715202004e-14
3070.1999999999998,1277.1799999999998,865.93999999999994,411.24000000000001,2057.7199999999998,146.53999999999999,0,0,67.800936438090176,32.199063561909838,2267850,E0_P0_day_158,0,0,24,1,146.53999999999999,0,0,2267850,720201.99999999988,0,82248,1465400,24,0,0.09634228760924439,0.0027397260273972603,0,0,0,0,0,0,2267850,0,,Optimal,5.6843418860808015e-14
2777.8000000000002,1361.6599999999999,853.57999999999993,508.07999999999998,1869.03,55.189999999999998,0,0,62.686720620419202,37.313279379580813,1307676.5,E0_P0_day_159,0,0,24,1,55.189999999999998,0,0,1307676.5,654160.5,0,101616,551900,24,0,0.09634228760924439,0.0027397260273972603,0,0,0,0,0,0,1307676.5,0,,Optimal,2.8421709430404007e-14
2924,1197.01,670.71000000000004,526.30000000000007,2036.27,217.02000000000004,0,0,56.032113349094828,43.967886650905179,2988154.5000000005,E0_P0_day_160,0,0,24,1,217.02000000000004,0,0,2988154.5000000005,712694.5,0,105260.00000000001,2170200.0000000005,24,0,0.09634228760924439,0.0027397260273972603,0,0,0,0,0,0,2988154.5000000005,0,,Optimal,2.8421709430404007e-14
3070.1999999999998,685.31999999999994,535.53999999999996,149.77999999999997,2243.0999999999999,291.55999999999995,0,0,78.144516430280746,21.855483569719251,3730640.9999999995,E0_P0_day_161,0,0,24,1,291.55999999999995,0,0,3730640.9999999995,785085,0,29955.999999999993,2915599.9999999995,24,0,0.09634228760924439,0.0027397260273972603,0,0,0,0,0,0,3730640.9999999995,0,,Optimal,5.6843418860808015e-14
2777.8000000000002,694.13,538.87,155.25999999999999,2082.5,156.43000000000001,0,0,77.632431965193845,22.367568034806162,2324227,E0_P0_day_162,0,0,24,1,156.43000000000001,0,0,2324227,728875,0,31052,1564300,24,0,0.09634228760924439,0.0027397260273972603,0,0,0,0,0,0,2324227,0,,Optimal,1.4210854715202004e-14
2924,737.95000000000005,553.42999999999995,184.52000000000001,2133.48,237.09,0,0,74.995595907581801,25.004404092418184,3154522,E0_P0_day_163,0,0,24,1,237.09,0,0,3154522,746718,0,36904,2370900,24,0,0.09634228760924439,0.0027397260273972603,0,0,0,0,0,0,3154522,0,,Optimal,2.8421709430404007e-14
3070.1999999999998,1000.29,648.52999999999997,351.75999999999999,2108.6700000000001,313,0,0,64.834198082556057,35.165801917443943,3938386.5,E0_P0_day_164,0,0,24,1,313,0,0,3938386.5,738034.5,0,70352,3130000,24,0,0.09634228760924439,0.0027397260273972603,0,0,0,0,0,0,3938386.5,0,,Optimal,2.8421709430404007e-14
2777.8000000000002,729.25999999999999,564.10000000000002,165.16000000000003,2082.0999999999999,131.60000000000002,0,0,77.352384609055761,22.647615390944249,2077767.0000000002,E0_P0_day_165,0,0,24,1,131.60000000000002,0,0,2077767.0000000002,728735,0,33032.000000000007,1316000.0000000002,24,0,0.09634228760924439,0.0027397260273972603,0,0,0,0,0,0,2077767.0000000002,0,,Optimal,1.4210854715202004e-14
2924,837.8900000000001,794.59000000000003,43.300000000000004,2048.8899999999999,80.519999999999996,0,0,94.832257217534504,5.1677427824654778,1530971.5,E0_P0_day_166,0,0,24,1,80.519999999999996,0,0,1530971.5,717111.5,0,8660,805200,24,0,0.09634228760924439,0.0027397260273972603,0,0,0,0,0,0,1530971.5,0,,Optimal,1.4210854715202004e-14
3070.1999999999998,473.85000000000002,466.04999999999995,7.7999999999999972,2347.4699999999998,256.68000000000001,0,0,98.35390946502055,1.6460905349794233,3389974.5,E0_P0_day_167,0,0,24,1,256.68000000000001,0,0,3389974.5,821614.49999999988,0,1559.9999999999995,2566800,24,0,0.09634228760924439,0.0027397260273972603,0,0,0,0,0,0,3389974.5,0,,Optimal,2.8421709430404007e-14
2777.8000000000002,943.01999999999998,696.75999999999999,246.25999999999996,1982.29,98.750000000000028,0,0,73.886025747067933,26.113974252932067,1730553.5000000002,E0_P0_day_168,0,0,24,1,98.750000000000028,0,0,1730553.5000000002,693801.5,0,49251.999999999993,987500.00000000023,24,0,0.09634228760924439,0.0027397260273972603,0,0,0,0,0,0,1730553.5000000002,0,,Optimal,1.4210854715202004e-14
2924,498.20999999999998,492.41999999999996,5.7900000000000205,2193.1999999999998,238.38,0,0,98.837839465285711,1.1621605347142812,3152578,E0_P0_day_169,0,0,24,1,238.38,0,0,3152578,767619.99999999988,0,1158.0000000000041,2383800,24,0,0.09634228760924439,0.0027397260273972603,0,0,0,0,0,0,3152578,0,,Optimal,2.8421709430404007e-14
3070.1999999999998,910.8599999999999,624.80999999999995,286.04999999999995,2120.98,324.40999999999997,0,0,68.595612937224161,31.404387062775836,4043652.9999999995,E0_P0_day_170,0,0,24,1,324.40999999999997,0,0,4043652.9999999995,742343,0,57209.999999999993,3244099.9999999995,24,0,0.09634228760924439,0.0027397260273972603,0,0,0,0,0,0,4043652.9999999995,0,,Optimal,2.8421709430404007e-14
2777.8000000000002,690.10000000000002,477.85000000000002,212.25,2141.1500000000001,158.79999999999998,0,0,69.243587885813653,30.75641211418635,2379852.5,E0_P0_day_171,0,0,24,1,158.79999999999998,0,0,2379852.5,749402.5,0,42450,1587999.9999999998,24,0,0.09634228760924439,0.0027397260273972603,0,0,0,0,0,0,2379852.5,0,,Optimal,1.4210854715202004e-14
2924,475.88,439.13999999999999,36.739999999999995,2261.9000000000001,222.95999999999998,0,0,92.279566277212737,7.7204337227872566,3028613,E0_P0_day_172,0,0,24,1,222.95999999999998,0,0,3028613,791665,0,7347.9999999999991,2229600,24,0,0.09634228760924439,0.0027397260273972603,0,0,0,0,0,0,3028613,0,,Optimal,2.8421709430404007e-14
3070.1999999999998,515.66000000000008,506.44999999999999,9.2099999999999937,2244.9099999999999,318.84000000000003,0,0,98.213939417445587,1.7860605825543947,3975960.5000000005,E0_P0_day_173,0,0,24,1,318.84000000000003,0,0,3975960.5000000005,785718.5,0,1841.9999999999986,3188400.0000000005,24,0,0.09634228760924439,0.0027397260273972603,0,0,0,0,0,0,3975960.5000000005,0,,Optimal,2.8421709430404007e-14
2777.8000000000002,472.21999999999997,454.13,18.089999999999989,2203.3099999999999,120.36000000000003,0,0,96.169158443098567,3.8308415569014422,1978376.5000000002,E0_P0_day_174,0,0,24,1,120.36000000000003,0,0,1978376.5000000002,771158.5,0,3617.9999999999977,1203600.0000000002,24,0,0.09634228760924439,0.0027397260273972603,0,0,0,0,0,0,1978376.5000000002,0,,Optimal,2.8421709430404007e-14
2924,642.28999999999996,627.71000000000004,14.580000000000027,2160.3800000000001,135.91000000000003,0,0,97.729997353220512,2.2700026467794965,2118149,E0_P0_day_175,0,0,24,1,135.91000000000003,0,0,2118149,756133,0,2916.0000000000055,1359100.0000000002,24,0,0.09634228760924439,0.0027397260273972603,0,0,0,0,0,0,2118149,0,,Optimal,1.4210854715202004e-14
3070.1999999999998,1165.1799999999998,770.54999999999995,394.63,2038.5899999999999,261.06,0,0,66.13141317221374,33.868586827786267,3403032.5,E0_P0_day_176,0,0,24,1,261.06,0,0,3403032.5,713506.5,0,78926,2610600,24,0,0.09634228760924439,0.0027397260273972603,0,0,0,0,0,0,3403032.5,0,,Optimal,2.8421709430404007e-14
2777.8000000000002,1693,995.71000000000004,697.29000000000008,1774.0599999999999,8.0300000000000011,0,0,58.813349084465443,41.186650915534564,840679,E0_P0_day_177,0,0,24,1,8.0300000000000011,0,0,840679,620921,0,139458.00000000003,80300.000000000015,24,0,0.09634228760924439,0.0027397260273972603,0,0,0,0,0,0,840679,0,,Optimal,1.4210854715202004e-14
2924,1889.0499999999997,1075.1800000000001,813.87,1804.1600000000001,44.659999999999982,0,0,56.916439480161998,43.083560519838016,1240829.9999999998,E0_P0_day_178,0,0,24,1,44.659999999999982,0,0,1240829.9999999998,631456,0,162774,446599.99999999983,24,0,0.09634228760924439,0.0027397260273972603,0,0,0,0,0,0,1240829.9999999998,0,,Optimal,1.4210854715202004e-14
3070.1999999999998,1102.74,693.08000000000004,409.65999999999997,2107.1399999999999,269.97999999999996,0,0,62.850717304169613,37.149282695830387,3519230.9999999995,E0_P0_day_179,0,0,24,1,269.97999999999996,0,0,3519230.9999999995,737499,0,81932,2699799.9999999995,24,0,0.09634228760924439,0.0027397260273972603,0,0,0,0,0,0,3519230.9999999995,0,,Optimal,2.8421709430404007e-14
2777.8000000000002,636.10000000000002,545.53000000000009,90.569999999999936,2081.9899999999998,150.27999999999997,0,0,85.761672692972809,14.238327307027186,2249610.4999999995,E0_P0_day_180,0,0,24,1,150.27999999999997,0,0,2249610.4999999995,728696.49999999988,0,18113.999999999985,1502799.9999999998,24,0,0.09634228760924439,0.0027397260273972603,0,0,0,0,0,0,2249610.4999999995,0,,Optimal,2.8421709430404007e-14
2924,661.02999999999997,521.15999999999997,139.87,2164.0799999999999,238.75999999999999,0,0,78.840597249746608,21.159402750253392,3173002,E0_P0_day_181,0,0,24,1,238.75999999999999,0,0,3173002,757428,0,27974,2387600,24,0,0.09634228760924439,0.0027397260273972603,0,0,0,0,0,0,3173002,0,,Optimal,1.4210854715202004e-14
3070.1999999999998,1044.3400000000001,767.94000000000005,276.39999999999992,2138.1900000000001,164.06999999999994,0,0,73.533523565122465,26.466476434877521,2444346.4999999991,E0_P0_day_182,0,0,24,1,164.06999999999994,0,0,2444346.4999999991,748366.5,0,55279.999999999985,1640699.9999999993,24,0,0.09634228760924439,0.0027397260273972603,0,0,0,0,0,0,2444346.4999999991,0,,Optimal,5.6843418860808015e-14
2777.8000000000002,1273.8399999999999,882.63000000000011,391.20999999999992,1882.1499999999999,13.020000000000024,0,0,69.288921685612024,30.71107831438799,867194.50000000023,E0_P0_day_183,0,0,24,1,13.020000000000024,0,0,867194.50000000023,658752.5,0,78241.999999999985,130200.00000000025,24,0,0.09634228760924439,0.0027397260273972603,0,0,0,0,0,0,867194.50000000023,0,,Optimal,2.8421709430404007e-14
2924,744.80999999999995,625.16000000000008,119.65000000000002,2112,186.83999999999997,0,0,83.935500328942965,16.064499671057053,2631530,E0_P0_day_184,0,0,24,1,186.83999999999997,0,0,2631530,739200,0,23930.000000000004,1868399.9999999998,24,0,0.09634228760924439,0.0027397260273972603,0,0,0,0,0,0,2631530,0,,Optimal,1.4210854715202004e-14
3070.1999999999998,1495.1499999999999,1061.45,433.70000000000005,1953.8900000000001,54.859999999999957,0,0,70.992876968866,29.007123031134007,1319201.4999999995,E0_P0_day_185,0,0,24,1,54.859999999999957,0,0,1319201.4999999995,683861.5,0,86740.000000000015,548599.99999999953,24,0,0.09634228760924439,0.0027397260273972603,0,0,0,0,0,0,1319201.4999999995,0,,Optimal,5.6843418860808015e-14
2777.8000000000002,2292.0299999999997,1426.02,866.00999999999999,1351.78,0,0,0,62.216463135299286,37.783536864700729,646325,E0_P0_day_186,0,0,24,1,0,0,0,646325,473123,0,173202,0,24,0,0.09634228760924439,0.0027397260273972603,0,0,0,0,0,0,646325,0,,Optimal,2.8421709430404007e-14
2924,1584.6600000000001,934.13999999999999,650.51999999999998,1898.3400000000001,91.52000000000001,0,0,58.948922797319298,41.051077202680702,1709723,E0_P0_day_187,0,0,24,1,91.52000000000001,0,0,1709723,664419,0,130104,915200.00000000012,24,0,0.09634228760924439,0.0027397260273972603,0,0,0,0,0,0,1709723,0,,Optimal,1.4210854715202004e-14
3070.1999999999998,862.58999999999992,697.54999999999995,165.03999999999996,2159.5499999999997,213.09999999999997,0,0,80.866924031115602,19.133075968884405,2919850.4999999995,E0_P0_day_188,0,0,24,1,213.09999999999997,0,0,2919850.4999999995,755842.49999999988,0,33007.999999999993,2130999.9999999995,24,0,0.09634228760924439,0.0027397260273972603,0,0,0,0,0,0,2919850.4999999995,0,,Optimal,5.6843418860808015e-14
2777.8000000000002,1239.71,870.65000000000009,369.06,1862.1000000000001,45.050000000000011,0,0,70.230134466931787,29.769865533068216,1176047,E0_P0_day_189,0,0,24,1,45.050000000000011,0,0,1176047,651735,0,73812,450500.00000000012,24,0,0.09634228760924439,0.0027397260273972603,0,0,0,0,0,0,1176047,0,,Optimal,1.4210854715202004e-14
2924,2054.7600000000002,1142.0699999999999,912.69000000000005,1750.97,30.960000000000022,0,0,55.581673772119366,44.418326227880627,1104977.5000000002,E0_P0_day_190,0,0,24,1,30.960000000000022,0,0,1104977.5000000002,612839.5,0,182538,309600.00000000023,24,0,0.09634228760924439,0.0027397260273972603,0,0,0,0,0,0,1104977.5000000002,0,,Optimal,1.4210854715202004e-14
3070.1999999999998,1650.98,1006.53,644.44999999999993,1959,104.66999999999999,0,0,60.965608305370147,39.034391694629853,1861240,E0_P0_day_191,0,0,24,1,104.66999999999999,0,0,1861240,685650,0,128889.99999999999,1046699.9999999999,24,0,0.09634228760924439,0.0027397260273972603,0,0,0,0,0,0,1861240,0,,Optimal,2.8421709430404007e-14
2777.8000000000002,1812.0599999999999,1111.45,700.6099999999999,1666.3499999999999,0,0,0,61.336269218458554,38.663730781541446,723344.5,E0_P0_day_192,0,0,24,1,0,0,0,723344.5,583222.5,0,140121.99999999997,0,24,0,0.09634228760924439,0.0027397260273972603,0,0,0,0,0,0,723344.5,0,,Optimal,1.4210854715202004e-14
2924,1368.8699999999999,719.41999999999996,649.45000000000005,2041.23,163.34999999999997,0,0,52.555757668734067,47.444242331265947,2477820.5,E0_P0_day_193,0,0,24,1,163.34999999999997,0,0,2477820.5,714430.5,0,129890.00000000001,1633499.9999999998,24,0,0.09634228760924439,0.0027397260273972603,0,0,0,0,0,0,2477820.5,0,,Optimal,1.4210854715202004e-14
3070.1999999999998,773.01999999999998,717.00999999999999,56.010000000000019,2177.2399999999998,175.94999999999999,0,0,92.754391865669717,7.2456081343302916,2532736,E0_P0_day_194,0,0,24,1,175.94999999999999,0,0,2532736,762033.99999999988,0,11202.000000000004,1759500,24,0,0.09634228760924439,0.0027397260273972603,0,0,0,0,0,0,2532736,0,,Optimal,2.8421709430404007e-14
2777.8000000000002,696.15000000000009,504.13999999999993,192.01000000000005,2120.6700000000001,152.99000000000001,0,0,72.418300653594756,27.58169934640523,2310536.5,E0_P0_day_195,0,0,24,1,152.99000000000001,0,0,2310536.5,742234.5,0,38402.000000000007,1529900,24,0,0.09634228760924439,0.0027397260273972603,0,0,0,0,0,0,2310536.5,0,,Optimal,1.4210854715202004e-14
2924,620.85000000000002,574.28999999999996,46.560000000000009,2167.2000000000003,182.50999999999999,0,0,92.500604010630582,7.4993959893694138,2592932,E0_P0_day_196,0,0,24,1,182.50999999999999,0,0,2592932,758520.00000000012,0,9312.0000000000018,1825100,24,0,0.09634228760924439,0.0027397260273972603,0,0,0,0,0,0,2592932,0,,Optimal,2.8421709430404007e-14
3070.1999999999998,729.95000000000005,652.79999999999995,77.149999999999963,2152.71,264.69,0,0,89.430782930337685,10.569217069662299,3415778.5,E0_P0_day_197,0,0,24,1,264.69,0,0,3415778.5,753448.5,0,15429.999999999993,2646900,24,0,0.09634228760924439,0.0027397260273972603,0,0,0,0,0,0,3415778.5,0,,Optimal,5.6843418860808015e-14
2777.8000000000002,695.85000000000002,542.87,152.98000000000002,2079.0100000000002,155.91999999999999,0,0,78.015376877200538,21.984623122799455,2317449.5,E0_P0_day_198,0,0,24,1,155.91999999999999,0,0,2317449.5,727653.50000000012,0,30596.000000000004,1559199.9999999998,24,0,0.09634228760924439,0.0027397260273972603,0,0,0,0,0,0,2317449.5,0,,Optimal,1.4210854715202004e-14
2924,562.54999999999995,424.74000000000001,137.81,2238.9700000000003,260.29000000000002,0,0,75.502621989156523,24.497378010843484,3414101.5,E0_P0_day_199,0,0,24,1,260.29000000000002,0,0,3414101.5,783639.50000000012,0,27562,2602900,24,0,0.09634228760924439,0.0027397260273972603,0,0,0,0,0,0,3414101.5,0,,Optimal,1.4210854715202004e-14
3070.1999999999998,680.94000000000005,558.91000000000008,122.02999999999997,2232.75,278.53999999999996,0,0,82.079184656504253,17.92081534349575,3591268.4999999995,E0_P0_day_200,0,0,24,1,278.53999999999996,0,0,3591268.4999999995,781462.5,0,24405.999999999993,2785399.9999999995,24,0,0.09634228760924439,0.0027397260273972603,0,0,0,0,0,0,3591268.4999999995,0,,Optimal,2.8421709430404007e-14
2777.8000000000002,960.19000000000005,593.57000000000005,366.61999999999995,2061.6500000000001,122.58,0,0,61.817973526072969,38.182026473927024,2020701.5,E0_P0_day_201,0,0,24,1,122.58,0,0,2020701.5,721577.5,0,73323.999999999985,1225800,24,0,0.09634228760924439,0.0027397260273972603,0,0,0,0,0,0,2020701.5,0,,Optimal,2.8421709430404007e-14
2924,558.52999999999997,469.33999999999997,89.189999999999998,2266.6799999999998,187.97999999999999,0,0,84.03129643886632,15.96870356113369,2690976,E0_P0_day_202,0,0,24,1,187.97999999999999,0,0,2690976,793338,0,17838,1879800,24,0,0.09634228760924439,0.0027397260273972603,0,0,0,0,0,0,2690976,0,,Optimal,2.8421709430404007e-14
3070.1999999999998,1016.76,740.42000000000007,276.34000000000003,2089.5599999999999,240.21999999999997,0,0,72.821511467799681,27.178488532200326,3188813.9999999995,E0_P0_day_203,0,0,24,1,240.21999999999997,0,0,3188813.9999999995,731346,0,55268.000000000007,2402199.9999999995,24,0,0.09634228760924439,0.0027397260273972603,0,0,0,0,0,0,3188813.9999999995,0,,Optimal,2.8421709430404007e-14
2777.8000000000002,863.86000000000001,565.49000000000001,298.37,2074.1500000000001,138.16,0,0,65.460838561803996,34.539161438196004,2167226.5,E0_P0_day_204,0,0,24,1,138.16,0,0,2167226.5,725952.5,0,59674,1381600,24,0,0.09634228760924439,0.0027397260273972603,0,0,0,0,0,0,2167226.5,0,,Optimal,2.8421709430404007e-14
2924,358.06,352.86000000000001,5.2000000000000028,2351.3800000000001,219.75999999999999,0,0,98.547729430821647,1.4522705691783506,3021623,E0_P0_day_205,0,0,24,1,219.75999999999999,0,0,3021623,822983,0,1040.0000000000005,2197600,24,0,0.09634228760924439,0.0027397260273972603,0,0,0,0,0,0,3021623,0,,Optimal,1.4210854715202004e-14
3070.1999999999998,1088.26,754.13,334.13,2087.4499999999998,228.62,0,0,69.296859206439635,30.703140793560362,3083633.5,E0_P0_day_206,0,0,24,1,228.62,0,0,3083633.5,730607.49999999988,0,66826,2286200,24,0,0.09634228760924439,0.0027397260273972603,0,0,0,0,0,0,3083633.5,0,,Optimal,2.8421709430404007e-14
2777.8000000000002,1259.6300000000001,745.03999999999996,514.58999999999992,1955.8900000000001,76.86999999999999,0,0,59.147527448536472,40.852472551463514,1556179.5,E0_P0_day_207,0,0,24,1,76.86999999999999,0,0,1556179.5,684561.5,0,102917.99999999999,768699.99999999988,24,0,0.09634228760924439,0.0027397260273972603,0,0,0,0,0,0,1556179.5,0,,Optimal,2.8421709430404007e-14
2924,926.21000000000004,579.78999999999996,346.41999999999996,2160.3099999999999,183.90000000000003,0,0,62.598114898349181,37.401885101650805,2664392.5,E0_P0_day_208,0,0,24,1,183.90000000000003,0,0,2664392.5,756108.5,0,69283.999999999985,1839000.0000000002,24,0,0.09634228760924439,0.0027397260273972603,0,0,0,0,0,0,2664392.5,0,,Optimal,1.4210854715202004e-14
3070.1999999999998,719.82999999999993,598.12000000000012,121.70999999999994,2202.5999999999999,269.47999999999996,0,0,83.091841129155526,16.908158870844499,3490051.9999999995,E0_P0_day_209,0,0,24,1,269.47999999999996,0,0,3490051.9999999995,770910,0,24341.999999999989,2694799.9999999995,24,0,0.09634228760924439,0.0027397260273972603,0,0,0,0,0,0,3490051.9999999995,0,,Optimal,2.8421709430404007e-14
2777.8000000000002,645.25999999999999,536.49000000000001,108.77000000000001,2145.0500000000002,96.259999999999977,0,0,83.143229085949855,16.856770914050152,1735121.5,E0_P0_day_210,0,0,24,1,96.259999999999977,0,0,1735121.5,750767.50000000012,0,21754.000000000004,962599.99999999977,24,0,0.09634228760924439,0.0027397260273972603,0,0,0,0,0,0,1735121.5,0,,Optimal,2.8421709430404007e-14
2924,714.05000000000007,607.66999999999996,106.38000000000005,2117.0500000000002,199.28000000000003,0,0,85.101883621595107,14.898116378404881,2755043.5000000005,E0_P0_day_211,0,0,24,1,199.28000000000003,0,0,2755043.5000000005,740967.50000000012,0,21276.000000000011,1992800.0000000002,24,0,0.09634228760924439,0.0027397260273972603,0,0,0,0,0,0,2755043.5000000005,0,,Optimal,2.8421709430404007e-14
3070.1999999999998,1093.1399999999999,761.23000000000002,331.91000000000003,2078.8299999999999,230.13999999999999,0,0,69.637008983295829,30.362991016704179,3095372.5,E0_P0_day_212,0,0,24,1,230.13999999999999,0,0,3095372.5,727590.5,0,66382,2301400,24,0,0.09634228760924439,0.0027397260273972603,0,0,0,0,0,0,3095372.5,0,,Optimal,2.8421709430404007e-14
2777.8000000000002,1038.22,605.63999999999999,432.58000000000004,2016.74,155.42000000000002,0,0,58.334457051491974,41.665542948508026,2346575,E0_P0_day_213,0,0,24,1,155.42000000000002,0,0,2346575,705859,0,86516.000000000015,1554200.0000000002,24,0,0.09634228760924439,0.0027397260273972603,0,0,0,0,0,0,2346575,0,,Optimal,1.4210854715202004e-14
2924,1039.9400000000001,642.56999999999994,397.37,2043.75,237.68000000000001,0,0,61.789141681250833,38.210858318749153,3171586.5,E0_P0_day_214,0,0,24,1,237.68000000000001,0,0,3171586.5,715312.5,0,79474,2376800,24,0,0.09634228760924439,0.0027397260273972603,0,0,0,0,0,0,3171586.5,0,,Optimal,1.4210854715202004e-14
3070.1999999999998,1066.5500000000002,668.65999999999985,397.8900000000001,2090.4499999999998,311.09000000000003,0,0,62.69373212695136,37.306267873048618,3922135.5000000005,E0_P0_day_215,0,0,24,1,311.09000000000003,0,0,3922135.5000000005,731657.49999999988,0,79578.000000000015,3110900.0000000005,24,0,0.09634228760924439,0.0027397260273972603,0,0,0,0,0,0,3922135.5000000005,0,,Optimal,2.8421709430404007e-14
2777.8000000000002,1048.6300000000001,603.5200000000001,445.10999999999996,2025.1500000000001,149.13,0,0,57.553188445877005,42.446811554122988,2289124.5,E0_P0_day_216,0,0,24,1,149.13,0,0,2289124.5,708802.5,0,89021.999999999985,1491300,24,0,0.09634228760924439,0.0027397260273972603,0,0,0,0,0,0,2289124.5,0,,Optimal,2.8421709430404007e-14
2924,907.25,657.37,249.88000000000002,2084.48,182.14999999999998,0,0,72.457426288233677,27.54257371176633,2601044,E0_P0_day_217,0,0,24,1,182.14999999999998,0,0,2601044,729568,0,49976.000000000007,1821499.9999999998,24,0,0.09634228760924439,0.0027397260273972603,0,0,0,0,0,0,2601044,0,,Optimal,1.4210854715202004e-14
3070.1999999999998,1046.05,754.69999999999993,291.34999999999997,2096.3600000000001,219.13999999999999,0,0,72.147602887051292,27.852397112948708,2983396,E0_P0_day_218,0,0,24,1,219.13999999999999,0,0,2983396,733726,0,58269.999999999993,2191400,24,0,0.09634228760924439,0.0027397260273972603,0,0,0,0,0,0,2983396,0,,Optimal,5.6843418860808015e-14
2777.8000000000002,950.08999999999992,634.03999999999996,316.05000000000001,2028.95,114.81,0,0,66.734730393962678,33.265269606037329,1921442.5,E0_P0_day_219,0,0,24,1,114.81,0,0,1921442.5,710132.5,0,63210,1148100,24,0,0.09634228760924439,0.0027397260273972603,0,0,0,0,0,0,1921442.5,0,,Optimal,2.8421709430404007e-14
2924,1029.3499999999999,661.30000000000007,368.05000000000001,2063.3200000000002,199.38,0,0,64.244426094137083,35.755573905862924,2789572,E0_P0_day_220,0,0,24,1,199.38,0,0,2789572,722162,0,73610,1993800,24,0,0.09634228760924439,0.0027397260273972603,0,0,0,0,0,0,2789572,0,,Optimal,2.8421709430404007e-14
3070.1999999999998,936.65999999999997,633.91000000000008,302.75,2115.5300000000002,320.75999999999999,0,0,67.677705891145138,32.322294108854869,4008585.5,E0_P0_day_221,0,0,24,1,320.75999999999999,0,0,4008585.5,740435.50000000012,0,60550,3207600,24,0,0.09634228760924439,0.0027397260273972603,0,0,0,0,0,0,4008585.5,0,,Optimal,2.8421709430404007e-14
2777.8000000000002,986.94999999999993,623.15999999999997,363.78999999999996,2025.71,128.93000000000001,0,0,63.139976695881252,36.860023304118755,2071056.5,E0_P0_day_222,0,0,24,1,128.93000000000001,0,0,2071056.5,708998.5,0,72758,1289300,24,0,0.09634228760924439,0.0027397260273972603,0,0,0,0,0,0,2071056.5,0,,Optimal,2.8421709430404007e-14
2924,966.5,616.40999999999997,350.09000000000003,2069.6500000000001,237.94,0,0,63.777547853078119,36.222452146921881,3173795.5,E0_P0_day_223,0,0,24,1,237.94,0,0,3173795.5,724377.5,0,70018,2379400,24,0,0.09634228760924439,0.0027397260273972603,0,0,0,0,0,0,3173795.5,0,,Optimal,1.4210854715202004e-14
3070.1999999999998,815.13,622.78999999999996,192.33999999999995,2166.4200000000001,280.99000000000001,0,0,76.403763816814489,23.5962361831855,3606615,E0_P0_day_224,0,0,24,1,280.99000000000001,0,0,3606615,758247,0,38467.999999999993,2809900,24,0,0.09634228760924439,0.0027397260273972603,0,0,0,0,0,0,3606615,0,,Optimal,5.6843418860808015e-14
2777.8000000000002,783.19999999999993,538.79999999999995,244.40000000000003,2078.3699999999999,160.63,0,0,68.794688457609809,31.205311542390202,2382609.5,E0_P0_day_225,0,0,24,1,160.63,0,0,2382609.5,727429.5,0,48880.000000000007,1606300,24,0,0.09634228760924439,0.0027397260273972603,0,0,0,0,0,0,2382609.5,0,,Optimal,1.4210854715202004e-14
2924,873.36000000000001,575.98000000000002,297.38,2103.8499999999999,244.16999999999999,0,0,65.949894659705052,34.050105340294955,3237523.5,E0_P0_day_226,0,0,24,1,244.16999999999999,0,0,3237523.5,736347.5,0,59476,2441700,24,0,0.09634228760924439,0.0027397260273972603,0,0,0,0,0,0,3237523.5,0,,Optimal,1.4210854715202004e-14
3070.1999999999998,942.86000000000001,629.38999999999999,313.47000000000003,2113.3899999999999,327.41999999999996,0,0,66.753282565810409,33.246717434189598,4076580.4999999995,E0_P0_day_227,0,0,24,1,327.41999999999996,0,0,4076580.4999999995,739686.5,0,62694.000000000007,3274199.9999999995,24,0,0.09634228760924439,0.0027397260273972603,0,0,0,0,0,0,4076580.4999999995,0,,Optimal,2.8421709430404007e-14
2777.8000000000002,949.47000000000003,564.26999999999998,385.19999999999999,2055.5299999999997,158,0,0,59.429997788239753,40.570002211760247,2376475.5,E0_P0_day_228,0,0,24,1,158,0,0,2376475.5,719435.49999999988,0,77040,1580000,24,0,0.09634228760924439,0.0027397260273972603,0,0,0,0,0,0,2376475.5,0,,Optimal,2.8421709430404007e-14
2924,880.26999999999998,604.65999999999997,275.61000000000001,2101.6700000000001,217.67000000000002,0,0,68.690288207027393,31.30971179297261,2967406.5,E0_P0_day_229,0,0,24,1,217.67000000000002,0,0,2967406.5,735584.5,0,55122,2176700,24,0,0.09634228760924439,0.0027397260273972603,0,0,0,0,0,0,2967406.5,0,,Optimal,2.8421709430404007e-14
3070.1999999999998,943.36000000000001,627.79999999999995,315.56,2132.0099999999998,310.38999999999999,0,0,66.549355495251007,33.450644504748979,3913215.5,E0_P0_day_230,0,0,24,1,310.38999999999999,0,0,3913215.5,746203.49999999988,0,63112,3103900,24,0,0.09634228760924439,0.0027397260273972603,0,0,0,0,0,0,3913215.5,0,,Optimal,2.8421709430404007e-14
2777.8000000000002,975.33000000000004,598.25,377.07999999999998,2058.8899999999999,120.66000000000001,0,0,61.338213732787871,38.661786267212122,2002627.5,E0_P0_day_231,0,0,24,1,120.66000000000001,0,0,2002627.5,720611.5,0,75416,1206600,24,0,0.09634228760924439,0.0027397260273972603,0,0,0,0,0,0,2002627.5,0,,Optimal,1.4210854715202004e-14
2924,396.38,395.10000000000002,1.2800000000000082,2305.5900000000001,223.30999999999992,0,0,99.677077551844192,0.32292244815581217,3040312.4999999991,E0_P0_day_232,0,0,24,1,223.30999999999992,0,0,3040312.4999999991,806956.5,0,256.00000000000165,2233099.9999999991,24,0,0.09634228760924439,0.0027397260273972603,0,0,0,0,0,0,3040312.4999999991,0,,Optimal,2.8421709430404007e-14
3070.1999999999998,995.89999999999998,662.55000000000007,333.35000000000002,2093.5700000000002,314.07999999999993,0,0,66.527763831710018,33.472236168289989,3940219.4999999991,E0_P0_day_233,0,0,24,1,314.07999999999993,0,0,3940219.4999999991,732749.5,0,66670,3140799.9999999991,24,0,0.09634228760924439,0.0027397260273972603,0,0,0,0,0,0,3940219.4999999991,0,,Optimal,5.6843418860808015e-14
2777.8000000000002,1056.8199999999999,610.16999999999996,446.64999999999998,2023.7,143.93000000000001,0,0,57.736416797562498,42.263583202437502,2236925,E0_P0_day_234,0,0,24,1,143.93000000000001,0,0,2236925,708295,0,89330,1439300,24,0,0.09634228760924439,0.0027397260273972603,0,0,0,0,0,0,2236925,0,,Optimal,1.4210854715202004e-14
2924,927.32999999999993,581.84999999999991,345.48000000000002,2103.29,238.85999999999999,0,0,62.744654006664291,37.255345993335709,3193847.5,E0_P0_day_235,0,0,24,1,238.85999999999999,0,0,3193847.5,736151.5,0,69096,2388600,24,0,0.09634228760924439,0.0027397260273972603,0,0,0,0,0,0,3193847.5,0,,Optimal,1.4210854715202004e-14
3070.1999999999998,622.38,583.29999999999995,39.080000000000005,2215.0799999999999,271.81999999999994,0,0,93.720877920241648,6.2791220797583476,3501293.9999999995,E0_P0_day_236,0,0,24,1,271.81999999999994,0,0,3501293.9999999995,775278,0,7816.0000000000009,2718199.9999999995,24,0,0.09634228760924439,0.0027397260273972603,0,0,0,0,0,0,3501293.9999999995,0,,Optimal,2.8421709430404007e-14
2777.8000000000002,857.43000000000006,622.5,234.93000000000001,2057.21,98.089999999999961,0,0,72.600678772611175,27.399321227388821,1747909.4999999995,E0_P0_day_237,0,0,24,1,98.089999999999961,0,0,1747909.4999999995,720023.5,0,46986,980899.99999999965,24,0,0.09634228760924439,0.0027397260273972603,0,0,0,0,0,0,1747909.4999999995,0,,Optimal,1.4210854715202004e-14
2924,1051.1100000000001,1040.21,10.899999999999991,1852.54,31.25,0,0,98.963001017971465,1.0369989820285213,963069,E0_P0_day_238,0,0,24,1,31.25,0,0,963069,648389,0,2179.9999999999982,312500,24,0,0.09634228760924439,0.0027397260273972603,0,0,0,0,0,0,963069,0,,Optimal,1.4210854715202004e-14
3070.1999999999998,1012.6800000000001,754.05999999999995,258.62,2095.48,220.65999999999991,0,0,74.46182407078247,25.53817592921752,2991741.9999999991,E0_P0_day_239,0,0,24,1,220.65999999999991,0,0,2991741.9999999991,733418,0,51724,2206599.9999999991,24,0,0.09634228760924439,0.0027397260273972603,0,0,0,0,0,0,2991741.9999999991,0,,Optimal,5.6843418860808015e-14
2777.8000000000002,1043.6299999999999,767.29999999999995,276.32999999999998,1937.4300000000001,73.069999999999993,0,0,73.522225309736214,26.477774690263793,1464066.5,E0_P0_day_240,0,0,24,1,73.069999999999993,0,0,1464066.5,678100.5,0,55266,730699.99999999988,24,0,0.09634228760924439,0.0027397260273972603,0,0,0,0,0,0,1464066.5,0,,Optimal,1.4210854715202004e-14
2924,740.94000000000005,547.36000000000001,193.57999999999998,2139.8800000000001,236.75999999999996,0,0,73.873727967176819,26.12627203282317,3155273.9999999995,E0_P0_day_241,0,0,24,1,236.75999999999996,0,0,3155273.9999999995,748958,0,38716,2367599.9999999995,24,0,0.09634228760924439,0.0027397260273972603,0,0,0,0,0,0,3155273.9999999995,0,,Optimal,1.4210854715202004e-14
3070.1999999999998,1139.3900000000001,692.18999999999994,447.19999999999993,2103.23,274.77999999999997,0,0,60.750928128208947,39.249071871791038,3573370.4999999995,E0_P0_day_242,0,0,24,1,274.77999999999997,0,0,3573370.4999999995,736130.5,0,89439.999999999985,2747799.9999999995,24,0,0.09634228760924439,0.0027397260273972603,0,0,0,0,0,0,3573370.4999999995,0,,Optimal,2.8421709430404007e-14
2777.8000000000002,1247.0700000000002,709.83000000000004,537.24000000000001,2002.9200000000001,65.049999999999983,0,0,56.919820058216452,43.080179941783534,1458970,E0_P0_day_243,0,0,24,1,65.049999999999983,0,0,1458970,701022,0,107448,650499.99999999988,24,0,0.09634228760924439,0.0027397260273972603,0,0,0,0,0,0,1458970,0,,Optimal,2.8421709430404007e-14
2924,837.49000000000001,562.63999999999987,274.85000000000008,2152.8600000000001,208.49999999999994,0,0,67.181697691912717,32.818302308087269,2893470.9999999995,E0_P0_day_244,0,0,24,1,208.49999999999994,0,0,2893470.9999999995,753501,0,54970.000000000015,2084999.9999999995,24,0,0.09634228760924439,0.0027397260273972603,0,0,0,0,0,0,2893470.9999999995,0,,Optimal,1.4210854715202004e-14
3070.1999999999998,398.81999999999999,398.81999999999999,0,2330.02,341.35999999999996,0,0,100,0,4229107,E0_P0_day_245,0,0,24,1,341.35999999999996,0,0,4229107,815507,0,0,3413599.9999999995,24,0,0.09634228760924439,0.0027397260273972603,0,0,0,0,0,0,4229107,0,,Optimal,2.8421709430404007e-14
2777.8000000000002,764.96000000000004,585.34000000000003,179.62,2083.8800000000001,108.58,0,0,76.519033674963396,23.480966325036601,1851082,E0_P0_day_246,0,0,24,1,108.58,0,0,1851082,729358,0,35924,1085800,24,0,0.09634228760924439,0.0027397260273972603,0,0,0,0,0,0,1851082,0,,Optimal,1.4210854715202004e-14
2924,1027.6500000000001,671.49000000000001,356.15999999999997,2090.3299999999999,162.18000000000006,0,0,65.342285797693762,34.657714202306231,2424647.5000000009,E0_P0_day_247,0,0,24,1,162.18000000000006,0,0,2424647.5000000009,731615.5,0,71232,1621800.0000000007,24,0,0.09634228760924439,0.0027397260273972603,0,0,0,0,0,0,2424647.5000000009,0,,Optimal,2.8421709430404007e-14
3070.1999999999998,928.38,603.82000000000005,324.55999999999995,2157.8499999999999,308.52999999999997,0,0,65.040177513518174,34.959822486481819,3905459.4999999995,E0_P0_day_248,0,0,24,1,308.52999999999997,0,0,3905459.4999999995,755247.5,0,64911.999999999985,3085299.9999999995,24,0,0.09634228760924439,0.0027397260273972603,0,0,0,0,0,0,3905459.4999999995,0,,Optimal,2.8421709430404007e-14
2777.8000000000002,958.08000000000004,556.01999999999998,402.06,2067.3200000000002,154.45999999999998,0,0,58.034819639278552,41.96518036072144,2348574,E0_P0_day_249,0,0,24,1,154.45999999999998,0,0,2348574,723562,0,80412,1544599.9999999998,24,0,0.09634228760924439,0.0027397260273972603,0,0,0,0,0,0,2348574,0,,Optimal,1.4210854715202004e-14
2924,977.25999999999999,613.87999999999988,363.38000000000005,2097.3899999999999,212.72999999999996,0,0,62.816445981622074,37.183554018377919,2934062.4999999995,E0_P0_day_250,0,0,24,1,212.72999999999996,0,0,2934062.4999999995,734086.5,0,72676.000000000015,2127299.9999999995,24,0,0.09634228760924439,0.0027397260273972603,0,0,0,0,0,0,2934062.4999999995,0,,Optimal,1.4210854715202004e-14
3070.1999999999998,1034.3,700.34000000000003,333.96000000000004,2123.7199999999998,246.13999999999993,0,0,67.711495697573241,32.288504302426766,3271493.9999999991,E0_P0_day_251,0,0,24,1,246.13999999999993,0,0,3271493.9999999991,743301.99999999988,0,66792,2461399.9999999991,24,0,0.09634228760924439,0.0027397260273972603,0,0,0,0,0,0,3271493.9999999991,0,,Optimal,2.8421709430404007e-14
2777.8000000000002,874.26999999999998,590.25999999999999,284.01000000000005,2060.71,126.83,0,0,67.514612190741985,32.485387809258015,2046350.5,E0_P0_day_252,0,0,24,1,126.83,0,0,2046350.5,721248.5,0,56802.000000000007,1268300,24,0,0.09634228760924439,0.0027397260273972603,0,0,0,0,0,0,2046350.5,0,,Optimal,2.8421709430404007e-14
2924,646.01999999999998,543.41999999999996,102.60000000000002,2211.6199999999999,168.96000000000004,0,0,84.118138757314,15.881861242685988,2484187.0000000005,E0_P0_day_253,0,0,24,1,168.96000000000004,0,0,2484187.0000000005,774067,0,20520.000000000004,1689600.0000000005,24,0,0.09634228760924439,0.0027397260273972603,0,0,0,0,0,0,2484187.0000000005,0,,Optimal,1.4210854715202004e-14
3070.1999999999998,617.87,617.87,0,2332.6399999999999,119.68999999999991,0,0,100,0,2013323.9999999991,E0_P0_day_254,0,0,24,1,119.68999999999991,0,0,2013323.9999999991,816424,0,0,1196899.9999999991,24,0,0.09634228760924439,0.0027397260273972603,0,0,0,0,0,0,2013323.9999999991,0,,Optimal,5.6843418860808015e-14
2777.8000000000002,656.19000000000005,576.10000000000002,80.090000000000018,2093.46,108.24000000000001,0,0,87.794693610082433,12.205306389917556,1831129,E0_P0_day_255,0,0,24,1,108.24000000000001,0,0,1831129,732711,0,16018.000000000004,1082400,24,0,0.09634228760924439,0.0027397260273972603,0,0,0,0,0,0,1831129,0,,Optimal,2.8421709430404007e-14
2924,593.00999999999999,484.39999999999998,108.61000000000001,2201.8000000000002,237.79999999999995,0,0,81.684963154078346,18.315036845921657,3170351.9999999995,E0_P0_day_256,0,0,24,1,237.79999999999995,0,0,3170351.9999999995,770630.00000000012,0,21722.000000000004,2377999.9999999995,24,0,0.09634228760924439,0.0027397260273972603,0,0,0,0,0,0,3170351.9999999995,0,,Optimal,2.8421709430404007e-14
3070.1999999999998,854.78999999999996,605.84000000000003,248.94999999999993,2164.52,299.83999999999997,0,0,70.875887644918635,29.124112355081358,3805771.9999999995,E0_P0_day_257,0,0,24,1,299.83999999999997,0,0,3805771.9999999995,757582,0,49789.999999999985,2998399.9999999995,24,0,0.09634228760924439,0.0027397260273972603,0,0,0,0,0,0,3805771.9999999995,0,,Optimal,2.8421709430404007e-14
2777.8000000000002,973.10000000000002,640.84000000000003,332.25999999999999,2034.03,102.92999999999996,0,0,65.855513307984793,34.144486692015207,1807662.4999999995,E0_P0_day_258,0,0,24,1,102.92999999999996,0,0,1807662.4999999995,711910.5,0,66452,1029299.9999999997,24,0,0.09634228760924439,0.0027397260273972603,0,0,0,0,0,0,1807662.4999999995,0,,Optimal,1.4210854715202004e-14
2924,983.53999999999996,687.38,296.15999999999997,2086.2200000000003,150.39999999999998,0,0,69.888362445858846,30.111637554141161,2293409,E0_P0_day_259,0,0,24,1,150.39999999999998,0,0,2293409,730177.00000000012,0,59231.999999999993,1503999.9999999998,24,0,0.09634228760924439,0.0027397260273972603,0,0,0,0,0,0,2293409,0,,Optimal,1.4210854715202004e-14
3070.1999999999998,861.42999999999995,624.27999999999997,237.14999999999998,2203.6500000000001,242.26999999999998,0,0,72.470194908466155,27.529805091533841,3241407.5,E0_P0_day_260,0,0,24,1,242.26999999999998,0,0,3241407.5,771277.5,0,47429.999999999993,2422700,24,0,0.09634228760924439,0.0027397260273972603,0,0,0,0,0,0,3241407.5,0,,Optimal,2.8421709430404007e-14
2777.8000000000002,1187.3499999999999,886.34000000000003,301.00999999999999,1849.49,41.970000000000027,0,0,74.64858718996085,25.351412810039164,1127223.5000000002,E0_P0_day_261,0,0,24,1,41.970000000000027,0,0,1127223.5000000002,647321.5,0,60202,419700.00000000029,24,0,0.09634228760924439,0.0027397260273972603,0,0,0,0,0,0,1127223.5000000002,0,,Optimal,1.4210854715202004e-14
2924,683.28999999999996,675,8.2899999999999956,2138.1599999999999,110.84,0,0,98.786752330635608,1.2132476693643981,1858414,E0_P0_day_262,0,0,24,1,110.84,0,0,1858414,748356,0,1657.9999999999991,1108400,24,0,0.09634228760924439,0.0027397260273972603,0,0,0,0,0,0,1858414,0,,Optimal,1.4210854715202004e-14
3070.1999999999998,308.83000000000004,308.83000000000004,0,2456.8400000000001,304.52999999999997,0,0,100,0,3905193.9999999995,E0_P0_day_263,0,0,24,1,304.52999999999997,0,0,3905193.9999999995,859894,0,0,3045299.9999999995,24,0,0.09634228760924439,0.0027397260273972603,0,0,0,0,0,0,3905193.9999999995,0,,Optimal,5.6843418860808015e-14
2777.8000000000002,329.13999999999999,321.37,7.7700000000000102,2279.6500000000001,176.78000000000003,0,0,97.639302424500215,2.3606975754997905,2567231.5,E0_P0_day_264,0,0,24,1,176.78000000000003,0,0,2567231.5,797877.5,0,1554.000000000002,1767800.0000000002,24,0,0.09634228760924439,0.0027397260273972603,0,0,0,0,0,0,2567231.5,0,,Optimal,2.8421709430404007e-14
2924,341.88,341.88,0,2392.1799999999998,189.94,0,0,100,0,2736663,E0_P0_day_265,0,0,24,1,189.94,0,0,2736663,837263,0,0,1899400,24,0,0.09634228760924439,0.0027397260273972603,0,0,0,0,0,0,2736663,0,,Optimal,1.4210854715202004e-14
3070.1999999999998,507.11000000000001,435.86000000000001,71.249999999999986,2311.5799999999999,322.75999999999993,0,0,85.949793930310975,14.050206069689018,4050902.9999999995,E0_P0_day_266,0,0,24,1,322.75999999999993,0,0,4050902.9999999995,809053,0,14249.999999999996,3227599.9999999995,24,0,0.09634228760924439,0.0027397260273972603,0,0,0,0,0,0,4050902.9999999995,0,,Optimal,2.8421709430404007e-14
2777.8000000000002,439.87,432.58999999999997,7.279999999999994,2227.46,117.75000000000003,0,0,98.344965558005768,1.6550344419942242,1958567.0000000002,E0_P0_day_267,0,0,24,1,117.75000000000003,0,0,1958567.0000000002,779611,0,1455.9999999999989,1177500.0000000002,24,0,0.09634228760924439,0.0027397260273972603,0,0,0,0,0,0,1958567.0000000002,0,,Optimal,2.8421709430404007e-14
2924,363.44999999999999,363.44999999999999,0,2359.4200000000001,201.13,0,0,100,0,2837097,E0_P0_day_268,0,0,24,1,201.13,0,0,2837097,825797,0,0,2011300,24,0,0.09634228760924439,0.0027397260273972603,0,0,0,0,0,0,2837097,0,,Optimal,2.8421709430404007e-14
3070.1999999999998,519.64999999999998,480.79000000000008,38.859999999999978,2321.6900000000001,267.71999999999997,0,0,92.521889733474467,7.4781102665255421,3497563.4999999995,E0_P0_day_269,0,0,24,1,267.71999999999997,0,0,3497563.4999999995,812591.5,0,7771.9999999999955,2677199.9999999995,24,0,0.09634228760924439,0.0027397260273972603,0,0,0,0,0,0,3497563.4999999995,0,,Optimal,2.8421709430404007e-14
2777.8000000000002,535.25999999999999,448.61000000000001,86.650000000000006,2188.6900000000001,140.5,0,0,83.81160557486082,16.188394425139187,2188371.5,E0_P0_day_270,0,0,24,1,140.5,0,0,2188371.5,766041.5,0,17330,1405000,24,0,0.09634228760924439,0.0027397260273972603,0,0,0,0,0,0,2188371.5,0,,Optimal,1.4210854715202004e-14
2924,579.75999999999999,504.21999999999991,75.540000000000035,2245.71,174.06999999999999,0,0,86.970470539533594,13.029529460466406,2541806.5,E0_P0_day_271,0,0,24,1,174.06999999999999,0,0,2541806.5,785998.5,0,15108.000000000007,1740700,24,0,0.09634228760924439,0.0027397260273972603,0,0,0,0,0,0,2541806.5,0,,Optimal,1.4210854715202004e-14
3070.1999999999998,465.24000000000001,465.24000000000001,0,2353.6199999999999,251.33999999999992,0,0,100,0,3337166.9999999991,E0_P0_day_272,0,0,24,1,251.33999999999992,0,0,3337166.9999999991,823767,0,0,2513399.9999999991,24,0,0.09634228760924439,0.0027397260273972603,0,0,0,0,0,0,3337166.9999999991,0,,Optimal,2.8421709430404007e-14
2777.8000000000002,538.41000000000008,430.82999999999998,107.58000000000001,2204.5599999999999,142.41000000000008,0,0,80.018944670418449,19.981055329581547,2217212.0000000009,E0_P0_day_273,0,0,24,1,142.41000000000008,0,0,2217212.0000000009,771596,0,21516.000000000004,1424100.0000000009,24,0,0.09634228760924439,0.0027397260273972603,0,0,0,0,0,0,2217212.0000000009,0,,Optimal,2.8421709430404007e-14
2924,321.68000000000001,321.68000000000001,0,2386.1599999999999,216.16000000000003,0,0,100,0,2996756.0000000005,E0_P0_day_274,0,0,24,1,216.16000000000003,0,0,2996756.0000000005,835156,0,0,2161600.0000000005,24,0,0.09634228760924439,0.0027397260273972603,0,0,0,0,0,0,2996756.0000000005,0,,Optimal,1.4210854715202004e-14
3070.1999999999998,282.48000000000002,282.48000000000002,0,2479.8499999999999,307.86999999999995,0,0,100,0,3946647.4999999995,E0_P0_day_275,0,0,24,1,307.86999999999995,0,0,3946647.4999999995,867947.5,0,0,3078699.9999999995,24,0,0.09634228760924439,0.0027397260273972603,0,0,0,0,0,0,3946647.4999999995,0,,Optimal,2.8421709430404007e-14
2777.8000000000002,415.13,415.13,0,2318.02,44.650000000000034,0,0,100,0,1257807.0000000005,E0_P0_day_276,0,0,24,1,44.650000000000034,0,0,1257807.0000000005,811307,0,0,446500.00000000035,24,0,0.09634228760924439,0.0027397260273972603,0,0,0,0,0,0,1257807.0000000005,0,,Optimal,1.4210854715202004e-14
2924,968.66000000000008,850.51999999999998,118.13999999999999,2024.4100000000001,49.069999999999993,0,0,87.803770156711323,12.196229843288664,1222871.5,E0_P0_day_277,0,0,24,1,49.069999999999993,0,0,1222871.5,708543.5,0,23627.999999999996,490699.99999999994,24,0,0.09634228760924439,0.0027397260273972603,0,0,0,0,0,0,1222871.5,0,,Optimal,1.4210854715202004e-14
3070.1999999999998,989.88999999999999,797.91000000000008,191.98000000000002,2129.7599999999998,142.53000000000003,0,0,80.605925910959826,19.394074089040195,2209112,E0_P0_day_278,0,0,24,1,142.53000000000003,0,0,2209112,745415.99999999988,0,38396,1425300.0000000002,24,0,0.09634228760924439,0.0027397260273972603,0,0,0,0,0,0,2209112,0,,Optimal,2.8421709430404007e-14
2777.8000000000002,434.83000000000004,434.82999999999998,0,2242.0300000000002,100.93999999999998,0,0,99.999999999999986,0,1794110.5,E0_P0_day_279,0,0,24,1,100.93999999999998,0,0,1794110.5,784710.50000000012,0,0,1009399.9999999999,24,0,0.09634228760924439,0.0027397260273972603,0,0,0,0,0,0,1794110.5,0,,Optimal,1.4210854715202004e-14
2924,599.91999999999996,503.29999999999995,96.620000000000005,2206.75,213.94999999999999,0,0,83.894519269235886,16.105480730764103,2931186.5,E0_P0_day_280,0,0,24,1,213.94999999999999,0,0,2931186.5,772362.5,0,19324,2139500,24,0,0.09634228760924439,0.0027397260273972603,0,0,0,0,0,0,2931186.5,0,,Optimal,1.4210854715202004e-14
3070.1999999999998,580,474.69,105.30999999999999,2263.6199999999999,331.88999999999993,0,0,81.843103448275869,18.156896551724135,4132228.9999999991,E0_P0_day_281,0,0,24,1,331.88999999999993,0,0,4132228.9999999991,792267,0,21061.999999999996,3318899.9999999991,24,0,0.09634228760924439,0.0027397260273972603,0,0,0,0,0,0,4132228.9999999991,0,,Optimal,5.6843418860808015e-14
2777.8000000000002,254.18000000000001,254.18000000000001,0,2342.1900000000001,181.42999999999998,0,0,100,0,2634066.5,E0_P0_day_282,0,0,24,1,181.42999999999998,0,0,2634066.5,819766.5,0,0,1814299.9999999998,24,0,0.09634228760924439,0.0027397260273972603,0,0,0,0,0,0,2634066.5,0,,Optimal,1.4210854715202004e-14
2924,707.81999999999994,473.77999999999997,234.03999999999996,2213.5799999999999,236.63999999999999,0,0,66.935096493458801,33.064903506541206,3187961,E0_P0_day_283,0,0,24,1,236.63999999999999,0,0,3187961,774753,0,46807.999999999993,2366400,24,0,0.09634228760924439,0.0027397260273972603,0,0,0,0,0,0,3187961,0,,Optimal,2.8421709430404007e-14
3070.1999999999998,427.36000000000001,425.56999999999999,1.789999999999992,2349.5,295.12999999999994,0,0,99.581149382253841,0.41885061774616061,3773982.9999999995,E0_P0_day_284,0,0,24,1,295.12999999999994,0,0,3773982.9999999995,822325,0,357.99999999999841,2951299.9999999995,24,0,0.09634228760924439,0.0027397260273972603,0,0,0,0,0,0,3773982.9999999995,0,,Optimal,2.8421709430404007e-14
2777.8000000000002,539.33000000000004,426.52999999999997,112.80000000000001,2186.21,165.06,0,0,79.085161218548933,20.91483878145106,2438333.5,E0_P0_day_285,0,0,24,1,165.06,0,0,2438333.5,765173.5,0,22560.000000000004,1650600,24,0,0.09634228760924439,0.0027397260273972603,0,0,0,0,0,0,2438333.5,0,,Optimal,2.8421709430404007e-14
2924,672.27999999999997,465.69999999999993,206.58000000000007,2190.1100000000001,268.19000000000005,0,0,69.271732016421723,30.728267983578284,3489754.5000000005,E0_P0_day_286,0,0,24,1,268.19000000000005,0,0,3489754.5000000005,766538.5,0,41316.000000000015,2681900.0000000005,24,0,0.09634228760924439,0.0027397260273972603,0,0,0,0,0,0,3489754.5000000005,0,,Optimal,2.8421709430404007e-14
3070.1999999999998,809.60000000000002,506.77000000000004,302.82999999999998,2201.7599999999998,361.66999999999996,0,0,62.595108695652179,37.404891304347828,4447881.9999999991,E0_P0_day_287,0,0,24,1,361.66999999999996,0,0,4447881.9999999991,770615.99999999988,0,60566,3616699.9999999995,24,0,0.09634228760924439,0.0027397260273972603,0,0,0,0,0,0,4447881.9999999991,0,,Optimal,2.8421709430404007e-14
2777.8000000000002,850.32999999999993,516.03999999999996,334.29000000000008,2109.0100000000002,152.75,0,0,60.687027389366484,39.31297261063353,2332511.5,E0_P0_day_288,0,0,24,1,152.75,0,0,2332511.5,738153.50000000012,0,66858.000000000015,1527500,24,0,0.09634228760924439,0.0027397260273972603,0,0,0,0,0,0,2332511.5,0,,Optimal,1.4210854715202004e-14
2924,1038.28,716.1400000000001,322.13999999999999,2070.0500000000002,137.81,0,0,68.973687251993695,31.026312748006319,2167045.5,E0_P0_day_289,0,0,24,1,137.81,0,0,2167045.5,724517.50000000012,0,64428,1378100,24,0,0.09634228760924439,0.0027397260273972603,0,0,0,0,0,0,2167045.5,0,,Optimal,2.8421709430404007e-14
3070.1999999999998,910,660.09000000000003,249.90999999999997,2187.1799999999998,222.92999999999995,0,0,72.537362637362634,27.462637362637359,3044794.9999999995,E0_P0_day_290,0,0,24,1,222.92999999999995,0,0,3044794.9999999995,765513,0,49981.999999999993,2229299.9999999995,24,0,0.09634228760924439,0.0027397260273972603,0,0,0,0,0,0,3044794.9999999995,0,,Optimal,2.8421709430404007e-14
2777.8000000000002,1221.6599999999999,1188.47,33.189999999999969,1553.3299999999999,36.000000000000014,0,0,97.28320481967161,2.7167951803284032,910303.50000000012,E0_P0_day_291,0,0,24,1,36.000000000000014,0,0,910303.50000000012,543665.5,0,6637.9999999999936,360000.00000000012,24,0,0.09634228760924439,0.0027397260273972603,0,0,0,0,0,0,910303.50000000012,0,,Optimal,1.4210854715202004e-14
2924,1002.8600000000001,655.64999999999998,347.21000000000004,2098.6199999999999,169.73000000000002,0,0,65.378018866043107,34.621981133956879,2501259,E0_P0_day_292,0,0,24,1,169.73000000000002,0,0,2501259,734517,0,69442,1697300.0000000002,24,0,0.09634228760924439,0.0027397260273972603,0,0,0,0,0,0,2501259,0,,Optimal,1.4210854715202004e-14
3070.1999999999998,760.1099999999999,480.80000000000007,279.30999999999995,2225.9499999999998,363.44999999999999,0,0,63.254002710134074,36.745997289865933,4469444.5,E0_P0_day_293,0,0,24,1,363.44999999999999,0,0,4469444.5,779082.49999999988,0,55861.999999999985,3634500,24,0,0.09634228760924439,0.0027397260273972603,0,0,0,0,0,0,4469444.5,0,,Optimal,2.8421709430404007e-14
2777.8000000000002,756.57000000000005,453.05999999999995,303.51000000000005,2147.4900000000002,177.25000000000003,0,0,59.883421230024965,40.116578769975021,2584823.5000000005,E0_P0_day_294,0,0,24,1,177.25000000000003,0,0,2584823.5000000005,751621.50000000012,0,60702.000000000007,1772500.0000000002,24,0,0.09634228760924439,0.0027397260273972603,0,0,0,0,0,0,2584823.5000000005,0,,Optimal,2.8421709430404007e-14
2924,800.13999999999999,531.75999999999999,268.38000000000005,2177.79,214.44999999999999,0,0,66.458369785287573,33.541630214712427,2960402.5,E0_P0_day_295,0,0,24,1,214.44999999999999,0,0,2960402.5,762226.5,0,53676.000000000007,2144500,24,0,0.09634228760924439,0.0027397260273972603,0,0,0,0,0,0,2960402.5,0,,Optimal,1.4210854715202004e-14
3070.1999999999998,662.18999999999994,465.18000000000001,197.00999999999999,2247.5300000000002,357.49000000000001,0,0,70.248720155846513,29.751279844153494,4400937.5,E0_P0_day_296,0,0,24,1,357.49000000000001,0,0,4400937.5,786635.50000000012,0,39402,3574900,24,0,0.09634228760924439,0.0027397260273972603,0,0,0,0,0,0,4400937.5,0,,Optimal,2.8421709430404007e-14
2777.8000000000002,211.35000000000002,211.35000000000002,0,2380.6199999999999,185.83000000000004,0,0,100,0,2691517.0000000005,E0_P0_day_297,0,0,24,1,185.83000000000004,0,0,2691517.0000000005,833217,0,0,1858300.0000000005,24,0,0.09634228760924439,0.0027397260273972603,0,0,0,0,0,0,2691517.0000000005,0,,Optimal,1.4210854715202004e-14
2924,626.63,497.70000000000005,128.92999999999998,2229.1100000000001,197.18999999999997,0,0,79.424859965210743,20.575140034789268,2777874.5,E0_P0_day_298,0,0,24,1,197.18999999999997,0,0,2777874.5,780188.5,0,25785.999999999996,1971899.9999999998,24,0,0.09634228760924439,0.0027397260273972603,0,0,0,0,0,0,2777874.5,0,,Optimal,2.8421709430404007e-14
3070.1999999999998,227.34,225.97,1.3699999999999903,2491.8800000000001,352.34999999999997,0,0,99.397378376000702,0.60262162399929198,4395932,E0_P0_day_299,0,0,24,1,352.34999999999997,0,0,4395932,872158,0,273.99999999999807,3523499.9999999995,24,0,0.09634228760924439,0.0027397260273972603,0,0,0,0,0,0,4395932,0,,Optimal,5.6843418860808015e-14
2777.8000000000002,364.78999999999996,340.18000000000001,24.609999999999992,2253.73,183.89000000000001,0,0,93.25365278653473,6.7463472134652793,2632627.5,E0_P0_day_300,0,0,24,1,183.89000000000001,0,0,2632627.5,788805.5,0,4921.9999999999982,1838900.0000000002,24,0,0.09634228760924439,0.0027397260273972603,0,0,0,0,0,0,2632627.5,0,,Optimal,1.4210854715202004e-14
2924,512.98000000000002,414.5,98.479999999999976,2233.3800000000001,276.12,0,0,80.802370462786072,19.197629537213921,3562579,E0_P0_day_301,0,0,24,1,276.12,0,0,3562579,781683,0,19695.999999999996,2761200,24,0,0.09634228760924439,0.0027397260273972603,0,0,0,0,0,0,3562579,0,,Optimal,1.4210854715202004e-14
3070.1999999999998,708.62,524.17000000000007,184.44999999999999,2238.4200000000001,307.60999999999996,0,0,73.970534277892256,26.029465722107759,3896436.9999999995,E0_P0_day_302,0,0,24,1,307.60999999999996,0,0,3896436.9999999995,783447,0,36890,3076099.9999999995,24,0,0.09634228760924439,0.0027397260273972603,0,0,0,0,0,0,3896436.9999999995,0,,Optimal,2.8421709430404007e-14
2777.8000000000002,773.41000000000008,520.37,253.04000000000002,2143.29,114.14000000000003,0,0,67.282553884744175,32.717446115255818,1942159.5000000002,E0_P0_day_303,0,0,24,1,114.14000000000003,0,0,1942159.5000000002,750151.5,0,50608.000000000007,1141400.0000000002,24,0,0.09634228760924439,0.0027397260273972603,0,0,0,0,0,0,1942159.5000000002,0,,Optimal,2.8421709430404007e-14
2924,940.85000000000014,664.59999999999991,276.25000000000006,2127.4400000000001,131.95999999999998,0,0,70.638252643885821,29.361747356114154,2119454,E0_P0_day_304,0,0,24,1,131.95999999999998,0,0,2119454,744604,0,55250.000000000015,1319599.9999999998,24,0,0.09634228760924439,0.0027397260273972603,0,0,0,0,0,0,2119454,0,,Optimal,1.4210854715202004e-14
3070.1999999999998,786.35000000000002,519.74000000000001,266.61000000000001,2235.4400000000001,315.01999999999992,0,0,66.095250206650974,33.904749793349019,3985925.9999999991,E0_P0_day_305,0,0,24,1,315.01999999999992,0,0,3985925.9999999991,782404,0,53322,3150199.9999999991,24,0,0.09634228760924439,0.0027397260273972603,0,0,0,0,0,0,3985925.9999999991,0,,Optimal,2.8421709430404007e-14
2777.8000000000002,867.44000000000005,769.10000000000002,98.339999999999989,1943.3199999999999,65.380000000000024,0,0,88.663192843309048,11.33680715669095,1353630.0000000002,E0_P0_day_306,0,0,24,1,65.380000000000024,0,0,1353630.0000000002,680162,0,19667.999999999996,653800.00000000023,24,0,0.09634228760924439,0.0027397260273972603,0,0,0,0,0,0,1353630.0000000002,0,,Optimal,1.4210854715202004e-14
2924,263.70000000000005,263.70000000000005,0,2456.6900000000001,203.61000000000001,0,0,100,0,2895941.5,E0_P0_day_307,0,0,24,1,203.61000000000001,0,0,2895941.5,859841.5,0,0,2036100.0000000002,24,0,0.09634228760924439,0.0027397260273972603,0,0,0,0,0,0,2895941.5,0,,Optimal,1.4210854715202004e-14
3070.1999999999998,856.06999999999994,821.44999999999993,34.620000000000019,2082.4299999999998,166.31999999999999,0,0,95.95593818262526,4.0440618173747502,2398974.5,E0_P0_day_308,0,0,24,1,166.31999999999999,0,0,2398974.5,728850.5,0,6924.0000000000036,1663200,24,0,0.09634228760924439,0.0027397260273972603,0,0,0,0,0,0,2398974.5,0,,Optimal,2.8421709430404007e-14
2777.8000000000002,785.97000000000003,467.94999999999993,318.02000000000004,2147.0900000000001,162.76000000000002,0,0,59.537895848442041,40.462104151557952,2442685.5,E0_P0_day_309,0,0,24,1,162.76000000000002,0,0,2442685.5,751481.5,0,63604.000000000007,1627600.0000000002,24,0,0.09634228760924439,0.0027397260273972603,0,0,0,0,0,0,2442685.5,0,,Optimal,2.8421709430404007e-14
2924,972.81000000000006,696.19000000000005,276.62,2066.71,161.09999999999997,0,0,71.564848223188491,28.435151776811502,2389672.5,E0_P0_day_310,0,0,24,1,161.09999999999997,0,0,2389672.5,723348.5,0,55324,1610999.9999999998,24,0,0.09634228760924439,0.0027397260273972603,0,0,0,0,0,0,2389672.5,0,,Optimal,1.4210854715202004e-14
3070.1999999999998,654.63,533.23000000000002,121.40000000000003,2241.73,295.23999999999995,0,0,81.455173151245745,18.544826848754266,3761285.4999999995,E0_P0_day_311,0,0,24,1,295.23999999999995,0,0,3761285.4999999995,784605.5,0,24280.000000000007,2952399.9999999995,24,0,0.09634228760924439,0.0027397260273972603,0,0,0,0,0,0,3761285.4999999995,0,,Optimal,2.8421709430404007e-14
2777.8000000000002,1093.76,1017.8499999999999,75.909999999999997,1759.95,0,0,0,93.059720596840251,6.9402794031597423,631164.5,E0_P0_day_312,0,0,24,1,0,0,0,631164.5,615982.5,0,15182,0,24,0,0.09634228760924439,0.0027397260273972603,0,0,0,0,0,0,631164.5,0,,Optimal,1.4210854715202004e-14
2924,560.69000000000005,557.28999999999996,3.3999999999999915,2235.3800000000001,131.32999999999998,0,0,99.393604308976435,0.60639569102355872,2096362.9999999998,E0_P0_day_313,0,0,24,1,131.32999999999998,0,0,2096362.9999999998,782383,0,679.99999999999829,1313299.9999999998,24,0,0.09634228760924439,0.0027397260273972603,0,0,0,0,0,0,2096362.9999999998,0,,Optimal,2.8421709430404007e-14
3070.1999999999998,1154.5800000000002,1154.5800000000002,0,1915.6199999999999,0,0,0,100,0,670467,E0_P0_day_314,0,0,24,1,0,0,0,670467,670467,0,0,0,24,0,0.09634228760924439,0.0027397260273972603,0,0,0,0,0,0,670467,0,,Optimal,2.8421709430404007e-14
2777.8000000000002,1076.73,857.99000000000001,218.73999999999998,1877.3699999999999,42.439999999999998,0,0,79.684786343837359,20.315213656162637,1125227.5,E0_P0_day_315,0,0,24,1,42.439999999999998,0,0,1125227.5,657079.5,0,43747.999999999993,424400,24,0,0.09634228760924439,0.0027397260273972603,0,0,0,0,0,0,1125227.5,0,,Optimal,1.4210854715202004e-14
2924,259.13,259.13,0,2379.8000000000002,285.06999999999999,0,0,100,0,3683630,E0_P0_day_316,0,0,24,1,285.06999999999999,0,0,3683630,832930.00000000012,0,0,2850700,24,0,0.09634228760924439,0.0027397260273972603,0,0,0,0,0,0,3683630,0,,Optimal,1.4210854715202004e-14
3070.1999999999998,557.58000000000004,431.38,126.20000000000003,2261.9200000000001,376.89999999999998,0,0,77.366476559417478,22.633523440582522,4585912,E0_P0_day_317,0,0,24,1,376.89999999999998,0,0,4585912,791672,0,25240.000000000007,3769000,24,0,0.09634228760924439,0.0027397260273972603,0,0,0,0,0,0,4585912,0,,Optimal,2.8421709430404007e-14
2777.8000000000002,541.34000000000003,539.51999999999998,1.8200000000000074,2148.1399999999999,90.140000000000001,0,0,99.663797243876303,0.33620275612369438,1653613,E0_P0_day_318,0,0,24,1,90.140000000000001,0,0,1653613,751849,0,364.00000000000148,901400,24,0,0.09634228760924439,0.0027397260273972603,0,0,0,0,0,0,1653613,0,,Optimal,1.4210854715202004e-14
2924,1211.23,636.48000000000002,574.75,2102,185.52000000000004,0,0,52.548236090585604,47.451763909414396,2705850.0000000005,E0_P0_day_319,0,0,24,1,185.52000000000004,0,0,2705850.0000000005,735700,0,114950,1855200.0000000005,24,0,0.09634228760924439,0.0027397260273972603,0,0,0,0,0,0,2705850.0000000005,0,,Optimal,1.4210854715202004e-14
3070.1999999999998,803.52999999999997,540.43999999999994,263.09000000000003,2233.98,295.77999999999997,0,0,67.25822309061266,32.741776909387333,3792310.9999999995,E0_P0_day_320,0,0,24,1,295.77999999999997,0,0,3792310.9999999995,781893,0,52618.000000000007,2957799.9999999995,24,0,0.09634228760924439,0.0027397260273972603,0,0,0,0,0,0,3792310.9999999995,0,,Optimal,5.6843418860808015e-14
2777.8000000000002,747.75999999999999,529.92999999999995,217.83000000000004,2146.9500000000003,100.91999999999996,0,0,70.868995399593445,29.131004600406552,1804198.4999999995,E0_P0_day_321,0,0,24,1,100.91999999999996,0,0,1804198.4999999995,751432.50000000012,0,43566.000000000007,1009199.9999999995,24,0,0.09634228760924439,0.0027397260273972603,0,0,0,0,0,0,1804198.4999999995,0,,Optimal,2.8421709430404007e-14
2924,663.68000000000006,427.42000000000002,236.25999999999999,2230.4099999999999,266.16999999999996,0,0,64.401518804242997,35.598481195756989,3489595.4999999995,E0_P0_day_322,0,0,24,1,266.16999999999996,0,0,3489595.4999999995,780643.5,0,47252,2661699.9999999995,24,0,0.09634228760924439,0.0027397260273972603,0,0,0,0,0,0,3489595.4999999995,0,,Optimal,1.4210854715202004e-14
3070.1999999999998,784.54000000000008,625.25999999999999,159.28000000000003,2215.3800000000001,229.55999999999995,0,0,79.697657225890325,20.302342774109672,3102838.9999999995,E0_P0_day_323,0,0,24,1,229.55999999999995,0,0,3102838.9999999995,775383,0,31856.000000000007,2295599.9999999995,24,0,0.09634228760924439,0.0027397260273972603,0,0,0,0,0,0,3102838.9999999995,0,,Optimal,5.6843418860808015e-14
2777.8000000000002,721.31999999999994,492.09999999999997,229.22000000000003,2152.3899999999999,133.31000000000003,0,0,68.222148283702111,31.777851716297906,2132280.5,E0_P0_day_324,0,0,24,1,133.31000000000003,0,0,2132280.5,753336.5,0,45844.000000000007,1333100.0000000002,24,0,0.09634228760924439,0.0027397260273972603,0,0,0,0,0,0,2132280.5,0,,Optimal,1.4210854715202004e-14
2924,404.80000000000001,404.80000000000001,0,2264.3000000000002,254.90000000000001,0,0,100,0,3341505,E0_P0_day_325,0,0,24,1,254.90000000000001,0,0,3341505,792505.00000000012,0,0,2549000,24,0,0.09634228760924439,0.0027397260273972603,0,0,0,0,0,0,3341505,0,,Optimal,1.4210854715202004e-14
3070.1999999999998,1836.9400000000001,1038.8,798.1400000000001,1923.1499999999999,108.25000000000003,0,0,56.550567792089019,43.449432207910988,1915230.5000000002,E0_P0_day_326,0,0,24,1,108.25000000000003,0,0,1915230.5000000002,673102.5,0,159628.00000000003,1082500.0000000002,24,0,0.09634228760924439,0.0027397260273972603,0,0,0,0,0,0,1915230.5000000002,0,,Optimal,2.8421709430404007e-14
2777.8000000000002,825.33999999999992,645.1099999999999,180.23000000000005,2083.5799999999999,49.110000000000014,0,0,78.162938910024963,21.837061089975048,1256399,E0_P0_day_327,0,0,24,1,49.110000000000014,0,0,1256399,729253,0,36046.000000000007,491100.00000000012,24,0,0.09634228760924439,0.0027397260273972603,0,0,0,0,0,0,1256399,0,,Optimal,1.4210854715202004e-14
2924,620.42999999999995,542.89999999999998,77.53000000000003,2221.79,159.30999999999995,0,0,87.503827990264824,12.496172009735188,2386232.4999999995,E0_P0_day_328,0,0,24,1,159.30999999999995,0,0,2386232.4999999995,777626.5,0,15506.000000000005,1593099.9999999995,24,0,0.09634228760924439,0.0027397260273972603,0,0,0,0,0,0,2386232.4999999995,0,,Optimal,1.4210854715202004e-14
3070.1999999999998,375.46000000000004,372.28000000000003,3.1799999999999926,2370.1799999999998,327.73999999999995,0,0,99.153038938901602,0.84696106109838398,4107598.9999999995,E0_P0_day_329,0,0,24,1,327.73999999999995,0,0,4107598.9999999995,829563,0,635.99999999999852,3277399.9999999995,24,0,0.09634228760924439,0.0027397260273972603,0,0,0,0,0,0,4107598.9999999995,0,,Optimal,2.8421709430404007e-14
2777.8000000000002,564.83000000000004,383.13999999999999,181.69,2215.73,178.93000000000001,0,0,67.832799249331657,32.167200750668343,2601143.5,E0_P0_day_330,0,0,24,1,178.93000000000001,0,0,2601143.5,775505.5,0,36338,1789300,24,0,0.09634228760924439,0.0027397260273972603,0,0,0,0,0,0,2601143.5,0,,Optimal,2.8421709430404007e-14
2924,759.23000000000002,525.63,233.60000000000002,2211.48,186.89000000000004,0,0,69.231985037472171,30.768014962527829,2689638.0000000005,E0_P0_day_331,0,0,24,1,186.89000000000004,0,0,2689638.0000000005,774018,0,46720.000000000007,1868900.0000000005,24,0,0.09634228760924439,0.0027397260273972603,0,0,0,0,0,0,2689638.0000000005,0,,Optimal,1.4210854715202004e-14
3070.1999999999998,1734.3000000000002,1417.8699999999999,316.43000000000001,1620.75,31.580000000000013,0,0,81.754598397047786,18.245401602952199,946348.50000000012,E0_P0_day_332,0,0,24,1,31.580000000000013,0,0,946348.50000000012,567262.5,0,63286,315800.00000000012,24,0,0.09634228760924439,0.0027397260273972603,0,0,0,0,0,0,946348.50000000012,0,,Optimal,2.8421709430404007e-14
2777.8000000000002,536.06999999999994,536.06999999999994,0,2167.1500000000001,74.580000000000013,0,0,100,0,1504302.5,E0_P0_day_333,0,0,24,1,74.580000000000013,0,0,1504302.5,758502.5,0,0,745800.00000000012,24,0,0.09634228760924439,0.0027397260273972603,0,0,0,0,0,0,1504302.5,0,,Optimal,1.4210854715202004e-14
2924,524.25,418.94,105.31,2242.7600000000002,262.30000000000001,0,0,79.912255603242727,20.087744396757273,3429028,E0_P0_day_334,0,0,24,1,262.30000000000001,0,0,3429028,784966.00000000012,0,21062,2623000,24,0,0.09634228760924439,0.0027397260273972603,0,0,0,0,0,0,3429028,0,,Optimal,1.4210854715202004e-14
3070.1999999999998,479.89000000000004,431.97000000000003,47.919999999999973,2294.3299999999999,343.89999999999998,0,0,90.014378295025935,9.9856217049740508,4251599.5,E0_P0_day_335,0,0,24,1,343.89999999999998,0,0,4251599.5,803015.5,0,9583.9999999999945,3439000,24,0,0.09634228760924439,0.0027397260273972603,0,0,0,0,0,0,4251599.5,0,,Optimal,2.8421709430404007e-14
2777.8000000000002,451.27999999999997,334.45999999999998,116.81999999999999,2258.4099999999999,184.93000000000001,0,0,74.11363233469244,25.886367665307571,2663107.5,E0_P0_day_336,0,0,24,1,184.93000000000001,0,0,2663107.5,790443.5,0,23364,1849300,24,0,0.09634228760924439,0.0027397260273972603,0,0,0,0,0,0,2663107.5,0,,Optimal,1.4210854715202004e-14
2924,410.51999999999998,389.39999999999998,21.119999999999997,2281.1900000000001,253.41000000000003,0,0,94.855305466237951,5.1446945337620571,3336740.5000000005,E0_P0_day_337,0,0,24,1,253.41000000000003,0,0,3336740.5000000005,798416.5,0,4223.9999999999991,2534100.0000000005,24,0,0.09634228760924439,0.0027397260273972603,0,0,0,0,0,0,3336740.5000000005,0,,Optimal,2.8421709430404007e-14
3070.1999999999998,611.38999999999999,535.85000000000002,75.539999999999978,2203.2599999999998,331.08999999999992,0,0,87.644547670063304,12.355452329936698,4097148.9999999991,E0_P0_day_338,0,0,24,1,331.08999999999992,0,0,4097148.9999999991,771140.99999999988,0,15107.999999999996,3310899.9999999991,24,0,0.09634228760924439,0.0027397260273972603,0,0,0,0,0,0,4097148.9999999991,0,,Optimal,2.8421709430404007e-14
2777.8000000000002,999.19000000000005,617.5,381.69,2094.9900000000002,65.310000000000002,0,0,61.800058047018084,38.199941952981916,1462684.5,E0_P0_day_339,0,0,24,1,65.310000000000002,0,0,1462684.5,733246.50000000012,0,76338,653100,24,0,0.09634228760924439,0.0027397260273972603,0,0,0,0,0,0,1462684.5,0,,Optimal,1.4210854715202004e-14
2924,1316.6799999999998,1063.3199999999999,253.35999999999996,1837.6700000000001,23.010000000000019,0,0,80.757663213537086,19.242336786462921,923956.50000000023,E0_P0_day_340,0,0,24,1,23.010000000000019,0,0,923956.50000000023,643184.5,0,50671.999999999993,230100.0000000002,24,0,0.09634228760924439,0.0027397260273972603,0,0,0,0,0,0,923956.50000000023,0,,Optimal,1.4210854715202004e-14
3070.1999999999998,819.69000000000005,616.37,203.31999999999999,2222.8000000000002,231.02999999999992,0,0,75.195500738083908,24.804499261916089,3128943.9999999991,E0_P0_day_341,0,0,24,1,231.02999999999992,0,0,3128943.9999999991,777980.00000000012,0,40664,2310299.9999999991,24,0,0.09634228760924439,0.0027397260273972603,0,0,0,0,0,0,3128943.9999999991,0,,Optimal,2.8421709430404007e-14
2777.8000000000002,465.86000000000001,465.86000000000001,0,2227.0799999999999,84.859999999999985,0,0,100,0,1628078,E0_P0_day_342,0,0,24,1,84.859999999999985,0,0,1628078,779478,0,0,848599.99999999988,24,0,0.09634228760924439,0.0027397260273972603,0,0,0,0,0,0,1628078,0,,Optimal,2.8421709430404007e-14
2924,939.86000000000001,887.85000000000002,52.009999999999991,1977.1600000000001,58.989999999999966,0,0,94.466197093184093,5.5338029068159074,1292307.9999999995,E0_P0_day_343,0,0,24,1,58.989999999999966,0,0,1292307.9999999995,692006,0,10401.999999999998,589899.99999999965,24,0,0.09634228760924439,0.0027397260273972603,0,0,0,0,0,0,1292307.9999999995,0,,Optimal,1.4210854715202004e-14
3070.1999999999998,1211.22,996.26999999999998,214.95000000000002,1978.6399999999999,95.290000000000035,0,0,82.253430425521373,17.746569574478624,1688414.0000000005,E0_P0_day_344,0,0,24,1,95.290000000000035,0,0,1688414.0000000005,692524,0,42990,952900.00000000035,24,0,0.09634228760924439,0.0027397260273972603,0,0,0,0,0,0,1688414.0000000005,0,,Optimal,2.8421709430404007e-14
2777.8000000000002,436.56,429.58999999999997,6.970000000000006,2250.7400000000002,97.470000000000027,0,0,98.403426791277255,1.5965732087227427,1763853.0000000005,E0_P0_day_345,0,0,24,1,97.470000000000027,0,0,1763853.0000000005,787759.00000000012,0,1394.0000000000011,974700.00000000023,24,0,0.09634228760924439,0.0027397260273972603,0,0,0,0,0,0,1763853.0000000005,0,,Optimal,1.4210854715202004e-14
2924,173.69999999999999,173.69999999999999,0,2483.52,266.78000000000003,0,0,100,0,3537032.0000000005,E0_P0_day_346,0,0,24,1,266.78000000000003,0,0,3537032.0000000005,869232,0,0,2667800.0000000005,24,0,0.09634228760924439,0.0027397260273972603,0,0,0,0,0,0,3537032.0000000005,0,,Optimal,1.4210854715202004e-14
3070.1999999999998,1228.0300000000002,1206.49,21.540000000000003,1858.4400000000001,5.2700000000000102,0,0,98.245971189628904,1.7540288103710822,707462.00000000012,E0_P0_day_347,0,0,24,1,5.2700000000000102,0,0,707462.00000000012,650454,0,4308.0000000000009,52700.000000000102,24,0,0.09634228760924439,0.0027397260273972603,0,0,0,0,0,0,707462.00000000012,0,,Optimal,2.8421709430404007e-14
2777.8000000000002,1624.05,1258.1600000000001,365.88999999999999,1496.0699999999999,23.569999999999993,0,0,77.47052122779472,22.529478772205291,832502.5,E0_P0_day_348,0,0,24,1,23.569999999999993,0,0,832502.5,523624.5,0,73178,235699.99999999994,24,0,0.09634228760924439,0.0027397260273972603,0,0,0,0,0,0,832502.5,0,,Optimal,1.4210854715202004e-14
2924,654.41999999999996,639.15999999999997,15.260000000000016,2163.6399999999999,121.2,0,0,97.6681641759115,2.3318358240885084,1972326,E0_P0_day_349,0,0,24,1,121.2,0,0,1972326,757274,0,3052.0000000000032,1212000,24,0,0.09634228760924439,0.0027397260273972603,0,0,0,0,0,0,1972326,0,,Optimal,1.4210854715202004e-14
3070.1999999999998,289.44999999999999,289.44999999999999,0,2459.2399999999998,321.50999999999999,0,0,100,0,4075834,E0_P0_day_350,0,0,24,1,321.50999999999999,0,0,4075834,860733.99999999988,0,0,3215100,24,0,0.09634228760924439,0.0027397260273972603,0,0,0,0,0,0,4075834,0,,Optimal,2.8421709430404007e-14
2777.8000000000002,104.39,104.39,0,2509.0500000000002,164.36000000000007,0,0,100,0,2521767.5000000009,E0_P0_day_351,0,0,24,1,164.36000000000007,0,0,2521767.5000000009,878167.50000000012,0,0,1643600.0000000007,24,0,0.09634228760924439,0.0027397260273972603,0,0,0,0,0,0,2521767.5000000009,0,,Optimal,2.8421709430404007e-14
2924,681.82999999999993,629.61000000000001,52.219999999999999,2187.9699999999998,106.41999999999999,0,0,92.341199419210071,7.6588005807899338,1840433.4999999995,E0_P0_day_352,0,0,24,1,106.41999999999999,0,0,1840433.4999999995,765789.49999999988,0,10444,1064199.9999999998,24,0,0.09634228760924439,0.0027397260273972603,0,0,0,0,0,0,1840433.4999999995,0,,Optimal,1.4210854715202004e-14
3070.1999999999998,807.18000000000006,791.75,15.429999999999993,2149.1500000000001,129.30000000000001,0,0,98.088406551202951,1.9115934487970454,2048288.5,E0_P0_day_353,0,0,24,1,129.30000000000001,0,0,2048288.5,752202.5,0,3085.9999999999986,1293000,24,0,0.09634228760924439,0.0027397260273972603,0,0,0,0,0,0,2048288.5,0,,Optimal,2.8421709430404007e-14
2777.8000000000002,1064.9400000000001,724.66000000000008,340.28000000000003,1957.72,95.419999999999959,0,0,68.047026123537492,31.952973876462522,1707457.9999999995,E0_P0_day_354,0,0,24,1,95.419999999999959,0,0,1707457.9999999995,685202,0,68056,954199.99999999953,24,0,0.09634228760924439,0.0027397260273972603,0,0,0,0,0,0,1707457.9999999995,0,,Optimal,1.4210854715202004e-14
2924,525.72000000000003,416.43000000000001,109.28999999999996,2265.5900000000001,241.98000000000002,0,0,79.211367267747079,20.788632732252903,3234614.5,E0_P0_day_355,0,0,24,1,241.98000000000002,0,0,3234614.5,792956.5,0,21857.999999999993,2419800,24,0,0.09634228760924439,0.0027397260273972603,0,0,0,0,0,0,3234614.5,0,,Optimal,1.4210854715202004e-14
3070.1999999999998,528.64999999999998,436.74000000000001,91.910000000000011,2284.0100000000002,349.45000000000005,0,0,82.614205996405943,17.385794003594064,4312285.5000000009,E0_P0_day_356,0,0,24,1,349.45000000000005,0,0,4312285.5000000009,799403.50000000012,0,18382.000000000004,3494500.0000000005,24,0,0.09634228760924439,0.0027397260273972603,0,0,0,0,0,0,4312285.5000000009,0,,Optimal,2.8421709430404007e-14
2777.8000000000002,503.93000000000001,365.86999999999995,138.06000000000003,2236.6500000000001,175.28000000000003,0,0,72.603337765165776,27.39666223483421,2563239.5,E0_P0_day_357,0,0,24,1,175.28000000000003,0,0,2563239.5,782827.5,0,27612.000000000007,1752800.0000000002,24,0,0.09634228760924439,0.0027397260273972603,0,0,0,0,0,0,2563239.5,0,,Optimal,1.4210854715202004e-14
2924,661.05999999999995,523.45000000000005,137.60999999999996,2230.0599999999999,170.48999999999995,0,0,79.18343266874416,20.816567331255857,2512942.9999999995,E0_P0_day_358,0,0,24,1,170.48999999999995,0,0,2512942.9999999995,780521,0,27521.999999999993,1704899.9999999995,24,0,0.09634228760924439,0.0027397260273972603,0,0,0,0,0,0,2512942.9999999995,0,,Optimal,1.4210854715202004e-14
3070.1999999999998,459.45999999999998,415.38,44.079999999999984,2301.1599999999999,353.65999999999997,0,0,90.40612893396596,9.5938710660340369,4350822,E0_P0_day_359,0,0,24,1,353.65999999999997,0,0,4350822,805406,0,8815.9999999999964,3536599.9999999995,24,0,0.09634228760924439,0.0027397260273972603,0,0,0,0,0,0,4350822,0,,Optimal,2.8421709430404007e-14
2777.8000000000002,514.03999999999996,464.56999999999994,49.470000000000063,2176.3000000000002,136.93000000000001,0,0,90.376235312427042,9.6237646875729652,2140899,E0_P0_day_360,0,0,24,1,136.93000000000001,0,0,2140899,761705.00000000012,0,9894.0000000000127,1369300,24,0,0.09634228760924439,0.0027397260273972603,0,0,0,0,0,0,2140899,0,,Optimal,1.4210854715202004e-14
2924,320.69999999999999,319.09999999999997,1.6000000000000085,2364.5999999999999,240.30000000000001,0,0,99.501091362644203,0.49890863735578689,3230930,E0_P0_day_361,0,0,24,1,240.30000000000001,0,0,3230930,827610,0,320.00000000000171,2403000,24,0,0.09634228760924439,0.0027397260273972603,0,0,0,0,0,0,3230930,0,,Optimal,1.4210854715202004e-14
3070.1999999999998,257.51999999999998,257.51999999999998,0,2445.1199999999999,367.55999999999995,0,0,100,0,4531392,E0_P0_day_362,0,0,24,1,367.55999999999995,0,0,4531392,855792,0,0,3675599.9999999995,24,0,0.09634228760924439,0.0027397260273972603,0,0,0,0,0,0,4531392,0,,Optimal,5.6843418860808015e-14
2777.8000000000002,453.80000000000001,387.46999999999997,66.330000000000041,2232.7800000000002,157.54999999999998,0,0,85.383428823270165,14.616571176729845,2370239,E0_P0_day_363,0,0,24,1,157.54999999999998,0,0,2370239,781473.00000000012,0,13266.000000000007,1575499.9999999998,24,0,0.09634228760924439,0.0027397260273972603,0,0,0,0,0,0,2370239,0,,Optimal,1.4210854715202004e-14
2924,935.71000000000004,812.34000000000003,123.36999999999996,2008.8699999999999,102.79000000000001,0,0,86.81535945966165,13.184640540338348,1755678.5,E0_P0_day_364,0,0,24,1,102.79000000000001,0,0,1755678.5,703104.5,0,24673.999999999993,1027900.0000000001,24,0,0.09634228760924439,0.0027397260273972603,0,0,0,0,0,0,1755678.5,0,,Optimal,1.4210854715202004e-14
