total_load_MWh,renewable_available_MWh,renewable_used_MWh,curtailment_MWh,thermal_generation_MWh,unserved_MWh,charge_MWh,discharge_MWh,renewable_utilization_pct,curtailment_rate_pct,operating_cost_CNY,scenario,energy_capacity_MWh,power_capacity_MW,num_steps,time_step_hours,load_shedding_MWh,storage_discharge_MWh,initial_inventory_supply_MWh,total_cost_CNY,thermal_cost_CNY,storage_cost_CNY,curtailment_cost_CNY,load_shedding_cost_CNY,simulation_hours,storage_capex_CNY,capital_recovery_factor,year_fraction,storage_annualized_investment_CNY_per_year,storage_annual_fixed_om_CNY_per_year,storage_investment_allocated_CNY,storage_fixed_om_CNY,storage_variable_om_CNY,storage_om_cost_CNY,operating_cost_excluding_investment_CNY,initial_inventory_thermal_value_CNY,storage_utilization_pct,solver_status,max_residual
2777.8000000000002,267.03999999999996,267.03999999999996,0,2500.1024099722849,21.219999999978715,108.33240997228484,97.770000000021298,100,0,1088213.5434900871,E80_P20_day_000,80,20,24,1,21.219999999978715,97.770000000021298,0,1110525.7630315861,875035.84349029977,23289.919541499137,0,212199.99999978713,24,70000000,0.09634228760924439,0.0027397260273972603,6743960.1326471074,1400000,18476.603103142759,3835.6164383561645,977.70000000021298,4813.3164383563771,1092049.1599284434,0,75,Optimal,7.3683281698322389e-12
2924,302.55000000000001,302.55000000000001,0,2509.7342105263156,119.4030999999751,78.844210526315777,71.156900000024905,100,0,2073149.5426839613,E80_P20_day_001,80,20,24,1,119.4030999999751,71.156900000024905,0,2095461.7622254605,878406.97368421045,23023.788541499172,0,1194030.9999997509,24,70000000,0.09634228760924439,0.0027397260273972603,6743960.1326471074,1400000,18476.603103142759,3835.6164383561645,711.56900000024905,4547.1854383564132,2076985.1591223178,0,66.666666666666657,Optimal,6.0396132539608516e-12
3070.1999999999998,406.37,406.37,0,2352.0542105263157,317.71492499998067,60.914210526315784,54.975075000019245,100,0,4000917.9744340177,E80_P20_day_002,80,20,24,1,317.71492499998067,54.975075000019245,0,4023230.1939755166,823218.97368421056,22861.970291499114,0,3177149.2499998068,24,70000000,0.09634228760924439,0.0027397260273972603,6743960.1326471074,1400000,18476.603103142759,3835.6164383561645,549.75075000019251,4385.3671883563566,4004753.5908723739,0,45.833333333333329,Optimal,7.3718808835110394e-12
2777.8000000000002,421,401.69787499999887,19.302125000001126,2263.9199999999892,122.48787499997837,105.7,95.394250000033409,95.415172209025869,4.5848277909741393,2022065.1174997804,E80_P20_day_003,80,20,24,1,122.48787499997837,95.394250000033409,0,2044377.3370412793,792371.99999999616,23266.162041499258,3860.4250000002253,1224878.7499997837,24,70000000,0.09634228760924439,0.0027397260273972603,6743960.1326471074,1400000,18476.603103142759,3835.6164383561645,953.94250000033412,4789.5589383564984,2025900.7339381366,0,83.333333333333343,Optimal,7.3754335971898399e-12
2924,167.69999999999999,167.69999999999999,0,2540.6542105263156,221.71264999998033,62.224210526315765,56.157350000019655,100,0,3106917.0471840142,E80_P20_day_004,80,20,24,1,221.71264999998033,56.157350000019655,0,3129229.2667255132,889228.97368421045,22873.793041499121,0,2217126.4999998035,24,70000000,0.09634228760924439,0.0027397260273972603,6743960.1326471074,1400000,18476.603103142759,3835.6164383561645,561.57350000019653,4397.1899383563614,3110752.6636223705,0,50,Optimal,5.8264504332328215e-12
3070.1999999999998,598.48000000000002,528.01017499999443,70.469825000005628,2274.9599999999891,277.94312499998142,109.88000000000002,99.166700000034751,88.22519967250274,11.774800327497264,3590752.8819998121,E80_P20_day_005,80,20,24,1,277.94312499998142,99.166700000034751,0,3613065.1015413105,796235.99999999616,23303.886541499272,14093.965000001126,2779431.2499998142,24,70000000,0.09634228760924439,0.0027397260273972603,6743960.1326471074,1400000,18476.603103142759,3835.6164383561645,991.66700000034757,4827.2834383565123,3594588.4984381679,0,58.333333333333336,Optimal,7.3754335971898399e-12
2777.8000000000002,646.33999999999992,525.34908587255768,120.99091412744224,2219.8142105263159,47.221074999970419,149.58329639888422,134.99892500004026,81.28060863826434,18.719391361735656,1274693.8957594035,E80_P20_day_006,80,20,24,1,47.221074999970419,134.99892500004026,0,1297006.1153009026,776934.97368421056,23662.208791499324,24198.182825488446,472210.74999970419,24,70000000,0.09634228760924439,0.0027397260273972603,6743960.1326471074,1400000,18476.603103142759,3835.6164383561645,1349.9892500004025,5185.605688356567,1278529.5121977599,0,87.5,Optimal,7.3754335971898399e-12
2924,566.21000000000004,478.99908587255783,87.210914127442194,2259.0299999999997,197.42999999998051,117.5290858725684,106.07000000003012,84.59742602083287,15.402573979167126,2783463.3828252936,E80_P20_day_007,80,20,24,1,197.42999999998051,106.07000000003012,0,2805775.6023667925,790660.49999999988,23372.919541499225,17442.182825488439,1974299.9999998051,24,70000000,0.09634228760924439,0.0027397260273972603,6743960.1326471074,1400000,18476.603103142759,3835.6164383561645,1060.7000000003013,4896.3164383564654,2787298.9992636498,0,66.666666666666657,Optimal,7.3754335971898399e-12
3070.1999999999998,742.22000000000003,742.22000000000003,0,2208.7130906509665,125.65592499998215,65.528365650969477,59.139350000020656,100,0,2030200.22522766,E80_P20_day_008,80,20,24,1,125.65592499998215,59.139350000020656,0,2052512.444769159,773049.58172783826,22903.613041499131,0,1256559.2499998214,24,70000000,0.09634228760924439,0.0027397260273972603,6743960.1326471074,1400000,18476.603103142759,3835.6164383561645,591.39350000020659,4427.0099383563711,2034035.8416660163,0,62.5,Optimal,7.3683281698322389e-12
2777.8000000000002,502.44999999999999,496.1284210526315,6.321578947368458,2245.834210526305,46.662074999975594,111.02263157894737,100.19792500003508,98.741849149692811,1.2581508503071865,1254929.0187234366,E80_P20_day_009,80,20,24,1,46.662074999975594,100.19792500003508,0,1277241.2382649356,786041.97368420672,23314.198791499275,1264.3157894736917,466620.74999975594,24,70000000,0.09634228760924439,0.0027397260273972603,6743960.1326471074,1400000,18476.603103142759,3835.6164383561645,1001.9792500003508,4837.595688356515,1258764.6351617929,0,83.333333333333343,Optimal,7.3754335971898399e-12
2924,739.94000000000005,706.67842105263162,33.261578947368406,2174.8112188365317,58.629999999978772,165.32963988917422,149.21000000003195,95.504827560698374,4.4951724393016192,1355628.3423820478,E80_P20_day_010,80,20,24,1,58.629999999978772,149.21000000003195,0,1377940.5619235467,761183.9265927861,23804.319541499244,6652.3157894736814,586299.99999978766,24,70000000,0.09634228760924439,0.0027397260273972603,6743960.1326471074,1400000,18476.603103142759,3835.6164383561645,1492.1000000003196,5327.7164383564841,1359463.958820404,0,95.833333333333343,Optimal,7.3754335971898399e-12
3070.1999999999998,430.31,430.31,0,2344.198674999996,302.06489999998308,65.370000000000033,58.996425000020679,100,0,3841708.5004998296,E80_P20_day_011,80,20,24,1,302.06489999998308,58.996425000020679,0,3864020.7200413286,820469.53624999861,22902.18379149913,0,3020648.999999831,24,70000000,0.09634228760924439,0.0027397260273972603,6743960.1326471074,1400000,18476.603103142759,3835.6164383561645,589.96425000020679,4425.580688356371,3845544.1169381859,0,50,Optimal,7.3683281698322389e-12
2777.8000000000002,1520.77,1489.8242105263159,30.945789473684215,1291.2599999999893,0,33.68421052631578,30.400000000010635,97.96512362331687,2.0348763766831421,458434.15789473325,E80_P20_day_012,80,20,24,1,0,30.400000000010635,0,480746.37743623217,451940.99999999627,22616.219541499031,6189.1578947368434,0,24,70000000,0.09634228760924439,0.0027397260273972603,6743960.1326471074,1400000,18476.603103142759,3835.6164383561645,304.00000000010635,4139.6164383562709,462269.77433308942,0,20.833333333333336,Optimal,6.0893512454640586e-12
2924,2431.23,2093.849999999979,337.38000000002091,840.88669999998615,0,110.12,99.383300000034779,86.123073506002271,13.876926493997724,362780.17799999967,E80_P20_day_013,80,20,24,1,0,99.383300000034779,0,385092.39754149859,294310.34499999514,23306.052541499274,67476.000000004176,0,24,70000000,0.09634228760924439,0.0027397260273972603,6743960.1326471074,1400000,18476.603103142759,3835.6164383561645,993.83300000034774,4829.4494383565125,366615.79443835584,0,75,Optimal,7.3754335971898399e-12
3070.1999999999998,836.28999999999996,735.97607499998401,100.31392500001601,2136.9000000000001,207.66672499998248,106.08,95.737200000033496,88.004887658585417,11.995112341414583,2845602.4069998283,E80_P20_day_014,80,20,24,1,207.66672499998248,95.737200000033496,0,2867914.6265413272,747915,23269.59154149926,20062.785000003201,2076667.2499998247,24,70000000,0.09634228760924439,0.0027397260273972603,6743960.1326471074,1400000,18476.603103142759,3835.6164383561645,957.37200000033499,4792.9884383564995,2849438.0234381845,0,75,Optimal,7.3754335971898399e-12
2777.8000000000002,423.44,406.74000000000001,16.699999999999996,2282.0254999999925,98.690899999976352,99.04000000000002,89.383600000031308,96.056111845834124,3.9438881541658786,1789851.7609997613,E80_P20_day_015,80,20,24,1,98.690899999976352,89.383600000031308,0,1812163.9805412602,798708.92499999737,23206.055541499238,3339.9999999999991,986908.99999976356,24,70000000,0.09634228760924439,0.0027397260273972603,6743960.1326471074,1400000,18476.603103142759,3835.6164383561645,893.83600000031311,4729.4524383564776,1793687.3774381175,0,79.166666666666657,Optimal,7.3754335971898399e-12
2924,518.37,455.09902499999481,63.270975000005208,2265.4199999999892,214.39999999998048,111.98999999999997,101.07097500003536,87.794244458590356,12.205755541409651,2950561.9047498023,E80_P20_day_016,80,20,24,1,214.39999999998048,101.07097500003536,0,2972874.1242913012,792896.99999999616,23322.929291499277,12654.195000001042,2143999.9999998049,24,70000000,0.09634228760924439,0.0027397260273972603,6743960.1326471074,1400000,18476.603103142759,3835.6164383561645,1010.7097500003536,4846.3261883565183,2954397.5211881585,0,66.666666666666657,Optimal,7.3754335971898399e-12
3070.1999999999998,571.23000000000002,491.24287499999315,79.987125000006827,2272.4699999999893,317.1818999999827,109.69,98.995225000034665,85.997387217056726,14.002612782943267,3984170.8772498253,E80_P20_day_017,80,20,24,1,317.1818999999827,98.995225000034665,0,4006483.0967913242,795364.49999999627,23302.17179149927,15997.425000001365,3171818.9999998272,24,70000000,0.09634228760924439,0.0027397260273972603,6743960.1326471074,1400000,18476.603103142759,3835.6164383561645,989.95225000034668,4825.5686883565113,3988006.4936881815,0,58.333333333333336,Optimal,7.3754335971898399e-12
2777.8000000000002,586.02999999999997,474.09908587255774,111.93091412744224,2212.9142105263159,102.92187499997831,124.46329639888418,112.32812500003232,80.900139220271626,19.099860779728381,1827248.1877594825,E80_P20_day_018,80,20,24,1,102.92187499997831,112.32812500003232,0,1849560.4073009812,774519.97368421056,23435.500791499246,22386.182825488446,1029218.7499997831,24,70000000,0.09634228760924439,0.0027397260273972603,6743960.1326471074,1400000,18476.603103142759,3835.6164383561645,1123.2812500003231,4958.8976883564874,1831083.8041978385,0,83.333333333333343,Optimal,7.3754335971898399e-12
2924,715.46000000000004,603.20908587255781,112.25091412744221,2212.2442105263158,121.09137499997701,128.6632963988842,116.11862500003366,84.31066528842392,15.689334711576077,2008810.5927594691,E80_P20_day_019,80,20,24,1,121.09137499997701,116.11862500003366,0,2031122.8123009682,774285.47368421056,23473.405791499259,22450.182825488442,1210913.74999977,24,70000000,0.09634228760924439,0.0027397260273972603,6743960.1326471074,1400000,18476.603103142759,3835.6164383561645,1161.1862500003367,4996.8026883565017,2012646.2091978255,0,83.333333333333343,Optimal,7.3754335971898399e-12
3070.1999999999998,240.84,240.84,0,2524.2442105263158,310.73609999998172,57.644210526315774,52.023900000018216,100,0,3991366.7126840279,E80_P20_day_020,80,20,24,1,310.73609999998172,52.023900000018216,0,4013678.9322255268,883485.47368421056,22832.458541499105,0,3107360.999999817,24,70000000,0.09634228760924439,0.0027397260273972603,6743960.1326471074,1400000,18476.603103142759,3835.6164383561645,520.23900000018216,4355.8554383563469,3995202.3291223841,0,37.5,Optimal,6.7785776991513558e-12
2777.8000000000002,339.68000000000001,339.68000000000001,0,2401.3791412742362,43.82999999997876,72.70914127423633,65.620000000021292,100,0,1279438.8994457705,E80_P20_day_021,80,20,24,1,43.82999999997876,65.620000000021292,0,1301751.1189872695,840482.6994459827,22968.419541499137,0,438299.9999997876,24,70000000,0.09634228760924439,0.0027397260273972603,6743960.1326471074,1400000,18476.603103142759,3835.6164383561645,656.20000000021287,4491.8164383563771,1283274.5158841268,0,41.666666666666671,Optimal,7.3718808835110394e-12
2924,1316.51,1316.51,0,1610.3545499999907,0,29.379999999999992,26.515450000009281,100,0,563889.24699999683,E80_P20_day_022,80,20,24,1,0,26.515450000009281,0,586201.46654149576,563624.09249999677,22577.374041499017,0,0,24,70000000,0.09634228760924439,0.0027397260273972603,6743960.1326471074,1400000,18476.603103142759,3835.6164383561645,265.15450000009281,4100.7709383562569,567724.86343835294,0,37.5,Optimal,2.8563817977556027e-12
3070.1999999999998,1480.3099999999999,1056.928624999982,423.38137500001801,2016.1179224376601,12.879999999978736,161.29792243766013,145.57137500003924,71.399141058290624,28.600858941709372,920573.2616029724,E80_P20_day_023,80,20,24,1,12.879999999978736,145.57137500003924,0,942885.48114447133,705641.272853181,23767.933291499314,84676.275000003603,128799.99999978737,24,70000000,0.09634228760924439,0.0027397260273972603,6743960.1326471074,1400000,18476.603103142759,3835.6164383561645,1455.7137500003923,5291.3301883565564,924408.87804132851,0,83.333333333333343,Optimal,7.3754335971898399e-12
2777.8000000000002,716.17999999999995,540.3290858725577,175.85091412744225,2199.29,53.174374999969068,153.7790858725684,138.78562500004159,75.445989258644161,24.554010741355842,1338053.2890751797,E80_P20_day_024,80,20,24,1,53.174374999969068,138.78562500004159,0,1360365.5086166784,769751.5,23700.075791499337,35170.182825488453,531743.74999969068,24,70000000,0.09634228760924439,0.0027397260273972603,6743960.1326471074,1400000,18476.603103142759,3835.6164383561645,1387.8562500004159,5223.47268835658,1341888.9055135357,0,91.666666666666657,Optimal,7.3754335971898399e-12
2924,576.61000000000001,576.61000000000001,0,2351.8669252077289,3.0800000000000036,77.506925207729097,69.949999999999989,100,0,854652.92382270505,E80_P20_day_025,80,20,24,1,3.0800000000000036,69.949999999999989,0,876965.14336420398,823153.42382270505,23011.719541498926,0,30800.000000000036,24,70000000,0.09634228760924439,0.0027397260273972603,6743960.1326471074,1400000,18476.603103142759,3835.6164383561645,699.49999999999989,4535.1164383561645,858488.54026106116,0,45.833333333333329,Optimal,7.3718808835110394e-12
3070.1999999999998,989.92000000000007,781.12612928124008,208.79387071875985,2124.9843624999835,177.43479999998266,136.87478749999451,123.5294957187883,78.908005624822209,21.091994375177777,2561086.5959757608,E80_P20_day_026,80,20,24,1,177.43479999998266,123.5294957187883,0,2583398.8155172598,743744.52687499428,23547.514498686807,41758.774143751973,1774347.9999998265,24,70000000,0.09634228760924439,0.0027397260273972603,6743960.1326471074,1400000,18476.603103142759,3835.6164383561645,1235.294957187883,5070.911395544048,2564922.2124141171,0,87.5,Optimal,7.3754335971898399e-12
2777.8000000000002,716.64999999999998,526.14908587255775,190.50091412744229,2182.1042105263159,81.681874999978348,124.4632963988842,112.32812500003232,73.417858909168743,26.582141090831271,1619778.6877594828,E80_P20_day_027,80,20,24,1,81.681874999978348,112.32812500003232,0,1642090.9073009817,763736.47368421056,23435.500791499246,38100.18282548846,816818.74999978347,24,70000000,0.09634228760924439,0.0027397260273972603,6743960.1326471074,1400000,18476.603103142759,3835.6164383561645,1123.2812500003231,4958.8976883564874,1623614.304197839,0,83.333333333333343,Optimal,7.3754335971898399e-12
2924,699.39999999999998,525.32908587255781,174.07091412744222,2216.1799999999998,194.16742499997986,119.75908587256841,108.08257500003083,75.111393461904186,24.888606538095829,2753232.2585752872,E80_P20_day_028,80,20,24,1,194.16742499997986,108.08257500003083,0,2775544.4781167861,775663,23393.045291499231,34814.182825488446,1941674.2499997986,24,70000000,0.09634228760924439,0.0027397260273972603,6743960.1326471074,1400000,18476.603103142759,3835.6164383561645,1080.8257500003083,4916.4421883564728,2757067.8750136434,0,62.5,Optimal,7.3754335971898399e-12
3070.1999999999998,829.66000000000008,690.02908587255774,139.63091412744222,2227,164.85717499997972,119.85908587256841,108.17282500003087,83.170104123684126,16.829895876315867,2457029.6610752861,E80_P20_day_029,80,20,24,1,164.85717499997972,108.17282500003087,0,2479341.880616785,779450,23393.947791499231,27926.182825488446,1648571.7499997972,24,70000000,0.09634228760924439,0.0027397260273972603,6743960.1326471074,1400000,18476.603103142759,3835.6164383561645,1081.7282500003087,4917.3446883564729,2460865.2775136423,0,66.666666666666657,Optimal,7.3754335971898399e-12
2777.8000000000002,804.04999999999995,535.25214999998127,268.79785000001868,2152.1142105263157,102.88187499997835,127.67421052631576,115.22597500004031,66.569510602572137,33.430489397427863,1836970.5534339983,E80_P20_day_030,80,20,24,1,102.88187499997835,115.22597500004031,0,1859282.7729754969,753239.97368421045,23464.479291499327,53759.57000000374,1028818.7499997835,24,70000000,0.09634228760924439,0.0027397260273972603,6743960.1326471074,1400000,18476.603103142759,3835.6164383561645,1152.2597500004031,4987.8761883565676,1840806.1698723543,0,83.333333333333343,Optimal,7.3754335971898399e-12
2924,1099.77,1092.9499999999998,6.8199999999999967,1837.9650933826233,0.61999999999999433,77.283009052799201,69.747915670175701,99.379870336524903,0.62012966347508991,651549.26184061985,E80_P20_day_031,80,20,24,1,0.61999999999999433,69.747915670175701,0,673861.48138211877,643287.78268391814,23009.698698200682,1363.9999999999993,6199.9999999999436,24,70000000,0.09634228760924439,0.0027397260273972603,6743960.1326471074,1400000,18476.603103142759,3835.6164383561645,697.47915670175701,4533.0955950579219,655384.87827897596,0,54.166666666666664,Optimal,7.3718808835110394e-12
3070.1999999999998,179.59999999999999,179.59999999999999,0,2598.6442105263159,297.27872499998267,54.59421052631577,49.271275000017255,100,0,3882805.4364340371,E80_P20_day_032,80,20,24,1,297.27872499998267,49.271275000017255,0,3905117.6559755364,909525.47368421056,22804.932291499095,0,2972787.2499998268,24,70000000,0.09634228760924439,0.0027397260273972603,6743960.1326471074,1400000,18476.603103142759,3835.6164383561645,492.71275000017255,4328.329188356337,3886641.0528723937,0,33.333333333333329,Optimal,6.8496319727273658e-12
2777.8000000000002,485.89999999999998,459.95539999999869,25.944600000001302,2230.104210526305,98.111874999978298,106.37421052631579,96.002725000033621,94.660506277011464,5.3394937229885375,1767804.1709339903,E80_P20_day_033,80,20,24,1,98.111874999978298,96.002725000033621,0,1790116.3904754892,780536.47368420672,23272.246791499259,5188.9200000002602,981118.749999783,24,70000000,0.09634228760924439,0.0027397260273972603,6743960.1326471074,1400000,18476.603103142759,3835.6164383561645,960.02725000033615,4795.6436883565002,1771639.7873723465,0,83.333333333333343,Optimal,7.3754335971898399e-12
2924,401.40999999999997,401.40999999999997,0,2316.6505249999996,212.11999999998051,63.389999999999986,57.209475000020028,100.00000000000001,0,2932599.7784998049,E80_P20_day_034,80,20,24,1,212.11999999998051,57.209475000020028,0,2954911.9980413038,810827.68374999985,22884.314291499126,0,2121199.9999998049,24,70000000,0.09634228760924439,0.0027397260273972603,6743960.1326471074,1400000,18476.603103142759,3835.6164383561645,572.09475000020029,4407.7111883563648,2936435.3949381611,0,58.333333333333336,Optimal,5.1727511163335294e-12
3070.1999999999998,226.86999999999998,226.87,0,2517.7242105263158,330.7766249999832,53.034210526315761,47.863375000016745,100.00000000000001,0,4189448.3574340427,E80_P20_day_035,80,20,24,1,330.7766249999832,47.863375000016745,0,4211760.5769755412,881203.47368421056,22790.85329149909,0,3307766.2499998319,24,70000000,0.09634228760924439,0.0027397260273972603,6743960.1326471074,1400000,18476.603103142759,3835.6164383561645,478.63375000016742,4314.2501883563318,4193283.9738723985,0,33.333333333333329,Optimal,6.5227823142777197e-12
2777.8000000000002,232.16000000000003,232.16,0,2474.9984210526318,77.75697499997699,72.978421052631575,65.863025000023057,99.999999999999986,0,1644477.8276181913,E80_P20_day_036,80,20,24,1,77.75697499997699,65.863025000023057,0,1666790.0471596902,866249.44736842113,22970.849791499153,0,777569.74999976985,24,70000000,0.09634228760924439,0.0027397260273972603,6743960.1326471074,1400000,18476.603103142759,3835.6164383561645,658.6302500002306,4494.2466883563948,1648313.4440565475,0,66.666666666666657,Optimal,6.0396132539608516e-12
2924,372.62,372.62,0,2399.8384210526315,158.10999999997875,67.368421052631575,60.800000000021285,100,0,2421651.4473682088,E80_P20_day_037,80,20,24,1,158.10999999997875,60.800000000021285,0,2443963.6669097077,839943.44736842101,22920.219541499137,0,1581099.9999997877,24,70000000,0.09634228760924439,0.0027397260273972603,6743960.1326471074,1400000,18476.603103142759,3835.6164383561645,608.00000000021282,4443.6164383563773,2425487.063806565,0,41.666666666666671,Optimal,7.3683281698322389e-12
3070.1999999999998,380.51999999999998,380.51999999999998,0,2558.7842105263157,138.25354999997609,75.464210526315824,68.10645000002387,100,0,2278791.0381839718,E80_P20_day_038,80,20,24,1,138.25354999997609,68.10645000002387,0,2301103.2577254707,895574.47368421056,22993.284041499162,0,1382535.4999997609,24,70000000,0.09634228760924439,0.0027397260273972603,6743960.1326471074,1400000,18476.603103142759,3835.6164383561645,681.0645000002387,4516.6809383564032,2282626.654622328,0,54.166666666666664,Optimal,7.3683281698322389e-12
2777.8000000000002,434.76999999999998,434.76999999999998,0,2346.4801939058166,3.2899999999787162,69.130193905816554,62.390000000021288,100,0,854791.96786682319,E80_P20_day_039,80,20,24,1,3.2899999999787162,62.390000000021288,0,877104.18740832212,821268.06786703574,22936.119541499138,0,32899.999999787164,24,70000000,0.09634228760924439,0.0027397260273972603,6743960.1326471074,1400000,18476.603103142759,3835.6164383561645,623.90000000021291,4459.516438356377,858627.58430517931,0,62.5,Optimal,7.3718808835110394e-12
2924,214.47999999999999,214.47999999999999,0,2488.5642105263159,226.98072499998045,61.794210526315787,55.769275000019519,100,0,3141362.4164340151,E80_P20_day_040,80,20,24,1,226.98072499998045,55.769275000019519,0,3163674.6359755141,870997.47368421056,22869.912291499117,0,2269807.2499998044,24,70000000,0.09634228760924439,0.0027397260273972603,6743960.1326471074,1400000,18476.603103142759,3835.6164383561645,557.69275000019525,4393.3091883563593,3145198.0328723714,0,50,Optimal,4.7890580390230753e-12
3070.1999999999998,248.5,248.5,0,2546.0042105263155,281.62322499998072,60.794210526315808,54.866775000019217,100,0,3707882.3914340176,E80_P20_day_041,80,20,24,1,281.62322499998072,54.866775000019217,0,3730194.610975517,891101.47368421045,22860.887291499115,0,2816232.2499998072,24,70000000,0.09634228760924439,0.0027397260273972603,6743960.1326471074,1400000,18476.603103142759,3835.6164383561645,548.6677500001922,4384.2841883563569,3711718.0078723743,0,37.5,Optimal,7.3718808835110394e-12
2777.8000000000002,1214.79,1214.79,0,1564.3369749999956,0,13.609999999999959,12.283025000004262,100,0,547640.77149999852,E80_P20_day_042,80,20,24,1,0,12.283025000004262,0,569952.99104149744,547517.94124999852,22435.049791498968,0,0,24,70000000,0.09634228760924439,0.0027397260273972603,6743960.1326471074,1400000,18476.603103142759,3835.6164383561645,122.83025000004261,3958.4466883562072,551476.38793835463,0,25,Optimal,2.2275514766079141e-12
2924,1091.6099999999999,993.9655401661895,97.644459833810473,1939.5612769238846,0,97.710944513897203,88.184127423823085,91.055005007849829,8.9449949921501712,699257.18016435998,E80_P20_day_043,80,20,24,1,0,88.184127423823085,0,721569.3997058589,678846.44692335965,23194.060815737153,19528.891966762094,0,24,70000000,0.09634228760924439,0.0027397260273972603,6743960.1326471074,1400000,18476.603103142759,3835.6164383561645,881.84127423823088,4717.4577125943952,703092.79660271609,0,66.666666666666657,Optimal,7.3754335971898399e-12
3070.1999999999998,719.97000000000003,714.58999999999992,5.3799999999999812,2254.7682418282407,110.81024999998054,102.24094182824435,92.272450000022843,99.252746642221183,0.74725335777879376,1899270.1091396899,E80_P20_day_044,80,20,24,1,110.81024999998054,92.272450000022843,0,1921582.3286811886,789168.88463988423,23234.944041499151,1075.9999999999964,1108102.4999998054,24,70000000,0.09634228760924439,0.0027397260273972603,6743960.1326471074,1400000,18476.603103142759,3835.6164383561645,922.72450000022843,4758.3409383563931,1903105.7255780459,0,83.333333333333343,Optimal,7.3789863108686404e-12
2777.8000000000002,651.79999999999995,500.59587499998287,151.20412500001711,2181.4542105263158,107.70187499997833,122.58421052631581,110.63225000003875,76.802067351945823,23.197932648054177,1871874.8711839977,E80_P20_day_045,80,20,24,1,107.70187499997833,110.63225000003875,0,1894187.0907254964,763508.97368421056,23418.542041499313,30240.825000003424,1077018.7499997832,24,70000000,0.09634228760924439,0.0027397260273972603,6743960.1326471074,1400000,18476.603103142759,3835.6164383561645,1106.3225000003874,4941.9389383565522,1875710.4876223537,0,79.166666666666657,Optimal,7.3754335971898399e-12
2924,233.84999999999999,233.84999999999999,0,2467.6042105263159,228.5599999999805,61.684210526315773,55.670000000019471,100,0,3149818.1736840159,E80_P20_day_046,80,20,24,1,228.5599999999805,55.670000000019471,0,3172130.3932255143,863661.47368421056,22868.919541499119,0,2285599.9999998049,24,70000000,0.09634228760924439,0.0027397260273972603,6743960.1326471074,1400000,18476.603103142759,3835.6164383561645,556.70000000019468,4392.316438356359,3153653.7901223716,0,45.833333333333329,Optimal,5.7553961596568115e-12
3070.1999999999998,331.74000000000001,331.74000000000001,0,2419.9742105263158,323.63614999998322,52.824210526315781,47.673850000016699,100,0,4083829.2121840427,E80_P20_day_047,80,20,24,1,323.63614999998322,47.673850000016699,0,4106141.4317255421,846990.97368421056,22788.958041499092,0,3236361.4999998324,24,70000000,0.09634228760924439,0.0027397260273972603,6743960.1326471074,1400000,18476.603103142759,3835.6164383561645,476.73850000016699,4312.3549383563313,4087664.8286223994,0,41.666666666666671,Optimal,7.2475359047530219e-12
2777.8000000000002,473.10000000000002,473.09999999999997,0,2308.0479501384921,0,34.337950138492133,30.990000000000002,100,0,808126.68254847219,E80_P20_day_048,80,20,24,1,0,30.990000000000002,0,830438.90208997112,807816.78254847217,22622.119541498923,0,0,24,70000000,0.09634228760924439,0.0027397260273972603,6743960.1326471074,1400000,18476.603103142759,3835.6164383561645,309.90000000000003,4145.5164383561641,811962.2989868283,0,29.166666666666668,Optimal,4.3272052607790101e-12
2924,1050.3399999999999,757.80999999998539,292.53000000001464,2073.9740443213168,106.61319999997943,147.66404432131702,133.26680000003526,72.149018413083908,27.850981586916109,1851861.5835122583,E80_P20_day_049,80,20,24,1,106.61319999997943,133.26680000003526,0,1874173.8030537572,725890.91551246087,23644.887541499276,58506.000000002925,1066131.9999997942,24,70000000,0.09634228760924439,0.0027397260273972603,6743960.1326471074,1400000,18476.603103142759,3835.6164383561645,1332.6680000003525,5168.2844383565171,1855697.1999506145,0,87.5,Optimal,7.3754335971898399e-12
3070.1999999999998,1261.3600000000001,1045.4219499999854,215.93805000001467,2037.3384210525933,2.590000000000007,155.38842105259337,140.2380500000146,82.88053767362095,17.11946232637904,783558.43786841084,E80_P20_day_050,80,20,24,1,2.590000000000007,140.2380500000146,0,805870.65740990976,713068.44736840762,23714.60004149907,43187.610000002933,25900.000000000069,24,70000000,0.09634228760924439,0.0027397260273972603,6743960.1326471074,1400000,18476.603103142759,3835.6164383561645,1402.380500000146,5237.9969383563102,787394.05430676695,0,91.666666666666657,Optimal,7.3754335971898399e-12
2777.8000000000002,777.68000000000006,726.18884999998829,51.491150000011736,2057.2226592797688,7.2099999999787441,131.50265927976898,118.68115000003304,93.37887691595364,6.62112308404636,803612.97224770905,E80_P20_day_051,80,20,24,1,7.2099999999787441,118.68115000003304,0,825925.19178920798,720027.93074791902,23499.031041499256,10298.230000002348,72099.99999978744,24,70000000,0.09634228760924439,0.0027397260273972603,6743960.1326471074,1400000,18476.603103142759,3835.6164383561645,1186.8115000003304,5022.4279383564954,807448.58868606517,0,79.166666666666657,Optimal,7.3754335971898399e-12
2924,168.14000000000001,168.14000000000001,0,2541.6342105263157,220.23999999998048,61.68421052631578,55.670000000019478,99.999999999999986,0,3092528.6736840154,E80_P20_day_052,80,20,24,1,220.23999999998048,55.670000000019478,0,3114840.8932255143,889571.97368421045,22868.919541499119,0,2202399.9999998049,24,70000000,0.09634228760924439,0.0027397260273972603,6743960.1326471074,1400000,18476.603103142759,3835.6164383561645,556.70000000019479,4392.316438356359,3096364.2901223716,0,45.833333333333329,Optimal,4.7926107527018758e-12
3070.1999999999998,159.41,159.41,0,2626.0642105263159,290.62299999998083,60.484210526315806,54.587000000019131,100,0,3825898.3436840186,E80_P20_day_053,80,20,24,1,290.62299999998083,54.587000000019131,0,3848210.563225518,919122.47368421056,22858.089541499117,0,2906229.9999998081,24,70000000,0.09634228760924439,0.0027397260273972603,6743960.1326471074,1400000,18476.603103142759,3835.6164383561645,545.87000000019134,4381.4864383563563,3829733.9601223753,0,37.5,Optimal,7.3754335971898399e-12
2777.8000000000002,806.59000000000003,783.50842105262097,23.081578947379057,1988.8142105263157,15.329999999978714,101.05263157894736,91.20000000003192,97.138375265329472,2.8616247346705337,854913.28947347368,E80_P20_day_054,80,20,24,1,15.329999999978714,91.20000000003192,0,877225.50901497272,696084.97368421045,23224.219541499242,4616.3157894758115,153299.99999978713,24,70000000,0.09634228760924439,0.0027397260273972603,6743960.1326471074,1400000,18476.603103142759,3835.6164383561645,912.00000000031923,4747.6164383564837,858748.9059118299,0,62.5,Optimal,7.3754335971898399e-12
2924,728.41000000000008,699.96000000000004,28.450000000000017,2185.6625999999942,46.699999999978743,85.359999999997825,77.037400000025002,96.094232643703393,3.9057673562965931,1238442.2839997858,E80_P20_day_055,80,20,24,1,46.699999999978743,77.037400000025002,0,1260754.5035412847,764981.90999999794,23082.593541499173,5690.0000000000036,466999.99999978743,24,70000000,0.09634228760924439,0.0027397260273972603,6743960.1326471074,1400000,18476.603103142759,3835.6164383561645,770.37400000025002,4605.9904383564144,1242277.900438142,0,66.666666666666657,Optimal,7.3754335971898399e-12
3070.1999999999998,1065.1200000000001,812.05694999997968,253.06305000002035,2134.4442105263156,136.53999999997868,131.70421052631576,118.8630500000416,76.240888350606468,23.759111649393525,2164256.7141840016,E80_P20_day_056,80,20,24,1,136.53999999997868,118.8630500000416,0,2186568.9337255005,747055.47368421045,23500.85004149934,50612.610000004068,1365399.9999997867,24,70000000,0.09634228760924439,0.0027397260273972603,6743960.1326471074,1400000,18476.603103142759,3835.6164383561645,1188.6305000004159,5024.2469383565804,2168092.3306223578,0,70.833333333333343,Optimal,7.3754335971898399e-12
2777.8000000000002,981.90000000000009,675.44294999998419,306.45705000001584,2077.4851246537232,40.839999999978744,163.77512465372337,147.80705000003709,68.789382829207057,31.210617170792933,1198289.274128594,E80_P20_day_057,80,20,24,1,40.839999999978744,147.80705000003709,0,1220601.4936700929,727119.79362880311,23790.290041499295,61291.410000003169,408399.99999978743,24,70000000,0.09634228760924439,0.0027397260273972603,6743960.1326471074,1400000,18476.603103142759,3835.6164383561645,1478.0705000003709,5313.6869383565354,1202124.8905669502,0,87.5,Optimal,7.3754335971898399e-12
2924,398.61000000000001,398.61000000000001,0,2334.3442105263157,197.22964999998001,63.424210526315768,57.240350000020015,100,0,2789889.3771840106,E80_P20_day_058,80,20,24,1,197.22964999998001,57.240350000020015,0,2812201.59672551,817020.47368421045,22884.623041499122,0,1972296.4999998002,24,70000000,0.09634228760924439,0.0027397260273972603,6743960.1326471074,1400000,18476.603103142759,3835.6164383561645,572.40350000020021,4408.0199383563649,2793724.9936223673,0,41.666666666666671,Optimal,6.9491079557337798e-12
3070.1999999999998,862.01999999999998,837.73000000000002,24.289999999999978,2170.7157151188094,71.72159999998,102.22887301355708,92.261557894767563,97.182199948957106,2.8178000510428967,1482747.1158703309,E80_P20_day_059,80,20,24,1,71.72159999998,92.261557894767563,0,1505059.3354118299,759750.50029158324,23234.835120446602,4857.9999999999955,717215.9999998,24,70000000,0.09634228760924439,0.0027397260273972603,6743960.1326471074,1400000,18476.603103142759,3835.6164383561645,922.61557894767566,4758.2320173038406,1486582.7323086872,0,75,Optimal,7.3754335971898399e-12
2777.8000000000002,581.36000000000001,525.90907499999878,55.450925000001234,2202.854210526305,60.298374999975373,115.50421052631583,104.24255000003652,90.461860981147439,9.5381390188525579,1386115.3341839612,E80_P20_day_060,80,20,24,1,60.298374999975373,104.24255000003652,0,1408427.5537254601,770998.97368420672,23354.645041499287,11090.185000000247,602983.74999975378,24,70000000,0.09634228760924439,0.0027397260273972603,6743960.1326471074,1400000,18476.603103142759,3835.6164383561645,1042.4255000003652,4878.0419383565295,1389950.9506223174,0,83.333333333333343,Optimal,7.3754335971898399e-12
2924,590.95000000000005,581.29999999999995,9.6499999999999915,2236.0343105263091,115.24999999997871,88.044210526315737,79.459900000027758,98.367036128268026,1.6329638717319555,1937836.6076839955,E80_P20_day_061,80,20,24,1,115.24999999997871,79.459900000027758,0,1960148.8272254947,782612.00868420815,23106.8185414992,1929.9999999999982,1152499.9999997872,24,70000000,0.09634228760924439,0.0027397260273972603,6743960.1326471074,1400000,18476.603103142759,3835.6164383561645,794.59900000027756,4630.2154383564421,1941672.224122352,0,70.833333333333343,Optimal,5.3503868002735544e-12
3070.1999999999998,987.08000000000004,769.3390858725578,217.74091412744224,2194.5799999999999,119.36629999997521,134.20908587256841,121.12370000003538,77.940905080901018,22.059094919098982,2006525.419825241,E80_P20_day_062,80,20,24,1,119.36629999997521,121.12370000003538,0,2028837.6393667397,768103,23523.456541499276,43548.182825488446,1193662.999999752,24,70000000,0.09634228760924439,0.0027397260273972603,6743960.1326471074,1400000,18476.603103142759,3835.6164383561645,1211.2370000003539,5046.8534383565184,2010361.036263597,0,79.166666666666657,Optimal,7.3754335971898399e-12
2777.8000000000002,907.20000000000005,630.06709724999291,277.13290275000713,2117.1968605262928,45.939999999978738,157.98931052630041,142.58535275003607,69.451840525792875,30.548159474207132,1257271.3352614916,E80_P20_day_063,80,20,24,1,45.939999999978738,142.58535275003607,0,1279583.5548029908,741018.90118420252,23738.073068999285,55426.580550001425,459399.99999978737,24,70000000,0.09634228760924439,0.0027397260273972603,6743960.1326471074,1400000,18476.603103142759,3835.6164383561645,1425.8535275003605,5261.4699658565251,1261106.9516998481,0,91.666666666666657,Optimal,7.3754335971898399e-12
2924,883,604.89492499998062,278.10507500001938,2194.2799999999997,136.83999999998053,123.22999999999996,111.21507500003891,68.504521517551609,31.495478482448402,2193131.1657498097,E80_P20_day_064,80,20,24,1,136.83999999998053,111.21507500003891,0,2215443.3852913082,767997.99999999988,23424.370291499312,55621.015000003878,1368399.9999998054,24,70000000,0.09634228760924439,0.0027397260273972603,6743960.1326471074,1400000,18476.603103142759,3835.6164383561645,1112.1507500003891,4947.7671883565536,2196966.7821881655,0,70.833333333333343,Optimal,7.3754335971898399e-12
3070.1999999999998,345.42000000000002,345.42000000000002,0,2433.2342105263156,297.18657499998164,57.854210526315796,52.21342500001829,100,0,3824019.857934027,E80_P20_day_065,80,20,24,1,297.18657499998164,52.21342500001829,0,3846332.0774755264,851631.97368421045,22834.353791499107,0,2971865.7499998165,24,70000000,0.09634228760924439,0.0027397260273972603,6743960.1326471074,1400000,18476.603103142759,3835.6164383561645,522.13425000018287,4357.7506883563474,3827855.4743723837,0,37.5,Optimal,7.3683281698322389e-12
2777.8000000000002,532.20000000000005,532.20000000000005,0,2217.7563157894683,35.889999999978734,82.52631578946837,74.480000000021278,100,0,1135859.5105261016,E80_P20_day_066,80,20,24,1,35.889999999978734,74.480000000021278,0,1158171.7300676003,776214.71052631387,23057.019541499136,0,358899.99999978737,24,70000000,0.09634228760924439,0.0027397260273972603,6743960.1326471074,1400000,18476.603103142759,3835.6164383561645,744.80000000021278,4580.4164383563775,1139695.1269644576,0,66.666666666666657,Optimal,7.3718808835110394e-12
2924,818.56000000000006,667.79908587256853,150.76091412743153,2168.4442105263051,100.72549999997563,133.01329639888422,120.04450000003501,81.582179177160924,18.417820822839072,1797563.1015094495,E80_P20_day_067,80,20,24,1,100.72549999997563,120.04450000003501,0,1819875.3210509485,758955.47368420684,23512.664541499274,30152.182825486307,1007254.9999997562,24,70000000,0.09634228760924439,0.0027397260273972603,6743960.1326471074,1400000,18476.603103142759,3835.6164383561645,1200.4450000003501,5036.0614383565144,1801398.7179478058,0,79.166666666666657,Optimal,7.3754335971898399e-12
3070.1999999999998,561.01999999999998,478.56822499998748,82.451775000012475,2301.1900000000001,299.7715499999822,95.69000000000004,86.360225000030255,85.303237852480748,14.696762147519246,3820485.9572498249,E80_P20_day_068,80,20,24,1,299.7715499999822,86.360225000030255,0,3842798.1767913238,805416.5,23175.821791499227,16490.355000002495,2997715.4999998221,24,70000000,0.09634228760924439,0.0027397260273972603,6743960.1326471074,1400000,18476.603103142759,3835.6164383561645,863.60225000030255,4699.2186883564673,3824321.5736881811,0,50,Optimal,7.3754335971898399e-12
2777.8000000000002,1425.9200000000001,1401.5900000000001,24.330000000000027,1383.6209749999759,0,76.010000000000019,68.599025000024,98.293733168761221,1.706266831238781,489819.33149999182,E80_P20_day_069,80,20,24,1,0,68.599025000024,0,512131.55104149075,484267.34124999156,22998.209791499165,4866.0000000000055,0,24,70000000,0.09634228760924439,0.0027397260273972603,6743960.1326471074,1400000,18476.603103142759,3835.6164383561645,685.99025000023994,4521.6066883564044,493654.94793834799,0,70.833333333333343,Optimal,6.5334404553141212e-12
2924,1943.5999999999999,950.67620498612632,992.9237950138737,1895.2706648199423,91.353774999979876,136.41686980606872,123.11622500002011,48.913161400809138,51.08683859919087,1776698.4039395535,E80_P20_day_070,80,20,24,1,91.353774999979876,123.11622500002011,0,1799010.6234810525,663344.73268697981,23543.381791499123,198584.75900277475,913537.74999979872,24,70000000,0.09634228760924439,0.0027397260273972603,6743960.1326471074,1400000,18476.603103142759,3835.6164383561645,1231.1622500002011,5066.7786883563658,1780534.0203779098,0,75,Optimal,7.3754335971898399e-12
3070.1999999999998,1434.0900000000001,1123.6864999999823,310.40350000001769,1959.4207202215759,1.0099999999999867,142.74072022157611,128.82350000001759,78.355368212593504,21.644631787406485,759266.18707755522,E80_P20_day_071,80,20,24,1,1.0099999999999867,128.82350000001759,0,781578.40661905415,685797.25207755156,23600.454541499101,62080.70000000354,10099.999999999867,24,70000000,0.09634228760924439,0.0027397260273972603,6743960.1326471074,1400000,18476.603103142759,3835.6164383561645,1288.2350000001759,5123.8514383563406,763101.80351591134,0,83.333333333333343,Optimal,7.3754335971898399e-12
2777.8000000000002,1771.01,824.21620498612629,946.79379501387371,1913.3401662049737,56.789999999978754,169.70637119109989,153.16000000002128,46.539330945964522,53.460669054035478,1428459.4171743032,E80_P20_day_072,80,20,24,1,56.789999999978754,153.16000000002128,0,1450771.6367158021,669669.05817174073,23843.819541499135,189358.75900277475,567899.99999978754,24,70000000,0.09634228760924439,0.0027397260273972603,6743960.1326471074,1400000,18476.603103142759,3835.6164383561645,1531.6000000002127,5367.2164383563777,1432295.0336126594,0,79.166666666666657,Optimal,7.3754335971898399e-12
2924,1691.9200000000001,1437.6999999999853,254.22000000001461,1494.0999999999892,0,80.000000000000014,72.200000000025284,84.97446687786568,15.025533122134298,574500.99999999942,E80_P20_day_073,80,20,24,1,0,72.200000000025284,0,596813.21954149834,522934.99999999622,23034.219541499177,50844.000000002925,0,24,70000000,0.09634228760924439,0.0027397260273972603,6743960.1326471074,1400000,18476.603103142759,3835.6164383561645,722.00000000025284,4557.6164383564173,578336.61643835553,0,50,Optimal,7.3754335971898399e-12
3070.1999999999998,1415.4899999999998,1280.4248753462525,135.06512465374738,1795.2199999999891,0,55.844875346252628,50.400000000010643,90.45806578260904,9.5419342173909669,655844.02493074571,E80_P20_day_074,80,20,24,1,0,50.400000000010643,0,678156.24447224464,628326.99999999616,22816.219541499031,27013.024930749474,0,24,70000000,0.09634228760924439,0.0027397260273972603,6743960.1326471074,1400000,18476.603103142759,3835.6164383561645,504.00000000010641,4339.6164383562709,659679.64136910182,0,37.5,Optimal,7.3754335971898399e-12
2777.8000000000002,579.50999999999999,579.50999999999999,0,2176.3059833795014,28.559999999978729,67.445983379501357,60.870000000021278,100,0,1047915.794182613,E80_P20_day_075,80,20,24,1,28.559999999978729,60.870000000021278,0,1070228.013724112,761707.09418282553,22920.919541499137,0,285599.99999978731,24,70000000,0.09634228760924439,0.0027397260273972603,6743960.1326471074,1400000,18476.603103142759,3835.6164383561645,608.70000000021275,4444.3164383563771,1051751.4106209693,0,45.833333333333329,Optimal,7.3718808835110394e-12
2924,221.44,221.44,0,2491.9342105263158,216.68679999998037,62.164210526315749,56.103200000019612,100,0,3039606.0056840139,E80_P20_day_076,80,20,24,1,216.68679999998037,56.103200000019612,0,3061918.2252255133,872176.97368421056,22873.251541499121,0,2166867.9999998035,24,70000000,0.09634228760924439,0.0027397260273972603,6743960.1326471074,1400000,18476.603103142759,3835.6164383561645,561.03200000019615,4396.6484383563602,3043441.6221223706,0,45.833333333333329,Optimal,7.2901684688986279e-12
3070.1999999999998,199.43000000000001,199.43000000000001,0,2543.9742105263158,332.32444999998205,56.704210526315791,51.175550000017914,100,0,4214147.2291840315,E80_P20_day_077,80,20,24,1,332.32444999998205,51.175550000017914,0,4236459.4487255309,890390.97368421056,22823.975041499103,0,3323244.4999998207,24,70000000,0.09634228760924439,0.0027397260273972603,6743960.1326471074,1400000,18476.603103142759,3835.6164383561645,511.75550000017915,4347.3719383563439,4217982.8456223877,0,29.166666666666668,Optimal,7.3754335971898399e-12
2777.8000000000002,176.44,176.44,0,2483.1284210526314,124.92187499997836,68.618421052631589,61.928125000021666,100,0,2118932.9786182046,E80_P20_day_078,80,20,24,1,124.92187499997836,61.928125000021666,0,2141245.1981597035,869094.94736842101,22931.50079149914,0,1249218.7499997835,24,70000000,0.09634228760924439,0.0027397260273972603,6743960.1326471074,1400000,18476.603103142759,3835.6164383561645,619.28125000021669,4454.897688356381,2122768.5950565608,0,58.333333333333336,Optimal,5.8761884247360285e-12
2924,165.25999999999999,165.25999999999999,0,2557.1642105263159,208.10869999997882,67.004210526315759,60.471300000021159,100,0,2976699.1866839989,E80_P20_day_079,80,20,24,1,208.10869999997882,60.471300000021159,0,2999011.4062254978,895007.47368421056,22916.932541499136,0,2081086.9999997884,24,70000000,0.09634228760924439,0.0027397260273972603,6743960.1326471074,1400000,18476.603103142759,3835.6164383561645,604.71300000021165,4440.3294383563762,2980534.8031223551,0,50,Optimal,4.7926107527018758e-12
3070.1999999999998,517.69000000000005,517.69000000000005,0,2438.6384210526317,121.11274999997649,74.268421052631624,67.0272500000235,100,0,2065321.2198681862,E80_P20_day_080,80,20,24,1,121.11274999997649,67.0272500000235,0,2087633.4394096851,853523.44736842113,22982.492041499157,0,1211127.4999997648,24,70000000,0.09634228760924439,0.0027397260273972603,6743960.1326471074,1400000,18476.603103142759,3835.6164383561645,670.27250000023503,4505.8889383563992,2069156.8363065424,0,62.5,Optimal,5.9365845572756371e-12
2777.8000000000002,732.97000000000003,732.97000000000003,0,2046.5852562417811,0,18.002628120890556,16.247371879109423,100,0,716467.31340341456,E80_P20_day_081,80,20,24,1,0,16.247371879109423,0,738779.53294491349,716304.83968462341,22474.69326029002,0,0,24,70000000,0.09634228760924439,0.0027397260273972603,6743960.1326471074,1400000,18476.603103142759,3835.6164383561645,162.47371879109423,3998.0901571472587,720302.92984177067,0,29.166666666666668,Optimal,1.8687273950490635e-12
2924,609.35000000000002,609.35000000000002,0,2229.5653605263124,93.617274999976019,87.514210526315779,78.981575000027632,100,0,1717310.4419339697,E80_P20_day_082,80,20,24,1,93.617274999976019,78.981575000027632,0,1739622.6614754689,780347.87618420937,23102.0352914992,0,936172.74999976018,24,70000000,0.09634228760924439,0.0027397260273972603,6743960.1326471074,1400000,18476.603103142759,3835.6164383561645,789.81575000027635,4625.4321883564407,1721146.0583723262,0,79.166666666666657,Optimal,7.3718808835110394e-12
3070.1999999999998,444.97000000000003,444.97000000000003,0,2324.630474999999,306.51777499998155,60.700000000000003,54.781750000019194,100,0,3879346.2337498157,E80_P20_day_083,80,20,24,1,306.51777499998155,54.781750000019194,0,3901658.4532913147,813620.66624999966,22860.037041499116,0,3065177.7499998156,24,70000000,0.09634228760924439,0.0027397260273972603,6743960.1326471074,1400000,18476.603103142759,3835.6164383561645,547.8175000001919,4383.4339383563565,3883181.850188172,0,45.833333333333329,Optimal,7.3754335971898399e-12
2777.8000000000002,923.87,650.30554016618942,273.56445983381053,2097.4844044321212,44.129999999978764,144.81994459831085,130.7000000000213,70.389290719061052,29.610709280938934,1231439.4335177925,E80_P20_day_084,80,20,24,1,44.129999999978764,130.7000000000213,0,1253751.6530592914,734119.54155124247,23619.219541499137,54712.891966762108,441299.99999978766,24,70000000,0.09634228760924439,0.0027397260273972603,6743960.1326471074,1400000,18476.603103142759,3835.6164383561645,1307.000000000213,5142.6164383563773,1235275.0499561487,0,83.333333333333343,Optimal,7.3754335971898399e-12
2924,626.57000000000005,544.22272105261925,82.347278947380772,2213.21,176.68664999997961,103.78842105263153,93.66905000003274,86.85744945538714,13.142550544612854,2558896.1462892727,E80_P20_day_085,80,20,24,1,176.68664999997961,93.66905000003274,0,2581208.3658307716,774623.5,23248.91004149925,16469.455789476153,1766866.499999796,24,70000000,0.09634228760924439,0.0027397260273972603,6743960.1326471074,1400000,18476.603103142759,3835.6164383561645,936.69050000032735,4772.3069383564916,2562731.7627276289,0,66.666666666666657,Optimal,7.3754335971898399e-12
3070.1999999999998,447.81999999999994,447.81999999999994,0,2321.9948249999979,306.66514999998185,64.409999999999997,58.130025000020353,100,0,3879930.988999818,E80_P20_day_086,80,20,24,1,306.66514999998185,58.130025000020353,0,3902243.2085413169,812698.18874999927,22893.519791499129,0,3066651.4999998184,24,70000000,0.09634228760924439,0.0027397260273972603,6743960.1326471074,1400000,18476.603103142759,3835.6164383561645,581.3002500002035,4416.9166883563685,3883766.6054381742,0,45.833333333333329,Optimal,6.8567374000849668e-12
2777.8000000000002,350.42000000000002,350.42000000000002,0,2317.5184210526318,116.55187499997834,68.618421052631561,61.928125000021673,100,0,1977269.4786182048,E80_P20_day_087,80,20,24,1,116.55187499997834,61.928125000021673,0,1999581.6981597038,811131.44736842113,22931.50079149914,0,1165518.7499997835,24,70000000,0.09634228760924439,0.0027397260273972603,6743960.1326471074,1400000,18476.603103142759,3835.6164383561645,619.28125000021669,4454.897688356381,1981105.0950565611,0,70.833333333333343,Optimal,5.8406612879480235e-12
2924,771.55999999999995,589.20908587255769,182.35091412744222,2158.6842105263158,188.11999999997872,123.2132963988842,111.20000000003192,76.365945081725044,23.634054918274956,2674321.6565094865,E80_P20_day_088,80,20,24,1,188.11999999997872,111.20000000003192,0,2696633.8760509854,755539.47368421056,23424.219541499242,36470.182825488446,1881199.9999997872,24,70000000,0.09634228760924439,0.0027397260273972603,6743960.1326471074,1400000,18476.603103142759,3835.6164383561645,1112.0000000003192,4947.6164383564837,2678157.2729478427,0,70.833333333333343,Optimal,7.3754335971898399e-12
3070.1999999999998,730.12,614.73908587255778,115.38091412744225,2217.4899999999998,249.51677499998016,118.41908587256842,106.8732250000304,84.196993079570177,15.803006920429826,3295434.1650752905,E80_P20_day_089,80,20,24,1,249.51677499998016,106.8732250000304,0,3317746.3846167894,776121.49999999988,23380.951791499228,23076.182825488449,2495167.7499998016,24,70000000,0.09634228760924439,0.0027397260273972603,6743960.1326471074,1400000,18476.603103142759,3835.6164383561645,1068.732250000304,4904.3486883564683,3299269.7815136467,0,62.5,Optimal,7.3754335971898399e-12
2777.8000000000002,1357.5799999999999,1053.1099999999853,304.47000000001469,1733.9797783933345,0,95.279778393334652,85.990000000014632,77.572592407076215,22.427407592923785,668646.82243767008,E80_P20_day_090,80,20,24,1,0,85.990000000014632,0,690959.04197916901,606892.92243766703,23172.119541499069,60894.000000002939,0,24,70000000,0.09634228760924439,0.0027397260273972603,6743960.1326471074,1400000,18476.603103142759,3835.6164383561645,859.90000000014629,4695.5164383563106,672482.43887602619,0,58.333333333333336,Optimal,7.3754335971898399e-12
2924,2118.9299999999998,1606.3155401661895,512.61445983381054,1325.6843213296268,0,82.049861495816145,74.049999999999983,75.807862466725652,24.192137533274369,567252.90443213144,E80_P20_day_091,80,20,24,1,0,74.049999999999983,0,589565.12397363037,463989.51246536936,23052.719541498926,102522.89196676211,0,24,70000000,0.09634228760924439,0.0027397260273972603,6743960.1326471074,1400000,18476.603103142759,3835.6164383561645,740.49999999999977,4576.1164383561645,571088.52087048755,0,41.666666666666671,Optimal,7.3683281698322389e-12
3070.1999999999998,1813.2600000000002,1555.3699999999853,257.89000000001465,1523.6303679369103,0,90.260183968455266,81.459816031559399,85.777549827381918,14.222450172618082,585663.22693823709,E80_P20_day_092,80,20,24,1,0,81.459816031559399,0,607975.44647973601,533270.62877791864,23126.817701814518,51578.000000002932,0,24,70000000,0.09634228760924439,0.0027397260273972603,6743960.1326471074,1400000,18476.603103142759,3835.6164383561645,814.59816031559399,4650.2145986717587,589498.8433765932,0,54.166666666666664,Optimal,7.3754335971898399e-12
2777.8000000000002,983.48000000000002,983.48000000000002,0,1794.8406833114304,0,5.3403416557152728,4.8196583442847238,100,0,628242.43574244354,E80_P20_day_093,80,20,24,1,0,4.8196583442847238,0,650554.65528394247,628194.23915900069,22360.41612494177,0,0,24,70000000,0.09634228760924439,0.0027397260273972603,6743960.1326471074,1400000,18476.603103142759,3835.6164383561645,48.196583442847242,3883.8130217990119,632078.05218079966,0,12.5,Optimal,1.7834622667578515e-12
2924,1164.28,754.98999999998534,409.29000000001457,2134.7355401662003,46.55609999997931,125.96554016620007,113.68390000003536,64.846085134158912,35.153914865841081,1295713.2780579664,E80_P20_day_094,80,20,24,1,46.55609999997931,113.68390000003536,0,1318025.4975994653,747157.43905817007,23449.058541499278,81858.00000000291,465560.99999979307,24,70000000,0.09634228760924439,0.0027397260273972603,6743960.1326471074,1400000,18476.603103142759,3835.6164383561645,1136.8390000003537,4972.4554383565182,1299548.8944963226,0,87.5,Optimal,7.3718808835110394e-12
3070.1999999999998,627.89999999999998,596.12,31.779999999999987,2204.0836999999892,279.27049999998053,95.120000000000005,85.845800000030053,94.938684503901897,5.0613154960981026,3571348.7529998017,E80_P20_day_095,80,20,24,1,279.27049999998053,85.845800000030053,0,3593660.9725413006,771429.2949999962,23170.677541499223,6355.9999999999973,2792704.9999998054,24,70000000,0.09634228760924439,0.0027397260273972603,6743960.1326471074,1400000,18476.603103142759,3835.6164383561645,858.45800000030056,4694.0744383564652,3575184.3694381579,0,54.166666666666664,Optimal,7.3754335971898399e-12
2777.8000000000002,1062.95,647.48620498612638,415.46379501387372,2086.8842105263157,56.601874999978314,135.10041551244208,121.92812500002167,60.914079212204371,39.085920787795636,1380740.2639367685,E80_P20_day_096,80,20,24,1,56.601874999978314,121.92812500002167,0,1403052.4834782674,730409.47368421045,23531.50079149914,83092.75900277475,566018.74999978312,24,70000000,0.09634228760924439,0.0027397260273972603,6743960.1326471074,1400000,18476.603103142759,3835.6164383561645,1219.2812500002167,5054.897688356381,1384575.8803751247,0,87.5,Optimal,7.3754335971898399e-12
2924,1058.21,730.99620498612626,327.21379501387378,2113.8142105263159,92.45059999997801,136.01041551244211,122.74940000002196,69.07855765737672,30.921442342623276,1731011.2266867657,E80_P20_day_097,80,20,24,1,92.45059999997801,122.74940000002196,0,1753323.4462282644,739834.97368421056,23539.713541499143,65442.759002774757,924505.99999978009,24,70000000,0.09634228760924439,0.0027397260273972603,6743960.1326471074,1400000,18476.603103142759,3835.6164383561645,1227.4940000002196,5063.1104383563843,1734846.8431251217,0,79.166666666666657,Optimal,7.3754335971898399e-12
3070.1999999999998,1129.1300000000001,759.54620498612621,369.58379501387373,2107.7442105263158,215.95999999997869,133.85041551244211,120.80000000002129,67.268268931489388,32.731731068510598,2972435.232686772,E80_P20_day_098,80,20,24,1,215.95999999997869,120.80000000002129,0,2994747.4522282714,737710.47368421056,23520.219541499137,73916.75900277475,2159599.9999997867,24,70000000,0.09634228760924439,0.0027397260273972603,6743960.1326471074,1400000,18476.603103142759,3835.6164383561645,1208.0000000002128,5043.6164383563773,2976270.8491251287,0,66.666666666666657,Optimal,7.3754335971898399e-12
2777.8000000000002,1289.1700000000001,761.02999999997905,528.14000000002102,1992.6889196675836,38.899999999978725,151.98891966758364,137.17000000004225,59.032555830493962,40.967444169506038,1193440.8218834461,E80_P20_day_099,80,20,24,1,38.899999999978725,137.17000000004225,0,1215753.041424945,697441.12188365427,23683.919541499345,105628.00000000421,388999.99999978725,24,70000000,0.09634228760924439,0.0027397260273972603,6743960.1326471074,1400000,18476.603103142759,3835.6164383561645,1371.7000000004225,5207.3164383565872,1197276.4383218023,0,79.166666666666657,Optimal,7.3754335971898399e-12
2924,1241.53,1035.7855401661895,205.74445983381057,1897.1920221606481,0,92.07756232683758,83.100000000000009,83.428152373779909,16.571847626220116,705997.09972298902,E80_P20_day_100,80,20,24,1,0,83.100000000000009,0,728309.31926448795,664017.20775622688,23143.219541498926,41148.891966762116,0,24,70000000,0.09634228760924439,0.0027397260273972603,6743960.1326471074,1400000,18476.603103142759,3835.6164383561645,831.00000000000011,4666.6164383561645,709832.71616134513,0,62.5,Optimal,7.3754335971898399e-12
3070.1999999999998,1024.98,819.04738810369076,205.93261189630928,2163.7014749999948,99.304149999979245,121.56936516618777,109.71635206252287,79.908621446632196,20.0913785533678,1792620.702149678,E80_P20_day_101,80,20,24,1,99.304149999979245,109.71635206252287,0,1814932.9216911767,757295.51624999824,23409.38306212415,41186.522379261856,993041.49999979243,24,70000000,0.09634228760924439,0.0027397260273972603,6743960.1326471074,1400000,18476.603103142759,3835.6164383561645,1097.1635206252288,4932.7799589813931,1796456.318588034,0,83.333333333333343,Optimal,7.3754335971898399e-12
2777.8000000000002,391.94999999999999,391.94999999999999,0,2328.1484210526314,65.154324999975813,76.438421052631597,68.985675000024173,100,0,1467085.0541181793,E80_P20_day_102,80,20,24,1,65.154324999975813,68.985675000024173,0,1489397.2736596782,814851.94736842101,23002.076291499165,0,651543.24999975809,24,70000000,0.09634228760924439,0.0027397260273972603,6743960.1326471074,1400000,18476.603103142759,3835.6164383561645,689.85675000024173,4525.4731883564064,1470920.6705565355,0,66.666666666666657,Optimal,7.3718808835110394e-12
2924,1027.97,966.38859999999511,61.581400000004912,1894.2217728531734,75.159999999978766,120.72177285318418,108.95140000003687,94.009416617215976,5.9905833827840222,1427983.4144983997,E80_P20_day_103,80,20,24,1,75.159999999978766,108.95140000003687,0,1450295.6340398984,662977.62049861066,23401.733541499292,12316.280000000983,751599.99999978766,24,70000000,0.09634228760924439,0.0027397260273972603,6743960.1326471074,1400000,18476.603103142759,3835.6164383561645,1089.5140000003687,4925.130438356533,1431819.0309367557,0,75,Optimal,7.3754335971898399e-12
3070.1999999999998,1640.3499999999999,1357.3790858725577,282.97091412744231,1721.5499999999893,0,89.529085872568402,80.800000000021285,82.749357507395246,17.250642492604769,659944.68282548501,E80_P20_day_104,80,20,24,1,0,80.800000000021285,0,682256.90236698394,602542.49999999627,23120.219541499137,56594.18282548846,0,24,70000000,0.09634228760924439,0.0027397260273972603,6743960.1326471074,1400000,18476.603103142759,3835.6164383561645,808.00000000021282,4643.6164383563773,663780.29926384112,0,58.333333333333336,Optimal,7.3754335971898399e-12
2777.8000000000002,1485.55,985.43259999998111,500.1174000000189,1804.1686703600892,0,121.03867036008938,109.23740000001891,66.33452929891159,33.66547070108841,732574.88862603519,E80_P20_day_105,80,20,24,1,0,109.23740000001891,0,754887.10816753411,631459.03462603118,23404.593541499111,100023.48000000378,0,24,70000000,0.09634228760924439,0.0027397260273972603,6743960.1326471074,1400000,18476.603103142759,3835.6164383561645,1092.374000000189,4927.9904383563535,736410.5050643913,0,66.666666666666657,Optimal,7.3754335971898399e-12
2924,2021.1900000000001,1066.319999999979,954.87000000002104,1848.8964265927689,23.300000000000015,148.88642659276891,134.37000000002098,52.757039169992879,47.242960830007128,1072431.4493074736,E80_P20_day_106,80,20,24,1,23.300000000000015,134.37000000002098,0,1094743.6688489725,647113.74930746912,23655.919541499134,190974.00000000422,233000.00000000015,24,70000000,0.09634228760924439,0.0027397260273972603,6743960.1326471074,1400000,18476.603103142759,3835.6164383561645,1343.7000000002099,5179.3164383563744,1076267.0657458298,0,83.333333333333343,Optimal,7.3825390245474409e-12
3070.1999999999998,494.91999999999996,494.91999999999996,0,2386.4184210526314,195.42999999997869,67.368421052631575,60.800000000021285,100,0,2790154.4473682079,E80_P20_day_107,80,20,24,1,195.42999999997869,60.800000000021285,0,2812466.6669097072,835246.44736842101,22920.219541499137,0,1954299.999999787,24,70000000,0.09634228760924439,0.0027397260273972603,6743960.1326471074,1400000,18476.603103142759,3835.6164383561645,608.00000000021282,4443.6164383563773,2793990.0638065645,0,37.5,Optimal,7.3683281698322389e-12
2777.8000000000002,834.24000000000001,584.42423891518899,249.81576108481102,2104.5106943772043,101.62187499997836,130.8390594093643,118.08225111699261,70.054689168007883,29.945310831992114,1803941.4677599373,E80_P20_day_108,80,20,24,1,101.62187499997836,118.08225111699261,0,1826253.6873014362,736578.74303202156,23493.04205266885,49963.152216962204,1016218.7499997836,24,70000000,0.09634228760924439,0.0027397260273972603,6743960.1326471074,1400000,18476.603103142759,3835.6164383561645,1180.8225111699262,5016.4389495260912,1807777.0841982935,0,83.333333333333343,Optimal,7.3754335971898399e-12
2924,1128.8999999999999,774.49199445981048,354.40800554018955,2074.9284210526316,88.04827499997738,138.1404155124421,124.67172500002265,68.605899057472811,31.394100942527203,1678836.0157262329,E80_P20_day_109,80,20,24,1,88.04827499997738,124.67172500002265,0,1701148.2352677318,726224.94736842101,23558.936791499149,70881.60110803791,880482.74999977381,24,70000000,0.09634228760924439,0.0027397260273972603,6743960.1326471074,1400000,18476.603103142759,3835.6164383561645,1246.7172500002264,5082.3336883563907,1682671.6321645891,0,87.5,Optimal,7.3754335971898399e-12
3070.1999999999998,1880.29,1356.5338999999854,523.75610000001473,1722.5470914127266,0,91.08709141272665,82.206100000014601,72.144929771470643,27.85507022852936,708464.76299445739,E80_P20_day_110,80,20,24,1,0,82.206100000014601,0,730776.98253595619,602891.48199445428,23134.280541499069,104751.22000000294,0,24,70000000,0.09634228760924439,0.0027397260273972603,6743960.1326471074,1400000,18476.603103142759,3835.6164383561645,822.06100000014601,4657.6774383563106,712300.37943281338,0,58.333333333333336,Optimal,7.3754335971898399e-12
2777.8000000000002,736.63,736.63,0,2044.1139058171639,0,30.193905817163973,27.250000000000025,100,0,715712.36703600734,E80_P20_day_111,80,20,24,1,0,27.250000000000025,0,738024.58657750627,715439.86703600734,22584.719541498926,0,0,24,70000000,0.09634228760924439,0.0027397260273972603,6743960.1326471074,1400000,18476.603103142759,3835.6164383561645,272.50000000000023,4108.1164383561645,719547.98347436346,0,20.833333333333336,Optimal,3.986144747614162e-12
2924,414.12,414.12,0,2472.6480332409897,45.919999999978756,89.108033240989641,80.420000000021318,100,0,1325431.0116341342,E80_P20_day_112,80,20,24,1,45.919999999978756,80.420000000021318,0,1347743.2311756331,865426.81163434638,23116.419541499137,0,459199.99999978754,24,70000000,0.09634228760924439,0.0027397260273972603,6743960.1326471074,1400000,18476.603103142759,3835.6164383561645,804.20000000021321,4639.8164383563781,1329266.6280724904,0,50,Optimal,7.3683281698322389e-12
3070.1999999999998,467.26999999999998,467.26999999999998,0,2480.6684210526314,129.32334999997704,72.428421052631592,65.366650000022915,100,0,2162121.1138681918,E80_P20_day_113,80,20,24,1,129.32334999997704,65.366650000022915,0,2184433.3334096908,868233.94736842101,22965.886041499154,0,1293233.4999997704,24,70000000,0.09634228760924439,0.0027397260273972603,6743960.1326471074,1400000,18476.603103142759,3835.6164383561645,653.66650000022912,4489.282938356394,2165956.7303065481,0,58.333333333333336,Optimal,5.2793325266975444e-12
2777.8000000000002,770.16999999999996,673.64487534624197,96.525124653758056,2072.4084210526316,44.646274999975823,132.30329639888419,119.4037250000348,87.467036543391984,12.532963456608028,1192304.7595489311,E80_P20_day_114,80,20,24,1,44.646274999975823,119.4037250000348,0,1214616.9790904303,725342.94736842113,23506.256791499272,19305.02493075161,446462.74999975821,24,70000000,0.09634228760924439,0.0027397260273972603,6743960.1326471074,1400000,18476.603103142759,3835.6164383561645,1194.037250000348,5029.6536883565122,1196140.3759872876,0,87.5,Optimal,7.3754335971898399e-12
2924,1279.26,869.22382378123871,410.03617621876128,2060.2691730262968,10.259999999978744,161.56919802630944,145.81620121879533,67.947393319672216,32.052606680327784,907159.60781493154,E80_P20_day_115,80,20,24,1,10.259999999978744,145.81620121879533,0,929471.82735643047,721094.21055920387,23770.381553686879,82007.23524375225,102599.99999978744,24,70000000,0.09634228760924439,0.0027397260273972603,6743960.1326471074,1400000,18476.603103142759,3835.6164383561645,1458.1620121879532,5293.7784505441177,910995.22425328766,0,95.833333333333343,Optimal,7.3754335971898399e-12
3070.1999999999998,677.54999999999995,654.25487534625267,23.29512465374739,2214.8299999999999,209.84574999997866,89.544875346252624,80.814250000021289,96.561858954505595,3.4381410454944121,2879115.1674305364,E80_P20_day_116,80,20,24,1,209.84574999997866,80.814250000021289,0,2901427.3869720353,775190.5,23120.362041499138,4659.0249307494778,2098457.4999997867,24,70000000,0.09634228760924439,0.0027397260273972603,6743960.1326471074,1400000,18476.603103142759,3835.6164383561645,808.14250000021286,4643.7589383563773,2882950.7838688926,0,54.166666666666664,Optimal,7.3754335971898399e-12
2777.8000000000002,1080.45,1080.4499999999998,0,1697.8589499999982,0,5.2200000000000024,4.7110500000016478,99.999999999999986,0,594297.74299999943,E80_P20_day_117,80,20,24,1,0,4.7110500000016478,0,616609.96254149836,594250.63249999937,22359.330041498939,0,0,24,70000000,0.09634228760924439,0.0027397260273972603,6743960.1326471074,1400000,18476.603103142759,3835.6164383561645,47.110500000016479,3882.7269383561811,598133.35943835555,0,20.833333333333336,Optimal,1.2789769243681803e-12
2924,1132.8799999999999,765.71678947366468,367.16321052633538,2079.6284210526314,91.995149999976334,136.8242105263158,123.48385000004323,67.590282242926421,32.409717757073601,1722488.927973452,E80_P20_day_118,80,20,24,1,91.995149999976334,123.48385000004323,0,1744801.1475149507,727869.94736842101,23547.058041499356,73432.642105267078,919951.49999976333,24,70000000,0.09634228760924439,0.0027397260273972603,6743960.1326471074,1400000,18476.603103142759,3835.6164383561645,1234.8385000004323,5070.4549383565973,1726324.544411808,0,83.333333333333343,Optimal,7.3754335971898399e-12
3070.1999999999998,1182.2,785.93199445981054,396.26800554018951,2100.9284210526316,196.3899999999787,133.85041551244211,120.80000000002129,66.480459690391683,33.51954030960831,2779686.5484762457,E80_P20_day_119,80,20,24,1,196.3899999999787,120.80000000002129,0,2801998.7680177451,735324.94736842101,23520.219541499137,79253.601108037896,1963899.999999787,24,70000000,0.09634228760924439,0.0027397260273972603,6743960.1326471074,1400000,18476.603103142759,3835.6164383561645,1208.0000000002128,5043.6164383563773,2783522.1649146024,0,66.666666666666657,Optimal,7.3754335971898399e-12
2777.8000000000002,1657.0899999999999,1147.4199999999792,509.67000000002099,1640.1299999999894,0,100,90.250000000031605,69.243070684149885,30.756929315850133,676882.00000000081,E80_P20_day_120,80,20,24,1,0,90.250000000031605,0,699194.21954149974,574045.49999999627,23214.719541499238,101934.00000000419,0,24,70000000,0.09634228760924439,0.0027397260273972603,6743960.1326471074,1400000,18476.603103142759,3835.6164383561645,902.50000000031605,4738.116438356481,680717.61643835693,0,54.166666666666664,Optimal,7.3754335971898399e-12
2924,1426.8099999999999,1323.5908999999901,103.21910000000993,1606.7699999999893,0,65.240000000000009,58.879100000020621,92.765743161317218,7.234256838682791,583602.1109999984,E80_P20_day_121,80,20,24,1,0,58.879100000020621,0,605914.33054149733,562369.49999999627,22901.01054149913,20643.820000001986,0,24,70000000,0.09634228760924439,0.0027397260273972603,6743960.1326471074,1400000,18476.603103142759,3835.6164383561645,588.79100000020617,4424.4074383563711,587437.72743835452,0,41.666666666666671,Optimal,7.3754335971898399e-12
3070.1999999999998,2274.4200000000001,1790.5662049861262,483.85379501387376,1292.4195749999794,0,131.1362049861263,118.35042500002042,78.726277687767691,21.273722312232294,550301.1145027678,E80_P20_day_122,80,20,24,1,0,118.35042500002042,0,572613.33404426661,452346.85124999279,23495.723791499127,96770.75900277475,0,24,70000000,0.09634228760924439,0.0027397260273972603,6743960.1326471074,1400000,18476.603103142759,3835.6164383561645,1183.5042500002041,5019.1206883563682,554136.73094112379,0,66.666666666666657,Optimal,7.3754335971898399e-12
2777.8000000000002,1187.1900000000001,788.32554016618951,398.86445983381054,1969.6637673130185,31.114774999978188,115.939307479208,104.63522500002185,66.402643230332927,33.597356769667073,1081349.3127761008,E80_P20_day_123,80,20,24,1,31.114774999978188,104.63522500002185,0,1103661.5323175997,689382.3185595565,23358.57179149914,79772.891966762108,311147.7499997819,24,70000000,0.09634228760924439,0.0027397260273972603,6743960.1326471074,1400000,18476.603103142759,3835.6164383561645,1046.3522500002184,4881.9686883563827,1085184.929214457,0,75,Optimal,7.3683281698322389e-12
2924,1313.74,984.09999999998547,329.6400000000146,1944.3727700830755,7.5200000000000102,123.00277008307562,111.01000000001461,74.908277132460412,25.091722867539591,822768.56952907948,E80_P20_day_124,80,20,24,1,7.5200000000000102,111.01000000001461,0,845080.78907057841,680530.46952907636,23422.31954149907,65928.000000002925,75200.000000000102,24,70000000,0.09634228760924439,0.0027397260273972603,6743960.1326471074,1400000,18476.603103142759,3835.6164383561645,1110.1000000001461,4945.7164383563104,826604.18596743559,0,70.833333333333343,Optimal,7.3754335971898399e-12
3070.1999999999998,1278.49,1278.49,0,1792.0543152454768,0,3.5314384151589815,3.187123169682101,100,0,627250.88156761369,E80_P20_day_125,80,20,24,1,0,3.187123169682101,0,649563.10110911261,627219.01033591689,22344.090773195745,0,0,24,70000000,0.09634228760924439,0.0027397260273972603,6743960.1326471074,1400000,18476.603103142759,3835.6164383561645,31.87123169682101,3867.4876700529853,631086.4980059698,0,16.666666666666664,Optimal,7.9580786405131221e-13
2777.8000000000002,1352.55,886.00404999998102,466.54595000001893,1903.6154293628595,0,121.22542936285944,109.40595000001895,65.506195704408796,34.493804295591211,760668.64977700484,E80_P20_day_126,80,20,24,1,0,109.40595000001895,0,782980.86931850377,666265.40027700085,23406.279041499114,93309.190000003786,0,24,70000000,0.09634228760924439,0.0027397260273972603,6743960.1326471074,1400000,18476.603103142759,3835.6164383561645,1094.0595000001895,4929.675938356354,764504.26621536096,0,66.666666666666657,Optimal,7.3683281698322389e-12
2924,1115.6099999999999,801.95199445981041,313.65800554018949,2066.6284210526314,69.73164999997465,146.79041551244208,132.47835000002536,71.884618680346222,28.115381319653778,1484692.8319762056,E80_P20_day_127,80,20,24,1,69.73164999997465,132.47835000002536,0,1507005.0515177045,723319.94736842101,23637.003041499178,62731.601108037896,697316.49999974645,24,70000000,0.09634228760924439,0.0027397260273972603,6743960.1326471074,1400000,18476.603103142759,3835.6164383561645,1324.7835000002535,5160.3999383564178,1488528.4484145618,0,87.5,Optimal,7.3754335971898399e-12
3070.1999999999998,1024.6699999999998,632.74587499997915,391.92412500002081,2185.2799999999997,264.77989999997993,129.28999999999996,116.68422500004081,61.751185747604517,38.248814252395491,3492198.6672498034,E80_P20_day_128,80,20,24,1,264.77989999997993,116.68422500004081,0,3514510.8867913028,764847.99999999988,23479.061791499331,78384.825000004159,2647798.9999997993,24,70000000,0.09634228760924439,0.0027397260273972603,6743960.1326471074,1400000,18476.603103142759,3835.6164383561645,1166.8422500004081,5002.4586883565726,3496034.2836881601,0,58.333333333333336,Optimal,7.3754335971898399e-12
2777.8000000000002,242.92999999999998,242.93000000000001,0,2429.2784210526315,112.28479999997833,68.648421052631562,61.955200000021676,100.00000000000001,0,1973714.9993682043,E80_P20_day_129,80,20,24,1,112.28479999997833,61.955200000021676,0,1996027.2189097034,850247.44736842101,22931.77154149914,0,1122847.9999997832,24,70000000,0.09634228760924439,0.0027397260273972603,6743960.1326471074,1400000,18476.603103142759,3835.6164383561645,619.55200000021682,4455.1684383563816,1977550.6158065607,0,54.166666666666664,Optimal,5.8388849311086233e-12
2924,615.03999999999996,615.03999999999996,0,2154.5569355263151,161.12999999997874,68.994210526315726,62.267275000021741,100,0,2366017.6001839982,E80_P20_day_130,80,20,24,1,161.12999999997874,62.267275000021741,0,2388329.8197254967,754094.92743421032,22934.892291499142,0,1611299.9999997874,24,70000000,0.09634228760924439,0.0027397260273972603,6743960.1326471074,1400000,18476.603103142759,3835.6164383561645,622.67275000021743,4458.2891883563816,2369853.216622354,0,62.5,Optimal,5.8690829973784275e-12
3070.1999999999998,1184.0699999999999,848.89999999997906,335.17000000002099,2132.2842105263157,102.69739999997661,140.32421052631582,126.64260000004437,71.693396505272418,28.30660349472759,1841573.8996839812,E80_P20_day_131,80,20,24,1,102.69739999997661,126.64260000004437,0,1863886.1192254801,746299.47368421056,23578.645541499369,67034.000000004191,1026973.9999997661,24,70000000,0.09634228760924439,0.0027397260273972603,6743960.1326471074,1400000,18476.603103142759,3835.6164383561645,1266.4260000004438,5102.0424383566078,1845409.5161223374,0,75,Optimal,7.3754335971898399e-12
2777.8000000000002,1002.77,742.89554016618956,259.87445983381053,2028.0252077562282,19.059999999978743,124.93074792241752,112.7500000000213,74.08434039372834,25.915659606271682,953511.21468122967,E80_P20_day_132,80,20,24,1,19.059999999978743,112.7500000000213,0,975823.4342227286,709808.82271467987,23439.719541499137,51974.891966762108,190599.99999978743,24,70000000,0.09634228760924439,0.0027397260273972603,6743960.1326471074,1400000,18476.603103142759,3835.6164383561645,1127.500000000213,4963.1164383563773,957346.83111958578,0,83.333333333333343,Optimal,7.3683281698322389e-12
2924,1252.73,981.62999999998533,271.10000000001463,1954.2039612188103,0,121.37396121881028,109.54000000001463,78.359263368801365,21.640736631198632,739286.78642658668,E80_P20_day_133,80,20,24,1,0,109.54000000001463,0,761599.00596808561,683971.38642658363,23407.619541499069,54220.000000002925,0,24,70000000,0.09634228760924439,0.0027397260273972603,6743960.1326471074,1400000,18476.603103142759,3835.6164383561645,1095.4000000001463,4931.0164383563106,743122.40286494279,0,75,Optimal,7.3718808835110394e-12
3070.1999999999998,1315.55,918.00620498612625,397.54379501387376,2093.2142105263156,72.24839999997792,136.09041551244212,122.82160000002203,69.7811717522045,30.218828247795503,1535845.9486867646,E80_P20_day_134,80,20,24,1,72.24839999997792,122.82160000002203,0,1558158.1682282635,732624.97368421045,23540.435541499144,79508.75900277475,722483.99999977916,24,70000000,0.09634228760924439,0.0027397260273972603,6743960.1326471074,1400000,18476.603103142759,3835.6164383561645,1228.2160000002202,5063.832438356385,1539681.5651251208,0,83.333333333333343,Optimal,7.3754335971898399e-12
2777.8000000000002,914.82999999999993,910.28999999999996,4.5399999999999956,1841.0378855263011,37.529999999978727,113.41421052631583,102.35632500003588,99.503732933987749,0.49626706601226411,1021594.8231839931,E80_P20_day_135,80,20,24,1,37.529999999978727,102.35632500003588,0,1043907.042725492,644363.25993420545,23335.782791499281,907.99999999999909,375299.99999978725,24,70000000,0.09634228760924439,0.0027397260273972603,6743960.1326471074,1400000,18476.603103142759,3835.6164383561645,1023.5632500003588,4859.179688356523,1025430.4396223492,0,79.166666666666657,Optimal,7.3683281698322389e-12
2924,423.49000000000001,422.18578947368422,1.304210526315785,2334.6826315789472,173.6999999999787,67.368421052631575,60.800000000021292,99.692032745444806,0.30796725455519258,2555007.7631576816,E80_P20_day_136,80,20,24,1,173.6999999999787,60.800000000021292,0,2577319.982699181,817138.92105263146,22920.219541499137,260.84210526315701,1736999.999999787,24,70000000,0.09634228760924439,0.0027397260273972603,6743960.1326471074,1400000,18476.603103142759,3835.6164383561645,608.00000000021294,4443.6164383563773,2558843.3795960383,0,45.833333333333329,Optimal,5.6417093219351955e-12
3070.1999999999998,917.27999999999997,700.99623947366695,216.28376052633305,2147.5284210526315,233.59999999997865,122.30421052631571,110.37955000003856,76.421184313804616,23.578815686195391,3131995.4949734746,E80_P20_day_137,80,20,24,1,233.59999999997865,110.37955000003856,0,3154307.7145149736,751634.94736842101,23416.015041499311,43256.752105266612,2335999.9999997867,24,70000000,0.09634228760924439,0.0027397260273972603,6743960.1326471074,1400000,18476.603103142759,3835.6164383561645,1103.7955000003856,4939.4119383565503,3135831.1114118309,0,62.5,Optimal,7.3754335971898399e-12
2777.8000000000002,966.13999999999999,660.0440357812372,306.09596421876284,2085.2887730263046,46.289999999978754,141.77239802631209,127.94958921879149,68.317638828869235,31.682361171130776,1255249.7592949346,E80_P20_day_138,80,20,24,1,46.289999999978754,127.94958921879149,0,1277561.9788364335,729851.07055920665,23591.715433686841,61219.192843752571,462899.99999978754,24,70000000,0.09634228760924439,0.0027397260273972603,6743960.1326471074,1400000,18476.603103142759,3835.6164383561645,1279.4958921879149,5115.1123305440797,1259085.3757332908,0,91.666666666666657,Optimal,7.3754335971898399e-12
2924,716.10000000000002,653.7773966249855,62.322603375014488,2161.2372355263137,120.71164999997845,120.26956052631439,108.54327837503673,91.296941296604587,8.7030587033954028,1977099.4858927475,E80_P20_day_139,80,20,24,1,120.71164999997845,108.54327837503673,0,1999411.7054342465,756433.03243420983,23397.652325249292,12464.520675002897,1207116.4999997844,24,70000000,0.09634228760924439,0.0027397260273972603,6743960.1326471074,1400000,18476.603103142759,3835.6164383561645,1085.4327837503674,4921.0492221065324,1980935.1023311038,0,87.5,Optimal,7.3754335971898399e-12
3070.1999999999998,1498.7,1498.7,0,1572.2011357340693,0,7.1911357340694941,6.4899999999999931,100,0,550335.29750692425,E80_P20_day_140,80,20,24,1,0,6.4899999999999931,0,572647.51704842318,550270.39750692423,22377.119541498923,0,0,24,70000000,0.09634228760924439,0.0027397260273972603,6743960.1326471074,1400000,18476.603103142759,3835.6164383561645,64.899999999999935,3900.5164383561646,554170.91394528036,0,16.666666666666664,Optimal,2.3945290195115376e-12
2777.8000000000002,756.85000000000002,611.29203014647919,145.55796985352075,2097.1720554671779,81.519999999978765,124.96498065308,112.7808950394442,80.767923650192145,19.232076349807855,1579449.6223343983,E80_P20_day_141,80,20,24,1,81.519999999978765,112.7808950394442,0,1601761.8418758973,734010.21941351227,23440.028491893365,29111.593970704151,815199.99999978766,24,70000000,0.09634228760924439,0.0027397260273972603,6743960.1326471074,1400000,18476.603103142759,3835.6164383561645,1127.808950394442,4963.4253887506065,1583285.2387727546,0,87.5,Optimal,7.3754335971898399e-12
2924,647.71000000000004,468.29999999998535,179.41000000001461,2267.8842105263157,198.89999999997872,113.68421052631579,102.60000000003592,72.300875391762574,27.699124608237419,2819667.4736840012,E80_P20_day_142,80,20,24,1,198.89999999997872,102.60000000003592,0,2841979.6932254997,793759.47368421045,23338.219541499282,35882.000000002918,1988999.9999997872,24,70000000,0.09634228760924439,0.0027397260273972603,6743960.1326471074,1400000,18476.603103142759,3835.6164383561645,1026.0000000003593,4861.6164383565238,2823503.090122357,0,58.333333333333336,Optimal,7.3754335971898399e-12
3070.1999999999998,771.78999999999996,683.11946447367905,88.67053552632089,2143.8484210526208,254.67999999997863,117.41421052631574,105.96632500003705,88.511054104572381,11.488945895427628,3315940.7177234679,E80_P20_day_143,80,20,24,1,254.67999999997863,105.96632500003705,0,3338252.9372649668,750346.94736841728,23371.882791499294,17734.107105264178,2546799.9999997863,24,70000000,0.09634228760924439,0.0027397260273972603,6743960.1326471074,1400000,18476.603103142759,3835.6164383561645,1059.6632500003705,4895.2796883565352,3319776.3341618241,0,62.5,Optimal,7.3754335971898399e-12
2777.8000000000002,711,505.16636802427189,205.83363197572811,2219.5217269520685,65.126724999976943,123.22892283442283,111.21410285810555,71.050122084989013,28.949877915010983,1470378.72185672,E80_P20_day_144,80,20,24,1,65.126724999976943,111.21410285810555,0,1492690.941398219,776832.60443322395,23424.360570079978,41166.726395145619,651267.24999976938,24,70000000,0.09634228760924439,0.0027397260273972603,6743960.1326471074,1400000,18476.603103142759,3835.6164383561645,1112.1410285810555,4947.7574669372198,1474214.3382950763,0,87.5,Optimal,7.3718808835110394e-12
2924,429.25999999999999,429.25999999999999,0,2435.3584210526315,67.526574999973604,83.538421052631591,75.393425000026411,100,0,1528395.1316181573,E80_P20_day_145,80,20,24,1,67.526574999973604,75.393425000026411,0,1550707.3511596564,852375.44736842101,23066.153791499186,0,675265.74999973609,24,70000000,0.09634228760924439,0.0027397260273972603,6743960.1326471074,1400000,18476.603103142759,3835.6164383561645,753.93425000026411,4589.5506883564285,1532230.7480565137,0,66.666666666666657,Optimal,7.3718808835110394e-12
3070.1999999999998,1178.74,841.71157499998094,337.02842500001913,2105.8342105263159,135.11999999997866,127.85421052631577,115.38842500004039,71.407738347725612,28.592261652274388,2156801.5429340014,E80_P20_day_146,80,20,24,1,135.11999999997866,115.38842500004039,0,2179113.7624754999,737041.97368421056,23466.103791499329,67405.685000003825,1351199.9999997865,24,70000000,0.09634228760924439,0.0027397260273972603,6743960.1326471074,1400000,18476.603103142759,3835.6164383561645,1153.8842500004039,4989.5006883565684,2160637.1593723572,0,75,Optimal,7.3754335971898399e-12
2777.8000000000002,1096.53,690.35620498612639,406.17379501387359,2068.2242105263158,33.795874999973805,149.50041551244212,134.92412500002621,62.958259690672065,37.041740309327935,1144421.2239367235,E80_P20_day_147,80,20,24,1,33.795874999973805,134.92412500002621,0,1166733.4434782225,723878.47368421056,23661.460791499187,81234.759002774721,337958.74999973807,24,70000000,0.09634228760924439,0.0027397260273972603,6743960.1326471074,1400000,18476.603103142759,3835.6164383561645,1349.241250000262,5184.8576883564265,1148256.8403750798,0,87.5,Optimal,7.3754335971898399e-12
2924,1005.99,753.254660872562,252.73533912743795,2095.7574855263028,89.619999999978731,150.0732963988842,135.44115000004041,74.876953137959816,25.123046862040173,1681616.5992594813,E80_P20_day_148,80,20,24,1,89.619999999978731,135.44115000004041,0,1703928.8188009802,733515.11993420601,23666.631041499328,50547.067825487589,896199.99999978731,24,70000000,0.09634228760924439,0.0027397260273972603,6743960.1326471074,1400000,18476.603103142759,3835.6164383561645,1354.411500000404,5190.0279383565685,1685452.2156978375,0,91.666666666666657,Optimal,7.3754335971898399e-12
3070.1999999999998,948.26999999999998,934.91999999999996,13.350000000000012,2070.3208605263076,73.98999999997875,92.624210526315778,83.593350000029247,98.592173115251981,1.407826884748016,1468018.2346839956,E80_P20_day_149,80,20,24,1,73.98999999997875,83.593350000029247,0,1490330.4542254945,724612.30118420767,23148.153041499216,2670.0000000000023,739899.99999978754,24,70000000,0.09634228760924439,0.0027397260273972603,6743960.1326471074,1400000,18476.603103142759,3835.6164383561645,835.9335000002925,4671.5499383564566,1471853.8511223518,0,50,Optimal,7.3683281698322389e-12
2777.8000000000002,723.7700000000001,665.62269999999182,58.147300000008222,2069.013263638381,52.659999999978723,97.394498855201988,87.898535216850576,91.966052751563595,8.0339472484364123,1263263.0876253906,E80_P20_day_150,80,20,24,1,52.659999999978723,87.898535216850576,0,1285575.3071668898,724154.64227343339,23191.204893667429,11629.460000001645,526599.99999978719,24,70000000,0.09634228760924439,0.0027397260273972603,6743960.1326471074,1400000,18476.603103142759,3835.6164383561645,878.98535216850576,4714.6017905246699,1267098.7040637471,0,66.666666666666657,Optimal,7.3754335971898399e-12
2924,932.44999999999993,663.85389999998029,268.5961000000197,2107.5142105263158,165.27999999997868,129.7242105263158,117.076100000041,71.194584160006471,28.805415839993533,2445319.9546840019,E80_P20_day_151,80,20,24,1,165.27999999997868,117.076100000041,0,2467632.1742255008,737629.97368421056,23482.980541499332,53719.220000003937,1652799.999999787,24,70000000,0.09634228760924439,0.0027397260273972603,6743960.1326471074,1400000,18476.603103142759,3835.6164383561645,1170.7610000004099,5006.3774383565742,2449155.5711223581,0,75,Optimal,7.3754335971898399e-12
3070.1999999999998,1151.9099999999999,1151.9099999999999,0,1921.7391711229825,0,35.376114081988433,31.926942959005743,100,0,672927.97932263394,E80_P20_day_152,80,20,24,1,0,31.926942959005743,0,695240.19886413286,672608.70989304385,22631.48897108898,0,0,24,70000000,0.09634228760924439,0.0027397260273972603,6743960.1326471074,1400000,18476.603103142759,3835.6164383561645,319.26942959005743,4154.8858679462219,676763.59576099005,0,54.166666666666664,Optimal,4.0714098759053741e-12
2777.8000000000002,609.11000000000001,588.09000000000003,21.02,2162.0078024238142,36.929999999978705,94.644127423822297,85.416325000029531,96.549063387565468,3.4509366124345355,1131060.8940981221,E80_P20_day_153,80,20,24,1,36.929999999978705,85.416325000029531,0,1153373.1136396213,756702.73084833496,23166.382791499218,4204,369299.99999978708,24,70000000,0.09634228760924439,0.0027397260273972603,6743960.1326471074,1400000,18476.603103142759,3835.6164383561645,854.16325000029531,4689.7796883564597,1134896.5105364786,0,62.5,Optimal,7.3754335971898399e-12
2924,905.13000000000011,750.43168312500597,154.69831687499396,2156.7093355262791,32.149999999978732,156.83096052629131,141.53994187502747,82.908718429949943,17.091281570050043,1108703.3302277341,E80_P20_day_154,80,20,24,1,32.149999999978732,141.53994187502747,0,1131015.549769233,754848.26743419771,23727.618960249198,30939.663374998792,321499.99999978731,24,70000000,0.09634228760924439,0.0027397260273972603,6743960.1326471074,1400000,18476.603103142759,3835.6164383561645,1415.3994187502747,5251.0158571064394,1112538.9466660903,0,91.666666666666657,Optimal,7.3754335971898399e-12
3070.1999999999998,455.51999999999998,455.51999999999998,0,2420.1784210526316,201.06999999997871,67.368421052631575,60.800000000021278,100,0,2858370.4473682079,E80_P20_day_155,80,20,24,1,201.06999999997871,60.800000000021278,0,2880682.6669097072,847062.44736842101,22920.219541499137,0,2010699.999999787,24,70000000,0.09634228760924439,0.0027397260273972603,6743960.1326471074,1400000,18476.603103142759,3835.6164383561645,608.00000000021282,4443.6164383563773,2862206.0638065645,0,45.833333333333329,Optimal,5.1301185521879233e-12
2777.8000000000002,893.99000000000001,681.1282858725599,212.86171412744008,2033.2966105263092,76.72999999997873,136.9732963988842,123.61840000003629,76.189698528234089,23.810301471765911,1522762.3405094841,E80_P20_day_156,80,20,24,1,76.72999999997873,123.61840000003629,0,1545074.560050983,711653.8136842082,23548.403541499287,42572.342825488013,767299.99999978731,24,70000000,0.09634228760924439,0.0027397260273972603,6743960.1326471074,1400000,18476.603103142759,3835.6164383561645,1236.1840000003629,5071.8004383565276,1526597.9569478403,0,91.666666666666657,Optimal,7.3754335971898399e-12
2924,673.98000000000002,608.75593947367167,65.224060526328344,2140.4784210526313,185.21999999997871,107.22421052631576,96.769850000033841,90.322552519907362,9.6774474800926349,2615379.9579734742,E80_P20_day_157,80,20,24,1,185.21999999997871,96.769850000033841,0,2637692.1775149731,749167.44736842101,23279.918041499262,13044.812105265668,1852199.9999997872,24,70000000,0.09634228760924439,0.0027397260273972603,6743960.1326471074,1400000,18476.603103142759,3835.6164383561645,967.69850000033841,4803.3149383565033,2619215.5744118304,0,70.833333333333343,Optimal,6.9420025283761788e-12
3070.1999999999998,1277.1799999999998,928.19356044242465,348.98643955757541,2084.6017585526147,71.959999999978749,149.28532302631021,134.73000403129214,72.675234535650787,27.324765464349227,1520355.2034450306,E80_P20_day_158,80,20,24,1,71.959999999978749,134.73000403129214,0,1542667.4229865298,729610.61549341516,23659.519581811845,69797.287911515086,719599.99999978754,24,70000000,0.09634228760924439,0.0027397260273972603,6743960.1326471074,1400000,18476.603103142759,3835.6164383561645,1347.3000403129213,5182.9164786690853,1524190.8198833871,0,91.666666666666657,Optimal,7.3718808835110394e-12
2777.8000000000002,1361.6599999999999,914.26947499998255,447.39052500001742,1877.2021883656212,0,140.22218836562112,126.55052500001739,67.14374182982408,32.856258170175927,747764.37617797102,E80_P20_day_159,80,20,24,1,0,126.55052500001739,0,770076.59571946994,657020.76592796738,23577.724791499099,89478.105000003488,0,24,70000000,0.09634228760924439,0.0027397260273972603,6743960.1326471074,1400000,18476.603103142759,3835.6164383561645,1265.5052500001739,5101.1216883563384,751599.99261632713,0,79.166666666666657,Optimal,7.3683281698322389e-12
2924,1197.01,715.30620498612643,481.70379501387367,2065.5242105263155,156.21999999997871,133.85041551244208,120.8000000000213,59.757746801290416,40.242253198709591,2382682.2326867725,E80_P20_day_160,80,20,24,1,156.21999999997871,120.8000000000213,0,2404994.4522282714,722933.47368421045,23520.219541499137,96340.759002774736,1562199.9999997872,24,70000000,0.09634228760924439,0.0027397260273972603,6743960.1326471074,1400000,18476.603103142759,3835.6164383561645,1208.000000000213,5043.6164383563773,2386517.8491251287,0,79.166666666666657,Optimal,7.3754335971898399e-12
3070.1999999999998,685.31999999999994,580.45999999998526,104.86000000001469,2270.0642105263159,230.75999999997867,113.68421052631579,102.60000000003593,84.699118659893955,15.30088134010604,3124120.4736840008,E80_P20_day_161,80,20,24,1,230.75999999997867,102.60000000003593,0,3146432.6932254992,794522.47368421056,23338.219541499282,20972.000000002939,2307599.9999997867,24,70000000,0.09634228760924439,0.0027397260273972603,6743960.1326471074,1400000,18476.603103142759,3835.6164383561645,1026.0000000003593,4861.6164383565238,3127956.0901223565,0,54.166666666666664,Optimal,7.3754335971898399e-12
2777.8000000000002,694.13,584.34092454006282,109.78907545993717,2110.6272591465522,94.501874999978355,119.69290960647341,108.02285091988007,84.183211291841999,15.816788708158004,1706776.3343022633,E80_P20_day_162,80,20,24,1,94.501874999978355,108.02285091988007,0,1729088.5538437618,738719.54070129327,23392.448050697723,21957.815091987432,945018.74999978358,24,70000000,0.09634228760924439,0.0027397260273972603,6743960.1326471074,1400000,18476.603103142759,3835.6164383561645,1080.2285091988008,4915.8449475549651,1710611.9507406191,0,75,Optimal,7.3754335971898399e-12
2924,737.95000000000005,634.44629999998517,103.50370000001482,2124.4142105263159,176.28999999997868,114.36421052631579,103.21370000003613,85.974158140793435,14.02584185920656,2528177.8506840006,E80_P20_day_163,80,20,24,1,176.28999999997868,103.21370000003613,0,2550490.0702254996,743544.97368421056,23344.356541499285,20700.740000002963,1762899.9999997867,24,70000000,0.09634228760924439,0.0027397260273972603,6743960.1326471074,1400000,18476.603103142759,3835.6164383561645,1032.1370000003612,4867.7534383565253,2532013.4671223569,0,75,Optimal,7.3754335971898399e-12
3070.1999999999998,1000.29,696.24620498612626,304.04379501387371,2134.8042105263157,252.1999999999787,133.85041551244211,120.80000000002127,69.604435212401029,30.395564787598968,3331198.2326867725,E80_P20_day_164,80,20,24,1,252.1999999999787,120.80000000002127,0,3353510.4522282714,747181.47368421056,23520.219541499137,60808.759002774743,2521999.9999997872,24,70000000,0.09634228760924439,0.0027397260273972603,6743960.1326471074,1400000,18476.603103142759,3835.6164383561645,1208.0000000002128,5043.6164383563773,3335033.8491251287,0,62.5,Optimal,7.3754335971898399e-12
2777.8000000000002,729.25999999999999,610.50554016618946,118.75445983381053,2107.3842105263157,70.799999999978738,111.68975069250526,100.80000000002129,83.715758462851312,16.284241537148688,1470343.3656507602,E80_P20_day_165,80,20,24,1,70.799999999978738,100.80000000002129,0,1492655.5851922592,737584.47368421045,23320.219541499137,23750.891966762105,707999.99999978743,24,70000000,0.09634228760924439,0.0027397260273972603,6743960.1326471074,1400000,18476.603103142759,3835.6164383561645,1008.0000000002128,4843.6164383563773,1474178.9820891165,0,54.166666666666664,Optimal,7.3754335971898399e-12
2924,837.8900000000001,832.38,5.5100000000000051,2078.8687355263146,19.719999999978736,71.474210526315801,64.505475000022585,99.342395779875631,0.65760422012436048,926551.11218399776,E80_P20_day_166,80,20,24,1,19.719999999978736,64.505475000022585,0,948863.33172549657,727604.05743421009,22957.27429149915,1102.0000000000009,197199.99999978737,24,70000000,0.09634228760924439,0.0027397260273972603,6743960.1326471074,1400000,18476.603103142759,3835.6164383561645,645.05475000022579,4480.6711883563903,930386.72862235375,0,41.666666666666671,Optimal,7.3718808835110394e-12
3070.1999999999998,473.85000000000002,473.85000000000002,0,2407.0384210526317,195.87999999997871,67.368421052631589,60.800000000021285,100,0,2801871.4473682083,E80_P20_day_167,80,20,24,1,195.87999999997871,60.800000000021285,0,2824183.6669097072,842463.44736842113,22920.219541499137,0,1958799.999999787,24,70000000,0.09634228760924439,0.0027397260273972603,6743960.1326471074,1400000,18476.603103142759,3835.6164383561645,608.00000000021282,4443.6164383563773,2805707.0638065645,0,33.333333333333329,Optimal,7.0627947934553958e-12
2777.8000000000002,943.01999999999998,766.7190858725578,176.30091412744221,1986.1402770083066,37.949999999978786,133.42936288087509,120.42000000003191,81.304647395872593,18.695352604127404,1111113.4797781841,E80_P20_day_168,80,20,24,1,37.949999999978786,120.42000000003191,0,1133425.6993196828,695149.09695290728,23516.419541499243,35260.182825488446,379499.99999978783,24,70000000,0.09634228760924439,0.0027397260273972603,6743960.1326471074,1400000,18476.603103142759,3835.6164383561645,1204.2000000003191,5039.8164383564836,1114949.0962165401,0,75,Optimal,7.3754335971898399e-12
2924,498.20999999999998,498.20999999999998,0,2254.7784210526315,177.57999999997872,67.368421052631547,60.800000000021271,100,0,2565580.4473682083,E80_P20_day_169,80,20,24,1,177.57999999997872,60.800000000021271,0,2587892.6669097072,789172.44736842101,22920.219541499137,0,1775799.9999997872,24,70000000,0.09634228760924439,0.0027397260273972603,6743960.1326471074,1400000,18476.603103142759,3835.6164383561645,608.00000000021271,4443.6164383563773,2569416.0638065645,0,58.333333333333336,Optimal,4.7908343958624755e-12
3070.1999999999998,910.8599999999999,679.0764394736666,231.7835605263333,2139.5084210526315,263.60999999997864,123.02421052631574,111.02935000003882,74.553327566658609,25.446672433341384,3432394.9529734747,E80_P20_day_170,80,20,24,1,263.60999999997864,111.02935000003882,0,3454707.1725149732,748827.94736842101,23422.513041499311,46356.712105266663,2636099.9999997863,24,70000000,0.09634228760924439,0.0027397260273972603,6743960.1326471074,1400000,18476.603103142759,3835.6164383561645,1110.2935000003881,4945.9099383565526,3436230.5694118305,0,62.5,Optimal,7.3754335971898399e-12
2777.8000000000002,690.10000000000002,516.14219016618847,173.9578098338115,2176.2842105263157,96.691374999978265,116.07975069250527,104.76197500002267,74.792376491260455,25.207623508739527,1764452.4054007558,E80_P20_day_171,80,20,24,1,96.691374999978265,104.76197500002267,0,1786764.6249422547,761699.47368421056,23359.839291499149,34791.561966762296,966913.74999978265,24,70000000,0.09634228760924439,0.0027397260273972603,6743960.1326471074,1400000,18476.603103142759,3835.6164383561645,1047.6197500002268,4883.2361883563917,1768288.021839112,0,83.333333333333343,Optimal,7.3754335971898399e-12
2924,475.88,475.88,0,2292.8263605263151,162.15999999997871,70.424210526315761,63.557850000022235,100,0,2424724.8046839978,E80_P20_day_172,80,20,24,1,162.15999999997871,63.557850000022235,0,2447037.0242254967,802489.22618421027,22947.798041499147,0,1621599.9999997872,24,70000000,0.09634228760924439,0.0027397260273972603,6743960.1326471074,1400000,18476.603103142759,3835.6164383561645,635.57850000022233,4471.194938356387,2428560.421122354,0,62.5,Optimal,5.2366999625519384e-12
3070.1999999999998,515.66000000000008,515.66000000000008,0,2303.0684210526315,258.03999999997865,67.368421052631561,60.800000000021278,100,0,3387081.9473682074,E80_P20_day_173,80,20,24,1,258.03999999997865,60.800000000021278,0,3409394.1669097063,806073.94736842101,22920.219541499137,0,2580399.9999997863,24,70000000,0.09634228760924439,0.0027397260273972603,6743960.1326471074,1400000,18476.603103142759,3835.6164383561645,608.00000000021282,4443.6164383563773,3390917.5638065636,0,45.833333333333329,Optimal,7.2617467594682239e-12
2777.8000000000002,472.21999999999997,472.21999999999997,0,2261.8959002770048,51.159999999978766,76.675900277005013,69.200000000021262,100,0,1303955.5650967394,E80_P20_day_174,80,20,24,1,51.159999999978766,69.200000000021262,0,1326267.7846382386,791663.56509695167,23004.219541499137,0,511599.99999978766,24,70000000,0.09634228760924439,0.0027397260273972603,6743960.1326471074,1400000,18476.603103142759,3835.6164383561645,692.00000000021259,4527.6164383563773,1307791.1815350959,0,62.5,Optimal,7.3683281698322389e-12
2924,642.28999999999996,642.15578947368419,0.13421052631579178,2218.6426315789472,70.290649999976992,72.708421052631579,65.61935000002299,99.979104372430555,0.020895627569445543,1480114.4566576651,E80_P20_day_175,80,20,24,1,70.290649999976992,65.61935000002299,0,1502426.6761991638,776524.92105263157,22968.413041499152,26.842105263158356,702906.49999976996,24,70000000,0.09634228760924439,0.0027397260273972603,6743960.1326471074,1400000,18476.603103142759,3835.6164383561645,656.19350000022996,4491.8099383563949,1483950.0730960211,0,70.833333333333343,Optimal,7.3718808835110394e-12
3070.1999999999998,1165.1799999999998,821.03199445981056,344.14800554018956,2061.9584210526314,200.25999999997865,133.85041551244208,120.80000000002129,70.463962174068442,29.536037825931583,2794323.0484762453,E80_P20_day_176,80,20,24,1,200.25999999997865,120.80000000002129,0,2816635.2680177446,721685.44736842101,23520.219541499137,68829.60110803791,2002599.9999997865,24,70000000,0.09634228760924439,0.0027397260273972603,6743960.1326471074,1400000,18476.603103142759,3835.6164383561645,1208.0000000002128,5043.6164383563773,2798158.6649146019,0,70.833333333333343,Optimal,7.3754335971898399e-12
2777.8000000000002,1693,1045.9799999999791,647.02000000002101,1741.5699999999892,0,100,90.250000000031591,61.782634376844598,38.217365623155409,739856.00000000081,E80_P20_day_177,80,20,24,1,0,90.250000000031591,0,762168.21954149974,609549.49999999627,23214.719541499238,129404.00000000421,0,24,70000000,0.09634228760924439,0.0027397260273972603,6743960.1326471074,1400000,18476.603103142759,3835.6164383561645,902.50000000031594,4738.1164383564801,743691.61643835693,0,58.333333333333336,Optimal,7.3683281698322389e-12
2924,1889.0499999999997,1130.329999999979,758.72000000002095,1806.7776731301699,0,134.43767313017011,121.33000000002103,59.835896350016107,40.164103649983907,785329.48559556378,E80_P20_day_178,80,20,24,1,0,121.33000000002103,0,807641.7051370627,632372.18559555942,23525.519541499132,151744.00000000419,0,24,70000000,0.09634228760924439,0.0027397260273972603,6743960.1326471074,1400000,18476.603103142759,3835.6164383561645,1213.3000000002103,5048.9164383563748,789165.10203391989,0,70.833333333333343,Optimal,7.3683281698322389e-12
3070.1999999999998,1102.74,732.30277499998215,370.43722500001797,2140.8242105263157,209.17999999997866,124.17421052631578,112.06722500003922,66.407564339733952,33.592435660266062,2916296.5909340009,E80_P20_day_179,80,20,24,1,209.17999999997866,112.06722500003922,0,2938608.8104755003,749288.47368421045,23432.891791499314,74087.445000003601,2091799.9999997867,24,70000000,0.09634228760924439,0.0027397260273972603,6743960.1326471074,1400000,18476.603103142759,3835.6164383561645,1120.6722500003921,4956.288688356557,2920132.2073723576,0,58.333333333333336,Optimal,7.3754335971898399e-12
2777.8000000000002,636.10000000000002,612.89842105263153,23.201578947368407,2087.8242105263053,87.178624999977956,103.60263157894737,93.501375000032724,96.352526497819767,3.6474735021802243,1608100.0532234604,E80_P20_day_180,80,20,24,1,87.178624999977956,93.501375000032724,0,1630412.2727649594,730738.47368420684,23247.233291499251,4640.3157894736814,871786.24999977951,24,70000000,0.09634228760924439,0.0027397260273972603,6743960.1326471074,1400000,18476.603103142759,3835.6164383561645,935.01375000032726,4770.630188356492,1611935.6696618167,0,83.333333333333343,Optimal,7.3754335971898399e-12
2924,661.02999999999997,588.77239999998392,72.257600000015998,2168.8042105263157,177.95999999997872,118.32421052631571,106.78760000003732,89.068937869685783,10.931062130314206,2554200.869684001,E80_P20_day_181,80,20,24,1,177.95999999997872,106.78760000003732,0,2576513.0892255004,759081.47368421056,23380.095541499297,14451.5200000032,1779599.9999997872,24,70000000,0.09634228760924439,0.0027397260273972603,6743960.1326471074,1400000,18476.603103142759,3835.6164383561645,1067.8760000003731,4903.4924383565376,2558036.4861223577,0,70.833333333333343,Optimal,7.3754335971898399e-12
3070.1999999999998,1044.3400000000001,833.39714481249302,210.94285518750701,2153.8294355263038,95.349999999978692,126.93928552631172,114.56270518753644,79.801323784638427,20.198676215361566,1750674.5005233702,E80_P20_day_182,80,20,24,1,95.349999999978692,114.56270518753644,0,1772986.7200648692,753840.30243420636,23457.846593374288,42188.571037501402,953499.99999978696,24,70000000,0.09634228760924439,0.0027397260273972603,6743960.1326471074,1400000,18476.603103142759,3835.6164383561645,1145.6270518753645,4981.243490231529,1754510.1169617265,0,91.666666666666657,Optimal,7.3754335971898399e-12
2777.8000000000002,1273.8399999999999,932.60882499998047,341.23117500001945,1854.4799999999893,0,95.269999999999996,85.981175000030106,73.212399123907275,26.787600876092714,718174.04675000045,E80_P20_day_183,80,20,24,1,0,85.981175000030106,0,740486.26629149937,649067.99999999627,23172.031291499225,68246.235000003886,0,24,70000000,0.09634228760924439,0.0027397260273972603,6743960.1326471074,1400000,18476.603103142759,3835.6164383561645,859.81175000030112,4695.4281883564654,722009.66318835656,0,58.333333333333336,Optimal,7.3754335971898399e-12
2924,744.80999999999995,699.8736060585104,44.93639394148957,2115.6102344560368,119.21709999997637,109.75323604675268,99.052295532228996,93.966730583438789,6.0332694165612129,1942612.3838029967,E80_P20_day_184,80,20,24,1,119.21709999997637,99.052295532228996,0,1964924.6033444956,740463.58205961285,23302.742496821214,8987.2787882979137,1192170.9999997637,24,70000000,0.09634228760924439,0.0027397260273972603,6743960.1326471074,1400000,18476.603103142759,3835.6164383561645,990.52295532228993,4826.1393936784543,1946448.0002413529,0,87.5,Optimal,7.3754335971898399e-12
3070.1999999999998,1495.1499999999999,1122.373479906239,372.77652009376089,1961.1478230262824,0,136.62874802630463,123.3074450937831,75.067617289652489,24.932382710347522,762190.11652888882,E80_P20_day_185,80,20,24,1,0,123.3074450937831,0,784502.33607038774,686401.73805919883,23545.293992436753,74555.304018752184,0,24,70000000,0.09634228760924439,0.0027397260273972603,6743960.1326471074,1400000,18476.603103142759,3835.6164383561645,1233.074450937831,5068.6908892939955,766025.73296724493,0,91.666666666666657,Optimal,7.3754335971898399e-12
2777.8000000000002,2292.0299999999997,1486.0758749999791,805.95412500002078,1303.384149999983,0,119.59,107.92997500003779,64.836667713772471,35.163332286227529,618454.57724999858,E80_P20_day_186,80,20,24,1,0,107.92997500003779,0,640766.7967914975,456184.45249999408,23391.519291499302,161190.82500000414,0,24,70000000,0.09634228760924439,0.0027397260273972603,6743960.1326471074,1400000,18476.603103142759,3835.6164383561645,1079.2997500003778,4914.9161883565421,622290.19368835469,0,58.333333333333336,Optimal,7.3754335971898399e-12
2924,1584.6600000000001,982.20127499998057,602.45872500001929,1924.5406094182792,30.719999999978747,138.07060941827933,124.60872500004071,61.981830487295724,38.018169512704254,1102527.0455461894,E80_P20_day_187,80,20,24,1,30.719999999978747,124.60872500004071,0,1124839.2650876883,673589.21329639771,23558.30679149933,120491.74500000385,307199.99999978748,24,70000000,0.09634228760924439,0.0027397260273972603,6743960.1326471074,1400000,18476.603103142759,3835.6164383561645,1246.087250000407,5081.7036883565715,1106362.6619845456,0,79.166666666666657,Optimal,7.3718808835110394e-12
3070.1999999999998,862.58999999999992,747.27049605261914,115.31950394738091,2181.8642105263157,151.5779999999784,107.82263157894735,97.309925000034056,86.631017754972717,13.368982245027292,2303469.4737234712,E80_P20_day_188,80,20,24,1,151.5779999999784,97.309925000034056,0,2325781.6932649696,763652.47368421045,23285.318791499263,23063.900789476182,1515779.9999997839,24,70000000,0.09634228760924439,0.0027397260273972603,6743960.1326471074,1400000,18476.603103142759,3835.6164383561645,973.09925000034059,4808.7156883565049,2307305.0901618269,0,75,Optimal,7.3754335971898399e-12
2777.8000000000002,1239.71,955.26869999998507,284.44130000001508,1832.7794736841904,0,105.10947368419042,94.861300000015078,77.055819506173634,22.944180493826384,699309.68878946977,E80_P20_day_189,80,20,24,1,0,94.861300000015078,0,721621.9083309687,641472.81578946661,23260.832541499076,56888.260000003014,0,24,70000000,0.09634228760924439,0.0027397260273972603,6743960.1326471074,1400000,18476.603103142759,3835.6164383561645,948.61300000015081,4784.2294383563149,703145.30522782588,0,66.666666666666657,Optimal,7.3754335971898399e-12
2924,2054.7600000000002,1207.4462049861263,847.31379501387369,1727.5407235141968,0,112.68644615752527,101.69951765720215,58.763369200594042,41.236630799405951,775119.00740931556,E80_P20_day_190,80,20,24,1,0,101.69951765720215,0,797431.22695081448,604639.25322996883,23329.214718070943,169462.75900277475,0,24,70000000,0.09634228760924439,0.0027397260273972603,6743960.1326471074,1400000,18476.603103142759,3835.6164383561645,1016.9951765720215,4852.6116149281861,778954.62384767167,0,70.833333333333343,Optimal,7.3718808835110394e-12
3070.1999999999998,1650.98,1071.84992499998,579.13007500002016,1969.211662049855,43.62999999997875,148.63166204985524,134.14007500004135,64.922041757015833,35.077958242984174,1242691.4974672412,E80_P20_day_191,80,20,24,1,43.62999999997875,134.14007500004135,0,1265003.7170087399,689224.08171744924,23653.620291499337,115826.01500000403,436299.99999978748,24,70000000,0.09634228760924439,0.0027397260273972603,6743960.1326471074,1400000,18476.603103142759,3835.6164383561645,1341.4007500004136,5177.0171883565781,1246527.1139055972,0,87.5,Optimal,7.3718808835110394e-12
2777.8000000000002,1812.0599999999999,1162.039999999979,650.0200000000209,1625.5099999999893,0,100,90.250000000031591,64.128119377944387,35.871880622055613,699835.00000000081,E80_P20_day_192,80,20,24,1,0,90.250000000031591,0,722147.21954149974,568928.49999999627,23214.719541499238,130004.00000000418,0,24,70000000,0.09634228760924439,0.0027397260273972603,6743960.1326471074,1400000,18476.603103142759,3835.6164383561645,902.50000000031594,4738.1164383564801,703670.61643835693,0,54.166666666666664,Optimal,7.3701045266716392e-12
2924,1368.8699999999999,759.71255498612641,609.1574450138736,2075.1246855263157,102.25217499997865,134.25041551244212,121.16100000002143,55.499247918803569,44.500752081196431,1871858.4889367719,E80_P20_day_193,80,20,24,1,102.25217499997865,121.16100000002143,0,1894170.7084782708,726293.63993421046,23523.829541499137,121831.48900277472,1022521.7499997865,24,70000000,0.09634228760924439,0.0027397260273972603,6743960.1326471074,1400000,18476.603103142759,3835.6164383561645,1211.6100000002143,5047.2264383563788,1875694.1053751281,0,87.5,Optimal,7.3754335971898399e-12
3070.1999999999998,773.01999999999998,765.3900000000001,7.6299999999999955,2197.6612605263113,115.14999999997868,82.064210526315804,74.06295000002595,99.012962148456722,0.98703785154329715,1922948.070683996,E80_P20_day_194,80,20,24,1,115.14999999997868,74.06295000002595,0,1945260.2902254949,769181.44118420896,23052.849041499183,1525.9999999999991,1151499.9999997867,24,70000000,0.09634228760924439,0.0027397260273972603,6743960.1326471074,1400000,18476.603103142759,3835.6164383561645,740.62950000025944,4576.2459383564237,1926783.6871223522,0,62.5,Optimal,5.0022208597511053e-12
2777.8000000000002,696.15000000000009,563.58236501312956,132.56763498687044,2133.5889805657366,91.061874999978357,107.00739055259622,96.574169973751907,80.957030095974929,19.042969904025057,1684854.1618949031,E80_P20_day_195,80,20,24,1,91.061874999978357,96.574169973751907,0,1707166.381436402,746756.14319800783,23277.961241236444,26513.526997374091,910618.74999978358,24,70000000,0.09634228760924439,0.0027397260273972603,6743960.1326471074,1400000,18476.603103142759,3835.6164383561645,965.74169973751907,4801.3581380936839,1688689.7783332593,0,87.5,Optimal,7.3754335971898399e-12
2924,620.85000000000002,620.85000000000002,0,2192.2998958448711,118.95737499997773,83.151495844875257,75.044225000026188,100,0,1957629.1557954825,E80_P20_day_196,80,20,24,1,118.95737499997773,75.044225000026188,0,1979941.3753369814,767304.96354570484,23062.661791499188,0,1189573.7499997774,24,70000000,0.09634228760924439,0.0027397260273972603,6743960.1326471074,1400000,18476.603103142759,3835.6164383561645,750.44225000026188,4586.0586883564265,1961464.7722338387,0,83.333333333333343,Optimal,7.3718808835110394e-12
3070.1999999999998,729.95000000000005,720.23007124999128,9.7199287500088101,2155.6172499999984,204.08332499997869,99.801499999998896,90.070853750030551,98.668411706280054,1.3315882937199548,2798143.9817872886,E80_P20_day_197,80,20,24,1,204.08332499997869,90.070853750030551,0,2820456.2013287875,754466.03749999939,23212.92807899923,1943.985750001762,2040833.249999787,24,70000000,0.09634228760924439,0.0027397260273972603,6743960.1326471074,1400000,18476.603103142759,3835.6164383561645,900.70853750030551,4736.3249758564698,2801979.5982256448,0,79.166666666666657,Optimal,7.3754335971898399e-12
2777.8000000000002,695.85000000000002,590.75907973060191,105.09092026939803,2104.691424718168,93.99187499997835,119.40901998755075,107.76664053880226,84.897474991823216,15.102525008176766,1698656.5991104099,E80_P20_day_198,80,20,24,1,93.99187499997835,107.76664053880226,0,1720968.8186519088,736641.99865135876,23389.885946886949,21018.184053879606,939918.74999978347,24,70000000,0.09634228760924439,0.0027397260273972603,6743960.1326471074,1400000,18476.603103142759,3835.6164383561645,1077.6664053880227,4913.2828437441876,1702492.2155487661,0,87.5,Optimal,7.3754335971898399e-12
2924,562.54999999999995,492.33477499999935,70.215225000000672,2240.7999999999893,200.80242499997922,101.91999999999996,91.982800000032157,87.518402808639124,12.481597191360889,2807267.1229997887,E80_P20_day_199,80,20,24,1,200.80242499997922,91.982800000032157,0,2829579.3425412881,784279.99999999627,23232.047541499247,14043.045000000135,2008024.2499997923,24,70000000,0.09634228760924439,0.0027397260273972603,6743960.1326471074,1400000,18476.603103142759,3835.6164383561645,919.82800000032159,4755.444438356486,2811102.7394381454,0,62.5,Optimal,7.3754335971898399e-12
3070.1999999999998,680.94000000000005,640.53204999999787,40.407950000002202,2222.4642105263051,217.73999999997866,108.06421052631576,97.527950000034139,94.065857491114897,5.9341425088850999,2964319.3431839943,E80_P20_day_200,80,20,24,1,217.73999999997866,97.527950000034139,0,2986631.5627254932,777862.47368420684,23287.499041499264,8081.5900000004403,2177399.9999997867,24,70000000,0.09634228760924439,0.0027397260273972603,6743960.1326471074,1400000,18476.603103142759,3835.6164383561645,975.27950000034139,4810.8959383565061,2968154.9596223505,0,62.5,Optimal,7.3754335971898399e-12
2777.8000000000002,960.19000000000005,632.32087499998363,327.86912500001637,2100.0042105263155,57.565324999977221,124.0042105263157,111.91380000003913,65.853724262904592,34.146275737095401,1377347.6866839866,E80_P20_day_201,80,20,24,1,57.565324999977221,111.91380000003913,0,1399659.9062254853,735001.47368421045,23431.357541499314,65573.825000003271,575653.24999977218,24,70000000,0.09634228760924439,0.0027397260273972603,6743960.1326471074,1400000,18476.603103142759,3835.6164383561645,1119.1380000003912,4954.7544383565555,1381183.3031223426,0,87.5,Optimal,7.3718808835110394e-12
2924,558.52999999999997,521.63999999999999,36.890000000000001,2287.7380605263111,123.10972499997733,87.054210526315742,78.566425000027465,93.39516230104023,6.6048376989597699,2039969.2354339825,E80_P20_day_202,80,20,24,1,123.10972499997733,78.566425000027465,0,2062281.4549754811,800708.32118420885,23097.883791499196,7378,1231097.2499997732,24,70000000,0.09634228760924439,0.0027397260273972603,6743960.1326471074,1400000,18476.603103142759,3835.6164383561645,785.66425000027471,4621.280688356439,2043804.8518723384,0,62.5,Optimal,5.81579229219642e-12
3070.1999999999998,1016.76,792.47024999998041,224.28975000001967,2110.9442105263156,179.41999999997864,129.58421052631579,116.94975000004092,77.940738227308358,22.059261772691656,2579057.9211840015,E80_P20_day_203,80,20,24,1,179.41999999997864,116.94975000004092,0,2601370.1407255,738830.47368421045,23481.717041499331,44857.950000003933,1794199.9999997865,24,70000000,0.09634228760924439,0.0027397260273972603,6743960.1326471074,1400000,18476.603103142759,3835.6164383561645,1169.4975000004092,5005.1139383565733,2582893.5376223573,0,70.833333333333343,Optimal,7.3754335971898399e-12
2777.8000000000002,863.86000000000001,605.40209999997978,258.45790000002017,2110.6942105263156,74.778849999977837,134.10421052631577,121.02905000004237,70.081043224594239,29.918956775405757,1539433.3441839933,E80_P20_day_204,80,20,24,1,74.778849999977837,121.02905000004237,0,1561745.5637254922,738742.97368421045,23522.510041499347,51691.580000004033,747788.49999977835,24,70000000,0.09634228760924439,0.0027397260273972603,6743960.1326471074,1400000,18476.603103142759,3835.6164383561645,1210.2905000004237,5045.9069383565884,1543268.9606223495,0,83.333333333333343,Optimal,7.3754335971898399e-12
2924,358.06,358.06,0,2413.5484210526315,158.95999999997878,67.368421052631561,60.800000000021271,100,0,2434949.9473682088,E80_P20_day_205,80,20,24,1,158.95999999997878,60.800000000021271,0,2457262.1669097077,844741.94736842101,22920.219541499137,0,1589599.9999997877,24,70000000,0.09634228760924439,0.0027397260273972603,6743960.1326471074,1400000,18476.603103142759,3835.6164383561645,608.00000000021271,4443.6164383563773,2438785.563806565,0,58.333333333333336,Optimal,5.2509108172671404e-12
3070.1999999999998,1088.26,803.44199445981053,284.81800554018952,2113.7684210526313,166.21354999997814,135.63041551244211,122.40645000002183,73.828128798247704,26.171871201752293,2460142.1129762405,E80_P20_day_206,80,20,24,1,166.21354999997814,122.40645000002183,0,2482454.3325177394,739818.94736842101,23536.284041499144,56963.601108037903,1662135.4999997814,24,70000000,0.09634228760924439,0.0027397260273972603,6743960.1326471074,1400000,18476.603103142759,3835.6164383561645,1224.0645000002182,5059.6809383563832,2463977.7294145967,0,79.166666666666657,Optimal,7.3754335971898399e-12
2777.8000000000002,1259.6300000000001,805.55877499998155,454.07122500001844,1972.7396952908521,13.599999999978735,144.59969529085217,130.50122500003977,63.952015671267077,36.047984328732916,918578.15060158959,E80_P20_day_207,80,20,24,1,13.599999999978735,130.50122500003977,0,940890.37014308851,690458.89335179818,23617.231791499322,90814.245000003692,135999.99999978734,24,70000000,0.09634228760924439,0.0027397260273972603,6743960.1326471074,1400000,18476.603103142759,3835.6164383561645,1305.0122500003977,5140.6286883565626,922413.7670399457,0,87.5,Optimal,7.3754335971898399e-12
2924,926.21000000000004,619.039099999982,307.17090000001798,2197.8742105263159,119.59829999997751,128.3242105263158,115.81260000004056,66.835717601837814,33.164282398162186,2027831.2796839897,E80_P20_day_208,80,20,24,1,119.59829999997751,115.81260000004056,0,2050143.4992254884,769255.97368421056,23470.34554149933,61434.180000003595,1195982.9999997751,24,70000000,0.09634228760924439,0.0027397260273972603,6743960.1326471074,1400000,18476.603103142759,3835.6164383561645,1158.1260000004056,4993.7424383565703,2031666.8961223457,0,83.333333333333343,Optimal,7.3754335971898399e-12
3070.1999999999998,719.82999999999993,665.68769605261969,54.142303947380277,2205.7199999999998,208.99064999997879,104.59842105263154,94.400075000033013,92.47845964361305,7.5215403563869643,2873680.9615392638,E80_P20_day_209,80,20,24,1,208.99064999997879,94.400075000033013,0,2895993.1810807632,772001.99999999988,23256.220291499252,10828.460789476056,2089906.4999997879,24,70000000,0.09634228760924439,0.0027397260273972603,6743960.1326471074,1400000,18476.603103142759,3835.6164383561645,944.00075000033007,4779.6171883564948,2877516.5779776205,0,62.5,Optimal,7.3754335971898399e-12
2777.8000000000002,645.25999999999999,605.49630541530257,39.763694584697383,2163.6205574382707,20.713149999973595,123.38474721626567,111.35473436271877,93.837570191132656,6.1624298088673379,973464.98136369733,E80_P20_day_210,80,20,24,1,20.713149999973595,111.35473436271877,0,995777.20090519625,757267.19510339468,23425.766885126111,7952.7389169394764,207131.49999973594,24,70000000,0.09634228760924439,0.0027397260273972603,6743960.1326471074,1400000,18476.603103142759,3835.6164383561645,1113.5473436271877,4949.1637819833522,977300.59780205344,0,91.666666666666657,Optimal,7.3754335971898399e-12
2924,714.05000000000007,674.3123960526176,39.737603947382468,2122.3142105263159,138.29949999997865,112.06263157894739,101.13652500003542,94.434898964024583,5.5651010359754167,2134763.8597234739,E80_P20_day_211,80,20,24,1,138.29949999997865,101.13652500003542,0,2157076.0792649728,742809.97368421056,23323.584791499277,7947.5207894764935,1382994.9999997865,24,70000000,0.09634228760924439,0.0027397260273972603,6743960.1326471074,1400000,18476.603103142759,3835.6164383561645,1011.3652500003542,4846.981688356519,2138599.4761618301,0,79.166666666666657,Optimal,7.3754335971898399e-12
3070.1999999999998,1093.1399999999999,813.11199445981049,280.0280055401895,2106.5484210526315,164.15062499997688,139.60041551244211,125.98937500002313,74.383152611724995,25.616847388275016,2436063.6922262278,E80_P20_day_212,80,20,24,1,164.15062499997688,125.98937500002313,0,2458375.9117677268,737291.94736842101,23572.113291499154,56005.601108037896,1641506.2499997688,24,70000000,0.09634228760924439,0.0027397260273972603,6743960.1326471074,1400000,18476.603103142759,3835.6164383561645,1259.8937500002312,5095.5101883563957,2439899.3086645841,0,79.166666666666657,Optimal,7.3754335971898399e-12
2777.8000000000002,1038.22,652.12199445981048,386.09800554018955,2045.3584210526317,93.49187499997835,135.10041551244208,121.92812500002167,62.811542299301728,37.188457700698265,1729233.0797262427,E80_P20_day_213,80,20,24,1,93.49187499997835,121.92812500002167,0,1751545.2992677416,715875.44736842113,23531.50079149914,77219.60110803791,934918.74999978347,24,70000000,0.09634228760924439,0.0027397260273972603,6743960.1326471074,1400000,18476.603103142759,3835.6164383561645,1219.2812500002167,5054.897688356381,1733068.6961645989,0,83.333333333333343,Optimal,7.3754335971898399e-12
2924,1039.9400000000001,689.05199445981054,350.88800554018945,2071.1184210526317,176.87999999997871,133.85041551244211,120.80000000002127,66.258822091640909,33.741177908359084,2565077.0484762462,E80_P20_day_214,80,20,24,1,176.87999999997871,120.80000000002127,0,2587389.2680177451,724891.44736842113,23520.219541499137,70177.601108037896,1768799.999999787,24,70000000,0.09634228760924439,0.0027397260273972603,6743960.1326471074,1400000,18476.603103142759,3835.6164383561645,1208.0000000002128,5043.6164383563773,2568912.6649146024,0,75,Optimal,7.3754335971898399e-12
3070.1999999999998,1066.5500000000002,715.14199445981046,351.40800554018949,2117.8184210526315,250.28999999997862,133.85041551244208,120.80000000002129,67.051895781708353,32.948104218291633,3315626.0484762453,E80_P20_day_215,80,20,24,1,250.28999999997862,120.80000000002129,0,3337938.2680177442,741236.44736842101,23520.219541499137,70281.601108037896,2502899.9999997863,24,70000000,0.09634228760924439,0.0027397260273972603,6743960.1326471074,1400000,18476.603103142759,3835.6164383561645,1208.0000000002128,5043.6164383563773,3319461.6649146015,0,66.666666666666657,Optimal,7.3754335971898399e-12
2777.8000000000002,1048.6300000000001,644.24620498612637,404.38379501387368,2061.0942105263157,85.78494999997784,136.6704155124421,123.34505000002218,61.436942008728181,38.563057991271812,1661342.6831867639,E80_P20_day_216,80,20,24,1,85.78494999997784,123.34505000002218,0,1683654.9027282628,721382.97368421045,23545.670041499146,80876.759002774736,857849.49999977835,24,70000000,0.09634228760924439,0.0027397260273972603,6743960.1326471074,1400000,18476.603103142759,3835.6164383561645,1233.4505000002218,5069.0669383563863,1665178.2996251201,0,83.333333333333343,Optimal,7.3754335971898399e-12
2924,907.25,713.53336772868806,193.71663227131191,2106.7881355263148,115.93499999997678,125.70772569250485,113.45122243752536,78.647932513495505,21.352067486504481,1936603.6861126157,E80_P20_day_217,80,20,24,1,115.93499999997678,113.45122243752536,0,1958915.9056541147,737375.84743421024,23446.731765874178,38743.32645426238,1159349.9999997679,24,70000000,0.09634228760924439,0.0027397260273972603,6743960.1326471074,1400000,18476.603103142759,3835.6164383561645,1134.5122243752535,4970.1286627314184,1940439.302550972,0,87.5,Optimal,7.3754335971898399e-12
3070.1999999999998,1046.05,796.17094999998005,249.87905000001987,2135.6942105263156,151.73369999997632,137.42421052631582,124.02535000004345,76.112131351271941,23.887868648728062,2316046.0371839781,E80_P20_day_218,80,20,24,1,151.73369999997632,124.02535000004345,0,2338358.2567254771,747492.97368421045,23552.473041499357,49975.810000003978,1517336.9999997632,24,70000000,0.09634228760924439,0.0027397260273972603,6743960.1326471074,1400000,18476.603103142759,3835.6164383561645,1240.2535000004345,5075.8699383565991,2319881.6536223344,0,83.333333333333343,Optimal,7.3754335971898399e-12
2777.8000000000002,950.08999999999992,696.55480590623552,253.53519409376446,2048.6186230263061,46.619999999978766,143.52234802631247,129.52891909379235,73.314612921537503,26.685387078462515,1235218.8460686856,E80_P20_day_219,80,20,24,1,46.619999999978766,129.52891909379235,0,1257531.0656101843,717016.51805920713,23607.508732436847,50707.038818752895,466199.99999978766,24,70000000,0.09634228760924439,0.0027397260273972603,6743960.1326471074,1400000,18476.603103142759,3835.6164383561645,1295.2891909379236,5130.9056292940877,1239054.4625070416,0,91.666666666666657,Optimal,7.3754335971898399e-12
2924,1029.3499999999999,713.30620498612632,316.04379501387371,2085.1642105263159,138.57999999997872,133.85041551244211,120.80000000002129,69.296760575715382,30.703239424284622,2180024.2326867725,E80_P20_day_220,80,20,24,1,138.57999999997872,120.80000000002129,0,2202336.4522282714,729807.47368421056,23520.219541499137,63208.759002774743,1385799.9999997872,24,70000000,0.09634228760924439,0.0027397260273972603,6743960.1326471074,1400000,18476.603103142759,3835.6164383561645,1208.0000000002128,5043.6164383563773,2183859.8491251287,0,75,Optimal,7.3754335971898399e-12
3070.1999999999998,936.65999999999997,689.1962049861263,247.46379501387372,2132.6599999999999,261.25437499997912,132.4162049861263,119.50562500002084,73.580189715171599,26.419810284828404,3409662.5652525667,E80_P20_day_221,80,20,24,1,261.25437499997912,119.50562500002084,0,3431974.7847940652,746431,23507.275791499131,49492.759002774743,2612543.7499997914,24,70000000,0.09634228760924439,0.0027397260273972603,6743960.1326471074,1400000,18476.603103142759,3835.6164383561645,1195.0562500002084,5030.6726883563733,3413498.1816909225,0,66.666666666666657,Optimal,7.3754335971898399e-12
2777.8000000000002,986.94999999999993,671.385083874982,315.56491612501793,2058.4175605263108,61.499999999978762,138.48866052631422,124.98601612504237,68.026250962559601,31.973749037440392,1399808.9895702505,E80_P20_day_222,80,20,24,1,61.499999999978762,124.98601612504237,0,1422121.2091117494,720446.1461842088,23562.079702749346,63112.983225003583,614999.99999978766,24,70000000,0.09634228760924439,0.0027397260273972603,6743960.1326471074,1400000,18476.603103142759,3835.6164383561645,1249.8601612504237,5085.476599606588,1403644.6060086067,0,91.666666666666657,Optimal,7.3754335971898399e-12
2924,966.5,663.40620498612623,303.09379501387377,2096.504210526316,177.1399999999787,133.85041551244208,120.80000000002129,68.640062595564018,31.359937404435986,2567003.232686772,E80_P20_day_223,80,20,24,1,177.1399999999787,120.80000000002129,0,2589315.4522282714,733776.47368421056,23520.219541499137,60618.759002774757,1771399.999999787,24,70000000,0.09634228760924439,0.0027397260273972603,6743960.1326471074,1400000,18476.603103142759,3835.6164383561645,1208.0000000002128,5043.6164383563773,2570838.8491251287,0,70.833333333333343,Optimal,7.3754335971898399e-12
3070.1999999999998,815.13,668.83752499998138,146.29247500001858,2190.5599999999999,222.82909999997955,123.35000000000001,111.32337500003896,82.052865800544865,17.947134199455128,3025358.7287498,E80_P20_day_224,80,20,24,1,222.82909999997955,111.32337500003896,0,3047670.9482912985,766696,23425.453291499314,29258.495000003717,2228290.9999997956,24,70000000,0.09634228760924439,0.0027397260273972603,6743960.1326471074,1400000,18476.603103142759,3835.6164383561645,1113.2337500003896,4948.8501883565541,3029194.3451881558,0,66.666666666666657,Optimal,7.3754335971898399e-12
2777.8000000000002,783.19999999999993,592.37908587255777,190.82091412744225,2098.8542105263159,98.701874999978344,124.4632963988842,112.3281250000323,75.635736194146816,24.364263805853202,1760905.1877594828,E80_P20_day_225,80,20,24,1,98.701874999978344,112.3281250000323,0,1783217.4073009817,734598.97368421056,23435.500791499246,38164.182825488453,987018.74999978347,24,70000000,0.09634228760924439,0.0027397260273972603,6743960.1326471074,1400000,18476.603103142759,3835.6164383561645,1123.2812500003231,4958.8976883564874,1764740.804197839,0,83.333333333333343,Optimal,7.3754335971898399e-12
2924,873.36000000000001,632.76436447366348,240.59563552633654,2120.8384210526315,183.36999999997869,133.05421052631581,120.08142500004205,72.451722597057739,27.548277402942265,2625313.3887234754,E80_P20_day_226,80,20,24,1,183.36999999997869,120.08142500004205,0,2647625.6082649743,742293.44736842101,23513.033791499343,48119.127105267311,1833699.999999787,24,70000000,0.09634228760924439,0.0027397260273972603,6743960.1326471074,1400000,18476.603103142759,3835.6164383561645,1200.8142500004205,5036.4306883565851,2629149.0051618316,0,70.833333333333343,Optimal,7.3754335971898399e-12
3070.1999999999998,942.86000000000001,681.22834999998065,261.63165000001942,2132,269.24104999997957,125.84000000000003,113.57060000003979,72.251272723413948,27.74872727658607,3492072.5359997996,E80_P20_day_227,80,20,24,1,269.24104999997957,113.57060000003979,0,3514384.7555412985,746200,23447.92554149932,52326.330000003887,2692410.4999997956,24,70000000,0.09634228760924439,0.0027397260273972603,6743960.1326471074,1400000,18476.603103142759,3835.6164383561645,1135.7060000003978,4971.3224383565621,3495908.1524381558,0,66.666666666666657,Optimal,7.3754335971898399e-12
2777.8000000000002,949.47000000000003,604.66620498612633,344.8037950138737,2090.2342105263156,96.071874999978348,135.10041551244208,121.92812500002167,63.684603514184367,36.315396485815633,1762480.763936769,E80_P20_day_228,80,20,24,1,96.071874999978348,121.92812500002167,0,1784792.9834782677,731581.97368421045,23531.50079149914,68960.759002774736,960718.74999978347,24,70000000,0.09634228760924439,0.0027397260273972603,6743960.1326471074,1400000,18476.603103142759,3835.6164383561645,1219.2812500002167,5054.897688356381,1766316.380375125,0,83.333333333333343,Optimal,7.3754335971898399e-12
2924,880.26999999999998,658.07467499998177,222.19532500001827,2121.2442105263158,156.86999999997872,125.01421052631585,112.82532500003956,74.758275869901482,25.241724130098525,2356702.7919340017,E80_P20_day_229,80,20,24,1,156.86999999997872,112.82532500003956,0,2379015.0114755007,742435.47368421056,23440.47279149932,44439.065000003655,1568699.9999997872,24,70000000,0.09634228760924439,0.0027397260273972603,6743960.1326471074,1400000,18476.603103142759,3835.6164383561645,1128.2532500003956,4963.8696883565599,2360538.408372358,0,79.166666666666657,Optimal,7.3754335971898399e-12
3070.1999999999998,943.36000000000001,691.54908587255773,251.81091412744226,2136.8200000000002,253.42942499998,118.95908587256844,107.36057500003061,73.307018091985853,26.692981908014147,3333617.0385752888,E80_P20_day_230,80,20,24,1,253.42942499998,107.36057500003061,0,3355929.2581167882,747887,23385.82529149923,50362.182825488453,2534294.2499998002,24,70000000,0.09634228760924439,0.0027397260273972603,6743960.1326471074,1400000,18476.603103142759,3835.6164383561645,1073.605750000306,4909.2221883564707,3337452.6550136455,0,70.833333333333343,Optimal,7.3754335971898399e-12
2777.8000000000002,975.33000000000004,639.79620498612633,335.53379501387366,2101.1442105263159,50.8801249999756,143.80041551244213,129.77987500002445,65.597921214986343,34.40207878501365,1312606.2814367416,E80_P20_day_231,80,20,24,1,50.8801249999756,129.77987500002445,0,1334918.5009782403,735400.47368421056,23610.018291499167,67106.759002774736,508801.24999975599,24,70000000,0.09634228760924439,0.0027397260273972603,6743960.1326471074,1400000,18476.603103142759,3835.6164383561645,1297.7987500002446,5133.4151883564091,1316441.8978750976,0,91.666666666666657,Optimal,7.3754335971898399e-12
2924,396.38,396.38,0,2371.6784210526316,162.50999999997873,67.368421052631561,60.800000000021285,100,0,2455795.4473682083,E80_P20_day_232,80,20,24,1,162.50999999997873,60.800000000021285,0,2478107.6669097077,830087.44736842101,22920.219541499137,0,1625099.9999997874,24,70000000,0.09634228760924439,0.0027397260273972603,6743960.1326471074,1400000,18476.603103142759,3835.6164383561645,608.00000000021282,4443.6164383563773,2459631.063806565,0,45.833333333333329,Optimal,7.2404304773954209e-12
3070.1999999999998,995.89999999999998,728.04620498612633,267.85379501387371,2098.6199999999999,256.26204999997969,130.5462049861263,117.81795000002025,73.10434832675233,26.895651673247688,3351886.438502572,E80_P20_day_233,80,20,24,1,256.26204999997969,117.81795000002025,0,3374198.6580440709,734517,23490.399041499128,53570.759002774743,2562620.499999797,24,70000000,0.09634228760924439,0.0027397260273972603,6743960.1326471074,1400000,18476.603103142759,3835.6164383561645,1178.1795000002026,5013.7959383563666,3355722.0549409282,0,66.666666666666657,Optimal,7.3754335971898399e-12
2777.8000000000002,1056.8199999999999,658.31069445981893,398.50930554018095,2061.920371052619,71.919999999978742,147.19041551244212,132.83935000002552,62.291657468615178,37.708342531384808,1521902.3844762405,E80_P20_day_234,80,20,24,1,71.919999999978742,132.83935000002552,0,1544214.6040177394,721672.1298684167,23640.613041499179,79701.861108036188,719199.99999978743,24,70000000,0.09634228760924439,0.0027397260273972603,6743960.1326471074,1400000,18476.603103142759,3835.6164383561645,1328.3935000002552,5164.0099383564193,1525738.0009145967,0,91.666666666666657,Optimal,7.3754335971898399e-12
2924,927.32999999999993,622.01620498612624,305.31379501387369,2136.9742105263158,178.05999999997871,133.85041551244211,120.80000000002129,67.076036037454443,32.923963962545557,2590811.7326867725,E80_P20_day_235,80,20,24,1,178.05999999997871,120.80000000002129,0,2613123.9522282714,747940.97368421056,23520.219541499137,61062.759002774736,1780599.9999997872,24,70000000,0.09634228760924439,0.0027397260273972603,6743960.1326471074,1400000,18476.603103142759,3835.6164383561645,1208.0000000002128,5043.6164383563773,2594647.3491251287,0,70.833333333333343,Optimal,7.3754335971898399e-12
3070.1999999999998,622.38,622.38,0,2241.0702999999985,213.56884999997956,69.939999999999969,63.120850000022067,100,0,2920694.3134997953,E80_P20_day_236,80,20,24,1,213.56884999997956,63.120850000022067,0,2943006.5330412942,784374.60499999952,22943.428041499144,0,2135688.4999997956,24,70000000,0.09634228760924439,0.0027397260273972603,6743960.1326471074,1400000,18476.603103142759,3835.6164383561645,631.20850000022062,4466.8249383563852,2924529.9299381515,0,58.333333333333336,Optimal,6.7288397076481488e-12
2777.8000000000002,857.43000000000006,684.82937499998593,172.60062500001408,2072.0874238227075,33.789999999978718,132.37742382270753,119.47062500003538,79.870003965336622,20.12999603466336,1098845.4295877379,E80_P20_day_237,80,20,24,1,33.789999999978718,119.47062500003538,0,1121157.649129237,725230.59833794762,23506.925791499278,34520.125000002816,337899.99999978719,24,70000000,0.09634228760924439,0.0027397260273972603,6743960.1326471074,1400000,18476.603103142759,3835.6164383561645,1194.7062500003537,5030.3226883565185,1102681.0460260944,0,83.333333333333343,Optimal,7.3754335971898399e-12
2924,1051.1100000000001,1051.1100000000001,0,1876.2660387811513,0,34.626038781151323,31.250000000000014,100,0,657005.61357340298,E80_P20_day_238,80,20,24,1,0,31.250000000000014,0,679317.83311490191,656693.11357340298,22624.719541498926,0,0,24,70000000,0.09634228760924439,0.0027397260273972603,6743960.1326471074,1400000,18476.603103142759,3835.6164383561645,312.50000000000011,4148.1164383561645,660841.23001175909,0,20.833333333333336,Optimal,5.7767124417296145e-12
3070.1999999999998,1012.6800000000001,797.03807499998038,215.64192500001957,2125.9042105263156,159.85999999997867,129.2542105263158,116.65192500004085,78.705817731166846,21.294182268833154,2386961.3779340014,E80_P20_day_239,80,20,24,1,159.85999999997867,116.65192500004085,0,2409273.5974755003,744066.47368421045,23478.738791499331,43128.385000003917,1598599.9999997867,24,70000000,0.09634228760924439,0.0027397260273972603,6743960.1326471074,1400000,18476.603103142759,3835.6164383561645,1166.5192500004084,5002.1356883565732,2390796.9943723576,0,79.166666666666657,Optimal,7.3754335971898399e-12
2777.8000000000002,1043.6299999999999,814.58329999998352,229.0467000000165,1963.7752908587215,12.26999999997876,131.57529085872159,118.74670000003781,78.052882726635275,21.94711727336475,857018.15880034398,E80_P20_day_240,80,20,24,1,12.26999999997876,118.74670000003781,0,879330.37834184291,687321.35180055257,23499.686541499301,45809.3400000033,122699.9999997876,24,70000000,0.09634228760924439,0.0027397260273972603,6743960.1326471074,1400000,18476.603103142759,3835.6164383561645,1187.467000000378,5023.0834383565425,860853.77523870009,0,79.166666666666657,Optimal,7.3754335971898399e-12
2924,740.94000000000005,601.48977963987329,139.45022036012668,2157.5784210526313,175.95999999997872,113.10975069250523,102.08155000002171,81.179283024249372,18.820716975750624,2543663.3069402333,E80_P20_day_241,80,20,24,1,175.95999999997872,102.08155000002171,0,2565975.5264817327,755152.44736842089,23333.035041499141,27890.044072025335,1759599.9999997872,24,70000000,0.09634228760924439,0.0027397260273972603,6743960.1326471074,1400000,18476.603103142759,3835.6164383561645,1020.8155000002171,4856.4319383563816,2547498.92337859,0,75,Optimal,7.3754335971898399e-12
3070.1999999999998,1139.3900000000001,739.79620498612633,399.59379501387366,2128.3499999999999,214.99459999997902,132.72620498612631,119.78540000002094,64.929146735193953,35.070853264806047,2975985.1130025648,E80_P20_day_242,80,20,24,1,214.99459999997902,119.78540000002094,0,2998297.3325440637,744922.5,23510.073541499132,79918.759002774736,2149945.99999979,24,70000000,0.09634228760924439,0.0027397260273972603,6743960.1326471074,1400000,18476.603103142759,3835.6164383561645,1197.8540000002095,5033.470438356374,2979820.729440921,0,62.5,Optimal,7.3754335971898399e-12
2777.8000000000002,1247.0700000000002,771.4896175312432,475.58038246875674,2021.0866730262733,0,151.55169802630161,136.77540746878509,61.864179038164899,38.135820961835073,803864.16612763482,E80_P20_day_243,80,20,24,1,0,136.77540746878509,0,826176.38566913374,707380.33555919561,23679.973616186777,95116.076493751345,0,24,70000000,0.09634228760924439,0.0027397260273972603,6743960.1326471074,1400000,18476.603103142759,3835.6164383561645,1367.7540746878508,5203.3705130440158,807699.78256599093,0,100,Optimal,7.3754335971898399e-12
2924,837.49000000000001,616.83912499998337,220.65087500001661,2171.1642105263159,147.69999999997867,120.03421052631576,108.33087500003791,73.653312278353582,26.346687721646418,2282120.9574340009,E80_P20_day_244,80,20,24,1,147.69999999997867,108.33087500003791,0,2304433.1769754998,759907.47368421056,23395.5282914993,44130.175000003321,1476999.9999997867,24,70000000,0.09634228760924439,0.0027397260273972603,6743960.1326471074,1400000,18476.603103142759,3835.6164383561645,1083.308750000379,4918.925188356543,2285956.5738723571,0,75,Optimal,7.3754335971898399e-12
3070.1999999999998,398.81999999999999,398.81999999999999,0,2390.9142105263159,286.4029749999807,60.894210526315824,54.957025000019257,100,0,3701399.2939340179,E80_P20_day_245,80,20,24,1,286.4029749999807,54.957025000019257,0,3723711.5134755168,836819.97368421056,22861.789791499115,0,2864029.7499998072,24,70000000,0.09634228760924439,0.0027397260273972603,6743960.1326471074,1400000,18476.603103142759,3835.6164383561645,549.57025000019257,4385.1866883563571,3705234.9103723741,0,41.666666666666671,Optimal,7.2439831910742214e-12
2777.8000000000002,764.96000000000004,647.21528107751374,117.74471892248627,2095.5153537589044,46.651874999978318,118.7949726813749,107.21246284497839,84.607728649539027,15.392271350460973,1224570.1922283468,E80_P20_day_246,80,20,24,1,46.651874999978318,107.21246284497839,0,1246882.4117698458,733430.37381561659,23384.344169948708,23548.943784497253,466518.74999978318,24,70000000,0.09634228760924439,0.0027397260273972603,6743960.1326471074,1400000,18476.603103142759,3835.6164383561645,1072.1246284497838,4907.7410668059483,1228405.8086667031,0,91.666666666666657,Optimal,7.3754335971898399e-12
2924,1027.6500000000001,717.69838947366407,309.95161052633591,2128.8184210526315,91.344199999975245,142.1642105263158,128.30320000004494,69.838796231563663,30.161203768436323,1721801.8014734411,E80_P20_day_247,80,20,24,1,91.344199999975245,128.30320000004494,0,1744114.02101494,745086.44736842101,23595.251541499372,61990.32210526718,913441.9999997525,24,70000000,0.09634228760924439,0.0027397260273972603,6743960.1326471074,1400000,18476.603103142759,3835.6164383561645,1283.0320000004494,5118.648438356614,1725637.4179117973,0,83.333333333333343,Optimal,7.3754335971898399e-12
3070.1999999999998,928.38,648.50559999998154,279.87440000001845,2184.8899999999999,248.94314999997908,124.49999999999999,112.36125000003932,69.85346517589582,30.14653482410419,3311241.4924997948,E80_P20_day_248,80,20,24,1,248.94314999997908,112.36125000003932,0,3333553.7120412942,764711.5,23435.832041499318,55974.880000003694,2489431.4999997909,24,70000000,0.09634228760924439,0.0027397260273972603,6743960.1326471074,1400000,18476.603103142759,3835.6164383561645,1123.6125000003931,4959.2289383565576,3315077.1089381515,0,62.5,Optimal,7.3754335971898399e-12
2777.8000000000002,958.08000000000004,602.05620498612632,356.02379501387367,2099.0742105263157,90.104149999977508,137.79041551244211,124.35585000002253,62.839867754897952,37.160132245102041,1708165.7911867606,E80_P20_day_249,80,20,24,1,90.104149999977508,124.35585000002253,0,1730478.0107282596,734675.97368421045,23555.77804149915,71204.759002774736,901041.49999977509,24,70000000,0.09634228760924439,0.0027397260273972603,6743960.1326471074,1400000,18476.603103142759,3835.6164383561645,1243.5585000002252,5079.1749383563892,1712001.4076251169,0,83.333333333333343,Optimal,7.3754335971898399e-12
2924,977.25999999999999,661.39199445981058,315.86800554018953,2125.3084210526317,150.50404999997824,135.4304155124421,122.22595000002178,67.678201753863917,32.321798246136083,2313294.3079762417,E80_P20_day_250,80,20,24,1,150.50404999997824,122.22595000002178,0,2335606.5275177406,743857.94736842113,23534.479041499144,63173.601108037903,1505040.4999997823,24,70000000,0.09634228760924439,0.0027397260273972603,6743960.1326471074,1400000,18476.603103142759,3835.6164383561645,1222.2595000002179,5057.8759383563829,2317129.9244145979,0,83.333333333333343,Optimal,7.3754335971898399e-12
3070.1999999999998,1034.3,747.75722499997983,286.54277500002019,2149.5499999999997,185.65064999997878,130.84999999999999,118.09212500004132,72.295970704822565,27.704029295177435,2667338.4762497926,E80_P20_day_251,80,20,24,1,185.65064999997878,118.09212500004132,0,2689650.6957912911,752342.49999999988,23493.140791499336,57308.555000004038,1856506.4999997879,24,70000000,0.09634228760924439,0.0027397260273972603,6743960.1326471074,1400000,18476.603103142759,3835.6164383561645,1180.9212500004132,5016.5376883565777,2671174.0926881484,0,75,Optimal,7.3754335971898399e-12
2777.8000000000002,874.26999999999998,644.44554016618952,229.82445983381058,2079.5584764542891,65.939999999978724,124.55401662047859,112.4100000000213,73.712416091846862,26.287583908153156,1434334.4587255509,E80_P20_day_252,80,20,24,1,65.939999999978724,112.4100000000213,0,1456646.6782670496,727845.46675900114,23436.319541499135,45964.891966762116,659399.99999978719,24,70000000,0.09634228760924439,0.0027397260273972603,6743960.1326471074,1400000,18476.603103142759,3835.6164383561645,1124.100000000213,4959.7164383563777,1438170.0751639069,0,79.166666666666657,Optimal,7.3754335971898399e-12
2924,646.01999999999998,601.2182999999867,44.801700000013327,2243.3242105263157,91.896949999973046,127.5842105263158,115.14475000004032,93.064967028882492,6.9350329711175078,1714244.7611839441,E80_P20_day_253,80,20,24,1,91.896949999973046,115.14475000004032,0,1736556.980725443,785163.47368421045,23463.667041499328,8960.340000002665,918969.4999997305,24,70000000,0.09634228760924439,0.0027397260273972603,6743960.1326471074,1400000,18476.603103142759,3835.6164383561645,1151.4475000004031,4987.0639383565676,1718080.3776223003,0,83.333333333333343,Optimal,7.3754335971898399e-12
3070.1999999999998,617.87,617.87,0,2440.3884210526317,22.447049999965852,107.74842105263161,97.242950000034099,100,0,1079578.8768680799,E80_P20_day_254,80,20,24,1,22.447049999965852,97.242950000034099,0,1101891.0964095788,854135.94736842113,23284.649041499266,0,224470.49999965852,24,70000000,0.09634228760924439,0.0027397260273972603,6743960.1326471074,1400000,18476.603103142759,3835.6164383561645,972.42950000034102,4808.0459383565058,1083414.4933064361,0,70.833333333333343,Optimal,7.1374017807102064e-12
2777.8000000000002,656.19000000000005,636.07842105262102,20.111578947379051,2109.0515789473616,44.369999999978759,119.99999999999341,108.30000000003196,96.935098226522953,3.064901773477049,1186973.3684208402,E80_P20_day_255,80,20,24,1,44.369999999978759,108.30000000003196,0,1209285.5879623392,738168.05263157655,23395.219541499246,4022.3157894758101,443699.9999997876,24,70000000,0.09634228760924439,0.0027397260273972603,6743960.1326471074,1400000,18476.603103142759,3835.6164383561645,1083.0000000003197,4918.6164383564847,1190808.9848591965,0,79.166666666666657,Optimal,7.3754335971898399e-12
2924,593.00999999999999,547.41784999998561,45.592150000014385,2208.77,178.64634999997929,111.11999999999998,100.28580000003508,92.311740105560716,7.688259894439283,2569654.2879997962,E80_P20_day_256,80,20,24,1,178.64634999997929,100.28580000003508,0,2591966.5075412951,773069.5,23315.077541499275,9118.4300000028779,1786463.499999793,24,70000000,0.09634228760924439,0.0027397260273972603,6743960.1326471074,1400000,18476.603103142759,3835.6164383561645,1002.8580000003508,4838.4744383565157,2573489.9044381524,0,75,Optimal,7.3754335971898399e-12
3070.1999999999998,854.78999999999996,672.24767499998211,182.5423250000178,2164.4000000000001,244.98224999998072,117.22999999999999,105.80007500003704,78.644775324931516,21.355224675068474,3244928.9657498114,E80_P20_day_257,80,20,24,1,244.98224999998072,105.80007500003704,0,3267241.1852913098,757540,23370.220291499296,36508.465000003562,2449822.4999998072,24,70000000,0.09634228760924439,0.0027397260273972603,6743960.1326471074,1400000,18476.603103142759,3835.6164383561645,1058.0007500003703,4893.6171883565348,3248764.5821881671,0,66.666666666666657,Optimal,7.3754335971898399e-12
2777.8000000000002,973.10000000000002,703.13039203124197,269.96960796875811,2059.6912730262925,31.019999999978744,164.52989802630799,148.48823296879493,72.256745661416289,27.743254338583711,1086570.7494824294,E80_P20_day_258,80,20,24,1,31.019999999978744,148.48823296879493,0,1108882.9690239283,720891.94555920234,23797.101871186875,53993.92159375162,310199.99999978743,24,70000000,0.09634228760924439,0.0027397260273972603,6743960.1326471074,1400000,18476.603103142759,3835.6164383561645,1484.8823296879493,5320.4987680441136,1090406.3659207856,0,95.833333333333343,Optimal,7.3754335971898399e-12
2924,983.53999999999996,739.66032581249794,243.87967418750199,2129.4342355262906,69.589999999978744,150.61088552630741,135.92632418754002,75.203888587398367,24.796111412601622,1491337.1805133652,E80_P20_day_259,80,20,24,1,69.589999999978744,135.92632418754002,0,1513649.4000548641,745301.98243420175,23671.482783374326,48775.934837500397,695899.99999978743,24,70000000,0.09634228760924439,0.0027397260273972603,6743960.1326471074,1400000,18476.603103142759,3835.6164383561645,1359.2632418754001,5194.8796802315646,1495172.7969517214,0,91.666666666666657,Optimal,7.3754335971898399e-12
3070.1999999999998,861.42999999999995,673.4247651661866,188.00523483381332,2225.7399999999998,182.64704999997912,119.09554016618949,107.48372500002364,78.17521622954699,21.824783770453003,2644155.384216554,E80_P20_day_260,80,20,24,1,182.64704999997912,107.48372500002364,0,2666467.6037580529,779008.99999999988,23387.056791499163,37601.04696676266,1826470.4999997912,24,70000000,0.09634228760924439,0.0027397260273972603,6743960.1326471074,1400000,18476.603103142759,3835.6164383561645,1074.8372500002365,4910.4536883564015,2647991.0006549102,0,70.833333333333343,Optimal,7.3754335971898399e-12
2777.8000000000002,1187.3499999999999,952.20999999998526,235.14000000001471,1837.6940443213023,0,124.14404432130245,112.04000000001467,80.196235313933158,19.803764686066849,691341.31551245879,E80_P20_day_261,80,20,24,1,0,112.04000000001467,0,713653.53505395772,643192.91551245574,23432.619541499073,47028.000000002939,0,24,70000000,0.09634228760924439,0.0027397260273972603,6743960.1326471074,1400000,18476.603103142759,3835.6164383561645,1120.4000000001467,4956.0164383563115,695176.93195081491,0,70.833333333333343,Optimal,7.3754335971898399e-12
2924,683.28999999999996,683.28999999999996,0,2197.2384210526316,50.039999999978725,67.368421052631575,60.800000000021285,100,0,1270041.4473682086,E80_P20_day_262,80,20,24,1,50.039999999978725,60.800000000021285,0,1292353.6669097075,769033.44736842101,22920.219541499137,0,500399.99999978725,24,70000000,0.09634228760924439,0.0027397260273972603,6743960.1326471074,1400000,18476.603103142759,3835.6164383561645,608.00000000021282,4443.6164383563773,1273877.0638065648,0,54.166666666666664,Optimal,7.3683281698322389e-12
3070.1999999999998,308.83000000000004,308.83000000000004,0,2514.524210526316,252.4699999999817,57.684210526315802,52.060000000018235,100,0,3405304.0736840279,E80_P20_day_263,80,20,24,1,252.4699999999817,52.060000000018235,0,3427616.2932255268,880083.47368421056,22832.819541499106,0,2524699.999999817,24,70000000,0.09634228760924439,0.0027397260273972603,6743960.1326471074,1400000,18476.603103142759,3835.6164383561645,520.60000000018238,4356.2164383563468,3409139.6901223841,0,41.666666666666671,Optimal,6.5512040237081237e-12
2777.8000000000002,329.13999999999999,329.13999999999999,0,2340.6284210526314,114.73454999997831,68.748421052631571,62.045450000021717,100,0,1967185.9018682044,E80_P20_day_264,80,20,24,1,114.73454999997831,62.045450000021717,0,1989498.1214097035,819219.94736842101,22932.67404149914,0,1147345.4999997832,24,70000000,0.09634228760924439,0.0027397260273972603,6743960.1326471074,1400000,18476.603103142759,3835.6164383561645,620.45450000021719,4456.0709383563817,1971021.5183065608,0,70.833333333333343,Optimal,5.8424376447874238e-12
2924,341.88,341.88,0,2460.2184210526316,128.53532499997854,68.038421052631563,61.404675000021491,100,0,2147043.7441182067,E80_P20_day_265,80,20,24,1,128.53532499997854,61.404675000021491,0,2169355.9636597056,861076.44736842101,22926.266291499138,0,1285353.2499997853,24,70000000,0.09634228760924439,0.0027397260273972603,6743960.1326471074,1400000,18476.603103142759,3835.6164383561645,614.04675000021496,4449.6631883563796,2150879.3605565629,0,58.333333333333336,Optimal,7.3683281698322389e-12
3070.1999999999998,507.11000000000001,499.31,7.8000000000000114,2312.6463749999907,267.15317499998048,91.380000000000024,82.470450000028919,98.461872177634035,1.5381278223659582,3483342.6857498023,E80_P20_day_266,80,20,24,1,267.15317499998048,82.470450000028919,0,3505654.9052913007,809426.23124999669,23136.924041499213,1560.0000000000023,2671531.7499998049,24,70000000,0.09634228760924439,0.0027397260273972603,6743960.1326471074,1400000,18476.603103142759,3835.6164383561645,824.70450000028916,4660.3209383564536,3487178.302188158,0,58.333333333333336,Optimal,7.3541173151170369e-12
2777.8000000000002,439.87,439.87,0,2308.9002216066406,37.679999999978776,88.720221606640735,80.070000000021295,100,0,1185715.7775621121,E80_P20_day_267,80,20,24,1,37.679999999978776,80.070000000021295,0,1208027.997103611,808115.07756232424,23112.919541499137,0,376799.99999978777,24,70000000,0.09634228760924439,0.0027397260273972603,6743960.1326471074,1400000,18476.603103142759,3835.6164383561645,800.70000000021298,4636.3164383563771,1189551.3940004683,0,66.666666666666657,Optimal,7.3718808835110394e-12
2924,363.44999999999999,363.44999999999999,0,2432.9442105263156,134.77439999997677,73.52421052631577,66.355600000023216,100,0,2199938.0296839783,E80_P20_day_268,80,20,24,1,134.77439999997677,66.355600000023216,0,2222250.2492254772,851530.47368421045,22975.775541499155,0,1347743.9999997676,24,70000000,0.09634228760924439,0.0027397260273972603,6743960.1326471074,1400000,18476.603103142759,3835.6164383561645,663.55600000023219,4499.1724383563969,2203773.6461223345,0,62.5,Optimal,6.7288397076481488e-12
3070.1999999999998,519.64999999999998,519.64999999999998,0,2348.2188499999984,209.16199999997949,70.060000000000016,63.229150000022138,100,0,2914128.8889997946,E80_P20_day_269,80,20,24,1,209.16199999997949,63.229150000022138,0,2936441.1085412935,821876.59749999945,22944.511041499143,0,2091619.9999997949,24,70000000,0.09634228760924439,0.0027397260273972603,6743960.1326471074,1400000,18476.603103142759,3835.6164383561645,632.29150000022139,4467.9079383563858,2917964.5054381508,0,58.333333333333336,Optimal,5.922373702560435e-12
2777.8000000000002,535.25999999999999,518.21118355263638,17.04881644736362,2216.2559230262909,56.169999999978749,131.66263157894736,118.82552500004159,96.814853258722181,3.1851467412778125,1341987.5915984623,E80_P20_day_270,80,20,24,1,56.169999999978749,118.82552500004159,0,1364299.8111399612,775689.57305920182,23500.474791499339,3409.763289472724,561699.99999978754,24,70000000,0.09634228760924439,0.0027397260273972603,6743960.1326471074,1400000,18476.603103142759,3835.6164383561645,1188.255250000416,5023.8716883565803,1345823.2080368185,0,87.5,Optimal,7.3754335971898399e-12
2924,579.75999999999999,555.1099999999999,24.65000000000002,2282.6119298476333,96.227774999979104,102.04825484763776,92.098550000025327,95.748240651303973,4.251759348696015,1767042.910946463,E80_P20_day_271,80,20,24,1,96.227774999979104,92.098550000025327,0,1789355.1304879619,798914.17544667167,23233.205041499175,4930.0000000000036,962277.74999979103,24,70000000,0.09634228760924439,0.0027397260273972603,6743960.1326471074,1400000,18476.603103142759,3835.6164383561645,920.9855000002533,4756.601938356418,1770878.5273848192,0,79.166666666666657,Optimal,7.3683281698322389e-12
3070.1999999999998,465.24000000000001,465.24000000000001,0,2420.9884210526316,190.53999999997868,67.368421052631575,60.800000000021285,100,0,2753353.9473682079,E80_P20_day_272,80,20,24,1,190.53999999997868,60.800000000021285,0,2775666.1669097068,847345.94736842101,22920.219541499137,0,1905399.9999997867,24,70000000,0.09634228760924439,0.0027397260273972603,6743960.1326471074,1400000,18476.603103142759,3835.6164383561645,608.00000000021282,4443.6164383563773,2757189.5638065641,0,45.833333333333329,Optimal,7.1977979132498149e-12
2777.8000000000002,538.41000000000008,492.89475151115789,45.515248488842118,2219.8627650598228,76.213049999976874,114.5699135486539,103.39934697769633,91.546359003576796,8.4536409964231929,1549219.5109382523,E80_P20_day_273,80,20,24,1,76.213049999976874,103.39934697769633,0,1571531.730479751,776951.96777093795,23346.213011275886,9103.0496977684234,762130.4999997688,24,70000000,0.09634228760924439,0.0027397260273972603,6743960.1326471074,1400000,18476.603103142759,3835.6164383561645,1033.9934697769631,4869.6099081331276,1553055.1273766083,0,91.666666666666657,Optimal,7.3754335971898399e-12
2924,321.68000000000001,321.68000000000001,0,2454.5084210526315,154.4755499999784,68.348421052631593,61.684450000021613,100,0,2404450.2918682052,E80_P20_day_274,80,20,24,1,154.4755499999784,61.684450000021613,0,2426762.5114097041,859077.94736842101,22929.064041499139,0,1544755.4999997839,24,70000000,0.09634228760924439,0.0027397260273972603,6743960.1326471074,1400000,18476.603103142759,3835.6164383561645,616.84450000021616,4452.4609383563802,2408285.9083065614,0,58.333333333333336,Optimal,6.4517280407017097e-12
3070.1999999999998,282.48000000000002,282.48000000000002,0,2538.6942105263156,254.76309999998136,58.844210526315784,53.106900000018605,100,0,3436705.0426840242,E80_P20_day_275,80,20,24,1,254.76309999998136,53.106900000018605,0,3459017.2622255231,888542.97368421045,22843.288541499111,0,2547630.9999998137,24,70000000,0.09634228760924439,0.0027397260273972603,6743960.1326471074,1400000,18476.603103142759,3835.6164383561645,531.06900000018607,4366.6854383563505,3440540.6591223804,0,37.5,Optimal,5.9721116940636421e-12
2777.8000000000002,415.13,415.13,0,2367.4936842105089,0,49.473684210509006,44.650000000000006,100,0,829069.2894736781,E80_P20_day_276,80,20,24,1,0,44.650000000000006,0,851381.50901517703,828622.7894736781,22758.719541498926,0,0,24,70000000,0.09634228760924439,0.0027397260273972603,6743960.1326471074,1400000,18476.603103142759,3835.6164383561645,446.50000000000006,4282.1164383561645,832904.90591203421,0,41.666666666666671,Optimal,5.9561244825090398e-12
2924,968.66000000000008,907.48144999999045,61.178550000009636,2024.8276742585922,0,85.221787267790788,76.912663009208103,93.684208081265908,6.3157919187340896,721694.52262060123,E80_P20_day_277,80,20,24,1,0,76.912663009208103,0,744006.74216210016,708689.68599050725,23081.346171591005,12235.710000001927,0,24,70000000,0.09634228760924439,0.0027397260273972603,6743960.1326471074,1400000,18476.603103142759,3835.6164383561645,769.12663009208109,4604.743068448246,725530.13905895734,0,66.666666666666657,Optimal,7.3754335971898399e-12
3070.1999999999998,989.88999999999999,856.35374999998703,133.53625000001296,2151.3545706371096,75.639999999978741,134.85457063710979,121.70625000003416,86.509991009100716,13.490008990899288,1537298.4122227787,E80_P20_day_278,80,20,24,1,75.639999999978741,121.70625000003416,0,1559610.6317642776,752974.09972298832,23529.282041499268,26707.25000000259,756399.99999978743,24,70000000,0.09634228760924439,0.0027397260273972603,6743960.1326471074,1400000,18476.603103142759,3835.6164383561645,1217.0625000003415,5052.6789383565065,1541134.0286611349,0,83.333333333333343,Optimal,7.3754335971898399e-12
2777.8000000000002,434.83000000000004,434.82999999999998,0,2311.9690581717441,37.819999999978741,69.93905817174425,63.120000000021278,99.999999999999986,0,1188020.3703598981,E80_P20_day_279,80,20,24,1,37.819999999978741,63.120000000021278,0,1210332.589901397,809189.17036011047,22943.419541499137,0,378199.99999978743,24,70000000,0.09634228760924439,0.0027397260273972603,6743960.1326471074,1400000,18476.603103142759,3835.6164383561645,631.20000000021275,4466.8164383563771,1191855.9867982543,0,45.833333333333329,Optimal,7.3718808835110394e-12
2924,599.91999999999996,561.62007499998958,38.29992500001044,2220.29,152.00762499997833,101.71999999999997,91.802300000032105,93.615827943724099,6.3841720562759106,2305755.7579997857,E80_P20_day_280,80,20,24,1,152.00762499997833,91.802300000032105,0,2328067.9775412846,777101.5,23230.242541499247,7659.9850000020879,1520076.2499997832,24,70000000,0.09634228760924439,0.0027397260273972603,6743960.1326471074,1400000,18476.603103142759,3835.6164383561645,918.02300000032108,4753.6394383564857,2309591.3744381419,0,75,Optimal,7.3754335971898399e-12
3070.1999999999998,580,543.58737499999506,36.412625000004972,2258.8099999999895,278.39502499998116,108.64000000000001,98.047600000034336,93.721961206895699,6.2780387931043053,3582796.7509998088,E80_P20_day_281,80,20,24,1,278.39502499998116,98.047600000034336,0,3605108.9705413077,790583.49999999627,23292.695541499266,7282.5250000009946,2783950.2499998114,24,70000000,0.09634228760924439,0.0027397260273972603,6743960.1326471074,1400000,18476.603103142759,3835.6164383561645,980.47600000034333,4816.092438356508,3586632.367438165,0,66.666666666666657,Optimal,7.3754335971898399e-12
2777.8000000000002,254.18000000000001,254.18000000000001,0,2410.8084210526317,119.50187499997833,68.618421052631575,61.92812500002168,100,0,2039420.9786182046,E80_P20_day_282,80,20,24,1,119.50187499997833,61.92812500002168,0,2061733.1981597035,843782.94736842113,22931.50079149914,0,1195018.7499997832,24,70000000,0.09634228760924439,0.0027397260273972603,6743960.1326471074,1400000,18476.603103142759,3835.6164383561645,619.2812500002168,4454.897688356381,2043256.5950565608,0,54.166666666666664,Optimal,5.8388849311086233e-12
2924,707.81999999999994,531.17908587255783,176.64091412744216,2227.9000000000001,176.82752499997909,122.11908587256842,110.21247500003157,75.044373692825559,24.955626307174448,2584470.5575752798,E80_P20_day_283,80,20,24,1,176.82752499997909,110.21247500003157,0,2606782.7771167783,779765,23414.344291499241,35328.182825488431,1768275.2499997909,24,70000000,0.09634228760924439,0.0027397260273972603,6743960.1326471074,1400000,18476.603103142759,3835.6164383561645,1102.1247500003158,4937.7411883564801,2588306.1740136356,0,70.833333333333343,Optimal,7.3754335971898399e-12
3070.1999999999998,427.36000000000001,427.36000000000001,0,2408.0942105263157,240.63324999998088,60.384210526315805,54.496750000019098,100,0,3249710.4411840192,E80_P20_day_284,80,20,24,1,240.63324999998088,54.496750000019098,0,3272022.6607255181,842832.97368421045,22857.187041499114,0,2406332.4999998086,24,70000000,0.09634228760924439,0.0027397260273972603,6743960.1326471074,1400000,18476.603103142759,3835.6164383561645,544.96750000019097,4380.5839383563552,3253546.0576223754,0,45.833333333333329,Optimal,5.844214001626824e-12
2777.8000000000002,539.33000000000004,476.7999999999904,62.530000000009622,2209.2442105263158,101.57054999997779,100.66421052631578,90.849450000031808,88.405985203862272,11.59401479613773,1802355.4681839908,E80_P20_day_285,80,20,24,1,101.57054999997779,90.849450000031808,0,1824667.6877254895,773235.47368421056,23220.714041499243,12506.000000001924,1015705.4999997779,24,70000000,0.09634228760924439,0.0027397260273972603,6743960.1326471074,1400000,18476.603103142759,3835.6164383561645,908.49450000031811,4744.1109383564826,1806191.0846223468,0,79.166666666666657,Optimal,7.3754335971898399e-12
2924,672.27999999999997,529.62908587255777,142.65091412744226,2195.5700000000002,210.48034999997981,119.78908587256839,108.10965000003083,78.781026636603471,21.218973363396543,2902864.2793252869,E80_P20_day_286,80,20,24,1,210.48034999997981,108.10965000003083,0,2925176.4988667858,768449.5,23393.316041499231,28530.182825488453,2104803.4999997979,24,70000000,0.09634228760924439,0.0027397260273972603,6743960.1326471074,1400000,18476.603103142759,3835.6164383561645,1081.0965000003082,4916.7129383564725,2906699.8957636431,0,62.5,Optimal,7.3754335971898399e-12
3070.1999999999998,809.60000000000002,565.74247499997921,243.85752500002081,2207.1500000000001,309.3663249999816,123.68000000000001,111.6212000000391,69.879258275689139,30.120741724310871,3916053.4669998204,E80_P20_day_287,80,20,24,1,309.3663249999816,111.6212000000391,0,3938365.6865413198,772502.5,23428.431541499314,48771.505000004167,3093663.2499998161,24,70000000,0.09634228760924439,0.0027397260273972603,6743960.1326471074,1400000,18476.603103142759,3835.6164383561645,1116.2120000003911,4951.8284383565551,3919889.0834381771,0,54.166666666666664,Optimal,7.3754335971898399e-12
2777.8000000000002,850.32999999999993,559.59262499997999,290.73737500002005,2148.9542105263158,82.961099999975559,140.59421052631583,126.88627500004446,65.808877141813184,34.19112285818683,1641161.3114339707,E80_P20_day_288,80,20,24,1,82.961099999975559,126.88627500004446,0,1663473.5309754696,752133.97368421056,23581.08229149937,58147.475000004008,829610.99999975564,24,70000000,0.09634228760924439,0.0027397260273972603,6743960.1326471074,1400000,18476.603103142759,3835.6164383561645,1268.8627500004445,5104.4791883566086,1644996.9278723269,0,83.333333333333343,Optimal,7.3754335971898399e-12
2924,1038.28,792.30789999998592,245.97210000001411,2077.5181994459726,68.086974999978764,142.69819944597262,128.78512500003538,76.30965635473919,23.690343645260828,1458483.391055881,E80_P20_day_289,80,20,24,1,68.086974999978764,128.78512500003538,0,1480795.61059738,727131.36980609037,23600.070791499278,49194.420000002821,680869.74999978766,24,70000000,0.09634228760924439,0.0027397260273972603,6743960.1326471074,1400000,18476.603103142759,3835.6164383561645,1287.8512500003537,5123.467688356518,1462319.0074942373,0,83.333333333333343,Optimal,7.3754335971898399e-12
3070.1999999999998,910,715.35852499998157,194.64147500001846,2228.5142105263158,140.89417499997126,149.40421052631581,134.83730000004721,78.610826923074896,21.389173076925108,2229198.3916839273,E80_P20_day_290,80,20,24,1,140.89417499997126,134.83730000004721,0,2251510.6112254262,779979.97368421056,23660.592541499398,38928.295000003694,1408941.7499997125,24,70000000,0.09634228760924439,0.0027397260273972603,6743960.1326471074,1400000,18476.603103142759,3835.6164383561645,1348.3730000004721,5183.989438356637,2233034.0081222835,0,79.166666666666657,Optimal,7.3754335971898399e-12
2777.8000000000002,1221.6599999999999,1221.6599999999999,0,1560.0291966758862,0,39.889196675886296,36,100,0,546370.21883656015,E80_P20_day_291,80,20,24,1,0,36,0,568682.43837805907,546010.21883656015,22672.219541498926,0,0,24,70000000,0.09634228760924439,0.0027397260273972603,6743960.1326471074,1400000,18476.603103142759,3835.6164383561645,360,4195.6164383561645,550205.83527491626,0,50,Optimal,5.8051341511600185e-12
2924,1002.8600000000001,718.45734443748825,284.40265556251177,2119.9136749999848,100.06884999997963,148.101224999995,133.66135556254227,71.640841636667943,28.359158363332043,1800875.4309179187,E80_P20_day_292,80,20,24,1,100.06884999997963,133.66135556254227,0,1823187.6504594176,741969.78624999465,23648.833097124349,56880.531112502351,1000688.4999997964,24,70000000,0.09634228760924439,0.0027397260273972603,6743960.1326471074,1400000,18476.603103142759,3835.6164383561645,1336.6135556254226,5172.2299939815875,1804711.0473562749,0,91.666666666666657,Optimal,7.3754335971898399e-12
3070.1999999999998,760.1099999999999,537.95022499998015,222.15977500001978,2232.0999999999999,311.83222499998186,119.81999999999996,108.13755000003783,70.772680927757847,29.22731907224215,3945070.5804998227,E80_P20_day_293,80,20,24,1,311.83222499998186,108.13755000003783,0,3967382.8000413217,781235,23393.595041499302,44431.955000003953,3118322.2499998184,24,70000000,0.09634228760924439,0.0027397260273972603,6743960.1326471074,1400000,18476.603103142759,3835.6164383561645,1081.3755000003785,4916.991938356543,3948906.196938179,0,54.166666666666664,Optimal,7.3754335971898399e-12
2777.8000000000002,756.57000000000005,501.46239999998005,255.10760000001991,2176.1642105263159,113.22807499997759,133.89421052631582,120.83952500004233,66.281031497413323,33.718968502586662,1946168.1389339911,E80_P20_day_294,80,20,24,1,113.22807499997759,120.83952500004233,0,1968480.35847549,761657.47368421056,23520.614791499349,51021.520000003984,1132280.749999776,24,70000000,0.09634228760924439,0.0027397260273972603,6743960.1326471074,1400000,18476.603103142759,3835.6164383561645,1208.3952500004234,5044.0116883565879,1950003.7553723473,0,79.166666666666657,Optimal,7.3754335971898399e-12
2924,800.13999999999999,583.9614749999804,216.17852500001962,2212.2799999999997,141.67762499997451,142.76000000000002,128.84090000004514,72.982412452818309,27.017587547181694,2235598.3639997491,E80_P20_day_295,80,20,24,1,141.67762499997451,128.84090000004514,0,2257910.583541248,774297.99999999988,23600.628541499376,43235.705000003923,1416776.2499997451,24,70000000,0.09634228760924439,0.0027397260273972603,6743960.1326471074,1400000,18476.603103142759,3835.6164383561645,1288.4090000004514,5124.0254383566162,2239433.9804381053,0,79.166666666666657,Optimal,7.3754335971898399e-12
3070.1999999999998,662.18999999999994,524.30908587255772,137.88091412744228,2250.4099999999999,306.44079999998212,112.40908587256841,101.44920000002851,79.178043442600725,20.821956557399279,3880642.1748253098,E80_P20_day_296,80,20,24,1,306.44079999998212,101.44920000002851,0,3902954.3943668092,787643.5,23326.711541499208,27576.182825488457,3064407.9999998212,24,70000000,0.09634228760924439,0.0027397260273972603,6743960.1326471074,1400000,18476.603103142759,3835.6164383561645,1014.4920000002851,4850.1084383564494,3884477.7912636665,0,58.333333333333336,Optimal,7.3754335971898399e-12
2777.8000000000002,211.35000000000002,211.35000000000002,0,2449.2384210526316,123.90187499997836,68.618421052631561,61.928125000021673,100,0,2096871.4786182048,E80_P20_day_297,80,20,24,1,123.90187499997836,61.928125000021673,0,2119183.698159704,857233.44736842101,22931.50079149914,0,1239018.7499997837,24,70000000,0.09634228760924439,0.0027397260273972603,6743960.1326471074,1400000,18476.603103142759,3835.6164383561645,619.28125000021669,4454.897688356381,2100707.0950565613,0,54.166666666666664,Optimal,6.2172489379008766e-12
2924,626.63,558.84324999998705,67.786750000012944,2255.29,121.98989999997373,124.33999999999995,112.21685000003924,89.182332476898168,10.817667523101822,2023930.0184997402,E80_P20_day_298,80,20,24,1,121.98989999997373,112.21685000003924,0,2046242.2380412393,789351.5,23434.388041499318,13557.350000002589,1219898.9999997374,24,70000000,0.09634228760924439,0.0027397260273972603,6743960.1326471074,1400000,18476.603103142759,3835.6164383561645,1122.1685000003924,4957.7849383565572,2027765.6349380966,0,83.333333333333343,Optimal,7.3754335971898399e-12
3070.1999999999998,227.34,227.34,0,2547.0642105263159,301.30982499998208,56.554210526315799,51.040175000017882,100,0,3905081.1254340317,E80_P20_day_299,80,20,24,1,301.30982499998208,51.040175000017882,0,3927393.3449755302,891472.47368421056,22822.621291499105,0,3013098.2499998207,24,70000000,0.09634228760924439,0.0027397260273972603,6743960.1326471074,1400000,18476.603103142759,3835.6164383561645,510.40175000017882,4346.0181883563437,3908916.7418723875,0,29.166666666666668,Optimal,6.8567374000849668e-12
2777.8000000000002,364.78999999999996,364.78999999999996,0,2297.7384210526316,121.96187499997835,68.618421052631575,61.928125000021673,100.00000000000001,0,2024446.4786182048,E80_P20_day_300,80,20,24,1,121.96187499997835,61.928125000021673,0,2046758.6981597035,804208.44736842101,22931.50079149914,0,1219618.7499997835,24,70000000,0.09634228760924439,0.0027397260273972603,6743960.1326471074,1400000,18476.603103142759,3835.6164383561645,619.28125000021669,4454.897688356381,2028282.0950565608,0,66.666666666666657,Optimal,6.0822458181064576e-12
2924,512.98000000000002,472.26932499998691,40.710675000013048,2241.9699999999998,219.8723999999803,103.70999999999998,93.598275000032757,92.063886506293997,7.9361134937060012,2992491.617749806,E80_P20_day_301,80,20,24,1,219.8723999999803,93.598275000032757,0,3014803.837291305,784689.49999999988,23248.202291499252,8142.1350000026096,2198723.999999803,24,70000000,0.09634228760924439,0.0027397260273972603,6743960.1326471074,1400000,18476.603103142759,3835.6164383561645,935.98275000032754,4771.599188356492,2996327.2341881623,0,70.833333333333343,Optimal,7.3754335971898399e-12
3070.1999999999998,708.62,583.23287499998253,125.38712500001748,2242.5100000000002,255.46877499998172,112.94000000000003,101.92835000003571,82.305449324035806,17.694550675964194,3365662.9584998209,E80_P20_day_302,80,20,24,1,255.46877499998172,101.92835000003571,0,3387975.1780413198,784878.50000000012,23331.50304149928,25077.425000003495,2554687.749999817,24,70000000,0.09634228760924439,0.0027397260273972603,6743960.1326471074,1400000,18476.603103142759,3835.6164383561645,1019.2835000003571,4854.8999383565215,3369498.5749381771,0,58.333333333333336,Optimal,7.3754335971898399e-12
2777.8000000000002,773.41000000000008,575.00762499998189,198.40237500001811,2181.1342105263157,35.714174999972549,144.1642105263158,130.10820000004557,74.347063653169954,25.652936346830025,1161520.2806839398,E80_P20_day_303,80,20,24,1,35.714174999972549,130.10820000004557,0,1183832.5002254387,763396.97368421045,23613.301541499379,39680.475000003622,357141.74999972549,24,70000000,0.09634228760924439,0.0027397260273972603,6743960.1326471074,1400000,18476.603103142759,3835.6164383561645,1301.0820000004558,5136.6984383566205,1165355.897122296,0,91.666666666666657,Optimal,7.3754335971898399e-12
2924,940.85000000000014,730.38828587258649,210.46171412741347,2173.8654105262726,36.189999999978752,168.65329639888421,152.20960000004629,77.630683517307361,22.369316482692611,1166367.332509466,E80_P20_day_304,80,20,24,1,36.189999999978752,152.20960000004629,0,1188679.5520509651,760852.89368419547,23834.315541499389,42092.342825482694,361899.99999978754,24,70000000,0.09634228760924439,0.0027397260273972603,6743960.1326471074,1400000,18476.603103142759,3835.6164383561645,1522.0960000004629,5357.7124383566279,1170202.9489478224,0,91.666666666666657,Optimal,7.3754335971898399e-12
3070.1999999999998,786.35000000000002,575.72908587255768,210.62091412744229,2241.4499999999998,263.97982499998204,112.39908587256842,101.44017500002853,73.215373036505085,26.784626963494919,3467444.334575309,E80_P20_day_305,80,20,24,1,263.97982499998204,101.44017500002853,0,3489756.5541168079,784507.49999999988,23326.62129149921,42124.18282548846,2639798.2499998203,24,70000000,0.09634228760924439,0.0027397260273972603,6743960.1326471074,1400000,18476.603103142759,3835.6164383561645,1014.4017500002853,4850.0181883564501,3471279.9510136652,0,66.666666666666657,Optimal,7.3754335971898399e-12
2777.8000000000002,867.44000000000005,834.13842105262097,33.301578947379042,1949.8060387811602,4.5799999999787353,109.99445983379189,99.270000000031942,96.160935748019568,3.8390642519804299,735885.12936266942,E80_P20_day_306,80,20,24,1,4.5799999999787353,99.270000000031942,0,758197.34890416835,682432.11357340601,23304.919541499243,6660.3157894758087,45799.999999787353,24,70000000,0.09634228760924439,0.0027397260273972603,6743960.1326471074,1400000,18476.603103142759,3835.6164383561645,992.70000000031939,4828.3164383564836,739720.74580102554,0,62.5,Optimal,7.3754335971898399e-12
2924,263.70000000000005,263.70000000000005,0,2524.0584210526317,142.80999999997871,67.368421052631575,60.800000000021285,100,0,2312128.4473682083,E80_P20_day_307,80,20,24,1,142.80999999997871,60.800000000021285,0,2334440.6669097077,883420.44736842113,22920.219541499137,0,1428099.9999997872,24,70000000,0.09634228760924439,0.0027397260273972603,6743960.1326471074,1400000,18476.603103142759,3835.6164383561645,608.00000000021282,4443.6164383563773,2315964.063806565,0,37.5,Optimal,7.3718808835110394e-12
3070.1999999999998,856.06999999999994,856.06999999999994,0,2103.8942105263154,115.7039999999823,56.084210526315793,50.616000000017721,100.00000000000001,0,1893909.1336840335,E80_P20_day_308,80,20,24,1,115.7039999999823,50.616000000017721,0,1916221.3532255325,736362.97368421045,22818.3795414991,0,1157039.999999823,24,70000000,0.09634228760924439,0.0027397260273972603,6743960.1326471074,1400000,18476.603103142759,3835.6164383561645,506.16000000017721,4341.7764383563417,1897744.7501223898,0,41.666666666666671,Optimal,6.1035621001792606e-12
2777.8000000000002,785.97000000000003,518.13499999997975,267.83500000002033,2172.3742105263159,100.30842499997814,133.51421052631579,120.49657500004218,65.92299960558033,34.077000394419677,1818187.1894339966,E80_P20_day_309,80,20,24,1,100.30842499997814,120.49657500004218,0,1840499.4089754955,760330.97368421056,23517.185291499343,53567.000000004067,1003084.2499997815,24,70000000,0.09634228760924439,0.0027397260273972603,6743960.1326471074,1400000,18476.603103142759,3835.6164383561645,1204.9657500004218,5040.5821883565859,1822022.8058723528,0,79.166666666666657,Optimal,7.3754335971898399e-12
2924,972.81000000000006,780.04554016618954,192.76445983381052,2063.8757617728415,94.189999999978738,144.73130193903108,130.62000000002129,80.184778134084723,19.815221865915287,1704115.6085870443,E80_P20_day_310,80,20,24,1,94.189999999978738,130.62000000002129,0,1726427.8281285432,722356.51662049454,23618.419541499137,38552.891966762101,941899.99999978743,24,70000000,0.09634228760924439,0.0027397260273972603,6743960.1326471074,1400000,18476.603103142759,3835.6164383561645,1306.2000000002129,5141.8164383563771,1707951.2250254005,0,83.333333333333343,Optimal,7.3754335971898399e-12
3070.1999999999998,654.63,591.43682499998533,63.193175000014705,2251.75,237.74694999997982,110.09000000000002,99.356225000034812,90.346734032962942,9.6532659670370595,3179214.1972498018,E80_P20_day_311,80,20,24,1,237.74694999997982,99.356225000034812,0,3201526.4167913003,788112.5,23305.78179149927,12638.635000002942,2377469.4999997984,24,70000000,0.09634228760924439,0.0027397260273972603,6743960.1326471074,1400000,18476.603103142759,3835.6164383561645,993.56225000034806,4829.1786883565128,3183049.8136881576,0,75,Optimal,7.3754335971898399e-12
2777.8000000000002,1093.76,1080.51,13.250000000000021,1703.3993499999801,0,62.660000000000011,56.550650000019814,98.788582504388529,1.2114174956114705,599405.27899999334,E80_P20_day_312,80,20,24,1,0,56.550650000019814,0,621717.49854149227,596189.77249999309,22877.726041499121,2650.0000000000041,0,24,70000000,0.09634228760924439,0.0027397260273972603,6743960.1326471074,1400000,18476.603103142759,3835.6164383561645,565.50650000019812,4401.1229383563623,603240.89543834946,0,41.666666666666671,Optimal,7.3754335971898399e-12
2924,560.69000000000005,560.69000000000005,0,2321.4984210526318,50.539624999971707,89.518421052631581,80.790375000028291,100,0,1318728.6011181385,E80_P20_day_313,80,20,24,1,50.539624999971707,80.790375000028291,0,1341040.8206596375,812524.44736842113,23120.123291499207,0,505396.24999971705,24,70000000,0.09634228760924439,0.0027397260273972603,6743960.1326471074,1400000,18476.603103142759,3835.6164383561645,807.90375000028291,4643.5201883564478,1322564.2175564948,0,70.833333333333343,Optimal,7.3718808835110394e-12
3070.1999999999998,1154.5800000000002,1154.5800000000002,0,1915.6199999999999,0,0,0,100,0,670467,E80_P20_day_314,80,20,24,1,0,0,0,692779.21954149893,670467,22312.219541498926,0,0,24,70000000,0.09634228760924439,0.0027397260273972603,6743960.1326471074,1400000,18476.603103142759,3835.6164383561645,0,3835.6164383561645,674302.61643835611,0,0,Optimal,5.6843418860808015e-14
2777.8000000000002,1076.73,905.02999999998531,171.70000000001463,1882.6669252077368,0,101.50692520773691,91.610000000014637,84.053569604263402,15.946430395736593,694189.52382271085,E80_P20_day_315,80,20,24,1,0,91.610000000014637,0,716501.74336420977,658933.42382270785,23228.31954149907,34340.000000002925,0,24,70000000,0.09634228760924439,0.0027397260273972603,6743960.1326471074,1400000,18476.603103142759,3835.6164383561645,916.10000000014634,4751.7164383563104,698025.14026106696,0,62.5,Optimal,7.3754335971898399e-12
2924,259.13,259.13,0,2441.4842105263156,229.39999999998051,61.684210526315752,55.670000000019485,100,0,3149076.1736840154,E80_P20_day_316,80,20,24,1,229.39999999998051,55.670000000019485,0,3171388.3932255143,854519.47368421045,22868.919541499119,0,2293999.9999998049,24,70000000,0.09634228760924439,0.0027397260273972603,6743960.1326471074,1400000,18476.603103142759,3835.6164383561645,556.7000000001949,4392.3164383563599,3152911.7901223716,0,45.833333333333329,Optimal,4.7926107527018758e-12
3070.1999999999998,557.58000000000004,494.09424999998589,63.485750000014157,2260.8400000000001,325.20099999998183,101.90000000000003,91.964750000032225,88.614055382184773,11.385944617815229,4056920.7974998215,E80_P20_day_317,80,20,24,1,325.20099999998183,91.964750000032225,0,4079233.0170413204,791294,23231.867041499245,12697.150000002832,3252009.9999998184,24,70000000,0.09634228760924439,0.0027397260273972603,6743960.1326471074,1400000,18476.603103142759,3835.6164383561645,919.64750000032222,4755.2639383564865,4060756.4139381777,0,58.333333333333336,Optimal,7.3754335971898399e-12
2777.8000000000002,541.34000000000003,541.34000000000003,0,2236.1593351800238,9.0600000000000325,89.839335180023937,81.080000000000013,100,0,874066.56731300871,E80_P20_day_318,80,20,24,1,9.0600000000000325,81.080000000000013,0,896378.78685450763,782655.76731300831,23123.019541498925,0,90600.00000000032,24,70000000,0.09634228760924439,0.0027397260273972603,6743960.1326471074,1400000,18476.603103142759,3835.6164383561645,810.80000000000018,4646.4164383561647,877902.18375136482,0,54.166666666666664,Optimal,7.3718808835110394e-12
2924,1211.23,676.64620498612635,534.58379501387367,2135.6842105263158,124.71999999997871,133.85041551244211,120.80000000002129,55.864386201309941,44.135613798690066,2102814.2326867725,E80_P20_day_319,80,20,24,1,124.71999999997871,120.80000000002129,0,2125126.4522282714,747489.47368421056,23520.219541499137,106916.75900277474,1247199.9999997872,24,70000000,0.09634228760924439,0.0027397260273972603,6743960.1326471074,1400000,18476.603103142759,3835.6164383561645,1208.0000000002128,5043.6164383563773,2106649.8491251287,0,79.166666666666657,Optimal,7.3754335971898399e-12
3070.1999999999998,803.52999999999997,599.56908587255771,203.96091412744229,2241.1900000000001,240.82297499998069,116.73908587256841,105.35702500002988,74.616888712625254,25.383111287374746,3234492.0030752956,E80_P20_day_320,80,20,24,1,240.82297499998069,105.35702500002988,0,3256804.2226167945,784416.5,23365.789791499221,40792.18282548846,2408229.7499998068,24,70000000,0.09634228760924439,0.0027397260273972603,6743960.1326471074,1400000,18476.603103142759,3835.6164383561645,1053.5702500002988,4889.1866883564635,3238327.6195136518,0,70.833333333333343,Optimal,7.3754335971898399e-12
2777.8000000000002,747.75999999999999,588.77068587257861,158.98931412742138,2192.3218105262845,11.949999999978701,156.33329639888419,141.09080000004238,78.737922043513777,21.262077956486223,920021.40450947115,E80_P20_day_321,80,20,24,1,11.949999999978701,141.09080000004238,0,942333.62405097007,767312.63368419954,23723.127541499347,31797.862825484277,119499.999999787,24,70000000,0.09634228760924439,0.0027397260273972603,6743960.1326471074,1400000,18476.603103142759,3835.6164383561645,1410.9080000004237,5246.5244383565878,923857.02094782726,0,95.833333333333343,Optimal,7.3754335971898399e-12
2924,663.68000000000006,486.54908587255778,177.13091412744222,2240.0500000000002,209.01989999997997,119.1690858725684,107.55010000003065,73.310795243574873,26.689204756425116,2910718.1838252884,E80_P20_day_322,80,20,24,1,209.01989999997997,107.55010000003065,0,2933030.4033667874,784017.50000000012,23387.720541499231,35426.182825488446,2090198.9999997998,24,70000000,0.09634228760924439,0.0027397260273972603,6743960.1326471074,1400000,18476.603103142759,3835.6164383561645,1075.5010000003065,4911.1174383564712,2914553.8002636447,0,70.833333333333343,Optimal,7.3754335971898399e-12
3070.1999999999998,784.54000000000008,684.17662499998301,100.36337500001703,2249.1300000000001,150.65062499997231,141.10000000000005,127.3427500000446,87.207360364032809,12.792639635967193,2315047.8524997267,E80_P20_day_323,80,20,24,1,150.65062499997231,127.3427500000446,0,2337360.0720412261,787195.5,23585.647041499371,20072.675000003404,1506506.2499997232,24,70000000,0.09634228760924439,0.0027397260273972603,6743960.1326471074,1400000,18476.603103142759,3835.6164383561645,1273.4275000004461,5109.0439383566109,2318883.4689380834,0,83.333333333333343,Optimal,7.3754335971898399e-12
2777.8000000000002,721.31999999999994,575.94399016619718,145.37600983380278,2175.0088605262927,42.529999999978756,160.84975069250527,145.16690000003686,79.845836822242177,20.154163177757834,1217079.9721507512,E80_P20_day_324,80,20,24,1,42.529999999978756,145.16690000003686,0,1239392.1916922498,761253.10118420247,23763.888541499291,29075.201966760556,425299.99999978754,24,70000000,0.09634228760924439,0.0027397260273972603,6743960.1326471074,1400000,18476.603103142759,3835.6164383561645,1451.6690000003687,5287.2854383565336,1220915.5885891072,0,91.666666666666657,Optimal,7.3754335971898399e-12
2924,404.80000000000001,404.80000000000001,0,2331.6684210526314,194.09999999997871,67.368421052631547,60.800000000021278,100,0,2757691.9473682079,E80_P20_day_325,80,20,24,1,194.09999999997871,60.800000000021278,0,2780004.1669097072,816083.94736842101,22920.219541499137,0,1940999.999999787,24,70000000,0.09634228760924439,0.0027397260273972603,6743960.1326471074,1400000,18476.603103142759,3835.6164383561645,608.00000000021282,4443.6164383563773,2761527.5638065645,0,37.5,Optimal,7.3683281698322389e-12
3070.1999999999998,1836.9400000000001,1108.2799999999791,728.660000000021,1925.30324099722,51.903124999980278,156.78324099722008,141.49687500004066,60.332945006368142,39.667054993631851,1340034.3530988344,E80_P20_day_326,80,20,24,1,51.903124999980278,141.49687500004066,0,1362346.5726403333,673856.13434902695,23727.188291499329,145732.00000000419,519031.24999980279,24,70000000,0.09634228760924439,0.0027397260273972603,6743960.1326471074,1400000,18476.603103142759,3835.6164383561645,1414.9687500004065,5250.5851883565711,1343869.9695371906,0,75,Optimal,7.3754335971898399e-12
2777.8000000000002,825.33999999999992,730.53352499998846,94.806475000011545,2059.2966759002466,0,123.38667590024667,111.3564750000116,88.513040080450295,11.486959919549706,740828.69631508866,E80_P20_day_327,80,20,24,1,0,111.3564750000116,0,763140.91585658758,720753.83656508627,23425.78429149904,18961.295000002308,0,24,70000000,0.09634228760924439,0.0027397260273972603,6743960.1326471074,1400000,18476.603103142759,3835.6164383561645,1113.564750000116,4949.1811883562805,744664.31275344477,0,75,Optimal,7.3754335971898399e-12
2924,620.42999999999995,609.04842105262094,11.381578947379062,2270.4699999999998,58.641349999964788,145.22842105263157,131.06865000004589,98.165533751208187,1.8344662487918157,1384665.0022891241,E80_P20_day_328,80,20,24,1,58.641349999964788,131.06865000004589,0,1406977.2218306228,794664.49999999988,23622.906041499384,2276.3157894758124,586413.49999964784,24,70000000,0.09634228760924439,0.0027397260273972603,6743960.1326471074,1400000,18476.603103142759,3835.6164383561645,1310.6865000004589,5146.3029383566236,1388500.6187274801,0,87.5,Optimal,7.3754335971898399e-12
3070.1999999999998,375.46000000000004,375.46000000000004,0,2426.7842105263157,273.78474999998105,59.784210526315796,53.955250000018893,99.999999999999986,0,3587761.5261840215,E80_P20_day_329,80,20,24,1,273.78474999998105,53.955250000018893,0,3610073.74572552,849374.47368421056,22851.772041499113,0,2737847.4999998105,24,70000000,0.09634228760924439,0.0027397260273972603,6743960.1326471074,1400000,18476.603103142759,3835.6164383561645,539.55250000018896,4375.1689383563535,3591597.1426223773,0,37.5,Optimal,7.3683281698322389e-12
2777.8000000000002,564.83000000000004,442.26908587255775,122.56091412744223,2230.6642105263159,117.00187499997833,124.4632963988842,112.32812500003232,78.301273989086582,21.698726010913411,1976386.6877594825,E80_P20_day_330,80,20,24,1,117.00187499997833,112.32812500003232,0,1998698.9073009815,780732.47368421056,23435.500791499246,24512.182825488446,1170018.7499997832,24,70000000,0.09634228760924439,0.0027397260273972603,6743960.1326471074,1400000,18476.603103142759,3835.6164383561645,1123.2812500003231,4958.8976883564874,1980222.3041978388,0,75,Optimal,7.3754335971898399e-12
2924,759.23000000000002,585.84443587257795,173.38556412742207,2249.7219749999699,102.99999999998056,149.39908587256838,134.83267500004018,77.162972468498083,22.837027531501924,1853428.1308252797,E80_P20_day_331,80,20,24,1,102.99999999998056,134.83267500004018,0,1875740.3503667787,787402.69124998944,23660.546291499326,34677.112825484415,1029999.9999998056,24,70000000,0.09634228760924439,0.0027397260273972603,6743960.1326471074,1400000,18476.603103142759,3835.6164383561645,1348.3267500004017,5183.9431883565667,1857263.747263636,0,91.666666666666657,Optimal,7.3754335971898399e-12
3070.1999999999998,1734.3000000000002,1489.759085872558,244.54091412744225,1589.2974792243645,0,90.836565096932915,81.980000000010634,85.899733948714641,14.100266051285374,605982.10055401619,E80_P20_day_332,80,20,24,1,0,81.980000000010634,0,628294.32009551511,556254.11772852752,23132.01954149903,48908.182825488453,0,24,70000000,0.09634228760924439,0.0027397260273972603,6743960.1326471074,1400000,18476.603103142759,3835.6164383561645,819.80000000010637,4655.4164383562711,609817.7169923723,0,54.166666666666664,Optimal,7.3754335971898399e-12
2777.8000000000002,536.06999999999994,536.06999999999994,0,2234.5184210526313,13.779999999978733,67.368421052631575,60.800000000021278,100,0,920489.44736820855,E80_P20_day_333,80,20,24,1,13.779999999978733,60.800000000021278,0,942801.66690970748,782081.44736842101,22920.219541499137,0,137799.99999978734,24,70000000,0.09634228760924439,0.0027397260273972603,6743960.1326471074,1400000,18476.603103142759,3835.6164383561645,608.00000000021282,4443.6164383563773,924325.06380656466,0,45.833333333333329,Optimal,7.3718808835110394e-12
2924,524.25,475.9836499999891,48.266350000010895,2250.7599999999998,206.62999999998053,96.140000000000001,86.766350000030371,90.793257033855809,9.2067429661441871,2864586.933499808,E80_P20_day_334,80,20,24,1,206.62999999998053,86.766350000030371,0,2886899.1530413069,787765.99999999988,23179.883041499226,9653.2700000021796,2066299.9999998054,24,70000000,0.09634228760924439,0.0027397260273972603,6743960.1326471074,1400000,18476.603103142759,3835.6164383561645,867.66350000030366,4703.2799383564679,2868422.5499381642,0,66.666666666666657,Optimal,7.3754335971898399e-12
3070.1999999999998,479.89000000000004,479.88999999999999,0,2303.5921999999955,293.54572499998233,70.029999999999973,63.202075000022091,99.999999999999986,0,3742346.5407498218,E80_P20_day_335,80,20,24,1,293.54572499998233,63.202075000022091,0,3764658.7602913207,806257.26999999839,22944.240291499143,0,2935457.249999823,24,70000000,0.09634228760924439,0.0027397260273972603,6743960.1326471074,1400000,18476.603103142759,3835.6164383561645,632.02075000022091,4467.6371883563852,3746182.157188178,0,50,Optimal,7.0627947934553958e-12
2777.8000000000002,451.27999999999997,402.3979749999981,48.882025000001875,2262.8599999999892,123.07787499997838,108.05999999999999,97.52415000003414,89.168138406310518,10.831861593689478,2033531.3964997807,E80_P20_day_336,80,20,24,1,123.07787499997838,97.52415000003414,0,2055843.6160412796,792000.99999999627,23287.461041499264,9776.4050000003754,1230778.7499997837,24,70000000,0.09634228760924439,0.0027397260273972603,6743960.1326471074,1400000,18476.603103142759,3835.6164383561645,975.24150000034138,4810.8579383565057,2037367.0129381369,0,83.333333333333343,Optimal,7.3754335971898399e-12
2924,410.51999999999998,410.51999999999998,0,2324.6842105263158,195.09567499997962,64.614210526315759,58.314325000020403,100,0,2765179.366934007,E80_P20_day_337,80,20,24,1,195.09567499997962,58.314325000020403,0,2787491.586475506,813639.47368421056,22895.362791499127,0,1950956.7499997963,24,70000000,0.09634228760924439,0.0027397260273972603,6743960.1326471074,1400000,18476.603103142759,3835.6164383561645,583.14325000020403,4418.7596883563683,2769014.9833723633,0,66.666666666666657,Optimal,6.8069994085817598e-12
3070.1999999999998,611.38999999999999,599.25842105262097,12.131578947379069,2210.5042105263155,270.28999999997865,101.05263157894736,91.20000000003192,98.015738080868346,1.9842619191316622,3479914.7894734731,E80_P20_day_338,80,20,24,1,270.28999999997865,91.20000000003192,0,3502227.0090149716,773676.47368421045,23224.219541499242,2426.3157894758137,2702899.9999997863,24,70000000,0.09634228760924439,0.0027397260273972603,6743960.1326471074,1400000,18476.603103142759,3835.6164383561645,912.00000000031923,4747.6164383564837,3483750.4059118289,0,54.166666666666664,Optimal,7.3754335971898399e-12
2777.8000000000002,999.19000000000005,694.14381249999519,305.04618750000481,2097.3651939057759,0,140.60519390579697,126.89618750002619,69.47065247850712,30.529347521492888,796356.01724202279,E80_P20_day_339,80,20,24,1,0,126.89618750002619,0,818668.23678352172,734077.81786702154,23581.181416499185,61009.237500000963,0,24,70000000,0.09634228760924439,0.0027397260273972603,6743960.1326471074,1400000,18476.603103142759,3835.6164383561645,1268.9618750002619,5104.5783133564264,800191.6336803789,0,95.833333333333343,Optimal,7.3754335971898399e-12
2924,1316.6799999999998,1148.4799999999855,168.20000000001465,1785.9246814404221,0,106.7146814404221,96.310000000014682,87.225445818269094,12.77455418173092,659676.73850415077,E80_P20_day_340,80,20,24,1,0,96.310000000014682,0,681988.95804564969,625073.63850414776,23275.31954149907,33640.000000002932,0,24,70000000,0.09634228760924439,0.0027397260273972603,6743960.1326471074,1400000,18476.603103142759,3835.6164383561645,963.10000000014679,4798.7164383563113,663512.35494250688,0,62.5,Optimal,7.3754335971898399e-12
3070.1999999999998,819.69000000000005,681.84974999998281,137.84025000001719,2236.0142105263158,164.79694999997676,127.8042105263158,115.34330000004039,83.183856091935084,16.816143908064898,2459295.9566839817,E80_P20_day_341,80,20,24,1,164.79694999997676,115.34330000004039,0,2481608.1762254811,782604.97368421056,23465.652541499327,27568.050000003437,1647969.4999997676,24,70000000,0.09634228760924439,0.0027397260273972603,6743960.1326471074,1400000,18476.603103142759,3835.6164383561645,1153.4330000004038,4989.0494383565683,2463131.5731223384,0,79.166666666666657,Optimal,7.3754335971898399e-12
2777.8000000000002,465.86000000000001,465.86000000000001,0,2309.7946814404377,10.209999999978702,82.714681440437843,74.650000000021294,100,0,911274.63850394054,E80_P20_day_342,80,20,24,1,10.209999999978702,74.650000000021294,0,933586.85804543947,808428.13850415323,23058.719541499137,0,102099.99999978702,24,70000000,0.09634228760924439,0.0027397260273972603,6743960.1326471074,1400000,18476.603103142759,3835.6164383561645,746.50000000021294,4582.1164383563773,915110.25494229665,0,58.333333333333336,Optimal,7.3701045266716392e-12
2924,939.86000000000001,927.44421052631571,12.415789473684242,2002.5187457755987,0.8899999999999938,70.286731301916575,63.433775000001916,98.678974584120581,1.3210254158794121,712899.05666619632,E80_P20_day_343,80,20,24,1,0.8899999999999938,63.433775000001916,0,735211.27620769525,700881.56102145952,22946.557291498943,2483.1578947368484,8899.9999999999382,24,70000000,0.09634228760924439,0.0027397260273972603,6743960.1326471074,1400000,18476.603103142759,3835.6164383561645,634.33775000001913,4469.9541883561833,716734.67310455244,0,54.166666666666664,Optimal,7.3718808835110394e-12
3070.1999999999998,1211.22,1034.7555401661893,176.46445983381054,2011.8960664819942,34.489999999978735,112.22160664818378,101.28000000002132,85.430849900611719,14.569150099388265,1085369.3152352478,E80_P20_day_344,80,20,24,1,34.489999999978735,101.28000000002132,0,1107681.5347767465,704163.62326869799,23325.019541499136,35292.891966762108,344899.99999978737,24,70000000,0.09634228760924439,0.0027397260273972603,6743960.1326471074,1400000,18476.603103142759,3835.6164383561645,1012.8000000002132,4848.4164383563775,1089204.9316736038,0,66.666666666666657,Optimal,7.3683281698322389e-12
2777.8000000000002,436.56,436.55999999999995,0,2315.6084210526315,32.635824999977331,71.838421052631588,64.834175000022697,99.999999999999986,0,1137469.5391181945,E80_P20_day_345,80,20,24,1,32.635824999977331,64.834175000022697,0,1159781.7586596934,810462.94736842101,22960.561291499151,0,326358.24999977328,24,70000000,0.09634228760924439,0.0027397260273972603,6743960.1326471074,1400000,18476.603103142759,3835.6164383561645,648.34175000022697,4483.9581883563915,1141305.1555565507,0,66.666666666666657,Optimal,6.5369931689929217e-12
2924,173.69999999999999,173.69999999999999,0,2547.6342105263157,208.9169249999797,64.114210526315759,57.863075000020238,100,0,2981419.8544340073,E80_P20_day_346,80,20,24,1,208.9169249999797,57.863075000020238,0,3003732.0739755067,891671.97368421045,22890.850291499126,0,2089169.249999797,24,70000000,0.09634228760924439,0.0027397260273972603,6743960.1326471074,1400000,18476.603103142759,3835.6164383561645,578.6307500002024,4414.2471883563667,2985255.470872364,0,45.833333333333329,Optimal,6.3877791944833007e-12
3070.1999999999998,1228.0300000000002,1228.03,0,1843.9064749999943,0,17.810000000000009,16.073525000005635,99.999999999999986,0,645528.00149999803,E80_P20_day_347,80,20,24,1,0,16.073525000005635,0,667840.22104149696,645367.26624999801,22472.954791498982,0,0,24,70000000,0.09634228760924439,0.0027397260273972603,6743960.1326471074,1400000,18476.603103142759,3835.6164383561645,160.73525000005634,3996.3516883562206,649363.61793835415,0,29.166666666666668,Optimal,1.7763568394002505e-12
2777.8000000000002,1624.05,1301.0262049861262,323.02379501387372,1486.8032499999886,0,102.86620498612631,92.836750000011492,80.109984605531011,19.890015394468996,585914.26400277088,E80_P20_day_348,80,20,24,1,0,92.836750000011492,0,608226.48354426981,520381.137499996,23240.587041499039,64604.759002774743,0,24,70000000,0.09634228760924439,0.0027397260273972603,6743960.1326471074,1400000,18476.603103142759,3835.6164383561645,928.36750000011489,4763.9839383562794,589749.880441127,0,62.5,Optimal,7.3736572403504397e-12
2924,654.41999999999996,654.41999999999996,0,2213.3842105263157,62.533699999979447,65.004210526315774,58.666300000020541,100,0,1400608.1366840051,E80_P20_day_349,80,20,24,1,62.533699999979447,58.666300000020541,0,1422920.3562255041,774684.47368421045,22898.88254149913,0,625336.99999979453,24,70000000,0.09634228760924439,0.0027397260273972603,6743960.1326471074,1400000,18476.603103142759,3835.6164383561645,586.66300000020544,4422.2794383563696,1404443.7531223614,0,62.5,Optimal,7.3754335971898399e-12
3070.1999999999998,289.44999999999999,289.44999999999999,0,2517.1042105263159,269.28754999998171,57.864210526315802,52.222450000018291,100,0,3574384.1981840278,E80_P20_day_350,80,20,24,1,269.28754999998171,52.222450000018291,0,3596696.4177255267,880986.47368421056,22834.444041499108,0,2692875.499999817,24,70000000,0.09634228760924439,0.0027397260273972603,6743960.1326471074,1400000,18476.603103142759,3835.6164383561645,522.22450000018296,4357.8409383563476,3578219.814622384,0,33.333333333333329,Optimal,7.3256956056866329e-12
2777.8000000000002,104.39,104.39,0,2587.8042105263157,93.284324999975155,78.754210526315802,71.075675000024916,100,0,1839285.4804339623,E80_P20_day_351,80,20,24,1,93.284324999975155,71.075675000024916,0,1861597.6999754612,905731.47368421056,23022.976291499173,0,932843.24999975157,24,70000000,0.09634228760924439,0.0027397260273972603,6743960.1326471074,1400000,18476.603103142759,3835.6164383561645,710.75675000024921,4546.3731883564142,1843121.0968723185,0,66.666666666666657,Optimal,5.5830895462349872e-12
2924,681.82999999999993,681.82999999999993,0,2224.9812274238107,27.179999999978765,102.47412742381387,92.482900000024372,100.00000000000001,0,1051468.2585981216,E80_P20_day_352,80,20,24,1,27.179999999978765,92.482900000024372,0,1073780.4781396207,778743.42959833378,23237.048541499167,0,271799.99999978766,24,70000000,0.09634228760924439,0.0027397260273972603,6743960.1326471074,1400000,18476.603103142759,3835.6164383561645,924.8290000002437,4760.445438356408,1055303.875036478,0,79.166666666666657,Optimal,7.3754335971898399e-12
3070.1999999999998,807.18000000000006,807.18000000000006,0,2201.0884210526315,68.499999999978741,67.368421052631575,60.800000000021285,99.999999999999986,0,1455988.9473682086,E80_P20_day_353,80,20,24,1,68.499999999978741,60.800000000021285,0,1478301.1669097077,770380.94736842101,22920.219541499137,0,684999.99999978743,24,70000000,0.09634228760924439,0.0027397260273972603,6743960.1326471074,1400000,18476.603103142759,3835.6164383561645,608.00000000021282,4443.6164383563773,1459824.563806565,0,41.666666666666671,Optimal,7.3754335971898399e-12
2777.8000000000002,1064.9400000000001,792.23167499998522,272.70832500001478,1963.7878947368358,34.619999999978731,131.687894736836,118.8483250000361,74.392141810804858,25.607858189195145,1089255.911407683,E80_P20_day_354,80,20,24,1,34.619999999978731,118.8483250000361,0,1111568.130949182,687325.76315789251,23500.702791499287,54541.665000002955,346199.99999978731,24,70000000,0.09634228760924439,0.0027397260273972603,6743960.1326471074,1400000,18476.603103142759,3835.6164383561645,1188.4832500003611,5024.0996883565258,1093091.5278460393,0,79.166666666666657,Optimal,7.3754335971898399e-12
2924,525.72000000000003,484.6025999999863,41.117400000013753,2263.3600000000001,186.30999999998048,105.35999999999994,95.087400000033227,92.17884044738382,7.8211595526161739,2664450.353999808,E80_P20_day_355,80,20,24,1,186.30999999998048,95.087400000033227,0,2686762.5735413069,792176,23263.093541499256,8223.4800000027499,1863099.9999998047,24,70000000,0.09634228760924439,0.0027397260273972603,6743960.1326471074,1400000,18476.603103142759,3835.6164383561645,950.87400000033222,4786.4904383564972,2668285.9704381642,0,70.833333333333343,Optimal,7.3754335971898399e-12
3070.1999999999998,528.64999999999998,504.10842105263157,24.541578947368464,2281.6399999999894,293.75292499998045,95.398421052631562,86.097075000030145,95.357688650833566,4.6423113491664543,3741872.5365392747,E80_P20_day_356,80,20,24,1,293.75292499998045,86.097075000030145,0,3764184.7560807737,798573.99999999627,23173.190291499224,4908.3157894736923,2937529.2499998044,24,70000000,0.09634228760924439,0.0027397260273972603,6743960.1326471074,1400000,18476.603103142759,3835.6164383561645,860.97075000030145,4696.587188356466,3745708.152977631,0,50,Optimal,7.3754335971898399e-12
2777.8000000000002,503.93000000000001,434.20497499998328,69.725025000016714,2244.6100000000001,111.06332499997754,123.88000000000002,111.80170000003918,86.163747941178983,13.836252058821009,1911309.7719997792,E80_P20_day_357,80,20,24,1,111.06332499997754,111.80170000003918,0,1933621.9915412781,785613.5,23430.236541499315,13945.005000003343,1110633.2499997753,24,70000000,0.09634228760924439,0.0027397260273972603,6743960.1326471074,1400000,18476.603103142759,3835.6164383561645,1118.0170000003918,4953.6334383565563,1915145.3884381354,0,83.333333333333343,Optimal,7.3754335971898399e-12
2924,661.05999999999995,591.84462499998403,69.215375000015925,2259.2199999999998,86.887624999970768,143.09999999999999,129.14775000004519,89.529638005624918,10.470361994375084,1674737.8024997113,E80_P20_day_358,80,20,24,1,86.887624999970768,129.14775000004519,0,1697050.0220412102,790726.99999999988,23603.697041499378,13843.075000003186,868876.24999970768,24,70000000,0.09634228760924439,0.0027397260273972603,6743960.1326471074,1400000,18476.603103142759,3835.6164383561645,1291.477500000452,5127.0939383566165,1678573.4189380675,0,87.5,Optimal,7.3754335971898399e-12
3070.1999999999998,459.45999999999998,459.45999999999998,0,2323.7077999999965,294.44317499997919,76.010000000000034,68.599025000024042,100,0,3758415.4702497912,E80_P20_day_359,80,20,24,1,294.44317499997919,68.599025000024042,0,3780727.6897912901,813297.72999999882,22998.209791499165,0,2944431.7499997918,24,70000000,0.09634228760924439,0.0027397260273972603,6743960.1326471074,1400000,18476.603103142759,3835.6164383561645,685.99025000024039,4521.6066883564054,3762251.0866881474,0,50,Optimal,7.3683281698322389e-12
2777.8000000000002,514.03999999999996,513.87,0.17000000000000171,2200.5115429362813,71.9559999999788,87.564542936286443,79.027000000026192,99.966928643685321,0.033071356314684018,1490563.3100274869,E80_P20_day_360,80,20,24,1,71.9559999999788,79.027000000026192,0,1512875.5295689856,770179.0400276985,23102.489541499184,34.000000000000341,719559.99999978801,24,70000000,0.09634228760924439,0.0027397260273972603,6743960.1326471074,1400000,18476.603103142759,3835.6164383561645,790.27000000026192,4625.8864383564269,1494398.9264658429,0,75,Optimal,7.3701045266716392e-12
2924,320.69999999999999,320.69999999999999,0,2433.1642105263159,176.9767999999778,70.164210526315784,63.323200000022169,100,0,2622008.705683989,E80_P20_day_361,80,20,24,1,176.9767999999778,63.323200000022169,0,2644320.9252254879,851607.47368421056,22945.451541499147,0,1769767.9999997781,24,70000000,0.09634228760924439,0.0027397260273972603,6743960.1326471074,1400000,18476.603103142759,3835.6164383561645,633.23200000022166,4468.8484383563864,2625844.3221223452,0,58.333333333333336,Optimal,5.5138116294983774e-12
3070.1999999999998,257.51999999999998,257.51999999999998,0,2499.0342105263157,318.90242499998294,53.91421052631577,48.657575000017019,100,0,4064172.7994340402,E80_P20_day_362,80,20,24,1,318.90242499998294,48.657575000017019,0,4086485.0189755391,874661.97368421056,22798.795291499093,0,3189024.2499998296,24,70000000,0.09634228760924439,0.0027397260273972603,6743960.1326471074,1400000,18476.603103142759,3835.6164383561645,486.57575000017016,4322.1921883563346,4068008.4158723964,0,37.5,Optimal,7.3754335971898399e-12
2777.8000000000002,453.80000000000001,453.80000000000001,0,2238.2513855263055,95.621874999978317,101.26421052631582,91.390950000032049,100,0,1740520.6444339904,E80_P20_day_363,80,20,24,1,95.621874999978317,91.390950000032049,0,1762832.8639754893,783387.98493420694,23226.129041499244,0,956218.74999978312,24,70000000,0.09634228760924439,0.0027397260273972603,6743960.1326471074,1400000,18476.603103142759,3835.6164383561645,913.90950000032046,4749.5259383564853,1744356.2608723466,0,83.333333333333343,Optimal,7.3754335971898399e-12
2924,935.71000000000004,884.94842105262092,50.76157894737905,2006.2965927977816,43.112899999979085,106.23501385041324,95.877100000031518,94.575073586113319,5.4249264138866788,1144443.8942684906,E80_P20_day_364,80,20,24,1,43.112899999979085,95.877100000031518,0,1166756.1138099895,702203.80747922359,23270.990541499239,10152.31578947581,431128.99999979086,24,70000000,0.09634228760924439,0.0027397260273972603,6743960.1326471074,1400000,18476.603103142759,3835.6164383561645,958.77100000031521,4794.3874383564798,1148279.5107068468,0,66.666666666666657,Optimal,7.3754335971898399e-12
