metric,cluster,cluster_full,representative_value,replacement,adjustment,total,capacity_scenario,seed,day,date_UTC,days,effective_days
renewable_available_MWh,0,3139.1199999999999,1091.6099999999999,135.71000000000004,3.2770602231835255e-10,135.71000000032745,E0_P0,42,43,2023-02-13,3,3.0000000000003002
renewable_available_MWh,1,7200.7700000000004,714.05000000000007,-60.269999999999527,0,-60.269999999999527,E0_P0,42,211,2023-07-31,10,10
renewable_available_MWh,2,3282.1100000000001,302.55000000000001,348.49000000000024,-0.0028599990986277746,348.48714000090149,E0_P0,42,1,2023-01-02,12,11.999990547020001
renewable_available_MWh,3,18968,907.20000000000005,-824,-3.2230218494078146e-12,-824.00000000000364,E0_P0,42,63,2023-03-05,20,19.999999999999996
renewable_available_MWh,4,4174.7200000000003,1520.77,387.58999999999924,1663.3437770792889,2050.9337770792881,E0_P0,42,12,2023-01-13,3,4.0937510452463481
renewable_available_MWh,5,4316.71,1099.77,82.369999999999891,-4.8839599031680336e-13,82.369999999998981,E0_P0,42,31,2023-02-01,4,3.9999999999999996
renewable_available_MWh,6,11232.639999999999,708.62,-603.34000000000015,-5.3245631903564574e-10,-603.34000000053129,E0_P0,42,302,2023-10-30,15,14.999999999999249
renewable_available_MWh,7,3421.6000000000004,1584.6600000000001,-252.2800000000002,-3.5186520364050013e-13,-252.28000000000065,E0_P0,42,187,2023-07-07,2,1.9999999999999998
renewable_available_MWh,8,2313.9700000000003,1102.74,-108.49000000000024,-2.4485746763502903e-13,-108.49000000000069,E0_P0,42,179,2023-06-29,2,1.9999999999999998
renewable_available_MWh,9,12051.049999999999,566.21000000000004,-726.84999999999854,-0.0012447051009706201,-726.85124470509982,E0_P0,42,7,2023-01-08,20,19.999997801690007
renewable_available_MWh,10,2431.23,2431.23,0,-2.6992075241594194e-13,-4.5474735088646412e-13,E0_P0,42,13,2023-01-14,1,0.99999999999999989
renewable_available_MWh,11,6805.1099999999997,1273.8399999999999,-435.90999999999985,0,-435.90999999999985,E0_P0,42,183,2023-07-03,5,5
renewable_available_MWh,12,18907.650000000001,949.47000000000003,-1817.1900000000023,-8545.2151708889014,-10362.405170888904,E0_P0,42,228,2023-08-17,18,9.0000156183039994
renewable_available_MWh,13,10316.110000000001,453.80000000000001,-332.51000000000022,-3217.4925250841561,-3550.0025250841563,E0_P0,42,363,2023-12-30,22,14.909888662220899
renewable_available_MWh,14,7736.0100000000002,2021.1900000000001,348.75,8084.7600000000002,8433.5100000000002,E0_P0,42,106,2023-04-17,4,8
renewable_available_MWh,15,2118.9299999999998,2118.9299999999998,0,0,0,E0_P0,42,91,2023-04-02,1,1
renewable_available_MWh,16,4676.1900000000005,1051.1100000000001,-471.75,0,-471.75,E0_P0,42,238,2023-08-27,4,4
renewable_available_MWh,17,7942.2800000000007,729.25999999999999,808.83999999999833,3.4976501694927722e-10,808.84000000034939,E0_P0,42,165,2023-06-15,12,12.00000000000048
renewable_available_MWh,18,11763.379999999999,1485.55,121.02000000000044,0,121.02000000000044,E0_P0,42,105,2023-04-16,8,8
renewable_available_MWh,19,9377.5300000000007,447.81999999999994,-1316.7700000000023,-6.4752732953365908e-10,-1316.7700000006489,E0_P0,42,86,2023-03-28,18,17.999999999998554
renewable_available_MWh,20,1624.05,1624.05,0,-1.8030577031424854e-13,-2.2737367544323206e-13,E0_P0,42,348,2023-12-15,1,0.99999999999999989
renewable_available_MWh,21,2468.5899999999997,1151.9099999999999,-164.76999999999998,0,-164.76999999999998,E0_P0,42,152,2023-06-02,2,2
renewable_available_MWh,22,10370.48,1164.28,-1056.2399999999998,-1.0340883704884618e-12,-1056.2400000000016,E0_P0,42,94,2023-04-05,8,7.9999999999999991
renewable_available_MWh,23,5212.5599999999995,1640.3499999999999,-291.51000000000022,4.9171167137984639e-10,-291.50999999950818,E0_P0,42,104,2023-04-15,3,3.0000000000002998
renewable_available_MWh,24,3749.5799999999999,1278.49,85.890000000000327,1068.7483509825149,1154.6383509825155,E0_P0,42,125,2023-05-06,3,3.8359458040207706
renewable_available_MWh,25,4112.6599999999999,1076.73,194.26000000000022,-9.5632834984371586e-13,194.25999999999931,E0_P0,42,315,2023-11-12,4,3.9999999999999991
renewable_available_MWh,26,4087.6800000000003,1813.2600000000002,-461.15999999999985,-4.0262460032636232e-13,-461.16000000000031,E0_P0,42,92,2023-04-03,2,1.9999999999999998
renewable_available_MWh,27,2588.77,436.56,-405.9699999999998,-3.8774317090428667e-13,-405.97000000000025,E0_P0,42,345,2023-12-12,5,4.9999999999999991
renewable_available_MWh,28,7738.1899999999996,620.85000000000002,-287.98999999999887,2.9887265995398594e-10,-287.98999999970056,E0_P0,42,196,2023-07-16,12,12.000000000000481
renewable_available_MWh,29,1734.3000000000002,1734.3000000000002,0,0,0,E0_P0,42,332,2023-11-29,1,1
renewable_available_MWh,30,14436.709999999999,983.53999999999996,1299.9300000000003,-1.7471180058237223e-12,1299.9299999999985,E0_P0,42,259,2023-09-17,16,15.999999999999998
renewable_available_MWh,31,4184.8800000000001,862.58999999999992,128.06999999999971,0,128.06999999999971,E0_P0,42,188,2023-07-08,5,5
renewable_available_MWh,32,2758.29,683.28999999999996,-25.130000000000109,0,-25.130000000000109,E0_P0,42,262,2023-09-20,4,4
renewable_available_MWh,33,4520.7299999999996,259.13,-374.64999999999964,-4.6030734779378689e-13,-374.65000000000055,E0_P0,42,316,2023-11-13,16,15.999999999999998
renewable_available_MWh,34,8095.9000000000005,681.82999999999993,-1277.6000000000013,0,-1277.6000000000013,E0_P0,42,352,2023-12-19,10,10
renewable_available_MWh,35,1187.1900000000001,1187.1900000000001,0,-1.3180456726047397e-13,-2.2737367544323206e-13,E0_P0,42,123,2023-05-04,1,0.99999999999999989
renewable_available_MWh,36,2292.0299999999997,2292.0299999999997,0,-2.5446644791315973e-13,-4.5474735088646412e-13,E0_P0,42,186,2023-07-06,1,0.99999999999999989
renewable_available_MWh,37,1943.5999999999999,1943.5999999999999,0,0,0,E0_P0,42,70,2023-03-12,1,1
renewable_available_MWh,38,14333.6,716.64999999999998,-717.25,-4.0736836126598064e-10,-717.25000000040745,E0_P0,42,27,2023-01-28,19,18.999999999999432
renewable_available_MWh,39,7358.21,282.48000000000002,-1143.6499999999996,-6.2221374719229063e-10,-1143.6500000006217,E0_P0,42,275,2023-10-03,22,21.999999999997797
renewable_available_MWh,40,2023.73,414.12,-367.25,-1.8390622358310793e-13,-367.25000000000023,E0_P0,42,112,2023-04-23,4,3.9999999999999996
renewable_available_MWh,41,20176.809999999998,1088.26,500.13000000000102,11057.168354129679,11557.298354129682,E0_P0,42,206,2023-07-26,19,29.16041052150192
renewable_available_MWh,42,1415.4899999999998,1415.4899999999998,0,0,0,E0_P0,42,74,2023-03-16,1,1
renewable_available_MWh,43,1498.7,1498.7,0,0,0,E0_P0,42,140,2023-05-21,1,1
renewable_available_MWh,44,14229.59,1038.28,-731.95000000000073,-5.385518875300477e-10,-731.95000000053915,E0_P0,42,289,2023-10-17,13,12.999999999999481
renewable_available_MWh,45,939.86000000000001,939.86000000000001,0,-1.0434542119241996e-13,-1.1368683772161603e-13,E0_P0,42,343,2023-12-10,1,0.99999999999999989
renewable_available_MWh,46,2204.77,536.06999999999994,-60.490000000000236,4.7612580544864608e-13,-60.489999999999782,E0_P0,42,333,2023-11-30,4,4.0000000000000009
renewable_available_MWh,47,1949.8299999999999,856.06999999999994,-237.69000000000005,0,-237.69000000000005,E0_P0,42,308,2023-11-05,2,2
renewable_used_MWh,0,2643.6500000000001,954.29999999999995,219.24999999999955,2.8648496908090234e-10,219.25000000028604,E0_P0,42,43,2023-02-13,3,3.0000000000003002
renewable_used_MWh,1,5851.5900000000001,607.66999999999996,225.10999999999967,0,225.10999999999967,E0_P0,42,211,2023-07-31,10,10
renewable_used_MWh,2,3281.8200000000002,302.55000000000001,348.7800000000002,-0.0028599990986277746,348.77714000090145,E0_P0,42,1,2023-01-02,12,11.999990547020001
renewable_used_MWh,3,12362.42,568.29999999999995,-996.42000000000007,-2.0190071836623245e-12,-996.42000000000371,E0_P0,42,63,2023-03-05,20,19.999999999999996
renewable_used_MWh,4,3953.3400000000001,1456.1400000000001,415.07999999999993,1592.6546470250175,2007.7346470250177,E0_P0,42,12,2023-01-13,3,4.0937510452463481
renewable_used_MWh,5,4126.3699999999999,1041.1599999999999,38.269999999999527,-4.6236792172749113e-13,38.269999999998618,E0_P0,42,31,2023-02-01,4,3.9999999999999996
renewable_used_MWh,6,8387.0200000000004,524.17000000000007,-524.46999999999935,-3.9386078398706565e-10,-524.47000000039316,E0_P0,42,302,2023-10-30,15,14.999999999999249
renewable_used_MWh,7,1972.9400000000001,934.13999999999999,-104.66000000000008,-2.0742074724466874e-13,-104.66000000000031,E0_P0,42,187,2023-07-07,2,1.9999999999999998
renewable_used_MWh,8,1329.5599999999999,693.08000000000004,56.600000000000136,-1.5389467478144071e-13,56.599999999999909,E0_P0,42,179,2023-06-29,2,1.9999999999999998
renewable_used_MWh,9,9185.7799999999988,412.01999999999998,-945.3799999999992,-0.0009057476831951305,-945.38090574768285,E0_P0,42,7,2023-01-08,20,19.999997801690007
renewable_used_MWh,10,2043.5800000000002,2043.5800000000002,0,-2.2688295686634776e-13,-2.2737367544323206e-13,E0_P0,42,13,2023-01-14,1,0.99999999999999989
renewable_used_MWh,11,4480.6599999999999,882.63000000000011,-67.509999999999309,0,-67.509999999999309,E0_P0,42,183,2023-07-03,5,5
renewable_used_MWh,12,11416.700000000001,564.26999999999998,-1259.8400000000001,-5078.4211870596018,-6338.2611870596029,E0_P0,42,228,2023-08-17,18,9.0000156183039994
renewable_used_MWh,13,9202.5100000000002,387.46999999999997,-678.17000000000007,-2747.205440049268,-3425.3754400492689,E0_P0,42,363,2023-12-30,22,14.909888662220899
renewable_used_MWh,14,3993.2399999999998,1011.9399999999999,54.519999999999982,4047.7599999999998,4102.2799999999997,E0_P0,42,106,2023-04-17,4,8
renewable_used_MWh,15,1550.29,1550.29,0,0,0,E0_P0,42,91,2023-04-02,1,1
renewable_used_MWh,16,4478.9899999999998,1040.21,-318.14999999999964,0,-318.14999999999964,E0_P0,42,238,2023-08-27,4,4
renewable_used_MWh,17,6071.1300000000001,564.10000000000002,698.07000000000062,2.7055158113853395e-10,698.07000000027074,E0_P0,42,165,2023-06-15,12,12.00000000000048
renewable_used_MWh,18,7788.3599999999997,920.80999999999995,-421.88000000000011,0,-421.88000000000011,E0_P0,42,105,2023-04-16,8,8
renewable_used_MWh,19,8330.9600000000009,406.94999999999999,-1005.8600000000015,-5.8843117045626057e-10,-1005.8600000005899,E0_P0,42,86,2023-03-28,18,17.999999999998554
renewable_used_MWh,20,1258.1600000000001,1258.1600000000001,0,-1.396838200662387e-13,-2.2737367544323206e-13,E0_P0,42,348,2023-12-15,1,0.99999999999999989
renewable_used_MWh,21,2168.1999999999998,1104.8800000000001,41.5600000000004,0,41.5600000000004,E0_P0,42,152,2023-06-02,2,2
renewable_used_MWh,22,6345,715.68000000000006,-619.55999999999949,-6.3565153141098568e-13,-619.5600000000004,E0_P0,42,94,2023-04-05,8,7.9999999999999991
renewable_used_MWh,23,3958.6099999999997,1288.1399999999999,-94.190000000000055,3.8613312547397522e-10,-94.189999999613974,E0_P0,42,104,2023-04-15,3,3.0000000000002998
renewable_used_MWh,24,3705.6500000000001,1272.79,112.7199999999998,1063.9834598995965,1176.7034598995965,E0_P0,42,125,2023-05-06,3,3.8359458040207706
renewable_used_MWh,25,3172.0500000000002,857.99000000000001,259.90999999999985,-7.6204820231851046e-13,259.90999999999894,E0_P0,42,315,2023-11-12,4,3.9999999999999991
renewable_used_MWh,26,3139.9000000000001,1449.8099999999999,-240.2800000000002,-3.2192248866635963e-13,-240.28000000000065,E0_P0,42,92,2023-04-03,2,1.9999999999999998
renewable_used_MWh,27,2557.8299999999999,429.58999999999997,-409.88000000000011,-3.8155256731897678e-13,-409.88000000000056,E0_P0,42,345,2023-12-12,5,4.9999999999999991
renewable_used_MWh,28,6988.8000000000002,574.28999999999996,-97.320000000000618,2.7645901568007502e-10,-97.319999999724132,E0_P0,42,196,2023-07-16,12,12.000000000000481
renewable_used_MWh,29,1417.8699999999999,1417.8699999999999,0,0,0,E0_P0,42,332,2023-11-29,1,1
renewable_used_MWh,30,9902.5300000000007,687.38,1095.5499999999993,-1.2210321642669442e-12,1095.5499999999975,E0_P0,42,259,2023-09-17,16,15.999999999999998
renewable_used_MWh,31,3351,697.54999999999995,136.75,0,136.75,E0_P0,42,188,2023-07-08,5,5
renewable_used_MWh,32,2631.1700000000001,675,68.829999999999927,0,68.829999999999927,E0_P0,42,262,2023-09-20,4,4
renewable_used_MWh,33,4510.1700000000001,259.13,-364.09000000000015,-4.6030734779378689e-13,-364.09000000000106,E0_P0,42,316,2023-11-13,16,15.999999999999998
renewable_used_MWh,34,7389.9899999999998,629.61000000000001,-1093.8899999999994,0,-1093.8899999999994,E0_P0,42,352,2023-12-19,10,10
renewable_used_MWh,35,728.00999999999999,728.00999999999999,0,-8.082534641573602e-14,-1.1368683772161603e-13,E0_P0,42,123,2023-05-04,1,0.99999999999999989
renewable_used_MWh,36,1426.02,1426.02,0,-1.5832002375759657e-13,-2.2737367544323206e-13,E0_P0,42,186,2023-07-06,1,0.99999999999999989
renewable_used_MWh,37,897.81999999999994,897.81999999999994,0,0,0,E0_P0,42,70,2023-03-12,1,1
renewable_used_MWh,38,9678.9200000000001,466.88,-808.20000000000073,-2.6539055397734047e-10,-808.2000000002663,E0_P0,42,27,2023-01-28,19,18.999999999999432
renewable_used_MWh,39,7262.3699999999999,282.48000000000002,-1047.8099999999995,-6.2221374719229063e-10,-1047.8100000006216,E0_P0,42,275,2023-10-03,22,21.999999999997797
renewable_used_MWh,40,2023.73,414.12,-367.25,-1.8390622358310793e-13,-367.25000000000023,E0_P0,42,112,2023-04-23,4,3.9999999999999996
renewable_used_MWh,41,13387.779999999999,754.13,940.69000000000051,7662.2703865802423,8602.9603865802419,E0_P0,42,206,2023-07-26,19,29.16041052150192
renewable_used_MWh,42,1233.4300000000001,1233.4300000000001,0,0,0,E0_P0,42,74,2023-03-16,1,1
renewable_used_MWh,43,1491.9099999999999,1491.9099999999999,0,0,0,E0_P0,42,140,2023-05-21,1,1
renewable_used_MWh,44,10391.24,716.1400000000001,-1081.4199999999983,-3.7145909459468391e-10,-1081.4200000003693,E0_P0,42,289,2023-10-17,13,12.999999999999481
renewable_used_MWh,45,887.85000000000002,887.85000000000002,0,-9.8571151241344526e-14,-1.1368683772161603e-13,E0_P0,42,343,2023-12-10,1,0.99999999999999989
renewable_used_MWh,46,2189.5099999999998,536.06999999999994,-45.230000000000018,4.7612580544864608e-13,-45.229999999999563,E0_P0,42,333,2023-11-30,4,4.0000000000000009
renewable_used_MWh,47,1839.2999999999997,821.44999999999993,-196.39999999999986,0,-196.39999999999986,E0_P0,42,308,2023-11-05,2,2
curtailment_MWh,0,495.47000000000003,137.31,-83.54000000000002,4.1221053237450177e-11,-83.539999999958809,E0_P0,42,43,2023-02-13,3,3.0000000000003002
curtailment_MWh,1,1349.1800000000001,106.38000000000005,-285.37999999999943,0,-285.37999999999943,E0_P0,42,211,2023-07-31,10,10
curtailment_MWh,2,0.29000000000002046,0,-0.29000000000002046,-0,-0.29000000000002046,E0_P0,42,1,2023-01-02,12,11.999990547020001
curtailment_MWh,3,6605.5799999999999,338.89999999999998,172.42000000000007,-1.2040146657454897e-12,172.41999999999825,E0_P0,42,63,2023-03-05,20,19.999999999999996
curtailment_MWh,4,221.38000000000002,64.629999999999995,-27.490000000000038,70.689130054271473,43.199130054271421,E0_P0,42,12,2023-01-13,3,4.0937510452463481
curtailment_MWh,5,190.34000000000003,58.610000000000021,44.100000000000051,-2.6028068589312179e-14,44.100000000000023,E0_P0,42,31,2023-02-01,4,3.9999999999999996
curtailment_MWh,6,2845.6199999999999,184.44999999999999,-78.869999999999891,-1.3859553504858012e-10,-78.870000000138589,E0_P0,42,302,2023-10-30,15,14.999999999999249
curtailment_MWh,7,1448.6600000000001,650.51999999999998,-147.62000000000012,-1.4444445639583136e-13,-147.62000000000035,E0_P0,42,187,2023-07-07,2,1.9999999999999998
curtailment_MWh,8,984.40999999999997,409.65999999999997,-165.09000000000003,-9.0962792853588319e-14,-165.09000000000015,E0_P0,42,179,2023-06-29,2,1.9999999999999998
curtailment_MWh,9,2865.27,154.19,218.5300000000002,-0.00033895741777548947,218.52966104258212,E0_P0,42,7,2023-01-08,20,19.999997801690007
curtailment_MWh,10,387.64999999999998,387.64999999999998,0,-4.3037795549594191e-14,-5.6843418860808015e-14,E0_P0,42,13,2023-01-14,1,0.99999999999999989
curtailment_MWh,11,2324.4499999999998,391.20999999999992,-368.40000000000009,0,-368.40000000000009,E0_P0,42,183,2023-07-03,5,5
curtailment_MWh,12,7490.9499999999998,385.19999999999999,-557.35000000000036,-3466.7939838292991,-4024.1439838292995,E0_P0,42,228,2023-08-17,18,9.0000156183039994
curtailment_MWh,13,1113.6000000000001,66.330000000000041,345.66000000000076,-470.28708503488804,-124.62708503488727,E0_P0,42,363,2023-12-30,22,14.909888662220899
curtailment_MWh,14,3742.77,1009.25,294.23000000000002,4037,4331.2299999999996,E0_P0,42,106,2023-04-17,4,8
curtailment_MWh,15,568.63999999999999,568.63999999999999,0,0,0,E0_P0,42,91,2023-04-02,1,1
curtailment_MWh,16,197.19999999999999,10.899999999999991,-153.60000000000002,0,-153.60000000000002,E0_P0,42,238,2023-08-27,4,4
curtailment_MWh,17,1871.1500000000001,165.16000000000003,110.77000000000021,7.9213435810743257e-11,110.77000000007934,E0_P0,42,165,2023-06-15,12,12.00000000000048
curtailment_MWh,18,3975.02,564.74000000000001,542.90000000000009,0,542.90000000000009,E0_P0,42,105,2023-04-16,8,8
curtailment_MWh,19,1046.5699999999997,40.86999999999999,-310.90999999999985,-5.9096159077398612e-11,-310.91000000005897,E0_P0,42,86,2023-03-28,18,17.999999999998554
curtailment_MWh,20,365.88999999999999,365.88999999999999,0,-4.0621950248009851e-14,-5.6843418860808015e-14,E0_P0,42,348,2023-12-15,1,0.99999999999999989
curtailment_MWh,21,300.38999999999993,47.029999999999994,-206.32999999999993,0,-206.32999999999993,E0_P0,42,152,2023-06-02,2,2
curtailment_MWh,22,4025.48,448.60000000000002,-436.67999999999984,-3.984368390774762e-13,-436.68000000000029,E0_P0,42,94,2023-04-05,8,7.9999999999999991
curtailment_MWh,23,1253.95,352.21000000000004,-197.31999999999994,1.0557854590587114e-10,-197.31999999989443,E0_P0,42,104,2023-04-15,3,3.0000000000002998
curtailment_MWh,24,43.930000000000014,5.6999999999999815,-26.830000000000069,4.7648910829183766,-22.065108917081691,E0_P0,42,125,2023-05-06,3,3.8359458040207706
curtailment_MWh,25,940.61000000000001,218.73999999999998,-65.650000000000091,-1.9428014752520538e-13,-65.650000000000318,E0_P0,42,315,2023-11-12,4,3.9999999999999991
curtailment_MWh,26,947.78000000000009,363.45000000000005,-220.88,-8.0702111660002639e-14,-220.88000000000011,E0_P0,42,92,2023-04-03,2,1.9999999999999998
curtailment_MWh,27,30.940000000000019,6.970000000000006,3.9100000000000108,-6.1906035853098782e-15,3.9100000000000037,E0_P0,42,345,2023-12-12,5,4.9999999999999991
curtailment_MWh,28,749.3900000000001,46.560000000000009,-190.66999999999996,2.2413644273910908e-11,-190.66999999997756,E0_P0,42,196,2023-07-16,12,12.000000000000481
curtailment_MWh,29,316.43000000000001,316.43000000000001,0,0,0,E0_P0,42,332,2023-11-29,1,1
curtailment_MWh,30,4534.1799999999994,296.15999999999997,204.38000000000011,-5.2608584155677812e-13,204.3799999999992,E0_P0,42,259,2023-09-17,16,15.999999999999998
curtailment_MWh,31,833.87999999999988,165.03999999999996,-8.6800000000000637,0,-8.6800000000000637,E0_P0,42,188,2023-07-08,5,5
curtailment_MWh,32,127.11999999999996,8.2899999999999956,-93.95999999999998,0,-93.95999999999998,E0_P0,42,262,2023-09-20,4,4
curtailment_MWh,33,10.560000000000024,0,-10.560000000000024,-0,-10.560000000000024,E0_P0,42,316,2023-11-13,16,15.999999999999998
curtailment_MWh,34,705.90999999999997,52.219999999999999,-183.70999999999992,0,-183.70999999999992,E0_P0,42,352,2023-12-19,10,10
curtailment_MWh,35,459.18000000000006,459.18000000000006,0,-5.0979220844737945e-14,-5.6843418860808015e-14,E0_P0,42,123,2023-05-04,1,0.99999999999999989
curtailment_MWh,36,866.00999999999999,866.00999999999999,0,-9.6146424155563181e-14,-1.1368683772161603e-13,E0_P0,42,186,2023-07-06,1,0.99999999999999989
curtailment_MWh,37,1045.78,1045.78,0,0,0,E0_P0,42,70,2023-03-12,1,1
curtailment_MWh,38,4654.6800000000003,249.77000000000004,90.950000000000728,-1.4197780728864019e-10,90.949999999858846,E0_P0,42,27,2023-01-28,19,18.999999999999432
curtailment_MWh,39,95.840000000000032,0,-95.840000000000032,-0,-95.840000000000032,E0_P0,42,275,2023-10-03,22,21.999999999997797
curtailment_MWh,40,0,0,0,-0,0,E0_P0,42,112,2023-04-23,4,3.9999999999999996
curtailment_MWh,41,6789.0299999999997,334.13,-440.55999999999949,3394.8979675494365,2954.3379675494371,E0_P0,42,206,2023-07-26,19,29.16041052150192
curtailment_MWh,42,182.06,182.06,0,0,0,E0_P0,42,74,2023-03-16,1,1
curtailment_MWh,43,6.7899999999999991,6.7899999999999991,0,0,0,E0_P0,42,140,2023-05-21,1,1
curtailment_MWh,44,3838.3499999999999,322.13999999999999,349.4699999999998,-1.6709279293536381e-10,349.46999999983245,E0_P0,42,289,2023-10-17,13,12.999999999999481
curtailment_MWh,45,52.009999999999991,52.009999999999991,0,-5.7742699510754382e-15,-7.1054273576010019e-15,E0_P0,42,343,2023-12-10,1,0.99999999999999989
curtailment_MWh,46,15.260000000000016,0,-15.260000000000016,0,-15.260000000000016,E0_P0,42,333,2023-11-30,4,4.0000000000000009
curtailment_MWh,47,110.53000000000002,34.620000000000019,-41.289999999999978,0,-41.289999999999978,E0_P0,42,308,2023-11-05,2,2
total_load_MWh,0,9064.3999999999996,2924,-292.39999999999964,8.7779739033067017e-10,-292.39999999912106,E0_P0,42,43,2023-02-13,3,3.0000000000003002
total_load_MWh,1,29532.400000000001,2924,-292.40000000000146,0,-292.40000000000146,E0_P0,42,211,2023-07-31,10,10
total_load_MWh,2,34357,2924,731,-0.027640513516402621,730.97235948648449,E0_P0,42,1,2023-01-02,12,11.999990547020001
total_load_MWh,3,56433.200000000004,2777.8000000000002,-877.20000000000437,-9.8687280569720321e-12,-877.20000000001164,E0_P0,42,63,2023-03-05,20,19.999999999999996
total_load_MWh,4,8625.7999999999993,2777.8000000000002,-292.39999999999782,3038.221653485306,2745.8216534853073,E0_P0,42,12,2023-01-13,3,4.0937510452463481
total_load_MWh,5,11257.400000000001,2924,438.59999999999854,-1.2985168496015831e-12,438.59999999999673,E0_P0,42,31,2023-02-01,4,3.9999999999999996
total_load_MWh,6,45906.799999999996,3070.1999999999998,146.20000000000437,-2.3069450350021723e-09,146.19999999769789,E0_P0,42,302,2023-10-30,15,14.999999999999249
total_load_MWh,7,5994.1999999999998,2924,-146.19999999999982,-6.4925842480079154e-13,-146.20000000000073,E0_P0,42,187,2023-07-07,2,1.9999999999999998
total_load_MWh,8,5994.1999999999998,3070.1999999999998,146.19999999999982,-6.8172134604083108e-13,146.19999999999891,E0_P0,42,179,2023-06-29,2,1.9999999999999998
total_load_MWh,9,57456.599999999999,2924,1023.4000000000015,-0.0064278584186752141,1023.3935721415837,E0_P0,42,7,2023-01-08,20,19.999997801690007
total_load_MWh,10,2924,2924,0,-3.2462921240039577e-13,-4.5474735088646412e-13,E0_P0,42,13,2023-01-14,1,0.99999999999999989
total_load_MWh,11,14181.400000000001,2777.8000000000002,-292.40000000000146,0,-292.40000000000146,E0_P0,42,183,2023-07-03,5,5
total_load_MWh,12,51170,2777.8000000000002,-1169.5999999999985,-25000.156615475153,-26169.756615475148,E0_P0,42,228,2023-08-17,18,9.0000156183039994
total_load_MWh,13,61842.600000000006,2777.8000000000002,-731,-19694.911274082788,-20425.911274082791,E0_P0,42,363,2023-12-30,22,14.909888662220899
total_load_MWh,14,11549.799999999999,2924,146.20000000000073,11696,11842.200000000001,E0_P0,42,106,2023-04-17,4,8
total_load_MWh,15,2924,2924,0,0,0,E0_P0,42,91,2023-04-02,1,1
total_load_MWh,16,11403.6,2924,292.39999999999964,0,292.39999999999964,E0_P0,42,238,2023-08-27,4,4
total_load_MWh,17,34064.599999999999,2777.8000000000002,-730.99999999999272,1.3322782876912243e-09,-730.99999999866122,E0_P0,42,165,2023-06-15,12,12.00000000000048
total_load_MWh,18,22953.400000000001,2777.8000000000002,-731,0,-731,E0_P0,42,105,2023-04-16,8,8
total_load_MWh,19,55117.399999999994,3070.1999999999998,146.20000000000437,-4.4393694054178919e-09,146.19999999556603,E0_P0,42,86,2023-03-28,18,17.999999999998554
total_load_MWh,20,2777.8000000000002,2777.8000000000002,0,-3.08397751780376e-13,-4.5474735088646412e-13,E0_P0,42,348,2023-12-15,1,0.99999999999999989
total_load_MWh,21,5994.1999999999998,3070.1999999999998,146.19999999999982,0,146.19999999999982,E0_P0,42,152,2023-06-02,2,2
total_load_MWh,22,23538.200000000001,2924,-146.20000000000073,-2.5970336992031662e-12,-146.20000000000437,E0_P0,42,94,2023-04-05,8,7.9999999999999991
total_load_MWh,23,9064.3999999999996,3070.1999999999998,146.19999999999891,9.2032381715512191e-10,146.20000000091932,E0_P0,42,104,2023-04-15,3,3.0000000000002998
total_load_MWh,24,9064.3999999999996,3070.1999999999998,146.19999999999891,2566.5208075045698,2712.7208075045692,E0_P0,42,125,2023-05-06,3,3.8359458040207706
total_load_MWh,25,11257.400000000001,2777.8000000000002,-146.20000000000073,-2.467182014243008e-12,-146.20000000000255,E0_P0,42,315,2023-11-12,4,3.9999999999999991
total_load_MWh,26,6140.3999999999996,3070.1999999999998,0,-6.8172134604083108e-13,-9.0949470177292824e-13,E0_P0,42,92,2023-04-03,2,1.9999999999999998
total_load_MWh,27,14035.200000000001,2777.8000000000002,-146.20000000000073,-2.467182014243008e-12,-146.20000000000255,E0_P0,42,345,2023-12-12,5,4.9999999999999991
total_load_MWh,28,34941.800000000003,2924,146.19999999999709,1.4075922649681161e-09,146.20000000140135,E0_P0,42,196,2023-07-16,12,12.000000000000481
total_load_MWh,29,3070.1999999999998,3070.1999999999998,0,0,0,E0_P0,42,332,2023-11-29,1,1
total_load_MWh,30,48246,2924,-1462,-5.1940673984063324e-12,-1462.0000000000073,E0_P0,42,259,2023-09-17,16,15.999999999999998
total_load_MWh,31,15351,3070.1999999999998,0,0,0,E0_P0,42,188,2023-07-08,5,5
total_load_MWh,32,11403.6,2924,292.39999999999964,0,292.39999999999964,E0_P0,42,262,2023-09-20,4,4
total_load_MWh,33,46053,2924,731,-5.1940673984063324e-12,730.99999999999272,E0_P0,42,316,2023-11-13,16,15.999999999999998
total_load_MWh,34,29386.200000000001,2924,-146.20000000000073,0,-146.20000000000073,E0_P0,42,352,2023-12-19,10,10
total_load_MWh,35,2777.8000000000002,2777.8000000000002,0,-3.08397751780376e-13,-4.5474735088646412e-13,E0_P0,42,123,2023-05-04,1,0.99999999999999989
total_load_MWh,36,2777.8000000000002,2777.8000000000002,0,-3.08397751780376e-13,-4.5474735088646412e-13,E0_P0,42,186,2023-07-06,1,0.99999999999999989
total_load_MWh,37,2924,2924,0,0,0,E0_P0,42,70,2023-03-12,1,1
total_load_MWh,38,53655.400000000001,2777.8000000000002,-877.19999999999709,-1.578996489115525e-09,-877.20000000157597,E0_P0,42,27,2023-01-28,19,18.999999999999432
total_load_MWh,39,67544.399999999994,3070.1999999999998,0,-6.7626757527250447e-09,-6.7666405811905861e-09,E0_P0,42,275,2023-10-03,22,21.999999999997797
total_load_MWh,40,11696,2924,0,-1.2985168496015831e-12,-1.8189894035458565e-12,E0_P0,42,112,2023-04-23,4,3.9999999999999996
total_load_MWh,41,58333.799999999996,3070.1999999999998,0,31194.49238311519,31194.49238311519,E0_P0,42,206,2023-07-26,19,29.16041052150192
total_load_MWh,42,3070.1999999999998,3070.1999999999998,0,0,0,E0_P0,42,74,2023-03-16,1,1
total_load_MWh,43,3070.1999999999998,3070.1999999999998,0,0,0,E0_P0,42,140,2023-05-21,1,1
total_load_MWh,44,38158.199999999997,2924,-146.19999999999709,-1.516667680334649e-09,-146.20000000151049,E0_P0,42,289,2023-10-17,13,12.999999999999481
total_load_MWh,45,2924,2924,0,-3.2462921240039577e-13,-4.5474735088646412e-13,E0_P0,42,343,2023-12-10,1,0.99999999999999989
total_load_MWh,46,11257.400000000001,2777.8000000000002,-146.20000000000073,2.467182014243008e-12,-146.19999999999891,E0_P0,42,333,2023-11-30,4,4.0000000000000009
total_load_MWh,47,5848,3070.1999999999998,292.39999999999964,0,292.39999999999964,E0_P0,42,308,2023-11-05,2,2
thermal_generation_MWh,0,6021.1700000000001,1923.0699999999999,-251.96000000000004,5.7731389446757933e-10,-251.95999999942251,E0_P0,42,43,2023-02-13,3,3.0000000000003002
thermal_generation_MWh,1,21418.099999999999,2117.0500000000002,-247.59999999999854,0,-247.59999999999854,E0_P0,42,211,2023-07-31,10,10
thermal_generation_MWh,2,28870.349999999999,2430.8899999999999,300.33000000000175,-0.022979154549209291,300.30702084545192,E0_P0,42,1,2023-01-02,12,11.999990547020001
thermal_generation_MWh,3,41199.870000000003,2084.3099999999999,486.32999999999447,-7.4049566478606719e-12,486.32999999998719,E0_P0,42,63,2023-03-05,20,19.999999999999996
thermal_generation_MWh,4,4654.46,1321.6600000000001,-689.47999999999956,1445.5670064602887,756.08700646028865,E0_P0,42,12,2023-01-13,3,4.0937510452463481
thermal_generation_MWh,5,6941.0200000000004,1827.1600000000001,367.61999999999989,-8.1142204066964045e-13,367.61999999999898,E0_P0,42,31,2023-02-01,4,3.9999999999999996
thermal_generation_MWh,6,33328.779999999999,2238.4200000000001,247.52000000000407,-1.6819464221384806e-09,247.51999999832333,E0_P0,42,302,2023-10-30,15,14.999999999999249
thermal_generation_MWh,7,3821.4899999999998,1898.3400000000001,-24.809999999999491,-4.2151615531338397e-13,-24.809999999999945,E0_P0,42,187,2023-07-07,2,1.9999999999999998
thermal_generation_MWh,8,4209.1399999999994,2107.1399999999999,5.1400000000003274,-4.6787906882173044e-13,5.1399999999994179,E0_P0,42,179,2023-06-29,2,1.9999999999999998
thermal_generation_MWh,9,44336.57,2258.8800000000001,841.03000000000611,-0.0049657184763259466,841.02503428152704,E0_P0,42,7,2023-01-08,20,19.999997801690007
thermal_generation_MWh,10,880.41999999999996,880.41999999999996,0,-9.7746255534048028e-14,-1.1368683772161603e-13,E0_P0,42,13,2023-01-14,1,0.99999999999999989
thermal_generation_MWh,11,9500.0400000000009,1882.1499999999999,-89.290000000000873,0,-89.290000000000873,E0_P0,42,183,2023-07-03,5,5
thermal_generation_MWh,12,36830.790000000001,2055.5299999999997,168.74999999999272,-18499.737896107577,-18330.987896107585,E0_P0,42,228,2023-08-17,18,9.0000156183039994
thermal_generation_MWh,13,49060.739999999998,2232.7800000000002,60.42000000000553,-15830.658792766422,-15770.238792766417,E0_P0,42,363,2023-12-30,22,14.909888662220899
thermal_generation_MWh,14,7280.8700000000008,1829.5800000000002,37.449999999999818,7318.3200000000006,7355.7700000000004,E0_P0,42,106,2023-04-17,4,8
thermal_generation_MWh,15,1373.71,1373.71,0,0,0,E0_P0,42,91,2023-04-02,1,1
thermal_generation_MWh,16,6893.3600000000006,1852.54,516.79999999999927,0,516.79999999999927,E0_P0,42,238,2023-08-27,4,4
thermal_generation_MWh,17,25839.450000000001,2082.0999999999999,-854.25000000000364,9.986091953351206e-10,-854.24999999900319,E0_P0,42,165,2023-06-15,12,12.00000000000048
thermal_generation_MWh,18,14838.66,1818.54,-290.34000000000015,0,-290.34000000000015,E0_P0,42,105,2023-04-16,8,8
thermal_generation_MWh,19,41040.860000000001,2304.9400000000001,448.05999999999767,-3.3328382897934719e-09,448.05999999666528,E0_P0,42,86,2023-03-28,18,17.999999999998554
thermal_generation_MWh,20,1496.0699999999999,1496.0699999999999,0,-1.6609713604509579e-13,-2.2737367544323206e-13,E0_P0,42,348,2023-12-15,1,0.99999999999999989
thermal_generation_MWh,21,3776.8900000000003,1939.22,101.54999999999973,0,101.54999999999973,E0_P0,42,152,2023-06-02,2,2
thermal_generation_MWh,22,16161.949999999999,2090.9899999999998,565.96999999999935,-1.8571721938087647e-12,565.96999999999571,E0_P0,42,94,2023-04-05,8,7.9999999999999991
thermal_generation_MWh,23,5079.8600000000006,1761.05,203.28999999999905,5.2789272952935562e-10,203.29000000052747,E0_P0,42,104,2023-04-15,3,3.0000000000002998
thermal_generation_MWh,24,5348.7700000000004,1796.77,41.539999999999054,1502.0023422903998,1543.5423422903996,E0_P0,42,125,2023-05-06,3,3.8359458040207706
thermal_generation_MWh,25,7712.7799999999997,1877.3699999999999,-203.30000000000018,-1.667439519792424e-12,-203.300000000002,E0_P0,42,315,2023-11-12,4,3.9999999999999991
thermal_generation_MWh,26,2987.4700000000003,1620.3900000000001,253.30999999999995,-3.597988573744715e-13,253.30999999999949,E0_P0,42,92,2023-04-03,2,1.9999999999999998
thermal_generation_MWh,27,10991.77,2250.7400000000002,261.93000000000029,-1.9990586963558601e-12,261.92999999999847,E0_P0,42,345,2023-12-12,5,4.9999999999999991
thermal_generation_MWh,28,25874.07,2167.2000000000003,132.33000000000175,1.0432742669763685e-09,132.33000000104585,E0_P0,42,196,2023-07-16,12,12.000000000000481
thermal_generation_MWh,29,1620.75,1620.75,0,0,0,E0_P0,42,332,2023-11-29,1,1
thermal_generation_MWh,30,34496.370000000003,2086.2200000000003,-1116.8499999999985,-3.705871165493591e-12,-1116.8500000000058,E0_P0,42,259,2023-09-17,16,15.999999999999998
thermal_generation_MWh,31,10871.469999999999,2159.5499999999997,-73.720000000001164,0,-73.720000000001164,E0_P0,42,188,2023-07-08,5,5
thermal_generation_MWh,32,8435,2138.1599999999999,117.63999999999942,0,117.63999999999942,E0_P0,42,262,2023-09-20,4,4
thermal_generation_MWh,33,38036.510000000002,2379.8000000000002,40.290000000000873,-4.2273740064047164e-12,40.289999999993597,E0_P0,42,316,2023-11-13,16,15.999999999999998
thermal_generation_MWh,34,20903.220000000001,2187.9699999999998,976.47999999999593,0,976.47999999999593,E0_P0,42,352,2023-12-19,10,10
thermal_generation_MWh,35,1956.3499999999999,1956.3499999999999,0,-2.1719848142254249e-13,-2.2737367544323206e-13,E0_P0,42,123,2023-05-04,1,0.99999999999999989
thermal_generation_MWh,36,1351.78,1351.78,0,-1.5007772802277941e-13,-2.2737367544323206e-13,E0_P0,42,186,2023-07-06,1,0.99999999999999989
thermal_generation_MWh,37,1877.27,1877.27,0,0,0,E0_P0,42,70,2023-03-12,1,1
thermal_generation_MWh,38,40760.809999999998,2167.3099999999999,418.08000000000175,-1.2319731013121781e-09,418.07999999877211,E0_P0,42,27,2023-01-28,19,18.999999999999432
thermal_generation_MWh,39,53461.110000000001,2479.8499999999999,1095.5899999999965,-5.4623221501515218e-09,1095.5899999945323,E0_P0,42,275,2023-10-03,22,21.999999999997797
thermal_generation_MWh,40,9308.5599999999995,2383.54,225.60000000000036,-1.0585043952460182e-12,225.59999999999854,E0_P0,42,112,2023-04-23,4,3.9999999999999996
thermal_generation_MWh,41,39852.860000000001,2087.4499999999998,-191.31000000000495,21209.34894310918,21018.038943109175,E0_P0,42,206,2023-07-26,19,29.16041052150192
thermal_generation_MWh,42,1823.03,1823.03,0,0,0,E0_P0,42,74,2023-03-16,1,1
thermal_generation_MWh,43,1571.8,1571.8,0,0,0,E0_P0,42,140,2023-05-21,1,1
thermal_generation_MWh,44,26396,2070.0500000000002,514.65000000000146,-1.0737270628169428e-09,514.64999999892825,E0_P0,42,289,2023-10-17,13,12.999999999999481
thermal_generation_MWh,45,1977.1600000000001,1977.1600000000001,0,-2.1950885553678746e-13,-2.2737367544323206e-13,E0_P0,42,343,2023-12-10,1,0.99999999999999989
thermal_generation_MWh,46,8717,2167.1500000000001,-48.399999999999636,1.9248158622531265e-12,-48.399999999997817,E0_P0,42,333,2023-11-30,4,4.0000000000000009
thermal_generation_MWh,47,3842.3800000000001,2082.4299999999998,322.47999999999956,0,322.47999999999956,E0_P0,42,308,2023-11-05,2,2
unserved_MWh,0,399.57999999999993,46.629999999999995,-259.68999999999994,1.3998526782188491e-11,-259.68999999998596,E0_P0,42,43,2023-02-13,3,3.0000000000003002
unserved_MWh,1,2262.71,199.28000000000003,-269.90999999999985,0,-269.90999999999985,E0_P0,42,211,2023-07-31,10,10
unserved_MWh,2,2204.8299999999999,190.56,81.890000000000327,-0.0018013598685655552,81.888198640131577,E0_P0,42,1,2023-01-02,12,11.999990547020001
unserved_MWh,3,2870.9099999999999,125.18999999999998,-367.11000000000013,-4.4476422544903465e-13,-367.11000000000058,E0_P0,42,63,2023-03-05,20,19.999999999999996
unserved_MWh,4,17.999999999999972,0,-17.999999999999972,0,-17.999999999999972,E0_P0,42,12,2023-01-13,3,4.0937510452463481
unserved_MWh,5,190.01000000000002,55.679999999999993,32.709999999999951,-2.4726887204451483e-14,32.709999999999923,E0_P0,42,31,2023-02-01,4,3.9999999999999996
unserved_MWh,6,4191,307.60999999999996,423.14999999999964,-2.3113782887662634e-10,423.14999999976862,E0_P0,42,302,2023-10-30,15,14.999999999999249
unserved_MWh,7,199.77000000000004,91.52000000000001,-16.730000000000018,-2.0321522242738868e-14,-16.730000000000047,E0_P0,42,187,2023-07-07,2,1.9999999999999998
unserved_MWh,8,455.5,269.97999999999996,84.459999999999923,-5.9947602437659944e-14,84.459999999999809,E0_P0,42,179,2023-06-29,2,1.9999999999999998
unserved_MWh,9,3934.25,253.09999999999999,1127.75,-0.00055639225915413701,1127.7494436077404,E0_P0,42,7,2023-01-08,20,19.999997801690007
unserved_MWh,10,0,0,0,-0,0,E0_P0,42,13,2023-01-14,1,0.99999999999999989
unserved_MWh,11,200.70000000000005,13.020000000000024,-135.59999999999991,0,-135.59999999999991,E0_P0,42,183,2023-07-03,5,5
unserved_MWh,12,2922.5099999999998,158,-78.509999999999764,-1421.9975323079682,-1500.5075323079679,E0_P0,42,228,2023-08-17,18,9.0000156183039994
unserved_MWh,13,3579.3499999999999,157.54999999999998,-113.25000000000045,-1117.0470412670973,-1230.2970412670975,E0_P0,42,363,2023-12-30,22,14.909888662220899
unserved_MWh,14,275.69,82.479999999999976,54.229999999999905,329.9199999999999,384.14999999999981,E0_P0,42,106,2023-04-17,4,8
unserved_MWh,15,0,0,0,0,0,E0_P0,42,91,2023-04-02,1,1
unserved_MWh,16,31.25,31.25,93.75,0,93.75,E0_P0,42,238,2023-08-27,4,4
unserved_MWh,17,2154.02,131.60000000000002,-574.81999999999971,6.3117511217569712e-11,-574.8199999999365,E0_P0,42,165,2023-06-15,12,12.00000000000048
unserved_MWh,18,326.37999999999994,38.450000000000031,-18.779999999999688,0,-18.779999999999688,E0_P0,42,105,2023-04-16,8,8
unserved_MWh,19,5745.579999999999,358.31,704.00000000000091,-5.1809994516816009e-10,703.9999999994825,E0_P0,42,86,2023-03-28,18,17.999999999998554
unserved_MWh,20,23.569999999999993,23.569999999999993,0,-2.6167956690414932e-15,-3.5527136788005009e-15,E0_P0,42,348,2023-12-15,1,0.99999999999999989
unserved_MWh,21,49.109999999999971,26.099999999999952,3.0899999999999324,0,3.0899999999999324,E0_P0,42,152,2023-06-02,2,2
unserved_MWh,22,1031.25,117.33000000000001,-92.6099999999999,-1.042099739834157e-13,-92.610000000000014,E0_P0,42,94,2023-04-05,8,7.9999999999999991
unserved_MWh,23,25.930000000000007,21.010000000000019,37.100000000000051,6.2979621517911312e-12,37.100000000006347,E0_P0,42,104,2023-04-15,3,3.0000000000002998
unserved_MWh,24,9.980000000000004,0.64000000000000057,-8.0600000000000023,0.53500531457329359,-7.5249946854267087,E0_P0,42,125,2023-05-06,3,3.8359458040207706
unserved_MWh,25,372.57000000000005,42.439999999999998,-202.81000000000006,-3.7694292132073313e-14,-202.81000000000009,E0_P0,42,315,2023-11-12,4,3.9999999999999991
unserved_MWh,26,13.029999999999987,0,-13.029999999999987,-0,-13.029999999999987,E0_P0,42,92,2023-04-03,2,1.9999999999999998
unserved_MWh,27,485.60000000000002,97.470000000000027,1.7500000000001137,-8.6570750568171231e-14,1.75,E0_P0,42,345,2023-12-12,5,4.9999999999999991
unserved_MWh,28,2078.9299999999998,182.50999999999999,111.19000000000005,8.785898231167266e-11,111.19000000008782,E0_P0,42,196,2023-07-16,12,12.000000000000481
unserved_MWh,29,31.580000000000013,31.580000000000013,0,0,0,E0_P0,42,332,2023-11-29,1,1
unserved_MWh,30,3847.0999999999999,150.39999999999998,-1440.7000000000003,-2.6716406864579763e-13,-1440.7000000000007,E0_P0,42,259,2023-09-17,16,15.999999999999998
unserved_MWh,31,1128.5299999999997,213.09999999999997,-63.029999999999973,0,-63.029999999999973,E0_P0,42,188,2023-07-08,5,5
unserved_MWh,32,337.43000000000001,110.84,105.93000000000001,0,105.93000000000001,E0_P0,42,262,2023-09-20,4,4
unserved_MWh,33,3506.3200000000002,285.06999999999999,1054.7999999999997,-5.0638604420782939e-13,1054.7999999999988,E0_P0,42,316,2023-11-13,16,15.999999999999998
unserved_MWh,34,1092.99,106.41999999999999,-28.790000000000191,0,-28.790000000000191,E0_P0,42,352,2023-12-19,10,10
unserved_MWh,35,93.440000000000012,93.440000000000012,0,-1.0373923942097464e-14,-1.4210854715202004e-14,E0_P0,42,123,2023-05-04,1,0.99999999999999989
unserved_MWh,36,0,0,0,-0,0,E0_P0,42,186,2023-07-06,1,0.99999999999999989
unserved_MWh,37,148.90999999999997,148.90999999999997,0,0,0,E0_P0,42,70,2023-03-12,1,1
unserved_MWh,38,3215.6700000000001,143.60999999999999,-487.08000000000038,-8.1632833826006385e-11,-487.08000000008178,E0_P0,42,27,2023-01-28,19,18.999999999999432
unserved_MWh,39,6820.9199999999992,307.86999999999995,-47.780000000000655,-6.7813985538123221e-10,-47.780000000678228,E0_P0,42,275,2023-10-03,22,21.999999999997797
unserved_MWh,40,363.70999999999992,126.33999999999997,141.64999999999998,-5.61062307724569e-14,141.64999999999992,E0_P0,42,112,2023-04-23,4,3.9999999999999996
unserved_MWh,41,5093.1599999999999,228.62,-749.38000000000011,2322.8730534257688,1573.4930534257692,E0_P0,42,206,2023-07-26,19,29.16041052150192
unserved_MWh,42,13.739999999999952,13.739999999999952,0,0,0,E0_P0,42,74,2023-03-16,1,1
unserved_MWh,43,6.4900000000000091,6.4900000000000091,0,0,0,E0_P0,42,140,2023-05-21,1,1
unserved_MWh,44,1370.96,137.81,420.56999999999994,-7.1481522923022574e-11,420.56999999992854,E0_P0,42,289,2023-10-17,13,12.999999999999481
unserved_MWh,45,58.989999999999966,58.989999999999966,0,-6.5492056222637947e-15,-7.1054273576010019e-15,E0_P0,42,343,2023-12-10,1,0.99999999999999989
unserved_MWh,46,350.88999999999999,74.580000000000013,-52.569999999999936,6.6240346541235351e-14,-52.569999999999879,E0_P0,42,333,2023-11-30,4,4.0000000000000009
unserved_MWh,47,166.31999999999999,166.31999999999999,166.31999999999999,0,166.31999999999999,E0_P0,42,308,2023-11-05,2,2
discharge_MWh,0,0,0,0,0,0,E0_P0,42,43,2023-02-13,3,3.0000000000003002
discharge_MWh,1,0,0,0,0,0,E0_P0,42,211,2023-07-31,10,10
discharge_MWh,2,0,0,0,-0,0,E0_P0,42,1,2023-01-02,12,11.999990547020001
discharge_MWh,3,0,0,0,-0,0,E0_P0,42,63,2023-03-05,20,19.999999999999996
discharge_MWh,4,0,0,0,0,0,E0_P0,42,12,2023-01-13,3,4.0937510452463481
discharge_MWh,5,0,0,0,-0,0,E0_P0,42,31,2023-02-01,4,3.9999999999999996
discharge_MWh,6,0,0,0,-0,0,E0_P0,42,302,2023-10-30,15,14.999999999999249
discharge_MWh,7,0,0,0,-0,0,E0_P0,42,187,2023-07-07,2,1.9999999999999998
discharge_MWh,8,0,0,0,-0,0,E0_P0,42,179,2023-06-29,2,1.9999999999999998
discharge_MWh,9,0,0,0,-0,0,E0_P0,42,7,2023-01-08,20,19.999997801690007
discharge_MWh,10,0,0,0,-0,0,E0_P0,42,13,2023-01-14,1,0.99999999999999989
discharge_MWh,11,0,0,0,0,0,E0_P0,42,183,2023-07-03,5,5
discharge_MWh,12,0,0,0,-0,0,E0_P0,42,228,2023-08-17,18,9.0000156183039994
discharge_MWh,13,0,0,0,-0,0,E0_P0,42,363,2023-12-30,22,14.909888662220899
discharge_MWh,14,0,0,0,0,0,E0_P0,42,106,2023-04-17,4,8
discharge_MWh,15,0,0,0,0,0,E0_P0,42,91,2023-04-02,1,1
discharge_MWh,16,0,0,0,0,0,E0_P0,42,238,2023-08-27,4,4
discharge_MWh,17,0,0,0,0,0,E0_P0,42,165,2023-06-15,12,12.00000000000048
discharge_MWh,18,0,0,0,0,0,E0_P0,42,105,2023-04-16,8,8
discharge_MWh,19,0,0,0,-0,0,E0_P0,42,86,2023-03-28,18,17.999999999998554
discharge_MWh,20,0,0,0,-0,0,E0_P0,42,348,2023-12-15,1,0.99999999999999989
discharge_MWh,21,0,0,0,0,0,E0_P0,42,152,2023-06-02,2,2
discharge_MWh,22,0,0,0,-0,0,E0_P0,42,94,2023-04-05,8,7.9999999999999991
discharge_MWh,23,0,0,0,0,0,E0_P0,42,104,2023-04-15,3,3.0000000000002998
discharge_MWh,24,0,0,0,0,0,E0_P0,42,125,2023-05-06,3,3.8359458040207706
discharge_MWh,25,0,0,0,-0,0,E0_P0,42,315,2023-11-12,4,3.9999999999999991
discharge_MWh,26,0,0,0,-0,0,E0_P0,42,92,2023-04-03,2,1.9999999999999998
discharge_MWh,27,0,0,0,-0,0,E0_P0,42,345,2023-12-12,5,4.9999999999999991
discharge_MWh,28,0,0,0,0,0,E0_P0,42,196,2023-07-16,12,12.000000000000481
discharge_MWh,29,0,0,0,0,0,E0_P0,42,332,2023-11-29,1,1
discharge_MWh,30,0,0,0,-0,0,E0_P0,42,259,2023-09-17,16,15.999999999999998
discharge_MWh,31,0,0,0,0,0,E0_P0,42,188,2023-07-08,5,5
discharge_MWh,32,0,0,0,0,0,E0_P0,42,262,2023-09-20,4,4
discharge_MWh,33,0,0,0,-0,0,E0_P0,42,316,2023-11-13,16,15.999999999999998
discharge_MWh,34,0,0,0,0,0,E0_P0,42,352,2023-12-19,10,10
discharge_MWh,35,0,0,0,-0,0,E0_P0,42,123,2023-05-04,1,0.99999999999999989
discharge_MWh,36,0,0,0,-0,0,E0_P0,42,186,2023-07-06,1,0.99999999999999989
discharge_MWh,37,0,0,0,0,0,E0_P0,42,70,2023-03-12,1,1
discharge_MWh,38,0,0,0,-0,0,E0_P0,42,27,2023-01-28,19,18.999999999999432
discharge_MWh,39,0,0,0,-0,0,E0_P0,42,275,2023-10-03,22,21.999999999997797
discharge_MWh,40,0,0,0,-0,0,E0_P0,42,112,2023-04-23,4,3.9999999999999996
discharge_MWh,41,0,0,0,0,0,E0_P0,42,206,2023-07-26,19,29.16041052150192
discharge_MWh,42,0,0,0,0,0,E0_P0,42,74,2023-03-16,1,1
discharge_MWh,43,0,0,0,0,0,E0_P0,42,140,2023-05-21,1,1
discharge_MWh,44,0,0,0,-0,0,E0_P0,42,289,2023-10-17,13,12.999999999999481
discharge_MWh,45,0,0,0,-0,0,E0_P0,42,343,2023-12-10,1,0.99999999999999989
discharge_MWh,46,0,0,0,0,0,E0_P0,42,333,2023-11-30,4,4.0000000000000009
discharge_MWh,47,0,0,0,0,0,E0_P0,42,308,2023-11-05,2,2
total_cost_CNY,0,6202303.5,1166836.5,-2701794,3.5028934153302771e-07,-2701793.9999996498,E0_P0,42,43,2023-02-13,3,3.0000000000003002
total_cost_CNY,1,30393271,2755043.5000000005,-2842835.9999999963,0,-2842835.9999999963,E0_P0,42,211,2023-07-31,10,10
total_cost_CNY,2,32152980.5,2756411.5,923957.5,-26.056302777878805,923931.44369722158,E0_P0,42,1,2023-01-02,12,11.999990547020001
total_cost_CNY,3,44450170.5,2049188.4999999998,-3466400.5000000075,-7.2801800143906795e-09,-3466400.5000000149,E0_P0,42,63,2023-03-05,20,19.999999999999996
total_cost_CNY,4,1853337,475507,-426816,520086.27827195526,93270.278271955205,E0_P0,42,12,2023-01-13,3,4.0937510452463481
total_cost_CNY,5,4367525,1208028,464587,-5.3647219999675144e-10,464586.99999999907,E0_P0,42,31,2023-02-01,4,3.9999999999999996
total_cost_CNY,6,54144197,3896436.9999999995,4302357.9999999925,-2.9277786435244475e-06,4302357.9999970645,E0_P0,42,302,2023-10-30,15,14.999999999999249
total_cost_CNY,7,3624953.5,1709723,-205507.5,-3.796347680662393e-10,-205507.50000000047,E0_P0,42,187,2023-07-07,2,1.9999999999999998
total_cost_CNY,8,6225081,3519230.9999999995,813380.99999999907,-7.8142625703492275e-10,813380.99999999814,E0_P0,42,179,2023-06-29,2,1.9999999999999998
total_cost_CNY,9,55433353.5,3352446,11615566.5,-7.3697155418105496,11615559.130284458,E0_P0,42,7,2023-01-08,20,19.999997801690007
total_cost_CNY,10,385677,385677,0,-4.281874854683565e-11,-5.8207660913467407e-11,E0_P0,42,13,2023-01-14,1,0.99999999999999989
total_cost_CNY,11,5796904,867194.50000000023,-1460931.4999999991,0,-1460931.4999999991,E0_P0,42,183,2023-07-03,5,5
total_cost_CNY,12,43614066.5,2376475.5,-837507.5,-21388242.383483194,-22225749.883483194,E0_P0,42,228,2023-08-17,18,9.0000156183039994
total_cost_CNY,13,53187479,2370239,-1042221,-16805258.407146197,-17847479.407146201,E0_P0,42,363,2023-12-30,22,14.909888662220899
total_cost_CNY,14,6053758.5,1667002.9999999998,614253.49999999907,6668011.9999999991,7282265.4999999981,E0_P0,42,106,2023-04-17,4,8
total_cost_CNY,15,594526.5,594526.5,0,0,0,E0_P0,42,91,2023-04-02,1,1
total_cost_CNY,16,2764616,963069,1087660,0,1087660,E0_P0,42,238,2023-08-27,4,4
total_cost_CNY,17,30958237.5,2077767.0000000002,-6025033.4999999963,9.9653101770513807e-07,-6025033.4999990016,E0_P0,42,165,2023-06-15,12,12.00000000000048
total_cost_CNY,18,9252335,1133937.0000000002,-180838.99999999814,0,-180838.99999999814,E0_P0,42,105,2023-04-16,8,8
total_cost_CNY,19,72029415,4398003,7134639,-6.3593120849247953e-06,7134638.9999936372,E0_P0,42,86,2023-03-28,18,17.999999999998554
total_cost_CNY,20,832502.5,832502.5,0,-9.2426344355800438e-11,-1.1641532182693481e-10,E0_P0,42,348,2023-12-15,1,0.99999999999999989
total_cost_CNY,21,1873089.4999999998,949132.99999999953,25176.499999999302,0,25176.499999999302,E0_P0,42,152,2023-06-02,2,2
total_cost_CNY,22,16774278.5,1994866.5,-815346.5,-1.7717973754827199e-09,-815346.50000000186,E0_P0,42,94,2023-04-05,8,7.9999999999999991
total_cost_CNY,23,2288041,896909.50000000023,402687.50000000093,2.6885778603436e-07,402687.50000026962,E0_P0,42,104,2023-04-15,3,3.0000000000002998
total_cost_CNY,24,1980655.5,636409.5,-71427,532003.85116395657,460576.8511639568,E0_P0,42,125,2023-05-06,3,3.8359458040207706
total_cost_CNY,25,6613295,1125227.5,-2112385,-9.9940278275312266e-10,-2112385.0000000009,E0_P0,42,315,2023-11-12,4,3.9999999999999991
total_cost_CNY,26,1365470.5,639826.5,-85817.5,-1.4207002241306554e-10,-85817.500000000233,E0_P0,42,92,2023-04-03,2,1.9999999999999998
total_cost_CNY,27,8709307.5,1763853.0000000005,109957.50000000186,-1.5666161701233254e-09,109957.5,E0_P0,42,345,2023-12-12,5,4.9999999999999991
total_cost_CNY,28,29995102.5,2592932,1120081.5,1.2482185454132377e-06,1120081.500001248,E0_P0,42,196,2023-07-16,12,12.000000000000481
total_cost_CNY,29,946348.50000000012,946348.50000000012,0,0,0,E0_P0,42,332,2023-11-29,1,1
total_cost_CNY,30,51451565.5,2293409,-14757021.5,-4.073912762692089e-09,-14757021.500000007,E0_P0,42,259,2023-09-17,16,15.999999999999998
total_cost_CNY,31,15257090.499999998,2919850.4999999995,-657838,0,-657838,E0_P0,42,188,2023-07-08,5,5
total_cost_CNY,32,6351974,1858414,1081682,0,1081682,E0_P0,42,262,2023-09-20,4,4
total_cost_CNY,33,48378090.5,3683630,10559989.5,-6.5434413443199446e-09,10559989.499999993,E0_P0,42,316,2023-11-13,16,15.999999999999998
total_cost_CNY,34,18387209,1840433.4999999995,17125.999999996275,0,17125.999999996275,E0_P0,42,352,2023-12-19,10,10
total_cost_CNY,35,1710958.5,1710958.5,0,-1.8995455208781209e-10,-2.3283064365386963e-10,E0_P0,42,123,2023-05-04,1,0.99999999999999989
total_cost_CNY,36,646325,646325,0,-7.175648963908543e-11,-1.1641532182693481e-10,E0_P0,42,186,2023-07-06,1,0.99999999999999989
total_cost_CNY,37,2355300.5,2355300.5,0,0,0,E0_P0,42,70,2023-03-12,1,1
total_cost_CNY,38,47353919.5,2244612.5,-4706282,-1.2759144851770543e-06,-4706282.000001274,E0_P0,42,27,2023-01-28,19,18.999999999999432
total_cost_CNY,39,86939756.5,3946647.4999999995,-113511.5000000149,-8.6932113063653543e-06,-113511.50000870228,E0_P0,42,275,2023-10-03,22,21.999999999997797
total_cost_CNY,40,6895096,2097639,1495460,-9.315388460606755e-10,1495459.9999999981,E0_P0,42,112,2023-04-23,4,3.9999999999999996
total_cost_CNY,41,66237906.999999993,3083633.5,-7648870.4999999925,31330982.257855788,23682111.757855795,E0_P0,42,206,2023-07-26,19,29.16041052150192
total_cost_CNY,42,811872.49999999953,811872.49999999953,0,0,0,E0_P0,42,74,2023-03-16,1,1
total_cost_CNY,43,616388.00000000012,616388.00000000012,0,0,0,E0_P0,42,140,2023-05-21,1,1
total_cost_CNY,44,23715870,2167045.5,4455721.5,-1.1240382598032284e-06,4455721.499998875,E0_P0,42,289,2023-10-17,13,12.999999999999481
total_cost_CNY,45,1292307.9999999995,1292307.9999999995,0,-1.4347500965072863e-10,-2.3283064365386963e-10,E0_P0,42,343,2023-12-10,1,0.99999999999999989
total_cost_CNY,46,6562902,1504302.5,-545692,1.3360890172009476e-09,-545691.99999999907,E0_P0,42,333,2023-11-30,4,4.0000000000000009
total_cost_CNY,47,3030139,2398974.5,1767810,0,1767810,E0_P0,42,308,2023-11-05,2,2
thermal_cost_CNY,0,2107409.5,673074.5,-88186,2.0205986306365276e-07,-88185.999999797903,E0_P0,42,43,2023-02-13,3,3.0000000000003002
thermal_cost_CNY,1,7496335,740967.50000000012,-86659.999999999069,0,-86659.999999999069,E0_P0,42,211,2023-07-31,10,10
thermal_cost_CNY,2,10104622.5,850811.5,105115.5,-8.0427040922232518,105107.45729590766,E0_P0,42,1,2023-01-02,12,11.999990547020001
thermal_cost_CNY,3,14419954.5,729508.5,170215.5,-2.5917348267512352e-09,170215.49999999814,E0_P0,42,63,2023-03-05,20,19.999999999999996
thermal_cost_CNY,4,1629061,462581,-241318,505948.45226110099,264630.45226110099,E0_P0,42,12,2023-01-13,3,4.0937510452463481
thermal_cost_CNY,5,2429357,639506,128667,-2.8399771423437414e-10,128666.99999999953,E0_P0,42,31,2023-02-01,4,3.9999999999999996
thermal_cost_CNY,6,11665073,783447,86632,-5.8868124774846819e-07,86631.999999411404,E0_P0,42,302,2023-10-30,15,14.999999999999249
thermal_cost_CNY,7,1337521.5,664419,-8683.5,-1.4753065435968438e-10,-8683.5000000002328,E0_P0,42,187,2023-07-07,2,1.9999999999999998
thermal_cost_CNY,8,1473199,737499,1799,-1.6375767408760566e-10,1798.9999999997672,E0_P0,42,179,2023-06-29,2,1.9999999999999998
thermal_cost_CNY,9,15517799.5,790608,294360.5,-1.7380014667140813,294358.7619985342,E0_P0,42,7,2023-01-08,20,19.999997801690007
thermal_cost_CNY,10,308147,308147,0,-3.4211189436916811e-11,-5.8207660913467407e-11,E0_P0,42,13,2023-01-14,1,0.99999999999999989
thermal_cost_CNY,11,3325014,658752.5,-31251.5,0,-31251.5,E0_P0,42,183,2023-07-03,5,5
thermal_cost_CNY,12,12890776.5,719435.49999999988,59062.499999998137,-6474908.2636376517,-6415845.7636376545,E0_P0,42,228,2023-08-17,18,9.0000156183039994
thermal_cost_CNY,13,17171259,781473.00000000012,21147.000000003725,-5540730.5774682481,-5519583.5774682462,E0_P0,42,363,2023-12-30,22,14.909888662220899
thermal_cost_CNY,14,2548304.5,640353,13107.5,2561412,2574519.5,E0_P0,42,106,2023-04-17,4,8
thermal_cost_CNY,15,480798.5,480798.5,0,0,0,E0_P0,42,91,2023-04-02,1,1
thermal_cost_CNY,16,2412676,648389,180880,0,180880,E0_P0,42,238,2023-08-27,4,4
thermal_cost_CNY,17,9043807.5,728735,-298987.5,3.4951321836729221e-07,-298987.49999964982,E0_P0,42,165,2023-06-15,12,12.00000000000048
thermal_cost_CNY,18,5193531,636489,-101619,0,-101619,E0_P0,42,105,2023-04-16,8,8
thermal_cost_CNY,19,14364301,806729,156821,-1.1664934014277151e-06,156820.99999883398,E0_P0,42,86,2023-03-28,18,17.999999999998554
thermal_cost_CNY,20,523624.5,523624.5,0,-5.8133997615783528e-11,-5.8207660913467407e-11,E0_P0,42,348,2023-12-15,1,0.99999999999999989
thermal_cost_CNY,21,1321911.5,678727,35542.5,0,35542.5,E0_P0,42,152,2023-06-02,2,2
thermal_cost_CNY,22,5656682.5,731846.49999999988,198089.49999999907,-6.500102678330676e-10,198089.49999999814,E0_P0,42,94,2023-04-05,8,7.9999999999999991
thermal_cost_CNY,23,1777951,616367.5,71151.5,1.8476245533527447e-07,71151.500000184868,E0_P0,42,104,2023-04-15,3,3.0000000000002998
thermal_cost_CNY,24,1872069.5,628869.5,14539,525700.81980164,540239.81980163977,E0_P0,42,125,2023-05-06,3,3.8359458040207706
thermal_cost_CNY,25,2699473,657079.5,-71155,-5.8360383192734844e-10,-71155.000000000466,E0_P0,42,315,2023-11-12,4,3.9999999999999991
thermal_cost_CNY,26,1045614.5,567136.5,88658.5,-1.2592960008106502e-10,88658.499999999767,E0_P0,42,92,2023-04-03,2,1.9999999999999998
thermal_cost_CNY,27,3847119.5,787759.00000000012,91675.500000000466,-6.9967054372455106e-10,91675.5,E0_P0,42,345,2023-12-12,5,4.9999999999999991
thermal_cost_CNY,28,9055924.5,758520.00000000012,46315.500000001863,3.6514599344172899e-07,46315.500000366941,E0_P0,42,196,2023-07-16,12,12.000000000000481
thermal_cost_CNY,29,567262.5,567262.5,0,0,0,E0_P0,42,332,2023-11-29,1,1
thermal_cost_CNY,30,12073729.5,730177.00000000012,-390897.49999999814,-1.2970549079227569e-09,-390897.5,E0_P0,42,259,2023-09-17,16,15.999999999999998
thermal_cost_CNY,31,3805014.5,755842.49999999988,-25802.000000000466,0,-25802.000000000466,E0_P0,42,188,2023-07-08,5,5
thermal_cost_CNY,32,2952250,748356,41174,0,41174,E0_P0,42,262,2023-09-20,4,4
thermal_cost_CNY,33,13312778.5,832930.00000000012,14101.500000001863,-1.4795809022416508e-09,14101.5,E0_P0,42,316,2023-11-13,16,15.999999999999998
thermal_cost_CNY,34,7316127,765789.49999999988,341767.99999999907,0,341767.99999999907,E0_P0,42,352,2023-12-19,10,10
thermal_cost_CNY,35,684722.5,684722.5,0,-7.6019468497889875e-11,-1.1641532182693481e-10,E0_P0,42,123,2023-05-04,1,0.99999999999999989
thermal_cost_CNY,36,473123,473123,0,-5.2527204807972794e-11,-5.8207660913467407e-11,E0_P0,42,186,2023-07-06,1,0.99999999999999989
thermal_cost_CNY,37,657044.5,657044.5,0,0,0,E0_P0,42,70,2023-03-12,1,1
thermal_cost_CNY,38,14266283.5,758558.5,146328,-4.3119058545926237e-07,146327.99999956973,E0_P0,42,27,2023-01-28,19,18.999999999999432
thermal_cost_CNY,39,18711388.5,867947.5,383456.5,-1.9118127525530326e-06,383456.49999808893,E0_P0,42,275,2023-10-03,22,21.999999999997797
thermal_cost_CNY,40,3257996,834239,78960,-3.7047653833610639e-10,78959.999999999534,E0_P0,42,112,2023-04-23,4,3.9999999999999996
thermal_cost_CNY,41,13948501,730607.49999999988,-66958.500000001863,7423272.1300882129,7356313.6300882101,E0_P0,42,206,2023-07-26,19,29.16041052150192
thermal_cost_CNY,42,638060.5,638060.5,0,0,0,E0_P0,42,74,2023-03-16,1,1
thermal_cost_CNY,43,550130,550130,0,0,0,E0_P0,42,140,2023-05-21,1,1
thermal_cost_CNY,44,9238600,724517.50000000012,180127.50000000186,-3.7580447198592998e-07,180127.49999962561,E0_P0,42,289,2023-10-17,13,12.999999999999481
thermal_cost_CNY,45,692006,692006,0,-7.6828099437875608e-11,-1.1641532182693481e-10,E0_P0,42,343,2023-12-10,1,0.99999999999999989
thermal_cost_CNY,46,3050950,758502.5,-16940,6.7368555178859424e-10,-16939.999999999534,E0_P0,42,333,2023-11-30,4,4.0000000000000009
thermal_cost_CNY,47,1344833,728850.5,112868,0,112868,E0_P0,42,308,2023-11-05,2,2
curtailment_cost_CNY,0,99094,27462,-16708,8.2442106474900356e-09,-16707.999999991749,E0_P0,42,43,2023-02-13,3,3.0000000000003002
curtailment_cost_CNY,1,269836,21276.000000000011,-57075.999999999884,0,-57075.999999999884,E0_P0,42,211,2023-07-31,10,10
curtailment_cost_CNY,2,58.000000000004093,0,-58.000000000004093,-0,-58.000000000004093,E0_P0,42,1,2023-01-02,12,11.999990547020001
curtailment_cost_CNY,3,1321116,67780,34484,-2.4080293314909795e-10,34483.999999999767,E0_P0,42,63,2023-03-05,20,19.999999999999996
curtailment_cost_CNY,4,44276.000000000007,12926,-5498.0000000000073,14137.826010854296,8639.8260108542891,E0_P0,42,12,2023-01-13,3,4.0937510452463481
curtailment_cost_CNY,5,38068,11722.000000000004,8820.0000000000146,-5.2056137178624356e-12,8820.0000000000073,E0_P0,42,31,2023-02-01,4,3.9999999999999996
curtailment_cost_CNY,6,569124,36890,-15774,-2.7719107009716026e-08,-15774.000000027707,E0_P0,42,302,2023-10-30,15,14.999999999999249
curtailment_cost_CNY,7,289732,130104,-29524,-2.8888891279166273e-11,-29524.000000000029,E0_P0,42,187,2023-07-07,2,1.9999999999999998
curtailment_cost_CNY,8,196882,81932,-33018,-1.8192558570717665e-11,-33018.000000000029,E0_P0,42,179,2023-06-29,2,1.9999999999999998
curtailment_cost_CNY,9,573054,30838,43706,-0.067791483555097898,43705.932208516402,E0_P0,42,7,2023-01-08,20,19.999997801690007
curtailment_cost_CNY,10,77530,77530,0,-8.6075591099188387e-12,-1.4551915228366852e-11,E0_P0,42,13,2023-01-14,1,0.99999999999999989
curtailment_cost_CNY,11,464889.99999999994,78241.999999999985,-73680,0,-73680,E0_P0,42,183,2023-07-03,5,5
curtailment_cost_CNY,12,1498190,77040,-111470,-693358.79676585994,-804828.79676585994,E0_P0,42,228,2023-08-17,18,9.0000156183039994
curtailment_cost_CNY,13,222720.00000000006,13266.000000000007,69132.000000000116,-94057.417006977601,-24925.417006977514,E0_P0,42,363,2023-12-30,22,14.909888662220899
curtailment_cost_CNY,14,748554,201850,58846,807400,866246,E0_P0,42,106,2023-04-17,4,8
curtailment_cost_CNY,15,113728,113728,0,0,0,E0_P0,42,91,2023-04-02,1,1
curtailment_cost_CNY,16,39440,2179.9999999999982,-30720.000000000007,0,-30720.000000000007,E0_P0,42,238,2023-08-27,4,4
curtailment_cost_CNY,17,374230,33032.000000000007,22154.000000000116,1.5842687162148653e-08,22154.000000015949,E0_P0,42,165,2023-06-15,12,12.00000000000048
curtailment_cost_CNY,18,795004,112948,108580,0,108580,E0_P0,42,105,2023-04-16,8,8
curtailment_cost_CNY,19,209313.99999999997,8173.9999999999982,-62182,-1.1819231815479722e-08,-62182.000000011816,E0_P0,42,86,2023-03-28,18,17.999999999998554
curtailment_cost_CNY,20,73178,73178,0,-8.1243900496019705e-12,-1.4551915228366852e-11,E0_P0,42,348,2023-12-15,1,0.99999999999999989
curtailment_cost_CNY,21,60077.999999999993,9405.9999999999982,-41266,0,-41266,E0_P0,42,152,2023-06-02,2,2
curtailment_cost_CNY,22,805096,89720,-87336,-7.9687367815495236e-11,-87336.000000000116,E0_P0,42,94,2023-04-05,8,7.9999999999999991
curtailment_cost_CNY,23,250790,70442,-39464,2.1115709181174225e-08,-39463.999999978871,E0_P0,42,104,2023-04-15,3,3.0000000000002998
curtailment_cost_CNY,24,8786.0000000000036,1139.9999999999964,-5366.0000000000146,952.97821658367536,-4413.0217834163395,E0_P0,42,125,2023-05-06,3,3.8359458040207706
curtailment_cost_CNY,25,188122,43747.999999999993,-13130.000000000029,-3.8856029505041072e-11,-13130.000000000058,E0_P0,42,315,2023-11-12,4,3.9999999999999991
curtailment_cost_CNY,26,189556.00000000003,72690.000000000015,-44176,-1.6140422332000529e-11,-44176.000000000029,E0_P0,42,92,2023-04-03,2,1.9999999999999998
curtailment_cost_CNY,27,6188.0000000000036,1394.0000000000011,782.00000000000182,-1.2381207170619756e-12,782.00000000000091,E0_P0,42,345,2023-12-12,5,4.9999999999999991
curtailment_cost_CNY,28,149878.00000000003,9312.0000000000018,-38134,4.4827288547821817e-09,-38133.999999995518,E0_P0,42,196,2023-07-16,12,12.000000000000481
curtailment_cost_CNY,29,63286,63286,0,0,0,E0_P0,42,332,2023-11-29,1,1
curtailment_cost_CNY,30,906835.99999999988,59231.999999999993,40876,-1.0521716831135562e-10,40875.999999999884,E0_P0,42,259,2023-09-17,16,15.999999999999998
curtailment_cost_CNY,31,166776,33007.999999999993,-1736.0000000000291,0,-1736.0000000000291,E0_P0,42,188,2023-07-08,5,5
curtailment_cost_CNY,32,25423.999999999993,1657.9999999999991,-18791.999999999996,0,-18791.999999999996,E0_P0,42,262,2023-09-20,4,4
curtailment_cost_CNY,33,2112.0000000000045,0,-2112.0000000000045,-0,-2112.0000000000045,E0_P0,42,316,2023-11-13,16,15.999999999999998
curtailment_cost_CNY,34,141182,10444,-36742,0,-36742,E0_P0,42,352,2023-12-19,10,10
curtailment_cost_CNY,35,91836.000000000015,91836.000000000015,0,-1.0195844168947589e-11,-1.4551915228366852e-11,E0_P0,42,123,2023-05-04,1,0.99999999999999989
curtailment_cost_CNY,36,173202,173202,0,-1.9229284831112636e-11,-2.9103830456733704e-11,E0_P0,42,186,2023-07-06,1,0.99999999999999989
curtailment_cost_CNY,37,209156,209156,0,0,0,E0_P0,42,70,2023-03-12,1,1
curtailment_cost_CNY,38,930936,49954.000000000007,18190.000000000116,-2.8395561457728039e-08,18189.999999971711,E0_P0,42,27,2023-01-28,19,18.999999999999432
curtailment_cost_CNY,39,19168.000000000007,0,-19168.000000000007,-0,-19168.000000000007,E0_P0,42,275,2023-10-03,22,21.999999999997797
curtailment_cost_CNY,40,0,0,0,-0,0,E0_P0,42,112,2023-04-23,4,3.9999999999999996
curtailment_cost_CNY,41,1357806,66826,-88112,678979.59350988723,590867.59350988735,E0_P0,42,206,2023-07-26,19,29.16041052150192
curtailment_cost_CNY,42,36412,36412,0,0,0,E0_P0,42,74,2023-03-16,1,1
curtailment_cost_CNY,43,1357.9999999999998,1357.9999999999998,0,0,0,E0_P0,42,140,2023-05-21,1,1
curtailment_cost_CNY,44,767670,64428,69894,-3.3418558587072766e-08,69893.999999966589,E0_P0,42,289,2023-10-17,13,12.999999999999481
curtailment_cost_CNY,45,10401.999999999998,10401.999999999998,0,-1.1548539902150876e-12,-1.8189894035458565e-12,E0_P0,42,343,2023-12-10,1,0.99999999999999989
curtailment_cost_CNY,46,3052.0000000000032,0,-3052.0000000000032,0,-3052.0000000000032,E0_P0,42,333,2023-11-30,4,4.0000000000000009
curtailment_cost_CNY,47,22106.000000000004,6924.0000000000036,-8257.9999999999964,0,-8257.9999999999964,E0_P0,42,308,2023-11-05,2,2
load_shedding_cost_CNY,0,3995799.9999999995,466299.99999999994,-2596900,1.3998526782188489e-07,-2596899.9999998598,E0_P0,42,43,2023-02-13,3,3.0000000000003002
load_shedding_cost_CNY,1,22627100,1992800.0000000002,-2699099.9999999963,0,-2699099.9999999963,E0_P0,42,211,2023-07-31,10,10
load_shedding_cost_CNY,2,22048300,1905600,818900,-18.013598685655552,818881.98640131578,E0_P0,42,1,2023-01-02,12,11.999990547020001
load_shedding_cost_CNY,3,28709100,1251899.9999999998,-3671100.0000000037,-4.4476422544903463e-09,-3671100.0000000075,E0_P0,42,63,2023-03-05,20,19.999999999999996
load_shedding_cost_CNY,4,179999.99999999971,0,-179999.99999999971,0,-179999.99999999971,E0_P0,42,12,2023-01-13,3,4.0937510452463481
load_shedding_cost_CNY,5,1900100,556799.99999999988,327099.99999999953,-2.4726887204451481e-10,327099.99999999907,E0_P0,42,31,2023-02-01,4,3.9999999999999996
load_shedding_cost_CNY,6,41910000,3076099.9999999995,4231499.9999999925,-2.3113782887662633e-06,4231499.9999976829,E0_P0,42,302,2023-10-30,15,14.999999999999249
load_shedding_cost_CNY,7,1997700.0000000005,915200.00000000012,-167300.00000000023,-2.0321522242738868e-10,-167300.00000000047,E0_P0,42,187,2023-07-07,2,1.9999999999999998
load_shedding_cost_CNY,8,4555000,2699799.9999999995,844599.99999999907,-5.9947602437659942e-10,844599.99999999814,E0_P0,42,179,2023-06-29,2,1.9999999999999998
load_shedding_cost_CNY,9,39342500,2531000,11277500,-5.5639225915413704,11277494.436077408,E0_P0,42,7,2023-01-08,20,19.999997801690007
load_shedding_cost_CNY,10,0,0,0,-0,0,E0_P0,42,13,2023-01-14,1,0.99999999999999989
load_shedding_cost_CNY,11,2007000.0000000005,130200.00000000025,-1355999.9999999991,0,-1355999.9999999991,E0_P0,42,183,2023-07-03,5,5
load_shedding_cost_CNY,12,29225100,1580000,-785100,-14219975.323079681,-15005075.323079681,E0_P0,42,228,2023-08-17,18,9.0000156183039994
load_shedding_cost_CNY,13,35793500,1575499.9999999998,-1132500.0000000075,-11170470.412670972,-12302970.412670977,E0_P0,42,363,2023-12-30,22,14.909888662220899
load_shedding_cost_CNY,14,2756900,824799.99999999977,542299.99999999907,3299199.9999999991,3841499.9999999981,E0_P0,42,106,2023-04-17,4,8
load_shedding_cost_CNY,15,0,0,0,0,0,E0_P0,42,91,2023-04-02,1,1
load_shedding_cost_CNY,16,312500,312500,937500,0,937500,E0_P0,42,238,2023-08-27,4,4
load_shedding_cost_CNY,17,21540200,1316000.0000000002,-5748199.9999999963,6.311751121756971e-07,-5748199.9999993667,E0_P0,42,165,2023-06-15,12,12.00000000000048
load_shedding_cost_CNY,18,3263799.9999999995,384500.00000000029,-187799.99999999721,0,-187799.99999999721,E0_P0,42,105,2023-04-16,8,8
load_shedding_cost_CNY,19,57455799.999999993,3583100,7040000.0000000075,-5.1809994516816005e-06,7039999.9999948293,E0_P0,42,86,2023-03-28,18,17.999999999998554
load_shedding_cost_CNY,20,235699.99999999994,235699.99999999994,0,-2.6167956690414933e-11,-2.9103830456733704e-11,E0_P0,42,348,2023-12-15,1,0.99999999999999989
load_shedding_cost_CNY,21,491099.99999999971,260999.99999999951,30899.999999999302,0,30899.999999999302,E0_P0,42,152,2023-06-02,2,2
load_shedding_cost_CNY,22,10312500,1173300.0000000002,-926099.99999999814,-1.0420997398341571e-09,-926100,E0_P0,42,94,2023-04-05,8,7.9999999999999991
load_shedding_cost_CNY,23,259300.00000000009,210100.0000000002,371000.00000000047,6.2979621517911321e-08,371000.00000006345,E0_P0,42,104,2023-04-15,3,3.0000000000002998
load_shedding_cost_CNY,24,99800.000000000029,6400.0000000000055,-80600.000000000015,5350.0531457329362,-75249.94685426708,E0_P0,42,125,2023-05-06,3,3.8359458040207706
load_shedding_cost_CNY,25,3725700,424400,-2028100,-3.7694292132073315e-10,-2028100.0000000005,E0_P0,42,315,2023-11-12,4,3.9999999999999991
load_shedding_cost_CNY,26,130299.99999999987,0,-130299.99999999987,-0,-130299.99999999987,E0_P0,42,92,2023-04-03,2,1.9999999999999998
load_shedding_cost_CNY,27,4856000,974700.00000000023,17500.000000000931,-8.6570750568171227e-10,17500,E0_P0,42,345,2023-12-12,5,4.9999999999999991
load_shedding_cost_CNY,28,20789300,1825100,1111900,8.7858982311672662e-07,1111900.0000008792,E0_P0,42,196,2023-07-16,12,12.000000000000481
load_shedding_cost_CNY,29,315800.00000000012,315800.00000000012,0,0,0,E0_P0,42,332,2023-11-29,1,1
load_shedding_cost_CNY,30,38471000,1503999.9999999998,-14407000.000000004,-2.6716406864579763e-09,-14407000.000000007,E0_P0,42,259,2023-09-17,16,15.999999999999998
load_shedding_cost_CNY,31,11285299.999999998,2130999.9999999995,-630300,0,-630300,E0_P0,42,188,2023-07-08,5,5
load_shedding_cost_CNY,32,3374300,1108400,1059300,0,1059300,E0_P0,42,262,2023-09-20,4,4
load_shedding_cost_CNY,33,35063200,2850700,10548000,-5.063860442078294e-09,10547999.999999993,E0_P0,42,316,2023-11-13,16,15.999999999999998
load_shedding_cost_CNY,34,10929900,1064199.9999999998,-287900.00000000186,0,-287900.00000000186,E0_P0,42,352,2023-12-19,10,10
load_shedding_cost_CNY,35,934400.00000000012,934400.00000000012,0,-1.0373923942097464e-10,-1.1641532182693481e-10,E0_P0,42,123,2023-05-04,1,0.99999999999999989
load_shedding_cost_CNY,36,0,0,0,-0,0,E0_P0,42,186,2023-07-06,1,0.99999999999999989
load_shedding_cost_CNY,37,1489099.9999999998,1489099.9999999998,0,0,0,E0_P0,42,70,2023-03-12,1,1
load_shedding_cost_CNY,38,32156700,1436099.9999999998,-4870800.0000000037,-8.163283382600638e-07,-4870800.0000008196,E0_P0,42,27,2023-01-28,19,18.999999999999432
load_shedding_cost_CNY,39,68209200,3078699.9999999995,-477800.0000000149,-6.7813985538123225e-06,-477800.00000679493,E0_P0,42,275,2023-10-03,22,21.999999999997797
load_shedding_cost_CNY,40,3637099.9999999991,1263399.9999999998,1416500,-5.6106230772456901e-10,1416499.9999999991,E0_P0,42,112,2023-04-23,4,3.9999999999999996
load_shedding_cost_CNY,41,50931599.999999993,2286200,-7493799.9999999925,23228730.534257688,15734930.534257695,E0_P0,42,206,2023-07-26,19,29.16041052150192
load_shedding_cost_CNY,42,137399.99999999953,137399.99999999953,0,0,0,E0_P0,42,74,2023-03-16,1,1
load_shedding_cost_CNY,43,64900.000000000087,64900.000000000087,0,0,0,E0_P0,42,140,2023-05-21,1,1
load_shedding_cost_CNY,44,13709600,1378100,4205700,-7.1481522923022567e-07,4205699.9999992847,E0_P0,42,289,2023-10-17,13,12.999999999999481
load_shedding_cost_CNY,45,589899.99999999965,589899.99999999965,0,-6.5492056222637946e-11,-1.1641532182693481e-10,E0_P0,42,343,2023-12-10,1,0.99999999999999989
load_shedding_cost_CNY,46,3508900,745800.00000000012,-525699.99999999953,6.624034654123535e-10,-525699.99999999907,E0_P0,42,333,2023-11-30,4,4.0000000000000009
load_shedding_cost_CNY,47,1663200,1663200,1663200,0,1663200,E0_P0,42,308,2023-11-05,2,2
storage_variable_om_CNY,0,0,0,0,0,0,E0_P0,42,43,2023-02-13,3,3.0000000000003002
storage_variable_om_CNY,1,0,0,0,0,0,E0_P0,42,211,2023-07-31,10,10
storage_variable_om_CNY,2,0,0,0,-0,0,E0_P0,42,1,2023-01-02,12,11.999990547020001
storage_variable_om_CNY,3,0,0,0,-0,0,E0_P0,42,63,2023-03-05,20,19.999999999999996
storage_variable_om_CNY,4,0,0,0,0,0,E0_P0,42,12,2023-01-13,3,4.0937510452463481
storage_variable_om_CNY,5,0,0,0,-0,0,E0_P0,42,31,2023-02-01,4,3.9999999999999996
storage_variable_om_CNY,6,0,0,0,-0,0,E0_P0,42,302,2023-10-30,15,14.999999999999249
storage_variable_om_CNY,7,0,0,0,-0,0,E0_P0,42,187,2023-07-07,2,1.9999999999999998
storage_variable_om_CNY,8,0,0,0,-0,0,E0_P0,42,179,2023-06-29,2,1.9999999999999998
storage_variable_om_CNY,9,0,0,0,-0,0,E0_P0,42,7,2023-01-08,20,19.999997801690007
storage_variable_om_CNY,10,0,0,0,-0,0,E0_P0,42,13,2023-01-14,1,0.99999999999999989
storage_variable_om_CNY,11,0,0,0,0,0,E0_P0,42,183,2023-07-03,5,5
storage_variable_om_CNY,12,0,0,0,-0,0,E0_P0,42,228,2023-08-17,18,9.0000156183039994
storage_variable_om_CNY,13,0,0,0,-0,0,E0_P0,42,363,2023-12-30,22,14.909888662220899
storage_variable_om_CNY,14,0,0,0,0,0,E0_P0,42,106,2023-04-17,4,8
storage_variable_om_CNY,15,0,0,0,0,0,E0_P0,42,91,2023-04-02,1,1
storage_variable_om_CNY,16,0,0,0,0,0,E0_P0,42,238,2023-08-27,4,4
storage_variable_om_CNY,17,0,0,0,0,0,E0_P0,42,165,2023-06-15,12,12.00000000000048
storage_variable_om_CNY,18,0,0,0,0,0,E0_P0,42,105,2023-04-16,8,8
storage_variable_om_CNY,19,0,0,0,-0,0,E0_P0,42,86,2023-03-28,18,17.999999999998554
storage_variable_om_CNY,20,0,0,0,-0,0,E0_P0,42,348,2023-12-15,1,0.99999999999999989
storage_variable_om_CNY,21,0,0,0,0,0,E0_P0,42,152,2023-06-02,2,2
storage_variable_om_CNY,22,0,0,0,-0,0,E0_P0,42,94,2023-04-05,8,7.9999999999999991
storage_variable_om_CNY,23,0,0,0,0,0,E0_P0,42,104,2023-04-15,3,3.0000000000002998
storage_variable_om_CNY,24,0,0,0,0,0,E0_P0,42,125,2023-05-06,3,3.8359458040207706
storage_variable_om_CNY,25,0,0,0,-0,0,E0_P0,42,315,2023-11-12,4,3.9999999999999991
storage_variable_om_CNY,26,0,0,0,-0,0,E0_P0,42,92,2023-04-03,2,1.9999999999999998
storage_variable_om_CNY,27,0,0,0,-0,0,E0_P0,42,345,2023-12-12,5,4.9999999999999991
storage_variable_om_CNY,28,0,0,0,0,0,E0_P0,42,196,2023-07-16,12,12.000000000000481
storage_variable_om_CNY,29,0,0,0,0,0,E0_P0,42,332,2023-11-29,1,1
storage_variable_om_CNY,30,0,0,0,-0,0,E0_P0,42,259,2023-09-17,16,15.999999999999998
storage_variable_om_CNY,31,0,0,0,0,0,E0_P0,42,188,2023-07-08,5,5
storage_variable_om_CNY,32,0,0,0,0,0,E0_P0,42,262,2023-09-20,4,4
storage_variable_om_CNY,33,0,0,0,-0,0,E0_P0,42,316,2023-11-13,16,15.999999999999998
storage_variable_om_CNY,34,0,0,0,0,0,E0_P0,42,352,2023-12-19,10,10
storage_variable_om_CNY,35,0,0,0,-0,0,E0_P0,42,123,2023-05-04,1,0.99999999999999989
storage_variable_om_CNY,36,0,0,0,-0,0,E0_P0,42,186,2023-07-06,1,0.99999999999999989
storage_variable_om_CNY,37,0,0,0,0,0,E0_P0,42,70,2023-03-12,1,1
storage_variable_om_CNY,38,0,0,0,-0,0,E0_P0,42,27,2023-01-28,19,18.999999999999432
storage_variable_om_CNY,39,0,0,0,-0,0,E0_P0,42,275,2023-10-03,22,21.999999999997797
storage_variable_om_CNY,40,0,0,0,-0,0,E0_P0,42,112,2023-04-23,4,3.9999999999999996
storage_variable_om_CNY,41,0,0,0,0,0,E0_P0,42,206,2023-07-26,19,29.16041052150192
storage_variable_om_CNY,42,0,0,0,0,0,E0_P0,42,74,2023-03-16,1,1
storage_variable_om_CNY,43,0,0,0,0,0,E0_P0,42,140,2023-05-21,1,1
storage_variable_om_CNY,44,0,0,0,-0,0,E0_P0,42,289,2023-10-17,13,12.999999999999481
storage_variable_om_CNY,45,0,0,0,-0,0,E0_P0,42,343,2023-12-10,1,0.99999999999999989
storage_variable_om_CNY,46,0,0,0,0,0,E0_P0,42,333,2023-11-30,4,4.0000000000000009
storage_variable_om_CNY,47,0,0,0,0,0,E0_P0,42,308,2023-11-05,2,2
storage_investment_allocated_CNY,0,0,0,0,0,0,E0_P0,42,43,2023-02-13,3,3.0000000000003002
storage_investment_allocated_CNY,1,0,0,0,0,0,E0_P0,42,211,2023-07-31,10,10
storage_investment_allocated_CNY,2,0,0,0,-0,0,E0_P0,42,1,2023-01-02,12,11.999990547020001
storage_investment_allocated_CNY,3,0,0,0,-0,0,E0_P0,42,63,2023-03-05,20,19.999999999999996
storage_investment_allocated_CNY,4,0,0,0,0,0,E0_P0,42,12,2023-01-13,3,4.0937510452463481
storage_investment_allocated_CNY,5,0,0,0,-0,0,E0_P0,42,31,2023-02-01,4,3.9999999999999996
storage_investment_allocated_CNY,6,0,0,0,-0,0,E0_P0,42,302,2023-10-30,15,14.999999999999249
storage_investment_allocated_CNY,7,0,0,0,-0,0,E0_P0,42,187,2023-07-07,2,1.9999999999999998
storage_investment_allocated_CNY,8,0,0,0,-0,0,E0_P0,42,179,2023-06-29,2,1.9999999999999998
storage_investment_allocated_CNY,9,0,0,0,-0,0,E0_P0,42,7,2023-01-08,20,19.999997801690007
storage_investment_allocated_CNY,10,0,0,0,-0,0,E0_P0,42,13,2023-01-14,1,0.99999999999999989
storage_investment_allocated_CNY,11,0,0,0,0,0,E0_P0,42,183,2023-07-03,5,5
storage_investment_allocated_CNY,12,0,0,0,-0,0,E0_P0,42,228,2023-08-17,18,9.0000156183039994
storage_investment_allocated_CNY,13,0,0,0,-0,0,E0_P0,42,363,2023-12-30,22,14.909888662220899
storage_investment_allocated_CNY,14,0,0,0,0,0,E0_P0,42,106,2023-04-17,4,8
storage_investment_allocated_CNY,15,0,0,0,0,0,E0_P0,42,91,2023-04-02,1,1
storage_investment_allocated_CNY,16,0,0,0,0,0,E0_P0,42,238,2023-08-27,4,4
storage_investment_allocated_CNY,17,0,0,0,0,0,E0_P0,42,165,2023-06-15,12,12.00000000000048
storage_investment_allocated_CNY,18,0,0,0,0,0,E0_P0,42,105,2023-04-16,8,8
storage_investment_allocated_CNY,19,0,0,0,-0,0,E0_P0,42,86,2023-03-28,18,17.999999999998554
storage_investment_allocated_CNY,20,0,0,0,-0,0,E0_P0,42,348,2023-12-15,1,0.99999999999999989
storage_investment_allocated_CNY,21,0,0,0,0,0,E0_P0,42,152,2023-06-02,2,2
storage_investment_allocated_CNY,22,0,0,0,-0,0,E0_P0,42,94,2023-04-05,8,7.9999999999999991
storage_investment_allocated_CNY,23,0,0,0,0,0,E0_P0,42,104,2023-04-15,3,3.0000000000002998
storage_investment_allocated_CNY,24,0,0,0,0,0,E0_P0,42,125,2023-05-06,3,3.8359458040207706
storage_investment_allocated_CNY,25,0,0,0,-0,0,E0_P0,42,315,2023-11-12,4,3.9999999999999991
storage_investment_allocated_CNY,26,0,0,0,-0,0,E0_P0,42,92,2023-04-03,2,1.9999999999999998
storage_investment_allocated_CNY,27,0,0,0,-0,0,E0_P0,42,345,2023-12-12,5,4.9999999999999991
storage_investment_allocated_CNY,28,0,0,0,0,0,E0_P0,42,196,2023-07-16,12,12.000000000000481
storage_investment_allocated_CNY,29,0,0,0,0,0,E0_P0,42,332,2023-11-29,1,1
storage_investment_allocated_CNY,30,0,0,0,-0,0,E0_P0,42,259,2023-09-17,16,15.999999999999998
storage_investment_allocated_CNY,31,0,0,0,0,0,E0_P0,42,188,2023-07-08,5,5
storage_investment_allocated_CNY,32,0,0,0,0,0,E0_P0,42,262,2023-09-20,4,4
storage_investment_allocated_CNY,33,0,0,0,-0,0,E0_P0,42,316,2023-11-13,16,15.999999999999998
storage_investment_allocated_CNY,34,0,0,0,0,0,E0_P0,42,352,2023-12-19,10,10
storage_investment_allocated_CNY,35,0,0,0,-0,0,E0_P0,42,123,2023-05-04,1,0.99999999999999989
storage_investment_allocated_CNY,36,0,0,0,-0,0,E0_P0,42,186,2023-07-06,1,0.99999999999999989
storage_investment_allocated_CNY,37,0,0,0,0,0,E0_P0,42,70,2023-03-12,1,1
storage_investment_allocated_CNY,38,0,0,0,-0,0,E0_P0,42,27,2023-01-28,19,18.999999999999432
storage_investment_allocated_CNY,39,0,0,0,-0,0,E0_P0,42,275,2023-10-03,22,21.999999999997797
storage_investment_allocated_CNY,40,0,0,0,-0,0,E0_P0,42,112,2023-04-23,4,3.9999999999999996
storage_investment_allocated_CNY,41,0,0,0,0,0,E0_P0,42,206,2023-07-26,19,29.16041052150192
storage_investment_allocated_CNY,42,0,0,0,0,0,E0_P0,42,74,2023-03-16,1,1
storage_investment_allocated_CNY,43,0,0,0,0,0,E0_P0,42,140,2023-05-21,1,1
storage_investment_allocated_CNY,44,0,0,0,-0,0,E0_P0,42,289,2023-10-17,13,12.999999999999481
storage_investment_allocated_CNY,45,0,0,0,-0,0,E0_P0,42,343,2023-12-10,1,0.99999999999999989
storage_investment_allocated_CNY,46,0,0,0,0,0,E0_P0,42,333,2023-11-30,4,4.0000000000000009
storage_investment_allocated_CNY,47,0,0,0,0,0,E0_P0,42,308,2023-11-05,2,2
storage_fixed_om_CNY,0,0,0,0,0,0,E0_P0,42,43,2023-02-13,3,3.0000000000003002
storage_fixed_om_CNY,1,0,0,0,0,0,E0_P0,42,211,2023-07-31,10,10
storage_fixed_om_CNY,2,0,0,0,-0,0,E0_P0,42,1,2023-01-02,12,11.999990547020001
storage_fixed_om_CNY,3,0,0,0,-0,0,E0_P0,42,63,2023-03-05,20,19.999999999999996
storage_fixed_om_CNY,4,0,0,0,0,0,E0_P0,42,12,2023-01-13,3,4.0937510452463481
storage_fixed_om_CNY,5,0,0,0,-0,0,E0_P0,42,31,2023-02-01,4,3.9999999999999996
storage_fixed_om_CNY,6,0,0,0,-0,0,E0_P0,42,302,2023-10-30,15,14.999999999999249
storage_fixed_om_CNY,7,0,0,0,-0,0,E0_P0,42,187,2023-07-07,2,1.9999999999999998
storage_fixed_om_CNY,8,0,0,0,-0,0,E0_P0,42,179,2023-06-29,2,1.9999999999999998
storage_fixed_om_CNY,9,0,0,0,-0,0,E0_P0,42,7,2023-01-08,20,19.999997801690007
storage_fixed_om_CNY,10,0,0,0,-0,0,E0_P0,42,13,2023-01-14,1,0.99999999999999989
storage_fixed_om_CNY,11,0,0,0,0,0,E0_P0,42,183,2023-07-03,5,5
storage_fixed_om_CNY,12,0,0,0,-0,0,E0_P0,42,228,2023-08-17,18,9.0000156183039994
storage_fixed_om_CNY,13,0,0,0,-0,0,E0_P0,42,363,2023-12-30,22,14.909888662220899
storage_fixed_om_CNY,14,0,0,0,0,0,E0_P0,42,106,2023-04-17,4,8
storage_fixed_om_CNY,15,0,0,0,0,0,E0_P0,42,91,2023-04-02,1,1
storage_fixed_om_CNY,16,0,0,0,0,0,E0_P0,42,238,2023-08-27,4,4
storage_fixed_om_CNY,17,0,0,0,0,0,E0_P0,42,165,2023-06-15,12,12.00000000000048
storage_fixed_om_CNY,18,0,0,0,0,0,E0_P0,42,105,2023-04-16,8,8
storage_fixed_om_CNY,19,0,0,0,-0,0,E0_P0,42,86,2023-03-28,18,17.999999999998554
storage_fixed_om_CNY,20,0,0,0,-0,0,E0_P0,42,348,2023-12-15,1,0.99999999999999989
storage_fixed_om_CNY,21,0,0,0,0,0,E0_P0,42,152,2023-06-02,2,2
storage_fixed_om_CNY,22,0,0,0,-0,0,E0_P0,42,94,2023-04-05,8,7.9999999999999991
storage_fixed_om_CNY,23,0,0,0,0,0,E0_P0,42,104,2023-04-15,3,3.0000000000002998
storage_fixed_om_CNY,24,0,0,0,0,0,E0_P0,42,125,2023-05-06,3,3.8359458040207706
storage_fixed_om_CNY,25,0,0,0,-0,0,E0_P0,42,315,2023-11-12,4,3.9999999999999991
storage_fixed_om_CNY,26,0,0,0,-0,0,E0_P0,42,92,2023-04-03,2,1.9999999999999998
storage_fixed_om_CNY,27,0,0,0,-0,0,E0_P0,42,345,2023-12-12,5,4.9999999999999991
storage_fixed_om_CNY,28,0,0,0,0,0,E0_P0,42,196,2023-07-16,12,12.000000000000481
storage_fixed_om_CNY,29,0,0,0,0,0,E0_P0,42,332,2023-11-29,1,1
storage_fixed_om_CNY,30,0,0,0,-0,0,E0_P0,42,259,2023-09-17,16,15.999999999999998
storage_fixed_om_CNY,31,0,0,0,0,0,E0_P0,42,188,2023-07-08,5,5
storage_fixed_om_CNY,32,0,0,0,0,0,E0_P0,42,262,2023-09-20,4,4
storage_fixed_om_CNY,33,0,0,0,-0,0,E0_P0,42,316,2023-11-13,16,15.999999999999998
storage_fixed_om_CNY,34,0,0,0,0,0,E0_P0,42,352,2023-12-19,10,10
storage_fixed_om_CNY,35,0,0,0,-0,0,E0_P0,42,123,2023-05-04,1,0.99999999999999989
storage_fixed_om_CNY,36,0,0,0,-0,0,E0_P0,42,186,2023-07-06,1,0.99999999999999989
storage_fixed_om_CNY,37,0,0,0,0,0,E0_P0,42,70,2023-03-12,1,1
storage_fixed_om_CNY,38,0,0,0,-0,0,E0_P0,42,27,2023-01-28,19,18.999999999999432
storage_fixed_om_CNY,39,0,0,0,-0,0,E0_P0,42,275,2023-10-03,22,21.999999999997797
storage_fixed_om_CNY,40,0,0,0,-0,0,E0_P0,42,112,2023-04-23,4,3.9999999999999996
storage_fixed_om_CNY,41,0,0,0,0,0,E0_P0,42,206,2023-07-26,19,29.16041052150192
storage_fixed_om_CNY,42,0,0,0,0,0,E0_P0,42,74,2023-03-16,1,1
storage_fixed_om_CNY,43,0,0,0,0,0,E0_P0,42,140,2023-05-21,1,1
storage_fixed_om_CNY,44,0,0,0,-0,0,E0_P0,42,289,2023-10-17,13,12.999999999999481
storage_fixed_om_CNY,45,0,0,0,-0,0,E0_P0,42,343,2023-12-10,1,0.99999999999999989
storage_fixed_om_CNY,46,0,0,0,0,0,E0_P0,42,333,2023-11-30,4,4.0000000000000009
storage_fixed_om_CNY,47,0,0,0,0,0,E0_P0,42,308,2023-11-05,2,2
renewable_available_MWh,0,12887.02,714.05000000000007,679.93000000000029,-4.0842724757794719e-10,679.92999999959284,E0_P0,7,211,2023-07-31,19,18.999999999999428
renewable_available_MWh,1,5102.5799999999999,1064.9400000000001,222.1200000000008,0,222.1200000000008,E0_P0,7,354,2023-12-21,5,5
renewable_available_MWh,2,15920.289999999999,1128.8999999999999,-1244.5900000000001,-5.8555613691169126e-10,-1244.5900000005859,E0_P0,7,109,2023-04-20,13,12.999999999999481
renewable_available_MWh,3,5867.2200000000003,414.12,-483.65999999999985,-2.1406684425073763e-10,-483.6600000002145,E0_P0,7,112,2023-04-23,13,12.999999999999483
renewable_available_MWh,4,1813.2600000000002,1813.2600000000002,0,-2.0131230016318116e-13,-2.2737367544323206e-13,E0_P0,7,92,2023-04-03,1,0.99999999999999989
renewable_available_MWh,5,2477.9200000000001,1426.8099999999999,375.69999999999982,-6.3363092550616782e-13,375.69999999999936,E0_P0,7,121,2023-05-02,2,1.9999999999999996
renewable_available_MWh,6,9548.0699999999997,2054.7600000000002,725.73000000000138,10273.800000000001,10999.530000000002,E0_P0,7,190,2023-07-10,5,10
renewable_available_MWh,7,10110.809999999999,580,329.19000000000051,-8.3659301708394196e-10,329.18999999916377,E0_P0,7,281,2023-10-09,18,17.999999999998558
renewable_available_MWh,8,1949.8299999999999,856.06999999999994,-237.69000000000005,0,-237.69000000000005,E0_P0,7,308,2023-11-05,2,2
renewable_available_MWh,9,3421.6000000000004,1584.6600000000001,-252.2800000000002,-3.5186520364050013e-13,-252.28000000000065,E0_P0,7,187,2023-07-07,2,1.9999999999999998
renewable_available_MWh,10,12569.02,1261.3600000000001,-1216.7799999999988,3624.3395744588065,2407.5595744588063,E0_P0,7,50,2023-02-20,9,11.873358576820896
renewable_available_MWh,11,22838.580000000002,651.79999999999995,-3284.5800000000017,-6446.2938707814174,-9730.8738707814209,E0_P0,7,45,2023-02-15,30,20.110012471952412
renewable_available_MWh,12,1734.3000000000002,1734.3000000000002,0,-1.9254597916074092e-13,-2.2737367544323206e-13,E0_P0,7,332,2023-11-29,1,0.99999999999999989
renewable_available_MWh,13,1498.7,1498.7,0,-1.6638912470057222e-13,-2.2737367544323206e-13,E0_P0,7,140,2023-05-21,1,0.99999999999999989
renewable_available_MWh,14,9906.1900000000005,681.82999999999993,-1724.2300000000014,3.2822798701204191e-10,-1724.2299999996731,E0_P0,7,352,2023-12-19,12,12.000000000000481
renewable_available_MWh,15,14293.639999999999,880.26999999999998,-209.31999999999971,0,-209.31999999999971,E0_P0,7,229,2023-08-18,16,16
renewable_available_MWh,16,6581.3199999999997,259.13,-880.46000000000004,-0.0049286785125080713,-880.46492867851248,E0_P0,7,316,2023-11-13,22,21.999980979900002
renewable_available_MWh,17,2431.23,2431.23,0,0,0,E0_P0,7,13,2023-01-14,1,1
renewable_available_MWh,18,3139.1199999999999,1091.6099999999999,135.71000000000004,3.2722125009598807e-10,135.710000000327,E0_P0,7,43,2023-02-13,3,3.0000000000002998
renewable_available_MWh,19,2014.5999999999999,1099.77,184.94000000000005,0,184.94000000000005,E0_P0,7,31,2023-02-01,2,2
renewable_available_MWh,20,17597.93,910,602.06999999999971,0,602.06999999999971,E0_P0,7,290,2023-10-18,20,20
renewable_available_MWh,21,4857.8199999999997,331.74000000000001,-876.9399999999996,1.5969721545161521e-10,-876.93999999983998,E0_P0,7,47,2023-02-17,12,12.000000000000481
renewable_available_MWh,22,3963.5900000000001,1520.77,598.71999999999935,4562.271657000877,5160.9916570008772,E0_P0,7,12,2023-01-13,3,5.9999747871149989
renewable_available_MWh,23,3749.5799999999999,1278.49,85.890000000000327,3.8267267576941322e-10,85.89000000038277,E0_P0,7,125,2023-05-06,3,3.0000000000002993
renewable_available_MWh,24,7403.9499999999998,1164.28,-418.26999999999953,-1.3980874769004004e-09,-418.27000000139833,E0_P0,7,94,2023-04-05,6,5.9999999999987992
renewable_available_MWh,25,2118.9299999999998,2118.9299999999998,0,0,0,E0_P0,7,91,2023-04-02,1,1
renewable_available_MWh,26,18046.369999999999,525.72000000000003,-2274.7699999999986,-119.47215534589587,-2394.2421553458935,E0_P0,7,355,2023-12-22,30,29.772745652921905
renewable_available_MWh,27,939.86000000000001,939.86000000000001,0,0,0,E0_P0,7,343,2023-12-10,1,1
renewable_available_MWh,28,4963.0599999999995,579.50999999999999,-326.97999999999956,-5.1470827600041957e-13,-326.98000000000047,E0_P0,7,75,2023-03-17,8,7.9999999999999991
renewable_available_MWh,29,1206.0700000000002,473.10000000000002,-259.87000000000012,0,-259.87000000000012,E0_P0,7,48,2023-02-18,2,2
renewable_available_MWh,30,1943.5999999999999,1943.5999999999999,0,0,0,E0_P0,7,70,2023-03-12,1,1
renewable_available_MWh,31,1187.1900000000001,1187.1900000000001,0,0,0,E0_P0,7,123,2023-05-04,1,1
renewable_available_MWh,32,1624.05,1624.05,0,0,0,E0_P0,7,348,2023-12-15,1,1
renewable_available_MWh,33,6486.6199999999999,1693,285.38000000000011,0,285.38000000000011,E0_P0,7,177,2023-06-27,4,4
renewable_available_MWh,34,1415.4899999999998,1415.4899999999998,0,0,0,E0_P0,7,74,2023-03-16,1,1
renewable_available_MWh,35,3008.5999999999999,1691.9200000000001,375.24000000000024,-3.7568170796475899e-13,375.23999999999978,E0_P0,7,73,2023-03-15,2,1.9999999999999998
renewable_available_MWh,36,10499.530000000001,453.80000000000001,-515.93000000000029,-3.4210610814966456e-05,-515.93003421061076,E0_P0,7,363,2023-12-30,22,21.999999924613022
renewable_available_MWh,37,4189.2399999999998,1102.74,221.72000000000025,0,221.72000000000025,E0_P0,7,179,2023-06-29,4,4
renewable_available_MWh,38,2063.9300000000003,983.48000000000002,-96.970000000000255,0,-96.970000000000255,E0_P0,7,93,2023-04-04,2,2
renewable_available_MWh,39,19449.639999999999,986.94999999999993,289.36000000000058,0,289.36000000000058,E0_P0,7,222,2023-08-11,20,20
renewable_available_MWh,40,1221.6599999999999,1221.6599999999999,0,0,0,E0_P0,7,291,2023-10-19,1,1
renewable_available_MWh,41,2292.0299999999997,2292.0299999999997,0,0,0,E0_P0,7,186,2023-07-06,1,1
renewable_available_MWh,42,2274.4200000000001,2274.4200000000001,0,0,0,E0_P0,7,122,2023-05-03,1,1
renewable_available_MWh,43,22014.759999999998,1000.29,-1008.6699999999983,-756.29165431503668,-1764.9616543150369,E0_P0,7,164,2023-06-14,21,20.243927606679026
renewable_available_MWh,44,3217.79,165.25999999999999,-904.15000000000009,4.6089034810847806e-11,-904.14999999995416,E0_P0,7,79,2023-03-21,14,14.000000000000279
renewable_available_MWh,45,1151.9099999999999,1151.9099999999999,0,0,0,E0_P0,7,152,2023-06-02,1,1
renewable_available_MWh,46,1425.9200000000001,1425.9200000000001,0,0,0,E0_P0,7,69,2023-03-11,1,1
renewable_available_MWh,47,4993.0500000000002,1239.71,-34.210000000000036,0,-34.210000000000036,E0_P0,7,189,2023-07-09,4,4
renewable_used_MWh,0,11034.280000000001,607.66999999999996,511.44999999999891,-3.4757928091266875e-10,511.44999999965148,E0_P0,7,211,2023-07-31,19,18.999999999999428
renewable_used_MWh,1,3876.8500000000004,724.66000000000008,-253.55000000000018,0,-253.55000000000018,E0_P0,7,354,2023-12-21,5,5
renewable_used_MWh,2,10353.68,721.32000000000005,-976.52000000000044,-3.7414594089568709e-10,-976.52000000037333,E0_P0,7,109,2023-04-20,13,12.999999999999481
renewable_used_MWh,3,5865.1099999999997,414.12,-481.54999999999927,-2.1406684425073763e-10,-481.55000000021391,E0_P0,7,112,2023-04-23,13,12.999999999999483
renewable_used_MWh,4,1449.8099999999999,1449.8099999999999,0,-1.6096124433317981e-13,-2.2737367544323206e-13,E0_P0,7,92,2023-04-03,1,0.99999999999999989
renewable_used_MWh,5,2308.96,1268.75,228.53999999999996,-5.6343818499726694e-13,228.53999999999951,E0_P0,7,121,2023-05-02,2,1.9999999999999996
renewable_used_MWh,6,5104.6899999999996,1142.0699999999999,605.65999999999985,5710.3499999999995,6316.0099999999993,E0_P0,7,190,2023-07-10,5,10
renewable_used_MWh,7,8426.130000000001,474.69,118.28999999999905,-6.8469368841306272e-10,118.28999999931511,E0_P0,7,281,2023-10-09,18,17.999999999998558
renewable_used_MWh,8,1839.2999999999997,821.44999999999993,-196.39999999999986,0,-196.39999999999986,E0_P0,7,308,2023-11-05,2,2
renewable_used_MWh,9,1972.9400000000001,934.13999999999999,-104.66000000000008,-2.0742074724466874e-13,-104.66000000000031,E0_P0,7,187,2023-07-07,2,1.9999999999999998
renewable_used_MWh,10,9305.7899999999991,957.47000000000003,-688.55999999999949,2751.1546365487038,2062.5946365487052,E0_P0,7,50,2023-02-20,9,11.873358576820896
renewable_used_MWh,11,15724.23,441.64999999999998,-2474.7299999999996,-4367.9129917622167,-6842.6429917622172,E0_P0,7,45,2023-02-15,30,20.110012471952412
renewable_used_MWh,12,1417.8699999999999,1417.8699999999999,0,-1.5741519199252706e-13,-2.2737367544323206e-13,E0_P0,7,332,2023-11-29,1,0.99999999999999989
renewable_used_MWh,13,1491.9099999999999,1491.9099999999999,0,-1.6563528326685171e-13,-2.2737367544323206e-13,E0_P0,7,140,2023-05-21,1,0.99999999999999989
renewable_used_MWh,14,9027.9699999999993,629.61000000000001,-1472.6499999999996,3.0308966003644855e-10,-1472.6499999996959,E0_P0,7,352,2023-12-19,12,12.000000000000481
renewable_used_MWh,15,9532.7000000000007,604.65999999999997,141.85999999999876,0,141.85999999999876,E0_P0,7,229,2023-08-18,16,16
renewable_used_MWh,16,6543.9499999999998,259.13,-843.09000000000015,-0.0049286785125080713,-843.09492867851259,E0_P0,7,316,2023-11-13,22,21.999980979900002
renewable_used_MWh,17,2043.5800000000002,2043.5800000000002,0,0,0,E0_P0,7,13,2023-01-14,1,1
renewable_used_MWh,18,2643.6500000000001,954.29999999999995,219.24999999999955,2.8606117474794246e-10,219.25000000028604,E0_P0,7,43,2023-02-13,3,3.0000000000002998
renewable_used_MWh,19,1866.1399999999999,1041.1599999999999,216.17999999999984,0,216.17999999999984,E0_P0,7,31,2023-02-01,2,2
renewable_used_MWh,20,12731.040000000001,660.09000000000003,470.76000000000022,0,470.76000000000022,E0_P0,7,290,2023-10-18,20,20
renewable_used_MWh,21,4665.6000000000004,318.80000000000001,-840,1.5346799386861676e-10,-839.99999999984675,E0_P0,7,47,2023-02-17,12,12.000000000000481
renewable_used_MWh,22,3859.3400000000001,1456.1400000000001,509.07999999999993,4368.3832865096347,4877.4632865096355,E0_P0,7,12,2023-01-13,3,5.9999747871149989
renewable_used_MWh,23,3705.6500000000001,1272.79,112.7199999999998,3.8096657384301123e-10,112.72000000038088,E0_P0,7,125,2023-05-06,3,3.0000000000002993
renewable_used_MWh,24,4460.6300000000001,715.68000000000006,-166.55000000000018,-8.5940087046765266e-10,-166.55000000085874,E0_P0,7,94,2023-04-05,6,5.9999999999987992
renewable_used_MWh,25,1550.29,1550.29,0,0,0,E0_P0,7,91,2023-04-02,1,1
renewable_used_MWh,26,14234.25,416.43000000000001,-1741.3500000000004,-94.635527753730912,-1835.9855277537299,E0_P0,7,355,2023-12-22,30,29.772745652921905
renewable_used_MWh,27,887.85000000000002,887.85000000000002,0,0,0,E0_P0,7,343,2023-12-10,1,1
renewable_used_MWh,28,4820.6800000000003,579.50999999999999,-184.60000000000036,-5.1470827600041957e-13,-184.60000000000127,E0_P0,7,75,2023-03-17,8,7.9999999999999991
renewable_used_MWh,29,1183.9199999999998,473.09999999999997,-237.71999999999991,0,-237.71999999999991,E0_P0,7,48,2023-02-18,2,2
renewable_used_MWh,30,897.81999999999994,897.81999999999994,0,0,0,E0_P0,7,70,2023-03-12,1,1
renewable_used_MWh,31,728.00999999999999,728.00999999999999,0,0,0,E0_P0,7,123,2023-05-04,1,1
renewable_used_MWh,32,1258.1600000000001,1258.1600000000001,0,0,0,E0_P0,7,348,2023-12-15,1,1
renewable_used_MWh,33,4023.8900000000003,995.71000000000004,-41.050000000000182,0,-41.050000000000182,E0_P0,7,177,2023-06-27,4,4
renewable_used_MWh,34,1233.4300000000001,1233.4300000000001,0,0,0,E0_P0,7,74,2023-03-16,1,1
renewable_used_MWh,35,2439.1799999999998,1375.8599999999999,312.53999999999996,-3.0550229013215355e-13,312.53999999999951,E0_P0,7,73,2023-03-15,2,1.9999999999999998
renewable_used_MWh,36,9428.9899999999998,387.46999999999997,-904.64999999999964,-2.9210192535202848e-05,-904.65002921019368,E0_P0,7,363,2023-12-30,22,21.999999924613022
renewable_used_MWh,37,2781.1700000000001,693.08000000000004,-8.8499999999999091,0,-8.8499999999999091,E0_P0,7,179,2023-06-29,4,4
renewable_used_MWh,38,2045.0799999999999,973.31999999999994,-98.440000000000055,0,-98.440000000000055,E0_P0,7,93,2023-04-04,2,2
renewable_used_MWh,39,12048.48,623.15999999999997,414.71999999999935,0,414.71999999999935,E0_P0,7,222,2023-08-11,20,20
renewable_used_MWh,40,1188.47,1188.47,0,0,0,E0_P0,7,291,2023-10-19,1,1
renewable_used_MWh,41,1426.02,1426.02,0,0,0,E0_P0,7,186,2023-07-06,1,1
renewable_used_MWh,42,1690.0900000000001,1690.0900000000001,0,0,0,E0_P0,7,122,2023-05-03,1,1
renewable_used_MWh,43,14294.73,648.52999999999997,-675.60000000000036,-490.335629240451,-1165.9356292404518,E0_P0,7,164,2023-06-14,21,20.243927606679026
renewable_used_MWh,44,3208.6199999999999,165.25999999999999,-894.98000000000002,4.6089034810847806e-11,-894.97999999995409,E0_P0,7,79,2023-03-21,14,14.000000000000279
renewable_used_MWh,45,1104.8800000000001,1104.8800000000001,0,0,0,E0_P0,7,152,2023-06-02,1,1
renewable_used_MWh,46,1290.71,1290.71,0,0,0,E0_P0,7,69,2023-03-11,1,1
renewable_used_MWh,47,3369.21,870.65000000000009,113.39000000000033,0,113.39000000000033,E0_P0,7,189,2023-07-09,4,4
curtailment_MWh,0,1852.74,106.38000000000005,168.48000000000093,-6.084796666527839e-11,168.47999999994022,E0_P0,7,211,2023-07-31,19,18.999999999999428
curtailment_MWh,1,1225.73,340.28000000000003,475.67000000000007,0,475.67000000000007,E0_P0,7,354,2023-12-21,5,5
curtailment_MWh,2,5566.6099999999997,407.58000000000004,-268.0699999999988,-2.1141019601600422e-10,-268.07000000021071,E0_P0,7,109,2023-04-20,13,12.999999999999481
curtailment_MWh,3,2.1100000000000279,0,-2.1100000000000279,-0,-2.1100000000000279,E0_P0,7,112,2023-04-23,13,12.999999999999483
curtailment_MWh,4,363.45000000000005,363.45000000000005,0,-4.035105583000132e-14,-5.6843418860808015e-14,E0_P0,7,92,2023-04-03,1,0.99999999999999989
curtailment_MWh,5,168.95999999999998,158.05999999999997,147.15999999999997,-7.0192740508900885e-14,147.15999999999991,E0_P0,7,121,2023-05-02,2,1.9999999999999996
curtailment_MWh,6,4443.3800000000001,912.69000000000005,120.07000000000062,4563.4500000000007,4683.5200000000013,E0_P0,7,190,2023-07-10,5,10
curtailment_MWh,7,1684.6799999999998,105.30999999999999,210.89999999999986,-1.5189932867087916e-10,210.89999999984798,E0_P0,7,281,2023-10-09,18,17.999999999998558
curtailment_MWh,8,110.53000000000002,34.620000000000019,-41.289999999999978,0,-41.289999999999978,E0_P0,7,308,2023-11-05,2,2
curtailment_MWh,9,1448.6600000000001,650.51999999999998,-147.62000000000012,-1.4444445639583136e-13,-147.62000000000035,E0_P0,7,187,2023-07-07,2,1.9999999999999998
curtailment_MWh,10,3263.23,303.88999999999999,-528.22000000000025,873.18493791010224,344.96493791010198,E0_P0,7,50,2023-02-20,9,11.873358576820896
curtailment_MWh,11,7114.3500000000004,210.15000000000001,-809.85000000000036,-2078.3808790192006,-2888.230879019201,E0_P0,7,45,2023-02-15,30,20.110012471952412
curtailment_MWh,12,316.43000000000001,316.43000000000001,0,-3.5130787168213829e-14,-5.6843418860808015e-14,E0_P0,7,332,2023-11-29,1,0.99999999999999989
curtailment_MWh,13,6.7899999999999991,6.7899999999999991,0,-7.538414337204812e-16,-8.8817841970012523e-16,E0_P0,7,140,2023-05-21,1,0.99999999999999989
curtailment_MWh,14,878.21999999999991,52.219999999999999,-251.57999999999993,2.5138326975593371e-11,-251.5799999999748,E0_P0,7,352,2023-12-19,12,12.000000000000481
curtailment_MWh,15,4760.9399999999996,275.61000000000001,-351.17999999999938,0,-351.17999999999938,E0_P0,7,229,2023-08-18,16,16
curtailment_MWh,16,37.370000000000061,0,-37.370000000000061,-0,-37.370000000000061,E0_P0,7,316,2023-11-13,22,21.999980979900002
curtailment_MWh,17,387.64999999999998,387.64999999999998,0,0,0,E0_P0,7,13,2023-01-14,1,1
curtailment_MWh,18,495.47000000000003,137.31,-83.54000000000002,4.1160075348045666e-11,-83.539999999958866,E0_P0,7,43,2023-02-13,3,3.0000000000002998
curtailment_MWh,19,148.46000000000006,58.610000000000021,-31.240000000000023,0,-31.240000000000023,E0_P0,7,31,2023-02-01,2,2
curtailment_MWh,20,4866.8900000000003,249.90999999999997,131.30999999999858,0,131.30999999999858,E0_P0,7,290,2023-10-18,20,20
curtailment_MWh,21,192.22000000000003,12.940000000000005,-36.939999999999969,6.2292215829984364e-12,-36.939999999993745,E0_P0,7,47,2023-02-17,12,12.000000000000481
curtailment_MWh,22,104.25000000000001,64.629999999999995,89.639999999999972,193.88837049124237,283.52837049124236,E0_P0,7,12,2023-01-13,3,5.9999747871149989
curtailment_MWh,23,43.930000000000014,5.6999999999999815,-26.830000000000069,1.706101926401965e-12,-26.829999999998364,E0_P0,7,125,2023-05-06,3,3.0000000000002993
curtailment_MWh,24,2943.3200000000002,448.60000000000002,-251.7199999999998,-5.3868660643274786e-10,-251.72000000053868,E0_P0,7,94,2023-04-05,6,5.9999999999987992
curtailment_MWh,25,568.63999999999999,568.63999999999999,0,0,0,E0_P0,7,91,2023-04-02,1,1
curtailment_MWh,26,3812.1200000000003,109.28999999999996,-533.42000000000144,-24.836627592164945,-558.2566275921663,E0_P0,7,355,2023-12-22,30,29.772745652921905
curtailment_MWh,27,52.009999999999991,52.009999999999991,0,0,0,E0_P0,7,343,2023-12-10,1,1
curtailment_MWh,28,142.38,0,-142.38,-0,-142.38,E0_P0,7,75,2023-03-17,8,7.9999999999999991
curtailment_MWh,29,22.150000000000006,0,-22.150000000000006,0,-22.150000000000006,E0_P0,7,48,2023-02-18,2,2
curtailment_MWh,30,1045.78,1045.78,0,0,0,E0_P0,7,70,2023-03-12,1,1
curtailment_MWh,31,459.18000000000006,459.18000000000006,0,0,0,E0_P0,7,123,2023-05-04,1,1
curtailment_MWh,32,365.88999999999999,365.88999999999999,0,0,0,E0_P0,7,348,2023-12-15,1,1
curtailment_MWh,33,2462.73,697.29000000000008,326.43000000000029,0,326.43000000000029,E0_P0,7,177,2023-06-27,4,4
curtailment_MWh,34,182.06,182.06,0,0,0,E0_P0,7,74,2023-03-16,1,1
curtailment_MWh,35,569.41999999999996,316.06,62.700000000000045,-7.0179417832605396e-14,62.699999999999932,E0_P0,7,73,2023-03-15,2,1.9999999999999998
curtailment_MWh,36,1070.5400000000002,66.330000000000041,388.72000000000071,-5.0004182797636107e-06,388.71999499958247,E0_P0,7,363,2023-12-30,22,21.999999924613022
curtailment_MWh,37,1408.0699999999999,409.65999999999997,230.56999999999994,0,230.56999999999994,E0_P0,7,179,2023-06-29,4,4
curtailment_MWh,38,18.849999999999987,10.159999999999997,1.470000000000006,0,1.470000000000006,E0_P0,7,93,2023-04-04,2,2
curtailment_MWh,39,7401.1599999999999,363.78999999999996,-125.36000000000058,0,-125.36000000000058,E0_P0,7,222,2023-08-11,20,20
curtailment_MWh,40,33.189999999999969,33.189999999999969,0,0,0,E0_P0,7,291,2023-10-19,1,1
curtailment_MWh,41,866.00999999999999,866.00999999999999,0,0,0,E0_P0,7,186,2023-07-06,1,1
curtailment_MWh,42,584.33000000000004,584.33000000000004,0,0,0,E0_P0,7,122,2023-05-03,1,1
curtailment_MWh,43,7720.0300000000007,351.75999999999999,-333.07000000000062,-265.95602507458568,-599.02602507458687,E0_P0,7,164,2023-06-14,21,20.243927606679026
curtailment_MWh,44,9.1699999999999875,0,-9.1699999999999875,0,-9.1699999999999875,E0_P0,7,79,2023-03-21,14,14.000000000000279
curtailment_MWh,45,47.029999999999994,47.029999999999994,0,0,0,E0_P0,7,152,2023-06-02,1,1
curtailment_MWh,46,135.21000000000004,135.21000000000004,0,0,0,E0_P0,7,69,2023-03-11,1,1
curtailment_MWh,47,1623.8399999999999,369.06,-147.59999999999991,0,-147.59999999999991,E0_P0,7,189,2023-07-09,4,4
total_load_MWh,0,56140.800000000003,2924,-584.80000000000291,-1.672489702286839e-09,-584.80000000167638,E0_P0,7,211,2023-07-31,19,18.999999999999428
total_load_MWh,1,14327.6,2777.8000000000002,-438.60000000000036,0,-438.60000000000036,E0_P0,7,354,2023-12-21,5,5
total_load_MWh,2,38304.400000000001,2924,-292.40000000000146,-1.516667680334649e-09,-292.40000000151485,E0_P0,7,109,2023-04-20,13,12.999999999999481
total_load_MWh,3,37719.599999999999,2924,292.40000000000146,-1.5114736129362427e-09,292.39999999848806,E0_P0,7,112,2023-04-23,13,12.999999999999483
total_load_MWh,4,3070.1999999999998,3070.1999999999998,0,-3.4086067302041554e-13,-4.5474735088646412e-13,E0_P0,7,92,2023-04-03,1,0.99999999999999989
total_load_MWh,5,5848,2924,0,-1.2985168496015831e-12,-9.0949470177292824e-13,E0_P0,7,121,2023-05-02,2,1.9999999999999996
total_load_MWh,6,14327.6,2924,292.39999999999964,14620,14912.4,E0_P0,7,190,2023-07-10,5,10
total_load_MWh,7,55263.599999999999,3070.1999999999998,0,-4.4284618638812388e-09,-4.4310581870377064e-09,E0_P0,7,281,2023-10-09,18,17.999999999998558
total_load_MWh,8,5848,3070.1999999999998,292.39999999999964,0,292.39999999999964,E0_P0,7,308,2023-11-05,2,2
total_load_MWh,9,5994.1999999999998,2924,-146.19999999999982,-6.4925842480079154e-13,-146.20000000000073,E0_P0,7,187,2023-07-07,2,1.9999999999999998
total_load_MWh,10,26608.400000000001,3070.1999999999998,1023.3999999999978,8821.7855025555164,9845.1855025555124,E0_P0,7,50,2023-02-20,9,11.873358576820896
total_load_MWh,11,84503.600000000006,2777.8000000000002,-1169.6000000000058,-27472.407355410589,-28642.007355410591,E0_P0,7,45,2023-02-15,30,20.110012471952412
total_load_MWh,12,3070.1999999999998,3070.1999999999998,0,-3.4086067302041554e-13,-4.5474735088646412e-13,E0_P0,7,332,2023-11-29,1,0.99999999999999989
total_load_MWh,13,3070.1999999999998,3070.1999999999998,0,-3.4086067302041554e-13,-4.5474735088646412e-13,E0_P0,7,140,2023-05-21,1,0.99999999999999989
total_load_MWh,14,35526.599999999999,2924,-438.59999999999854,1.4075922649681161e-09,-438.59999999859428,E0_P0,7,352,2023-12-19,12,12.000000000000481
total_load_MWh,15,47661.199999999997,2924,-877.19999999999709,0,-877.19999999999709,E0_P0,7,229,2023-08-18,16,16
total_load_MWh,16,64181.800000000003,2924,146.19999999999709,-0.055614772394449119,146.14438522760611,E0_P0,7,316,2023-11-13,22,21.999980979900002
total_load_MWh,17,2924,2924,0,0,0,E0_P0,7,13,2023-01-14,1,1
total_load_MWh,18,9064.3999999999996,2924,-292.39999999999964,8.7649887348106859e-10,-292.39999999912288,E0_P0,7,43,2023-02-13,3,3.0000000000002998
total_load_MWh,19,5701.8000000000002,2924,146.19999999999982,0,146.19999999999982,E0_P0,7,31,2023-02-01,2,2
total_load_MWh,20,60526.799999999996,3070.1999999999998,877.20000000000437,0,877.20000000000437,E0_P0,7,290,2023-10-18,20,20
total_load_MWh,21,36842.399999999994,3070.1999999999998,0,1.4779718782165218e-09,1.4842953532934189e-09,E0_P0,7,47,2023-02-17,12,12.000000000000481
total_load_MWh,22,8625.7999999999993,2777.8000000000002,-292.39999999999782,8333.3299636480442,8040.9299636480464,E0_P0,7,12,2023-01-13,3,5.9999747871149989
total_load_MWh,23,9064.3999999999996,3070.1999999999998,146.19999999999891,9.1896037446304027e-10,146.20000000091932,E0_P0,7,125,2023-05-06,3,3.0000000000002993
total_load_MWh,24,17397.799999999999,2924,146.20000000000073,-3.5111895613226807e-09,146.19999999649008,E0_P0,7,94,2023-04-05,6,5.9999999999987992
total_load_MWh,25,2924,2924,0,0,0,E0_P0,7,91,2023-04-02,1,1
total_load_MWh,26,85819.400000000009,2924,1900.5999999999913,-664.4917108563485,1236.1082891436381,E0_P0,7,355,2023-12-22,30,29.772745652921905
total_load_MWh,27,2924,2924,0,0,0,E0_P0,7,343,2023-12-10,1,1
total_load_MWh,28,22661,2777.8000000000002,-438.59999999999854,-2.467182014243008e-12,-438.60000000000218,E0_P0,7,75,2023-03-17,8,7.9999999999999991
total_load_MWh,29,5555.6000000000004,2777.8000000000002,0,0,0,E0_P0,7,48,2023-02-18,2,2
total_load_MWh,30,2924,2924,0,0,0,E0_P0,7,70,2023-03-12,1,1
total_load_MWh,31,2777.8000000000002,2777.8000000000002,0,0,0,E0_P0,7,123,2023-05-04,1,1
total_load_MWh,32,2777.8000000000002,2777.8000000000002,0,0,0,E0_P0,7,348,2023-12-15,1,1
total_load_MWh,33,11403.6,2777.8000000000002,-292.39999999999964,0,-292.39999999999964,E0_P0,7,177,2023-06-27,4,4
total_load_MWh,34,3070.1999999999998,3070.1999999999998,0,0,0,E0_P0,7,74,2023-03-16,1,1
total_load_MWh,35,5848,2924,0,-6.4925842480079154e-13,-9.0949470177292824e-13,E0_P0,7,73,2023-03-15,2,1.9999999999999998
total_load_MWh,36,61988.800000000003,2777.8000000000002,-877.19999999999709,-0.00020940994870386476,-877.20020940994436,E0_P0,7,363,2023-12-30,22,21.999999924613022
total_load_MWh,37,12134.599999999999,3070.1999999999998,146.20000000000073,0,146.20000000000073,E0_P0,7,179,2023-06-29,4,4
total_load_MWh,38,5555.6000000000004,2777.8000000000002,0,0,0,E0_P0,7,93,2023-04-04,2,2
total_load_MWh,39,55702.200000000004,2777.8000000000002,-146.20000000000437,0,-146.20000000000437,E0_P0,7,222,2023-08-11,20,20
total_load_MWh,40,2777.8000000000002,2777.8000000000002,0,0,0,E0_P0,7,291,2023-10-19,1,1
total_load_MWh,41,2777.8000000000002,2777.8000000000002,0,0,0,E0_P0,7,186,2023-07-06,1,1
total_load_MWh,42,3070.1999999999998,3070.1999999999998,0,0,0,E0_P0,7,122,2023-05-03,1,1
total_load_MWh,43,63743.199999999997,3070.1999999999998,731,-2321.2934619740531,-1590.2934619740554,E0_P0,7,164,2023-06-14,21,20.243927606679026
total_load_MWh,44,41813.199999999997,2924,-877.19999999999709,8.1546858154979418e-10,-877.19999999918218,E0_P0,7,79,2023-03-21,14,14.000000000000279
total_load_MWh,45,3070.1999999999998,3070.1999999999998,0,0,0,E0_P0,7,152,2023-06-02,1,1
total_load_MWh,46,2777.8000000000002,2777.8000000000002,0,0,0,E0_P0,7,69,2023-03-11,1,1
total_load_MWh,47,11403.6,2777.8000000000002,-292.39999999999964,0,-292.39999999999964,E0_P0,7,189,2023-07-09,4,4
thermal_generation_MWh,0,41009.57,2117.0500000000002,-785.61999999999534,-1.2109248714864408e-09,-785.62000000121043,E0_P0,7,211,2023-07-31,19,18.999999999999428
thermal_generation_MWh,1,9850.25,1957.72,-61.649999999999636,0,-61.649999999999636,E0_P0,7,354,2023-12-21,5,5
thermal_generation_MWh,2,26353.849999999999,2049.96,295.63000000000102,-1.0633064562171058e-09,295.62999999893873,E0_P0,7,109,2023-04-20,13,12.999999999999481
thermal_generation_MWh,3,30254.290000000001,2383.54,731.72999999999956,-1.2320991160663653e-09,731.72999999876629,E0_P0,7,112,2023-04-23,13,12.999999999999483
thermal_generation_MWh,4,1620.3900000000001,1620.3900000000001,0,-1.7989942868723575e-13,-2.2737367544323206e-13,E0_P0,7,92,2023-04-03,1,0.99999999999999989
thermal_generation_MWh,5,3507.79,1655.25,-197.28999999999996,-7.3507866460431615e-13,-197.29000000000087,E0_P0,7,121,2023-05-02,2,1.9999999999999996
thermal_generation_MWh,6,8947.2200000000012,1750.97,-192.3700000000008,8754.8500000000004,8562.4799999999996,E0_P0,7,190,2023-07-10,5,10
thermal_generation_MWh,7,40933.970000000001,2263.6199999999999,-188.81000000000495,-3.2650494574681942e-09,-188.81000000326458,E0_P0,7,281,2023-10-09,18,17.999999999998558
thermal_generation_MWh,8,3842.3800000000001,2082.4299999999998,322.47999999999956,0,322.47999999999956,E0_P0,7,308,2023-11-05,2,2
thermal_generation_MWh,9,3821.4899999999998,1898.3400000000001,-24.809999999999491,-4.2151615531338397e-13,-24.809999999999945,E0_P0,7,187,2023-07-07,2,1.9999999999999998
thermal_generation_MWh,10,16955.060000000001,2038.55,1391.8899999999994,5857.4851267782387,7249.3751267782354,E0_P0,7,50,2023-02-20,9,11.873358576820896
thermal_generation_MWh,11,63873.370000000003,2166.52,1122.2299999999959,-21426.855779265657,-20304.625779265662,E0_P0,7,45,2023-02-15,30,20.110012471952412
thermal_generation_MWh,12,1620.75,1620.75,0,-1.7993939671612225e-13,-2.2737367544323206e-13,E0_P0,7,332,2023-11-29,1,0.99999999999999989
thermal_generation_MWh,13,1571.8,1571.8,0,-1.745048550105821e-13,-2.2737367544323206e-13,E0_P0,7,140,2023-05-21,1,0.99999999999999989
thermal_generation_MWh,14,25141.869999999999,2187.9699999999998,1113.7700000000004,1.0532727934275954e-09,1113.7700000010518,E0_P0,7,352,2023-12-19,12,12.000000000000481
thermal_generation_MWh,15,34129.360000000001,2101.6700000000001,-502.63999999999942,0,-502.63999999999942,E0_P0,7,229,2023-08-18,16,16
thermal_generation_MWh,16,52344.400000000001,2379.8000000000002,11.200000000004366,-0.045264033975482225,11.154735966025328,E0_P0,7,316,2023-11-13,22,21.999980979900002
thermal_generation_MWh,17,880.41999999999996,880.41999999999996,0,0,0,E0_P0,7,13,2023-01-14,1,1
thermal_generation_MWh,18,6021.1700000000001,1923.0699999999999,-251.96000000000004,5.7645987983079294e-10,-251.95999999942342,E0_P0,7,43,2023-02-13,3,3.0000000000002998
thermal_generation_MWh,19,3681.6500000000001,1827.1600000000001,-27.329999999999927,0,-27.329999999999927,E0_P0,7,31,2023-02-01,2,2
thermal_generation_MWh,20,43427.339999999997,2187.1799999999998,316.26000000000204,0,316.26000000000204,E0_P0,7,290,2023-10-18,20,20
thermal_generation_MWh,21,28228.66,2380.0900000000001,332.42000000000189,1.1457579596196865e-09,332.42000000114786,E0_P0,7,47,2023-02-17,12,12.000000000000481
thermal_generation_MWh,22,4761.1900000000005,1321.6600000000001,-796.21000000000004,3964.9466771384095,3168.7366771384095,E0_P0,7,12,2023-01-13,3,5.9999747871149989
thermal_generation_MWh,23,5348.7700000000004,1796.77,41.539999999999054,5.3780223829846817e-10,41.540000000537475,E0_P0,7,125,2023-05-06,3,3.0000000000002993
thermal_generation_MWh,24,12145.66,2090.9899999999998,400.27999999999884,-2.5108968060294497e-09,400.27999999748863,E0_P0,7,94,2023-04-05,6,5.9999999999987992
thermal_generation_MWh,25,1373.71,1373.71,0,0,0,E0_P0,7,91,2023-04-02,1,1
thermal_generation_MWh,26,66134.760000000009,2265.5900000000001,1832.9400000000023,-514.86517619666029,1318.0748238033411,E0_P0,7,355,2023-12-22,30,29.772745652921905
thermal_generation_MWh,27,1977.1600000000001,1977.1600000000001,0,0,0,E0_P0,7,343,2023-12-10,1,1
thermal_generation_MWh,28,17152,2108.8600000000001,-281.11999999999898,-1.8730439421688062e-12,-281.12000000000262,E0_P0,7,75,2023-03-17,8,7.9999999999999991
thermal_generation_MWh,29,4328.5900000000001,2273.71,218.82999999999993,0,218.82999999999993,E0_P0,7,48,2023-02-18,2,2
thermal_generation_MWh,30,1877.27,1877.27,0,0,0,E0_P0,7,70,2023-03-12,1,1
thermal_generation_MWh,31,1956.3499999999999,1956.3499999999999,0,0,0,E0_P0,7,123,2023-05-04,1,1
thermal_generation_MWh,32,1496.0699999999999,1496.0699999999999,0,0,0,E0_P0,7,348,2023-12-15,1,1
thermal_generation_MWh,33,7210.25,1774.0599999999999,-114.01000000000022,0,-114.01000000000022,E0_P0,7,177,2023-06-27,4,4
thermal_generation_MWh,34,1823.03,1823.03,0,0,0,E0_P0,7,74,2023-03-16,1,1
thermal_generation_MWh,35,3385.8100000000004,1548.1400000000001,-289.5300000000002,-3.4375613466863799e-13,-289.53000000000065,E0_P0,7,73,2023-03-15,2,1.9999999999999998
thermal_generation_MWh,36,48961.93,2232.7800000000002,159.2300000000032,-0.00016832253771582374,159.22983167746861,E0_P0,7,363,2023-12-30,22,21.999999924613022
thermal_generation_MWh,37,8464.1700000000001,2107.1399999999999,-35.610000000000582,0,-35.610000000000582,E0_P0,7,179,2023-06-29,4,4
thermal_generation_MWh,38,3510.52,1804.48,98.440000000000055,0,98.440000000000055,E0_P0,7,93,2023-04-04,2,2
thermal_generation_MWh,39,41013.199999999997,2025.71,-499,0,-499,E0_P0,7,222,2023-08-11,20,20
thermal_generation_MWh,40,1553.3299999999999,1553.3299999999999,0,0,0,E0_P0,7,291,2023-10-19,1,1
thermal_generation_MWh,41,1351.78,1351.78,0,0,0,E0_P0,7,186,2023-07-06,1,1
thermal_generation_MWh,42,1367.0799999999999,1367.0799999999999,0,0,0,E0_P0,7,122,2023-05-03,1,1
thermal_generation_MWh,43,43891,2108.6700000000001,391.06999999999971,-1594.3071736241375,-1203.237173624133,E0_P0,7,164,2023-06-14,21,20.243927606679026
thermal_generation_MWh,44,34680.959999999999,2490.1599999999999,181.27999999999884,6.9447580131054564e-10,181.28000000069005,E0_P0,7,79,2023-03-21,14,14.000000000000279
thermal_generation_MWh,45,1939.22,1939.22,0,0,0,E0_P0,7,152,2023-06-02,1,1
thermal_generation_MWh,46,1474.3600000000001,1474.3600000000001,0,0,0,E0_P0,7,69,2023-03-11,1,1
thermal_generation_MWh,47,7833.6900000000005,1862.1000000000001,-385.28999999999996,0,-385.28999999999996,E0_P0,7,189,2023-07-09,4,4
unserved_MWh,0,4096.9499999999998,199.28000000000003,-310.6299999999992,-1.1398554988772959e-10,-310.63000000011334,E0_P0,7,211,2023-07-31,19,18.999999999999428
unserved_MWh,1,600.5,95.419999999999959,-123.4000000000002,0,-123.4000000000002,E0_P0,7,354,2023-12-21,5,5
unserved_MWh,2,1596.8699999999997,152.71999999999997,388.49000000000001,-7.9215283221856209e-11,388.48999999992066,E0_P0,7,109,2023-04-20,13,12.999999999999481
unserved_MWh,3,1600.1999999999998,126.33999999999997,42.2199999999998,-6.5307652619139836e-11,42.219999999934544,E0_P0,7,112,2023-04-23,13,12.999999999999483
unserved_MWh,4,0,0,0,-0,0,E0_P0,7,92,2023-04-03,1,0.99999999999999989
unserved_MWh,5,31.25,0,-31.25,-0,-31.25,E0_P0,7,121,2023-05-02,2,1.9999999999999996
unserved_MWh,6,275.69,30.960000000000022,-120.88999999999987,154.80000000000013,33.910000000000252,E0_P0,7,190,2023-07-10,5,10
unserved_MWh,7,5903.4999999999991,331.88999999999993,70.519999999999527,-4.7871871799998178e-10,70.519999999521133,E0_P0,7,281,2023-10-09,18,17.999999999998558
unserved_MWh,8,166.31999999999999,166.31999999999999,166.31999999999999,0,166.31999999999999,E0_P0,7,308,2023-11-05,2,2
unserved_MWh,9,199.77000000000004,91.52000000000001,-16.730000000000018,-2.0321522242738868e-14,-16.730000000000047,E0_P0,7,187,2023-07-07,2,1.9999999999999998
unserved_MWh,10,347.54999999999995,74.180000000000007,320.07000000000016,213.14573922857412,533.21573922857419,E0_P0,7,50,2023-02-20,9,11.873358576820896
unserved_MWh,11,4906,169.63,182.89999999999964,-1677.6385843827122,-1494.7385843827124,E0_P0,7,45,2023-02-15,30,20.110012471952412
unserved_MWh,12,31.580000000000013,31.580000000000013,0,-3.5060843117662457e-15,-3.5527136788005009e-15,E0_P0,7,332,2023-11-29,1,0.99999999999999989
unserved_MWh,13,6.4900000000000091,6.4900000000000091,0,-7.205347429817276e-16,-8.8817841970012523e-16,E0_P0,7,140,2023-05-21,1,0.99999999999999989
unserved_MWh,14,1356.7600000000002,106.41999999999999,-79.720000000000255,5.1229811504072124e-11,-79.719999999949096,E0_P0,7,352,2023-12-19,12,12.000000000000481
unserved_MWh,15,3999.1399999999999,217.67000000000002,-516.41999999999962,0,-516.41999999999962,E0_P0,7,229,2023-08-18,16,16
unserved_MWh,16,5293.4499999999998,285.06999999999999,978.09000000000015,-0.0054220599064588272,978.08457794009337,E0_P0,7,316,2023-11-13,22,21.999980979900002
unserved_MWh,17,0,0,0,0,0,E0_P0,7,13,2023-01-14,1,1
unserved_MWh,18,399.57999999999993,46.629999999999995,-259.68999999999994,1.3977818902333182e-11,-259.68999999998596,E0_P0,7,43,2023-02-13,3,3.0000000000002998
unserved_MWh,19,154.00999999999999,55.679999999999993,-42.650000000000006,0,-42.650000000000006,E0_P0,7,31,2023-02-01,2,2
unserved_MWh,20,4368.4200000000001,222.92999999999995,90.179999999998472,0,90.179999999998472,E0_P0,7,290,2023-10-18,20,20
unserved_MWh,21,3948.1399999999994,371.30999999999995,507.57999999999993,1.7874592472821856e-10,507.5800000001791,E0_P0,7,47,2023-02-17,12,12.000000000000481
unserved_MWh,22,5.2700000000000102,0,-5.2700000000000102,0,-5.2700000000000102,E0_P0,7,12,2023-01-13,3,5.9999747871149989
unserved_MWh,23,9.980000000000004,0.64000000000000057,-8.0600000000000023,1.9156232156092317e-13,-8.0599999999998104,E0_P0,7,125,2023-05-06,3,3.0000000000002993
unserved_MWh,24,791.50999999999999,117.33000000000001,-87.529999999999973,-1.4089188482557802e-10,-87.530000000140831,E0_P0,7,94,2023-04-05,6,5.9999999999987992
unserved_MWh,25,0,0,0,0,0,E0_P0,7,91,2023-04-02,1,1
unserved_MWh,26,5450.3900000000003,241.98000000000002,1809.0100000000002,-54.991006905957327,1754.0189930940433,E0_P0,7,355,2023-12-22,30,29.772745652921905
unserved_MWh,27,58.989999999999966,58.989999999999966,0,0,0,E0_P0,7,343,2023-12-10,1,1
unserved_MWh,28,688.31999999999994,89.429999999999978,27.119999999999891,-7.942979607378218e-14,27.119999999999777,E0_P0,7,75,2023-03-17,8,7.9999999999999991
unserved_MWh,29,43.089999999999961,30.989999999999995,18.890000000000029,0,18.890000000000029,E0_P0,7,48,2023-02-18,2,2
unserved_MWh,30,148.90999999999997,148.90999999999997,0,0,0,E0_P0,7,70,2023-03-12,1,1
unserved_MWh,31,93.440000000000012,93.440000000000012,0,0,0,E0_P0,7,123,2023-05-04,1,1
unserved_MWh,32,23.569999999999993,23.569999999999993,0,0,0,E0_P0,7,348,2023-12-15,1,1
unserved_MWh,33,169.46000000000004,8.0300000000000011,-137.34000000000003,0,-137.34000000000003,E0_P0,7,177,2023-06-27,4,4
unserved_MWh,34,13.739999999999952,13.739999999999952,0,0,0,E0_P0,7,74,2023-03-16,1,1
unserved_MWh,35,23.010000000000019,0,-23.010000000000019,-0,-23.010000000000019,E0_P0,7,73,2023-03-15,2,1.9999999999999998
unserved_MWh,36,3597.8800000000001,157.54999999999998,-131.78000000000065,-1.1877218452838177e-05,-131.78001187721884,E0_P0,7,363,2023-12-30,22,21.999999924613022
unserved_MWh,37,889.25999999999988,269.97999999999996,190.65999999999997,0,190.65999999999997,E0_P0,7,179,2023-06-29,4,4
unserved_MWh,38,0,0,0,0,0,E0_P0,7,93,2023-04-04,2,2
unserved_MWh,39,2640.52,128.93000000000001,-61.919999999999618,0,-61.919999999999618,E0_P0,7,222,2023-08-11,20,20
unserved_MWh,40,36.000000000000014,36.000000000000014,0,0,0,E0_P0,7,291,2023-10-19,1,1
unserved_MWh,41,0,0,0,0,0,E0_P0,7,186,2023-07-06,1,1
unserved_MWh,42,13.029999999999987,13.029999999999987,0,0,0,E0_P0,7,122,2023-05-03,1,1
unserved_MWh,43,5557.4699999999993,313,1015.5300000000007,-236.65065910946475,778.87934089053579,E0_P0,7,164,2023-06-14,21,20.243927606679026
unserved_MWh,44,3923.6199999999999,268.58000000000004,-163.49999999999909,7.4903745428400734e-11,-163.49999999992451,E0_P0,7,79,2023-03-21,14,14.000000000000279
unserved_MWh,45,26.099999999999952,26.099999999999952,0,0,0,E0_P0,7,152,2023-06-02,1,1
unserved_MWh,46,12.729999999999961,12.729999999999961,0,0,0,E0_P0,7,69,2023-03-11,1,1
unserved_MWh,47,200.70000000000005,45.050000000000011,-20.5,0,-20.5,E0_P0,7,189,2023-07-09,4,4
discharge_MWh,0,0,0,0,-0,0,E0_P0,7,211,2023-07-31,19,18.999999999999428
discharge_MWh,1,0,0,0,0,0,E0_P0,7,354,2023-12-21,5,5
discharge_MWh,2,0,0,0,-0,0,E0_P0,7,109,2023-04-20,13,12.999999999999481
discharge_MWh,3,0,0,0,-0,0,E0_P0,7,112,2023-04-23,13,12.999999999999483
discharge_MWh,4,0,0,0,-0,0,E0_P0,7,92,2023-04-03,1,0.99999999999999989
discharge_MWh,5,0,0,0,-0,0,E0_P0,7,121,2023-05-02,2,1.9999999999999996
discharge_MWh,6,0,0,0,0,0,E0_P0,7,190,2023-07-10,5,10
discharge_MWh,7,0,0,0,-0,0,E0_P0,7,281,2023-10-09,18,17.999999999998558
discharge_MWh,8,0,0,0,0,0,E0_P0,7,308,2023-11-05,2,2
discharge_MWh,9,0,0,0,-0,0,E0_P0,7,187,2023-07-07,2,1.9999999999999998
discharge_MWh,10,0,0,0,0,0,E0_P0,7,50,2023-02-20,9,11.873358576820896
discharge_MWh,11,0,0,0,-0,0,E0_P0,7,45,2023-02-15,30,20.110012471952412
discharge_MWh,12,0,0,0,-0,0,E0_P0,7,332,2023-11-29,1,0.99999999999999989
discharge_MWh,13,0,0,0,-0,0,E0_P0,7,140,2023-05-21,1,0.99999999999999989
discharge_MWh,14,0,0,0,0,0,E0_P0,7,352,2023-12-19,12,12.000000000000481
discharge_MWh,15,0,0,0,0,0,E0_P0,7,229,2023-08-18,16,16
discharge_MWh,16,0,0,0,-0,0,E0_P0,7,316,2023-11-13,22,21.999980979900002
discharge_MWh,17,0,0,0,0,0,E0_P0,7,13,2023-01-14,1,1
discharge_MWh,18,0,0,0,0,0,E0_P0,7,43,2023-02-13,3,3.0000000000002998
discharge_MWh,19,0,0,0,0,0,E0_P0,7,31,2023-02-01,2,2
discharge_MWh,20,0,0,0,0,0,E0_P0,7,290,2023-10-18,20,20
discharge_MWh,21,0,0,0,0,0,E0_P0,7,47,2023-02-17,12,12.000000000000481
discharge_MWh,22,0,0,0,0,0,E0_P0,7,12,2023-01-13,3,5.9999747871149989
discharge_MWh,23,0,0,0,0,0,E0_P0,7,125,2023-05-06,3,3.0000000000002993
discharge_MWh,24,0,0,0,-0,0,E0_P0,7,94,2023-04-05,6,5.9999999999987992
discharge_MWh,25,0,0,0,0,0,E0_P0,7,91,2023-04-02,1,1
discharge_MWh,26,0,0,0,-0,0,E0_P0,7,355,2023-12-22,30,29.772745652921905
discharge_MWh,27,0,0,0,0,0,E0_P0,7,343,2023-12-10,1,1
discharge_MWh,28,0,0,0,-0,0,E0_P0,7,75,2023-03-17,8,7.9999999999999991
discharge_MWh,29,0,0,0,0,0,E0_P0,7,48,2023-02-18,2,2
discharge_MWh,30,0,0,0,0,0,E0_P0,7,70,2023-03-12,1,1
discharge_MWh,31,0,0,0,0,0,E0_P0,7,123,2023-05-04,1,1
discharge_MWh,32,0,0,0,0,0,E0_P0,7,348,2023-12-15,1,1
discharge_MWh,33,0,0,0,0,0,E0_P0,7,177,2023-06-27,4,4
discharge_MWh,34,0,0,0,0,0,E0_P0,7,74,2023-03-16,1,1
discharge_MWh,35,0,0,0,-0,0,E0_P0,7,73,2023-03-15,2,1.9999999999999998
discharge_MWh,36,0,0,0,-0,0,E0_P0,7,363,2023-12-30,22,21.999999924613022
discharge_MWh,37,0,0,0,0,0,E0_P0,7,179,2023-06-29,4,4
discharge_MWh,38,0,0,0,0,0,E0_P0,7,93,2023-04-04,2,2
discharge_MWh,39,0,0,0,0,0,E0_P0,7,222,2023-08-11,20,20
discharge_MWh,40,0,0,0,0,0,E0_P0,7,291,2023-10-19,1,1
discharge_MWh,41,0,0,0,0,0,E0_P0,7,186,2023-07-06,1,1
discharge_MWh,42,0,0,0,0,0,E0_P0,7,122,2023-05-03,1,1
discharge_MWh,43,0,0,0,-0,0,E0_P0,7,164,2023-06-14,21,20.243927606679026
discharge_MWh,44,0,0,0,0,0,E0_P0,7,79,2023-03-21,14,14.000000000000279
discharge_MWh,45,0,0,0,0,0,E0_P0,7,152,2023-06-02,1,1
discharge_MWh,46,0,0,0,0,0,E0_P0,7,69,2023-03-11,1,1
discharge_MWh,47,0,0,0,0,0,E0_P0,7,189,2023-07-09,4,4
total_cost_CNY,0,55693397.5,2755043.5000000005,-3347570.9999999925,-1.5758487972306059e-06,-3347571.0000015646,E0_P0,7,211,2023-07-31,19,18.999999999999428
total_cost_CNY,1,9697733.5,1707457.9999999995,-1160443.5000000019,0,-1160443.5000000019,E0_P0,7,354,2023-12-21,5,5
total_cost_CNY,2,26305869.5,2326202,3934756.5,-1.2065921310977501e-06,3934756.499998793,E0_P0,7,109,2023-04-20,13,12.999999999999481
total_cost_CNY,3,26591423.5,2097639,677883.5,-1.0843112168146263e-06,677883.49999891594,E0_P0,7,112,2023-04-23,13,12.999999999999483
total_cost_CNY,4,639826.5,639826.5,0,-7.1035011206532772e-11,-1.1641532182693481e-10,E0_P0,7,92,2023-04-03,1,0.99999999999999989
total_cost_CNY,5,1574018.5,610949.5,-352119.5,-2.7131608071329083e-10,-352119.50000000023,E0_P0,7,121,2023-05-02,2,1.9999999999999996
total_cost_CNY,6,6777103,1104977.5000000002,-1252215.4999999991,5524887.5000000009,4272672.0000000019,E0_P0,7,190,2023-07-10,5,10
total_cost_CNY,7,73698825.5,4132228.9999999991,681296.4999999851,-5.9603343558478611e-06,681296.49999402463,E0_P0,7,281,2023-10-09,18,17.999999999998558
total_cost_CNY,8,3030139,2398974.5,1767810,0,1767810,E0_P0,7,308,2023-11-05,2,2
total_cost_CNY,9,3624953.5,1709723,-205507.5,-3.796347680662393e-10,-205507.50000000047,E0_P0,7,187,2023-07-07,2,1.9999999999999998
total_cost_CNY,10,10062417,1516070.5,3582217.5,4356214.1742401449,7938431.6742401458,E0_P0,7,50,2023-02-20,9,11.873358576820896
total_cost_CNY,11,72838549.5,2496612,2059810.5,-24691461.542373944,-22631651.04237394,E0_P0,7,45,2023-02-15,30,20.110012471952412
total_cost_CNY,12,946348.50000000012,946348.50000000012,0,-1.0506578940194801e-10,-1.1641532182693481e-10,E0_P0,7,332,2023-11-29,1,0.99999999999999989
total_cost_CNY,13,616388.00000000012,616388.00000000012,0,-6.8432814970265112e-11,-1.1641532182693481e-10,E0_P0,7,140,2023-05-21,1,0.99999999999999989
total_cost_CNY,14,22542898.5,1840433.4999999995,-457696.50000000745,8.8597125813549816e-07,-457696.49999912083,E0_P0,7,352,2023-12-19,12,12.000000000000481
total_cost_CNY,15,52888864,2967406.5,-5410360,0,-5410360,E0_P0,7,229,2023-08-18,16,16
total_cost_CNY,16,71262514,3683630,9777346,-70.063010956007048,9777275.9369890392,E0_P0,7,316,2023-11-13,22,21.999980979900002
total_cost_CNY,17,385677,385677,0,0,0,E0_P0,7,13,2023-01-14,1,1
total_cost_CNY,18,6202303.5,1166836.5,-2701794,3.497711620337185e-07,-2701793.9999996503,E0_P0,7,43,2023-02-13,3,3.0000000000002998
total_cost_CNY,19,2858369.5,1208028,-442313.5,0,-442313.5,E0_P0,7,31,2023-02-01,2,2
total_cost_CNY,20,59857147,3044794.9999999995,1038752.9999999925,0,1038752.9999999925,E0_P0,7,290,2023-10-18,20,20
total_cost_CNY,21,49399875,4548719.5,5184759,2.1897203774656759e-06,5184759.0000021905,E0_P0,7,47,2023-02-17,12,12.000000000000481
total_cost_CNY,22,1739966.5,475507,-313445.5,1426509.0110966917,1113063.5110966917,E0_P0,7,12,2023-01-13,3,5.9999747871149989
total_cost_CNY,23,1980655.5,636409.5,-71427,1.9048762700535349e-07,-71426.999999809545,E0_P0,7,125,2023-05-06,3,3.0000000000002993
total_cost_CNY,24,12754745,1994866.5,-785546,-2.3954700516526373e-06,-785546.00000239536,E0_P0,7,94,2023-04-05,6,5.9999999999987992
total_cost_CNY,25,594526.5,594526.5,0,0,0,E0_P0,7,91,2023-04-02,1,1
total_cost_CNY,26,78413490,3234614.5,18624945,-735080.20624683728,17889864.793753162,E0_P0,7,355,2023-12-22,30,29.772745652921905
total_cost_CNY,27,1292307.9999999995,1292307.9999999995,0,0,0,E0_P0,7,343,2023-12-10,1,1
total_cost_CNY,28,12914876,1632400.9999999998,144331.99999999814,-1.4498633404969039e-09,144331.99999999627,E0_P0,7,75,2023-03-17,8,7.9999999999999991
total_cost_CNY,29,1950336.4999999995,1105698.5,261060.50000000047,0,261060.50000000047,E0_P0,7,48,2023-02-18,2,2
total_cost_CNY,30,2355300.5,2355300.5,0,0,0,E0_P0,7,70,2023-03-12,1,1
total_cost_CNY,31,1710958.5,1710958.5,0,0,0,E0_P0,7,123,2023-05-04,1,1
total_cost_CNY,32,832502.5,832502.5,0,0,0,E0_P0,7,348,2023-12-15,1,1
total_cost_CNY,33,4710733.5000000009,840679,-1348017.5000000009,0,-1348017.5000000009,E0_P0,7,177,2023-06-27,4,4
total_cost_CNY,34,811872.49999999953,811872.49999999953,0,0,0,E0_P0,7,74,2023-03-16,1,1
total_cost_CNY,35,1529017.5000000002,605061,-318895.50000000023,-1.3435053070054437e-10,-318895.50000000047,E0_P0,7,73,2023-03-15,2,1.9999999999999998
total_cost_CNY,36,53329583.5,2370239,-1184325.5,-0.17868515638487281,-1184325.6786851585,E0_P0,7,363,2023-12-30,22,21.999999924613022
total_cost_CNY,37,12136673.499999998,3519230.9999999995,1940250.5,0,1940250.5,E0_P0,7,179,2023-06-29,4,4
total_cost_CNY,38,1232452,633600,34748,0,34748,E0_P0,7,93,2023-04-04,2,2
total_cost_CNY,39,42240052,2071056.5,-818922,0,-818922,E0_P0,7,222,2023-08-11,20,20
total_cost_CNY,40,910303.50000000012,910303.50000000012,0,0,0,E0_P0,7,291,2023-10-19,1,1
total_cost_CNY,41,646325,646325,0,0,0,E0_P0,7,186,2023-07-06,1,1
total_cost_CNY,42,725643.99999999988,725643.99999999988,0,0,0,E0_P0,7,122,2023-05-03,1,1
total_cost_CNY,43,72480556,3938386.5,10225560.5,-2977705.3068780126,7247855.1931219846,E0_P0,7,164,2023-06-14,21,20.243927606679026
total_cost_CNY,44,51376370,3557356.0000000005,-1573385.9999999925,9.9210398474269844e-07,-1573385.9999990016,E0_P0,7,79,2023-03-21,14,14.000000000000279
total_cost_CNY,45,949132.99999999953,949132.99999999953,0,0,0,E0_P0,7,152,2023-06-02,1,1
total_cost_CNY,46,670367.99999999977,670367.99999999977,0,0,0,E0_P0,7,69,2023-03-11,1,1
total_cost_CNY,47,5073559.5,1176047,-369371.5,0,-369371.5,E0_P0,7,189,2023-07-09,4,4
thermal_cost_CNY,0,14353349.5,740967.50000000012,-274966.99999999814,-4.2382370502025429e-07,-274967.00000042096,E0_P0,7,211,2023-07-31,19,18.999999999999428
thermal_cost_CNY,1,3447587.5,685202,-21577.5,0,-21577.5,E0_P0,7,354,2023-12-21,5,5
thermal_cost_CNY,2,9223847.5,717486,103470.5,-3.7215725967598701e-07,103470.49999962747,E0_P0,7,109,2023-04-20,13,12.999999999999481
thermal_cost_CNY,3,10589001.5,834239,256105.5,-4.3123469062322783e-07,256105.49999956787,E0_P0,7,112,2023-04-23,13,12.999999999999483
thermal_cost_CNY,4,567136.5,567136.5,0,-6.2964800040532509e-11,-1.1641532182693481e-10,E0_P0,7,92,2023-04-03,1,0.99999999999999989
thermal_cost_CNY,5,1227726.5,579337.5,-69051.5,-2.5727753261151065e-10,-69051.500000000233,E0_P0,7,121,2023-05-02,2,1.9999999999999996
thermal_cost_CNY,6,3131527,612839.5,-67329.5,3064197.5,2996868,E0_P0,7,190,2023-07-10,5,10
thermal_cost_CNY,7,14326889.5,792267,-66083.5,-1.142767310113868e-06,-66083.500001143664,E0_P0,7,281,2023-10-09,18,17.999999999998558
thermal_cost_CNY,8,1344833,728850.5,112868,0,112868,E0_P0,7,308,2023-11-05,2,2
thermal_cost_CNY,9,1337521.5,664419,-8683.5,-1.4753065435968438e-10,-8683.5000000002328,E0_P0,7,187,2023-07-07,2,1.9999999999999998
thermal_cost_CNY,10,5934271,713492.5,487161.5,2050119.7943723835,2537281.2943723835,E0_P0,7,50,2023-02-20,9,11.873358576820896
thermal_cost_CNY,11,22355679.5,758282,392780.5,-7499399.5227429811,-7106619.0227429811,E0_P0,7,45,2023-02-15,30,20.110012471952412
thermal_cost_CNY,12,567262.5,567262.5,0,-6.2978788850642786e-11,-1.1641532182693481e-10,E0_P0,7,332,2023-11-29,1,0.99999999999999989
thermal_cost_CNY,13,550130,550130,0,-6.1076699253703737e-11,-1.1641532182693481e-10,E0_P0,7,140,2023-05-21,1,0.99999999999999989
thermal_cost_CNY,14,8799654.5,765789.49999999988,389819.49999999814,3.6864547769965833e-07,389819.50000036694,E0_P0,7,352,2023-12-19,12,12.000000000000481
thermal_cost_CNY,15,11945276,735584.5,-175924,0,-175924,E0_P0,7,229,2023-08-18,16,16
thermal_cost_CNY,16,18320540,832930.00000000012,3920.0000000037253,-15.842411891418779,3904.157588109374,E0_P0,7,316,2023-11-13,22,21.999980979900002
thermal_cost_CNY,17,308147,308147,0,0,0,E0_P0,7,13,2023-01-14,1,1
thermal_cost_CNY,18,2107409.5,673074.5,-88186,2.0176095794077753e-07,-88185.999999798136,E0_P0,7,43,2023-02-13,3,3.0000000000002998
thermal_cost_CNY,19,1288577.5,639506,-9565.5,0,-9565.5,E0_P0,7,31,2023-02-01,2,2
thermal_cost_CNY,20,15199569,765513,110691,0,110691,E0_P0,7,290,2023-10-18,20,20
thermal_cost_CNY,21,9880031,833031.5,116347,4.0101528586689028e-07,116347.00000040047,E0_P0,7,47,2023-02-17,12,12.000000000000481
thermal_cost_CNY,22,1666416.5,462581,-278673.5,1387731.3369984434,1109057.8369984431,E0_P0,7,12,2023-01-13,3,5.9999747871149989
thermal_cost_CNY,23,1872069.5,628869.5,14539,1.8823078340446386e-07,14539.000000188127,E0_P0,7,125,2023-05-06,3,3.0000000000002993
thermal_cost_CNY,24,4250981,731846.49999999988,140097.99999999907,-8.7881388211030743e-07,140097.99999912083,E0_P0,7,94,2023-04-05,6,5.9999999999987992
thermal_cost_CNY,25,480798.5,480798.5,0,0,0,E0_P0,7,91,2023-04-02,1,1
thermal_cost_CNY,26,23147166,792956.5,641529,-180202.8116688311,461326.18833116814,E0_P0,7,355,2023-12-22,30,29.772745652921905
thermal_cost_CNY,27,692006,692006,0,0,0,E0_P0,7,343,2023-12-10,1,1
thermal_cost_CNY,28,6003200,738101,-98392,-6.5556537975908213e-10,-98392.000000000931,E0_P0,7,75,2023-03-17,8,7.9999999999999991
thermal_cost_CNY,29,1515006.5,795798.5,76590.5,0,76590.5,E0_P0,7,48,2023-02-18,2,2
thermal_cost_CNY,30,657044.5,657044.5,0,0,0,E0_P0,7,70,2023-03-12,1,1
thermal_cost_CNY,31,684722.5,684722.5,0,0,0,E0_P0,7,123,2023-05-04,1,1
thermal_cost_CNY,32,523624.5,523624.5,0,0,0,E0_P0,7,348,2023-12-15,1,1
thermal_cost_CNY,33,2523587.5,620921,-39903.5,0,-39903.5,E0_P0,7,177,2023-06-27,4,4
thermal_cost_CNY,34,638060.5,638060.5,0,0,0,E0_P0,7,74,2023-03-16,1,1
thermal_cost_CNY,35,1185033.5,541849,-101335.5,-1.2031464713402329e-10,-101335.50000000023,E0_P0,7,73,2023-03-15,2,1.9999999999999998
thermal_cost_CNY,36,17136675.5,781473.00000000012,55730.500000003725,-0.058912888200538312,55730.441087115556,E0_P0,7,363,2023-12-30,22,21.999999924613022
thermal_cost_CNY,37,2962459.5,737499,-12463.5,0,-12463.5,E0_P0,7,179,2023-06-29,4,4
thermal_cost_CNY,38,1228682,631568,34454,0,34454,E0_P0,7,93,2023-04-04,2,2
thermal_cost_CNY,39,14354620,708998.5,-174650,0,-174650,E0_P0,7,222,2023-08-11,20,20
thermal_cost_CNY,40,543665.5,543665.5,0,0,0,E0_P0,7,291,2023-10-19,1,1
thermal_cost_CNY,41,473123,473123,0,0,0,E0_P0,7,186,2023-07-06,1,1
thermal_cost_CNY,42,478478,478478,0,0,0,E0_P0,7,122,2023-05-03,1,1
thermal_cost_CNY,43,15361850,738034.5,136874.5,-558007.51076844812,-421133.01076844893,E0_P0,7,164,2023-06-14,21,20.243927606679026
thermal_cost_CNY,44,12138336,871556,63448,2.4306653045869098e-07,63448.000000242144,E0_P0,7,79,2023-03-21,14,14.000000000000279
thermal_cost_CNY,45,678727,678727,0,0,0,E0_P0,7,152,2023-06-02,1,1
thermal_cost_CNY,46,516026.00000000006,516026.00000000006,0,0,0,E0_P0,7,69,2023-03-11,1,1
thermal_cost_CNY,47,2741791.5,651735,-134851.5,0,-134851.5,E0_P0,7,189,2023-07-09,4,4
curtailment_cost_CNY,0,370548,21276.000000000011,33696.000000000233,-1.2169593333055679e-08,33695.999999988009,E0_P0,7,211,2023-07-31,19,18.999999999999428
curtailment_cost_CNY,1,245146,68056,95134,0,95134,E0_P0,7,354,2023-12-21,5,5
curtailment_cost_CNY,2,1113322,81516.000000000015,-53613.999999999767,-4.2282039203200845e-08,-53614.000000042142,E0_P0,7,109,2023-04-20,13,12.999999999999481
curtailment_cost_CNY,3,422.00000000000557,0,-422.00000000000557,-0,-422.00000000000557,E0_P0,7,112,2023-04-23,13,12.999999999999483
curtailment_cost_CNY,4,72690.000000000015,72690.000000000015,0,-8.0702111660002645e-12,-1.4551915228366852e-11,E0_P0,7,92,2023-04-03,1,0.99999999999999989
curtailment_cost_CNY,5,33791.999999999993,31611.999999999996,29432,-1.4038548101780178e-11,29431.999999999985,E0_P0,7,121,2023-05-02,2,1.9999999999999996
curtailment_cost_CNY,6,888676,182538,24014,912690,936704,E0_P0,7,190,2023-07-10,5,10
curtailment_cost_CNY,7,336935.99999999994,21061.999999999996,42180,-3.0379865734175831e-08,42179.999999969616,E0_P0,7,281,2023-10-09,18,17.999999999998558
curtailment_cost_CNY,8,22106.000000000004,6924.0000000000036,-8257.9999999999964,0,-8257.9999999999964,E0_P0,7,308,2023-11-05,2,2
curtailment_cost_CNY,9,289732,130104,-29524,-2.8888891279166273e-11,-29524.000000000029,E0_P0,7,187,2023-07-07,2,1.9999999999999998
curtailment_cost_CNY,10,652646,60778,-105644,174636.98758202043,68992.987582020462,E0_P0,7,50,2023-02-20,9,11.873358576820896
curtailment_cost_CNY,11,1422870,42030,-161970,-415676.1758038401,-577646.17580384016,E0_P0,7,45,2023-02-15,30,20.110012471952412
curtailment_cost_CNY,12,63286,63286,0,-7.0261574336427657e-12,-7.2759576141834259e-12,E0_P0,7,332,2023-11-29,1,0.99999999999999989
curtailment_cost_CNY,13,1357.9999999999998,1357.9999999999998,0,-1.5076828674409623e-13,-2.2737367544323206e-13,E0_P0,7,140,2023-05-21,1,0.99999999999999989
curtailment_cost_CNY,14,175644,10444,-50316,5.0276653951186745e-09,-50315.99999999498,E0_P0,7,352,2023-12-19,12,12.000000000000481
curtailment_cost_CNY,15,952187.99999999988,55122,-70235.999999999884,0,-70235.999999999884,E0_P0,7,229,2023-08-18,16,16
curtailment_cost_CNY,16,7474.0000000000127,0,-7474.0000000000127,-0,-7474.0000000000127,E0_P0,7,316,2023-11-13,22,21.999980979900002
curtailment_cost_CNY,17,77530,77530,0,0,0,E0_P0,7,13,2023-01-14,1,1
curtailment_cost_CNY,18,99094,27462,-16708,8.2320150696091332e-09,-16707.999999991764,E0_P0,7,43,2023-02-13,3,3.0000000000002998
curtailment_cost_CNY,19,29692.000000000011,11722.000000000004,-6248.0000000000036,0,-6248.0000000000036,E0_P0,7,31,2023-02-01,2,2
curtailment_cost_CNY,20,973378,49981.999999999993,26261.999999999884,0,26261.999999999884,E0_P0,7,290,2023-10-18,20,20
curtailment_cost_CNY,21,38444.000000000007,2588.0000000000009,-7387.9999999999964,1.2458443165996873e-09,-7387.9999999987522,E0_P0,7,47,2023-02-17,12,12.000000000000481
curtailment_cost_CNY,22,20850.000000000004,12926,17927.999999999996,38777.674098248477,56705.674098248477,E0_P0,7,12,2023-01-13,3,5.9999747871149989
curtailment_cost_CNY,23,8786.0000000000036,1139.9999999999964,-5366.0000000000146,3.4122038528039303e-10,-5365.9999999996735,E0_P0,7,125,2023-05-06,3,3.0000000000002993
curtailment_cost_CNY,24,588664,89720,-50344,-1.0773732128654956e-07,-50344.000000107684,E0_P0,7,94,2023-04-05,6,5.9999999999987992
curtailment_cost_CNY,25,113728,113728,0,0,0,E0_P0,7,91,2023-04-02,1,1
curtailment_cost_CNY,26,762424,21857.999999999993,-106684.00000000023,-4967.3255184329892,-111651.32551843324,E0_P0,7,355,2023-12-22,30,29.772745652921905
curtailment_cost_CNY,27,10401.999999999998,10401.999999999998,0,0,0,E0_P0,7,343,2023-12-10,1,1
curtailment_cost_CNY,28,28475.999999999996,0,-28475.999999999996,-0,-28475.999999999996,E0_P0,7,75,2023-03-17,8,7.9999999999999991
curtailment_cost_CNY,29,4430.0000000000009,0,-4430.0000000000009,0,-4430.0000000000009,E0_P0,7,48,2023-02-18,2,2
curtailment_cost_CNY,30,209156,209156,0,0,0,E0_P0,7,70,2023-03-12,1,1
curtailment_cost_CNY,31,91836.000000000015,91836.000000000015,0,0,0,E0_P0,7,123,2023-05-04,1,1
curtailment_cost_CNY,32,73178,73178,0,0,0,E0_P0,7,348,2023-12-15,1,1
curtailment_cost_CNY,33,492546,139458.00000000003,65286.000000000116,0,65286.000000000116,E0_P0,7,177,2023-06-27,4,4
curtailment_cost_CNY,34,36412,36412,0,0,0,E0_P0,7,74,2023-03-16,1,1
curtailment_cost_CNY,35,113884,63212,12540,-1.4035883566521079e-11,12539.999999999985,E0_P0,7,73,2023-03-15,2,1.9999999999999998
curtailment_cost_CNY,36,214108.00000000006,13266.000000000007,77744.000000000116,-0.0010000836559527222,77743.998999916425,E0_P0,7,363,2023-12-30,22,21.999999924613022
curtailment_cost_CNY,37,281614,81932,46114,0,46114,E0_P0,7,179,2023-06-29,4,4
curtailment_cost_CNY,38,3769.9999999999973,2031.9999999999993,294.00000000000136,0,294.00000000000136,E0_P0,7,93,2023-04-04,2,2
curtailment_cost_CNY,39,1480232,72758,-25072,0,-25072,E0_P0,7,222,2023-08-11,20,20
curtailment_cost_CNY,40,6637.9999999999936,6637.9999999999936,0,0,0,E0_P0,7,291,2023-10-19,1,1
curtailment_cost_CNY,41,173202,173202,0,0,0,E0_P0,7,186,2023-07-06,1,1
curtailment_cost_CNY,42,116866.00000000001,116866.00000000001,0,0,0,E0_P0,7,122,2023-05-03,1,1
curtailment_cost_CNY,43,1544006,70352,-66614,-53191.205014917141,-119805.20501491707,E0_P0,7,164,2023-06-14,21,20.243927606679026
curtailment_cost_CNY,44,1833.9999999999977,0,-1833.9999999999977,0,-1833.9999999999977,E0_P0,7,79,2023-03-21,14,14.000000000000279
curtailment_cost_CNY,45,9405.9999999999982,9405.9999999999982,0,0,0,E0_P0,7,152,2023-06-02,1,1
curtailment_cost_CNY,46,27042.000000000007,27042.000000000007,0,0,0,E0_P0,7,69,2023-03-11,1,1
curtailment_cost_CNY,47,324768,73812,-29520,0,-29520,E0_P0,7,189,2023-07-09,4,4
load_shedding_cost_CNY,0,40969500,1992800.0000000002,-3106299.9999999925,-1.139855498877296e-06,-3106300.0000011325,E0_P0,7,211,2023-07-31,19,18.999999999999428
load_shedding_cost_CNY,1,6005000,954199.99999999953,-1234000.0000000019,0,-1234000.0000000019,E0_P0,7,354,2023-12-21,5,5
load_shedding_cost_CNY,2,15968699.999999998,1527199.9999999998,3884899.9999999981,-7.9215283221856215e-07,3884899.9999992084,E0_P0,7,109,2023-04-20,13,12.999999999999481
load_shedding_cost_CNY,3,16001999.999999998,1263399.9999999998,422199.99999999814,-6.5307652619139834e-07,422199.99999934621,E0_P0,7,112,2023-04-23,13,12.999999999999483
load_shedding_cost_CNY,4,0,0,0,-0,0,E0_P0,7,92,2023-04-03,1,0.99999999999999989
load_shedding_cost_CNY,5,312500,0,-312500,-0,-312500,E0_P0,7,121,2023-05-02,2,1.9999999999999996
load_shedding_cost_CNY,6,2756900,309600.00000000023,-1208899.9999999988,1548000.0000000012,339100.00000000233,E0_P0,7,190,2023-07-10,5,10
load_shedding_cost_CNY,7,59034999.999999993,3318899.9999999991,705199.99999999255,-4.7871871799998172e-06,705199.99999520183,E0_P0,7,281,2023-10-09,18,17.999999999998558
load_shedding_cost_CNY,8,1663200,1663200,1663200,0,1663200,E0_P0,7,308,2023-11-05,2,2
load_shedding_cost_CNY,9,1997700.0000000005,915200.00000000012,-167300.00000000023,-2.0321522242738868e-10,-167300.00000000047,E0_P0,7,187,2023-07-07,2,1.9999999999999998
load_shedding_cost_CNY,10,3475500,741800.00000000012,3200700.0000000009,2131457.3922857414,5332157.3922857419,E0_P0,7,50,2023-02-20,9,11.873358576820896
load_shedding_cost_CNY,11,49060000,1696300,1829000,-16776385.843827123,-14947385.843827121,E0_P0,7,45,2023-02-15,30,20.110012471952412
load_shedding_cost_CNY,12,315800.00000000012,315800.00000000012,0,-3.5060843117662456e-11,-5.8207660913467407e-11,E0_P0,7,332,2023-11-29,1,0.99999999999999989
load_shedding_cost_CNY,13,64900.000000000087,64900.000000000087,0,-7.2053474298172756e-12,-7.2759576141834259e-12,E0_P0,7,140,2023-05-21,1,0.99999999999999989
load_shedding_cost_CNY,14,13567600.000000002,1064199.9999999998,-797200.00000000559,5.1229811504072121e-07,-797199.9999994915,E0_P0,7,352,2023-12-19,12,12.000000000000481
load_shedding_cost_CNY,15,39991400,2176700,-5164200,0,-5164200,E0_P0,7,229,2023-08-18,16,16
load_shedding_cost_CNY,16,52934500,2850700,9780900,-54.220599064588271,9780845.7794009373,E0_P0,7,316,2023-11-13,22,21.999980979900002
load_shedding_cost_CNY,17,0,0,0,0,0,E0_P0,7,13,2023-01-14,1,1
load_shedding_cost_CNY,18,3995799.9999999995,466299.99999999994,-2596900,1.3977818902333181e-07,-2596899.9999998598,E0_P0,7,43,2023-02-13,3,3.0000000000002998
load_shedding_cost_CNY,19,1540100,556799.99999999988,-426500.00000000023,0,-426500.00000000023,E0_P0,7,31,2023-02-01,2,2
load_shedding_cost_CNY,20,43684200,2229299.9999999995,901799.99999999255,0,901799.99999999255,E0_P0,7,290,2023-10-18,20,20
load_shedding_cost_CNY,21,39481400,3713099.9999999995,5075799.9999999925,1.7874592472821858e-06,5075800.0000017807,E0_P0,7,47,2023-02-17,12,12.000000000000481
load_shedding_cost_CNY,22,52700.000000000102,0,-52700.000000000102,0,-52700.000000000102,E0_P0,7,12,2023-01-13,3,5.9999747871149989
load_shedding_cost_CNY,23,99800.000000000029,6400.0000000000055,-80600.000000000015,1.9156232156092318e-09,-80599.999999998094,E0_P0,7,125,2023-05-06,3,3.0000000000002993
load_shedding_cost_CNY,24,7915100,1173300.0000000002,-875299.99999999814,-1.4089188482557804e-06,-875300.00000140723,E0_P0,7,94,2023-04-05,6,5.9999999999987992
load_shedding_cost_CNY,25,0,0,0,0,0,E0_P0,7,91,2023-04-02,1,1
load_shedding_cost_CNY,26,54503900,2419800,18090100,-549910.06905957323,17540189.930940419,E0_P0,7,355,2023-12-22,30,29.772745652921905
load_shedding_cost_CNY,27,589899.99999999965,589899.99999999965,0,0,0,E0_P0,7,343,2023-12-10,1,1
load_shedding_cost_CNY,28,6883200,894299.99999999977,271199.99999999814,-7.9429796073782179e-10,271199.99999999721,E0_P0,7,75,2023-03-17,8,7.9999999999999991
load_shedding_cost_CNY,29,430899.99999999959,309899.99999999994,188900.00000000029,0,188900.00000000029,E0_P0,7,48,2023-02-18,2,2
load_shedding_cost_CNY,30,1489099.9999999998,1489099.9999999998,0,0,0,E0_P0,7,70,2023-03-12,1,1
load_shedding_cost_CNY,31,934400.00000000012,934400.00000000012,0,0,0,E0_P0,7,123,2023-05-04,1,1
load_shedding_cost_CNY,32,235699.99999999994,235699.99999999994,0,0,0,E0_P0,7,348,2023-12-15,1,1
load_shedding_cost_CNY,33,1694600.0000000005,80300.000000000015,-1373400.0000000005,0,-1373400.0000000005,E0_P0,7,177,2023-06-27,4,4
load_shedding_cost_CNY,34,137399.99999999953,137399.99999999953,0,0,0,E0_P0,7,74,2023-03-16,1,1
load_shedding_cost_CNY,35,230100.0000000002,0,-230100.0000000002,-0,-230100.0000000002,E0_P0,7,73,2023-03-15,2,1.9999999999999998
load_shedding_cost_CNY,36,35978800,1575499.9999999998,-1317800.0000000075,-0.11877218452838177,-1317800.1187721863,E0_P0,7,363,2023-12-30,22,21.999999924613022
load_shedding_cost_CNY,37,8892599.9999999981,2699799.9999999995,1906600,0,1906600,E0_P0,7,179,2023-06-29,4,4
load_shedding_cost_CNY,38,0,0,0,0,0,E0_P0,7,93,2023-04-04,2,2
load_shedding_cost_CNY,39,26405200,1289300,-619200,0,-619200,E0_P0,7,222,2023-08-11,20,20
load_shedding_cost_CNY,40,360000.00000000012,360000.00000000012,0,0,0,E0_P0,7,291,2023-10-19,1,1
load_shedding_cost_CNY,41,0,0,0,0,0,E0_P0,7,186,2023-07-06,1,1
load_shedding_cost_CNY,42,130299.99999999987,130299.99999999987,0,0,0,E0_P0,7,122,2023-05-03,1,1
load_shedding_cost_CNY,43,55574700,3130000,10155300,-2366506.5910946475,7788793.4089053497,E0_P0,7,164,2023-06-14,21,20.243927606679026
load_shedding_cost_CNY,44,39236200,2685800.0000000005,-1634999.9999999925,7.4903745428400736e-07,-1634999.9999992475,E0_P0,7,79,2023-03-21,14,14.000000000000279
load_shedding_cost_CNY,45,260999.99999999951,260999.99999999951,0,0,0,E0_P0,7,152,2023-06-02,1,1
load_shedding_cost_CNY,46,127299.99999999961,127299.99999999961,0,0,0,E0_P0,7,69,2023-03-11,1,1
load_shedding_cost_CNY,47,2007000.0000000005,450500.00000000012,-205000,0,-205000,E0_P0,7,189,2023-07-09,4,4
storage_variable_om_CNY,0,0,0,0,-0,0,E0_P0,7,211,2023-07-31,19,18.999999999999428
storage_variable_om_CNY,1,0,0,0,0,0,E0_P0,7,354,2023-12-21,5,5
storage_variable_om_CNY,2,0,0,0,-0,0,E0_P0,7,109,2023-04-20,13,12.999999999999481
storage_variable_om_CNY,3,0,0,0,-0,0,E0_P0,7,112,2023-04-23,13,12.999999999999483
storage_variable_om_CNY,4,0,0,0,-0,0,E0_P0,7,92,2023-04-03,1,0.99999999999999989
storage_variable_om_CNY,5,0,0,0,-0,0,E0_P0,7,121,2023-05-02,2,1.9999999999999996
storage_variable_om_CNY,6,0,0,0,0,0,E0_P0,7,190,2023-07-10,5,10
storage_variable_om_CNY,7,0,0,0,-0,0,E0_P0,7,281,2023-10-09,18,17.999999999998558
storage_variable_om_CNY,8,0,0,0,0,0,E0_P0,7,308,2023-11-05,2,2
storage_variable_om_CNY,9,0,0,0,-0,0,E0_P0,7,187,2023-07-07,2,1.9999999999999998
storage_variable_om_CNY,10,0,0,0,0,0,E0_P0,7,50,2023-02-20,9,11.873358576820896
storage_variable_om_CNY,11,0,0,0,-0,0,E0_P0,7,45,2023-02-15,30,20.110012471952412
storage_variable_om_CNY,12,0,0,0,-0,0,E0_P0,7,332,2023-11-29,1,0.99999999999999989
storage_variable_om_CNY,13,0,0,0,-0,0,E0_P0,7,140,2023-05-21,1,0.99999999999999989
storage_variable_om_CNY,14,0,0,0,0,0,E0_P0,7,352,2023-12-19,12,12.000000000000481
storage_variable_om_CNY,15,0,0,0,0,0,E0_P0,7,229,2023-08-18,16,16
storage_variable_om_CNY,16,0,0,0,-0,0,E0_P0,7,316,2023-11-13,22,21.999980979900002
storage_variable_om_CNY,17,0,0,0,0,0,E0_P0,7,13,2023-01-14,1,1
storage_variable_om_CNY,18,0,0,0,0,0,E0_P0,7,43,2023-02-13,3,3.0000000000002998
storage_variable_om_CNY,19,0,0,0,0,0,E0_P0,7,31,2023-02-01,2,2
storage_variable_om_CNY,20,0,0,0,0,0,E0_P0,7,290,2023-10-18,20,20
storage_variable_om_CNY,21,0,0,0,0,0,E0_P0,7,47,2023-02-17,12,12.000000000000481
storage_variable_om_CNY,22,0,0,0,0,0,E0_P0,7,12,2023-01-13,3,5.9999747871149989
storage_variable_om_CNY,23,0,0,0,0,0,E0_P0,7,125,2023-05-06,3,3.0000000000002993
storage_variable_om_CNY,24,0,0,0,-0,0,E0_P0,7,94,2023-04-05,6,5.9999999999987992
storage_variable_om_CNY,25,0,0,0,0,0,E0_P0,7,91,2023-04-02,1,1
storage_variable_om_CNY,26,0,0,0,-0,0,E0_P0,7,355,2023-12-22,30,29.772745652921905
storage_variable_om_CNY,27,0,0,0,0,0,E0_P0,7,343,2023-12-10,1,1
storage_variable_om_CNY,28,0,0,0,-0,0,E0_P0,7,75,2023-03-17,8,7.9999999999999991
storage_variable_om_CNY,29,0,0,0,0,0,E0_P0,7,48,2023-02-18,2,2
storage_variable_om_CNY,30,0,0,0,0,0,E0_P0,7,70,2023-03-12,1,1
storage_variable_om_CNY,31,0,0,0,0,0,E0_P0,7,123,2023-05-04,1,1
storage_variable_om_CNY,32,0,0,0,0,0,E0_P0,7,348,2023-12-15,1,1
storage_variable_om_CNY,33,0,0,0,0,0,E0_P0,7,177,2023-06-27,4,4
storage_variable_om_CNY,34,0,0,0,0,0,E0_P0,7,74,2023-03-16,1,1
storage_variable_om_CNY,35,0,0,0,-0,0,E0_P0,7,73,2023-03-15,2,1.9999999999999998
storage_variable_om_CNY,36,0,0,0,-0,0,E0_P0,7,363,2023-12-30,22,21.999999924613022
storage_variable_om_CNY,37,0,0,0,0,0,E0_P0,7,179,2023-06-29,4,4
storage_variable_om_CNY,38,0,0,0,0,0,E0_P0,7,93,2023-04-04,2,2
storage_variable_om_CNY,39,0,0,0,0,0,E0_P0,7,222,2023-08-11,20,20
storage_variable_om_CNY,40,0,0,0,0,0,E0_P0,7,291,2023-10-19,1,1
storage_variable_om_CNY,41,0,0,0,0,0,E0_P0,7,186,2023-07-06,1,1
storage_variable_om_CNY,42,0,0,0,0,0,E0_P0,7,122,2023-05-03,1,1
storage_variable_om_CNY,43,0,0,0,-0,0,E0_P0,7,164,2023-06-14,21,20.243927606679026
storage_variable_om_CNY,44,0,0,0,0,0,E0_P0,7,79,2023-03-21,14,14.000000000000279
storage_variable_om_CNY,45,0,0,0,0,0,E0_P0,7,152,2023-06-02,1,1
storage_variable_om_CNY,46,0,0,0,0,0,E0_P0,7,69,2023-03-11,1,1
storage_variable_om_CNY,47,0,0,0,0,0,E0_P0,7,189,2023-07-09,4,4
storage_investment_allocated_CNY,0,0,0,0,-0,0,E0_P0,7,211,2023-07-31,19,18.999999999999428
storage_investment_allocated_CNY,1,0,0,0,0,0,E0_P0,7,354,2023-12-21,5,5
storage_investment_allocated_CNY,2,0,0,0,-0,0,E0_P0,7,109,2023-04-20,13,12.999999999999481
storage_investment_allocated_CNY,3,0,0,0,-0,0,E0_P0,7,112,2023-04-23,13,12.999999999999483
storage_investment_allocated_CNY,4,0,0,0,-0,0,E0_P0,7,92,2023-04-03,1,0.99999999999999989
storage_investment_allocated_CNY,5,0,0,0,-0,0,E0_P0,7,121,2023-05-02,2,1.9999999999999996
storage_investment_allocated_CNY,6,0,0,0,0,0,E0_P0,7,190,2023-07-10,5,10
storage_investment_allocated_CNY,7,0,0,0,-0,0,E0_P0,7,281,2023-10-09,18,17.999999999998558
storage_investment_allocated_CNY,8,0,0,0,0,0,E0_P0,7,308,2023-11-05,2,2
storage_investment_allocated_CNY,9,0,0,0,-0,0,E0_P0,7,187,2023-07-07,2,1.9999999999999998
storage_investment_allocated_CNY,10,0,0,0,0,0,E0_P0,7,50,2023-02-20,9,11.873358576820896
storage_investment_allocated_CNY,11,0,0,0,-0,0,E0_P0,7,45,2023-02-15,30,20.110012471952412
storage_investment_allocated_CNY,12,0,0,0,-0,0,E0_P0,7,332,2023-11-29,1,0.99999999999999989
storage_investment_allocated_CNY,13,0,0,0,-0,0,E0_P0,7,140,2023-05-21,1,0.99999999999999989
storage_investment_allocated_CNY,14,0,0,0,0,0,E0_P0,7,352,2023-12-19,12,12.000000000000481
storage_investment_allocated_CNY,15,0,0,0,0,0,E0_P0,7,229,2023-08-18,16,16
storage_investment_allocated_CNY,16,0,0,0,-0,0,E0_P0,7,316,2023-11-13,22,21.999980979900002
storage_investment_allocated_CNY,17,0,0,0,0,0,E0_P0,7,13,2023-01-14,1,1
storage_investment_allocated_CNY,18,0,0,0,0,0,E0_P0,7,43,2023-02-13,3,3.0000000000002998
storage_investment_allocated_CNY,19,0,0,0,0,0,E0_P0,7,31,2023-02-01,2,2
storage_investment_allocated_CNY,20,0,0,0,0,0,E0_P0,7,290,2023-10-18,20,20
storage_investment_allocated_CNY,21,0,0,0,0,0,E0_P0,7,47,2023-02-17,12,12.000000000000481
storage_investment_allocated_CNY,22,0,0,0,0,0,E0_P0,7,12,2023-01-13,3,5.9999747871149989
storage_investment_allocated_CNY,23,0,0,0,0,0,E0_P0,7,125,2023-05-06,3,3.0000000000002993
storage_investment_allocated_CNY,24,0,0,0,-0,0,E0_P0,7,94,2023-04-05,6,5.9999999999987992
storage_investment_allocated_CNY,25,0,0,0,0,0,E0_P0,7,91,2023-04-02,1,1
storage_investment_allocated_CNY,26,0,0,0,-0,0,E0_P0,7,355,2023-12-22,30,29.772745652921905
storage_investment_allocated_CNY,27,0,0,0,0,0,E0_P0,7,343,2023-12-10,1,1
storage_investment_allocated_CNY,28,0,0,0,-0,0,E0_P0,7,75,2023-03-17,8,7.9999999999999991
storage_investment_allocated_CNY,29,0,0,0,0,0,E0_P0,7,48,2023-02-18,2,2
storage_investment_allocated_CNY,30,0,0,0,0,0,E0_P0,7,70,2023-03-12,1,1
storage_investment_allocated_CNY,31,0,0,0,0,0,E0_P0,7,123,2023-05-04,1,1
storage_investment_allocated_CNY,32,0,0,0,0,0,E0_P0,7,348,2023-12-15,1,1
storage_investment_allocated_CNY,33,0,0,0,0,0,E0_P0,7,177,2023-06-27,4,4
storage_investment_allocated_CNY,34,0,0,0,0,0,E0_P0,7,74,2023-03-16,1,1
storage_investment_allocated_CNY,35,0,0,0,-0,0,E0_P0,7,73,2023-03-15,2,1.9999999999999998
storage_investment_allocated_CNY,36,0,0,0,-0,0,E0_P0,7,363,2023-12-30,22,21.999999924613022
storage_investment_allocated_CNY,37,0,0,0,0,0,E0_P0,7,179,2023-06-29,4,4
storage_investment_allocated_CNY,38,0,0,0,0,0,E0_P0,7,93,2023-04-04,2,2
storage_investment_allocated_CNY,39,0,0,0,0,0,E0_P0,7,222,2023-08-11,20,20
storage_investment_allocated_CNY,40,0,0,0,0,0,E0_P0,7,291,2023-10-19,1,1
storage_investment_allocated_CNY,41,0,0,0,0,0,E0_P0,7,186,2023-07-06,1,1
storage_investment_allocated_CNY,42,0,0,0,0,0,E0_P0,7,122,2023-05-03,1,1
storage_investment_allocated_CNY,43,0,0,0,-0,0,E0_P0,7,164,2023-06-14,21,20.243927606679026
storage_investment_allocated_CNY,44,0,0,0,0,0,E0_P0,7,79,2023-03-21,14,14.000000000000279
storage_investment_allocated_CNY,45,0,0,0,0,0,E0_P0,7,152,2023-06-02,1,1
storage_investment_allocated_CNY,46,0,0,0,0,0,E0_P0,7,69,2023-03-11,1,1
storage_investment_allocated_CNY,47,0,0,0,0,0,E0_P0,7,189,2023-07-09,4,4
storage_fixed_om_CNY,0,0,0,0,-0,0,E0_P0,7,211,2023-07-31,19,18.999999999999428
storage_fixed_om_CNY,1,0,0,0,0,0,E0_P0,7,354,2023-12-21,5,5
storage_fixed_om_CNY,2,0,0,0,-0,0,E0_P0,7,109,2023-04-20,13,12.999999999999481
storage_fixed_om_CNY,3,0,0,0,-0,0,E0_P0,7,112,2023-04-23,13,12.999999999999483
storage_fixed_om_CNY,4,0,0,0,-0,0,E0_P0,7,92,2023-04-03,1,0.99999999999999989
storage_fixed_om_CNY,5,0,0,0,-0,0,E0_P0,7,121,2023-05-02,2,1.9999999999999996
storage_fixed_om_CNY,6,0,0,0,0,0,E0_P0,7,190,2023-07-10,5,10
storage_fixed_om_CNY,7,0,0,0,-0,0,E0_P0,7,281,2023-10-09,18,17.999999999998558
storage_fixed_om_CNY,8,0,0,0,0,0,E0_P0,7,308,2023-11-05,2,2
storage_fixed_om_CNY,9,0,0,0,-0,0,E0_P0,7,187,2023-07-07,2,1.9999999999999998
storage_fixed_om_CNY,10,0,0,0,0,0,E0_P0,7,50,2023-02-20,9,11.873358576820896
storage_fixed_om_CNY,11,0,0,0,-0,0,E0_P0,7,45,2023-02-15,30,20.110012471952412
storage_fixed_om_CNY,12,0,0,0,-0,0,E0_P0,7,332,2023-11-29,1,0.99999999999999989
storage_fixed_om_CNY,13,0,0,0,-0,0,E0_P0,7,140,2023-05-21,1,0.99999999999999989
storage_fixed_om_CNY,14,0,0,0,0,0,E0_P0,7,352,2023-12-19,12,12.000000000000481
storage_fixed_om_CNY,15,0,0,0,0,0,E0_P0,7,229,2023-08-18,16,16
storage_fixed_om_CNY,16,0,0,0,-0,0,E0_P0,7,316,2023-11-13,22,21.999980979900002
storage_fixed_om_CNY,17,0,0,0,0,0,E0_P0,7,13,2023-01-14,1,1
storage_fixed_om_CNY,18,0,0,0,0,0,E0_P0,7,43,2023-02-13,3,3.0000000000002998
storage_fixed_om_CNY,19,0,0,0,0,0,E0_P0,7,31,2023-02-01,2,2
storage_fixed_om_CNY,20,0,0,0,0,0,E0_P0,7,290,2023-10-18,20,20
storage_fixed_om_CNY,21,0,0,0,0,0,E0_P0,7,47,2023-02-17,12,12.000000000000481
storage_fixed_om_CNY,22,0,0,0,0,0,E0_P0,7,12,2023-01-13,3,5.9999747871149989
storage_fixed_om_CNY,23,0,0,0,0,0,E0_P0,7,125,2023-05-06,3,3.0000000000002993
storage_fixed_om_CNY,24,0,0,0,-0,0,E0_P0,7,94,2023-04-05,6,5.9999999999987992
storage_fixed_om_CNY,25,0,0,0,0,0,E0_P0,7,91,2023-04-02,1,1
storage_fixed_om_CNY,26,0,0,0,-0,0,E0_P0,7,355,2023-12-22,30,29.772745652921905
storage_fixed_om_CNY,27,0,0,0,0,0,E0_P0,7,343,2023-12-10,1,1
storage_fixed_om_CNY,28,0,0,0,-0,0,E0_P0,7,75,2023-03-17,8,7.9999999999999991
storage_fixed_om_CNY,29,0,0,0,0,0,E0_P0,7,48,2023-02-18,2,2
storage_fixed_om_CNY,30,0,0,0,0,0,E0_P0,7,70,2023-03-12,1,1
storage_fixed_om_CNY,31,0,0,0,0,0,E0_P0,7,123,2023-05-04,1,1
storage_fixed_om_CNY,32,0,0,0,0,0,E0_P0,7,348,2023-12-15,1,1
storage_fixed_om_CNY,33,0,0,0,0,0,E0_P0,7,177,2023-06-27,4,4
storage_fixed_om_CNY,34,0,0,0,0,0,E0_P0,7,74,2023-03-16,1,1
storage_fixed_om_CNY,35,0,0,0,-0,0,E0_P0,7,73,2023-03-15,2,1.9999999999999998
storage_fixed_om_CNY,36,0,0,0,-0,0,E0_P0,7,363,2023-12-30,22,21.999999924613022
storage_fixed_om_CNY,37,0,0,0,0,0,E0_P0,7,179,2023-06-29,4,4
storage_fixed_om_CNY,38,0,0,0,0,0,E0_P0,7,93,2023-04-04,2,2
storage_fixed_om_CNY,39,0,0,0,0,0,E0_P0,7,222,2023-08-11,20,20
storage_fixed_om_CNY,40,0,0,0,0,0,E0_P0,7,291,2023-10-19,1,1
storage_fixed_om_CNY,41,0,0,0,0,0,E0_P0,7,186,2023-07-06,1,1
storage_fixed_om_CNY,42,0,0,0,0,0,E0_P0,7,122,2023-05-03,1,1
storage_fixed_om_CNY,43,0,0,0,-0,0,E0_P0,7,164,2023-06-14,21,20.243927606679026
storage_fixed_om_CNY,44,0,0,0,0,0,E0_P0,7,79,2023-03-21,14,14.000000000000279
storage_fixed_om_CNY,45,0,0,0,0,0,E0_P0,7,152,2023-06-02,1,1
storage_fixed_om_CNY,46,0,0,0,0,0,E0_P0,7,69,2023-03-11,1,1
storage_fixed_om_CNY,47,0,0,0,0,0,E0_P0,7,189,2023-07-09,4,4
renewable_available_MWh,0,5146.8000000000002,759.23000000000002,-591.42000000000007,-9.1102212884663912e-10,-591.42000000091139,E0_P0,2026,331,2023-11-28,6,5.9999999999988001
renewable_available_MWh,1,8031.3800000000001,410.51999999999998,-231.50000000000091,-2.3335360310738905e-10,-231.50000000023374,E0_P0,2026,337,2023-12-04,19,18.999999999999432
renewable_available_MWh,2,7567.4699999999993,1115.6099999999999,241.80000000000018,2.3414038974323145e-09,241.80000000234122,E0_P0,2026,127,2023-05-08,7,7.0000000000020988
renewable_available_MWh,3,5673.4200000000001,1228.0300000000002,-761.29999999999927,270.68603359324641,-490.61396640675321,E0_P0,2026,347,2023-12-14,4,4.2204229811920282
renewable_available_MWh,4,4763.1700000000001,1211.22,81.710000000000036,-5.3788973275459285e-13,81.709999999999127,E0_P0,2026,344,2023-12-11,4,3.9999999999999996
renewable_available_MWh,5,5365.1999999999998,1836.9400000000001,145.61999999999989,5.5064153237083246e-10,145.62000000055104,E0_P0,2026,326,2023-11-23,3,3.0000000000002998
renewable_available_MWh,6,1734.3000000000002,1734.3000000000002,0,-1.9254597916074092e-13,-2.2737367544323206e-13,E0_P0,2026,332,2023-11-29,1,0.99999999999999989
renewable_available_MWh,7,1421.8500000000001,473.85000000000002,-0.29999999999995453,1.4225181033111768e-10,-0.29999999985784598,E0_P0,2026,167,2023-06-17,3,3.0000000000003002
renewable_available_MWh,8,2468.5899999999997,1151.9099999999999,-164.76999999999998,-2.5577540085919278e-13,-164.77000000000044,E0_P0,2026,152,2023-06-02,2,1.9999999999999998
renewable_available_MWh,9,3236.2599999999998,1099.77,63.050000000000182,3.3064408544447589e-10,63.050000000330783,E0_P0,2026,31,2023-02-01,3,3.0000000000003006
renewable_available_MWh,10,11360.42,773.41000000000008,240.73000000000138,-5.7976560441375117e-10,240.72999999942112,E0_P0,2026,303,2023-10-31,15,14.99999999999925
renewable_available_MWh,11,2204.77,536.06999999999994,-60.490000000000236,-2.3806290272432304e-13,-60.490000000000691,E0_P0,2026,333,2023-11-30,4,3.9999999999999996
renewable_available_MWh,12,2431.23,2431.23,0,0,0,E0_P0,2026,13,2023-01-14,1,1
renewable_available_MWh,13,6640.8500000000004,837.8900000000001,62.270000000000437,0,62.270000000000437,E0_P0,2026,166,2023-06-16,8,8
renewable_available_MWh,14,7736.0100000000002,2021.1900000000001,348.75,4738.4806034998828,5087.2306034998819,E0_P0,2026,106,2023-04-17,4,6.3444013692428136
renewable_available_MWh,15,25281.779999999999,1088.26,836.45999999999913,6642.6696614024931,7479.1296614024941,E0_P0,2026,206,2023-07-26,24,30.103936248141522
renewable_available_MWh,16,4110.4700000000003,167.69999999999999,-1091.8700000000003,-0.07023648629375856,-1091.940236486294,E0_P0,2026,4,2023-01-05,18,17.999581177780001
renewable_available_MWh,17,3137.1800000000003,617.87,-47.830000000000382,-5.4877880018011638e-13,-47.830000000000837,E0_P0,2026,254,2023-09-12,5,4.9999999999999991
renewable_available_MWh,18,11540.25,661.02999999999997,-963.77000000000044,0,-963.77000000000044,E0_P0,2026,181,2023-07-01,16,16
renewable_available_MWh,19,10781.58,1050.3399999999999,-1328.5200000000004,9.4408399320400335e-10,-1328.5199999990564,E0_P0,2026,49,2023-02-19,9,9.0000000000008988
renewable_available_MWh,20,2154.6500000000001,1214.79,274.92999999999984,0,274.92999999999984,E0_P0,2026,42,2023-02-12,2,2
renewable_available_MWh,21,1415.4899999999998,1415.4899999999998,0,-1.5715095891266626e-13,-2.2737367544323206e-13,E0_P0,2026,74,2023-03-16,1,0.99999999999999989
renewable_available_MWh,22,3332.27,1691.9200000000001,51.570000000000164,-3.7568170796475899e-13,51.569999999999709,E0_P0,2026,73,2023-03-15,2,1.9999999999999998
renewable_available_MWh,23,4044.0500000000002,656.19000000000005,-106.90999999999985,-7.8854706764275312e-10,-106.91000000078839,E0_P0,2026,255,2023-09-13,6,5.9999999999987983
renewable_available_MWh,24,14513.91,599.91999999999996,-715.75,-1.5196482650026154e-09,-715.75000000152068,E0_P0,2026,280,2023-10-08,23,22.999999999997467
renewable_available_MWh,25,1813.2600000000002,1813.2600000000002,0,0,0,E0_P0,2026,92,2023-04-03,1,1
renewable_available_MWh,26,11591.190000000001,1259.6300000000001,1005.1100000000006,2.2375523656137377e-12,1005.1100000000024,E0_P0,2026,207,2023-07-27,10,10.000000000000002
renewable_available_MWh,27,2292.0299999999997,2292.0299999999997,0,0,0,E0_P0,2026,186,2023-07-06,1,1
renewable_available_MWh,28,13841.370000000001,940.85000000000014,-669.46999999999935,2.6239179717890695e-10,-669.46999999973559,E0_P0,2026,304,2023-11-01,14,14.000000000000279
renewable_available_MWh,29,4112.6599999999999,1076.73,194.26000000000022,9.5632834984371586e-13,194.26000000000113,E0_P0,2026,315,2023-11-12,4,4.0000000000000009
renewable_available_MWh,30,3749.5799999999999,1278.49,85.890000000000327,3.8267267576941322e-10,85.89000000038277,E0_P0,2026,125,2023-05-06,3,3.0000000000002993
renewable_available_MWh,31,5955.8900000000003,447.81999999999994,-134.23000000000138,-2.3228253098750427e-10,-134.2300000002333,E0_P0,2026,86,2023-03-28,13,12.999999999999481
renewable_available_MWh,32,2274.4200000000001,2274.4200000000001,0,0,0,E0_P0,2026,122,2023-05-03,1,1
renewable_available_MWh,33,21180.52,907.20000000000005,-314.91999999999825,-2.294791556778364e-09,-314.92000000229382,E0_P0,2026,63,2023-03-05,23,22.99999999999747
renewable_available_MWh,34,4189.2399999999998,1102.74,221.72000000000025,0,221.72000000000025,E0_P0,2026,179,2023-06-29,4,4
renewable_available_MWh,35,4541.8500000000004,983.48000000000002,-607.93000000000029,-4.3675285610333959e-13,-607.93000000000075,E0_P0,2026,93,2023-04-04,4,3.9999999999999996
renewable_available_MWh,36,9122.4599999999991,1485.55,-209.15999999999985,-1.782554592821839e-09,-209.16000000178246,E0_P0,2026,105,2023-04-16,6,5.9999999999988001
renewable_available_MWh,37,2118.9299999999998,2118.9299999999998,0,0,0,E0_P0,2026,91,2023-04-02,1,1
renewable_available_MWh,38,6404.5699999999997,282.48000000000002,-754.96999999999935,-1.0035705599875656e-12,-754.97000000000025,E0_P0,2026,275,2023-10-03,20,19.999999999999996
renewable_available_MWh,39,6823.6399999999994,1812.0599999999999,424.60000000000036,0,424.60000000000036,E0_P0,2026,192,2023-07-12,4,4
renewable_available_MWh,40,10415.639999999999,503.93000000000001,-840.96999999999935,-4368.2374683971275,-5209.2074683971268,E0_P0,2026,357,2023-12-24,19,10.331658229521704
renewable_available_MWh,41,5389.9099999999999,498.20999999999998,-906.02000000000044,4.4869436166550259e-10,-906.01999999955115,E0_P0,2026,169,2023-06-19,9,9.0000000000009006
renewable_available_MWh,42,3180.5500000000002,339.68000000000001,-463.11000000000013,0,-463.11000000000013,E0_P0,2026,21,2023-01-22,8,8
renewable_available_MWh,43,1949.8299999999999,856.06999999999994,-237.69000000000005,-1.9008572493817154e-13,-237.69000000000028,E0_P0,2026,308,2023-11-05,2,1.9999999999999998
renewable_available_MWh,44,14381.73,707.81999999999994,-933.15000000000146,-4.0486376917669982e-10,-933.15000000040527,E0_P0,2026,283,2023-10-11,19,18.999999999999428
renewable_available_MWh,45,2545.3699999999999,935.71000000000004,261.76000000000022,-5.494897799849241e-06,261.75999450510244,E0_P0,2026,364,2023-12-31,3,2.9999999941275632
renewable_available_MWh,46,1187.1900000000001,1187.1900000000001,0,0,0,E0_P0,2026,123,2023-05-04,1,1
renewable_available_MWh,47,6256.71,1313.74,311.98999999999978,1.1668355170968425e-12,311.9900000000016,E0_P0,2026,124,2023-05-05,5,5.0000000000000009
renewable_used_MWh,0,3810.4099999999999,525.63,-656.63000000000011,-6.307187039311657e-10,-656.63000000063039,E0_P0,2026,331,2023-11-28,6,5.9999999999988001
renewable_used_MWh,1,7517.3199999999997,389.39999999999998,-118.72000000000025,-2.2134827304398641e-10,-118.72000000022126,E0_P0,2026,337,2023-12-04,19,18.999999999999432
renewable_used_MWh,2,4865.54,752.02999999999997,398.67000000000007,1.5783346984932222e-09,398.67000000157805,E0_P0,2026,127,2023-05-08,7,7.0000000000020988
renewable_used_MWh,3,5445.25,1206.49,-619.28999999999996,265.9381225783701,-353.35187742162998,E0_P0,2026,347,2023-12-14,4,4.2204229811920282
renewable_used_MWh,4,3901.8099999999999,996.26999999999998,83.269999999999982,-4.4243275709732187e-13,83.269999999999527,E0_P0,2026,344,2023-12-11,4,3.9999999999999996
renewable_used_MWh,5,2870.7599999999998,1038.8,245.63999999999987,3.1139091305476541e-10,245.64000000031137,E0_P0,2026,326,2023-11-23,3,3.0000000000002998
renewable_used_MWh,6,1417.8699999999999,1417.8699999999999,0,-1.5741519199252706e-13,-2.2737367544323206e-13,E0_P0,2026,332,2023-11-29,1,0.99999999999999989
renewable_used_MWh,7,1368.3199999999999,466.04999999999995,29.829999999999927,1.3991021674542025e-10,29.830000000139762,E0_P0,2026,167,2023-06-17,3,3.0000000000003002
renewable_used_MWh,8,2168.1999999999998,1104.8800000000001,41.5600000000004,-2.4533264308956862e-13,41.559999999999945,E0_P0,2026,152,2023-06-02,2,1.9999999999999998
renewable_used_MWh,9,3054.6099999999997,1041.1599999999999,68.869999999999891,3.1302308300951152e-10,68.870000000312757,E0_P0,2026,31,2023-02-01,3,3.0000000000003006
renewable_used_MWh,10,7665.1999999999998,520.37,140.35000000000036,-3.9008110519489494e-10,140.34999999961019,E0_P0,2026,303,2023-10-31,15,14.99999999999925
renewable_used_MWh,11,2189.5099999999998,536.06999999999994,-45.230000000000018,-2.3806290272432304e-13,-45.230000000000473,E0_P0,2026,333,2023-11-30,4,3.9999999999999996
renewable_used_MWh,12,2043.5800000000002,2043.5800000000002,0,0,0,E0_P0,2026,13,2023-01-14,1,1
renewable_used_MWh,13,6076.8500000000004,794.59000000000003,279.86999999999989,0,279.86999999999989,E0_P0,2026,166,2023-06-16,8,8
renewable_used_MWh,14,3993.2399999999998,1011.9399999999999,54.519999999999982,2372.3935215915726,2426.913521591573,E0_P0,2026,106,2023-04-17,4,6.3444013692428136
renewable_used_MWh,15,16751.790000000001,754.13,1347.3299999999981,4603.161442810966,5950.491442810966,E0_P0,2026,206,2023-07-26,24,30.103936248141522
renewable_used_MWh,16,4102.79,167.69999999999999,-1084.1900000000001,-0.07023648629375856,-1084.2602364862937,E0_P0,2026,4,2023-01-05,18,17.999581177780001
renewable_used_MWh,17,3115.0299999999997,617.87,-25.679999999999836,-5.4877880018011638e-13,-25.680000000000291,E0_P0,2026,254,2023-09-12,5,4.9999999999999991
renewable_used_MWh,18,9289.630000000001,521.15999999999997,-951.07000000000153,0,-951.07000000000153,E0_P0,2026,181,2023-07-01,16,16
renewable_used_MWh,19,6800.9899999999998,689.86000000000001,-592.25,6.2007138978970039e-10,-592.24999999937972,E0_P0,2026,49,2023-02-19,9,9.0000000000008988
renewable_used_MWh,20,2084.5599999999999,1196.7099999999998,308.85999999999967,0,308.85999999999967,E0_P0,2026,42,2023-02-12,2,2
renewable_used_MWh,21,1233.4300000000001,1233.4300000000001,0,-1.3693823852634069e-13,-2.2737367544323206e-13,E0_P0,2026,74,2023-03-16,1,0.99999999999999989
renewable_used_MWh,22,2664,1375.8599999999999,87.7199999999998,-3.0550229013215355e-13,87.719999999999345,E0_P0,2026,73,2023-03-15,2,1.9999999999999998
renewable_used_MWh,23,3597.0799999999999,576.10000000000002,-140.47999999999956,-6.9230248200824467e-10,-140.48000000069214,E0_P0,2026,255,2023-09-13,6,5.9999999999987983
renewable_used_MWh,24,11740.029999999999,503.29999999999995,-164.1299999999992,-1.2749016065072282e-09,-164.13000000127431,E0_P0,2026,280,2023-10-08,23,22.999999999997467
renewable_used_MWh,25,1449.8099999999999,1449.8099999999999,0,0,0,E0_P0,2026,92,2023-04-03,1,1
renewable_used_MWh,26,6861.4300000000003,745.03999999999996,588.96999999999935,1.3234568996267625e-12,588.97000000000025,E0_P0,2026,207,2023-07-27,10,10.000000000000002
renewable_used_MWh,27,1426.02,1426.02,0,0,0,E0_P0,2026,186,2023-07-06,1,1
renewable_used_MWh,28,9758.5499999999993,664.59999999999991,-454.15000000000146,1.8534898060806878e-10,-454.14999999981592,E0_P0,2026,304,2023-11-01,14,14.000000000000279
renewable_used_MWh,29,3172.0500000000002,857.99000000000001,259.90999999999985,7.6204820231851046e-13,259.91000000000076,E0_P0,2026,315,2023-11-12,4,4.0000000000000009
renewable_used_MWh,30,3705.6500000000001,1272.79,112.7199999999998,3.8096657384301123e-10,112.72000000038088,E0_P0,2026,125,2023-05-06,3,3.0000000000002993
renewable_used_MWh,31,5508.6400000000003,406.94999999999999,-218.29000000000087,-2.1108341741182811e-10,-218.29000000021188,E0_P0,2026,86,2023-03-28,13,12.999999999999481
renewable_used_MWh,32,1690.0900000000001,1690.0900000000001,0,0,0,E0_P0,2026,122,2023-05-03,1,1
renewable_used_MWh,33,13652.120000000001,568.29999999999995,-581.22000000000116,-1.4375331147675751e-09,-581.22000000143998,E0_P0,2026,63,2023-03-05,23,22.99999999999747
renewable_used_MWh,34,2781.1700000000001,693.08000000000004,-8.8499999999999091,0,-8.8499999999999091,E0_P0,2026,179,2023-06-29,4,4
renewable_used_MWh,35,4354.04,973.31999999999994,-460.76000000000022,-4.3224090973126292e-13,-460.76000000000067,E0_P0,2026,93,2023-04-04,4,3.9999999999999996
renewable_used_MWh,36,6121.2299999999996,920.80999999999995,-596.36999999999989,-1.1049066639401415e-09,-596.37000000110493,E0_P0,2026,105,2023-04-16,6,5.9999999999988001
renewable_used_MWh,37,1550.29,1550.29,0,0,0,E0_P0,2026,91,2023-04-02,1,1
renewable_used_MWh,38,6371.6199999999999,282.48000000000002,-722.01999999999953,-1.0035705599875656e-12,-722.02000000000044,E0_P0,2026,275,2023-10-03,20,19.999999999999996
renewable_used_MWh,39,4411.0200000000004,1111.45,34.779999999999745,0,34.779999999999745,E0_P0,2026,192,2023-07-12,4,4
renewable_used_MWh,40,8183.0199999999995,365.86999999999995,-1231.4900000000007,-3171.4862035648939,-4402.9762035648946,E0_P0,2026,357,2023-12-24,19,10.331658229521704
renewable_used_MWh,41,4997.0900000000001,492.41999999999996,-565.3100000000004,4.4347981287273792e-10,-565.30999999955748,E0_P0,2026,169,2023-06-19,9,9.0000000000009006
renewable_used_MWh,42,3178.73,339.68000000000001,-461.28999999999996,0,-461.28999999999996,E0_P0,2026,21,2023-01-22,8,8
renewable_used_MWh,43,1839.2999999999997,821.44999999999993,-196.39999999999986,-1.8239854071566695e-13,-196.40000000000009,E0_P0,2026,308,2023-11-05,2,1.9999999999999998
renewable_used_MWh,44,9916.619999999999,473.77999999999997,-914.79999999999927,-2.7099595456547832e-10,-914.8000000002703,E0_P0,2026,283,2023-10-11,19,18.999999999999428
renewable_used_MWh,45,2280.8099999999999,812.34000000000003,156.21000000000004,-4.7704152768801579e-06,156.20999522958482,E0_P0,2026,364,2023-12-31,3,2.9999999941275632
renewable_used_MWh,46,728.00999999999999,728.00999999999999,0,0,0,E0_P0,2026,123,2023-05-04,1,1
renewable_used_MWh,47,4680.6199999999999,928.04999999999995,-40.369999999999891,8.2427398240270118e-13,-40.369999999998981,E0_P0,2026,124,2023-05-05,5,5.0000000000000009
curtailment_MWh,0,1336.3900000000001,233.60000000000002,65.210000000000036,-2.8030342491547347e-10,65.209999999719685,E0_P0,2026,331,2023-11-28,6,5.9999999999988001
curtailment_MWh,1,514.06000000000017,21.119999999999997,-112.7800000000002,-1.2005330063402652e-11,-112.78000000001225,E0_P0,2026,337,2023-12-04,19,18.999999999999432
curtailment_MWh,2,2701.9300000000003,363.57999999999998,-156.87000000000035,7.6306919893909246e-10,-156.86999999923728,E0_P0,2026,127,2023-05-08,7,7.0000000000020988
curtailment_MWh,3,228.17000000000004,21.540000000000003,-142.01000000000005,4.747911014876288,-137.26208898512374,E0_P0,2026,347,2023-12-14,4,4.2204229811920282
curtailment_MWh,4,861.36000000000001,214.95000000000002,-1.5599999999999454,-9.5456975657270967e-14,-1.5600000000000591,E0_P0,2026,344,2023-12-11,4,3.9999999999999996
curtailment_MWh,5,2494.4400000000001,798.1400000000001,-100.01999999999998,2.3925061931606711e-10,-100.01999999976033,E0_P0,2026,326,2023-11-23,3,3.0000000000002998
curtailment_MWh,6,316.43000000000001,316.43000000000001,0,-3.5130787168213829e-14,-5.6843418860808015e-14,E0_P0,2026,332,2023-11-29,1,0.99999999999999989
curtailment_MWh,7,53.53000000000003,7.7999999999999972,-30.130000000000038,2.3415935856974094e-12,-30.129999999997697,E0_P0,2026,167,2023-06-17,3,3.0000000000003002
curtailment_MWh,8,300.38999999999993,47.029999999999994,-206.32999999999993,-1.0442757769624221e-14,-206.32999999999996,E0_P0,2026,152,2023-06-02,2,1.9999999999999998
curtailment_MWh,9,181.65000000000003,58.610000000000021,-5.8199999999999648,1.7621002434964346e-11,-5.8199999999823433,E0_P0,2026,31,2023-02-01,3,3.0000000000003006
curtailment_MWh,10,3695.2200000000003,253.04000000000002,100.38000000000011,-1.8968449921885623e-10,100.37999999981048,E0_P0,2026,303,2023-10-31,15,14.99999999999925
curtailment_MWh,11,15.260000000000016,0,-15.260000000000016,-0,-15.260000000000016,E0_P0,2026,333,2023-11-30,4,3.9999999999999996
curtailment_MWh,12,387.64999999999998,387.64999999999998,0,0,0,E0_P0,2026,13,2023-01-14,1,1
curtailment_MWh,13,564,43.300000000000004,-217.59999999999997,0,-217.59999999999997,E0_P0,2026,166,2023-06-16,8,8
curtailment_MWh,14,3742.77,1009.25,294.23000000000002,2366.0870819083098,2660.3170819083093,E0_P0,2026,106,2023-04-17,4,6.3444013692428136
curtailment_MWh,15,8529.9899999999998,334.13,-510.86999999999989,2039.5082185915269,1528.6382185915263,E0_P0,2026,206,2023-07-26,24,30.103936248141522
curtailment_MWh,16,7.6800000000000068,0,-7.6800000000000068,-0,-7.6800000000000068,E0_P0,2026,4,2023-01-05,18,17.999581177780001
curtailment_MWh,17,22.150000000000006,0,-22.150000000000006,-0,-22.150000000000006,E0_P0,2026,254,2023-09-12,5,4.9999999999999991
curtailment_MWh,18,2250.6199999999999,139.87,-12.699999999999818,0,-12.699999999999818,E0_P0,2026,181,2023-07-01,16,16
curtailment_MWh,19,3980.5900000000001,360.48000000000002,-736.26999999999998,3.2401260341430317e-10,-736.26999999967575,E0_P0,2026,49,2023-02-19,9,9.0000000000008988
curtailment_MWh,20,70.090000000000003,18.080000000000016,-33.929999999999971,0,-33.929999999999971,E0_P0,2026,42,2023-02-12,2,2
curtailment_MWh,21,182.06,182.06,0,-2.02127203863256e-14,-2.8421709430404007e-14,E0_P0,2026,74,2023-03-16,1,0.99999999999999989
curtailment_MWh,22,668.26999999999998,316.06,-36.149999999999977,-7.0179417832605396e-14,-36.150000000000091,E0_P0,2026,73,2023-03-15,2,1.9999999999999998
curtailment_MWh,23,446.97000000000003,80.090000000000018,33.57000000000005,-9.6244585634508456e-11,33.569999999903814,E0_P0,2026,255,2023-09-13,6,5.9999999999987983
curtailment_MWh,24,2773.8800000000001,96.620000000000005,-551.61999999999989,-2.4474665849538723e-10,-551.62000000024454,E0_P0,2026,280,2023-10-08,23,22.999999999997467
curtailment_MWh,25,363.45000000000005,363.45000000000005,0,0,0,E0_P0,2026,92,2023-04-03,1,1
curtailment_MWh,26,4729.7600000000002,514.58999999999992,416.13999999999942,9.1409546598697474e-13,416.14000000000033,E0_P0,2026,207,2023-07-27,10,10.000000000000002
curtailment_MWh,27,866.00999999999999,866.00999999999999,0,0,0,E0_P0,2026,186,2023-07-06,1,1
curtailment_MWh,28,4082.8199999999997,276.25000000000006,-215.3199999999988,7.7042816570838126e-11,-215.31999999992195,E0_P0,2026,304,2023-11-01,14,14.000000000000279
curtailment_MWh,29,940.61000000000001,218.73999999999998,-65.650000000000091,1.9428014752520538e-13,-65.649999999999864,E0_P0,2026,315,2023-11-12,4,4.0000000000000009
curtailment_MWh,30,43.930000000000014,5.6999999999999815,-26.830000000000069,1.706101926401965e-12,-26.829999999998364,E0_P0,2026,125,2023-05-06,3,3.0000000000002993
curtailment_MWh,31,447.24999999999983,40.86999999999999,84.060000000000002,-2.119911357567616e-11,84.059999999978857,E0_P0,2026,86,2023-03-28,13,12.999999999999481
curtailment_MWh,32,584.33000000000004,584.33000000000004,0,0,0,E0_P0,2026,122,2023-05-03,1,1
curtailment_MWh,33,7528.3999999999996,338.89999999999998,266.30000000000018,-8.5725844201078867e-10,266.29999999914253,E0_P0,2026,63,2023-03-05,23,22.99999999999747
curtailment_MWh,34,1408.0699999999999,409.65999999999997,230.56999999999994,0,230.56999999999994,E0_P0,2026,179,2023-06-29,4,4
curtailment_MWh,35,187.80999999999995,10.159999999999997,-147.16999999999996,-4.5119463720766347e-15,-147.16999999999996,E0_P0,2026,93,2023-04-04,4,3.9999999999999996
curtailment_MWh,36,3001.23,564.74000000000001,387.21000000000004,-6.7764792888169722e-10,387.20999999932246,E0_P0,2026,105,2023-04-16,6,5.9999999999988001
curtailment_MWh,37,568.63999999999999,568.63999999999999,0,0,0,E0_P0,2026,91,2023-04-02,1,1
curtailment_MWh,38,32.950000000000038,0,-32.950000000000038,-0,-32.950000000000038,E0_P0,2026,275,2023-10-03,20,19.999999999999996
curtailment_MWh,39,2412.6199999999999,700.6099999999999,389.81999999999971,0,389.81999999999971,E0_P0,2026,192,2023-07-12,4,4
curtailment_MWh,40,2232.6199999999999,138.06000000000003,390.52000000000089,-1196.7512648322338,-806.23126483223314,E0_P0,2026,357,2023-12-24,19,10.331658229521704
curtailment_MWh,41,392.81999999999999,5.7900000000000205,-340.70999999999981,5.2145487927646354e-12,-340.70999999999458,E0_P0,2026,169,2023-06-19,9,9.0000000000009006
curtailment_MWh,42,1.8200000000000074,0,-1.8200000000000074,0,-1.8200000000000074,E0_P0,2026,21,2023-01-22,8,8
curtailment_MWh,43,110.53000000000002,34.620000000000019,-41.289999999999978,-7.6871842225045881e-15,-41.289999999999992,E0_P0,2026,308,2023-11-05,2,1.9999999999999998
curtailment_MWh,44,4465.1099999999997,234.03999999999996,-18.350000000000364,-1.3386781461122153e-10,-18.35000000013406,E0_P0,2026,283,2023-10-11,19,18.999999999999428
curtailment_MWh,45,264.55999999999995,123.36999999999996,105.54999999999995,-7.2448252296908301e-07,105.54999927551739,E0_P0,2026,364,2023-12-31,3,2.9999999941275632
curtailment_MWh,46,459.18000000000006,459.18000000000006,0,0,0,E0_P0,2026,123,2023-05-04,1,1
curtailment_MWh,47,1576.0899999999999,385.68999999999994,352.3599999999999,3.4256153469414125e-13,352.36000000000013,E0_P0,2026,124,2023-05-05,5,5.0000000000000009
total_load_MWh,0,18275,2924,-731,-3.5085925276234775e-09,-731.00000000350701,E0_P0,2026,331,2023-11-28,6,5.9999999999988001
total_load_MWh,1,53801.600000000006,2924,1754.3999999999942,-1.6621015674900264e-09,1754.3999999983353,E0_P0,2026,337,2023-12-04,19,18.999999999999432
total_load_MWh,2,20321.799999999999,2924,146.20000000000073,6.1367906312170817e-09,146.200000006138,E0_P0,2026,127,2023-05-08,7,7.0000000000020988
total_load_MWh,3,11696,3070.1999999999998,584.79999999999927,676.74263685576489,1261.5426368557637,E0_P0,2026,347,2023-12-14,4,4.2204229811920282
total_load_MWh,4,11842.200000000001,3070.1999999999998,438.59999999999854,-1.3634426920816622e-12,438.59999999999673,E0_P0,2026,344,2023-12-11,4,3.9999999999999996
total_load_MWh,5,8918.2000000000007,3070.1999999999998,292.39999999999782,9.2032381715512191e-10,292.40000000091823,E0_P0,2026,326,2023-11-23,3,3.0000000000002998
total_load_MWh,6,3070.1999999999998,3070.1999999999998,0,-3.4086067302041554e-13,-4.5474735088646412e-13,E0_P0,2026,332,2023-11-29,1,0.99999999999999989
total_load_MWh,7,9210.5999999999985,3070.1999999999998,0,9.2168725984720366e-10,9.2222762759774923e-10,E0_P0,2026,167,2023-06-17,3,3.0000000000003002
total_load_MWh,8,5994.1999999999998,3070.1999999999998,146.19999999999982,-6.8172134604083108e-13,146.19999999999891,E0_P0,2026,152,2023-06-02,2,1.9999999999999998
total_load_MWh,9,8479.6000000000004,2924,292.39999999999964,8.7909590718027175e-10,292.40000000087821,E0_P0,2026,31,2023-02-01,3,3.0000000000003006
total_load_MWh,10,41667,2777.8000000000002,0,-2.0823016200210988e-09,-2.0809238776564598e-09,E0_P0,2026,303,2023-10-31,15,14.99999999999925
total_load_MWh,11,11257.400000000001,2777.8000000000002,-146.20000000000073,-1.233591007121504e-12,-146.20000000000255,E0_P0,2026,333,2023-11-30,4,3.9999999999999996
total_load_MWh,12,2924,2924,0,0,0,E0_P0,2026,13,2023-01-14,1,1
total_load_MWh,13,23684.400000000001,2924,-292.40000000000146,0,-292.40000000000146,E0_P0,2026,166,2023-06-16,8,8
total_load_MWh,14,11549.799999999999,2924,146.20000000000073,6855.0296036659875,7001.2296036659864,E0_P0,2026,106,2023-04-17,4,6.3444013692428136
total_load_MWh,15,73392.399999999994,3070.1999999999998,292.39999999999418,18740.305069044101,19032.705069044096,E0_P0,2026,206,2023-07-26,24,30.103936248141522
total_load_MWh,16,51754.800000000003,2924,877.19999999999709,-1.2246361712757903,875.97536382872204,E0_P0,2026,4,2023-01-05,18,17.999581177780001
total_load_MWh,17,14327.6,3070.1999999999998,1023.3999999999996,-2.7268853841633243e-12,1023.399999999996,E0_P0,2026,254,2023-09-12,5,4.9999999999999991
total_load_MWh,18,46637.800000000003,2924,146.19999999999709,0,146.19999999999709,E0_P0,2026,181,2023-07-01,16,16
total_load_MWh,19,25438.800000000003,2924,877.19999999999709,2.6281981035936042e-09,877.20000000262371,E0_P0,2026,49,2023-02-19,9,9.0000000000008988
total_load_MWh,20,5701.8000000000002,2777.8000000000002,-146.19999999999982,0,-146.19999999999982,E0_P0,2026,42,2023-02-12,2,2
total_load_MWh,21,3070.1999999999998,3070.1999999999998,0,-3.4086067302041554e-13,-4.5474735088646412e-13,E0_P0,2026,74,2023-03-16,1,0.99999999999999989
total_load_MWh,22,5994.1999999999998,2924,-146.19999999999982,-6.4925842480079154e-13,-146.20000000000073,E0_P0,2026,73,2023-03-15,2,1.9999999999999998
total_load_MWh,23,17105.400000000001,2777.8000000000002,-438.59999999999854,-3.33809726527079e-09,-438.60000000333821,E0_P0,2026,255,2023-09-13,6,5.9999999999987983
total_load_MWh,24,68567.800000000003,2924,-1315.8000000000029,-7.4067401101274299e-09,-1315.8000000074098,E0_P0,2026,280,2023-10-08,23,22.999999999997467
total_load_MWh,25,3070.1999999999998,3070.1999999999998,0,0,0,E0_P0,2026,92,2023-04-03,1,1
total_load_MWh,26,28216.600000000002,2777.8000000000002,-438.60000000000218,4.9343640284860161e-12,-438.59999999999491,E0_P0,2026,207,2023-07-27,10,10.000000000000002
total_load_MWh,27,2777.8000000000002,2777.8000000000002,0,0,0,E0_P0,2026,186,2023-07-06,1,1
total_load_MWh,28,41959.400000000001,2924,-1023.4000000000015,8.1546858154979418e-10,-1023.3999999991865,E0_P0,2026,304,2023-11-01,14,14.000000000000279
total_load_MWh,29,11257.400000000001,2777.8000000000002,-146.20000000000073,2.467182014243008e-12,-146.19999999999891,E0_P0,2026,315,2023-11-12,4,4.0000000000000009
total_load_MWh,30,9064.3999999999996,3070.1999999999998,146.19999999999891,9.1896037446304027e-10,146.20000000091932,E0_P0,2026,125,2023-05-06,3,3.0000000000002993
total_load_MWh,31,39912.599999999999,3070.1999999999998,0,-1.5925010643513813e-09,-1.5934347175061703e-09,E0_P0,2026,86,2023-03-28,13,12.999999999999481
total_load_MWh,32,3070.1999999999998,3070.1999999999998,0,0,0,E0_P0,2026,122,2023-05-03,1,1
total_load_MWh,33,64766.600000000006,2777.8000000000002,-877.20000000000437,-7.0265343765640867e-09,-877.20000000702566,E0_P0,2026,63,2023-03-05,23,22.99999999999747
total_load_MWh,34,12134.599999999999,3070.1999999999998,146.20000000000073,0,146.20000000000073,E0_P0,2026,179,2023-06-29,4,4
total_load_MWh,35,11403.6,2777.8000000000002,-292.39999999999964,-1.233591007121504e-12,-292.40000000000146,E0_P0,2026,93,2023-04-04,4,3.9999999999999996
total_load_MWh,36,17251.599999999999,2777.8000000000002,-584.79999999999563,-3.3331629012423039e-09,-584.80000000333166,E0_P0,2026,105,2023-04-16,6,5.9999999999988001
total_load_MWh,37,2924,2924,0,0,0,E0_P0,2026,91,2023-04-02,1,1
total_load_MWh,38,60965.399999999994,3070.1999999999998,438.60000000000582,-1.0907541536653297e-11,438.59999999999127,E0_P0,2026,275,2023-10-03,20,19.999999999999996
total_load_MWh,39,11988.4,2777.8000000000002,-877.19999999999891,0,-877.19999999999891,E0_P0,2026,192,2023-07-12,4,4
total_load_MWh,40,53655.400000000001,2777.8000000000002,-877.19999999999709,-24078.919770034612,-24956.119770034609,E0_P0,2026,357,2023-12-24,19,10.331658229521704
total_load_MWh,41,26462.200000000001,2924,-146.20000000000073,2.6333921709920105e-09,-146.19999999736683,E0_P0,2026,169,2023-06-19,9,9.0000000000009006
total_load_MWh,42,22514.800000000003,2777.8000000000002,-292.40000000000146,0,-292.40000000000146,E0_P0,2026,21,2023-01-22,8,8
total_load_MWh,43,5848,3070.1999999999998,292.39999999999964,-6.8172134604083108e-13,292.39999999999873,E0_P0,2026,308,2023-11-05,2,1.9999999999999998
total_load_MWh,44,57018,2924,-1462,-1.672489702286839e-09,-1462.0000000016735,E0_P0,2026,283,2023-10-11,19,18.999999999999428
total_load_MWh,45,8772,2924,0,-1.7171005083582713e-05,-1.7171005310956389e-05,E0_P0,2026,364,2023-12-31,3,2.9999999941275632
total_load_MWh,46,2777.8000000000002,2777.8000000000002,0,0,0,E0_P0,2026,123,2023-05-04,1,1
total_load_MWh,47,14620,2924,0,2.5970336992031662e-12,1.8189894035458565e-12,E0_P0,2026,124,2023-05-05,5,5.0000000000000009
thermal_generation_MWh,0,13150.869999999999,2211.48,118.01000000000204,-2.6536190844694829e-09,118.00999999734813,E0_P0,2026,331,2023-11-28,6,5.9999999999988001
thermal_generation_MWh,1,42849.099999999999,2281.1900000000001,493.51000000000204,-1.2967063867108664e-09,493.50999999870692,E0_P0,2026,337,2023-12-04,19,18.999999999999432
thermal_generation_MWh,2,14375.440000000001,2029.76,-167.1200000000008,4.2599904759299533e-09,-167.11999999574073,E0_P0,2026,127,2023-05-08,7,7.0000000000020988
thermal_generation_MWh,3,6226.2600000000002,1858.4400000000001,1207.5,409.64288516651288,1617.1428851665132,E0_P0,2026,347,2023-12-14,4,4.2204229811920282
thermal_generation_MWh,4,7517.2399999999998,1978.6399999999999,397.31999999999971,-8.7869267417772784e-13,397.3199999999988,E0_P0,2026,344,2023-12-11,4,3.9999999999999996
thermal_generation_MWh,5,5698.7600000000002,1923.1499999999999,70.6899999999996,5.7648386064812485e-10,70.690000000576219,E0_P0,2026,326,2023-11-23,3,3.0000000000002998
thermal_generation_MWh,6,1620.75,1620.75,0,-1.7993939671612225e-13,-2.2737367544323206e-13,E0_P0,2026,332,2023-11-29,1,0.99999999999999989
thermal_generation_MWh,7,7047.2699999999995,2347.4699999999998,-4.8599999999996726,7.0472060187398709e-10,-4.8599999992957237,E0_P0,2026,167,2023-06-17,3,3.0000000000003002
thermal_generation_MWh,8,3776.8900000000003,1939.22,101.54999999999973,-4.3059333876271922e-13,101.54999999999927,E0_P0,2026,152,2023-06-02,2,1.9999999999999998
thermal_generation_MWh,9,5234.9799999999996,1827.1600000000001,246.50000000000091,5.4933272153334659e-10,246.50000000055024,E0_P0,2026,31,2023-02-01,3,3.0000000000003006
thermal_generation_MWh,10,31938.990000000002,2143.29,210.35999999999694,-1.6066585928342647e-09,210.3599999983926,E0_P0,2026,303,2023-10-31,15,14.99999999999925
thermal_generation_MWh,11,8717,2167.1500000000001,-48.399999999999636,-9.6240793112656324e-13,-48.400000000001455,E0_P0,2026,333,2023-11-30,4,3.9999999999999996
thermal_generation_MWh,12,880.41999999999996,880.41999999999996,0,0,0,E0_P0,2026,13,2023-01-14,1,1
thermal_generation_MWh,13,16789.139999999999,2048.8899999999999,-398.02000000000044,0,-398.02000000000044,E0_P0,2026,166,2023-06-16,8,8
thermal_generation_MWh,14,7280.8700000000008,1829.5800000000002,37.449999999999818,4289.2698571392675,4326.7198571392673,E0_P0,2026,106,2023-04-17,4,6.3444013692428136
thermal_generation_MWh,15,50358.779999999999,2087.4499999999998,-259.9800000000032,12741.66172118302,12481.68172118302,E0_P0,2026,206,2023-07-26,24,30.103936248141522
thermal_generation_MWh,16,43572.230000000003,2478.4299999999998,1039.5099999999948,-1.0380215547110316,1038.4719784452827,E0_P0,2026,4,2023-01-05,18,17.999581177780001
thermal_generation_MWh,17,10949.51,2332.6399999999999,713.68999999999869,-2.0718005089293e-12,713.68999999999687,E0_P0,2026,254,2023-09-12,5,4.9999999999999991
thermal_generation_MWh,18,34044.830000000002,2164.0799999999999,580.44999999999709,0,580.44999999999709,E0_P0,2026,181,2023-07-01,16,16
thermal_generation_MWh,19,17845.77,2066.96,756.86999999999898,1.8578592175799713e-09,756.87000000185799,E0_P0,2026,49,2023-02-19,9,9.0000000000008988
thermal_generation_MWh,20,3558.25,1581.0900000000001,-396.06999999999971,0,-396.06999999999971,E0_P0,2026,42,2023-02-12,2,2
thermal_generation_MWh,21,1823.03,1823.03,0,-2.0239698805823991e-13,-2.2737367544323206e-13,E0_P0,2026,74,2023-03-16,1,0.99999999999999989
thermal_generation_MWh,22,3309.1900000000001,1548.1400000000001,-212.90999999999985,-3.4375613466863799e-13,-212.91000000000031,E0_P0,2026,73,2023-03-15,2,1.9999999999999998
thermal_generation_MWh,23,12781.440000000001,2093.46,-220.68000000000029,-2.5157221905658388e-09,-220.68000000251595,E0_P0,2026,255,2023-09-13,6,5.9999999999987983
thermal_generation_MWh,24,51139.959999999999,2206.75,-384.70999999999913,-5.5898849993241129e-09,-384.71000000558706,E0_P0,2026,280,2023-10-08,23,22.999999999997467
thermal_generation_MWh,25,1620.3900000000001,1620.3900000000001,0,0,0,E0_P0,2026,92,2023-04-03,1,1
thermal_generation_MWh,26,20049.619999999999,1955.8900000000001,-490.71999999999753,3.4743585786145561e-12,-490.71999999999389,E0_P0,2026,207,2023-07-27,10,10.000000000000002
thermal_generation_MWh,27,1351.78,1351.78,0,0,0,E0_P0,2026,186,2023-07-06,1,1
thermal_generation_MWh,28,29776.919999999998,2127.4400000000001,7.2400000000016007,5.9331753732294604e-10,7.2400000005945913,E0_P0,2026,304,2023-11-01,14,14.000000000000279
thermal_generation_MWh,29,7712.7799999999997,1877.3699999999999,-203.30000000000018,1.667439519792424e-12,-203.29999999999836,E0_P0,2026,315,2023-11-12,4,4.0000000000000009
thermal_generation_MWh,30,5348.7700000000004,1796.77,41.539999999999054,5.3780223829846817e-10,41.540000000537475,E0_P0,2026,125,2023-05-06,3,3.0000000000002993
thermal_generation_MWh,31,30058.669999999998,2304.9400000000001,-94.44999999999709,-1.1955636125549063e-09,-94.450000001193985,E0_P0,2026,86,2023-03-28,13,12.999999999999481
thermal_generation_MWh,32,1367.0799999999999,1367.0799999999999,0,0,0,E0_P0,2026,122,2023-05-03,1,1
thermal_generation_MWh,33,47590.559999999998,2084.3099999999999,348.56999999999971,-5.2723291332767984e-09,348.56999999473192,E0_P0,2026,63,2023-03-05,23,22.99999999999747
thermal_generation_MWh,34,8464.1700000000001,2107.1399999999999,-35.610000000000582,0,-35.610000000000582,E0_P0,2026,179,2023-06-29,4,4
thermal_generation_MWh,35,7018.3099999999995,1804.48,199.61000000000058,-8.01350097390241e-13,199.60999999999967,E0_P0,2026,93,2023-04-04,4,3.9999999999999996
thermal_generation_MWh,36,10945.91,1818.54,-34.670000000000073,-2.1821189655213402e-09,-34.67000000218286,E0_P0,2026,105,2023-04-16,6,5.9999999999988001
thermal_generation_MWh,37,1373.71,1373.71,0,0,0,E0_P0,2026,91,2023-04-02,1,1
thermal_generation_MWh,38,48677.650000000001,2479.8499999999999,919.34999999999854,-8.8101970163734219e-12,919.34999999999127,E0_P0,2026,275,2023-10-03,20,19.999999999999996
thermal_generation_MWh,39,7390.4700000000003,1666.3499999999999,-725.07000000000062,0,-725.07000000000062,E0_P0,2026,192,2023-07-12,4,4
thermal_generation_MWh,40,42168.800000000003,2236.6500000000001,327.54999999999563,-19388.04662094028,-19060.496620940285,E0_P0,2026,357,2023-12-24,19,10.331658229521704
thermal_generation_MWh,41,19665.849999999999,2193.1999999999998,72.950000000000728,1.9752242508275229e-09,72.95000000197615,E0_P0,2026,169,2023-06-19,9,9.0000000000009006
thermal_generation_MWh,42,18470.139999999999,2328.6700000000001,159.22000000000116,0,159.22000000000116,E0_P0,2026,21,2023-01-22,8,8
thermal_generation_MWh,43,3842.3800000000001,2082.4299999999998,322.47999999999956,-4.6239234663403291e-13,322.47999999999865,E0_P0,2026,308,2023-11-05,2,1.9999999999999998
thermal_generation_MWh,44,41862.699999999997,2213.5799999999999,195.31999999999971,-1.2661387671641933e-09,195.31999999873369,E0_P0,2026,283,2023-10-11,19,18.999999999999428
thermal_generation_MWh,45,6146.3599999999997,2008.8699999999999,-119.75,-1.1796962032235569e-05,-119.7500117969621,E0_P0,2026,364,2023-12-31,3,2.9999999941275632
thermal_generation_MWh,46,1956.3499999999999,1956.3499999999999,0,0,0,E0_P0,2026,123,2023-05-04,1,1
thermal_generation_MWh,47,9682.5699999999997,1933.72,-13.969999999999345,1.7174883737425262e-12,-13.969999999997526,E0_P0,2026,124,2023-05-05,5,5.0000000000000009
unserved_MWh,0,1313.7199999999998,186.89000000000004,-192.37999999999965,-2.2425473922282897e-10,-192.38000000022384,E0_P0,2026,331,2023-11-28,6,5.9999999999988001
unserved_MWh,1,3435.1800000000003,253.41000000000003,1379.6100000000006,-1.4404690773517361e-10,1379.609999999856,E0_P0,2026,337,2023-12-04,19,18.999999999999432
unserved_MWh,2,1080.8199999999997,142.20999999999995,-85.350000000000023,2.9846545679390589e-10,-85.349999999701595,E0_P0,2026,127,2023-05-08,7,7.0000000000020988
unserved_MWh,3,24.489999999999981,5.2700000000000102,-3.4099999999999397,1.1616291108819907,-2.2483708891179504,E0_P0,2026,347,2023-12-14,4,4.2204229811920282
unserved_MWh,4,423.14999999999992,95.290000000000035,-41.989999999999782,-4.2317260806612482e-14,-41.989999999999839,E0_P0,2026,344,2023-12-11,4,3.9999999999999996
unserved_MWh,5,348.68000000000001,108.25000000000003,-23.929999999999893,3.2449043452231769e-11,-23.929999999967492,E0_P0,2026,326,2023-11-23,3,3.0000000000002998
unserved_MWh,6,31.580000000000013,31.580000000000013,0,-3.5060843117662457e-15,-3.5527136788005009e-15,E0_P0,2026,332,2023-11-29,1,0.99999999999999989
unserved_MWh,7,795.00999999999999,256.68000000000001,-24.970000000000027,7.705644122779631e-11,-24.969999999922948,E0_P0,2026,167,2023-06-17,3,3.0000000000003002
unserved_MWh,8,49.109999999999971,26.099999999999952,3.0899999999999324,-5.7953641885433064e-15,3.0899999999999253,E0_P0,2026,152,2023-06-02,2,1.9999999999999998
unserved_MWh,9,190.01000000000002,55.679999999999993,-22.970000000000056,1.6740102637413653e-11,-22.969999999983315,E0_P0,2026,31,2023-02-01,3,3.0000000000003006
unserved_MWh,10,2062.8099999999999,114.14000000000003,-350.70999999999958,-8.5561921991939032e-11,-350.71000000008507,E0_P0,2026,303,2023-10-31,15,14.99999999999925
unserved_MWh,11,350.88999999999999,74.580000000000013,-52.569999999999936,-3.3120173270617675e-14,-52.569999999999993,E0_P0,2026,333,2023-11-30,4,3.9999999999999996
unserved_MWh,12,0,0,0,0,0,E0_P0,2026,13,2023-01-14,1,1
unserved_MWh,13,818.41000000000008,80.519999999999996,-174.25000000000011,0,-174.25000000000011,E0_P0,2026,166,2023-06-16,8,8
unserved_MWh,14,275.69,82.479999999999976,54.229999999999905,193.36622493514722,247.59622493514706,E0_P0,2026,106,2023-04-17,4,6.3444013692428136
unserved_MWh,15,6281.829999999999,228.62,-794.94999999999891,1395.4819050501148,600.53190505011571,E0_P0,2026,206,2023-07-26,24,30.103936248141522
unserved_MWh,16,4079.7800000000002,277.87,921.87999999999965,-0.11637813027099995,921.76362186972847,E0_P0,2026,4,2023-01-05,18,17.999581177780001
unserved_MWh,17,263.05999999999995,119.68999999999991,335.38999999999965,-1.0630607505390791e-13,335.38999999999953,E0_P0,2026,254,2023-09-12,5,4.9999999999999991
unserved_MWh,18,3303.3400000000001,238.75999999999999,516.81999999999971,0,516.81999999999971,E0_P0,2026,181,2023-07-01,16,16
unserved_MWh,19,792.03999999999996,167.18000000000001,712.58000000000015,1.5026749622393254e-10,712.58000000015045,E0_P0,2026,49,2023-02-19,9,9.0000000000008988
unserved_MWh,20,58.989999999999966,0,-58.989999999999966,0,-58.989999999999966,E0_P0,2026,42,2023-02-12,2,2
unserved_MWh,21,13.739999999999952,13.739999999999952,0,-1.5254464358349598e-15,-1.7763568394002505e-15,E0_P0,2026,74,2023-03-16,1,0.99999999999999989
unserved_MWh,22,21.010000000000019,0,-21.010000000000019,-0,-21.010000000000019,E0_P0,2026,73,2023-03-15,2,1.9999999999999998
unserved_MWh,23,726.87999999999988,108.24000000000001,-77.439999999999827,-1.3007259269670613e-10,-77.440000000129885,E0_P0,2026,255,2023-09-13,6,5.9999999999987983
unserved_MWh,24,5687.8099999999995,213.94999999999999,-766.96000000000004,-5.4195350429608882e-10,-766.9600000005421,E0_P0,2026,280,2023-10-08,23,22.999999999997467
unserved_MWh,25,0,0,0,0,0,E0_P0,2026,92,2023-04-03,1,1
unserved_MWh,26,1305.55,76.86999999999999,-536.85000000000002,1.3654855024469724e-13,-536.84999999999991,E0_P0,2026,207,2023-07-27,10,10.000000000000002
unserved_MWh,27,0,0,0,0,0,E0_P0,2026,186,2023-07-06,1,1
unserved_MWh,28,2423.9299999999998,131.95999999999998,-576.49000000000024,3.6802063618779353e-11,-576.4899999999634,E0_P0,2026,304,2023-11-01,14,14.000000000000279
unserved_MWh,29,372.57000000000005,42.439999999999998,-202.81000000000006,3.7694292132073313e-14,-202.81000000000003,E0_P0,2026,315,2023-11-12,4,4.0000000000000009
unserved_MWh,30,9.980000000000004,0.64000000000000057,-8.0600000000000023,1.9156232156092317e-13,-8.0599999999998104,E0_P0,2026,125,2023-05-06,3,3.0000000000002993
unserved_MWh,31,4345.29,358.31,312.73999999999978,-1.858540343846471e-10,312.73999999981424,E0_P0,2026,86,2023-03-28,13,12.999999999999481
unserved_MWh,32,13.029999999999987,13.029999999999987,0,0,0,E0_P0,2026,122,2023-05-03,1,1
unserved_MWh,33,3523.9200000000001,125.18999999999998,-644.55000000000064,-3.1667212851971266e-10,-644.55000000031714,E0_P0,2026,63,2023-03-05,23,22.99999999999747
unserved_MWh,34,889.25999999999988,269.97999999999996,190.65999999999997,0,190.65999999999997,E0_P0,2026,179,2023-06-29,4,4
unserved_MWh,35,31.25,0,-31.25,-0,-31.25,E0_P0,2026,93,2023-04-04,4,3.9999999999999996
unserved_MWh,36,184.45999999999995,38.450000000000031,46.240000000000236,-4.6137271780821757e-11,46.239999999954108,E0_P0,2026,105,2023-04-16,6,5.9999999999988001
unserved_MWh,37,0,0,0,0,0,E0_P0,2026,91,2023-04-02,1,1
unserved_MWh,38,5916.1299999999992,307.86999999999995,241.26999999999953,-1.09377396029231e-12,241.26999999999862,E0_P0,2026,275,2023-10-03,20,19.999999999999996
unserved_MWh,39,186.90999999999997,0,-186.90999999999997,0,-186.90999999999997,E0_P0,2026,192,2023-07-12,4,4
unserved_MWh,40,3303.5799999999999,175.28000000000003,26.740000000000691,-1519.3869455294359,-1492.6469455294355,E0_P0,2026,357,2023-12-24,19,10.331658229521704
unserved_MWh,41,1799.2599999999998,238.38,346.16000000000031,2.1468810729174948e-10,346.16000000021495,E0_P0,2026,169,2023-06-19,9,9.0000000000009006
unserved_MWh,42,865.92999999999995,109.45,9.6700000000000728,0,9.6700000000000728,E0_P0,2026,21,2023-01-22,8,8
unserved_MWh,43,166.31999999999999,166.31999999999999,166.31999999999999,-3.6930458691131206e-14,166.31999999999994,E0_P0,2026,308,2023-11-05,2,1.9999999999999998
unserved_MWh,44,5238.6799999999994,236.63999999999999,-742.51999999999953,-1.3535498055716744e-10,-742.52000000013504,E0_P0,2026,283,2023-10-11,19,18.999999999999428
unserved_MWh,45,344.8300000000001,102.79000000000001,-36.460000000000093,-6.0362777446698608e-07,-36.460000603627861,E0_P0,2026,364,2023-12-31,3,2.9999999941275632
unserved_MWh,46,93.440000000000012,93.440000000000012,0,0,0,E0_P0,2026,123,2023-05-04,1,1
unserved_MWh,47,256.81000000000006,62.22999999999999,54.339999999999918,5.5271343057938784e-14,54.339999999999918,E0_P0,2026,124,2023-05-05,5,5.0000000000000009
discharge_MWh,0,0,0,0,-0,0,E0_P0,2026,331,2023-11-28,6,5.9999999999988001
discharge_MWh,1,0,0,0,-0,0,E0_P0,2026,337,2023-12-04,19,18.999999999999432
discharge_MWh,2,0,0,0,0,0,E0_P0,2026,127,2023-05-08,7,7.0000000000020988
discharge_MWh,3,0,0,0,0,0,E0_P0,2026,347,2023-12-14,4,4.2204229811920282
discharge_MWh,4,0,0,0,-0,0,E0_P0,2026,344,2023-12-11,4,3.9999999999999996
discharge_MWh,5,0,0,0,0,0,E0_P0,2026,326,2023-11-23,3,3.0000000000002998
discharge_MWh,6,0,0,0,-0,0,E0_P0,2026,332,2023-11-29,1,0.99999999999999989
discharge_MWh,7,0,0,0,0,0,E0_P0,2026,167,2023-06-17,3,3.0000000000003002
discharge_MWh,8,0,0,0,-0,0,E0_P0,2026,152,2023-06-02,2,1.9999999999999998
discharge_MWh,9,0,0,0,0,0,E0_P0,2026,31,2023-02-01,3,3.0000000000003006
discharge_MWh,10,0,0,0,-0,0,E0_P0,2026,303,2023-10-31,15,14.99999999999925
discharge_MWh,11,0,0,0,-0,0,E0_P0,2026,333,2023-11-30,4,3.9999999999999996
discharge_MWh,12,0,0,0,0,0,E0_P0,2026,13,2023-01-14,1,1
discharge_MWh,13,0,0,0,0,0,E0_P0,2026,166,2023-06-16,8,8
discharge_MWh,14,0,0,0,0,0,E0_P0,2026,106,2023-04-17,4,6.3444013692428136
discharge_MWh,15,0,0,0,0,0,E0_P0,2026,206,2023-07-26,24,30.103936248141522
discharge_MWh,16,0,0,0,-0,0,E0_P0,2026,4,2023-01-05,18,17.999581177780001
discharge_MWh,17,0,0,0,-0,0,E0_P0,2026,254,2023-09-12,5,4.9999999999999991
discharge_MWh,18,0,0,0,0,0,E0_P0,2026,181,2023-07-01,16,16
discharge_MWh,19,0,0,0,0,0,E0_P0,2026,49,2023-02-19,9,9.0000000000008988
discharge_MWh,20,0,0,0,0,0,E0_P0,2026,42,2023-02-12,2,2
discharge_MWh,21,0,0,0,-0,0,E0_P0,2026,74,2023-03-16,1,0.99999999999999989
discharge_MWh,22,0,0,0,-0,0,E0_P0,2026,73,2023-03-15,2,1.9999999999999998
discharge_MWh,23,0,0,0,-0,0,E0_P0,2026,255,2023-09-13,6,5.9999999999987983
discharge_MWh,24,0,0,0,-0,0,E0_P0,2026,280,2023-10-08,23,22.999999999997467
discharge_MWh,25,0,0,0,0,0,E0_P0,2026,92,2023-04-03,1,1
discharge_MWh,26,0,0,0,0,0,E0_P0,2026,207,2023-07-27,10,10.000000000000002
discharge_MWh,27,0,0,0,0,0,E0_P0,2026,186,2023-07-06,1,1
discharge_MWh,28,0,0,0,0,0,E0_P0,2026,304,2023-11-01,14,14.000000000000279
discharge_MWh,29,0,0,0,0,0,E0_P0,2026,315,2023-11-12,4,4.0000000000000009
discharge_MWh,30,0,0,0,0,0,E0_P0,2026,125,2023-05-06,3,3.0000000000002993
discharge_MWh,31,0,0,0,-0,0,E0_P0,2026,86,2023-03-28,13,12.999999999999481
discharge_MWh,32,0,0,0,0,0,E0_P0,2026,122,2023-05-03,1,1
discharge_MWh,33,0,0,0,-0,0,E0_P0,2026,63,2023-03-05,23,22.99999999999747
discharge_MWh,34,0,0,0,0,0,E0_P0,2026,179,2023-06-29,4,4
discharge_MWh,35,0,0,0,-0,0,E0_P0,2026,93,2023-04-04,4,3.9999999999999996
discharge_MWh,36,0,0,0,-0,0,E0_P0,2026,105,2023-04-16,6,5.9999999999988001
discharge_MWh,37,0,0,0,0,0,E0_P0,2026,91,2023-04-02,1,1
discharge_MWh,38,0,0,0,-0,0,E0_P0,2026,275,2023-10-03,20,19.999999999999996
discharge_MWh,39,0,0,0,0,0,E0_P0,2026,192,2023-07-12,4,4
discharge_MWh,40,0,0,0,-0,0,E0_P0,2026,357,2023-12-24,19,10.331658229521704
discharge_MWh,41,0,0,0,0,0,E0_P0,2026,169,2023-06-19,9,9.0000000000009006
discharge_MWh,42,0,0,0,0,0,E0_P0,2026,21,2023-01-22,8,8
discharge_MWh,43,0,0,0,-0,0,E0_P0,2026,308,2023-11-05,2,1.9999999999999998
discharge_MWh,44,0,0,0,-0,0,E0_P0,2026,283,2023-10-11,19,18.999999999999428
discharge_MWh,45,0,0,0,-0,0,E0_P0,2026,364,2023-12-31,3,2.9999999941275632
discharge_MWh,46,0,0,0,0,0,E0_P0,2026,123,2023-05-04,1,1
discharge_MWh,47,0,0,0,0,0,E0_P0,2026,124,2023-05-05,5,5.0000000000000009
total_cost_CNY,0,18007282.5,2689638.0000000005,-1869454.4999999963,-3.2273747567757032e-06,-1869454.5000032242,E0_P0,2026,331,2023-11-28,6,5.9999999999988001
total_cost_CNY,1,49451797,3336740.5000000005,13946272.500000007,-1.8967173787132199e-06,13946272.499998115,E0_P0,2026,337,2023-12-04,19,18.999999999999432
total_cost_CNY,2,16379990,2205231.9999999995,-943366.00000000373,4.6282650743023615e-06,-943365.99999537505,E0_P0,2026,127,2023-05-08,7,7.0000000000020988
total_cost_CNY,3,2469725,707462.00000000012,360123.00000000047,155940.88312007466,516063.88312007533,E0_P0,2026,347,2023-12-14,4,4.2204229811920282
total_cost_CNY,4,7034806,1688414.0000000005,-281149.99999999814,-7.4980643915978383e-10,-281149.99999999907,E0_P0,2026,344,2023-12-11,4,3.9999999999999996
total_cost_CNY,5,5980254,1915230.5000000002,-234562.49999999907,5.7410990961237484e-07,-234562.49999942537,E0_P0,2026,326,2023-11-23,3,3.0000000000002998
total_cost_CNY,6,946348.50000000012,946348.50000000012,0,-1.0506578940194801e-10,-1.1641532182693481e-10,E0_P0,2026,332,2023-11-29,1,0.99999999999999989
total_cost_CNY,7,10427350.5,3389974.5,-257427,1.0176849416509981e-06,-257426.999998983,E0_P0,2026,167,2023-06-17,3,3.0000000000003002
total_cost_CNY,8,1873089.4999999998,949132.99999999953,25176.499999999302,-2.1074986200630964e-10,25176.499999999069,E0_P0,2026,152,2023-06-02,2,1.9999999999999998
total_cost_CNY,9,3768673,1208028,-144589,3.6319167939780073e-07,-144588.99999963678,E0_P0,2026,31,2023-02-01,3,3.0000000000003006
total_cost_CNY,10,32545790.5,1942159.5000000002,-3413397.9999999963,-1.4558866272551543e-06,-3413398.0000014529,E0_P0,2026,303,2023-10-31,15,14.99999999999925
total_cost_CNY,11,6562902,1504302.5,-545692,-6.6804450860047382e-10,-545692.00000000093,E0_P0,2026,333,2023-11-30,4,3.9999999999999996
total_cost_CNY,12,385677,385677,0,0,0,E0_P0,2026,13,2023-01-14,1,1
total_cost_CNY,13,14173099,1530971.5,-1925327,0,-1925327,E0_P0,2026,166,2023-06-16,8,8
total_cost_CNY,14,6053758.5,1667002.9999999998,614253.49999999907,3908124.1157318773,4522377.6157318763,E0_P0,2026,106,2023-04-17,4,6.3444013692428136
total_cost_CNY,15,82149871,3083633.5,-8142667,18822302.296633512,10679635.296633512,E0_P0,2026,206,2023-07-26,24,30.103936248141522
total_cost_CNY,16,56049616.5,3646150.5,9581092.5,-1527.0888468588605,9579565.4111531377,E0_P0,2026,4,2023-01-05,18,17.999581177780001
total_cost_CNY,17,6467358.4999999991,2013323.9999999991,3599261.4999999972,-1.7881909286643341e-09,3599261.4999999953,E0_P0,2026,254,2023-09-12,5,4.9999999999999991
total_cost_CNY,18,45399214.5,3173002,5368817.5,0,5368817.5,E0_P0,2026,181,2023-07-01,16,16
total_cost_CNY,19,14962537.5,2467332,7243450.5,2.217728209075176e-06,7243450.5000022165,E0_P0,2026,49,2023-02-19,9,9.0000000000008988
total_cost_CNY,20,1849305.4999999995,556997.5,-735310.49999999953,0,-735310.49999999953,E0_P0,2026,42,2023-02-12,2,2
total_cost_CNY,21,811872.49999999953,811872.49999999953,0,-9.0135954255998689e-11,-1.1641532182693481e-10,E0_P0,2026,74,2023-03-16,1,0.99999999999999989
total_cost_CNY,22,1501970.5000000002,605061,-291848.50000000023,-1.3435053070054437e-10,-291848.50000000047,E0_P0,2026,73,2023-03-15,2,1.9999999999999998
total_cost_CNY,23,11831698,1831129,-844924,-2.2004776107920065e-06,-844924.00000219978,E0_P0,2026,255,2023-09-13,6,5.9999999999987983
total_cost_CNY,24,75331862,2931186.5,-7914572.5,-7.4249441244234049e-06,-7914572.5000074208,E0_P0,2026,280,2023-10-08,23,22.999999999997467
total_cost_CNY,25,639826.5,639826.5,0,0,0,E0_P0,2026,92,2023-04-03,1,1
total_cost_CNY,26,21018819,1556179.5,-5457024,2.7643300981594621e-09,-5457023.9999999981,E0_P0,2026,207,2023-07-27,10,10.000000000000002
total_cost_CNY,27,646325,646325,0,0,0,E0_P0,2026,186,2023-07-06,1,1
total_cost_CNY,28,35477786,2119454,-5805430,5.910903375649923e-07,-5805429.9999994077,E0_P0,2026,304,2023-11-01,14,14.000000000000279
total_cost_CNY,29,6613295,1125227.5,-2112385,9.9940278275312266e-10,-2112384.9999999991,E0_P0,2026,315,2023-11-12,4,4.0000000000000009
total_cost_CNY,30,1980655.5,636409.5,-71427,1.9048762700535349e-07,-71426.999999809545,E0_P0,2026,125,2023-05-06,3,3.0000000000002993
total_cost_CNY,31,54062884.5,4398003,3111154.5,-2.2812274309558234e-06,3111154.4999977201,E0_P0,2026,86,2023-03-28,13,12.999999999999481
total_cost_CNY,32,725643.99999999988,725643.99999999988,0,0,0,E0_P0,2026,122,2023-05-03,1,1
total_cost_CNY,33,53401576,2049188.4999999998,-6270240.5000000075,-5.1834881702461635e-06,-6270240.5000051856,E0_P0,2026,63,2023-03-05,23,22.99999999999747
total_cost_CNY,34,12136673.499999998,3519230.9999999995,1940250.5,0,1940250.5,E0_P0,2026,179,2023-06-29,4,4
total_cost_CNY,35,2806470.5,633600,-272070.5,-2.8137492336099967e-10,-272070.50000000047,E0_P0,2026,93,2023-04-04,4,3.9999999999999996
total_cost_CNY,36,6275914.5,1133937.0000000002,527707.50000000186,-1.3606439415170259e-06,527707.4999986412,E0_P0,2026,105,2023-04-16,6,5.9999999999988001
total_cost_CNY,37,594526.5,594526.5,0,0,0,E0_P0,2026,91,2023-04-02,1,1
total_cost_CNY,38,76205067.5,3946647.4999999995,2727882.4999999851,-1.4021308558653798e-08,2727882.4999999702,E0_P0,2026,275,2023-10-03,20,19.999999999999996
total_cost_CNY,39,4938288.5,723344.5,-2044910.5,0,-2044910.5,E0_P0,2026,192,2023-07-12,4,4
total_cost_CNY,40,48241404,2563239.5,460146.5,-22219036.025589902,-21758889.525589902,E0_P0,2026,357,2023-12-24,19,10.331658229521704
total_cost_CNY,41,24954211.5,3152578,3418990.5,2.8392524704656807e-06,3418990.5000028387,E0_P0,2026,169,2023-06-19,9,9.0000000000009006
total_cost_CNY,42,15124213,1909534.5,152063,0,152063,E0_P0,2026,21,2023-01-22,8,8
total_cost_CNY,43,3030139,2398974.5,1767810,-5.3267934507772452e-10,1767809.9999999991,E0_P0,2026,308,2023-11-05,2,1.9999999999999998
total_cost_CNY,44,67931767,3187961,-7360508,-1.8234719370013863e-06,-7360508.0000018254,E0_P0,2026,283,2023-10-11,19,18.999999999999428
total_cost_CNY,45,5652438.0000000009,1755678.5,-385402.50000000093,-0.010310110960546126,-385402.51031011157,E0_P0,2026,364,2023-12-31,3,2.9999999941275632
total_cost_CNY,46,1710958.5,1710958.5,0,0,0,E0_P0,2026,123,2023-05-04,1,1
total_cost_CNY,47,6272217.5,1376240,608982.5,1.2223466683281003e-09,608982.50000000093,E0_P0,2026,124,2023-05-05,5,5.0000000000000009
thermal_cost_CNY,0,4602804.5,774018,41303.5,-9.2876667956431902e-07,41303.499999071471,E0_P0,2026,331,2023-11-28,6,5.9999999999988001
thermal_cost_CNY,1,14997185,798416.5,172728.5,-4.5384723534880322e-07,172728.49999954551,E0_P0,2026,337,2023-12-04,19,18.999999999999432
thermal_cost_CNY,2,5031404,710416,-58492,1.4909966665754837e-06,-58491.999998508953,E0_P0,2026,127,2023-05-08,7,7.0000000000020988
thermal_cost_CNY,3,2179191,650454,422625,143375.00980827952,566000.00980827957,E0_P0,2026,347,2023-12-14,4,4.2204229811920282
thermal_cost_CNY,4,2631034,692524,139062,-3.0754243596220476e-10,139061.99999999953,E0_P0,2026,344,2023-12-11,4,3.9999999999999996
thermal_cost_CNY,5,1994566,673102.5,24741.5,2.017693512268437e-07,24741.500000201864,E0_P0,2026,326,2023-11-23,3,3.0000000000002998
thermal_cost_CNY,6,567262.5,567262.5,0,-6.2978788850642786e-11,-1.1641532182693481e-10,E0_P0,2026,332,2023-11-29,1,0.99999999999999989
thermal_cost_CNY,7,2466544.5,821614.49999999988,-1701.0000000004657,2.4665221065589543e-07,-1700.9999997536652,E0_P0,2026,167,2023-06-17,3,3.0000000000003002
thermal_cost_CNY,8,1321911.5,678727,35542.5,-1.5070766856695172e-10,35542.499999999767,E0_P0,2026,152,2023-06-02,2,1.9999999999999998
thermal_cost_CNY,9,1832243,639506,86275,1.922664525366713e-07,86275.000000192318,E0_P0,2026,31,2023-02-01,3,3.0000000000003006
thermal_cost_CNY,10,11178646.5,750151.5,73626,-5.6233050749199265e-07,73625.999999437481,E0_P0,2026,303,2023-10-31,15,14.99999999999925
thermal_cost_CNY,11,3050950,758502.5,-16940,-3.3684277589429712e-10,-16940.000000000466,E0_P0,2026,333,2023-11-30,4,3.9999999999999996
thermal_cost_CNY,12,308147,308147,0,0,0,E0_P0,2026,13,2023-01-14,1,1
thermal_cost_CNY,13,5876199,717111.5,-139307,0,-139307,E0_P0,2026,166,2023-06-16,8,8
thermal_cost_CNY,14,2548304.5,640353,13107.5,1501244.4499987434,1514351.9499987434,E0_P0,2026,106,2023-04-17,4,6.3444013692428136
thermal_cost_CNY,15,17625573,730607.49999999988,-90993.000000003725,4459581.6024140567,4368588.6024140529,E0_P0,2026,206,2023-07-26,24,30.103936248141522
thermal_cost_CNY,16,15250280.5,867450.5,363828.5,-363.3075441488611,363465.19245585054,E0_P0,2026,4,2023-01-05,18,17.999581177780001
thermal_cost_CNY,17,3832328.5,816424,249791.5,-7.2513017812525504e-10,249791.49999999907,E0_P0,2026,254,2023-09-12,5,4.9999999999999991
thermal_cost_CNY,18,11915690.5,757428,203157.5,0,203157.5,E0_P0,2026,181,2023-07-01,16,16
thermal_cost_CNY,19,6246019.5,723436,264904.5,6.5025072615298996e-07,264904.50000065006,E0_P0,2026,49,2023-02-19,9,9.0000000000008988
thermal_cost_CNY,20,1245387.5,553381.5,-138624.5,0,-138624.5,E0_P0,2026,42,2023-02-12,2,2
thermal_cost_CNY,21,638060.5,638060.5,0,-7.0838945820383969e-11,-1.1641532182693481e-10,E0_P0,2026,74,2023-03-16,1,0.99999999999999989
thermal_cost_CNY,22,1158216.5,541849,-74518.5,-1.2031464713402329e-10,-74518.500000000233,E0_P0,2026,73,2023-03-15,2,1.9999999999999998
thermal_cost_CNY,23,4473504,732711,-77238,-8.8050276669804362e-07,-77238.0000008801,E0_P0,2026,255,2023-09-13,6,5.9999999999987983
thermal_cost_CNY,24,17898986,772362.5,-134648.5,-1.9564597497634395e-06,-134648.50000195578,E0_P0,2026,280,2023-10-08,23,22.999999999997467
thermal_cost_CNY,25,567136.5,567136.5,0,0,0,E0_P0,2026,92,2023-04-03,1,1
thermal_cost_CNY,26,7017367,684561.5,-171752,1.2160255025150946e-09,-171751.99999999907,E0_P0,2026,207,2023-07-27,10,10.000000000000002
thermal_cost_CNY,27,473123,473123,0,0,0,E0_P0,2026,186,2023-07-06,1,1
thermal_cost_CNY,28,10421922,744604,2534,2.076611380630311e-07,2534.0000002067536,E0_P0,2026,304,2023-11-01,14,14.000000000000279
thermal_cost_CNY,29,2699473,657079.5,-71155,5.8360383192734844e-10,-71154.999999999534,E0_P0,2026,315,2023-11-12,4,4.0000000000000009
thermal_cost_CNY,30,1872069.5,628869.5,14539,1.8823078340446386e-07,14539.000000188127,E0_P0,2026,125,2023-05-06,3,3.0000000000002993
thermal_cost_CNY,31,10520534.5,806729,-33057.5,-4.184472643942172e-07,-33057.500000419095,E0_P0,2026,86,2023-03-28,13,12.999999999999481
thermal_cost_CNY,32,478478,478478,0,0,0,E0_P0,2026,122,2023-05-03,1,1
thermal_cost_CNY,33,16656696,729508.5,121999.5,-1.8453151966468795e-06,121999.49999815598,E0_P0,2026,63,2023-03-05,23,22.99999999999747
thermal_cost_CNY,34,2962459.5,737499,-12463.5,0,-12463.5,E0_P0,2026,179,2023-06-29,4,4
thermal_cost_CNY,35,2456408.5,631568,69863.5,-2.8047253408658435e-10,69863.499999999534,E0_P0,2026,93,2023-04-04,4,3.9999999999999996
thermal_cost_CNY,36,3831068.5,636489,-12134.5,-7.6374163793246908e-07,-12134.500000763685,E0_P0,2026,105,2023-04-16,6,5.9999999999988001
thermal_cost_CNY,37,480798.5,480798.5,0,0,0,E0_P0,2026,91,2023-04-02,1,1
thermal_cost_CNY,38,17037177.5,867947.5,321772.5,-3.0835689557306978e-09,321772.49999999627,E0_P0,2026,275,2023-10-03,20,19.999999999999996
thermal_cost_CNY,39,2586664.5,583222.5,-253774.5,0,-253774.5,E0_P0,2026,192,2023-07-12,4,4
thermal_cost_CNY,40,14759080,782827.5,114642.5,-6785816.3173290985,-6671173.8173290985,E0_P0,2026,357,2023-12-24,19,10.331658229521704
thermal_cost_CNY,41,6883047.5,767619.99999999988,25532.499999999069,6.9132848778963297e-07,25532.50000069011,E0_P0,2026,169,2023-06-19,9,9.0000000000009006
thermal_cost_CNY,42,6464549,815034.5,55727,0,55727,E0_P0,2026,21,2023-01-22,8,8
thermal_cost_CNY,43,1344833,728850.5,112868,-1.6183732132191153e-10,112867.99999999977,E0_P0,2026,308,2023-11-05,2,1.9999999999999998
thermal_cost_CNY,44,14651945,774753,68362,-4.4314856850746764e-07,68361.99999955669,E0_P0,2026,283,2023-10-11,19,18.999999999999428
thermal_cost_CNY,45,2151226,703104.5,-41912.5,-0.0041289367112824493,-41912.504128936678,E0_P0,2026,364,2023-12-31,3,2.9999999941275632
thermal_cost_CNY,46,684722.5,684722.5,0,0,0,E0_P0,2026,123,2023-05-04,1,1
thermal_cost_CNY,47,3388899.5,676802,-4889.5,6.0112093080988416e-10,-4889.4999999995343,E0_P0,2026,124,2023-05-05,5,5.0000000000000009
curtailment_cost_CNY,0,267278,46720.000000000007,13042.000000000058,-5.6060684983094695e-08,13041.999999944004,E0_P0,2026,331,2023-11-28,6,5.9999999999988001
curtailment_cost_CNY,1,102812.00000000003,4223.9999999999991,-22556.000000000044,-2.4010660126805301e-09,-22556.000000002445,E0_P0,2026,337,2023-12-04,19,18.999999999999432
curtailment_cost_CNY,2,540386,72716,-31374,1.5261383978781851e-07,-31373.99999984738,E0_P0,2026,127,2023-05-08,7,7.0000000000020988
curtailment_cost_CNY,3,45634.000000000007,4308.0000000000009,-28402.000000000004,949.58220297525759,-27452.417797024747,E0_P0,2026,347,2023-12-14,4,4.2204229811920282
curtailment_cost_CNY,4,172272,42990,-312,-1.9091395131454192e-11,-312.0000000000291,E0_P0,2026,344,2023-12-11,4,3.9999999999999996
curtailment_cost_CNY,5,498888,159628.00000000003,-20003.999999999884,4.7850123863213418e-08,-20003.999999952037,E0_P0,2026,326,2023-11-23,3,3.0000000000002998
curtailment_cost_CNY,6,63286,63286,0,-7.0261574336427657e-12,-7.2759576141834259e-12,E0_P0,2026,332,2023-11-29,1,0.99999999999999989
curtailment_cost_CNY,7,10706.000000000007,1559.9999999999995,-6026.0000000000091,4.6831871713948193e-10,-6025.9999999995407,E0_P0,2026,167,2023-06-17,3,3.0000000000003002
curtailment_cost_CNY,8,60077.999999999993,9405.9999999999982,-41266,-2.0885515539248441e-12,-41266,E0_P0,2026,152,2023-06-02,2,1.9999999999999998
curtailment_cost_CNY,9,36330.000000000007,11722.000000000004,-1163.9999999999927,3.524200486992869e-09,-1163.9999999964712,E0_P0,2026,31,2023-02-01,3,3.0000000000003006
curtailment_cost_CNY,10,739044,50608.000000000007,20076.000000000116,-3.793689984377125e-08,20075.999999962165,E0_P0,2026,303,2023-10-31,15,14.99999999999925
curtailment_cost_CNY,11,3052.0000000000032,0,-3052.0000000000032,-0,-3052.0000000000032,E0_P0,2026,333,2023-11-30,4,3.9999999999999996
curtailment_cost_CNY,12,77530,77530,0,0,0,E0_P0,2026,13,2023-01-14,1,1
curtailment_cost_CNY,13,112800,8660,-43520,0,-43520,E0_P0,2026,166,2023-06-16,8,8
curtailment_cost_CNY,14,748554,201850,58846,473217.41638166195,532063.41638166201,E0_P0,2026,106,2023-04-17,4,6.3444013692428136
curtailment_cost_CNY,15,1705998,66826,-102174,407901.64371830539,305727.64371830528,E0_P0,2026,206,2023-07-26,24,30.103936248141522
curtailment_cost_CNY,16,1536.0000000000014,0,-1536.0000000000014,-0,-1536.0000000000014,E0_P0,2026,4,2023-01-05,18,17.999581177780001
curtailment_cost_CNY,17,4430.0000000000009,0,-4430.0000000000009,-0,-4430.0000000000009,E0_P0,2026,254,2023-09-12,5,4.9999999999999991
curtailment_cost_CNY,18,450124,27974,-2540,0,-2540,E0_P0,2026,181,2023-07-01,16,16
curtailment_cost_CNY,19,796118,72096,-147254,6.4802520682860631e-08,-147253.99999993516,E0_P0,2026,49,2023-02-19,9,9.0000000000008988
curtailment_cost_CNY,20,14018.000000000002,3616.0000000000032,-6785.9999999999955,0,-6785.9999999999955,E0_P0,2026,42,2023-02-12,2,2
curtailment_cost_CNY,21,36412,36412,0,-4.04254407726512e-12,-7.2759576141834259e-12,E0_P0,2026,74,2023-03-16,1,0.99999999999999989
curtailment_cost_CNY,22,133654,63212,-7230,-1.4035883566521079e-11,-7230.0000000000146,E0_P0,2026,73,2023-03-15,2,1.9999999999999998
curtailment_cost_CNY,23,89394.000000000015,16018.000000000004,6714.0000000000146,-1.9248917126901691e-08,6713.9999999807624,E0_P0,2026,255,2023-09-13,6,5.9999999999987983
curtailment_cost_CNY,24,554776,19324,-110324,-4.8949331699077447e-08,-110324.00000004895,E0_P0,2026,280,2023-10-08,23,22.999999999997467
curtailment_cost_CNY,25,72690.000000000015,72690.000000000015,0,0,0,E0_P0,2026,92,2023-04-03,1,1
curtailment_cost_CNY,26,945952,102917.99999999999,83227.999999999884,1.8281909319739495e-10,83228,E0_P0,2026,207,2023-07-27,10,10.000000000000002
curtailment_cost_CNY,27,173202,173202,0,0,0,E0_P0,2026,186,2023-07-06,1,1
curtailment_cost_CNY,28,816564,55250.000000000015,-43063.999999999767,1.5408563314167626e-08,-43063.9999999844,E0_P0,2026,304,2023-11-01,14,14.000000000000279
curtailment_cost_CNY,29,188122,43747.999999999993,-13130.000000000029,3.8856029505041072e-11,-13130,E0_P0,2026,315,2023-11-12,4,4.0000000000000009
curtailment_cost_CNY,30,8786.0000000000036,1139.9999999999964,-5366.0000000000146,3.4122038528039303e-10,-5365.9999999996735,E0_P0,2026,125,2023-05-06,3,3.0000000000002993
curtailment_cost_CNY,31,89449.999999999971,8173.9999999999982,16812,-4.2398227151352322e-09,16811.999999995765,E0_P0,2026,86,2023-03-28,13,12.999999999999481
curtailment_cost_CNY,32,116866.00000000001,116866.00000000001,0,0,0,E0_P0,2026,122,2023-05-03,1,1
curtailment_cost_CNY,33,1505680,67780,53260,-1.7145168840215774e-07,53259.999999828637,E0_P0,2026,63,2023-03-05,23,22.99999999999747
curtailment_cost_CNY,34,281614,81932,46114,0,46114,E0_P0,2026,179,2023-06-29,4,4
curtailment_cost_CNY,35,37561.999999999993,2031.9999999999993,-29433.999999999996,-9.0238927441532693e-13,-29433.999999999996,E0_P0,2026,93,2023-04-04,4,3.9999999999999996
curtailment_cost_CNY,36,600246,112948,77442,-1.3552958577633945e-07,77441.999999864493,E0_P0,2026,105,2023-04-16,6,5.9999999999988001
curtailment_cost_CNY,37,113728,113728,0,0,0,E0_P0,2026,91,2023-04-02,1,1
curtailment_cost_CNY,38,6590.0000000000082,0,-6590.0000000000082,-0,-6590.0000000000082,E0_P0,2026,275,2023-10-03,20,19.999999999999996
curtailment_cost_CNY,39,482524,140121.99999999997,77963.999999999884,0,77963.999999999884,E0_P0,2026,192,2023-07-12,4,4
curtailment_cost_CNY,40,446524,27612.000000000007,78104.000000000116,-239350.25296644677,-161246.25296644663,E0_P0,2026,357,2023-12-24,19,10.331658229521704
curtailment_cost_CNY,41,78564,1158.0000000000041,-68141.999999999971,1.0429097585529272e-09,-68141.999999998923,E0_P0,2026,169,2023-06-19,9,9.0000000000009006
curtailment_cost_CNY,42,364.00000000000148,0,-364.00000000000148,0,-364.00000000000148,E0_P0,2026,21,2023-01-22,8,8
curtailment_cost_CNY,43,22106.000000000004,6924.0000000000036,-8257.9999999999964,-1.5374368445009176e-12,-8257.9999999999982,E0_P0,2026,308,2023-11-05,2,1.9999999999999998
curtailment_cost_CNY,44,893022,46807.999999999993,-3670.0000000001164,-2.6773562922244306e-08,-3670.0000000268919,E0_P0,2026,283,2023-10-11,19,18.999999999999428
curtailment_cost_CNY,45,52911.999999999993,24673.999999999993,21109.999999999978,-0.00014489650459381659,21109.999855103488,E0_P0,2026,364,2023-12-31,3,2.9999999941275632
curtailment_cost_CNY,46,91836.000000000015,91836.000000000015,0,0,0,E0_P0,2026,123,2023-05-04,1,1
curtailment_cost_CNY,47,315218,77137.999999999985,70471.999999999942,6.8512306938828247e-11,70472,E0_P0,2026,124,2023-05-05,5,5.0000000000000009
load_shedding_cost_CNY,0,13137199.999999998,1868900.0000000005,-1923799.9999999944,-2.2425473922282895e-06,-1923800.000002237,E0_P0,2026,331,2023-11-28,6,5.9999999999988001
load_shedding_cost_CNY,1,34351800,2534100.0000000005,13796100.000000007,-1.4404690773517361e-06,13796099.999998569,E0_P0,2026,337,2023-12-04,19,18.999999999999432
load_shedding_cost_CNY,2,10808199.999999998,1422099.9999999995,-853500.00000000186,2.9846545679390593e-06,-853499.99999701604,E0_P0,2026,127,2023-05-08,7,7.0000000000020988
load_shedding_cost_CNY,3,244899.9999999998,52700.000000000102,-34099.999999999389,11616.291108819909,-22483.708891179471,E0_P0,2026,347,2023-12-14,4,4.2204229811920282
load_shedding_cost_CNY,4,4231499.9999999991,952900.00000000035,-419899.99999999767,-4.2317260806612482e-10,-419899.99999999814,E0_P0,2026,344,2023-12-11,4,3.9999999999999996
load_shedding_cost_CNY,5,3486800,1082500.0000000002,-239299.99999999907,3.2449043452231768e-07,-239299.99999967497,E0_P0,2026,326,2023-11-23,3,3.0000000000002998
load_shedding_cost_CNY,6,315800.00000000012,315800.00000000012,0,-3.5060843117662456e-11,-5.8207660913467407e-11,E0_P0,2026,332,2023-11-29,1,0.99999999999999989
load_shedding_cost_CNY,7,7950100,2566800,-249700,7.7056441227796313e-07,-249699.9999992298,E0_P0,2026,167,2023-06-17,3,3.0000000000003002
load_shedding_cost_CNY,8,491099.99999999971,260999.99999999951,30899.999999999302,-5.7953641885433062e-11,30899.999999999243,E0_P0,2026,152,2023-06-02,2,1.9999999999999998
load_shedding_cost_CNY,9,1900100,556799.99999999988,-229700.00000000047,1.6740102637413654e-07,-229699.99999983306,E0_P0,2026,31,2023-02-01,3,3.0000000000003006
load_shedding_cost_CNY,10,20628100,1141400.0000000002,-3507099.9999999963,-8.5561921991939037e-07,-3507100.0000008531,E0_P0,2026,303,2023-10-31,15,14.99999999999925
load_shedding_cost_CNY,11,3508900,745800.00000000012,-525699.99999999953,-3.3120173270617675e-10,-525700,E0_P0,2026,333,2023-11-30,4,3.9999999999999996
load_shedding_cost_CNY,12,0,0,0,0,0,E0_P0,2026,13,2023-01-14,1,1
load_shedding_cost_CNY,13,8184100.0000000009,805200,-1742500.0000000009,0,-1742500.0000000009,E0_P0,2026,166,2023-06-16,8,8
load_shedding_cost_CNY,14,2756900,824799.99999999977,542299.99999999907,1933662.2493514721,2475962.2493514707,E0_P0,2026,106,2023-04-17,4,6.3444013692428136
load_shedding_cost_CNY,15,62818299.999999993,2286200,-7949499.9999999925,13954819.050501149,6005319.0505011603,E0_P0,2026,206,2023-07-26,24,30.103936248141522
load_shedding_cost_CNY,16,40797800,2778700,9218800,-1163.7813027099994,9217636.2186972871,E0_P0,2026,4,2023-01-05,18,17.999581177780001
load_shedding_cost_CNY,17,2630599.9999999991,1196899.9999999991,3353899.9999999963,-1.0630607505390791e-09,3353899.9999999953,E0_P0,2026,254,2023-09-12,5,4.9999999999999991
load_shedding_cost_CNY,18,33033400,2387600,5168200,0,5168200,E0_P0,2026,181,2023-07-01,16,16
load_shedding_cost_CNY,19,7920400,1671800,7125800,1.5026749622393254e-06,7125800.0000015032,E0_P0,2026,49,2023-02-19,9,9.0000000000008988
load_shedding_cost_CNY,20,589899.99999999965,0,-589899.99999999965,0,-589899.99999999965,E0_P0,2026,42,2023-02-12,2,2
load_shedding_cost_CNY,21,137399.99999999953,137399.99999999953,0,-1.5254464358349599e-11,-2.9103830456733704e-11,E0_P0,2026,74,2023-03-16,1,0.99999999999999989
load_shedding_cost_CNY,22,210100.0000000002,0,-210100.0000000002,-0,-210100.0000000002,E0_P0,2026,73,2023-03-15,2,1.9999999999999998
load_shedding_cost_CNY,23,7268799.9999999991,1082400,-774399.99999999907,-1.3007259269670612e-06,-774400.00000130013,E0_P0,2026,255,2023-09-13,6,5.9999999999987983
load_shedding_cost_CNY,24,56878099.999999993,2139500,-7669599.9999999925,-5.4195350429608879e-06,-7669600.0000054091,E0_P0,2026,280,2023-10-08,23,22.999999999997467
load_shedding_cost_CNY,25,0,0,0,0,0,E0_P0,2026,92,2023-04-03,1,1
load_shedding_cost_CNY,26,13055500,768699.99999999988,-5368500.0000000009,1.3654855024469723e-09,-5368500,E0_P0,2026,207,2023-07-27,10,10.000000000000002
load_shedding_cost_CNY,27,0,0,0,0,0,E0_P0,2026,186,2023-07-06,1,1
load_shedding_cost_CNY,28,24239299.999999996,1319599.9999999998,-5764900,3.6802063618779352e-07,-5764899.9999996312,E0_P0,2026,304,2023-11-01,14,14.000000000000279
load_shedding_cost_CNY,29,3725700,424400,-2028100,3.7694292132073315e-10,-2028099.9999999995,E0_P0,2026,315,2023-11-12,4,4.0000000000000009
load_shedding_cost_CNY,30,99800.000000000029,6400.0000000000055,-80600.000000000015,1.9156232156092318e-09,-80599.999999998094,E0_P0,2026,125,2023-05-06,3,3.0000000000002993
load_shedding_cost_CNY,31,43452900,3583100,3127400,-1.8585403438464709e-06,3127399.9999981448,E0_P0,2026,86,2023-03-28,13,12.999999999999481
load_shedding_cost_CNY,32,130299.99999999987,130299.99999999987,0,0,0,E0_P0,2026,122,2023-05-03,1,1
load_shedding_cost_CNY,33,35239200,1251899.9999999998,-6445500.0000000037,-3.1667212851971267e-06,-6445500.0000031702,E0_P0,2026,63,2023-03-05,23,22.99999999999747
load_shedding_cost_CNY,34,8892599.9999999981,2699799.9999999995,1906600,0,1906600,E0_P0,2026,179,2023-06-29,4,4
load_shedding_cost_CNY,35,312500,0,-312500,-0,-312500,E0_P0,2026,93,2023-04-04,4,3.9999999999999996
load_shedding_cost_CNY,36,1844599.9999999995,384500.00000000029,462400.00000000233,-4.6137271780821757e-07,462399.99999954086,E0_P0,2026,105,2023-04-16,6,5.9999999999988001
load_shedding_cost_CNY,37,0,0,0,0,0,E0_P0,2026,91,2023-04-02,1,1
load_shedding_cost_CNY,38,59161299.999999993,3078699.9999999995,2412700,-1.0937739602923101e-08,2412699.9999999851,E0_P0,2026,275,2023-10-03,20,19.999999999999996
load_shedding_cost_CNY,39,1869099.9999999998,0,-1869099.9999999998,0,-1869099.9999999998,E0_P0,2026,192,2023-07-12,4,4
load_shedding_cost_CNY,40,33035800,1752800.0000000002,267400.00000000373,-15193869.455294359,-14926469.455294356,E0_P0,2026,357,2023-12-24,19,10.331658229521704
load_shedding_cost_CNY,41,17992600,2383800,3461600,2.1468810729174947e-06,3461600.0000021458,E0_P0,2026,169,2023-06-19,9,9.0000000000009006
load_shedding_cost_CNY,42,8659300,1094500,96700,0,96700,E0_P0,2026,21,2023-01-22,8,8
load_shedding_cost_CNY,43,1663200,1663200,1663200,-3.6930458691131207e-10,1663199.9999999995,E0_P0,2026,308,2023-11-05,2,1.9999999999999998
load_shedding_cost_CNY,44,52386800,2366400,-7425200,-1.3535498055716744e-06,-7425200.000001356,E0_P0,2026,283,2023-10-11,19,18.999999999999428
load_shedding_cost_CNY,45,3448300.0000000009,1027900.0000000001,-364600.00000000047,-0.006036277744669861,-364600.00603627833,E0_P0,2026,364,2023-12-31,3,2.9999999941275632
load_shedding_cost_CNY,46,934400.00000000012,934400.00000000012,0,0,0,E0_P0,2026,123,2023-05-04,1,1
load_shedding_cost_CNY,47,2568100.0000000005,622299.99999999988,543399.99999999907,5.5271343057938783e-10,543399.99999999953,E0_P0,2026,124,2023-05-05,5,5.0000000000000009
storage_variable_om_CNY,0,0,0,0,-0,0,E0_P0,2026,331,2023-11-28,6,5.9999999999988001
storage_variable_om_CNY,1,0,0,0,-0,0,E0_P0,2026,337,2023-12-04,19,18.999999999999432
storage_variable_om_CNY,2,0,0,0,0,0,E0_P0,2026,127,2023-05-08,7,7.0000000000020988
storage_variable_om_CNY,3,0,0,0,0,0,E0_P0,2026,347,2023-12-14,4,4.2204229811920282
storage_variable_om_CNY,4,0,0,0,-0,0,E0_P0,2026,344,2023-12-11,4,3.9999999999999996
storage_variable_om_CNY,5,0,0,0,0,0,E0_P0,2026,326,2023-11-23,3,3.0000000000002998
storage_variable_om_CNY,6,0,0,0,-0,0,E0_P0,2026,332,2023-11-29,1,0.99999999999999989
storage_variable_om_CNY,7,0,0,0,0,0,E0_P0,2026,167,2023-06-17,3,3.0000000000003002
storage_variable_om_CNY,8,0,0,0,-0,0,E0_P0,2026,152,2023-06-02,2,1.9999999999999998
storage_variable_om_CNY,9,0,0,0,0,0,E0_P0,2026,31,2023-02-01,3,3.0000000000003006
storage_variable_om_CNY,10,0,0,0,-0,0,E0_P0,2026,303,2023-10-31,15,14.99999999999925
storage_variable_om_CNY,11,0,0,0,-0,0,E0_P0,2026,333,2023-11-30,4,3.9999999999999996
storage_variable_om_CNY,12,0,0,0,0,0,E0_P0,2026,13,2023-01-14,1,1
storage_variable_om_CNY,13,0,0,0,0,0,E0_P0,2026,166,2023-06-16,8,8
storage_variable_om_CNY,14,0,0,0,0,0,E0_P0,2026,106,2023-04-17,4,6.3444013692428136
storage_variable_om_CNY,15,0,0,0,0,0,E0_P0,2026,206,2023-07-26,24,30.103936248141522
storage_variable_om_CNY,16,0,0,0,-0,0,E0_P0,2026,4,2023-01-05,18,17.999581177780001
storage_variable_om_CNY,17,0,0,0,-0,0,E0_P0,2026,254,2023-09-12,5,4.9999999999999991
storage_variable_om_CNY,18,0,0,0,0,0,E0_P0,2026,181,2023-07-01,16,16
storage_variable_om_CNY,19,0,0,0,0,0,E0_P0,2026,49,2023-02-19,9,9.0000000000008988
storage_variable_om_CNY,20,0,0,0,0,0,E0_P0,2026,42,2023-02-12,2,2
storage_variable_om_CNY,21,0,0,0,-0,0,E0_P0,2026,74,2023-03-16,1,0.99999999999999989
storage_variable_om_CNY,22,0,0,0,-0,0,E0_P0,2026,73,2023-03-15,2,1.9999999999999998
storage_variable_om_CNY,23,0,0,0,-0,0,E0_P0,2026,255,2023-09-13,6,5.9999999999987983
storage_variable_om_CNY,24,0,0,0,-0,0,E0_P0,2026,280,2023-10-08,23,22.999999999997467
storage_variable_om_CNY,25,0,0,0,0,0,E0_P0,2026,92,2023-04-03,1,1
storage_variable_om_CNY,26,0,0,0,0,0,E0_P0,2026,207,2023-07-27,10,10.000000000000002
storage_variable_om_CNY,27,0,0,0,0,0,E0_P0,2026,186,2023-07-06,1,1
storage_variable_om_CNY,28,0,0,0,0,0,E0_P0,2026,304,2023-11-01,14,14.000000000000279
storage_variable_om_CNY,29,0,0,0,0,0,E0_P0,2026,315,2023-11-12,4,4.0000000000000009
storage_variable_om_CNY,30,0,0,0,0,0,E0_P0,2026,125,2023-05-06,3,3.0000000000002993
storage_variable_om_CNY,31,0,0,0,-0,0,E0_P0,2026,86,2023-03-28,13,12.999999999999481
storage_variable_om_CNY,32,0,0,0,0,0,E0_P0,2026,122,2023-05-03,1,1
storage_variable_om_CNY,33,0,0,0,-0,0,E0_P0,2026,63,2023-03-05,23,22.99999999999747
storage_variable_om_CNY,34,0,0,0,0,0,E0_P0,2026,179,2023-06-29,4,4
storage_variable_om_CNY,35,0,0,0,-0,0,E0_P0,2026,93,2023-04-04,4,3.9999999999999996
storage_variable_om_CNY,36,0,0,0,-0,0,E0_P0,2026,105,2023-04-16,6,5.9999999999988001
storage_variable_om_CNY,37,0,0,0,0,0,E0_P0,2026,91,2023-04-02,1,1
storage_variable_om_CNY,38,0,0,0,-0,0,E0_P0,2026,275,2023-10-03,20,19.999999999999996
storage_variable_om_CNY,39,0,0,0,0,0,E0_P0,2026,192,2023-07-12,4,4
storage_variable_om_CNY,40,0,0,0,-0,0,E0_P0,2026,357,2023-12-24,19,10.331658229521704
storage_variable_om_CNY,41,0,0,0,0,0,E0_P0,2026,169,2023-06-19,9,9.0000000000009006
storage_variable_om_CNY,42,0,0,0,0,0,E0_P0,2026,21,2023-01-22,8,8
storage_variable_om_CNY,43,0,0,0,-0,0,E0_P0,2026,308,2023-11-05,2,1.9999999999999998
storage_variable_om_CNY,44,0,0,0,-0,0,E0_P0,2026,283,2023-10-11,19,18.999999999999428
storage_variable_om_CNY,45,0,0,0,-0,0,E0_P0,2026,364,2023-12-31,3,2.9999999941275632
storage_variable_om_CNY,46,0,0,0,0,0,E0_P0,2026,123,2023-05-04,1,1
storage_variable_om_CNY,47,0,0,0,0,0,E0_P0,2026,124,2023-05-05,5,5.0000000000000009
storage_investment_allocated_CNY,0,0,0,0,-0,0,E0_P0,2026,331,2023-11-28,6,5.9999999999988001
storage_investment_allocated_CNY,1,0,0,0,-0,0,E0_P0,2026,337,2023-12-04,19,18.999999999999432
storage_investment_allocated_CNY,2,0,0,0,0,0,E0_P0,2026,127,2023-05-08,7,7.0000000000020988
storage_investment_allocated_CNY,3,0,0,0,0,0,E0_P0,2026,347,2023-12-14,4,4.2204229811920282
storage_investment_allocated_CNY,4,0,0,0,-0,0,E0_P0,2026,344,2023-12-11,4,3.9999999999999996
storage_investment_allocated_CNY,5,0,0,0,0,0,E0_P0,2026,326,2023-11-23,3,3.0000000000002998
storage_investment_allocated_CNY,6,0,0,0,-0,0,E0_P0,2026,332,2023-11-29,1,0.99999999999999989
storage_investment_allocated_CNY,7,0,0,0,0,0,E0_P0,2026,167,2023-06-17,3,3.0000000000003002
storage_investment_allocated_CNY,8,0,0,0,-0,0,E0_P0,2026,152,2023-06-02,2,1.9999999999999998
storage_investment_allocated_CNY,9,0,0,0,0,0,E0_P0,2026,31,2023-02-01,3,3.0000000000003006
storage_investment_allocated_CNY,10,0,0,0,-0,0,E0_P0,2026,303,2023-10-31,15,14.99999999999925
storage_investment_allocated_CNY,11,0,0,0,-0,0,E0_P0,2026,333,2023-11-30,4,3.9999999999999996
storage_investment_allocated_CNY,12,0,0,0,0,0,E0_P0,2026,13,2023-01-14,1,1
storage_investment_allocated_CNY,13,0,0,0,0,0,E0_P0,2026,166,2023-06-16,8,8
storage_investment_allocated_CNY,14,0,0,0,0,0,E0_P0,2026,106,2023-04-17,4,6.3444013692428136
storage_investment_allocated_CNY,15,0,0,0,0,0,E0_P0,2026,206,2023-07-26,24,30.103936248141522
storage_investment_allocated_CNY,16,0,0,0,-0,0,E0_P0,2026,4,2023-01-05,18,17.999581177780001
storage_investment_allocated_CNY,17,0,0,0,-0,0,E0_P0,2026,254,2023-09-12,5,4.9999999999999991
storage_investment_allocated_CNY,18,0,0,0,0,0,E0_P0,2026,181,2023-07-01,16,16
storage_investment_allocated_CNY,19,0,0,0,0,0,E0_P0,2026,49,2023-02-19,9,9.0000000000008988
storage_investment_allocated_CNY,20,0,0,0,0,0,E0_P0,2026,42,2023-02-12,2,2
storage_investment_allocated_CNY,21,0,0,0,-0,0,E0_P0,2026,74,2023-03-16,1,0.99999999999999989
storage_investment_allocated_CNY,22,0,0,0,-0,0,E0_P0,2026,73,2023-03-15,2,1.9999999999999998
storage_investment_allocated_CNY,23,0,0,0,-0,0,E0_P0,2026,255,2023-09-13,6,5.9999999999987983
storage_investment_allocated_CNY,24,0,0,0,-0,0,E0_P0,2026,280,2023-10-08,23,22.999999999997467
storage_investment_allocated_CNY,25,0,0,0,0,0,E0_P0,2026,92,2023-04-03,1,1
storage_investment_allocated_CNY,26,0,0,0,0,0,E0_P0,2026,207,2023-07-27,10,10.000000000000002
storage_investment_allocated_CNY,27,0,0,0,0,0,E0_P0,2026,186,2023-07-06,1,1
storage_investment_allocated_CNY,28,0,0,0,0,0,E0_P0,2026,304,2023-11-01,14,14.000000000000279
storage_investment_allocated_CNY,29,0,0,0,0,0,E0_P0,2026,315,2023-11-12,4,4.0000000000000009
storage_investment_allocated_CNY,30,0,0,0,0,0,E0_P0,2026,125,2023-05-06,3,3.0000000000002993
storage_investment_allocated_CNY,31,0,0,0,-0,0,E0_P0,2026,86,2023-03-28,13,12.999999999999481
storage_investment_allocated_CNY,32,0,0,0,0,0,E0_P0,2026,122,2023-05-03,1,1
storage_investment_allocated_CNY,33,0,0,0,-0,0,E0_P0,2026,63,2023-03-05,23,22.99999999999747
storage_investment_allocated_CNY,34,0,0,0,0,0,E0_P0,2026,179,2023-06-29,4,4
storage_investment_allocated_CNY,35,0,0,0,-0,0,E0_P0,2026,93,2023-04-04,4,3.9999999999999996
storage_investment_allocated_CNY,36,0,0,0,-0,0,E0_P0,2026,105,2023-04-16,6,5.9999999999988001
storage_investment_allocated_CNY,37,0,0,0,0,0,E0_P0,2026,91,2023-04-02,1,1
storage_investment_allocated_CNY,38,0,0,0,-0,0,E0_P0,2026,275,2023-10-03,20,19.999999999999996
storage_investment_allocated_CNY,39,0,0,0,0,0,E0_P0,2026,192,2023-07-12,4,4
storage_investment_allocated_CNY,40,0,0,0,-0,0,E0_P0,2026,357,2023-12-24,19,10.331658229521704
storage_investment_allocated_CNY,41,0,0,0,0,0,E0_P0,2026,169,2023-06-19,9,9.0000000000009006
storage_investment_allocated_CNY,42,0,0,0,0,0,E0_P0,2026,21,2023-01-22,8,8
storage_investment_allocated_CNY,43,0,0,0,-0,0,E0_P0,2026,308,2023-11-05,2,1.9999999999999998
storage_investment_allocated_CNY,44,0,0,0,-0,0,E0_P0,2026,283,2023-10-11,19,18.999999999999428
storage_investment_allocated_CNY,45,0,0,0,-0,0,E0_P0,2026,364,2023-12-31,3,2.9999999941275632
storage_investment_allocated_CNY,46,0,0,0,0,0,E0_P0,2026,123,2023-05-04,1,1
storage_investment_allocated_CNY,47,0,0,0,0,0,E0_P0,2026,124,2023-05-05,5,5.0000000000000009
storage_fixed_om_CNY,0,0,0,0,-0,0,E0_P0,2026,331,2023-11-28,6,5.9999999999988001
storage_fixed_om_CNY,1,0,0,0,-0,0,E0_P0,2026,337,2023-12-04,19,18.999999999999432
storage_fixed_om_CNY,2,0,0,0,0,0,E0_P0,2026,127,2023-05-08,7,7.0000000000020988
storage_fixed_om_CNY,3,0,0,0,0,0,E0_P0,2026,347,2023-12-14,4,4.2204229811920282
storage_fixed_om_CNY,4,0,0,0,-0,0,E0_P0,2026,344,2023-12-11,4,3.9999999999999996
storage_fixed_om_CNY,5,0,0,0,0,0,E0_P0,2026,326,2023-11-23,3,3.0000000000002998
storage_fixed_om_CNY,6,0,0,0,-0,0,E0_P0,2026,332,2023-11-29,1,0.99999999999999989
storage_fixed_om_CNY,7,0,0,0,0,0,E0_P0,2026,167,2023-06-17,3,3.0000000000003002
storage_fixed_om_CNY,8,0,0,0,-0,0,E0_P0,2026,152,2023-06-02,2,1.9999999999999998
storage_fixed_om_CNY,9,0,0,0,0,0,E0_P0,2026,31,2023-02-01,3,3.0000000000003006
storage_fixed_om_CNY,10,0,0,0,-0,0,E0_P0,2026,303,2023-10-31,15,14.99999999999925
storage_fixed_om_CNY,11,0,0,0,-0,0,E0_P0,2026,333,2023-11-30,4,3.9999999999999996
storage_fixed_om_CNY,12,0,0,0,0,0,E0_P0,2026,13,2023-01-14,1,1
storage_fixed_om_CNY,13,0,0,0,0,0,E0_P0,2026,166,2023-06-16,8,8
storage_fixed_om_CNY,14,0,0,0,0,0,E0_P0,2026,106,2023-04-17,4,6.3444013692428136
storage_fixed_om_CNY,15,0,0,0,0,0,E0_P0,2026,206,2023-07-26,24,30.103936248141522
storage_fixed_om_CNY,16,0,0,0,-0,0,E0_P0,2026,4,2023-01-05,18,17.999581177780001
storage_fixed_om_CNY,17,0,0,0,-0,0,E0_P0,2026,254,2023-09-12,5,4.9999999999999991
storage_fixed_om_CNY,18,0,0,0,0,0,E0_P0,2026,181,2023-07-01,16,16
storage_fixed_om_CNY,19,0,0,0,0,0,E0_P0,2026,49,2023-02-19,9,9.0000000000008988
storage_fixed_om_CNY,20,0,0,0,0,0,E0_P0,2026,42,2023-02-12,2,2
storage_fixed_om_CNY,21,0,0,0,-0,0,E0_P0,2026,74,2023-03-16,1,0.99999999999999989
storage_fixed_om_CNY,22,0,0,0,-0,0,E0_P0,2026,73,2023-03-15,2,1.9999999999999998
storage_fixed_om_CNY,23,0,0,0,-0,0,E0_P0,2026,255,2023-09-13,6,5.9999999999987983
storage_fixed_om_CNY,24,0,0,0,-0,0,E0_P0,2026,280,2023-10-08,23,22.999999999997467
storage_fixed_om_CNY,25,0,0,0,0,0,E0_P0,2026,92,2023-04-03,1,1
storage_fixed_om_CNY,26,0,0,0,0,0,E0_P0,2026,207,2023-07-27,10,10.000000000000002
storage_fixed_om_CNY,27,0,0,0,0,0,E0_P0,2026,186,2023-07-06,1,1
storage_fixed_om_CNY,28,0,0,0,0,0,E0_P0,2026,304,2023-11-01,14,14.000000000000279
storage_fixed_om_CNY,29,0,0,0,0,0,E0_P0,2026,315,2023-11-12,4,4.0000000000000009
storage_fixed_om_CNY,30,0,0,0,0,0,E0_P0,2026,125,2023-05-06,3,3.0000000000002993
storage_fixed_om_CNY,31,0,0,0,-0,0,E0_P0,2026,86,2023-03-28,13,12.999999999999481
storage_fixed_om_CNY,32,0,0,0,0,0,E0_P0,2026,122,2023-05-03,1,1
storage_fixed_om_CNY,33,0,0,0,-0,0,E0_P0,2026,63,2023-03-05,23,22.99999999999747
storage_fixed_om_CNY,34,0,0,0,0,0,E0_P0,2026,179,2023-06-29,4,4
storage_fixed_om_CNY,35,0,0,0,-0,0,E0_P0,2026,93,2023-04-04,4,3.9999999999999996
storage_fixed_om_CNY,36,0,0,0,-0,0,E0_P0,2026,105,2023-04-16,6,5.9999999999988001
storage_fixed_om_CNY,37,0,0,0,0,0,E0_P0,2026,91,2023-04-02,1,1
storage_fixed_om_CNY,38,0,0,0,-0,0,E0_P0,2026,275,2023-10-03,20,19.999999999999996
storage_fixed_om_CNY,39,0,0,0,0,0,E0_P0,2026,192,2023-07-12,4,4
storage_fixed_om_CNY,40,0,0,0,-0,0,E0_P0,2026,357,2023-12-24,19,10.331658229521704
storage_fixed_om_CNY,41,0,0,0,0,0,E0_P0,2026,169,2023-06-19,9,9.0000000000009006
storage_fixed_om_CNY,42,0,0,0,0,0,E0_P0,2026,21,2023-01-22,8,8
storage_fixed_om_CNY,43,0,0,0,-0,0,E0_P0,2026,308,2023-11-05,2,1.9999999999999998
storage_fixed_om_CNY,44,0,0,0,-0,0,E0_P0,2026,283,2023-10-11,19,18.999999999999428
storage_fixed_om_CNY,45,0,0,0,-0,0,E0_P0,2026,364,2023-12-31,3,2.9999999941275632
storage_fixed_om_CNY,46,0,0,0,0,0,E0_P0,2026,123,2023-05-04,1,1
storage_fixed_om_CNY,47,0,0,0,0,0,E0_P0,2026,124,2023-05-05,5,5.0000000000000009
renewable_available_MWh,0,3139.1199999999999,1091.6099999999999,135.71000000000004,3.2770602231835255e-10,135.71000000032745,E40_P20,42,43,2023-02-13,3,3.0000000000003002
renewable_available_MWh,1,7200.7700000000004,714.05000000000007,-60.269999999999527,0,-60.269999999999527,E40_P20,42,211,2023-07-31,10,10
renewable_available_MWh,2,3282.1100000000001,302.55000000000001,348.49000000000024,-0.0028599990986277746,348.48714000090149,E40_P20,42,1,2023-01-02,12,11.999990547020001
renewable_available_MWh,3,18968,907.20000000000005,-824,-3.2230218494078146e-12,-824.00000000000364,E40_P20,42,63,2023-03-05,20,19.999999999999996
renewable_available_MWh,4,4174.7200000000003,1520.77,387.58999999999924,1663.3437770792889,2050.9337770792881,E40_P20,42,12,2023-01-13,3,4.0937510452463481
renewable_available_MWh,5,4316.71,1099.77,82.369999999999891,-4.8839599031680336e-13,82.369999999998981,E40_P20,42,31,2023-02-01,4,3.9999999999999996
renewable_available_MWh,6,11232.639999999999,708.62,-603.34000000000015,-5.3245631903564574e-10,-603.34000000053129,E40_P20,42,302,2023-10-30,15,14.999999999999249
renewable_available_MWh,7,3421.6000000000004,1584.6600000000001,-252.2800000000002,-3.5186520364050013e-13,-252.28000000000065,E40_P20,42,187,2023-07-07,2,1.9999999999999998
renewable_available_MWh,8,2313.9700000000003,1102.74,-108.49000000000024,-2.4485746763502903e-13,-108.49000000000069,E40_P20,42,179,2023-06-29,2,1.9999999999999998
renewable_available_MWh,9,12051.049999999999,566.21000000000004,-726.84999999999854,-0.0012447051009706201,-726.85124470509982,E40_P20,42,7,2023-01-08,20,19.999997801690007
renewable_available_MWh,10,2431.23,2431.23,0,-2.6992075241594194e-13,-4.5474735088646412e-13,E40_P20,42,13,2023-01-14,1,0.99999999999999989
renewable_available_MWh,11,6805.1099999999997,1273.8399999999999,-435.90999999999985,0,-435.90999999999985,E40_P20,42,183,2023-07-03,5,5
renewable_available_MWh,12,18907.650000000001,949.47000000000003,-1817.1900000000023,-8545.2151708889014,-10362.405170888904,E40_P20,42,228,2023-08-17,18,9.0000156183039994
renewable_available_MWh,13,10316.110000000001,453.80000000000001,-332.51000000000022,-3217.4925250841561,-3550.0025250841563,E40_P20,42,363,2023-12-30,22,14.909888662220899
renewable_available_MWh,14,7736.0100000000002,2021.1900000000001,348.75,8084.7600000000002,8433.5100000000002,E40_P20,42,106,2023-04-17,4,8
renewable_available_MWh,15,2118.9299999999998,2118.9299999999998,0,0,0,E40_P20,42,91,2023-04-02,1,1
renewable_available_MWh,16,4676.1900000000005,1051.1100000000001,-471.75,0,-471.75,E40_P20,42,238,2023-08-27,4,4
renewable_available_MWh,17,7942.2800000000007,729.25999999999999,808.83999999999833,3.4976501694927722e-10,808.84000000034939,E40_P20,42,165,2023-06-15,12,12.00000000000048
renewable_available_MWh,18,11763.379999999999,1485.55,121.02000000000044,0,121.02000000000044,E40_P20,42,105,2023-04-16,8,8
renewable_available_MWh,19,9377.5300000000007,447.81999999999994,-1316.7700000000023,-6.4752732953365908e-10,-1316.7700000006489,E40_P20,42,86,2023-03-28,18,17.999999999998554
renewable_available_MWh,20,1624.05,1624.05,0,-1.8030577031424854e-13,-2.2737367544323206e-13,E40_P20,42,348,2023-12-15,1,0.99999999999999989
renewable_available_MWh,21,2468.5899999999997,1151.9099999999999,-164.76999999999998,0,-164.76999999999998,E40_P20,42,152,2023-06-02,2,2
renewable_available_MWh,22,10370.48,1164.28,-1056.2399999999998,-1.0340883704884618e-12,-1056.2400000000016,E40_P20,42,94,2023-04-05,8,7.9999999999999991
renewable_available_MWh,23,5212.5599999999995,1640.3499999999999,-291.51000000000022,4.9171167137984639e-10,-291.50999999950818,E40_P20,42,104,2023-04-15,3,3.0000000000002998
renewable_available_MWh,24,3749.5799999999999,1278.49,85.890000000000327,1068.7483509825149,1154.6383509825155,E40_P20,42,125,2023-05-06,3,3.8359458040207706
renewable_available_MWh,25,4112.6599999999999,1076.73,194.26000000000022,-9.5632834984371586e-13,194.25999999999931,E40_P20,42,315,2023-11-12,4,3.9999999999999991
renewable_available_MWh,26,4087.6800000000003,1813.2600000000002,-461.15999999999985,-4.0262460032636232e-13,-461.16000000000031,E40_P20,42,92,2023-04-03,2,1.9999999999999998
renewable_available_MWh,27,2588.77,436.56,-405.9699999999998,-3.8774317090428667e-13,-405.97000000000025,E40_P20,42,345,2023-12-12,5,4.9999999999999991
renewable_available_MWh,28,7738.1899999999996,620.85000000000002,-287.98999999999887,2.9887265995398594e-10,-287.98999999970056,E40_P20,42,196,2023-07-16,12,12.000000000000481
renewable_available_MWh,29,1734.3000000000002,1734.3000000000002,0,0,0,E40_P20,42,332,2023-11-29,1,1
renewable_available_MWh,30,14436.709999999999,983.53999999999996,1299.9300000000003,-1.7471180058237223e-12,1299.9299999999985,E40_P20,42,259,2023-09-17,16,15.999999999999998
renewable_available_MWh,31,4184.8800000000001,862.58999999999992,128.06999999999971,0,128.06999999999971,E40_P20,42,188,2023-07-08,5,5
renewable_available_MWh,32,2758.29,683.28999999999996,-25.130000000000109,0,-25.130000000000109,E40_P20,42,262,2023-09-20,4,4
renewable_available_MWh,33,4520.7299999999996,259.13,-374.64999999999964,-4.6030734779378689e-13,-374.65000000000055,E40_P20,42,316,2023-11-13,16,15.999999999999998
renewable_available_MWh,34,8095.9000000000005,681.82999999999993,-1277.6000000000013,0,-1277.6000000000013,E40_P20,42,352,2023-12-19,10,10
renewable_available_MWh,35,1187.1900000000001,1187.1900000000001,0,-1.3180456726047397e-13,-2.2737367544323206e-13,E40_P20,42,123,2023-05-04,1,0.99999999999999989
renewable_available_MWh,36,2292.0299999999997,2292.0299999999997,0,-2.5446644791315973e-13,-4.5474735088646412e-13,E40_P20,42,186,2023-07-06,1,0.99999999999999989
renewable_available_MWh,37,1943.5999999999999,1943.5999999999999,0,0,0,E40_P20,42,70,2023-03-12,1,1
renewable_available_MWh,38,14333.6,716.64999999999998,-717.25,-4.0736836126598064e-10,-717.25000000040745,E40_P20,42,27,2023-01-28,19,18.999999999999432
renewable_available_MWh,39,7358.21,282.48000000000002,-1143.6499999999996,-6.2221374719229063e-10,-1143.6500000006217,E40_P20,42,275,2023-10-03,22,21.999999999997797
renewable_available_MWh,40,2023.73,414.12,-367.25,-1.8390622358310793e-13,-367.25000000000023,E40_P20,42,112,2023-04-23,4,3.9999999999999996
renewable_available_MWh,41,20176.809999999998,1088.26,500.13000000000102,11057.168354129679,11557.298354129682,E40_P20,42,206,2023-07-26,19,29.16041052150192
renewable_available_MWh,42,1415.4899999999998,1415.4899999999998,0,0,0,E40_P20,42,74,2023-03-16,1,1
renewable_available_MWh,43,1498.7,1498.7,0,0,0,E40_P20,42,140,2023-05-21,1,1
renewable_available_MWh,44,14229.59,1038.28,-731.95000000000073,-5.385518875300477e-10,-731.95000000053915,E40_P20,42,289,2023-10-17,13,12.999999999999481
renewable_available_MWh,45,939.86000000000001,939.86000000000001,0,-1.0434542119241996e-13,-1.1368683772161603e-13,E40_P20,42,343,2023-12-10,1,0.99999999999999989
renewable_available_MWh,46,2204.77,536.06999999999994,-60.490000000000236,4.7612580544864608e-13,-60.489999999999782,E40_P20,42,333,2023-11-30,4,4.0000000000000009
renewable_available_MWh,47,1949.8299999999999,856.06999999999994,-237.69000000000005,0,-237.69000000000005,E40_P20,42,308,2023-11-05,2,2
renewable_used_MWh,0,2714.9345454293148,978.19113552629835,219.63886114958041,2.9365719083774954e-10,219.63886114987417,E40_P20,42,43,2023-02-13,3,3.0000000000003002
renewable_used_MWh,1,6298.9720063016903,644.06624999999121,141.69049369822187,0,141.69049369822187,E40_P20,42,211,2023-07-31,10,10
renewable_used_MWh,2,3282.1100000000001,302.55000000000001,348.49000000000024,-0.0028599990986277746,348.48714000090149,E40_P20,42,1,2023-01-02,12,11.999990547020001
renewable_used_MWh,3,13097.976816016955,612.91709724999384,-839.63487101707869,-2.17751895537075e-12,-839.63487101708051,E40_P20,42,63,2023-03-05,20,19.999999999999996
renewable_used_MWh,4,4089.9069210526295,1473.7384999999977,331.30857894736346,1611.9030247947826,1943.2116037421465,E40_P20,42,12,2023-01-13,3,4.0937510452463481
renewable_used_MWh,5,4278.7426315789471,1078.7042105263158,36.074210526316165,-4.7904090051456719e-13,36.074210526315255,E40_P20,42,31,2023-02-01,4,3.9999999999999996
renewable_used_MWh,6,8966.6744080585304,562.00632499998642,-536.57953305873343,-4.2229095860156865e-10,-536.57953305915726,E40_P20,42,302,2023-10-30,15,14.999999999999249
renewable_used_MWh,7,2057.3081994459367,965.85409972296839,-125.59999999999991,-2.1446269198820831e-13,-125.60000000000014,E40_P20,42,187,2023-07-07,2,1.9999999999999998
renewable_used_MWh,8,1376.1785497229475,716.40409972296834,56.629649722989143,-1.5907366528965924e-13,56.629649722988916,E40_P20,42,179,2023-06-29,2,1.9999999999999998
renewable_used_MWh,9,9933.6961076275402,449.2995999999884,-947.70410762777283,-0.0009876998003992242,-947.70509532757205,E40_P20,42,7,2023-01-08,20,19.999997801690007
renewable_used_MWh,10,2077.0240997229685,2077.0240997229685,0,-2.3059599782137768e-13,-4.5474735088646412e-13,E40_P20,42,13,2023-01-14,1,0.99999999999999989
renewable_used_MWh,11,4670.7289208447828,915.72554016618415,-92.101220013862076,0,-92.101220013862076,E40_P20,42,183,2023-07-03,5,5
renewable_used_MWh,12,11976.588664932789,587.93094999997857,-1393.8315649331762,-5291.3693675154991,-6685.2009324486744,E40_P20,42,228,2023-08-17,18,9.0000156183039994
renewable_used_MWh,13,9815.4009047234795,423.01451052630972,-509.08167314466482,-2999.2199771276655,-3508.3016502723312,E40_P20,42,363,2023-12-30,22,14.909888662220899
renewable_used_MWh,14,4161.5711994458943,1049.4940997229685,36.405199445979633,4197.9763988918739,4234.3815983378536,E40_P20,42,106,2023-04-17,4,8
renewable_used_MWh,15,1587.7129374999906,1587.7129374999906,0,0,0,E40_P20,42,91,2023-04-02,1,1
renewable_used_MWh,16,4556.8548753462474,1051.1100000000001,-352.41487534624684,0,-352.41487534624684,E40_P20,42,238,2023-08-27,4,4
renewable_used_MWh,17,6451.5648695068103,593.49832499998649,670.4150304930281,2.8465149837230605e-10,670.41503049331186,E40_P20,42,165,2023-06-15,12,12.00000000000048
renewable_used_MWh,18,8096.4131088640952,969.25409972296848,-342.38031108034738,0,-342.38031108034738,E40_P20,42,105,2023-04-16,8,8
renewable_used_MWh,19,8858.3058938398735,440.63421052631577,-926.89010436618992,-6.3713700514331083e-10,-926.89010436682656,E40_P20,42,86,2023-03-28,18,17.999999999998554
renewable_used_MWh,20,1284.1840997229683,1284.1840997229683,0,-1.4257307553699675e-13,-2.2737367544323206e-13,E40_P20,42,348,2023-12-15,1,0.99999999999999989
renewable_used_MWh,21,2279.151424999995,1151.9099999999999,24.668575000004694,0,24.668575000004694,E40_P20,42,152,2023-06-02,2,2
renewable_used_MWh,22,6618.8813455619884,739.48210526313892,-703.02450345687703,-6.5679204764913639e-13,-703.02450345687794,E40_P20,42,94,2023-04-05,8,7.9999999999999991
renewable_used_MWh,23,4099.1067934556295,1340.6955401661894,-77.020172957061277,4.018871855802865e-10,-77.02017295665928,E40_P20,42,104,2023-04-15,3,3.0000000000002998
renewable_used_MWh,24,3749.5799999999999,1278.49,85.890000000000327,1068.7483509825149,1154.6383509825155,E40_P20,42,125,2023-05-06,3,3.8359458040207706
renewable_used_MWh,25,3340.464236218781,889.21421052629785,216.39260588641037,-7.8978087228014169e-13,216.39260588640946,E40_P20,42,315,2023-11-12,4,3.9999999999999991
renewable_used_MWh,26,3303.0150802631169,1539.234974999983,-224.5451302631509,-3.4177882191066167e-13,-224.54513026315135,E40_P20,42,92,2023-04-03,2,1.9999999999999998
renewable_used_MWh,27,2588.77,436.55999999999995,-405.97000000000025,-3.8774317090428662e-13,-405.97000000000071,E40_P20,42,345,2023-12-12,5,4.9999999999999991
renewable_used_MWh,28,7368.5685161827969,610.35764802631661,-44.276739866997559,2.9382171827153734e-10,-44.276739866703792,E40_P20,42,196,2023-07-16,12,12.000000000000481
renewable_used_MWh,29,1460.1942105263031,1460.1942105263031,0,0,0,E40_P20,42,332,2023-11-29,1,1
renewable_used_MWh,30,10467.521432479283,723.25219016620088,1104.5136101799308,-1.2847539746129415e-12,1104.5136101799289,E40_P20,42,259,2023-09-17,16,15.999999999999998
renewable_used_MWh,31,3534.5478930540799,730.4336249999875,117.62023194585754,0,117.62023194585754,E40_P20,42,188,2023-07-08,5,5
renewable_used_MWh,32,2690.1348753462471,683.28999999999996,43.025124653752755,0,43.025124653752755,E40_P20,42,262,2023-09-20,4,4
renewable_used_MWh,33,4520.7299999999996,259.13,-374.64999999999964,-4.6030734779378689e-13,-374.65000000000055,E40_P20,42,316,2023-11-13,16,15.999999999999998
renewable_used_MWh,34,7757.4377266966521,676.12647302632035,-996.17299643344904,0,-996.17299643344904,E40_P20,42,352,2023-12-19,10,10
renewable_used_MWh,35,771.48343490303159,771.48343490303159,0,-8.565186725462488e-14,-1.1368683772161603e-13,E40_P20,42,123,2023-05-04,1,0.99999999999999989
renewable_used_MWh,36,1466.1862049861263,1466.1862049861263,0,-1.6277936831633769e-13,-2.2737367544323206e-13,E40_P20,42,186,2023-07-06,1,0.99999999999999989
renewable_used_MWh,37,935.15210526313263,935.15210526313263,0,0,0,E40_P20,42,70,2023-03-12,1,1
renewable_used_MWh,38,10400.51846056857,505.02554016618944,-805.03319741097039,-2.8707378315072527e-10,-805.03319741125779,E40_P20,42,27,2023-01-28,19,18.999999999999432
renewable_used_MWh,39,7346.3656249999995,282.48000000000002,-1131.8056249999991,-6.2221374719229063e-10,-1131.8056250006211,E40_P20,42,275,2023-10-03,22,21.999999999997797
renewable_used_MWh,40,2023.73,414.12,-367.25,-1.8390622358310793e-13,-367.25000000000023,E40_P20,42,112,2023-04-23,4,3.9999999999999996
renewable_used_MWh,41,14053.902229535624,788.40164999997967,925.7291204639896,8010.4844198292676,8936.2135402932563,E40_P20,42,206,2023-07-26,19,29.16041052150192
renewable_used_MWh,42,1263.6799999999926,1263.6799999999926,0,0,0,E40_P20,42,74,2023-03-16,1,1
renewable_used_MWh,43,1498.7,1498.7,0,0,0,E40_P20,42,140,2023-05-21,1,1
renewable_used_MWh,44,10987.750618635029,776.64421052629791,-891.37588179315571,-4.0284239850350719e-10,-891.37588179355953,E40_P20,42,289,2023-10-17,13,12.999999999999481
renewable_used_MWh,45,910.71499999999969,910.71499999999969,0,-1.0110967618714991e-13,-1.1368683772161603e-13,E40_P20,42,343,2023-12-10,1,0.99999999999999989
renewable_used_MWh,46,2204.77,536.06999999999994,-60.490000000000236,4.7612580544864608e-13,-60.489999999999782,E40_P20,42,333,2023-11-30,4,4.0000000000000009
renewable_used_MWh,47,1908.4793499999971,856.06999999999994,-196.33934999999724,0,-196.33934999999724,E40_P20,42,308,2023-11-05,2,2
curtailment_MWh,0,424.18545457068512,113.41886447370167,-83.928861149580086,3.4048831480603037e-11,-83.928861149546037,E40_P20,42,43,2023-02-13,3,3.0000000000003002
curtailment_MWh,1,901.79799369830971,69.983750000008797,-201.96049369822174,0,-201.96049369822174,E40_P20,42,211,2023-07-31,10,10
curtailment_MWh,2,0,0,0,-0,0,E40_P20,42,1,2023-01-02,12,11.999990547020001
curtailment_MWh,3,5870.0231839830431,294.28290275000614,15.634871017079604,-1.0455028940370644e-12,15.634871017078694,E40_P20,42,63,2023-03-05,20,19.999999999999996
curtailment_MWh,4,84.813078947370926,47.031500000002438,56.281421052636389,51.440752284506289,107.72217333714268,E40_P20,42,12,2023-01-13,3,4.0937510452463481
curtailment_MWh,5,37.967368421052697,21.06578947368423,46.295789473684223,-9.3550898022361962e-15,46.295789473684209,E40_P20,42,31,2023-02-01,4,3.9999999999999996
curtailment_MWh,6,2265.9655919414695,146.6136750000135,-66.760466941267168,-1.1016536043407703e-10,-66.760466941377217,E40_P20,42,302,2023-10-30,15,14.999999999999249
curtailment_MWh,7,1364.2918005540632,618.80590027703147,-126.68000000000029,-1.3740251165229177e-13,-126.68000000000052,E40_P20,42,187,2023-07-07,2,1.9999999999999998
curtailment_MWh,8,937.79145027705249,386.33590027703156,-165.11964972298938,-8.5783802345369765e-14,-165.11964972298949,E40_P20,42,179,2023-06-29,2,1.9999999999999998
curtailment_MWh,9,2117.35389237246,116.91040000001163,220.85410762777246,-0.00025700530057139588,220.85385062247224,E40_P20,42,7,2023-01-08,20,19.999997801690007
curtailment_MWh,10,354.20590027703156,354.20590027703156,0,-3.9324754594564255e-14,-5.6843418860808015e-14,E40_P20,42,13,2023-01-14,1,0.99999999999999989
curtailment_MWh,11,2134.3810791552169,358.11445983381583,-343.80877998613778,0,-343.80877998613778,E40_P20,42,183,2023-07-03,5,5
curtailment_MWh,12,6931.0613350672102,361.5390500000214,-423.35843506682522,-3253.8458033734018,-3677.2042384402271,E40_P20,42,228,2023-08-17,18,9.0000156183039994
curtailment_MWh,13,500.70909527652134,30.785489473690291,176.57167314466506,-218.27254795649068,-41.700874811825656,E40_P20,42,363,2023-12-30,22,14.909888662220899
curtailment_MWh,14,3574.4388005541055,971.69590027703157,312.34480055402082,3886.7836011081263,4199.1284016621466,E40_P20,42,106,2023-04-17,4,8
curtailment_MWh,15,531.21706250000943,531.21706250000943,0,0,0,E40_P20,42,91,2023-04-02,1,1
curtailment_MWh,16,119.33512465375267,0,-119.33512465375267,0,-119.33512465375267,E40_P20,42,238,2023-08-27,4,4
curtailment_MWh,17,1490.7151304931895,135.7616750000135,138.4249695069725,6.5113518576971153e-11,138.42496950703753,E40_P20,42,165,2023-06-15,12,12.00000000000048
curtailment_MWh,18,3666.9668911359049,516.29590027703159,463.40031108034782,0,463.40031108034782,E40_P20,42,105,2023-04-16,8,8
curtailment_MWh,19,519.22410616012655,7.1857894736842098,-389.87989563381075,-1.0390324390348388e-11,-389.87989563382121,E40_P20,42,86,2023-03-28,18,17.999999999998554
curtailment_MWh,20,339.86590027703159,339.86590027703159,0,-3.7732694777251783e-14,-5.6843418860808015e-14,E40_P20,42,348,2023-12-15,1,0.99999999999999989
curtailment_MWh,21,189.43857500000499,0,-189.43857500000499,0,-189.43857500000499,E40_P20,42,152,2023-06-02,2,2
curtailment_MWh,22,3751.5986544380116,424.79789473686105,-353.21549654312321,-3.772963228393254e-13,-353.21549654312366,E40_P20,42,94,2023-04-05,8,7.9999999999999991
curtailment_MWh,23,1113.4532065443705,299.65445983381056,-214.48982704293871,8.982448579955988e-11,-214.4898270428489,E40_P20,42,104,2023-04-15,3,3.0000000000002998
curtailment_MWh,24,0,0,0,0,0,E40_P20,42,125,2023-05-06,3,3.8359458040207706
curtailment_MWh,25,772.19576378121894,187.51578947370217,-22.132605886410261,-1.6654747756357417e-13,-22.132605886410374,E40_P20,42,315,2023-11-12,4,3.9999999999999991
curtailment_MWh,26,784.66491973688312,274.02502500001691,-236.6148697368493,-6.0845778415700582e-14,-236.61486973684941,E40_P20,42,92,2023-04-03,2,1.9999999999999998
curtailment_MWh,27,0,0,0,-0,0,E40_P20,42,345,2023-12-12,5,4.9999999999999991
curtailment_MWh,28,369.62148381720243,10.492351973683459,-243.71326013300092,5.0509416824486262e-12,-243.71326013299588,E40_P20,42,196,2023-07-16,12,12.000000000000481
curtailment_MWh,29,274.10578947369686,274.10578947369686,0,0,0,E40_P20,42,332,2023-11-29,1,1
curtailment_MWh,30,3969.1885675207168,260.28780983379909,195.41638982006862,-4.6236403121078078e-13,195.41638982006771,E40_P20,42,259,2023-09-17,16,15.999999999999998
curtailment_MWh,31,650.33210694592003,132.1563750000125,10.44976805414251,0,10.44976805414251,E40_P20,42,188,2023-07-08,5,5
curtailment_MWh,32,68.155124653752708,0,-68.155124653752708,0,-68.155124653752708,E40_P20,42,262,2023-09-20,4,4
curtailment_MWh,33,0,0,0,-0,0,E40_P20,42,316,2023-11-13,16,15.999999999999998
curtailment_MWh,34,338.46227330334813,5.7035269736797174,-281.42700356655098,0,-281.42700356655098,E40_P20,42,352,2023-12-19,10,10
curtailment_MWh,35,415.70656509696846,415.70656509696846,0,-4.6152700005849086e-14,-5.6843418860808015e-14,E40_P20,42,123,2023-05-04,1,0.99999999999999989
curtailment_MWh,36,825.84379501387366,825.84379501387366,0,-9.1687079596822059e-14,-1.1368683772161603e-13,E40_P20,42,186,2023-07-06,1,0.99999999999999989
curtailment_MWh,37,1008.4478947368674,1008.4478947368674,0,0,0,E40_P20,42,70,2023-03-12,1,1
curtailment_MWh,38,3933.0815394314304,211.62445983381059,87.783197410970843,-1.2029457811525536e-10,87.783197410850335,E40_P20,42,27,2023-01-28,19,18.999999999999432
curtailment_MWh,39,11.844375000000682,0,-11.844375000000682,-0,-11.844375000000682,E40_P20,42,275,2023-10-03,22,21.999999999997797
curtailment_MWh,40,0,0,0,-0,0,E40_P20,42,112,2023-04-23,4,3.9999999999999996
curtailment_MWh,41,6122.9077704643751,299.85835000002038,-425.59912046398767,3046.6839343004121,2621.0848138364236,E40_P20,42,206,2023-07-26,19,29.16041052150192
curtailment_MWh,42,151.81000000000734,151.81000000000734,0,0,0,E40_P20,42,74,2023-03-16,1,1
curtailment_MWh,43,0,0,0,0,0,E40_P20,42,140,2023-05-21,1,1
curtailment_MWh,44,3241.83938136497,261.63578947370218,159.42588179315817,-1.3570948902654053e-10,159.42588179302265,E40_P20,42,289,2023-10-17,13,12.999999999999481
curtailment_MWh,45,29.145000000000366,29.145000000000366,0,-3.2357450052700593e-15,-3.5527136788005009e-15,E40_P20,42,343,2023-12-10,1,0.99999999999999989
curtailment_MWh,46,0,0,0,0,0,E40_P20,42,333,2023-11-30,4,4.0000000000000009
curtailment_MWh,47,41.350650000002858,0,-41.350650000002858,0,-41.350650000002858,E40_P20,42,308,2023-11-05,2,2
total_load_MWh,0,9064.3999999999996,2924,-292.39999999999964,8.7779739033067017e-10,-292.39999999912106,E40_P20,42,43,2023-02-13,3,3.0000000000003002
total_load_MWh,1,29532.400000000001,2924,-292.40000000000146,0,-292.40000000000146,E40_P20,42,211,2023-07-31,10,10
total_load_MWh,2,34357,2924,731,-0.027640513516402621,730.97235948648449,E40_P20,42,1,2023-01-02,12,11.999990547020001
total_load_MWh,3,56433.200000000004,2777.8000000000002,-877.20000000000437,-9.8687280569720321e-12,-877.20000000001164,E40_P20,42,63,2023-03-05,20,19.999999999999996
total_load_MWh,4,8625.7999999999993,2777.8000000000002,-292.39999999999782,3038.221653485306,2745.8216534853073,E40_P20,42,12,2023-01-13,3,4.0937510452463481
total_load_MWh,5,11257.400000000001,2924,438.59999999999854,-1.2985168496015831e-12,438.59999999999673,E40_P20,42,31,2023-02-01,4,3.9999999999999996
total_load_MWh,6,45906.799999999996,3070.1999999999998,146.20000000000437,-2.3069450350021723e-09,146.19999999769789,E40_P20,42,302,2023-10-30,15,14.999999999999249
total_load_MWh,7,5994.1999999999998,2924,-146.19999999999982,-6.4925842480079154e-13,-146.20000000000073,E40_P20,42,187,2023-07-07,2,1.9999999999999998
total_load_MWh,8,5994.1999999999998,3070.1999999999998,146.19999999999982,-6.8172134604083108e-13,146.19999999999891,E40_P20,42,179,2023-06-29,2,1.9999999999999998
total_load_MWh,9,57456.599999999999,2924,1023.4000000000015,-0.0064278584186752141,1023.3935721415837,E40_P20,42,7,2023-01-08,20,19.999997801690007
total_load_MWh,10,2924,2924,0,-3.2462921240039577e-13,-4.5474735088646412e-13,E40_P20,42,13,2023-01-14,1,0.99999999999999989
total_load_MWh,11,14181.400000000001,2777.8000000000002,-292.40000000000146,0,-292.40000000000146,E40_P20,42,183,2023-07-03,5,5
total_load_MWh,12,51170,2777.8000000000002,-1169.5999999999985,-25000.156615475153,-26169.756615475148,E40_P20,42,228,2023-08-17,18,9.0000156183039994
total_load_MWh,13,61842.600000000006,2777.8000000000002,-731,-19694.911274082788,-20425.911274082791,E40_P20,42,363,2023-12-30,22,14.909888662220899
total_load_MWh,14,11549.799999999999,2924,146.20000000000073,11696,11842.200000000001,E40_P20,42,106,2023-04-17,4,8
total_load_MWh,15,2924,2924,0,0,0,E40_P20,42,91,2023-04-02,1,1
total_load_MWh,16,11403.6,2924,292.39999999999964,0,292.39999999999964,E40_P20,42,238,2023-08-27,4,4
total_load_MWh,17,34064.599999999999,2777.8000000000002,-730.99999999999272,1.3322782876912243e-09,-730.99999999866122,E40_P20,42,165,2023-06-15,12,12.00000000000048
total_load_MWh,18,22953.400000000001,2777.8000000000002,-731,0,-731,E40_P20,42,105,2023-04-16,8,8
total_load_MWh,19,55117.399999999994,3070.1999999999998,146.20000000000437,-4.4393694054178919e-09,146.19999999556603,E40_P20,42,86,2023-03-28,18,17.999999999998554
total_load_MWh,20,2777.8000000000002,2777.8000000000002,0,-3.08397751780376e-13,-4.5474735088646412e-13,E40_P20,42,348,2023-12-15,1,0.99999999999999989
total_load_MWh,21,5994.1999999999998,3070.1999999999998,146.19999999999982,0,146.19999999999982,E40_P20,42,152,2023-06-02,2,2
total_load_MWh,22,23538.200000000001,2924,-146.20000000000073,-2.5970336992031662e-12,-146.20000000000437,E40_P20,42,94,2023-04-05,8,7.9999999999999991
total_load_MWh,23,9064.3999999999996,3070.1999999999998,146.19999999999891,9.2032381715512191e-10,146.20000000091932,E40_P20,42,104,2023-04-15,3,3.0000000000002998
total_load_MWh,24,9064.3999999999996,3070.1999999999998,146.19999999999891,2566.5208075045698,2712.7208075045692,E40_P20,42,125,2023-05-06,3,3.8359458040207706
total_load_MWh,25,11257.400000000001,2777.8000000000002,-146.20000000000073,-2.467182014243008e-12,-146.20000000000255,E40_P20,42,315,2023-11-12,4,3.9999999999999991
total_load_MWh,26,6140.3999999999996,3070.1999999999998,0,-6.8172134604083108e-13,-9.0949470177292824e-13,E40_P20,42,92,2023-04-03,2,1.9999999999999998
total_load_MWh,27,14035.200000000001,2777.8000000000002,-146.20000000000073,-2.467182014243008e-12,-146.20000000000255,E40_P20,42,345,2023-12-12,5,4.9999999999999991
total_load_MWh,28,34941.800000000003,2924,146.19999999999709,1.4075922649681161e-09,146.20000000140135,E40_P20,42,196,2023-07-16,12,12.000000000000481
total_load_MWh,29,3070.1999999999998,3070.1999999999998,0,0,0,E40_P20,42,332,2023-11-29,1,1
total_load_MWh,30,48246,2924,-1462,-5.1940673984063324e-12,-1462.0000000000073,E40_P20,42,259,2023-09-17,16,15.999999999999998
total_load_MWh,31,15351,3070.1999999999998,0,0,0,E40_P20,42,188,2023-07-08,5,5
total_load_MWh,32,11403.6,2924,292.39999999999964,0,292.39999999999964,E40_P20,42,262,2023-09-20,4,4
total_load_MWh,33,46053,2924,731,-5.1940673984063324e-12,730.99999999999272,E40_P20,42,316,2023-11-13,16,15.999999999999998
total_load_MWh,34,29386.200000000001,2924,-146.20000000000073,0,-146.20000000000073,E40_P20,42,352,2023-12-19,10,10
total_load_MWh,35,2777.8000000000002,2777.8000000000002,0,-3.08397751780376e-13,-4.5474735088646412e-13,E40_P20,42,123,2023-05-04,1,0.99999999999999989
total_load_MWh,36,2777.8000000000002,2777.8000000000002,0,-3.08397751780376e-13,-4.5474735088646412e-13,E40_P20,42,186,2023-07-06,1,0.99999999999999989
total_load_MWh,37,2924,2924,0,0,0,E40_P20,42,70,2023-03-12,1,1
total_load_MWh,38,53655.400000000001,2777.8000000000002,-877.19999999999709,-1.578996489115525e-09,-877.20000000157597,E40_P20,42,27,2023-01-28,19,18.999999999999432
total_load_MWh,39,67544.399999999994,3070.1999999999998,0,-6.7626757527250447e-09,-6.7666405811905861e-09,E40_P20,42,275,2023-10-03,22,21.999999999997797
total_load_MWh,40,11696,2924,0,-1.2985168496015831e-12,-1.8189894035458565e-12,E40_P20,42,112,2023-04-23,4,3.9999999999999996
total_load_MWh,41,58333.799999999996,3070.1999999999998,0,31194.49238311519,31194.49238311519,E40_P20,42,206,2023-07-26,19,29.16041052150192
total_load_MWh,42,3070.1999999999998,3070.1999999999998,0,0,0,E40_P20,42,74,2023-03-16,1,1
total_load_MWh,43,3070.1999999999998,3070.1999999999998,0,0,0,E40_P20,42,140,2023-05-21,1,1
total_load_MWh,44,38158.199999999997,2924,-146.19999999999709,-1.516667680334649e-09,-146.20000000151049,E40_P20,42,289,2023-10-17,13,12.999999999999481
total_load_MWh,45,2924,2924,0,-3.2462921240039577e-13,-4.5474735088646412e-13,E40_P20,42,343,2023-12-10,1,0.99999999999999989
total_load_MWh,46,11257.400000000001,2777.8000000000002,-146.20000000000073,2.467182014243008e-12,-146.19999999999891,E40_P20,42,333,2023-11-30,4,4.0000000000000009
total_load_MWh,47,5848,3070.1999999999998,292.39999999999964,0,292.39999999999964,E40_P20,42,308,2023-11-05,2,2
thermal_generation_MWh,0,6065.5060691676699,1938.4200026856754,-250.2460611106435,5.8192203136876082e-10,-250.24606111006142,E40_P20,42,43,2023-02-13,3,3.0000000000003002
thermal_generation_MWh,1,21368.333141034938,2118.8921052631526,-179.41208840341278,0,-179.41208840341278,E40_P20,42,211,2023-07-31,10,10
thermal_generation_MWh,2,29373.892354570628,2479.6142105263157,381.4781717451624,-0.023439743536770398,381.45473200162451,E40_P20,42,1,2023-01-02,12,11.999990547020001
thermal_generation_MWh,3,41420.343283379378,2100.3547552631348,586.7518218833211,-7.4619590693570176e-12,586.75182188331382,E40_P20,42,63,2023-03-05,20,19.999999999999996
thermal_generation_MWh,4,4546.9001874999658,1306.4599999999946,-627.52018749998206,1428.9419905725381,801.42180307255603,E40_P20,42,12,2023-01-13,3,4.0937510452463481
thermal_generation_MWh,5,6898.5691094491031,1825.1399239228101,401.9905862421374,-8.1052494668068414e-13,401.99058624213649,E40_P20,42,31,2023-02-01,4,3.9999999999999996
thermal_generation_MWh,6,33406.103124584362,2240.0621052631527,194.828454362927,-1.6831802982976171e-09,194.82845436124626,E40_P20,42,302,2023-10-30,15,14.999999999999249
thermal_generation_MWh,7,3821.0938504154992,1907.6985041551213,-5.6968421052565645,-4.2359416067119711e-13,-5.6968421052570193,E40_P20,42,187,2023-07-07,2,1.9999999999999998
thermal_generation_MWh,8,4242.8242105263162,2123.9821052631578,5.1399999999994179,-4.7161876743099413e-13,5.1399999999985084,E40_P20,42,179,2023-06-29,2,1.9999999999999998
thermal_generation_MWh,9,44523.823900796211,2260.5221052631523,686.61820446683851,-0.0049693283327350108,686.6132351385022,E40_P20,42,7,2023-01-08,20,19.999997801690007
thermal_generation_MWh,10,856.08669999999142,856.08669999999142,0,-9.5044716541535948e-14,-1.1368683772161603e-13,E40_P20,42,13,2023-01-14,1,0.99999999999999989
thermal_generation_MWh,11,9492.7952216066024,1869.9090304709075,-143.25006925206435,0,-143.25006925206435,E40_P20,42,183,2023-07-03,5,5
thermal_generation_MWh,12,37061.756142001352,2073.3921052631576,259.3017527354823,-18660.496564500208,-18401.194811764723,E40_P20,42,228,2023-08-17,18,9.0000156183039994
thermal_generation_MWh,13,49400.325583677179,2235.6721052631528,-215.53926788781973,-15851.164141082752,-16066.70340897057,E40_P20,42,363,2023-12-30,22,14.909888662220899
thermal_generation_MWh,14,7282.3260497156698,1833.8493351800494,53.071291004527666,7335.3973407201975,7388.4686317247251,E40_P20,42,106,2023-04-17,4,8
thermal_generation_MWh,15,1343.9571052631418,1343.9571052631418,0,0,0,E40_P20,42,91,2023-04-02,1,1
thermal_generation_MWh,16,6856.4718688377361,1875.3242105263157,644.82497326752673,0,644.82497326752673,E40_P20,42,238,2023-08-27,4,4
thermal_generation_MWh,17,25953.252095507785,2090.5421052631577,-866.74683234989061,1.0026581670193703e-09,-866.74683234889017,E40_P20,42,165,2023-06-15,12,12.00000000000048
thermal_generation_MWh,18,14847.517645429283,1815.038476454286,-327.20983379499557,0,-327.20983379499557,E40_P20,42,105,2023-04-16,8,8
thermal_generation_MWh,19,41163.973801097854,2306.5821052631527,354.50409363889048,-3.3352126992344577e-09,354.50409363555809,E40_P20,42,86,2023-03-28,18,17.999999999998554
thermal_generation_MWh,20,1502.9074882271368,1502.9074882271368,0,-1.6685624973113287e-13,-2.2737367544323206e-13,E40_P20,42,348,2023-12-15,1,0.99999999999999989
thermal_generation_MWh,21,3729.8308146813947,1922.6428645429207,115.45491440444675,0,115.45491440444675,E40_P20,42,152,2023-06-02,2,2
thermal_generation_MWh,22,16232.570031786667,2119.6176454293582,724.37113164819857,-1.8825986506859477e-12,724.37113164819493,E40_P20,42,94,2023-04-05,8,7.9999999999999991
thermal_generation_MWh,23,4991.2973545705981,1738.7002493074622,224.80339335178815,5.2119316341971401e-10,224.80339335230929,E40_P20,42,104,2023-04-15,3,3.0000000000002998
thermal_generation_MWh,24,5318.1820978341657,1792.0543152454768,57.980847902264941,1498.0602854067715,1556.041133309036,E40_P20,42,125,2023-05-06,3,3.8359458040207706
thermal_generation_MWh,25,7704.5919390581412,1886.1683102493046,-159.91869806092291,-1.6752539890856829e-12,-159.91869806092473,E40_P20,42,315,2023-11-12,4,3.9999999999999991
thermal_generation_MWh,26,2857.0371929697531,1539.6093429697648,222.18149296977663,-3.4186194829860846e-13,222.18149296977617,E40_P20,42,92,2023-04-03,2,1.9999999999999998
thermal_generation_MWh,27,11142.559314058155,2281.9242105263156,267.06173857342219,-2.0267558391807189e-12,267.06173857342037,E40_P20,42,345,2023-12-12,5,4.9999999999999991
thermal_generation_MWh,28,25958.227538147592,2169.9717927631505,81.433975010215363,1.0446085877881007e-09,81.433975011259463,E40_P20,42,196,2023-07-16,12,12.000000000000481
thermal_generation_MWh,29,1617.6521052631524,1617.6521052631524,0,0,0,E40_P20,42,332,2023-11-29,1,1
thermal_generation_MWh,30,34664.987634210476,2112.5921302631327,-863.51355000035255,-3.7527174794560607e-12,-863.51355000035983,E40_P20,42,259,2023-09-17,16,15.999999999999998
thermal_generation_MWh,31,10885.047252084823,2165.0221052631578,-59.936725769035547,0,-59.936725769035547,E40_P20,42,188,2023-07-08,5,5
thermal_generation_MWh,32,8535.8628808864069,2163.5542105263157,118.35396121885606,0,118.35396121885606,E40_P20,42,262,2023-09-20,4,4
thermal_generation_MWh,33,38595.167368421055,2413.484210526316,20.580000000001746,-4.2872091841529354e-12,20.57999999999447,E40_P20,42,316,2023-11-13,16,15.999999999999998
thermal_generation_MWh,34,20956.321043271,2198.5913157894524,1029.5921146235232,0,1029.5921146235232,E40_P20,42,352,2023-12-19,10,10
thermal_generation_MWh,35,1953.1295567867016,1953.1295567867016,0,-2.1684094040205233e-13,-2.2737367544323206e-13,E40_P20,42,123,2023-05-04,1,0.99999999999999989
thermal_generation_MWh,36,1321.3799999999894,1321.3799999999894,0,-1.4670265002791776e-13,-2.2737367544323206e-13,E40_P20,42,186,2023-07-06,1,0.99999999999999989
thermal_generation_MWh,37,1882.0227700831003,1882.0227700831003,0,0,0,E40_P20,42,70,2023-03-12,1,1
thermal_generation_MWh,38,40929.673210419147,2170.0621052631527,301.5067895807515,-1.2335374920344024e-09,301.50678957952186,E40_P20,42,27,2023-01-28,19,18.999999999999432
thermal_generation_MWh,39,54145.68052631578,2513.5342105263157,1152.0721052631634,-5.5365177705593131e-09,1152.0721052576264,E40_P20,42,275,2023-10-03,22,21.999999999997797
thermal_generation_MWh,40,9514.366094182813,2438.9638227146738,241.48919667588234,-1.0831175168822477e-12,241.48919667588052,E40_P20,42,112,2023-04-23,4,3.9999999999999996
thermal_generation_MWh,41,39986.837105263126,2094.8921052631581,-183.88710526312207,21284.963787727098,21101.07668246398,E40_P20,42,206,2023-07-26,19,29.16041052150192
thermal_generation_MWh,42,1811.3069529085781,1811.3069529085781,0,0,0,E40_P20,42,74,2023-03-16,1,1
thermal_generation_MWh,43,1572.2011357340693,1572.2011357340693,0,0,0,E40_P20,42,140,2023-05-21,1,1
thermal_generation_MWh,44,26442.565264196513,2060.7503047091304,347.18869702218217,-1.0689033462353345e-09,347.1886970211126,E40_P20,42,289,2023-10-17,13,12.999999999999481
thermal_generation_MWh,45,2009.9979701523453,2009.9979701523453,0,-2.2315460259129619e-13,-2.2737367544323206e-13,E40_P20,42,343,2023-12-10,1,0.99999999999999989
thermal_generation_MWh,46,8838.3161772853164,2200.8342105263155,-34.979335180054477,1.9547334511272356e-12,-34.979335180052658,E40_P20,42,333,2023-11-30,4,4.0000000000000009
thermal_generation_MWh,47,3812.6654302631418,2083.1154302631526,353.56543026316331,0,353.56543026316331,E40_P20,42,308,2023-11-05,2,2
unserved_MWh,0,308.37999999996805,16.229999999989364,-259.68999999999994,4.8723158840825716e-12,-259.68999999999511,E40_P20,42,43,2023-02-13,3,3.0000000000003002
unserved_MWh,1,1942.6545249998878,168.69949999998929,-255.65952499999503,0,-255.65952499999503,E40_P20,42,211,2023-07-31,10,10
unserved_MWh,2,1750.1212999998481,146.58639999998459,8.9154999999670963,-0.0013856783072915099,8.9141143216597811,E40_P20,42,1,2023-01-02,12,11.999990547020001
unserved_MWh,3,2129.23982499977,76.339999999989388,-602.43982499998219,-2.7121416223959254e-13,-602.43982499998242,E40_P20,42,63,2023-03-05,20,19.999999999999996
unserved_MWh,4,0,0,0,0,0,E40_P20,42,12,2023-01-13,3,4.0937510452463481
unserved_MWh,5,98.809999999968085,25.279999999989371,2.309999999989401,-1.1226575225004863e-14,2.3099999999893868,E40_P20,42,31,2023-02-01,4,3.9999999999999996
unserved_MWh,6,3671.8946999998302,277.20999999998935,486.25530000001027,-2.0829530100740266e-10,486.25529999980199,E40_P20,42,302,2023-10-30,15,14.999999999999249
unserved_MWh,7,138.96999999997874,61.119999999989389,-16.729999999999961,-1.3571366253015557e-14,-16.729999999999976,E40_P20,42,187,2023-07-07,2,1.9999999999999998
unserved_MWh,8,394.69999999997867,239.5799999999893,84.459999999999923,-5.3197446447936624e-14,84.459999999999866,E40_P20,42,179,2023-06-29,2,1.9999999999999998
unserved_MWh,9,3171.5077249997671,222.69999999998939,1282.492275000021,-0.00048956363537582144,1282.4917854363853,E40_P20,42,7,2023-01-08,20,19.999997801690007
unserved_MWh,10,0,0,0,-0,0,E40_P20,42,13,2023-01-14,1,0.99999999999999989
unserved_MWh,11,68.069999999968076,0,-68.069999999968076,0,-68.069999999968076,E40_P20,42,183,2023-07-03,5,5
unserved_MWh,12,2318.3877749997996,126.47187499998898,-41.894024999997782,-1138.2448997237098,-1180.1389247237075,E40_P20,42,228,2023-08-17,18,9.0000156183039994
unserved_MWh,13,2758.8014249997377,126.02187499998897,13.679825000019719,-893.50912474560243,-879.82929974558283,E40_P20,42,363,2023-12-30,22,14.909888662220899
unserved_MWh,14,154.08999999995751,52.079999999989383,54.230000000000018,208.31999999995753,262.54999999995755,E40_P20,42,106,2023-04-17,4,8
unserved_MWh,15,0,0,0,0,0,E40_P20,42,91,2023-04-02,1,1
unserved_MWh,16,0.84999999998937403,0.84999999998937403,2.5499999999681222,0,2.5499999999681222,E40_P20,42,238,2023-08-27,4,4
unserved_MWh,17,1757.9303249998616,101.19999999998936,-543.53032499998926,4.8537174279767338e-11,-543.53032499994083,E40_P20,42,165,2023-06-15,12,12.00000000000048
unserved_MWh,18,97.329074999945789,5.3899999999894055,-54.209075000030545,0,-54.209075000030545,E40_P20,42,105,2023-04-16,8,8
unserved_MWh,19,5195.2573499998061,327.90999999998928,707.12265000000116,-4.7414292936308168e-10,707.1226499995264,E40_P20,42,86,2023-03-28,18,17.999999999998554
unserved_MWh,20,0,0,0,-0,0,E40_P20,42,348,2023-12-15,1,0.99999999999999989
unserved_MWh,21,0,0,0,0,0,E40_P20,42,152,2023-06-02,2,2
unserved_MWh,22,772.24057499991397,75.399999999989376,-169.04057499999897,-6.6968652845380006e-14,-169.04057499999908,E40_P20,42,94,2023-04-05,8,7.9999999999999991
unserved_MWh,23,0,0,0,0,0,E40_P20,42,104,2023-04-15,3,3.0000000000002998
unserved_MWh,24,0,0,0,0,0,E40_P20,42,125,2023-05-06,3,3.8359458040207706
unserved_MWh,25,250.96999999995754,12.039999999989369,-202.81000000000006,-1.0693668173180066e-14,-202.81000000000006,E40_P20,42,315,2023-11-12,4,3.9999999999999991
unserved_MWh,26,0,0,0,-0,0,E40_P20,42,92,2023-04-03,2,1.9999999999999998
unserved_MWh,27,322.08582499995606,63.03582499998798,-6.9067000000161443,-5.5987059432982971e-14,-6.9067000000162011,E40_P20,42,345,2023-12-12,5,4.9999999999999991
unserved_MWh,28,1685.3936499998647,149.35737499998837,106.89484999999581,7.1899550535542375e-11,106.89485000006766,E40_P20,42,196,2023-07-16,12,12.000000000000481
unserved_MWh,29,1.1799999999893585,1.1799999999893585,0,0,0,E40_P20,42,332,2023-11-29,1,1
unserved_MWh,30,3271.7660749998054,99.989999999989379,-1671.9260749999753,-1.7761792037161218e-13,-1671.9260749999755,E40_P20,42,259,2023-09-17,16,15.999999999999998
unserved_MWh,31,970.37494999994453,181.97799999998907,-60.48494999999923,0,-60.48494999999923,E40_P20,42,188,2023-07-08,5,5
unserved_MWh,32,198.98962499996105,80.439999999989354,122.77037499999636,0,122.77037499999636,E40_P20,42,262,2023-09-20,4,4
unserved_MWh,33,2992.6013249998205,254.66999999998936,1082.1186750000093,-4.5238479629004288e-13,1082.1186750000088,E40_P20,42,316,2023-11-13,16,15.999999999999998
unserved_MWh,34,737.71999999989362,57.579999999989397,-161.91999999999962,0,-161.91999999999962,E40_P20,42,352,2023-12-19,10,10
unserved_MWh,35,61.51477499998883,61.51477499998883,0,-6.8295119559623563e-15,-7.1054273576010019e-15,E40_P20,42,123,2023-05-04,1,0.99999999999999989
unserved_MWh,36,0,0,0,-0,0,E40_P20,42,186,2023-07-06,1,0.99999999999999989
unserved_MWh,37,118.50999999998935,118.50999999998935,0,0,0,E40_P20,42,70,2023-03-12,1,1
unserved_MWh,38,2510.6457999997751,112.081874999989,-381.09017499998436,-6.3711169673291002e-11,-381.09017500004802,E40_P20,42,27,2023-01-28,19,18.999999999999432
unserved_MWh,39,6128.9528249997566,277.46999999998934,-24.612824999991062,-6.11178307963177e-10,-24.612825000602243,E40_P20,42,275,2023-10-03,22,21.999999999997797
unserved_MWh,40,177.96999999994677,76.319999999989392,127.3100000000108,-3.3892888495752068e-14,127.31000000001075,E40_P20,42,112,2023-04-23,4,3.9999999999999996
unserved_MWh,41,4481.2029999997894,196.61354999998878,-745.54555000000255,1997.6743820897298,1252.1288320897274,E40_P20,42,206,2023-07-26,19,29.16041052150192
unserved_MWh,42,0,0,0,0,0,E40_P20,42,74,2023-03-16,1,1
unserved_MWh,43,0,0,0,0,0,E40_P20,42,140,2023-05-21,1,1
unserved_MWh,44,872.89999999986173,98.419999999989386,406.56000000000029,-5.1050079719056107e-11,406.55999999994913,E40_P20,42,289,2023-10-17,13,12.999999999999481
unserved_MWh,45,9.3399999999893613,9.3399999999893613,0,-1.0369483049987151e-15,-1.7763568394002505e-15,E40_P20,42,343,2023-12-10,1,0.99999999999999989
unserved_MWh,46,227.62999999995742,44.179999999989363,-50.909999999999968,3.9239722582342085e-14,-50.90999999999994,E40_P20,42,333,2023-11-30,4,4.0000000000000009
unserved_MWh,47,135.91999999998939,135.91999999998939,135.91999999998939,0,135.91999999998939,E40_P20,42,308,2023-11-05,2,2
discharge_MWh,0,226.04722742388753,81.837202423851167,19.464379847665953,2.4567880547065439e-11,19.464379847690537,E40_P20,42,43,2023-02-13,3,3.0000000000003002
discharge_MWh,1,717.92414650212413,70.884250000024835,-9.0816465018757526,0,-9.0816465018757526,E40_P20,42,211,2023-07-31,10,10
discharge_MWh,2,454.70870000015185,43.973600000015402,72.974500000032947,-0.00041568156127404514,72.974084318471739,E40_P20,42,1,2023-01-02,12,11.999990547020001
discharge_MWh,3,1984.2034027505219,109.33535275002443,202.50365224996676,-3.8843720329148975e-13,202.50365224996631,E40_P20,42,63,2023-03-05,20,19.999999999999996
discharge_MWh,4,101.88631250003087,22.201500000007773,-35.281812500007547,24.282913831045299,-10.998898668962255,E40_P20,42,12,2023-01-13,3,4.0937510452463481
discharge_MWh,5,173.29611567023113,47.431090670187132,16.428247010517396,-2.106363557805008e-14,16.428247010517367,E40_P20,42,31,2023-02-01,4,3.9999999999999996
discharge_MWh,6,1276.2019483128756,84.033675000029433,-15.696823312434162,-6.3142814576999575e-11,-15.696823312497372,E40_P20,42,302,2023-10-30,15,14.999999999999249
discharge_MWh,7,214.49000000002127,98.790000000010664,-16.90999999999994,-2.1935786520546211e-14,-16.909999999999968,E40_P20,42,187,2023-07-07,2,1.9999999999999998
discharge_MWh,8,180.52555000004219,90.400000000010635,0.27444999997908326,-2.0072832285225192e-14,0.27444999997905484,E40_P20,42,179,2023-06-29,2,1.9999999999999998
discharge_MWh,9,1596.0618401567335,78.880400000027592,-18.453840156181741,-0.00017340357154878444,-18.454013559753321,E40_P20,42,7,2023-01-08,20,19.999997801690007
discharge_MWh,10,84.333300000008521,84.333300000008521,0,-9.3628771402630174e-15,-1.4210854715202004e-14,E40_P20,42,13,2023-01-14,1,0.99999999999999989
discharge_MWh,11,464.61757500009656,72.520000000005325,-102.01757500006994,0,-102.01757500006994,E40_P20,42,183,2023-07-03,5,5
discharge_MWh,12,1728.4733866254974,92.517175000032353,-63.16423662491502,-832.65313003892686,-895.81736666384188,E40_P20,42,228,2023-08-17,18,9.0000156183039994
discharge_MWh,13,1221.178890710572,63.947825000022412,185.67325928992113,-453.39719905897272,-267.72393976905164,E40_P20,42,363,2023-12-30,22,14.909888662220899
discharge_MWh,14,446.04094736851664,105.74000000001067,-23.080947368473971,422.96000000004267,399.8790526315687,E40_P20,42,106,2023-04-17,4,8
discharge_MWh,15,70.99706250002005,70.99706250002005,0,0,0,E40_P20,42,91,2023-04-02,1,1
discharge_MWh,16,97.902683344310276,30.400000000010643,23.697316655732294,0,23.697316655732294,E40_P20,42,238,2023-08-27,4,4
discharge_MWh,17,908.49158193195672,68.871675000024112,-82.031481931667372,3.3031981150355904e-11,-82.031481931634289,E40_P20,42,165,2023-06-15,12,12.00000000000048
discharge_MWh,18,813.26662500011162,109.99000000001064,66.653374999973494,0,66.653374999973494,E40_P20,42,105,2023-04-16,8,8
discharge_MWh,19,926.90956980977865,45.60000000001596,-106.1095698094914,-6.593552370761733e-11,-106.10956980955734,E40_P20,42,86,2023-03-28,18,17.999999999998554
discharge_MWh,20,86.006750000000849,86.006750000000849,0,-9.5486674123180625e-15,-1.4210854715202004e-14,E40_P20,42,348,2023-12-15,1,0.99999999999999989
discharge_MWh,21,136.83047500002291,40.291900000001959,-56.246675000018996,0,-56.246675000018996,E40_P20,42,152,2023-06-02,2,2
discharge_MWh,22,791.34858456267693,97.190000000029599,-13.828584562440142,-8.632206061068146e-14,-13.828584562440255,E40_P20,42,94,2023-04-05,8,7.9999999999999991
discharge_MWh,23,240.70506250005496,85.120000000005334,14.654937499961022,2.5515589641146797e-11,14.654937499986545,E40_P20,42,104,2023-04-15,3,3.0000000000002998
discharge_MWh,24,31.12095687533958,3.1871231696820979,-21.559587366293286,2.664262240593128,-18.895325125700158,E40_P20,42,125,2023-05-06,3,3.8359458040207706
discharge_MWh,25,357.53972500009854,89.070000000028585,-1.2597249999842006,-7.9110051842715543e-14,-1.2597249999842575,E40_P20,42,315,2023-11-12,4,3.9999999999999991
discharge_MWh,26,181.90950351517017,80.015353515134478,-21.878796484901216,-1.776697755920475e-14,-21.878796484901244,E40_P20,42,92,2023-04-03,2,1.9999999999999998
discharge_MWh,27,168.60680000004521,34.434175000012054,3.5640750000150661,-3.0583691135188266e-14,3.5640750000150376,E40_P20,42,345,2023-12-12,5,4.9999999999999991
discharge_MWh,28,651.55598111058907,52.63950000001843,-19.88198111036786,2.5340271214711043e-11,-19.881981110342622,E40_P20,42,196,2023-07-16,12,12.000000000000481
discharge_MWh,29,81.700000000028609,81.700000000028609,0,0,0,E40_P20,42,332,2023-11-29,1,1
discharge_MWh,30,1465.0596448753581,109.54332500002435,287.63355512503153,-1.945880345744377e-13,287.63355512503131,E40_P20,42,259,2023-09-17,16,15.999999999999998
discharge_MWh,31,360.72318833781668,66.958375000023423,-25.931313337699578,0,-25.931313337699578,E40_P20,42,188,2023-07-08,5,5
discharge_MWh,32,197.9703750000443,30.400000000010643,-76.370375000001729,0,-76.370375000001729,E40_P20,42,262,2023-09-20,4,4
discharge_MWh,33,513.71867500017981,30.400000000010643,-27.318675000009534,-5.4001247917786519e-14,-27.318675000009591,E40_P20,42,316,2023-11-13,16,15.999999999999998
discharge_MWh,34,604.2470758556251,76.807737500022085,163.83029914459576,0,163.83029914459576,E40_P20,42,352,2023-12-19,10,10
discharge_MWh,35,77.085225000012201,77.085225000012201,0,-8.5581791653424279e-15,-1.4210854715202004e-14,E40_P20,42,123,2023-05-04,1,0.99999999999999989
discharge_MWh,36,90.400000000010635,90.400000000010635,0,-1.0036416142612596e-14,-1.4210854715202004e-14,E40_P20,42,186,2023-07-06,1,0.99999999999999989
discharge_MWh,37,108.16000000003592,108.16000000003592,0,0,0,E40_P20,42,70,2023-03-12,1,1
discharge_MWh,38,1716.485308377554,86.728125000016348,-68.650933377243518,-4.9299231363884444e-11,-68.650933377292631,E40_P20,42,27,2023-01-28,19,18.999999999999432
discharge_MWh,39,709.03155000024833,30.400000000010639,-40.231550000014295,-6.6961547418055274e-11,-40.231550000081256,E40_P20,42,275,2023-10-03,22,21.999999999997797
discharge_MWh,40,185.74000000005321,50.020000000010661,14.339999999989431,-2.2213342276704867e-14,14.339999999989402,E40_P20,42,112,2023-04-23,4,3.9999999999999996
discharge_MWh,41,1741.5226375005,89.854800000031489,-34.281437499901585,912.96165532777059,878.680217827869,E40_P20,42,206,2023-07-26,19,29.16041052150192
discharge_MWh,42,44.310000000007314,44.310000000007314,0,0,0,E40_P20,42,74,2023-03-16,1,1
discharge_MWh,43,6.4899999999999931,6.4899999999999931,0,0,0,E40_P20,42,140,2023-05-21,1,1
discharge_MWh,44,1342.3265051878318,109.36000000002859,79.353494812539793,-5.6724616115403755e-11,79.353494812483177,E40_P20,42,289,2023-10-17,13,12.999999999999481
discharge_MWh,45,56.028775000012899,56.028775000012899,0,-6.2204436046556676e-15,-7.1054273576010019e-15,E40_P20,42,343,2023-12-10,1,0.99999999999999989
discharge_MWh,46,123.26000000004257,30.400000000010643,-1.6599999999999966,2.700062395889326e-14,-1.6599999999999682,E40_P20,42,333,2023-11-30,4,4.0000000000000009
discharge_MWh,47,83.907325000029402,45.40667500001593,6.9060250000024581,0,6.9060250000024581,E40_P20,42,308,2023-11-05,2,2
total_cost_CNY,0,5330161.7306500394,876361.49360995833,-2701077.2498201644,2.6308749387042055e-07,-2701077.2498199013,E40_P20,42,43,2023-02-13,3,3.0000000000003002
total_cost_CNY,1,27214124.167076785,2455425.1770930979,-2659872.3961458057,0,-2659872.3961458057,E40_P20,42,211,2023-07-31,10,10
total_cost_CNY,2,27931970.584111396,2346281.0574351558,223402.10511047393,-22.179347907426763,223379.92576256767,E40_P20,42,1,2023-01-02,12,11.999990547020001
total_cost_CNY,3,37225612.025026582,1570586.446170592,-5813883.1016147435,-5.5798439510489288e-09,-5813883.1016147472,E40_P20,42,63,2023-03-05,20,19.999999999999996
total_cost_CNY,4,1645733.5877927609,479001.66275109811,-208728.59953946667,523908.56930875231,315179.96976928576,E40_P20,42,12,2023-01-13,3,4.0937510452463481
total_cost_CNY,5,3460375.0141521776,908398.78992541542,173220.14554948406,-4.0341010084673075e-10,173220.1455494836,E40_P20,42,31,2023-02-01,4,3.9999999999999996
total_cost_CNY,6,49058723.447740741,3598397.1563430992,4917233.8974057436,-2.7038318200090057e-06,4917233.8974030465,E40_P20,42,302,2023-10-30,15,14.999999999999249
total_cost_CNY,7,3026310.8032582239,1415755.9042606922,-194798.99473683955,-3.1436096043184585e-10,-194798.99473684002,E40_P20,42,187,2023-07-07,2,1.9999999999999998
total_cost_CNY,8,5645576.7147416063,3229477.2646485041,813377.81455540191,-7.1708800334324787e-10,813377.81455540098,E40_P20,42,179,2023-06-29,2,1.9999999999999998
total_cost_CNY,9,47980093.967174388,3054465.9685930992,13109225.404687591,-6.7146630611416196,13109218.690024532,E40_P20,42,7,2023-01-08,20,19.999997801690007
total_cost_CNY,10,383427.20580650278,383427.20580650278,0,-4.256897121540679e-11,-5.8207660913467407e-11,E40_P20,42,13,2023-01-14,1,0.99999999999999989
total_cost_CNY,11,4495262.457898533,738928.60038268031,-800619.45598513167,0,-800619.45598513167,E40_P20,42,183,2023-07-03,5,5
total_cost_CNY,12,37777011.660097957,2075751.3163430989,-413487.96592217684,-18681729.427372806,-19095217.393294983,E40_P20,42,228,2023-08-17,18,9.0000156183039994
total_cost_CNY,13,45256953.462770984,2061612.9107378309,98530.573461294174,-14617065.072534069,-14518534.499072772,E40_P20,42,363,2023-12-30,22,14.909888662220899
total_cost_CNY,14,4857511.6779889632,1370156.1951194168,623113.10248870403,5480624.7804776672,6103737.8829663713,E40_P20,42,106,2023-04-17,4,8
total_cost_CNY,15,589450.71771820111,589450.71771820111,0,0,0,E40_P20,42,91,2023-04-02,1,1
total_cost_CNY,16,2481560.5968616926,677279.82143520366,227558.68887912203,0,227558.68887912203,E40_P20,42,238,2023-08-27,4,4
total_cost_CNY,17,27115517.598357491,1783643.136343101,-5711799.9622402787,8.5546440475894284e-07,-5711799.9622394219,E40_P20,42,165,2023-06-15,12,12.00000000000048
total_cost_CNY,18,7008346.7523856843,805634.89456539997,-563267.59586248454,0,-563267.59586248454,E40_P20,42,105,2023-04-16,8,8
total_cost_CNY,19,66691100.506832227,4100409.2424878329,7116265.8579487652,-5.9290050618178755e-06,7116265.8579428345,E40_P20,42,86,2023-03-28,18,17.999999999998554
total_cost_CNY,20,606963.21618600353,606963.21618600353,0,-6.7386453771023761e-11,-1.1641532182693481e-10,E40_P20,42,348,2023-12-15,1,0.99999999999999989
total_cost_CNY,21,1368921.5003906882,685440.26934112166,1959.0382915551309,0,1959.0382915551309,E40_P20,42,152,2023-06-02,2,2
total_cost_CNY,22,14258937.259866498,1593910.002598641,-1507657.2390773706,-1.4156764672522834e-09,-1507657.2390773725,E40_P20,42,94,2023-04-05,8,7.9999999999999991
total_cost_CNY,23,2008388.8092868822,681439.52697547339,35929.771639537998,2.0426846023921842e-07,35929.77163974219,E40_P20,42,104,2023-04-15,3,3.0000000000002998
total_cost_CNY,24,1898011.9870640095,639363.22931871307,20077.70089212968,534473.00879414787,554550.70968627743,E40_P20,42,125,2023-05-06,3,3.8359458040207706
total_cost_CNY,25,5412771.1196805676,831065.11423299043,-2088510.6627486059,-7.3813409982736149e-10,-2088510.6627486069,E40_P20,42,315,2023-11-12,4,3.9999999999999991
total_cost_CNY,26,1182939.7920241407,606580.77632567182,30221.760627202922,-1.3468798883435258e-10,30221.76062720269,E40_P20,42,92,2023-04-03,2,1.9999999999999998
total_cost_CNY,27,7183001.8166754125,1441488.4131851899,24440.249250537716,-1.2802989008388632e-09,24440.249250535853,E40_P20,42,345,2023-12-12,5,4.9999999999999991
total_cost_CNY,28,26165104.167938046,2267801.0906128227,1048508.9194158241,1.0917028979592569e-06,1048508.9194169194,E40_P20,42,196,2023-07-16,12,12.000000000000481
total_cost_CNY,29,645728.74248783605,645728.74248783605,0,0,0,E40_P20,42,332,2023-11-29,1,1
total_cost_CNY,30,45852692.29594221,1804572.5885598497,-16979530.878984615,-3.2055648598825031e-09,-16979530.878984619,E40_P20,42,259,2023-09-17,16,15.999999999999998
total_cost_CNY,31,13707751.430257192,2616750.9433430978,-623996.7135417033,0,-623996.7135417033,E40_P20,42,188,2023-07-08,5,5
total_cost_CNY,32,5041508.3779950012,1574060.3214352035,1254732.907745813,0,1254732.907745813,E40_P20,42,262,2023-09-20,4,4
total_cost_CNY,33,43633256.579713166,3403835.8214352033,10828116.563250087,-6.0464270416019931e-09,10828116.56325008,E40_P20,42,316,2023-11-13,16,15.999999999999998
total_cost_CNY,34,14906770.768074006,1359328.0910470379,-1313489.8576036282,0,-1313489.8576036282,E40_P20,42,352,2023-12-19,10,10
total_cost_CNY,35,1394767.6078957273,1394767.6078957273,0,-1.5485031122871887e-10,-2.3283064365386963e-10,E40_P20,42,123,2023-05-04,1,0.99999999999999989
total_cost_CNY,36,640668.1067538705,640668.1067538705,0,-7.1128448326115478e-11,-1.1641532182693481e-10,E40_P20,42,186,2023-07-06,1,0.99999999999999989
total_cost_CNY,37,2058691.4962274518,2058691.4962274518,0,0,0,E40_P20,42,70,2023-03-12,1,1
total_cost_CNY,38,40465759.3918854,1935645.007809855,-3688504.243498154,-1.1002867994476759e-06,-3688504.2434992567,E40_P20,42,27,2023-01-28,19,18.999999999999432
total_cost_CNY,39,80516447.275232285,3666853.3214352033,154325.79634219408,-8.0769135709950956e-06,154325.79633411765,E40_P20,42,275,2023-10-03,22,21.999999999997797
total_cost_CNY,40,5160034.9239678504,1629449.8857011292,1357764.6188366665,-7.2362111223128932e-10,1357764.6188366655,E40_P20,42,112,2023-04-23,4,3.9999999999999996
total_cost_CNY,41,60279554.374578759,2772330.3025930971,-7605278.6253099144,28168013.975545503,20562735.350235596,E40_P20,42,206,2023-07-26,19,29.16041052150192
total_cost_CNY,42,676874.88126910327,676874.88126910327,0,0,0,E40_P20,42,74,2023-03-16,1,1
total_cost_CNY,43,562447.64525802364,562447.64525802364,0,0,0,E40_P20,42,140,2023-05-21,1,1
total_cost_CNY,44,18803149.504556563,1770995.7122939297,4219794.7552645244,-9.1860874105589732e-07,4219794.7552636042,E40_P20,42,289,2023-10-17,13,12.999999999999481
total_cost_CNY,45,815400.92505431408,815400.92505431408,0,-9.0527688129595116e-11,-1.1641532182693481e-10,E40_P20,42,343,2023-12-10,1,0.99999999999999989
total_cost_CNY,46,5419392.6530538332,1224508.3214352035,-521359.367313019,1.0875818658419721e-09,-521359.36731301807,E40_P20,42,333,2023-11-30,4,4.0000000000000009
total_cost_CNY,47,2726966.7993441932,2100856.8150930968,1474746.8308420004,0,1474746.8308420004,E40_P20,42,308,2023-11-05,2,2
thermal_cost_CNY,0,2122927.1242086845,678447.00093998644,-87586.121388725238,2.0367271097906628e-07,-87586.121388521511,E40_P20,42,43,2023-02-13,3,3.0000000000003002
thermal_cost_CNY,1,7478916.5993622281,741612.23684210342,-62794.23094119411,0,-62794.23094119411,E40_P20,42,211,2023-07-31,10,10
thermal_cost_CNY,2,10280862.32409972,867864.97368421045,133517.3601108063,-8.2039102378696391,133509.15620056726,E40_P20,42,1,2023-01-02,12,11.999990547020001
thermal_cost_CNY,3,14497120.149182782,735124.16434209724,205363.13765916228,-2.6116856742749563e-09,205363.13765916042,E40_P20,42,63,2023-03-05,20,19.999999999999996
thermal_cost_CNY,4,1591415.0656249882,457260.99999999808,-219632.06562499399,500129.69670038827,280497.63107539434,E40_P20,42,12,2023-01-13,3,4.0937510452463481
thermal_cost_CNY,5,2414499.1883071861,638798.97337298351,140696.70518474793,-2.8368373133823944e-10,140696.70518474746,E40_P20,42,31,2023-02-01,4,3.9999999999999996
thermal_cost_CNY,6,11692136.093604527,784021.73684210342,68189.959027023986,-5.89113104404166e-07,68189.95902643539,E40_P20,42,302,2023-10-30,15,14.999999999999249
thermal_cost_CNY,7,1337382.8476454248,667694.47645429242,-1993.894736839924,-1.4825795623491898e-10,-1993.8947368401568,E40_P20,42,187,2023-07-07,2,1.9999999999999998
thermal_cost_CNY,8,1484988.4736842106,743393.73684210528,1799,-1.6506656860084796e-10,1798.9999999997672,E40_P20,42,179,2023-06-29,2,1.9999999999999998
thermal_cost_CNY,9,15583338.365278672,791182.7368421033,240316.37156339362,-1.7392649164572538,240314.63229847699,E40_P20,42,7,2023-01-08,20,19.999997801690007
thermal_cost_CNY,10,299630.344999997,299630.344999997,0,-3.3265650789537582e-11,-5.8207660913467407e-11,E40_P20,42,13,2023-01-14,1,0.99999999999999989
thermal_cost_CNY,11,3322478.3275623107,654468.16066481767,-50137.524238222279,0,-50137.524238222279,E40_P20,42,183,2023-07-03,5,5
thermal_cost_CNY,12,12971614.649700472,725687.23684210517,90755.613457420841,-6531173.7975750733,-6440418.1841176525,E40_P20,42,228,2023-08-17,18,9.0000156183039994
thermal_cost_CNY,13,17290113.954287011,782485.23684210354,-75438.743760734797,-5547907.4493789636,-5623346.1931396965,E40_P20,42,363,2023-12-30,22,14.909888662220899
thermal_cost_CNY,14,2548814.1174004846,641847.26731301728,18574.951851584483,2567389.0692520691,2585964.0211036536,E40_P20,42,106,2023-04-17,4,8
thermal_cost_CNY,15,470384.98684209964,470384.98684209964,0,0,0,E40_P20,42,91,2023-04-02,1,1
thermal_cost_CNY,16,2399765.1540932078,656363.47368421045,225688.740643634,0,225688.740643634,E40_P20,42,238,2023-08-27,4,4
thermal_cost_CNY,17,9083638.2334277239,731689.73684210517,-303361.39132246189,3.5093035845677957e-07,-303361.39132211171,E40_P20,42,165,2023-06-15,12,12.00000000000048
thermal_cost_CNY,18,5196631.1759002497,635263.46675900009,-114523.44182824902,0,-114523.44182824902,E40_P20,42,105,2023-04-16,8,8
thermal_cost_CNY,19,14407390.830384251,807303.73684210342,124076.43277361058,-1.1673244447320603e-06,124076.4327724427,E40_P20,42,86,2023-03-28,18,17.999999999998554
thermal_cost_CNY,20,526017.62087949784,526017.62087949784,0,-5.8399687405896499e-11,-1.1641532182693481e-10,E40_P20,42,348,2023-12-15,1,0.99999999999999989
thermal_cost_CNY,21,1305440.7851384883,672925.00259002228,40409.220041556284,0,40409.220041556284,E40_P20,42,152,2023-06-02,2,2
thermal_cost_CNY,22,5681399.5111253336,741866.17590027535,253529.89607686922,-6.5890952774008169e-10,253529.89607686829,E40_P20,42,94,2023-04-05,8,7.9999999999999991
thermal_cost_CNY,23,1746954.0740997093,608545.0872576118,78681.187673126115,1.8241760719689992e-07,78681.187673308421,E40_P20,42,104,2023-04-15,3,3.0000000000002998
thermal_cost_CNY,24,1861363.734241958,627219.01033591689,20293.296765792649,524321.09989237005,544614.39665816282,E40_P20,42,125,2023-05-06,3,3.8359458040207706
thermal_cost_CNY,25,2696607.1786703495,660158.90858725656,-55971.544321323279,-5.8633889617998897e-10,-55971.544321323745,E40_P20,42,315,2023-11-12,4,3.9999999999999991
thermal_cost_CNY,26,999963.01753941353,538863.27003941766,77763.5225394218,-1.1965168190451296e-10,77763.522539421567,E40_P20,42,92,2023-04-03,2,1.9999999999999998
thermal_cost_CNY,27,3899895.759920354,798673.47368421045,93471.608500698116,-7.0936454371325159e-10,93471.60850069765,E40_P20,42,345,2023-12-12,5,4.9999999999999991
thermal_cost_CNY,28,9085379.6383516565,759490.1274671026,28501.891253575683,3.6561300572583518e-07,28501.891253940761,E40_P20,42,196,2023-07-16,12,12.000000000000481
thermal_cost_CNY,29,566178.2368421033,566178.2368421033,0,0,0,E40_P20,42,332,2023-11-29,1,1
thermal_cost_CNY,30,12132745.671973668,739407.24559209647,-302229.7425001245,-1.3134511178096213e-09,-302229.74250012636,E40_P20,42,259,2023-09-17,16,15.999999999999998
thermal_cost_CNY,31,3809766.5382296881,757757.73684210517,-20977.854019162245,0,-20977.854019162245,E40_P20,42,188,2023-07-08,5,5
thermal_cost_CNY,32,2987552.0083102426,757243.97368421056,41423.886426599696,0,41423.886426599696,E40_P20,42,262,2023-09-20,4,4
thermal_cost_CNY,33,13508308.578947369,844719.47368421056,7203,-1.5005232144535273e-09,7202.9999999981374,E40_P20,42,316,2023-11-13,16,15.999999999999998
thermal_cost_CNY,34,7334712.3651448507,769506.96052630839,360357.24011823349,0,360357.24011823349,E40_P20,42,352,2023-12-19,10,10
thermal_cost_CNY,35,683595.34487534559,683595.34487534559,0,-7.5894329140718318e-11,-1.1641532182693481e-10,E40_P20,42,123,2023-05-04,1,0.99999999999999989
thermal_cost_CNY,36,462482.99999999627,462482.99999999627,0,-5.1345927509771214e-11,-5.8207660913467407e-11,E40_P20,42,186,2023-07-06,1,0.99999999999999989
thermal_cost_CNY,37,658707.96952908509,658707.96952908509,0,0,0,E40_P20,42,70,2023-03-12,1,1
thermal_cost_CNY,38,14325385.623646701,759521.73684210342,105527.37635326385,-4.3173812221204082e-07,105527.37635283172,E40_P20,42,27,2023-01-28,19,18.999999999999432
thermal_cost_CNY,39,18950988.184210524,879736.97368421056,403225.23684210703,-1.9377812196957597e-06,403225.23684016988,E40_P20,42,275,2023-10-03,22,21.999999999997797
thermal_cost_CNY,40,3330028.1329639843,853637.33795013581,84521.218836558983,-3.7909113090878668e-10,84521.218836558517,E40_P20,42,112,2023-04-23,4,3.9999999999999996
thermal_cost_CNY,41,13995392.986842096,733212.23684210528,-64360.486842095852,7449737.3257044842,7385376.8388623893,E40_P20,42,206,2023-07-26,19,29.16041052150192
thermal_cost_CNY,42,633957.43351800228,633957.43351800228,0,0,0,E40_P20,42,74,2023-03-16,1,1
thermal_cost_CNY,43,550270.39750692423,550270.39750692423,0,0,0,E40_P20,42,140,2023-05-21,1,1
thermal_cost_CNY,44,9254897.8424687795,721262.60664819565,121516.04395776428,-3.7411617118236709e-07,121516.04395738989,E40_P20,42,289,2023-10-17,13,12.999999999999481
thermal_cost_CNY,45,703499.28955332085,703499.28955332085,0,-7.8104110906953667e-11,-1.1641532182693481e-10,E40_P20,42,343,2023-12-10,1,0.99999999999999989
thermal_cost_CNY,46,3093410.6620498612,770291.97368421045,-12242.767313019373,6.8415670789453249e-10,-12242.767313018907,E40_P20,42,333,2023-11-30,4,4.0000000000000009
thermal_cost_CNY,47,1334432.9005920996,729090.40059210337,123747.90059210709,0,123747.90059210709,E40_P20,42,308,2023-11-05,2,2
curtailment_cost_CNY,0,84837.090914137021,22683.772894740334,-16785.772229916023,6.8097662961206075e-09,-16785.772229909213,E40_P20,42,43,2023-02-13,3,3.0000000000003002
curtailment_cost_CNY,1,180359.59873966195,13996.750000001759,-40392.098739644367,0,-40392.098739644367,E40_P20,42,211,2023-07-31,10,10
curtailment_cost_CNY,2,0,0,0,-0,0,E40_P20,42,1,2023-01-02,12,11.999990547020001
curtailment_cost_CNY,3,1174004.6367966086,58856.580550001228,3126.9742034159135,-2.0910057880741287e-10,3126.9742034156807,E40_P20,42,63,2023-03-05,20,19.999999999999996
curtailment_cost_CNY,4,16962.615789474185,9406.3000000004868,11256.284210527276,10288.150456901258,21544.434667428533,E40_P20,42,12,2023-01-13,3,4.0937510452463481
curtailment_cost_CNY,5,7593.4736842105394,4213.1578947368462,9259.1578947368453,-1.8710179604472393e-12,9259.1578947368416,E40_P20,42,31,2023-02-01,4,3.9999999999999996
curtailment_cost_CNY,6,453193.11838829395,29322.7350000027,-13352.093388253474,-2.2033072086815407e-08,-13352.093388275476,E40_P20,42,302,2023-10-30,15,14.999999999999249
curtailment_cost_CNY,7,272858.36011081265,123761.18005540629,-25336.000000000058,-2.7480502330458355e-11,-25336.000000000087,E40_P20,42,187,2023-07-07,2,1.9999999999999998
curtailment_cost_CNY,8,187558.2900554105,77267.180055406308,-33023.929944597883,-1.7156760469073952e-11,-33023.929944597912,E40_P20,42,179,2023-06-29,2,1.9999999999999998
curtailment_cost_CNY,9,423470.77847449196,23382.080000002326,44170.82152555458,-0.051401060114279175,44170.770124494447,E40_P20,42,7,2023-01-08,20,19.999997801690007
curtailment_cost_CNY,10,70841.180055406308,70841.180055406308,0,-7.8649509189128506e-12,-1.4551915228366852e-11,E40_P20,42,13,2023-01-14,1,0.99999999999999989
curtailment_cost_CNY,11,426876.21583104337,71622.891966763171,-68761.755997227505,0,-68761.755997227505,E40_P20,42,183,2023-07-03,5,5
curtailment_cost_CNY,12,1386212.267013442,72307.810000004276,-84671.687013365095,-650769.16067468037,-735440.84768804535,E40_P20,42,228,2023-08-17,18,9.0000156183039994
curtailment_cost_CNY,13,100141.81905530427,6157.0978947380581,35314.334628933007,-43654.509591298141,-8340.1749623651267,E40_P20,42,363,2023-12-30,22,14.909888662220899
curtailment_cost_CNY,14,714887.76011082111,194339.18005540632,62468.960110804182,777356.72022162529,839825.68033242947,E40_P20,42,106,2023-04-17,4,8
curtailment_cost_CNY,15,106243.41250000188,106243.41250000188,0,0,0,E40_P20,42,91,2023-04-02,1,1
curtailment_cost_CNY,16,23867.024930750533,0,-23867.024930750533,0,-23867.024930750533,E40_P20,42,238,2023-08-27,4,4
curtailment_cost_CNY,17,298143.0260986379,27152.335000002699,27684.993901394482,1.302270371539423e-08,27684.993901407521,E40_P20,42,165,2023-06-15,12,12.00000000000048
curtailment_cost_CNY,18,733393.37822718092,103259.18005540632,92680.062216069666,0,92680.062216069666,E40_P20,42,105,2023-04-16,8,8
curtailment_cost_CNY,19,103844.82123202531,1437.1578947368421,-77975.979126762148,-2.0780648780696777e-09,-77975.979126764229,E40_P20,42,86,2023-03-28,18,17.999999999998554
curtailment_cost_CNY,20,67973.180055406323,67973.180055406323,0,-7.5465389554503573e-12,-1.4551915228366852e-11,E40_P20,42,348,2023-12-15,1,0.99999999999999989
curtailment_cost_CNY,21,37887.715000001001,0,-37887.715000001001,0,-37887.715000001001,E40_P20,42,152,2023-06-02,2,2
curtailment_cost_CNY,22,750319.73088760232,84959.578947372211,-70643.099308624631,-7.5459264567865079e-11,-70643.099308624747,E40_P20,42,94,2023-04-05,8,7.9999999999999991
curtailment_cost_CNY,23,222690.6413088741,59930.891966762116,-42897.965408587741,1.7964897159911975e-08,-42897.965408569784,E40_P20,42,104,2023-04-15,3,3.0000000000002998
curtailment_cost_CNY,24,0,0,0,0,0,E40_P20,42,125,2023-05-06,3,3.8359458040207706
curtailment_cost_CNY,25,154439.15275624377,37503.157894740434,-4426.521177282033,-3.3309495512714834e-11,-4426.5211772820621,E40_P20,42,315,2023-11-12,4,3.9999999999999991
curtailment_cost_CNY,26,156932.98394737663,54805.005000003381,-47322.973947369872,-1.2169155683140116e-11,-47322.973947369886,E40_P20,42,92,2023-04-03,2,1.9999999999999998
curtailment_cost_CNY,27,0,0,0,-0,0,E40_P20,42,345,2023-12-12,5,4.9999999999999991
curtailment_cost_CNY,28,73924.296763440492,2098.4703947366916,-48742.65202660019,1.0101883364897251e-09,-48742.652026599186,E40_P20,42,196,2023-07-16,12,12.000000000000481
curtailment_cost_CNY,29,54821.157894739372,54821.157894739372,0,0,0,E40_P20,42,332,2023-11-29,1,1
curtailment_cost_CNY,30,793837.71350414329,52057.561966759815,39083.277964013745,-9.2472806242156151e-11,39083.277964013629,E40_P20,42,259,2023-09-17,16,15.999999999999998
curtailment_cost_CNY,31,130066.42138918402,26431.275000002501,2089.9536108284956,0,2089.9536108284956,E40_P20,42,188,2023-07-08,5,5
curtailment_cost_CNY,32,13631.024930750542,0,-13631.024930750542,0,-13631.024930750542,E40_P20,42,262,2023-09-20,4,4
curtailment_cost_CNY,33,0,0,0,-0,0,E40_P20,42,316,2023-11-13,16,15.999999999999998
curtailment_cost_CNY,34,67692.454660669624,1140.7053947359434,-56285.400713310191,0,-56285.400713310191,E40_P20,42,352,2023-12-19,10,10
curtailment_cost_CNY,35,83141.313019393696,83141.313019393696,0,-9.2305400011698175e-12,-1.4551915228366852e-11,E40_P20,42,123,2023-05-04,1,0.99999999999999989
curtailment_cost_CNY,36,165168.75900277472,165168.75900277472,0,-1.8337415919364411e-11,-2.9103830456733704e-11,E40_P20,42,186,2023-07-06,1,0.99999999999999989
curtailment_cost_CNY,37,201689.57894737349,201689.57894737349,0,0,0,E40_P20,42,70,2023-03-12,1,1
curtailment_cost_CNY,38,786616.30788628606,42324.891966762116,17556.639482194092,-2.4058915623051072e-08,17556.639482170111,E40_P20,42,27,2023-01-28,19,18.999999999999432
curtailment_cost_CNY,39,2368.8750000001364,0,-2368.8750000001364,-0,-2368.8750000001364,E40_P20,42,275,2023-10-03,22,21.999999999997797
curtailment_cost_CNY,40,0,0,0,-0,0,E40_P20,42,112,2023-04-23,4,3.9999999999999996
curtailment_cost_CNY,41,1224581.554092875,59971.670000004073,-85119.824092797702,609336.78686008241,524216.96276728483,E40_P20,42,206,2023-07-26,19,29.16041052150192
curtailment_cost_CNY,42,30362.000000001466,30362.000000001466,0,0,0,E40_P20,42,74,2023-03-16,1,1
curtailment_cost_CNY,43,0,0,0,0,0,E40_P20,42,140,2023-05-21,1,1
curtailment_cost_CNY,44,648367.87627299398,52327.157894740434,31885.176358631696,-2.7141897805308104e-08,31885.176358604571,E40_P20,42,289,2023-10-17,13,12.999999999999481
curtailment_cost_CNY,45,5829.0000000000728,5829.0000000000728,0,-6.4714900105401183e-13,-9.0949470177292824e-13,E40_P20,42,343,2023-12-10,1,0.99999999999999989
curtailment_cost_CNY,46,0,0,0,0,0,E40_P20,42,333,2023-11-30,4,4.0000000000000009
curtailment_cost_CNY,47,8270.1300000005722,0,-8270.1300000005722,0,-8270.1300000005722,E40_P20,42,308,2023-11-05,2,2
load_shedding_cost_CNY,0,3083799.9999996806,162299.99999989363,-2596899.9999999995,4.8723158840825714e-08,-2596899.9999999511,E40_P20,42,43,2023-02-13,3,3.0000000000003002
load_shedding_cost_CNY,1,19426545.249998879,1686994.9999998929,-2556595.2499999516,0,-2556595.2499999516,E40_P20,42,211,2023-07-31,10,10
load_shedding_cost_CNY,2,17501212.99999848,1465863.9999998459,89154.999999672174,-13.8567830729151,89141.143216598779,E40_P20,42,1,2023-01-02,12,11.999990547020001
load_shedding_cost_CNY,3,21292398.249997701,763399.99999989383,-6024398.2499998249,-2.7121416223959252e-09,-6024398.2499998268,E40_P20,42,63,2023-03-05,20,19.999999999999996
load_shedding_cost_CNY,4,0,0,0,0,0,E40_P20,42,12,2023-01-13,3,4.0937510452463481
load_shedding_cost_CNY,5,988099.99999968079,252799.99999989371,23099.999999894062,-1.1226575225004863e-10,23099.999999893946,E40_P20,42,31,2023-02-01,4,3.9999999999999996
load_shedding_cost_CNY,6,36718946.999998301,2772099.9999998934,4862553.0000000969,-2.0829530100740267e-06,4862552.9999980181,E40_P20,42,302,2023-10-30,15,14.999999999999249
load_shedding_cost_CNY,7,1389699.9999997874,611199.99999989395,-167299.99999999953,-1.3571366253015559e-10,-167299.99999999977,E40_P20,42,187,2023-07-07,2,1.9999999999999998
load_shedding_cost_CNY,8,3946999.9999997863,2395799.9999998929,844599.99999999953,-5.3197446447936623e-10,844599.9999999986,E40_P20,42,179,2023-06-29,2,1.9999999999999998
load_shedding_cost_CNY,9,31715077.249997672,2226999.9999998938,12824922.750000205,-4.8956363537582144,12824917.854363848,E40_P20,42,7,2023-01-08,20,19.999997801690007
load_shedding_cost_CNY,10,0,0,0,-0,0,E40_P20,42,13,2023-01-14,1,0.99999999999999989
load_shedding_cost_CNY,11,680699.99999968067,0,-680699.99999968067,0,-680699.99999968067,E40_P20,42,183,2023-07-03,5,5
load_shedding_cost_CNY,12,23183877.749997996,1264718.7499998899,-418940.24999997765,-11382448.997237097,-11801389.247237075,E40_P20,42,228,2023-08-17,18,9.0000156183039994
load_shedding_cost_CNY,13,27588014.249997377,1260218.7499998896,136798.25000019372,-8935091.2474560235,-8798292.9974558279,E40_P20,42,363,2023-12-30,22,14.909888662220899
load_shedding_cost_CNY,14,1540899.9999995751,520799.99999989383,542300.00000000023,2083199.9999995753,2625499.9999995753,E40_P20,42,106,2023-04-17,4,8
load_shedding_cost_CNY,15,0,0,0,0,0,E40_P20,42,91,2023-04-02,1,1
load_shedding_cost_CNY,16,8499.9999998937401,8499.9999998937401,25499.999999681218,0,25499.999999681218,E40_P20,42,238,2023-08-27,4,4
load_shedding_cost_CNY,17,17579303.249998614,1011999.9999998936,-5435303.249999892,4.853717427976734e-07,-5435303.2499994058,E40_P20,42,165,2023-06-15,12,12.00000000000048
load_shedding_cost_CNY,18,973290.74999945785,53899.999999894055,-542090.75000030547,0,-542090.75000030547,E40_P20,42,105,2023-04-16,8,8
load_shedding_cost_CNY,19,51952573.499998063,3279099.9999998929,7071226.5000000075,-4.7414292936308171e-06,7071226.4999952689,E40_P20,42,86,2023-03-28,18,17.999999999998554
load_shedding_cost_CNY,20,0,0,0,-0,0,E40_P20,42,348,2023-12-15,1,0.99999999999999989
load_shedding_cost_CNY,21,0,0,0,0,0,E40_P20,42,152,2023-06-02,2,2
load_shedding_cost_CNY,22,7722405.7499991404,753999.99999989371,-1690405.7499999907,-6.6968652845380002e-10,-1690405.7499999916,E40_P20,42,94,2023-04-05,8,7.9999999999999991
load_shedding_cost_CNY,23,0,0,0,0,0,E40_P20,42,104,2023-04-15,3,3.0000000000002998
load_shedding_cost_CNY,24,0,0,0,0,0,E40_P20,42,125,2023-05-06,3,3.8359458040207706
load_shedding_cost_CNY,25,2509699.9999995753,120399.9999998937,-2028100.0000000005,-1.0693668173180066e-10,-2028100.0000000007,E40_P20,42,315,2023-11-12,4,3.9999999999999991
load_shedding_cost_CNY,26,0,0,0,-0,0,E40_P20,42,92,2023-04-03,2,1.9999999999999998
load_shedding_cost_CNY,27,3220858.2499995604,630358.24999987986,-69067.000000161119,-5.5987059432982976e-10,-69067.000000161584,E40_P20,42,345,2023-12-12,5,4.9999999999999991
load_shedding_cost_CNY,28,16853936.499998648,1493573.7499998836,1068948.4999999553,7.1899550535542373e-07,1068948.5000006743,E40_P20,42,196,2023-07-16,12,12.000000000000481
load_shedding_cost_CNY,29,11799.999999893584,11799.999999893584,0,0,0,E40_P20,42,332,2023-11-29,1,1
load_shedding_cost_CNY,30,32717660.749998052,999899.99999989383,-16719260.74999975,-1.7761792037161218e-09,-16719260.749999752,E40_P20,42,259,2023-09-17,16,15.999999999999998
load_shedding_cost_CNY,31,9703749.4999994449,1819779.9999998906,-604849.49999999255,0,-604849.49999999255,E40_P20,42,188,2023-07-08,5,5
load_shedding_cost_CNY,32,1989896.2499996105,804399.99999989348,1227703.7499999634,0,1227703.7499999634,E40_P20,42,262,2023-09-20,4,4
load_shedding_cost_CNY,33,29926013.249998201,2546699.9999998934,10821186.750000093,-4.5238479629004284e-09,10821186.750000086,E40_P20,42,316,2023-11-13,16,15.999999999999998
load_shedding_cost_CNY,34,7377199.9999989364,575799.99999989395,-1619199.9999999972,0,-1619199.9999999972,E40_P20,42,352,2023-12-19,10,10
load_shedding_cost_CNY,35,615147.74999988836,615147.74999988836,0,-6.8295119559623569e-11,-1.1641532182693481e-10,E40_P20,42,123,2023-05-04,1,0.99999999999999989
load_shedding_cost_CNY,36,0,0,0,-0,0,E40_P20,42,186,2023-07-06,1,0.99999999999999989
load_shedding_cost_CNY,37,1185099.9999998934,1185099.9999998934,0,0,0,E40_P20,42,70,2023-03-12,1,1
load_shedding_cost_CNY,38,25106457.99999775,1120818.7499998899,-3810901.7499998435,-6.3711169673291006e-07,-3810901.7500004806,E40_P20,42,27,2023-01-28,19,18.999999999999432
load_shedding_cost_CNY,39,61289528.249997564,2774699.9999998934,-246128.24999991059,-6.1117830796317703e-06,-246128.25000602007,E40_P20,42,275,2023-10-03,22,21.999999999997797
load_shedding_cost_CNY,40,1779699.9999994677,763199.99999989395,1273100.000000108,-3.3892888495752069e-10,1273100.0000001076,E40_P20,42,112,2023-04-23,4,3.9999999999999996
load_shedding_cost_CNY,41,44812029.999997899,1966135.4999998878,-7455455.5000000298,19976743.820897296,12521288.320897266,E40_P20,42,206,2023-07-26,19,29.16041052150192
load_shedding_cost_CNY,42,0,0,0,0,0,E40_P20,42,74,2023-03-16,1,1
load_shedding_cost_CNY,43,0,0,0,0,0,E40_P20,42,140,2023-05-21,1,1
load_shedding_cost_CNY,44,8728999.9999986179,984199.99999989383,4065600.0000000019,-5.1050079719056108e-07,4065599.9999994915,E40_P20,42,289,2023-10-17,13,12.999999999999481
load_shedding_cost_CNY,45,93399.999999893611,93399.999999893611,0,-1.0369483049987151e-11,-1.4551915228366852e-11,E40_P20,42,343,2023-12-10,1,0.99999999999999989
load_shedding_cost_CNY,46,2276299.9999995744,441799.99999989365,-509099.99999999977,3.9239722582342087e-10,-509099.9999999993,E40_P20,42,333,2023-11-30,4,4.0000000000000009
load_shedding_cost_CNY,47,1359199.9999998938,1359199.9999998938,1359199.9999998938,0,1359199.9999998938,E40_P20,42,308,2023-11-05,2,2
storage_variable_om_CNY,0,2260.4722742388753,818.3720242385117,194.64379847665987,2.4567880547065442e-10,194.64379847690543,E40_P20,42,43,2023-02-13,3,3.0000000000003002
storage_variable_om_CNY,1,7179.2414650212413,708.84250000024838,-90.816465018757299,0,-90.816465018757299,E40_P20,42,211,2023-07-31,10,10
storage_variable_om_CNY,2,4547.0870000015184,439.73600000015404,729.74500000033004,-0.0041568156127404516,729.74084318471705,E40_P20,42,1,2023-01-02,12,11.999990547020001
storage_variable_om_CNY,3,19842.034027505219,1093.3535275002444,2025.0365224996676,-3.8843720329148978e-12,2025.036522499664,E40_P20,42,63,2023-03-05,20,19.999999999999996
storage_variable_om_CNY,4,1018.8631250003087,222.01500000007772,-352.81812500007561,242.82913831045298,-109.98898668962261,E40_P20,42,12,2023-01-13,3,4.0937510452463481
storage_variable_om_CNY,5,1732.9611567023114,474.31090670187132,164.28247010517384,-2.106363557805008e-13,164.28247010517362,E40_P20,42,31,2023-02-01,4,3.9999999999999996
storage_variable_om_CNY,6,12762.019483128755,840.33675000029439,-156.96823312434026,-6.3142814576999583e-10,-156.96823312497145,E40_P20,42,302,2023-10-30,15,14.999999999999249
storage_variable_om_CNY,7,2144.9000000002125,987.90000000010662,-169.09999999999923,-2.193578652054621e-13,-169.09999999999945,E40_P20,42,187,2023-07-07,2,1.9999999999999998
storage_variable_om_CNY,8,1805.2555000004222,904.00000000010641,2.7444999997906052,-2.0072832285225193e-13,2.7444999997903778,E40_P20,42,179,2023-06-29,2,1.9999999999999998
storage_variable_om_CNY,9,15960.618401567335,788.80400000027589,-184.53840156181832,-0.0017340357154878444,-184.54013559753366,E40_P20,42,7,2023-01-08,20,19.999997801690007
storage_variable_om_CNY,10,843.33300000008524,843.33300000008524,0,-9.3628771402630177e-14,-1.1368683772161603e-13,E40_P20,42,13,2023-01-14,1,0.99999999999999989
storage_variable_om_CNY,11,4646.1757500009662,725.20000000005325,-1020.1757500006997,0,-1020.1757500006997,E40_P20,42,183,2023-07-03,5,5
storage_variable_om_CNY,12,17284.733866254974,925.17175000032353,-631.64236624915065,-8326.5313003892679,-8958.1736666384186,E40_P20,42,228,2023-08-17,18,9.0000156183039994
storage_variable_om_CNY,13,12211.788907105718,639.47825000022408,1856.7325928992122,-4533.9719905897273,-2677.239397690515,E40_P20,42,363,2023-12-30,22,14.909888662220899
storage_variable_om_CNY,14,4460.4094736851666,1057.4000000001067,-230.80947368473971,4229.6000000004269,3998.7905263156872,E40_P20,42,106,2023-04-17,4,8
storage_variable_om_CNY,15,709.97062500020047,709.97062500020047,0,0,0,E40_P20,42,91,2023-04-02,1,1
storage_variable_om_CNY,16,979.02683344310265,304.00000000010641,236.973166557323,0,236.973166557323,E40_P20,42,238,2023-08-27,4,4
storage_variable_om_CNY,17,9084.9158193195672,688.71675000024106,-820.3148193166744,3.30319811503559e-10,-820.31481931634335,E40_P20,42,165,2023-06-15,12,12.00000000000048
storage_variable_om_CNY,18,8132.6662500011171,1099.9000000001065,666.53374999973494,0,666.53374999973494,E40_P20,42,105,2023-04-16,8,8
storage_variable_om_CNY,19,9269.0956980977862,456.00000000015962,-1061.0956980949122,-6.5935523707617335e-10,-1061.0956980955725,E40_P20,42,86,2023-03-28,18,17.999999999998554
storage_variable_om_CNY,20,860.06750000000852,860.06750000000852,0,-9.5486674123180628e-14,-1.1368683772161603e-13,E40_P20,42,348,2023-12-15,1,0.99999999999999989
storage_variable_om_CNY,21,1368.3047500002292,402.91900000001959,-562.46675000019002,0,-562.46675000019002,E40_P20,42,152,2023-06-02,2,2
storage_variable_om_CNY,22,7913.4858456267693,971.90000000029602,-138.28584562440119,-8.6322060610681463e-13,-138.2858456244021,E40_P20,42,94,2023-04-05,8,7.9999999999999991
storage_variable_om_CNY,23,2407.0506250005501,851.20000000005336,146.54937499960988,2.5515589641146795e-10,146.54937499986499,E40_P20,42,104,2023-04-15,3,3.0000000000002998
storage_variable_om_CNY,24,311.20956875339579,31.871231696820978,-215.59587366293286,26.642622405931281,-188.95325125700157,E40_P20,42,125,2023-05-06,3,3.8359458040207706
storage_variable_om_CNY,25,3575.3972500009859,890.70000000028585,-12.597249999842461,-7.9110051842715543e-13,-12.59724999984337,E40_P20,42,315,2023-11-12,4,3.9999999999999991
storage_variable_om_CNY,26,1819.0950351517017,800.15353515134484,-218.78796484901204,-1.7766977559204752e-13,-218.78796484901227,E40_P20,42,92,2023-04-03,2,1.9999999999999998
storage_variable_om_CNY,27,1686.068000000452,344.34175000012056,35.640750000150774,-3.0583691135188267e-13,35.640750000150547,E40_P20,42,345,2023-12-12,5,4.9999999999999991
storage_variable_om_CNY,28,6515.5598111058898,526.39500000018427,-198.81981110367815,2.5340271214711039e-10,-198.81981110342531,E40_P20,42,196,2023-07-16,12,12.000000000000481
storage_variable_om_CNY,29,817.00000000028604,817.00000000028604,0,0,0,E40_P20,42,332,2023-11-29,1,1
storage_variable_om_CNY,30,14650.596448753582,1095.4332500002436,2876.3355512503149,-1.9458803457443771e-12,2876.3355512503113,E40_P20,42,259,2023-09-17,16,15.999999999999998
storage_variable_om_CNY,31,3607.2318833781669,669.5837500002342,-259.31313337699567,0,-259.31313337699567,E40_P20,42,188,2023-07-08,5,5
storage_variable_om_CNY,32,1979.7037500004431,304.00000000010641,-763.70375000001741,0,-763.70375000001741,E40_P20,42,262,2023-09-20,4,4
storage_variable_om_CNY,33,5137.1867500017979,304.00000000010641,-273.18675000009534,-5.4001247917786516e-13,-273.18675000009625,E40_P20,42,316,2023-11-13,16,15.999999999999998
storage_variable_om_CNY,34,6042.470758556251,768.07737500022085,1638.3029914459576,0,1638.3029914459576,E40_P20,42,352,2023-12-19,10,10
storage_variable_om_CNY,35,770.85225000012201,770.85225000012201,0,-8.5581791653424279e-14,-1.1368683772161603e-13,E40_P20,42,123,2023-05-04,1,0.99999999999999989
storage_variable_om_CNY,36,904.00000000010641,904.00000000010641,0,-1.0036416142612597e-13,-1.1368683772161603e-13,E40_P20,42,186,2023-07-06,1,0.99999999999999989
storage_variable_om_CNY,37,1081.6000000003592,1081.6000000003592,0,0,0,E40_P20,42,70,2023-03-12,1,1
storage_variable_om_CNY,38,17164.853083775539,867.28125000016348,-686.509333772432,-4.9299231363884447e-10,-686.50933377292677,E40_P20,42,27,2023-01-28,19,18.999999999999432
storage_variable_om_CNY,39,7090.3155000024826,304.00000000010641,-402.31550000014158,-6.6961547418055282e-10,-402.31550000081097,E40_P20,42,275,2023-10-03,22,21.999999999997797
storage_variable_om_CNY,40,1857.4000000005324,500.20000000010663,143.39999999989413,-2.2213342276704867e-13,143.39999999989391,E40_P20,42,112,2023-04-23,4,3.9999999999999996
storage_variable_om_CNY,41,17415.226375005001,898.54800000031491,-342.81437499901585,9129.6165532777068,8786.8021782786891,E40_P20,42,206,2023-07-26,19,29.16041052150192
storage_variable_om_CNY,42,443.10000000007312,443.10000000007312,0,0,0,E40_P20,42,74,2023-03-16,1,1
storage_variable_om_CNY,43,64.899999999999935,64.899999999999935,0,0,0,E40_P20,42,140,2023-05-21,1,1
storage_variable_om_CNY,44,13423.265051878318,1093.6000000002859,793.53494812539975,-5.6724616115403755e-10,793.53494812483223,E40_P20,42,289,2023-10-17,13,12.999999999999481
storage_variable_om_CNY,45,560.28775000012899,560.28775000012899,0,-6.2204436046556676e-14,-1.1368683772161603e-13,E40_P20,42,343,2023-12-10,1,0.99999999999999989
storage_variable_om_CNY,46,1232.6000000004256,304.00000000010641,-16.599999999999909,2.7000623958893258e-13,-16.599999999999682,E40_P20,42,333,2023-11-30,4,4.0000000000000009
storage_variable_om_CNY,47,839.07325000029414,454.06675000015929,69.060250000024439,0,69.060250000024439,E40_P20,42,308,2023-11-05,2,2
storage_investment_allocated_CNY,0,30090.467910832493,10030.155970277498,0,3.0110960107110733e-09,3.0122464522719383e-09,E40_P20,42,43,2023-02-13,3,3.0000000000003002
storage_investment_allocated_CNY,1,100301.55970277498,10030.155970277498,0,0,0,E40_P20,42,211,2023-07-31,10,10
storage_investment_allocated_CNY,2,120361.87164332997,10030.155970277498,0,-0.094814863771573735,-0.094814863768988289,E40_P20,42,1,2023-01-02,12,11.999990547020001
storage_investment_allocated_CNY,3,200603.11940554995,10030.155970277498,0,-3.5634272316107376e-11,-2.9103830456733704e-11,E40_P20,42,63,2023-03-05,20,19.999999999999996
storage_investment_allocated_CNY,4,30090.467910832493,10030.155970277498,0,10970.493576474912,10970.49357647491,E40_P20,42,12,2023-01-13,3,4.0937510452463481
storage_investment_allocated_CNY,5,40120.62388110999,10030.155970277498,0,-4.454284039513422e-12,-7.2759576141834259e-12,E40_P20,42,31,2023-02-01,4,3.9999999999999996
storage_investment_allocated_CNY,6,150452.33955416246,10030.155970277498,0,-7.5366485948567105e-09,-7.5378920882940292e-09,E40_P20,42,302,2023-10-30,15,14.999999999999249
storage_investment_allocated_CNY,7,20060.311940554995,10030.155970277498,0,-2.227142019756711e-12,-3.637978807091713e-12,E40_P20,42,187,2023-07-07,2,1.9999999999999998
storage_investment_allocated_CNY,8,20060.311940554995,10030.155970277498,0,-2.227142019756711e-12,-3.637978807091713e-12,E40_P20,42,179,2023-06-29,2,1.9999999999999998
storage_investment_allocated_CNY,9,200603.11940554995,10030.155970277498,0,-0.022049392097870612,-0.022049392107874155,E40_P20,42,7,2023-01-08,20,19.999997801690007
storage_investment_allocated_CNY,10,10030.155970277498,10030.155970277498,0,-1.1135710098783555e-12,-1.8189894035458565e-12,E40_P20,42,13,2023-01-14,1,0.99999999999999989
storage_investment_allocated_CNY,11,50150.779851387488,10030.155970277498,0,0,0,E40_P20,42,183,2023-07-03,5,5
storage_investment_allocated_CNY,12,180542.80746499496,10030.155970277498,0,-90271.24707847237,-90271.24707847237,E40_P20,42,228,2023-08-17,18,9.0000156183039994
storage_investment_allocated_CNY,13,220663.43134610495,10030.155970277498,0,-71114.92256455723,-71114.92256455723,E40_P20,42,363,2023-12-30,22,14.909888662220899
storage_investment_allocated_CNY,14,40120.62388110999,10030.155970277498,0,40120.62388110999,40120.62388110999,E40_P20,42,106,2023-04-17,4,8
storage_investment_allocated_CNY,15,10030.155970277498,10030.155970277498,0,0,0,E40_P20,42,91,2023-04-02,1,1
storage_investment_allocated_CNY,16,40120.62388110999,10030.155970277498,0,0,0,E40_P20,42,238,2023-08-27,4,4
storage_investment_allocated_CNY,17,120361.87164332997,10030.155970277498,0,4.8106267626744958e-09,4.8166839405894279e-09,E40_P20,42,165,2023-06-15,12,12.00000000000048
storage_investment_allocated_CNY,18,80241.24776221998,10030.155970277498,0,0,0,E40_P20,42,105,2023-04-16,8,8
storage_investment_allocated_CNY,19,180542.80746499496,10030.155970277498,0,-1.4503148832655703e-08,-1.4493707567453384e-08,E40_P20,42,86,2023-03-28,18,17.999999999998554
storage_investment_allocated_CNY,20,10030.155970277498,10030.155970277498,0,-1.1135710098783555e-12,-1.8189894035458565e-12,E40_P20,42,348,2023-12-15,1,0.99999999999999989
storage_investment_allocated_CNY,21,20060.311940554995,10030.155970277498,0,0,0,E40_P20,42,152,2023-06-02,2,2
storage_investment_allocated_CNY,22,80241.24776221998,10030.155970277498,0,-8.908568079026844e-12,-1.4551915228366852e-11,E40_P20,42,94,2023-04-05,8,7.9999999999999991
storage_investment_allocated_CNY,23,30090.467910832493,10030.155970277498,0,3.00664172667156e-09,3.0049704946577549e-09,E40_P20,42,104,2023-04-15,3,3.0000000000002998
storage_investment_allocated_CNY,24,30090.467910832493,10030.155970277498,0,8384.6667970273556,8384.6667970273556,E40_P20,42,125,2023-05-06,3,3.8359458040207706
storage_investment_allocated_CNY,25,40120.62388110999,10030.155970277498,0,-8.908568079026844e-12,-7.2759576141834259e-12,E40_P20,42,315,2023-11-12,4,3.9999999999999991
storage_investment_allocated_CNY,26,20060.311940554995,10030.155970277498,0,-2.227142019756711e-12,-3.637978807091713e-12,E40_P20,42,92,2023-04-03,2,1.9999999999999998
storage_investment_allocated_CNY,27,50150.779851387488,10030.155970277498,0,-8.908568079026844e-12,-7.2759576141834259e-12,E40_P20,42,345,2023-12-12,5,4.9999999999999991
storage_investment_allocated_CNY,28,120361.87164332997,10030.155970277498,0,4.8284438988325499e-09,4.8312358558177948e-09,E40_P20,42,196,2023-07-16,12,12.000000000000481
storage_investment_allocated_CNY,29,10030.155970277498,10030.155970277498,0,0,0,E40_P20,42,332,2023-11-29,1,1
storage_investment_allocated_CNY,30,160482.49552443996,10030.155970277498,0,-1.7817136158053688e-11,-2.9103830456733704e-11,E40_P20,42,259,2023-09-17,16,15.999999999999998
storage_investment_allocated_CNY,31,50150.779851387488,10030.155970277498,0,0,0,E40_P20,42,188,2023-07-08,5,5
storage_investment_allocated_CNY,32,40120.62388110999,10030.155970277498,0,0,0,E40_P20,42,262,2023-09-20,4,4
storage_investment_allocated_CNY,33,160482.49552443996,10030.155970277498,0,-1.7817136158053688e-11,-2.9103830456733704e-11,E40_P20,42,316,2023-11-13,16,15.999999999999998
storage_investment_allocated_CNY,34,100301.55970277498,10030.155970277498,0,0,0,E40_P20,42,352,2023-12-19,10,10
storage_investment_allocated_CNY,35,10030.155970277498,10030.155970277498,0,-1.1135710098783555e-12,-1.8189894035458565e-12,E40_P20,42,123,2023-05-04,1,0.99999999999999989
storage_investment_allocated_CNY,36,10030.155970277498,10030.155970277498,0,-1.1135710098783555e-12,-1.8189894035458565e-12,E40_P20,42,186,2023-07-06,1,0.99999999999999989
storage_investment_allocated_CNY,37,10030.155970277498,10030.155970277498,0,0,0,E40_P20,42,70,2023-03-12,1,1
storage_investment_allocated_CNY,38,190572.96343527245,10030.155970277498,0,-5.7014835705771802e-09,-5.7043507695198059e-09,E40_P20,42,27,2023-01-28,19,18.999999999999432
storage_investment_allocated_CNY,39,220663.43134610495,10030.155970277498,0,-2.2093248835986573e-08,-2.2089807316660881e-08,E40_P20,42,275,2023-10-03,22,21.999999999997797
storage_investment_allocated_CNY,40,40120.62388110999,10030.155970277498,0,-4.454284039513422e-12,-7.2759576141834259e-12,E40_P20,42,112,2023-04-23,4,3.9999999999999996
storage_investment_allocated_CNY,41,190572.96343527245,10030.155970277498,0,101910.50225271279,101910.50225271279,E40_P20,42,206,2023-07-26,19,29.16041052150192
storage_investment_allocated_CNY,42,10030.155970277498,10030.155970277498,0,0,0,E40_P20,42,74,2023-03-16,1,1
storage_investment_allocated_CNY,43,10030.155970277498,10030.155970277498,0,0,0,E40_P20,42,140,2023-05-21,1,1
storage_investment_allocated_CNY,44,130392.02761360747,10030.155970277498,0,-5.2026037581516769e-09,-5.2095856517553329e-09,E40_P20,42,289,2023-10-17,13,12.999999999999481
storage_investment_allocated_CNY,45,10030.155970277498,10030.155970277498,0,-1.1135710098783555e-12,-1.8189894035458565e-12,E40_P20,42,343,2023-12-10,1,0.99999999999999989
storage_investment_allocated_CNY,46,40120.62388110999,10030.155970277498,0,8.908568079026844e-12,7.2759576141834259e-12,E40_P20,42,333,2023-11-30,4,4.0000000000000009
storage_investment_allocated_CNY,47,20060.311940554995,10030.155970277498,0,0,0,E40_P20,42,308,2023-11-05,2,2
storage_fixed_om_CNY,0,6246.5753424657532,2082.1917808219177,0,6.250829382262141e-10,6.248228601180017e-10,E40_P20,42,43,2023-02-13,3,3.0000000000003002
storage_fixed_om_CNY,1,20821.917808219179,2082.1917808219177,0,0,0,E40_P20,42,211,2023-07-31,10,10
storage_fixed_om_CNY,2,24986.301369863013,2082.1917808219177,0,-0.019682917257712262,-0.01968291725643212,E40_P20,42,1,2023-01-02,12,11.999990547020001
storage_fixed_om_CNY,3,41643.835616438359,2082.1917808219177,0,-7.3974312216120017e-12,-1.4551915228366852e-11,E40_P20,42,63,2023-03-05,20,19.999999999999996
storage_fixed_om_CNY,4,6246.5753424657532,2082.1917808219177,0,2277.3994366773277,2277.3994366773268,E40_P20,42,12,2023-01-13,3,4.0937510452463481
storage_fixed_om_CNY,5,8328.767123287671,2082.1917808219177,0,-9.2467890270150021e-13,-1.8189894035458565e-12,E40_P20,42,31,2023-02-01,4,3.9999999999999996
storage_fixed_om_CNY,6,31232.876712328765,2082.1917808219177,0,-1.5645567033709384e-09,-1.5643308870494366e-09,E40_P20,42,302,2023-10-30,15,14.999999999999249
storage_fixed_om_CNY,7,4164.3835616438355,2082.1917808219177,0,-4.6233945135075011e-13,-9.0949470177292824e-13,E40_P20,42,187,2023-07-07,2,1.9999999999999998
storage_fixed_om_CNY,8,4164.3835616438355,2082.1917808219177,0,-4.6233945135075011e-13,-9.0949470177292824e-13,E40_P20,42,179,2023-06-29,2,1.9999999999999998
storage_fixed_om_CNY,9,41643.835616438359,2082.1917808219177,0,-0.0045773029985131672,-0.0045773029996780679,E40_P20,42,7,2023-01-08,20,19.999997801690007
storage_fixed_om_CNY,10,2082.1917808219177,2082.1917808219177,0,-2.3116972567537505e-13,-4.5474735088646412e-13,E40_P20,42,13,2023-01-14,1,0.99999999999999989
storage_fixed_om_CNY,11,10410.95890410959,2082.1917808219177,0,0,0,E40_P20,42,183,2023-07-03,5,5
storage_fixed_om_CNY,12,37479.452054794521,2082.1917808219177,0,-18739.693507093041,-18739.693507093045,E40_P20,42,228,2023-08-17,18,9.0000156183039994
storage_fixed_om_CNY,13,45808.219178082189,2082.1917808219177,0,-14762.971552635936,-14762.971552635932,E40_P20,42,363,2023-12-30,22,14.909888662220899
storage_fixed_om_CNY,14,8328.767123287671,2082.1917808219177,0,8328.767123287671,8328.767123287671,E40_P20,42,106,2023-04-17,4,8
storage_fixed_om_CNY,15,2082.1917808219177,2082.1917808219177,0,0,0,E40_P20,42,91,2023-04-02,1,1
storage_fixed_om_CNY,16,8328.767123287671,2082.1917808219177,0,0,0,E40_P20,42,238,2023-08-27,4,4
storage_fixed_om_CNY,17,24986.301369863013,2082.1917808219177,0,9.9865321491762027e-10,1.0004441719502211e-09,E40_P20,42,165,2023-06-15,12,12.00000000000048
storage_fixed_om_CNY,18,16657.534246575342,2082.1917808219177,0,0,0,E40_P20,42,105,2023-04-16,8,8
storage_fixed_om_CNY,19,37479.452054794521,2082.1917808219177,0,-3.0107545071960846e-09,-3.0122464522719383e-09,E40_P20,42,86,2023-03-28,18,17.999999999998554
storage_fixed_om_CNY,20,2082.1917808219177,2082.1917808219177,0,-2.3116972567537505e-13,-4.5474735088646412e-13,E40_P20,42,348,2023-12-15,1,0.99999999999999989
storage_fixed_om_CNY,21,4164.3835616438355,2082.1917808219177,0,0,0,E40_P20,42,152,2023-06-02,2,2
storage_fixed_om_CNY,22,16657.534246575342,2082.1917808219177,0,-1.8493578054030004e-12,-3.637978807091713e-12,E40_P20,42,94,2023-04-05,8,7.9999999999999991
storage_fixed_om_CNY,23,6246.5753424657532,2082.1917808219177,0,6.2415825932351262e-10,6.2391336541622877e-10,E40_P20,42,104,2023-04-15,3,3.0000000000002998
storage_fixed_om_CNY,24,6246.5753424657532,2082.1917808219177,0,1740.5994823446181,1740.5994823446181,E40_P20,42,125,2023-05-06,3,3.8359458040207706
storage_fixed_om_CNY,25,8328.767123287671,2082.1917808219177,0,-1.8493578054030004e-12,-1.8189894035458565e-12,E40_P20,42,315,2023-11-12,4,3.9999999999999991
storage_fixed_om_CNY,26,4164.3835616438355,2082.1917808219177,0,-4.6233945135075011e-13,-9.0949470177292824e-13,E40_P20,42,92,2023-04-03,2,1.9999999999999998
storage_fixed_om_CNY,27,10410.95890410959,2082.1917808219177,0,-1.8493578054030004e-12,-3.637978807091713e-12,E40_P20,42,345,2023-12-12,5,4.9999999999999991
storage_fixed_om_CNY,28,24986.301369863013,2082.1917808219177,0,1.0023519305284262e-09,1.0040821507573128e-09,E40_P20,42,196,2023-07-16,12,12.000000000000481
storage_fixed_om_CNY,29,2082.1917808219177,2082.1917808219177,0,0,0,E40_P20,42,332,2023-11-29,1,1
storage_fixed_om_CNY,30,33315.068493150684,2082.1917808219177,0,-3.6987156108060009e-12,-7.2759576141834259e-12,E40_P20,42,259,2023-09-17,16,15.999999999999998
storage_fixed_om_CNY,31,10410.95890410959,2082.1917808219177,0,0,0,E40_P20,42,188,2023-07-08,5,5
storage_fixed_om_CNY,32,8328.767123287671,2082.1917808219177,0,0,0,E40_P20,42,262,2023-09-20,4,4
storage_fixed_om_CNY,33,33315.068493150684,2082.1917808219177,0,-3.6987156108060009e-12,-7.2759576141834259e-12,E40_P20,42,316,2023-11-13,16,15.999999999999998
storage_fixed_om_CNY,34,20821.917808219179,2082.1917808219177,0,0,0,E40_P20,42,352,2023-12-19,10,10
storage_fixed_om_CNY,35,2082.1917808219177,2082.1917808219177,0,-2.3116972567537505e-13,-4.5474735088646412e-13,E40_P20,42,123,2023-05-04,1,0.99999999999999989
storage_fixed_om_CNY,36,2082.1917808219177,2082.1917808219177,0,-2.3116972567537505e-13,-4.5474735088646412e-13,E40_P20,42,186,2023-07-06,1,0.99999999999999989
storage_fixed_om_CNY,37,2082.1917808219177,2082.1917808219177,0,0,0,E40_P20,42,70,2023-03-12,1,1
storage_fixed_om_CNY,38,39561.643835616436,2082.1917808219177,0,-1.1835889954579204e-09,-1.1859810911118984e-09,E40_P20,42,27,2023-01-28,19,18.999999999999432
storage_fixed_om_CNY,39,45808.219178082189,2082.1917808219177,0,-4.5864073573994413e-09,-4.5838532969355583e-09,E40_P20,42,275,2023-10-03,22,21.999999999997797
storage_fixed_om_CNY,40,8328.767123287671,2082.1917808219177,0,-9.2467890270150021e-13,-1.8189894035458565e-12,E40_P20,42,112,2023-04-23,4,3.9999999999999996
storage_fixed_om_CNY,41,39561.643835616436,2082.1917808219177,0,21155.923277647831,21155.923277647831,E40_P20,42,206,2023-07-26,19,29.16041052150192
storage_fixed_om_CNY,42,2082.1917808219177,2082.1917808219177,0,0,0,E40_P20,42,74,2023-03-16,1,1
storage_fixed_om_CNY,43,2082.1917808219177,2082.1917808219177,0,0,0,E40_P20,42,140,2023-05-21,1,1
storage_fixed_om_CNY,44,27068.493150684932,2082.1917808219177,0,-1.0800249583553523e-09,-1.0804797057062387e-09,E40_P20,42,289,2023-10-17,13,12.999999999999481
storage_fixed_om_CNY,45,2082.1917808219177,2082.1917808219177,0,-2.3116972567537505e-13,-4.5474735088646412e-13,E40_P20,42,343,2023-12-10,1,0.99999999999999989
storage_fixed_om_CNY,46,8328.767123287671,2082.1917808219177,0,1.8493578054030004e-12,1.8189894035458565e-12,E40_P20,42,333,2023-11-30,4,4.0000000000000009
storage_fixed_om_CNY,47,4164.3835616438355,2082.1917808219177,0,0,0,E40_P20,42,308,2023-11-05,2,2
renewable_available_MWh,0,12887.02,714.05000000000007,679.93000000000029,-4.0842724757794719e-10,679.92999999959284,E40_P20,7,211,2023-07-31,19,18.999999999999428
renewable_available_MWh,1,5102.5799999999999,1064.9400000000001,222.1200000000008,0,222.1200000000008,E40_P20,7,354,2023-12-21,5,5
renewable_available_MWh,2,15920.289999999999,1128.8999999999999,-1244.5900000000001,-5.8555613691169126e-10,-1244.5900000005859,E40_P20,7,109,2023-04-20,13,12.999999999999481
renewable_available_MWh,3,5867.2200000000003,414.12,-483.65999999999985,-2.1406684425073763e-10,-483.6600000002145,E40_P20,7,112,2023-04-23,13,12.999999999999483
renewable_available_MWh,4,1813.2600000000002,1813.2600000000002,0,-2.0131230016318116e-13,-2.2737367544323206e-13,E40_P20,7,92,2023-04-03,1,0.99999999999999989
renewable_available_MWh,5,2477.9200000000001,1426.8099999999999,375.69999999999982,-6.3363092550616782e-13,375.69999999999936,E40_P20,7,121,2023-05-02,2,1.9999999999999996
renewable_available_MWh,6,9548.0699999999997,2054.7600000000002,725.73000000000138,10273.800000000001,10999.530000000002,E40_P20,7,190,2023-07-10,5,10
renewable_available_MWh,7,10110.809999999999,580,329.19000000000051,-8.3659301708394196e-10,329.18999999916377,E40_P20,7,281,2023-10-09,18,17.999999999998558
renewable_available_MWh,8,1949.8299999999999,856.06999999999994,-237.69000000000005,0,-237.69000000000005,E40_P20,7,308,2023-11-05,2,2
renewable_available_MWh,9,3421.6000000000004,1584.6600000000001,-252.2800000000002,-3.5186520364050013e-13,-252.28000000000065,E40_P20,7,187,2023-07-07,2,1.9999999999999998
renewable_available_MWh,10,12569.02,1261.3600000000001,-1216.7799999999988,3624.3395744588065,2407.5595744588063,E40_P20,7,50,2023-02-20,9,11.873358576820896
renewable_available_MWh,11,22838.580000000002,651.79999999999995,-3284.5800000000017,-6446.2938707814174,-9730.8738707814209,E40_P20,7,45,2023-02-15,30,20.110012471952412
renewable_available_MWh,12,1734.3000000000002,1734.3000000000002,0,-1.9254597916074092e-13,-2.2737367544323206e-13,E40_P20,7,332,2023-11-29,1,0.99999999999999989
renewable_available_MWh,13,1498.7,1498.7,0,-1.6638912470057222e-13,-2.2737367544323206e-13,E40_P20,7,140,2023-05-21,1,0.99999999999999989
renewable_available_MWh,14,9906.1900000000005,681.82999999999993,-1724.2300000000014,3.2822798701204191e-10,-1724.2299999996731,E40_P20,7,352,2023-12-19,12,12.000000000000481
renewable_available_MWh,15,14293.639999999999,880.26999999999998,-209.31999999999971,0,-209.31999999999971,E40_P20,7,229,2023-08-18,16,16
renewable_available_MWh,16,6581.3199999999997,259.13,-880.46000000000004,-0.0049286785125080713,-880.46492867851248,E40_P20,7,316,2023-11-13,22,21.999980979900002
renewable_available_MWh,17,2431.23,2431.23,0,0,0,E40_P20,7,13,2023-01-14,1,1
renewable_available_MWh,18,3139.1199999999999,1091.6099999999999,135.71000000000004,3.2722125009598807e-10,135.710000000327,E40_P20,7,43,2023-02-13,3,3.0000000000002998
renewable_available_MWh,19,2014.5999999999999,1099.77,184.94000000000005,0,184.94000000000005,E40_P20,7,31,2023-02-01,2,2
renewable_available_MWh,20,17597.93,910,602.06999999999971,0,602.06999999999971,E40_P20,7,290,2023-10-18,20,20
renewable_available_MWh,21,4857.8199999999997,331.74000000000001,-876.9399999999996,1.5969721545161521e-10,-876.93999999983998,E40_P20,7,47,2023-02-17,12,12.000000000000481
renewable_available_MWh,22,3963.5900000000001,1520.77,598.71999999999935,4562.271657000877,5160.9916570008772,E40_P20,7,12,2023-01-13,3,5.9999747871149989
renewable_available_MWh,23,3749.5799999999999,1278.49,85.890000000000327,3.8267267576941322e-10,85.89000000038277,E40_P20,7,125,2023-05-06,3,3.0000000000002993
renewable_available_MWh,24,7403.9499999999998,1164.28,-418.26999999999953,-1.3980874769004004e-09,-418.27000000139833,E40_P20,7,94,2023-04-05,6,5.9999999999987992
renewable_available_MWh,25,2118.9299999999998,2118.9299999999998,0,0,0,E40_P20,7,91,2023-04-02,1,1
renewable_available_MWh,26,18046.369999999999,525.72000000000003,-2274.7699999999986,-119.47215534589587,-2394.2421553458935,E40_P20,7,355,2023-12-22,30,29.772745652921905
renewable_available_MWh,27,939.86000000000001,939.86000000000001,0,0,0,E40_P20,7,343,2023-12-10,1,1
renewable_available_MWh,28,4963.0599999999995,579.50999999999999,-326.97999999999956,-5.1470827600041957e-13,-326.98000000000047,E40_P20,7,75,2023-03-17,8,7.9999999999999991
renewable_available_MWh,29,1206.0700000000002,473.10000000000002,-259.87000000000012,0,-259.87000000000012,E40_P20,7,48,2023-02-18,2,2
renewable_available_MWh,30,1943.5999999999999,1943.5999999999999,0,0,0,E40_P20,7,70,2023-03-12,1,1
renewable_available_MWh,31,1187.1900000000001,1187.1900000000001,0,0,0,E40_P20,7,123,2023-05-04,1,1
renewable_available_MWh,32,1624.05,1624.05,0,0,0,E40_P20,7,348,2023-12-15,1,1
renewable_available_MWh,33,6486.6199999999999,1693,285.38000000000011,0,285.38000000000011,E40_P20,7,177,2023-06-27,4,4
renewable_available_MWh,34,1415.4899999999998,1415.4899999999998,0,0,0,E40_P20,7,74,2023-03-16,1,1
renewable_available_MWh,35,3008.5999999999999,1691.9200000000001,375.24000000000024,-3.7568170796475899e-13,375.23999999999978,E40_P20,7,73,2023-03-15,2,1.9999999999999998
renewable_available_MWh,36,10499.530000000001,453.80000000000001,-515.93000000000029,-3.4210610814966456e-05,-515.93003421061076,E40_P20,7,363,2023-12-30,22,21.999999924613022
renewable_available_MWh,37,4189.2399999999998,1102.74,221.72000000000025,0,221.72000000000025,E40_P20,7,179,2023-06-29,4,4
renewable_available_MWh,38,2063.9300000000003,983.48000000000002,-96.970000000000255,0,-96.970000000000255,E40_P20,7,93,2023-04-04,2,2
renewable_available_MWh,39,19449.639999999999,986.94999999999993,289.36000000000058,0,289.36000000000058,E40_P20,7,222,2023-08-11,20,20
renewable_available_MWh,40,1221.6599999999999,1221.6599999999999,0,0,0,E40_P20,7,291,2023-10-19,1,1
renewable_available_MWh,41,2292.0299999999997,2292.0299999999997,0,0,0,E40_P20,7,186,2023-07-06,1,1
renewable_available_MWh,42,2274.4200000000001,2274.4200000000001,0,0,0,E40_P20,7,122,2023-05-03,1,1
renewable_available_MWh,43,22014.759999999998,1000.29,-1008.6699999999983,-756.29165431503668,-1764.9616543150369,E40_P20,7,164,2023-06-14,21,20.243927606679026
renewable_available_MWh,44,3217.79,165.25999999999999,-904.15000000000009,4.6089034810847806e-11,-904.14999999995416,E40_P20,7,79,2023-03-21,14,14.000000000000279
renewable_available_MWh,45,1151.9099999999999,1151.9099999999999,0,0,0,E40_P20,7,152,2023-06-02,1,1
renewable_available_MWh,46,1425.9200000000001,1425.9200000000001,0,0,0,E40_P20,7,69,2023-03-11,1,1
renewable_available_MWh,47,4993.0500000000002,1239.71,-34.210000000000036,0,-34.210000000000036,E40_P20,7,189,2023-07-09,4,4
renewable_used_MWh,0,11758.513236451585,644.06624999999121,478.74551354824871,-3.6839745920502261e-10,478.74551354787945,E40_P20,7,211,2023-07-31,19,18.999999999999428
renewable_used_MWh,1,4099.8216487187747,771.61588552630292,-241.74222108726008,0,-241.74222108726008,E40_P20,7,354,2023-12-21,5,5
renewable_used_MWh,2,10840.232759833536,761.10144999997738,-945.91390983383099,-3.9478042772599303e-10,-945.91390983422571,E40_P20,7,109,2023-04-20,13,12.999999999999481
renewable_used_MWh,3,5867.2200000000003,414.12,-483.65999999999985,-2.1406684425073763e-10,-483.6600000002145,E40_P20,7,112,2023-04-23,13,12.999999999999483
renewable_used_MWh,4,1539.234974999983,1539.234974999983,0,-1.7088941095533084e-13,-2.2737367544323206e-13,E40_P20,7,92,2023-04-03,1,0.99999999999999989
renewable_used_MWh,5,2358.5848753462474,1307.4748753462472,256.36487534624712,-5.8063548429132405e-13,256.36487534624666,E40_P20,7,121,2023-05-02,2,1.9999999999999996
renewable_used_MWh,6,5306.7852991688633,1191.5523749999759,650.97657583101591,5957.7618749998792,6608.7384508308951,E40_P20,7,190,2023-07-10,5,10
renewable_used_MWh,7,9049.8259333135065,511.23737499999066,152.4468166863262,-7.374096862022704e-10,152.44681668558769,E40_P20,7,281,2023-10-09,18,17.999999999998558
renewable_used_MWh,8,1908.4793499999971,856.06999999999994,-196.33934999999724,0,-196.33934999999724,E40_P20,7,308,2023-11-05,2,2
renewable_used_MWh,9,2057.3081994459367,965.85409972296839,-125.59999999999991,-2.1446269198820831e-13,-125.60000000000014,E40_P20,7,187,2023-07-07,2,1.9999999999999998
renewable_used_MWh,10,9705.6877402006849,1018.0405401661948,-543.32287870493201,2925.1955176379142,2381.8726389329822,E40_P20,7,50,2023-02-20,9,11.873358576820896
renewable_used_MWh,11,16795.515929452078,479.65554016618944,-2405.8497244663959,-4743.7873100025427,-7149.6370344689367,E40_P20,7,45,2023-02-15,30,20.110012471952412
renewable_used_MWh,12,1460.1942105263031,1460.1942105263031,0,-1.6211412329506548e-13,-2.2737367544323206e-13,E40_P20,7,332,2023-11-29,1,0.99999999999999989
renewable_used_MWh,13,1498.7,1498.7,0,-1.6638912470057222e-13,-2.2737367544323206e-13,E40_P20,7,140,2023-05-21,1,0.99999999999999989
renewable_used_MWh,14,9489.3603122229633,676.12647302632035,-1375.8426359071191,3.2548235074282563e-10,-1375.8426359067935,E40_P20,7,352,2023-12-19,12,12.000000000000481
renewable_used_MWh,15,10092.573183033292,641.57554016618406,172.63545962565331,0,172.63545962565331,E40_P20,7,229,2023-08-18,16,16
renewable_used_MWh,16,6581.3199999999997,259.13,-880.46000000000004,-0.0049286785125080713,-880.46492867851248,E40_P20,7,316,2023-11-13,22,21.999980979900002
renewable_used_MWh,17,2077.0240997229685,2077.0240997229685,0,0,0,E40_P20,7,13,2023-01-14,1,1
renewable_used_MWh,18,2714.9345454293148,978.19113552629835,219.63886114958041,2.9322278670929129e-10,219.63886114987372,E40_P20,7,43,2023-02-13,3,3.0000000000002998
renewable_used_MWh,19,1976.6326315789474,1078.7042105263158,180.7757894736842,0,180.7757894736842,E40_P20,7,31,2023-02-01,2,2
renewable_used_MWh,20,13552.917488925787,698.09554016618949,408.99331439800335,0,408.99331439800335,E40_P20,7,290,2023-10-18,20,20
renewable_used_MWh,21,4782.1076683311385,331.74000000000001,-801.22766833113837,1.5969721545161521e-10,-801.22766833097876,E40_P20,7,47,2023-02-17,12,12.000000000000481
renewable_used_MWh,22,3915.5906052631553,1473.7384999999977,505.62489473683763,4421.1783428006711,4926.8032375375087,E40_P20,7,12,2023-01-13,3,5.9999747871149989
renewable_used_MWh,23,3749.5799999999999,1278.49,85.890000000000327,3.8267267576941322e-10,85.89000000038277,E40_P20,7,125,2023-05-06,3,3.0000000000002993
renewable_used_MWh,24,4662.4849708390411,739.48210526313892,-225.59233926020715,-8.8798284842163242e-10,-225.59233926109573,E40_P20,7,94,2023-04-05,6,5.9999999999987992
renewable_used_MWh,25,1587.7129374999906,1587.7129374999906,0,0,0,E40_P20,7,91,2023-04-02,1,1
renewable_used_MWh,26,15336.310841508441,452.48402499999236,-1761.7900915086702,-102.82896166464148,-1864.6190531733118,E40_P20,7,355,2023-12-22,30,29.772745652921905
renewable_used_MWh,27,910.71499999999969,910.71499999999969,0,0,0,E40_P20,7,343,2023-12-10,1,1
renewable_used_MWh,28,4894.9048753462466,579.50999999999999,-258.8248753462467,-5.1470827600041957e-13,-258.82487534624761,E40_P20,7,75,2023-03-17,8,7.9999999999999991
renewable_used_MWh,29,1206.0699999999999,473.09999999999997,-259.87,0,-259.87,E40_P20,7,48,2023-02-18,2,2
renewable_used_MWh,30,935.15210526313263,935.15210526313263,0,0,0,E40_P20,7,70,2023-03-12,1,1
renewable_used_MWh,31,771.48343490303159,771.48343490303159,0,0,0,E40_P20,7,123,2023-05-04,1,1
renewable_used_MWh,32,1284.1840997229683,1284.1840997229683,0,0,0,E40_P20,7,348,2023-12-15,1,1
renewable_used_MWh,33,4184.2963988918737,1029.1540997229683,-67.680000000000291,0,-67.680000000000291,E40_P20,7,177,2023-06-27,4,4
renewable_used_MWh,34,1263.6799999999926,1263.6799999999926,0,0,0,E40_P20,7,74,2023-03-16,1,1
renewable_used_MWh,35,2549.1256355262931,1421.8842105262979,294.64278552630276,-3.1572171777545186e-13,294.6427855263023,E40_P20,7,73,2023-03-15,2,1.9999999999999998
renewable_used_MWh,36,10007.294577018622,423.01451052630972,-700.97534543980692,-3.188978578382352e-05,-700.97537732959427,E40_P20,7,363,2023-12-30,22,21.999999924613022
renewable_used_MWh,37,2887.2562744459033,716.40409972296834,-21.639875554029913,0,-21.639875554029913,E40_P20,7,179,2023-06-29,4,4
renewable_used_MWh,38,2063.9299999999998,983.48000000000002,-96.9699999999998,0,-96.9699999999998,E40_P20,7,93,2023-04-04,2,2
renewable_used_MWh,39,12715.702552729896,654.55109016618565,375.31925059381683,0,375.31925059381683,E40_P20,7,222,2023-08-11,20,20
renewable_used_MWh,40,1221.6599999999999,1221.6599999999999,0,0,0,E40_P20,7,291,2023-10-19,1,1
renewable_used_MWh,41,1466.1862049861263,1466.1862049861263,0,0,0,E40_P20,7,186,2023-07-06,1,1
renewable_used_MWh,42,1763.7801052631337,1763.7801052631337,0,0,0,E40_P20,7,122,2023-05-03,1,1
renewable_used_MWh,43,15007.990480539727,679.2720749999794,-743.27690554016044,-513.5788634613383,-1256.8557690014986,E40_P20,7,164,2023-06-14,21,20.243927606679026
renewable_used_MWh,44,3217.79,165.25999999999999,-904.15000000000009,4.6089034810847806e-11,-904.14999999995416,E40_P20,7,79,2023-03-21,14,14.000000000000279
renewable_used_MWh,45,1151.9099999999999,1151.9099999999999,0,0,0,E40_P20,7,152,2023-06-02,1,1
renewable_used_MWh,46,1389.1063157894737,1389.1063157894737,0,0,0,E40_P20,7,69,2023-03-11,1,1
renewable_used_MWh,47,3525.5148211218147,930.41501578946065,196.14524203602787,0,196.14524203602787,E40_P20,7,189,2023-07-09,4,4
curtailment_MWh,0,1128.5067635484149,69.983750000008797,201.18448645175226,-4.0029788372924514e-11,201.18448645171225,E40_P20,7,211,2023-07-31,19,18.999999999999428
curtailment_MWh,1,1002.758351281225,293.32411447369702,463.8622210872602,0,463.8622210872602,E40_P20,7,354,2023-12-21,5,5
curtailment_MWh,2,5080.0572401664631,367.7985500000226,-298.67609016616916,-1.9077570918569826e-10,-298.67609016636015,E40_P20,7,109,2023-04-20,13,12.999999999999481
curtailment_MWh,3,0,0,0,-0,0,E40_P20,7,112,2023-04-23,13,12.999999999999483
curtailment_MWh,4,274.02502500001691,274.02502500001691,0,-3.0422889207850291e-14,-5.6843418860808015e-14,E40_P20,7,92,2023-04-03,1,0.99999999999999989
curtailment_MWh,5,119.33512465375267,119.33512465375267,119.33512465375267,-5.2995441214843751e-14,119.33512465375262,E40_P20,7,121,2023-05-02,2,1.9999999999999996
curtailment_MWh,6,4241.2847008311373,863.20762500002411,74.753424168983656,4316.038125000121,4390.7915491691047,E40_P20,7,190,2023-07-10,5,10
curtailment_MWh,7,1060.9840666864932,68.762625000009308,176.74318331367431,-9.918333088167152e-11,176.74318331357517,E40_P20,7,281,2023-10-09,18,17.999999999998558
curtailment_MWh,8,41.350650000002858,0,-41.350650000002858,0,-41.350650000002858,E40_P20,7,308,2023-11-05,2,2
curtailment_MWh,9,1364.2918005540632,618.80590027703147,-126.68000000000029,-1.3740251165229177e-13,-126.68000000000052,E40_P20,7,187,2023-07-07,2,1.9999999999999998
curtailment_MWh,10,2863.3322597993151,243.31945983380521,-673.45712129506819,699.14405682089182,25.686935525823628,E40_P20,7,50,2023-02-20,9,11.873358576820896
curtailment_MWh,11,6043.0640705479218,172.14445983381057,-878.73027553360498,-1702.5065607788754,-2581.2368363124801,E40_P20,7,45,2023-02-15,30,20.110012471952412
curtailment_MWh,12,274.10578947369686,274.10578947369686,0,-3.0431855865675412e-14,-5.6843418860808015e-14,E40_P20,7,332,2023-11-29,1,0.99999999999999989
curtailment_MWh,13,0,0,0,-0,0,E40_P20,7,140,2023-05-21,1,0.99999999999999989
curtailment_MWh,14,416.82968777703644,5.7035269736797174,-348.38736409287981,2.7456362692163401e-12,-348.38736409287708,E40_P20,7,352,2023-12-19,12,12.000000000000481
curtailment_MWh,15,4201.0668169667078,238.69445983381593,-381.95545962565302,0,-381.95545962565302,E40_P20,7,229,2023-08-18,16,16
curtailment_MWh,16,0,0,0,-0,0,E40_P20,7,316,2023-11-13,22,21.999980979900002
curtailment_MWh,17,354.20590027703156,354.20590027703156,0,0,0,E40_P20,7,13,2023-01-14,1,1
curtailment_MWh,18,424.18545457068512,113.41886447370167,-83.928861149580086,3.399846338669682e-11,-83.928861149546094,E40_P20,7,43,2023-02-13,3,3.0000000000002998
curtailment_MWh,19,37.967368421052697,21.06578947368423,4.1642105263157632,0,4.1642105263157632,E40_P20,7,31,2023-02-01,2,2
curtailment_MWh,20,4045.0125110742138,211.90445983381051,193.07668560199636,0,193.07668560199636,E40_P20,7,290,2023-10-18,20,20
curtailment_MWh,21,75.712331668861665,0,-75.712331668861665,0,-75.712331668861665,E40_P20,7,47,2023-02-17,12,12.000000000000481
curtailment_MWh,22,47.999394736844565,47.031500000002438,93.09510526316275,141.09331420020638,234.18841946336914,E40_P20,7,12,2023-01-13,3,5.9999747871149989
curtailment_MWh,23,0,0,0,0,0,E40_P20,7,125,2023-05-06,3,3.0000000000002993
curtailment_MWh,24,2741.4650291609596,424.79789473686105,-192.67766073979328,-5.1010462847876799e-10,-192.67766074030351,E40_P20,7,94,2023-04-05,6,5.9999999999987992
curtailment_MWh,25,531.21706250000943,531.21706250000943,0,0,0,E40_P20,7,91,2023-04-02,1,1
curtailment_MWh,26,2710.0591584915592,73.235975000007642,-512.97990849132975,-16.643193681254392,-529.62310217258437,E40_P20,7,355,2023-12-22,30,29.772745652921905
curtailment_MWh,27,29.145000000000366,29.145000000000366,0,0,0,E40_P20,7,343,2023-12-10,1,1
curtailment_MWh,28,68.155124653752708,0,-68.155124653752708,-0,-68.155124653752708,E40_P20,7,75,2023-03-17,8,7.9999999999999991
curtailment_MWh,29,0,0,0,0,0,E40_P20,7,48,2023-02-18,2,2
curtailment_MWh,30,1008.4478947368674,1008.4478947368674,0,0,0,E40_P20,7,70,2023-03-12,1,1
curtailment_MWh,31,415.70656509696846,415.70656509696846,0,0,0,E40_P20,7,123,2023-05-04,1,1
curtailment_MWh,32,339.86590027703159,339.86590027703159,0,0,0,E40_P20,7,348,2023-12-15,1,1
curtailment_MWh,33,2302.3236011081262,663.84590027703166,353.0600000000004,0,353.0600000000004,E40_P20,7,177,2023-06-27,4,4
curtailment_MWh,34,151.81000000000734,151.81000000000734,0,0,0,E40_P20,7,74,2023-03-16,1,1
curtailment_MWh,35,459.47436447370717,270.03578947370215,80.597214473697136,-5.9959990189307122e-14,80.597214473697022,E40_P20,7,73,2023-03-15,2,1.9999999999999998
curtailment_MWh,36,492.23542298137812,30.785489473690291,185.04534543980827,-2.3208250311429378e-06,185.04534311898323,E40_P20,7,363,2023-12-30,22,21.999999924613022
curtailment_MWh,37,1301.9837255540965,386.33590027703156,243.35987555402971,0,243.35987555402971,E40_P20,7,179,2023-06-29,4,4
curtailment_MWh,38,0,0,0,0,0,E40_P20,7,93,2023-04-04,2,2
curtailment_MWh,39,6733.9374472701047,332.39890983381429,-85.959250593818979,0,-85.959250593818979,E40_P20,7,222,2023-08-11,20,20
curtailment_MWh,40,0,0,0,0,0,E40_P20,7,291,2023-10-19,1,1
curtailment_MWh,41,825.84379501387366,825.84379501387366,0,0,0,E40_P20,7,186,2023-07-06,1,1
curtailment_MWh,42,510.63989473686627,510.63989473686627,0,0,0,E40_P20,7,122,2023-05-03,1,1
curtailment_MWh,43,7006.7695194602729,321.01792500002057,-265.39309445984145,-242.71279085369838,-508.10588531353915,E40_P20,7,164,2023-06-14,21,20.243927606679026
curtailment_MWh,44,0,0,0,0,0,E40_P20,7,79,2023-03-21,14,14.000000000000279
curtailment_MWh,45,0,0,0,0,0,E40_P20,7,152,2023-06-02,1,1
curtailment_MWh,46,36.813684210526361,36.813684210526361,0,0,0,E40_P20,7,69,2023-03-11,1,1
curtailment_MWh,47,1467.5351788781854,309.29498421053933,-230.35524203602813,0,-230.35524203602813,E40_P20,7,189,2023-07-09,4,4
total_load_MWh,0,56140.800000000003,2924,-584.80000000000291,-1.672489702286839e-09,-584.80000000167638,E40_P20,7,211,2023-07-31,19,18.999999999999428
total_load_MWh,1,14327.6,2777.8000000000002,-438.60000000000036,0,-438.60000000000036,E40_P20,7,354,2023-12-21,5,5
total_load_MWh,2,38304.400000000001,2924,-292.40000000000146,-1.516667680334649e-09,-292.40000000151485,E40_P20,7,109,2023-04-20,13,12.999999999999481
total_load_MWh,3,37719.599999999999,2924,292.40000000000146,-1.5114736129362427e-09,292.39999999848806,E40_P20,7,112,2023-04-23,13,12.999999999999483
total_load_MWh,4,3070.1999999999998,3070.1999999999998,0,-3.4086067302041554e-13,-4.5474735088646412e-13,E40_P20,7,92,2023-04-03,1,0.99999999999999989
total_load_MWh,5,5848,2924,0,-1.2985168496015831e-12,-9.0949470177292824e-13,E40_P20,7,121,2023-05-02,2,1.9999999999999996
total_load_MWh,6,14327.6,2924,292.39999999999964,14620,14912.4,E40_P20,7,190,2023-07-10,5,10
total_load_MWh,7,55263.599999999999,3070.1999999999998,0,-4.4284618638812388e-09,-4.4310581870377064e-09,E40_P20,7,281,2023-10-09,18,17.999999999998558
total_load_MWh,8,5848,3070.1999999999998,292.39999999999964,0,292.39999999999964,E40_P20,7,308,2023-11-05,2,2
total_load_MWh,9,5994.1999999999998,2924,-146.19999999999982,-6.4925842480079154e-13,-146.20000000000073,E40_P20,7,187,2023-07-07,2,1.9999999999999998
total_load_MWh,10,26608.400000000001,3070.1999999999998,1023.3999999999978,8821.7855025555164,9845.1855025555124,E40_P20,7,50,2023-02-20,9,11.873358576820896
total_load_MWh,11,84503.600000000006,2777.8000000000002,-1169.6000000000058,-27472.407355410589,-28642.007355410591,E40_P20,7,45,2023-02-15,30,20.110012471952412
total_load_MWh,12,3070.1999999999998,3070.1999999999998,0,-3.4086067302041554e-13,-4.5474735088646412e-13,E40_P20,7,332,2023-11-29,1,0.99999999999999989
total_load_MWh,13,3070.1999999999998,3070.1999999999998,0,-3.4086067302041554e-13,-4.5474735088646412e-13,E40_P20,7,140,2023-05-21,1,0.99999999999999989
total_load_MWh,14,35526.599999999999,2924,-438.59999999999854,1.4075922649681161e-09,-438.59999999859428,E40_P20,7,352,2023-12-19,12,12.000000000000481
total_load_MWh,15,47661.199999999997,2924,-877.19999999999709,0,-877.19999999999709,E40_P20,7,229,2023-08-18,16,16
total_load_MWh,16,64181.800000000003,2924,146.19999999999709,-0.055614772394449119,146.14438522760611,E40_P20,7,316,2023-11-13,22,21.999980979900002
total_load_MWh,17,2924,2924,0,0,0,E40_P20,7,13,2023-01-14,1,1
total_load_MWh,18,9064.3999999999996,2924,-292.39999999999964,8.7649887348106859e-10,-292.39999999912288,E40_P20,7,43,2023-02-13,3,3.0000000000002998
total_load_MWh,19,5701.8000000000002,2924,146.19999999999982,0,146.19999999999982,E40_P20,7,31,2023-02-01,2,2
total_load_MWh,20,60526.799999999996,3070.1999999999998,877.20000000000437,0,877.20000000000437,E40_P20,7,290,2023-10-18,20,20
total_load_MWh,21,36842.399999999994,3070.1999999999998,0,1.4779718782165218e-09,1.4842953532934189e-09,E40_P20,7,47,2023-02-17,12,12.000000000000481
total_load_MWh,22,8625.7999999999993,2777.8000000000002,-292.39999999999782,8333.3299636480442,8040.9299636480464,E40_P20,7,12,2023-01-13,3,5.9999747871149989
total_load_MWh,23,9064.3999999999996,3070.1999999999998,146.19999999999891,9.1896037446304027e-10,146.20000000091932,E40_P20,7,125,2023-05-06,3,3.0000000000002993
total_load_MWh,24,17397.799999999999,2924,146.20000000000073,-3.5111895613226807e-09,146.19999999649008,E40_P20,7,94,2023-04-05,6,5.9999999999987992
total_load_MWh,25,2924,2924,0,0,0,E40_P20,7,91,2023-04-02,1,1
total_load_MWh,26,85819.400000000009,2924,1900.5999999999913,-664.4917108563485,1236.1082891436381,E40_P20,7,355,2023-12-22,30,29.772745652921905
total_load_MWh,27,2924,2924,0,0,0,E40_P20,7,343,2023-12-10,1,1
total_load_MWh,28,22661,2777.8000000000002,-438.59999999999854,-2.467182014243008e-12,-438.60000000000218,E40_P20,7,75,2023-03-17,8,7.9999999999999991
total_load_MWh,29,5555.6000000000004,2777.8000000000002,0,0,0,E40_P20,7,48,2023-02-18,2,2
total_load_MWh,30,2924,2924,0,0,0,E40_P20,7,70,2023-03-12,1,1
total_load_MWh,31,2777.8000000000002,2777.8000000000002,0,0,0,E40_P20,7,123,2023-05-04,1,1
total_load_MWh,32,2777.8000000000002,2777.8000000000002,0,0,0,E40_P20,7,348,2023-12-15,1,1
total_load_MWh,33,11403.6,2777.8000000000002,-292.39999999999964,0,-292.39999999999964,E40_P20,7,177,2023-06-27,4,4
total_load_MWh,34,3070.1999999999998,3070.1999999999998,0,0,0,E40_P20,7,74,2023-03-16,1,1
total_load_MWh,35,5848,2924,0,-6.4925842480079154e-13,-9.0949470177292824e-13,E40_P20,7,73,2023-03-15,2,1.9999999999999998
total_load_MWh,36,61988.800000000003,2777.8000000000002,-877.19999999999709,-0.00020940994870386476,-877.20020940994436,E40_P20,7,363,2023-12-30,22,21.999999924613022
total_load_MWh,37,12134.599999999999,3070.1999999999998,146.20000000000073,0,146.20000000000073,E40_P20,7,179,2023-06-29,4,4
total_load_MWh,38,5555.6000000000004,2777.8000000000002,0,0,0,E40_P20,7,93,2023-04-04,2,2
total_load_MWh,39,55702.200000000004,2777.8000000000002,-146.20000000000437,0,-146.20000000000437,E40_P20,7,222,2023-08-11,20,20
total_load_MWh,40,2777.8000000000002,2777.8000000000002,0,0,0,E40_P20,7,291,2023-10-19,1,1
total_load_MWh,41,2777.8000000000002,2777.8000000000002,0,0,0,E40_P20,7,186,2023-07-06,1,1
total_load_MWh,42,3070.1999999999998,3070.1999999999998,0,0,0,E40_P20,7,122,2023-05-03,1,1
total_load_MWh,43,63743.199999999997,3070.1999999999998,731,-2321.2934619740531,-1590.2934619740554,E40_P20,7,164,2023-06-14,21,20.243927606679026
total_load_MWh,44,41813.199999999997,2924,-877.19999999999709,8.1546858154979418e-10,-877.19999999918218,E40_P20,7,79,2023-03-21,14,14.000000000000279
total_load_MWh,45,3070.1999999999998,3070.1999999999998,0,0,0,E40_P20,7,152,2023-06-02,1,1
total_load_MWh,46,2777.8000000000002,2777.8000000000002,0,0,0,E40_P20,7,69,2023-03-11,1,1
total_load_MWh,47,11403.6,2777.8000000000002,-292.39999999999964,0,-292.39999999999964,E40_P20,7,189,2023-07-09,4,4
thermal_generation_MWh,0,41018.062003216757,2118.8921052631526,-759.11200321685465,-1.2119785315695978e-09,-759.11200321806973,E40_P20,7,211,2023-07-31,19,18.999999999999428
thermal_generation_MWh,1,9830.3932548475932,1951.7457894736726,-71.664307479230047,0,-71.664307479230047,E40_P20,7,354,2023-12-21,5,5
thermal_generation_MWh,2,26483.017781059487,2055.1121052631579,233.43958736156492,-1.0659788336241897e-09,233.43958736049899,E40_P20,7,109,2023-04-20,13,12.999999999999481
thermal_generation_MWh,3,30888.490914127389,2438.9638227146738,818.03878116337,-1.2607487896509364e-09,818.03878116211126,E40_P20,7,112,2023-04-23,13,12.999999999999483
thermal_generation_MWh,4,1539.6093429697648,1539.6093429697648,0,-1.7093097414930423e-13,-2.2737367544323206e-13,E40_P20,7,92,2023-04-03,1,0.99999999999999989
thermal_generation_MWh,5,3497.2942105263101,1621.9699999999946,-253.35421052632091,-7.2029937570050365e-13,-253.35421052632182,E40_P20,7,121,2023-05-02,2,1.9999999999999996
thermal_generation_MWh,6,8923.0360497156653,1743.3911743694387,-206.08017786847267,8716.9558718471926,8510.8756939787199,E40_P20,7,190,2023-07-10,5,10
thermal_generation_MWh,7,40987.797485308372,2265.2621052631525,-213.07959057162952,-3.2674180329793499e-09,-213.07959057489643,E40_P20,7,281,2023-10-09,18,17.999999999998558
thermal_generation_MWh,8,3812.6654302631418,2083.1154302631526,353.56543026316331,0,353.56543026316331,E40_P20,7,308,2023-11-05,2,2
thermal_generation_MWh,9,3821.0938504154992,1907.6985041551213,-5.6968421052565645,-4.2359416067119711e-13,-5.6968421052570193,E40_P20,7,187,2023-07-07,2,1.9999999999999998
thermal_generation_MWh,10,16901.559335179933,2038.8513157894522,1448.1025069251373,5858.3509150861928,7306.453422011331,E40_P20,7,50,2023-02-20,9,11.873358576820896
thermal_generation_MWh,11,64139.930491042018,2169.4121052631526,942.43266685256094,-21455.458664248039,-20513.025997395482,E40_P20,7,45,2023-02-15,30,20.110012471952412
thermal_generation_MWh,12,1617.6521052631524,1617.6521052631524,0,-1.7959546130965092e-13,-2.2737367544323206e-13,E40_P20,7,332,2023-11-29,1,0.99999999999999989
thermal_generation_MWh,13,1572.2011357340693,1572.2011357340693,0,-1.7454939002337847e-13,-2.2737367544323206e-13,E40_P20,7,140,2023-05-21,1,0.99999999999999989
thermal_generation_MWh,14,25176.852816124163,2198.5913157894524,1206.2429733492681,1.0583858173499678e-09,1206.2429733503232,E40_P20,7,352,2023-12-19,12,12.000000000000481
thermal_generation_MWh,15,34248.327634210487,2104.4021052631579,-577.89394999996148,0,-577.89394999996148,E40_P20,7,229,2023-08-18,16,16
thermal_generation_MWh,16,53078.35263157895,2413.484210526316,18.30000000000291,-0.045904711028049862,18.254095288975805,E40_P20,7,316,2023-11-13,22,21.999980979900002
thermal_generation_MWh,17,856.08669999999142,856.08669999999142,0,0,0,E40_P20,7,13,2023-01-14,1,1
thermal_generation_MWh,18,6065.5060691676699,1938.4200026856754,-250.2460611106435,5.810611999614105e-10,-250.24606111006233,E40_P20,7,43,2023-02-13,3,3.0000000000002998
thermal_generation_MWh,19,3645.2920291859518,1825.1399239228101,4.9878186596683918,0,4.9878186596683918,E40_P20,7,31,2023-02-01,2,2
thermal_generation_MWh,20,43592.101012118954,2212.3521052631527,654.94109314410161,0,654.94109314410161,E40_P20,7,290,2023-10-18,20,20
thermal_generation_MWh,21,28521.180520782895,2400.8342105263159,288.83000553289457,1.1557440712064555e-09,288.83000553405145,E40_P20,7,47,2023-02-17,12,12.000000000000481
thermal_generation_MWh,22,4715.5769749999845,1306.4599999999946,-796.19697500000075,3919.3470603742453,3123.1500853742446,E40_P20,7,12,2023-01-13,3,5.9999747871149989
thermal_generation_MWh,23,5318.1820978341657,1792.0543152454768,57.980847902264941,5.3639075779952144e-10,57.980847902801543,E40_P20,7,125,2023-05-06,3,3.0000000000002993
thermal_generation_MWh,24,12203.828369736812,2119.6176454293582,513.87750283933747,-2.5452733757274012e-09,513.8775028367927,E40_P20,7,94,2023-04-05,6,5.9999999999987992
thermal_generation_MWh,25,1343.9571052631418,1343.9571052631418,0,0,0,E40_P20,7,91,2023-04-02,1,1
thermal_generation_MWh,26,66441.500356741191,2267.2321052631523,1575.4628011533787,-515.23835175607144,1060.2244493973121,E40_P20,7,355,2023-12-22,30,29.772745652921905
thermal_generation_MWh,27,2009.9979701523453,2009.9979701523453,0,0,0,E40_P20,7,343,2023-12-10,1,1
thermal_generation_MWh,28,17374.179058171725,2142.6217728531856,-233.20487534624044,-1.9030304202278231e-12,-233.20487534624408,E40_P20,7,75,2023-03-17,8,7.9999999999999991
thermal_generation_MWh,29,4354.081585526309,2307.3942105263159,260.70683552632272,0,260.70683552632272,E40_P20,7,48,2023-02-18,2,2
thermal_generation_MWh,30,1882.0227700831003,1882.0227700831003,0,0,0,E40_P20,7,70,2023-03-12,1,1
thermal_generation_MWh,31,1953.1295567867016,1953.1295567867016,0,0,0,E40_P20,7,123,2023-05-04,1,1
thermal_generation_MWh,32,1502.9074882271368,1502.9074882271368,0,0,0,E40_P20,7,348,2023-12-15,1,1
thermal_generation_MWh,33,7181.7594459833454,1757.9907756232583,-149.79634349031221,0,-149.79634349031221,E40_P20,7,177,2023-06-27,4,4
thermal_generation_MWh,34,1811.3069529085781,1811.3069529085781,0,0,0,E40_P20,7,74,2023-03-16,1,1
thermal_generation_MWh,35,3316.4879501384685,1509.2999999999945,-297.88795013847948,-3.3513192221334853e-13,-297.88795013847994,E40_P20,7,73,2023-03-15,2,1.9999999999999998
thermal_generation_MWh,36,49310.188527100843,2235.6721052631528,-125.40221131148428,-0.0001685405647929362,-125.40237985204294,E40_P20,7,363,2023-12-30,22,21.999999924613022
thermal_generation_MWh,37,8516.9084210526307,2123.9821052631578,-20.979999999999563,0,-20.979999999999563,E40_P20,7,179,2023-06-29,4,4
thermal_generation_MWh,38,3492.6996333114284,1794.8406833114304,96.981733311432436,0,96.981733311432436,E40_P20,7,93,2023-04-04,2,2
thermal_generation_MWh,39,41320.893320221476,2041.5754552631531,-489.38421495841612,0,-489.38421495841612,E40_P20,7,222,2023-08-11,20,20
thermal_generation_MWh,40,1555.4181302631528,1555.4181302631528,0,0,0,E40_P20,7,291,2023-10-19,1,1
thermal_generation_MWh,41,1321.3799999999894,1321.3799999999894,0,0,0,E40_P20,7,186,2023-07-06,1,1
thermal_generation_MWh,42,1317.4278499999882,1317.4278499999882,0,0,0,E40_P20,7,122,2023-05-03,1,1
thermal_generation_MWh,43,44037.632105263147,2117.9621052631578,439.57210526317067,-1601.3326778894436,-1161.7605726262773,E40_P20,7,164,2023-06-14,21,20.243927606679026
thermal_generation_MWh,44,35169.878947368423,2523.8442105263157,163.93999999999505,7.0386992421701601e-10,163.94000000070082,E40_P20,7,79,2023-03-21,14,14.000000000000279
thermal_generation_MWh,45,1922.6428645429207,1922.6428645429207,0,0,0,E40_P20,7,152,2023-06-02,1,1
thermal_generation_MWh,46,1395.6601874999769,1395.6601874999769,0,0,0,E40_P20,7,69,2023-03-11,1,1
thermal_generation_MWh,47,7852.0852216066078,1842.4267867035931,-482.37807479223557,0,-482.37807479223557,E40_P20,7,189,2023-07-09,4,4
unserved_MWh,0,3489.3508999997871,168.69949999998929,-284.06039999999075,-9.6493904422339498e-11,-284.06040000008716,E40_P20,7,211,2023-07-31,19,18.999999999999428
unserved_MWh,1,447.60999999994692,65.019999999989366,-122.5100000000001,0,-122.5100000000001,E40_P20,7,354,2023-12-21,5,5
unserved_MWh,2,1123.6705499998493,118.44827499998803,416.15702499999497,-6.1438669796126014e-11,416.15702499993358,E40_P20,7,109,2023-04-20,13,12.999999999999481
unserved_MWh,3,1025.929399999827,76.319999999989392,-33.76939999996489,-3.9451322209055409e-11,-33.769400000004339,E40_P20,7,112,2023-04-23,13,12.999999999999483
unserved_MWh,4,0,0,0,-0,0,E40_P20,7,92,2023-04-03,1,0.99999999999999989
unserved_MWh,5,0.84999999998937403,0,-0.84999999998937403,-0,-0.84999999998937403,E40_P20,7,121,2023-05-02,2,1.9999999999999996
unserved_MWh,6,154.08999999995751,0.559999999989368,-151.29000000001068,2.7999999999468401,-148.49000000006384,E40_P20,7,190,2023-07-10,5,10
unserved_MWh,7,5345.8309999998037,301.48999999998927,80.989000000003216,-4.3486970469073909e-10,80.988999999568478,E40_P20,7,281,2023-10-09,18,17.999999999998558
unserved_MWh,8,135.91999999998939,135.91999999998939,135.91999999998939,0,135.91999999998939,E40_P20,7,308,2023-11-05,2,2
unserved_MWh,9,138.96999999997874,61.119999999989389,-16.729999999999961,-1.3571366253015557e-14,-16.729999999999976,E40_P20,7,187,2023-07-07,2,1.9999999999999998
unserved_MWh,10,96.599999999946817,25.839999999989359,135.9599999999574,74.247585625021387,210.20758562497883,E40_P20,7,50,2023-02-20,9,11.873358576820896
unserved_MWh,11,3854.2395249996548,138.10187499998898,288.81672500001469,-1365.825821349878,-1077.0090963498633,E40_P20,7,45,2023-02-15,30,20.110012471952412
unserved_MWh,12,1.1799999999893585,1.1799999999893585,0,-1.3100631690458702e-16,-2.2204460492503131e-16,E40_P20,7,332,2023-11-29,1,0.99999999999999989
unserved_MWh,13,0,0,0,-0,0,E40_P20,7,140,2023-05-21,1,0.99999999999999989
unserved_MWh,14,940.68999999987238,57.579999999989397,-249.72999999999968,2.7718591866227496e-11,-249.72999999997194,E40_P20,7,352,2023-12-19,12,12.000000000000481
unserved_MWh,15,3473.7774999998228,187.26999999998935,-477.45749999999316,0,-477.45749999999316,E40_P20,7,229,2023-08-18,16,16
unserved_MWh,16,4597.3313249997564,254.66999999998936,1005.4086750000097,-0.0048438488665163357,1005.4038311511431,E40_P20,7,316,2023-11-13,22,21.999980979900002
unserved_MWh,17,0,0,0,0,0,E40_P20,7,13,2023-01-14,1,1
unserved_MWh,18,308.37999999996805,16.229999999989364,-259.68999999999994,4.8651083162067101e-12,-259.68999999999511,E40_P20,7,43,2023-02-13,3,3.0000000000002998
unserved_MWh,19,93.20999999997872,25.279999999989371,-42.649999999999977,0,-42.649999999999977,E40_P20,7,31,2023-02-01,2,2
unserved_MWh,20,3588.6065749997497,171.29417499998189,-162.72307500011175,0,-162.72307500011175,E40_P20,7,290,2023-10-18,20,20
unserved_MWh,21,3583.3399999998715,340.90999999998928,507.57999999999993,1.641115865424984e-10,507.58000000016409,E40_P20,7,47,2023-02-17,12,12.000000000000481
unserved_MWh,22,0,0,0,0,0,E40_P20,7,12,2023-01-13,3,5.9999747871149989
unserved_MWh,23,0,0,0,0,0,E40_P20,7,125,2023-05-06,3,3.0000000000002993
unserved_MWh,24,595.56217499993602,75.399999999989376,-143.16217499999976,-9.0541618646953772e-11,-143.16217500009031,E40_P20,7,94,2023-04-05,6,5.9999999999987992
unserved_MWh,25,0,0,0,0,0,E40_P20,7,91,2023-04-02,1,1
unserved_MWh,26,4292.3412249996472,211.5799999999893,2055.0587750000313,-48.082474754780812,2006.976300245251,E40_P20,7,355,2023-12-22,30,29.772745652921905
unserved_MWh,27,9.3399999999893613,9.3399999999893613,0,0,0,E40_P20,7,343,2023-12-10,1,1
unserved_MWh,28,426.61962499991847,58.959999999989364,45.060374999996441,-5.2366999625509937e-14,45.060374999996384,E40_P20,7,75,2023-03-17,8,7.9999999999999991
unserved_MWh,29,0.58999999998935793,0.58999999998935793,0.58999999998935793,0,0.58999999998935793,E40_P20,7,48,2023-02-18,2,2
unserved_MWh,30,118.50999999998935,118.50999999998935,0,0,0,E40_P20,7,70,2023-03-12,1,1
unserved_MWh,31,61.51477499998883,61.51477499998883,0,0,0,E40_P20,7,123,2023-05-04,1,1
unserved_MWh,32,0,0,0,0,0,E40_P20,7,348,2023-12-15,1,1
unserved_MWh,33,79.419999999978771,0,-79.419999999978771,0,-79.419999999978771,E40_P20,7,177,2023-06-27,4,4
unserved_MWh,34,0,0,0,0,0,E40_P20,7,74,2023-03-16,1,1
unserved_MWh,35,0,0,0,-0,0,E40_P20,7,73,2023-03-15,2,1.9999999999999998
unserved_MWh,36,2799.0194999997393,126.02187499998897,-26.538249999981872,-9.5004083732855309e-06,-26.538259500390268,E40_P20,7,363,2023-12-30,22,21.999999924613022
unserved_MWh,37,766.93799999995701,239.5799999999893,191.38200000000018,0,191.38200000000018,E40_P20,7,179,2023-06-29,4,4
unserved_MWh,38,0,0,0,0,0,E40_P20,7,93,2023-04-04,2,2
unserved_MWh,39,1884.6459999997705,91.89999999998939,-46.645999999982678,0,-46.645999999982678,E40_P20,7,222,2023-08-11,20,20
unserved_MWh,40,5.5999999999893593,5.5999999999893593,0,0,0,E40_P20,7,291,2023-10-19,1,1
unserved_MWh,41,0,0,0,0,0,E40_P20,7,186,2023-07-06,1,1
unserved_MWh,42,0,0,0,0,0,E40_P20,7,122,2023-05-03,1,1
unserved_MWh,43,4903.05964999977,282.59999999998934,1031.5403500000057,-213.66605835249908,817.87429164750665,E40_P20,7,164,2023-06-14,21,20.243927606679026
unserved_MWh,44,3474.0947249998421,238.17999999998938,-139.57472499999085,6.6425549505308254e-11,-139.57472499992446,E40_P20,7,79,2023-03-21,14,14.000000000000279
unserved_MWh,45,0,0,0,0,0,E40_P20,7,152,2023-06-02,1,1
unserved_MWh,46,0,0,0,0,0,E40_P20,7,69,2023-03-11,1,1
unserved_MWh,47,68.069999999968076,14.649999999989365,-9.4700000000106144,0,-9.4700000000106144,E40_P20,7,189,2023-07-09,4,4
discharge_MWh,0,1158.2188825732369,70.884250000024835,188.58186742723501,-4.0544862578443026e-11,188.58186742719431,E40_P20,7,211,2023-07-31,19,18.999999999999428
discharge_MWh,1,464.90231250013136,97.948325000028774,24.839312500012511,0,24.839312500012511,E40_P20,7,354,2023-12-21,5,5
discharge_MWh,2,1319.2336875003245,98.690275000034575,-36.260112499875049,-5.1190270333752068e-11,-36.260112499926208,E40_P20,7,109,2023-04-20,13,12.999999999999481
discharge_MWh,3,574.27060000017298,50.020000000010661,75.989399999965599,-2.5856330410084466e-11,75.989399999939792,E40_P20,7,112,2023-04-23,13,12.999999999999483
discharge_MWh,4,80.015353515134478,80.015353515134478,0,-8.8834887796023752e-15,-1.4210854715202004e-14,E40_P20,7,92,2023-04-03,1,0.99999999999999989
discharge_MWh,5,80.800000000021285,50.400000000010643,20,-2.2382096176447882e-14,19.999999999999972,E40_P20,7,121,2023-05-02,2,1.9999999999999996
discharge_MWh,6,521.24094736852203,106.48157236845579,11.166914473756947,532.40786184227898,543.57477631603592,E40_P20,7,190,2023-07-10,5,10
discharge_MWh,7,1109.4216698098426,72.102625000025242,188.42558019061175,-1.0400095273869513e-10,188.42558019050784,E40_P20,7,281,2023-10-09,18,17.999999999998558
discharge_MWh,8,83.907325000029402,45.40667500001593,6.9060250000024581,0,6.9060250000024581,E40_P20,7,308,2023-11-05,2,2
discharge_MWh,9,214.49000000002127,98.790000000010664,-16.90999999999994,-2.1935786520546211e-14,-16.909999999999968,E40_P20,7,187,2023-07-07,2,1.9999999999999998
discharge_MWh,10,883.49728750021609,116.0000000000266,160.50271250002334,333.30959491130045,493.81230741132367,E40_P20,7,50,2023-02-20,9,11.873358576820896
discharge_MWh,11,2648.1288800926732,86.728125000016348,-46.285130092182953,-857.74007458111384,-904.02520467329668,E40_P20,7,45,2023-02-15,30,20.110012471952412
discharge_MWh,12,81.700000000028609,81.700000000028609,0,-9.0705221111907052e-15,-1.4210854715202004e-14,E40_P20,7,332,2023-11-29,1,0.99999999999999989
discharge_MWh,13,6.4899999999999931,6.4899999999999931,0,-7.2053474298172583e-16,-8.8817841970012523e-16,E40_P20,7,140,2023-05-21,1,0.99999999999999989
discharge_MWh,14,743.31870085566106,76.807737500022085,178.37414914460396,3.6974684403123323e-11,178.37414914464091,E40_P20,7,352,2023-12-19,12,12.000000000000481
discharge_MWh,15,1420.6582698753848,85.600000000015967,-51.058269875129326,0,-51.058269875129326,E40_P20,7,229,2023-08-18,16,16
discharge_MWh,16,696.11867500024368,30.400000000010643,-27.318675000009534,-0.0005782110399424915,-27.319253211049499,E40_P20,7,316,2023-11-13,22,21.999980979900002
discharge_MWh,17,84.333300000008521,84.333300000008521,0,0,0,E40_P20,7,13,2023-01-14,1,1
discharge_MWh,18,226.04722742388753,81.837202423851167,19.464379847665953,2.4531537528504693e-11,19.464379847690509,E40_P20,7,43,2023-02-13,3,3.0000000000002998
discharge_MWh,19,123.43109067021373,47.431090670187132,-28.568909329839471,0,-28.568909329839471,E40_P20,7,31,2023-02-01,2,2
discharge_MWh,20,1914.4577551879718,106.83582500002342,222.25874481249662,0,222.25874481249662,E40_P20,7,290,2023-10-18,20,20
discharge_MWh,21,409.39426333785678,30.400000000010639,-44.594263337729103,1.4634338185720144e-11,-44.594263337714494,E40_P20,7,47,2023-02-17,12,12.000000000000481
discharge_MWh,22,49.684525000017352,22.201500000007773,16.919975000005969,66.603940236156959,83.523915236162935,E40_P20,7,12,2023-01-13,3,5.9999747871149989
discharge_MWh,23,31.12095687533958,3.1871231696820979,-21.559587366293286,9.5395736482017215e-13,-21.559587366292334,E40_P20,7,125,2023-05-06,3,3.0000000000002993
discharge_MWh,24,593.10925956263407,97.190000000029599,-9.9692595624565001,-1.1670742594564134e-10,-9.9692595625731428,E40_P20,7,94,2023-04-05,6,5.9999999999987992
discharge_MWh,25,70.99706250002005,70.99706250002005,0,0,0,E40_P20,7,91,2023-04-02,1,1
discharge_MWh,26,2321.0673023926934,67.535975000023626,-294.98805239198464,-15.347843902912887,-310.33589629489757,E40_P20,7,355,2023-12-22,30,29.772745652921905
discharge_MWh,27,56.028775000012899,56.028775000012899,0,0,0,E40_P20,7,343,2023-12-10,1,1
discharge_MWh,28,321.23037500008684,30.470000000010632,-77.470375000001781,-2.7062796448272259e-14,-77.470375000001809,E40_P20,7,75,2023-03-17,8,7.9999999999999991
discharge_MWh,29,47.59262500001185,30.400000000010643,13.207375000009435,0,13.207375000009435,E40_P20,7,48,2023-02-18,2,2
discharge_MWh,30,108.16000000003592,108.16000000003592,0,0,0,E40_P20,7,70,2023-03-12,1,1
discharge_MWh,31,77.085225000012201,77.085225000012201,0,0,0,E40_P20,7,123,2023-05-04,1,1
discharge_MWh,32,86.006750000000849,86.006750000000849,0,0,0,E40_P20,7,348,2023-12-15,1,1
discharge_MWh,33,387.62000000002126,86.499999999999986,-41.620000000021321,0,-41.620000000021321,E40_P20,7,177,2023-06-27,4,4
discharge_MWh,34,44.310000000007314,44.310000000007314,0,0,0,E40_P20,7,74,2023-03-16,1,1
discharge_MWh,35,163.03857500004423,66.500000000023277,-30.038574999997678,-1.4765966227519751e-14,-30.038574999997707,E40_P20,7,73,2023-03-15,2,1.9999999999999998
discharge_MWh,36,1182.0676945435614,63.947825000022412,224.78445545693171,-4.8208333044057933e-06,224.78445063609843,E40_P20,7,363,2023-12-30,22,21.999999924613022
discharge_MWh,37,337.88392500007626,90.400000000010635,23.716074999966281,0,23.716074999966281,E40_P20,7,179,2023-06-29,4,4
discharge_MWh,38,9.5307083442863707,4.8196583442847238,0.10860834428307697,0,0.10860834428307697,E40_P20,7,93,2023-04-04,2,2
discharge_MWh,39,2027.5414393755484,94.661100000019161,-134.3194393751653,0,-134.3194393751653,E40_P20,7,222,2023-08-11,20,20
discharge_MWh,40,45.153975000015762,45.153975000015762,0,0,0,E40_P20,7,291,2023-10-19,1,1
discharge_MWh,41,90.400000000010635,90.400000000010635,0,0,0,E40_P20,7,186,2023-07-06,1,1
discharge_MWh,42,101.89415000003568,101.89415000003568,0,0,0,E40_P20,7,122,2023-05-03,1,1
discharge_MWh,43,1902.0278750005541,89.177925000031223,-29.291449999898305,-67.424967186171898,-96.716417186070203,E40_P20,7,164,2023-06-14,21,20.243927606679026
discharge_MWh,44,449.52527500015742,30.400000000010639,-23.925275000008469,8.478195923092482e-12,-23.925274999999999,E40_P20,7,79,2023-03-21,14,14.000000000000279
discharge_MWh,45,40.291900000001959,40.291900000001959,0,0,0,E40_P20,7,152,2023-06-02,1,1
discharge_MWh,46,64.484812500017782,64.484812500017782,0,0,0,E40_P20,7,69,2023-03-11,1,1
discharge_MWh,47,389.41757500009123,89.711300000029041,-30.572374999975068,0,-30.572374999975068,E40_P20,7,189,2023-07-09,4,4
total_cost_CNY,0,49717248.849930041,2455425.1770930979,-3064170.4851611778,-1.4044710408426964e-06,-3064170.485162586,E40_P20,7,211,2023-07-31,19,18.999999999999428
total_cost_CNY,1,8182500.071332871,1405067.6802115184,-1157161.6702752793,0,-1157161.6702752793,E40_P20,7,354,2023-12-21,5,5
total_cost_CNY,2,21692426.029041901,1990430.9473430899,4183176.2864182666,-1.0324289629867107e-06,4183176.2864172347,E40_P20,7,109,2023-04-20,13,12.999999999999481
total_cost_CNY,3,21233469.04670715,1629449.8857011292,-50620.532592471689,-8.4229497463722071e-07,-50620.532593313605,E40_P20,7,112,2023-04-23,13,12.999999999999483
total_cost_CNY,4,606580.77632567182,606580.77632567182,0,-6.7343994417176291e-11,-1.1641532182693481e-10,E40_P20,7,92,2023-04-03,1,0.99999999999999989
total_cost_CNY,5,1281452.6941170518,604172.87268184812,-73106.948753355537,-2.6830665364212441e-10,-73106.948753355769,E40_P20,7,121,2023-05-02,2,1.9999999999999996
total_cost_CNY,6,5577993.7057954678,801605.59950398607,-1569965.7082755375,4008027.9975199304,2438062.2892443929,E40_P20,7,190,2023-07-10,5,10
total_cost_CNY,7,68245352.409411147,3834327.6358430972,772545.03576460481,-5.5306409057901984e-06,772545.03575907648,E40_P20,7,281,2023-10-09,18,17.999999999998558
total_cost_CNY,8,2726966.7993441932,2100856.8150930968,1474746.8308420004,0,1474746.8308420004,E40_P20,7,308,2023-11-05,2,2
total_cost_CNY,9,3026310.8032582239,1415755.9042606922,-194798.99473683955,-3.1436096043184585e-10,-194798.99473684002,E40_P20,7,187,2023-07-07,2,1.9999999999999998
total_cost_CNY,10,7572058.3219072055,1033934.2002440627,1733349.4802893586,2970863.702139732,4704213.1824290901,E40_P20,7,50,2023-02-20,9,11.873358576820896
total_cost_CNY,11,62589835.457304746,2187721.507809855,3041809.7769909054,-21636538.427080929,-18594728.650090024,E40_P20,7,45,2023-02-15,30,20.110012471952412
total_cost_CNY,12,645728.74248783605,645728.74248783605,0,-7.1690291757224417e-11,-1.1641532182693481e-10,E40_P20,7,332,2023-11-29,1,0.99999999999999989
total_cost_CNY,13,562447.64525802364,562447.64525802364,0,-6.2444232591166009e-11,-1.1641532182693481e-10,E40_P20,7,140,2023-05-21,1,0.99999999999999989
total_cost_CNY,14,18454945.783219337,1359328.0910470379,-2143008.6906548832,6.5437062466199912e-07,-2143008.6906542294,E40_P20,7,352,2023-12-19,12,12.000000000000481
total_cost_CNY,15,47772907.18208158,2669947.9765598616,-5053739.5571237952,0,-5053739.5571237952,E40_P20,7,229,2023-08-18,16,16
total_cost_CNY,16,64824169.508324385,3403835.8214352033,10060218.563250095,-64.74129770081791,10060153.821952388,E40_P20,7,316,2023-11-13,22,21.999980979900002
total_cost_CNY,17,383427.20580650278,383427.20580650278,0,0,0,E40_P20,7,13,2023-01-14,1,1
total_cost_CNY,18,5330161.7306500394,876361.49360995833,-2701077.2498201644,2.6269831118718031e-07,-2701077.2498199018,E40_P20,7,43,2023-02-13,3,3.0000000000002998
total_cost_CNY,19,2241004.6903079823,908398.78992541542,-424207.11045715143,0,-424207.11045715143,E40_P20,7,31,2023-02-01,2,2
total_cost_CNY,20,52213695.139027841,2542826.5848097838,-1357163.4428321645,0,-1357163.4428321645,E40_P20,7,290,2023-10-18,20,20
total_cost_CNY,21,45980397.764253072,4261808.3214352028,5161302.0929693654,2.0516034295584616e-06,5161302.0929714143,E40_P20,7,47,2023-02-17,12,12.000000000000481
total_cost_CNY,22,1696885.7087006622,479001.66275109811,-259880.72044736799,1436992.9112394559,1177112.1907920882,E40_P20,7,12,2023-01-13,3,5.9999747871149989
total_cost_CNY,23,1898011.9870640095,639363.22931871307,20077.70089212968,1.9137172582653354e-07,20077.700892321067,E40_P20,7,125,2023-05-06,3,3.0000000000002993
total_cost_CNY,24,10853859.864341659,1593910.002598641,-1290399.8487498146,-1.913994583725087e-06,-1290399.8487517275,E40_P20,7,94,2023-04-05,6,5.9999999999987992
total_cost_CNY,25,589450.71771820111,589450.71771820111,0,0,0,E40_P20,7,91,2023-04-02,1,1
total_cost_CNY,26,67106530.312111109,2936766.1393430973,20996453.86818181,-667392.87151747209,20329060.996664345,E40_P20,7,355,2023-12-22,30,29.772745652921905
total_cost_CNY,27,815400.92505431408,815400.92505431408,0,0,0,E40_P20,7,343,2023-12-10,1,1
total_cost_CNY,28,10460901.031048834,1351934.668249608,354576.31494802982,-1.2007591971837499e-09,354576.31494802795,E40_P20,7,75,2023-03-17,8,7.9999999999999991
total_cost_CNY,29,1554529.1766863009,825904.32143520366,97279.466184106423,0,97279.466184106423,E40_P20,7,48,2023-02-18,2,2
total_cost_CNY,30,2058691.4962274518,2058691.4962274518,0,0,0,E40_P20,7,70,2023-03-12,1,1
total_cost_CNY,31,1394767.6078957273,1394767.6078957273,0,0,0,E40_P20,7,123,2023-05-04,1,1
total_cost_CNY,32,606963.21618600353,606963.21618600353,0,0,0,E40_P20,7,348,2023-12-15,1,1
total_cost_CNY,33,3820606.1173199816,761043.2992746461,-776432.92022139719,0,-776432.92022139719,E40_P20,7,177,2023-06-27,4,4
total_cost_CNY,34,676874.88126910327,676874.88126910327,0,0,0,E40_P20,7,74,2023-03-16,1,1
total_cost_CNY,35,1278520.7366954046,595039.5056458381,-88441.725403728429,-1.3212531194591606e-10,-88441.725403728662,E40_P20,7,73,2023-03-15,2,1.9999999999999998
total_cost_CNY,36,45625500.396548584,2061612.9107378309,-270016.36031630635,-0.15541876804839602,-270016.51573507488,E40_P20,7,363,2023-12-30,22,21.999999924613022
total_cost_CNY,37,10962522.92273321,3229477.2646485041,1955386.1358608063,0,1955386.1358608063,E40_P20,7,179,2023-06-29,4,4
total_cost_CNY,38,1246764.8742446417,640354.78349354293,33944.692742444109,0,33944.692742444109,E40_P20,7,93,2023-04-04,2,2
total_cost_CNY,39,34918082.520944983,1713090.1500598602,-656279.51974777877,0,-656279.51974777877,E40_P20,7,222,2023-08-11,20,20
total_cost_CNY,40,612960.23309309664,612960.23309309664,0,0,0,E40_P20,7,291,2023-10-19,1,1
total_cost_CNY,41,640668.1067538705,640668.1067538705,0,0,0,E40_P20,7,186,2023-07-06,1,1
total_cost_CNY,42,576359.01569846889,576359.01569846889,0,0,0,E40_P20,7,122,2023-05-03,1,1
total_cost_CNY,43,66118501.222254947,3644494.4488431024,10415882.203450203,-2755501.640381807,7660380.5630683899,E40_P20,7,164,2023-06-14,21,20.243927606679026
total_cost_CNY,44,47224473.002842762,3277561.8214352038,-1338607.5027499124,9.1407273921597992e-07,-1338607.502748996,E40_P20,7,79,2023-03-21,14,14.000000000000279
total_cost_CNY,45,685440.26934112166,685440.26934112166,0,0,0,E40_P20,7,152,2023-06-02,1,1
total_cost_CNY,46,508600.99834319676,508600.99834319676,0,0,0,E40_P20,7,69,2023-03-11,1,1
total_cost_CNY,47,3774780.4300920293,866217.83293935889,-309909.0983345937,0,-309909.0983345937,E40_P20,7,189,2023-07-09,4,4
thermal_cost_CNY,0,14356321.701125864,741612.23684210342,-265689.20112589933,-4.2419248604935921e-07,-265689.20112632401,E40_P20,7,211,2023-07-31,19,18.999999999999428
thermal_cost_CNY,1,3440637.639196658,683111.02631578548,-25082.507617730647,0,-25082.507617730647,E40_P20,7,354,2023-12-21,5,5
thermal_cost_CNY,2,9269056.2233708203,719289.23684210528,81703.855576548725,-3.730925917684664e-07,81703.855576176196,E40_P20,7,109,2023-04-20,13,12.999999999999481
thermal_cost_CNY,3,10810971.819944587,853637.33795013581,286313.57340717874,-4.4126207637782771e-07,286313.5734067373,E40_P20,7,112,2023-04-23,13,12.999999999999483
thermal_cost_CNY,4,538863.27003941766,538863.27003941766,0,-5.9825840952256478e-11,-1.1641532182693481e-10,E40_P20,7,92,2023-04-03,1,0.99999999999999989
thermal_cost_CNY,5,1224052.9736842085,567689.49999999814,-88673.973684212193,-2.5210478149517629e-10,-88673.973684212426,E40_P20,7,121,2023-05-02,2,1.9999999999999996
thermal_cost_CNY,6,3123062.6174004828,610186.91102930356,-72128.062253965065,3050934.5551465177,2978806.4928925526,E40_P20,7,190,2023-07-10,5,10
thermal_cost_CNY,7,14345729.11985793,792841.73684210342,-74577.85670006834,-1.1435963115427726e-06,-74577.856701212004,E40_P20,7,281,2023-10-09,18,17.999999999998558
thermal_cost_CNY,8,1334432.9005920996,729090.40059210337,123747.90059210709,0,123747.90059210709,E40_P20,7,308,2023-11-05,2,2
thermal_cost_CNY,9,1337382.8476454248,667694.47645429242,-1993.894736839924,-1.4825795623491898e-10,-1993.8947368401568,E40_P20,7,187,2023-07-07,2,1.9999999999999998
thermal_cost_CNY,10,5915545.7673129765,713597.96052630828,506835.87742379773,2050422.8202801675,2557258.6977039659,E40_P20,7,50,2023-02-20,9,11.873358576820896
thermal_cost_CNY,11,22448975.671864707,759294.23684210342,329851.43339839578,-7509410.5324868141,-7179559.0990884192,E40_P20,7,45,2023-02-15,30,20.110012471952412
thermal_cost_CNY,12,566178.2368421033,566178.2368421033,0,-6.2858411458377817e-11,-1.1641532182693481e-10,E40_P20,7,332,2023-11-29,1,0.99999999999999989
thermal_cost_CNY,13,550270.39750692423,550270.39750692423,0,-6.1092286508182462e-11,-1.1641532182693481e-10,E40_P20,7,140,2023-05-21,1,0.99999999999999989
thermal_cost_CNY,14,8811898.4856434576,769506.96052630839,422185.04067224264,3.7043503607248873e-07,422185.04067261331,E40_P20,7,352,2023-12-19,12,12.000000000000481
thermal_cost_CNY,15,11986914.671973672,736540.73684210528,-202262.88249998726,0,-202262.88249998726,E40_P20,7,229,2023-08-18,16,16
thermal_cost_CNY,16,18577423.421052631,844719.47368421056,6405,-16.066648859817448,6388.9333511404693,E40_P20,7,316,2023-11-13,22,21.999980979900002
thermal_cost_CNY,17,299630.344999997,299630.344999997,0,0,0,E40_P20,7,13,2023-01-14,1,1
thermal_cost_CNY,18,2122927.1242086845,678447.00093998644,-87586.121388725238,2.0337141998649371e-07,-87586.121388521977,E40_P20,7,43,2023-02-13,3,3.0000000000002998
thermal_cost_CNY,19,1275852.2102150833,638798.97337298351,1745.7365308837034,0,1745.7365308837034,E40_P20,7,31,2023-02-01,2,2
thermal_cost_CNY,20,15257235.354241636,774323.23684210342,229229.38260043226,0,229229.38260043226,E40_P20,7,290,2023-10-18,20,20
thermal_cost_CNY,21,9982413.1822740119,840291.97368421056,101090.50193651579,4.0451042492225939e-07,101090.50193691999,E40_P20,7,47,2023-02-17,12,12.000000000000481
thermal_cost_CNY,22,1650451.9412499948,457260.99999999808,-278668.94125000061,1371771.4711309858,1093102.5298809854,E40_P20,7,12,2023-01-13,3,5.9999747871149989
thermal_cost_CNY,23,1861363.734241958,627219.01033591689,20293.296765792649,1.8773676522983249e-07,20293.296765980311,E40_P20,7,125,2023-05-06,3,3.0000000000002993
thermal_cost_CNY,24,4271339.9294078844,741866.17590027535,179857.12599376775,-8.9084568150459046e-07,179857.12599287648,E40_P20,7,94,2023-04-05,6,5.9999999999987992
thermal_cost_CNY,25,470384.98684209964,470384.98684209964,0,0,0,E40_P20,7,91,2023-04-02,1,1
thermal_cost_CNY,26,23254525.124859419,793531.2368421033,551411.98040368035,-180333.42311462501,371078.55728905648,E40_P20,7,355,2023-12-22,30,29.772745652921905
thermal_cost_CNY,27,703499.28955332085,703499.28955332085,0,0,0,E40_P20,7,343,2023-12-10,1,1
thermal_cost_CNY,28,6080962.6703601032,749917.62049861497,-81621.706371183507,-6.6606064707973808e-10,-81621.706371184438,E40_P20,7,75,2023-03-17,8,7.9999999999999991
thermal_cost_CNY,29,1523928.5549342083,807587.97368421056,91247.392434212845,0,91247.392434212845,E40_P20,7,48,2023-02-18,2,2
thermal_cost_CNY,30,658707.96952908509,658707.96952908509,0,0,0,E40_P20,7,70,2023-03-12,1,1
thermal_cost_CNY,31,683595.34487534559,683595.34487534559,0,0,0,E40_P20,7,123,2023-05-04,1,1
thermal_cost_CNY,32,526017.62087949784,526017.62087949784,0,0,0,E40_P20,7,348,2023-12-15,1,1
thermal_cost_CNY,33,2513615.806094171,615296.77146814042,-52428.720221609343,0,-52428.720221609343,E40_P20,7,177,2023-06-27,4,4
thermal_cost_CNY,34,633957.43351800228,633957.43351800228,0,0,0,E40_P20,7,74,2023-03-16,1,1
thermal_cost_CNY,35,1160770.7825484639,528254.99999999802,-104260.78254846786,-1.1729617277467197e-10,-104260.78254846809,E40_P20,7,73,2023-03-15,2,1.9999999999999998
thermal_cost_CNY,36,17258565.984485295,782485.23684210354,-43890.77395901829,-0.058989197677527673,-43890.832948215306,E40_P20,7,363,2023-12-30,22,21.999999924613022
thermal_cost_CNY,37,2980917.9473684207,743393.73684210528,-7342.9999999995343,0,-7342.9999999995343,E40_P20,7,179,2023-06-29,4,4
thermal_cost_CNY,38,1222444.8716589999,628194.23915900069,33943.606659001438,0,33943.606659001438,E40_P20,7,93,2023-04-04,2,2
thermal_cost_CNY,39,14462312.662077516,714551.40934210364,-171284.47523544356,0,-171284.47523544356,E40_P20,7,222,2023-08-11,20,20
thermal_cost_CNY,40,544396.34559210343,544396.34559210343,0,0,0,E40_P20,7,291,2023-10-19,1,1
thermal_cost_CNY,41,462482.99999999627,462482.99999999627,0,0,0,E40_P20,7,186,2023-07-06,1,1
thermal_cost_CNY,42,461099.74749999586,461099.74749999586,0,0,0,E40_P20,7,122,2023-05-03,1,1
thermal_cost_CNY,43,15413171.236842101,741286.73684210528,153850.23684210889,-560466.43726130528,-406616.200419195,E40_P20,7,164,2023-06-14,21,20.243927606679026
thermal_cost_CNY,44,12309457.631578946,883345.47368421045,57379,2.463544734759556e-07,57379.000000245869,E40_P20,7,79,2023-03-21,14,14.000000000000279
thermal_cost_CNY,45,672925.00259002228,672925.00259002228,0,0,0,E40_P20,7,152,2023-06-02,1,1
thermal_cost_CNY,46,488481.0656249919,488481.0656249919,0,0,0,E40_P20,7,69,2023-03-11,1,1
thermal_cost_CNY,47,2748229.8275623126,644849.37534625758,-168832.32617728226,0,-168832.32617728226,E40_P20,7,189,2023-07-09,4,4
curtailment_cost_CNY,0,225701.35270968298,13996.750000001759,40236.897290350433,-8.0059576745849026e-09,40236.897290342458,E40_P20,7,211,2023-07-31,19,18.999999999999428
curtailment_cost_CNY,1,200551.67025624501,58664.822894739402,92772.444217452023,0,92772.444217452023,E40_P20,7,354,2023-12-21,5,5
curtailment_cost_CNY,2,1016011.4480332927,73559.710000004517,-59735.21803323389,-3.8155141837139651e-08,-59735.218033272075,E40_P20,7,109,2023-04-20,13,12.999999999999481
curtailment_cost_CNY,3,0,0,0,-0,0,E40_P20,7,112,2023-04-23,13,12.999999999999483
curtailment_cost_CNY,4,54805.005000003381,54805.005000003381,0,-6.0845778415700581e-12,-7.2759576141834259e-12,E40_P20,7,92,2023-04-03,1,0.99999999999999989
curtailment_cost_CNY,5,23867.024930750533,23867.024930750533,23867.024930750533,-1.059908824296875e-11,23867.024930750526,E40_P20,7,121,2023-05-02,2,1.9999999999999996
curtailment_cost_CNY,6,848256.94016622752,172641.52500000483,14950.684833796578,863207.6250000241,878158.30983382068,E40_P20,7,190,2023-07-10,5,10
curtailment_cost_CNY,7,212196.81333729866,13752.525000001862,35348.636662734847,-1.9836666176334303e-08,35348.636662715027,E40_P20,7,281,2023-10-09,18,17.999999999998558
curtailment_cost_CNY,8,8270.1300000005722,0,-8270.1300000005722,0,-8270.1300000005722,E40_P20,7,308,2023-11-05,2,2
curtailment_cost_CNY,9,272858.36011081265,123761.18005540629,-25336.000000000058,-2.7480502330458355e-11,-25336.000000000087,E40_P20,7,187,2023-07-07,2,1.9999999999999998
curtailment_cost_CNY,10,572666.45195986307,48663.891966761039,-134691.42425901373,139828.81136417834,5137.3871051645838,E40_P20,7,50,2023-02-20,9,11.873358576820896
curtailment_cost_CNY,11,1208612.8141095843,34428.891966762116,-175746.05510672089,-340501.31215577509,-516247.36726249591,E40_P20,7,45,2023-02-15,30,20.110012471952412
curtailment_cost_CNY,12,54821.157894739372,54821.157894739372,0,-6.0863711731350825e-12,-7.2759576141834259e-12,E40_P20,7,332,2023-11-29,1,0.99999999999999989
curtailment_cost_CNY,13,0,0,0,-0,0,E40_P20,7,140,2023-05-21,1,0.99999999999999989
curtailment_cost_CNY,14,83365.93755540729,1140.7053947359434,-69677.472818575974,5.4912725384326796e-10,-69677.472818575421,E40_P20,7,352,2023-12-19,12,12.000000000000481
curtailment_cost_CNY,15,840213.36339334166,47738.891966763185,-76391.091925130691,0,-76391.091925130691,E40_P20,7,229,2023-08-18,16,16
curtailment_cost_CNY,16,0,0,0,-0,0,E40_P20,7,316,2023-11-13,22,21.999980979900002
curtailment_cost_CNY,17,70841.180055406308,70841.180055406308,0,0,0,E40_P20,7,13,2023-01-14,1,1
curtailment_cost_CNY,18,84837.090914137021,22683.772894740334,-16785.772229916023,6.7996926773393641e-09,-16785.772229909213,E40_P20,7,43,2023-02-13,3,3.0000000000002998
curtailment_cost_CNY,19,7593.4736842105394,4213.1578947368462,832.84210526315292,0,832.84210526315292,E40_P20,7,31,2023-02-01,2,2
curtailment_cost_CNY,20,809002.50221484271,42380.891966762101,38615.337120399345,0,38615.337120399345,E40_P20,7,290,2023-10-18,20,20
curtailment_cost_CNY,21,15142.466333772334,0,-15142.466333772334,0,-15142.466333772334,E40_P20,7,47,2023-02-17,12,12.000000000000481
curtailment_cost_CNY,22,9599.8789473689121,9406.3000000004868,18619.021052632546,28218.662840041274,46837.683892673827,E40_P20,7,12,2023-01-13,3,5.9999747871149989
curtailment_cost_CNY,23,0,0,0,0,0,E40_P20,7,125,2023-05-06,3,3.0000000000002993
curtailment_cost_CNY,24,548293.00583219191,84959.578947372211,-38535.532147958642,-1.0202092569575358e-07,-38535.53214806068,E40_P20,7,94,2023-04-05,6,5.9999999999987992
curtailment_cost_CNY,25,106243.41250000188,106243.41250000188,0,0,0,E40_P20,7,91,2023-04-02,1,1
curtailment_cost_CNY,26,542011.83169831184,14647.195000001528,-102595.981698266,-3328.6387362508785,-105924.62043451687,E40_P20,7,355,2023-12-22,30,29.772745652921905
curtailment_cost_CNY,27,5829.0000000000728,5829.0000000000728,0,0,0,E40_P20,7,343,2023-12-10,1,1
curtailment_cost_CNY,28,13631.024930750542,0,-13631.024930750542,-0,-13631.024930750542,E40_P20,7,75,2023-03-17,8,7.9999999999999991
curtailment_cost_CNY,29,0,0,0,0,0,E40_P20,7,48,2023-02-18,2,2
curtailment_cost_CNY,30,201689.57894737349,201689.57894737349,0,0,0,E40_P20,7,70,2023-03-12,1,1
curtailment_cost_CNY,31,83141.313019393696,83141.313019393696,0,0,0,E40_P20,7,123,2023-05-04,1,1
curtailment_cost_CNY,32,67973.180055406323,67973.180055406323,0,0,0,E40_P20,7,348,2023-12-15,1,1
curtailment_cost_CNY,33,460464.72022162529,132769.18005540632,70612,0,70612,E40_P20,7,177,2023-06-27,4,4
curtailment_cost_CNY,34,30362.000000001466,30362.000000001466,0,0,0,E40_P20,7,74,2023-03-16,1,1
curtailment_cost_CNY,35,91894.872894741435,54007.157894740434,16119.442894739434,-1.1991998037861425e-11,16119.442894739419,E40_P20,7,73,2023-03-15,2,1.9999999999999998
curtailment_cost_CNY,36,98447.084596275628,6157.0978947380581,37009.069087961645,-0.00046416500622858752,37009.068623796644,E40_P20,7,363,2023-12-30,22,21.999999924613022
curtailment_cost_CNY,37,260396.74511081932,77267.180055406308,48671.975110805914,0,48671.975110805914,E40_P20,7,179,2023-06-29,4,4
curtailment_cost_CNY,38,0,0,0,0,0,E40_P20,7,93,2023-04-04,2,2
curtailment_cost_CNY,39,1346787.489454021,66479.78196676285,-17191.850118763978,0,-17191.850118763978,E40_P20,7,222,2023-08-11,20,20
curtailment_cost_CNY,40,0,0,0,0,0,E40_P20,7,291,2023-10-19,1,1
curtailment_cost_CNY,41,165168.75900277472,165168.75900277472,0,0,0,E40_P20,7,186,2023-07-06,1,1
curtailment_cost_CNY,42,102127.97894737325,102127.97894737325,0,0,0,E40_P20,7,122,2023-05-03,1,1
curtailment_cost_CNY,43,1401353.9038920547,64203.58500000411,-53078.618891968392,-48542.55817073967,-101621.17706270795,E40_P20,7,164,2023-06-14,21,20.243927606679026
curtailment_cost_CNY,44,0,0,0,0,0,E40_P20,7,79,2023-03-21,14,14.000000000000279
curtailment_cost_CNY,45,0,0,0,0,0,E40_P20,7,152,2023-06-02,1,1
curtailment_cost_CNY,46,7362.7368421052724,7362.7368421052724,0,0,0,E40_P20,7,69,2023-03-11,1,1
curtailment_cost_CNY,47,293507.03577563708,61858.996842107867,-46071.048407205613,0,-46071.048407205613,E40_P20,7,189,2023-07-09,4,4
load_shedding_cost_CNY,0,34893508.999997869,1686994.9999998929,-2840603.9999999031,-9.6493904422339502e-07,-2840604.000000868,E40_P20,7,211,2023-07-31,19,18.999999999999428
load_shedding_cost_CNY,1,4476099.9999994691,650199.99999989371,-1225100.0000000005,0,-1225100.0000000005,E40_P20,7,354,2023-12-21,5,5
load_shedding_cost_CNY,2,11236705.499998491,1184482.7499998803,4161570.2499999534,-6.1438669796126012e-07,4161570.2499993388,E40_P20,7,109,2023-04-20,13,12.999999999999481
load_shedding_cost_CNY,3,10259293.99999827,763199.99999989395,-337693.99999964796,-3.9451322209055406e-07,-337694.00000004284,E40_P20,7,112,2023-04-23,13,12.999999999999483
load_shedding_cost_CNY,4,0,0,0,-0,0,E40_P20,7,92,2023-04-03,1,0.99999999999999989
load_shedding_cost_CNY,5,8499.9999998937401,0,-8499.9999998937401,-0,-8499.9999998937401,E40_P20,7,121,2023-05-02,2,1.9999999999999996
load_shedding_cost_CNY,6,1540899.9999995751,5599.9999998936801,-1512900.0000001066,27999.9999994684,-1484900.0000006382,E40_P20,7,190,2023-07-10,5,10
load_shedding_cost_CNY,7,53458309.99999804,3014899.9999998924,809890.00000002235,-4.3486970469073909e-06,809889.99999567121,E40_P20,7,281,2023-10-09,18,17.999999999998558
load_shedding_cost_CNY,8,1359199.9999998938,1359199.9999998938,1359199.9999998938,0,1359199.9999998938,E40_P20,7,308,2023-11-05,2,2
load_shedding_cost_CNY,9,1389699.9999997874,611199.99999989395,-167299.99999999953,-1.3571366253015559e-10,-167299.99999999977,E40_P20,7,187,2023-07-07,2,1.9999999999999998
load_shedding_cost_CNY,10,965999.99999946821,258399.9999998936,1359599.9999995744,742475.85625021392,2102075.8562497878,E40_P20,7,50,2023-02-20,9,11.873358576820896
load_shedding_cost_CNY,11,38542395.249996543,1381018.7499998899,2888167.2500001565,-13658258.213498781,-10770090.963498626,E40_P20,7,45,2023-02-15,30,20.110012471952412
load_shedding_cost_CNY,12,11799.999999893584,11799.999999893584,0,-1.3100631690458701e-12,-1.8189894035458565e-12,E40_P20,7,332,2023-11-29,1,0.99999999999999989
load_shedding_cost_CNY,13,0,0,0,-0,0,E40_P20,7,140,2023-05-21,1,0.99999999999999989
load_shedding_cost_CNY,14,9406899.9999987241,575799.99999989395,-2497299.9999999963,2.7718591866227497e-07,-2497299.9999997197,E40_P20,7,352,2023-12-19,12,12.000000000000481
load_shedding_cost_CNY,15,34737774.999998227,1872699.9999998936,-4774574.9999999292,0,-4774574.9999999292,E40_P20,7,229,2023-08-18,16,16
load_shedding_cost_CNY,16,45973313.249997564,2546699.9999998934,10054086.750000089,-48.438488665163355,10054038.311511427,E40_P20,7,316,2023-11-13,22,21.999980979900002
load_shedding_cost_CNY,17,0,0,0,0,0,E40_P20,7,13,2023-01-14,1,1
load_shedding_cost_CNY,18,3083799.9999996806,162299.99999989363,-2596899.9999999995,4.8651083162067095e-08,-2596899.9999999511,E40_P20,7,43,2023-02-13,3,3.0000000000002998
load_shedding_cost_CNY,19,932099.99999978719,252799.99999989371,-426499.99999999977,0,-426499.99999999977,E40_P20,7,31,2023-02-01,2,2
load_shedding_cost_CNY,20,35886065.749997497,1712941.7499998189,-1627230.7500011176,0,-1627230.7500011176,E40_P20,7,290,2023-10-18,20,20
load_shedding_cost_CNY,21,35833399.999998719,3409099.9999998929,5075800,1.6411158654249843e-06,5075800.0000016391,E40_P20,7,47,2023-02-17,12,12.000000000000481
load_shedding_cost_CNY,22,0,0,0,0,0,E40_P20,7,12,2023-01-13,3,5.9999747871149989
load_shedding_cost_CNY,23,0,0,0,0,0,E40_P20,7,125,2023-05-06,3,3.0000000000002993
load_shedding_cost_CNY,24,5955621.7499993611,753999.99999989371,-1431621.7499999991,-9.0541618646953768e-07,-1431621.7500009043,E40_P20,7,94,2023-04-05,6,5.9999999999987992
load_shedding_cost_CNY,25,0,0,0,0,0,E40_P20,7,91,2023-04-02,1,1
load_shedding_cost_CNY,26,42923412.249996476,2115799.9999998929,20550587.750000313,-480824.7475478081,20069763.0024525,E40_P20,7,355,2023-12-22,30,29.772745652921905
load_shedding_cost_CNY,27,93399.999999893611,93399.999999893611,0,0,0,E40_P20,7,343,2023-12-10,1,1
load_shedding_cost_CNY,28,4266196.2499991851,589599.9999998936,450603.74999996368,-5.2366999625509933e-10,450603.74999996275,E40_P20,7,75,2023-03-17,8,7.9999999999999991
load_shedding_cost_CNY,29,5899.9999998935791,5899.9999998935791,5899.9999998935791,0,5899.9999998935791,E40_P20,7,48,2023-02-18,2,2
load_shedding_cost_CNY,30,1185099.9999998934,1185099.9999998934,0,0,0,E40_P20,7,70,2023-03-12,1,1
load_shedding_cost_CNY,31,615147.74999988836,615147.74999988836,0,0,0,E40_P20,7,123,2023-05-04,1,1
load_shedding_cost_CNY,32,0,0,0,0,0,E40_P20,7,348,2023-12-15,1,1
load_shedding_cost_CNY,33,794199.99999978777,0,-794199.99999978777,0,-794199.99999978777,E40_P20,7,177,2023-06-27,4,4
load_shedding_cost_CNY,34,0,0,0,0,0,E40_P20,7,74,2023-03-16,1,1
load_shedding_cost_CNY,35,0,0,0,-0,0,E40_P20,7,73,2023-03-15,2,1.9999999999999998
load_shedding_cost_CNY,36,27990194.999997392,1260218.7499998896,-265382.49999982119,-0.095004083732855293,-265382.59500390291,E40_P20,7,363,2023-12-30,22,21.999999924613022
load_shedding_cost_CNY,37,7669379.9999995697,2395799.9999998929,1913820.0000000019,0,1913820.0000000019,E40_P20,7,179,2023-06-29,4,4
load_shedding_cost_CNY,38,0,0,0,0,0,E40_P20,7,93,2023-04-04,2,2
load_shedding_cost_CNY,39,18846459.999997705,918999.99999989395,-466459.99999982491,0,-466459.99999982491,E40_P20,7,222,2023-08-11,20,20
load_shedding_cost_CNY,40,55999.999999893589,55999.999999893589,0,0,0,E40_P20,7,291,2023-10-19,1,1
load_shedding_cost_CNY,41,0,0,0,0,0,E40_P20,7,186,2023-07-06,1,1
load_shedding_cost_CNY,42,0,0,0,0,0,E40_P20,7,122,2023-05-03,1,1
load_shedding_cost_CNY,43,49030596.499997698,2825999.9999998934,10315403.50000006,-2136660.5835249908,8178742.9164750725,E40_P20,7,164,2023-06-14,21,20.243927606679026
load_shedding_cost_CNY,44,34740947.24999842,2381799.9999998938,-1395747.2499999069,6.6425549505308245e-07,-1395747.2499992438,E40_P20,7,79,2023-03-21,14,14.000000000000279
load_shedding_cost_CNY,45,0,0,0,0,0,E40_P20,7,152,2023-06-02,1,1
load_shedding_cost_CNY,46,0,0,0,0,0,E40_P20,7,69,2023-03-11,1,1
load_shedding_cost_CNY,47,680699.99999968067,146499.99999989365,-94700.000000106054,0,-94700.000000106054,E40_P20,7,189,2023-07-09,4,4
storage_variable_om_CNY,0,11582.18882573237,708.84250000024838,1885.8186742723501,-4.0544862578443027e-10,1885.8186742719445,E40_P20,7,211,2023-07-31,19,18.999999999999428
storage_variable_om_CNY,1,4649.0231250013139,979.48325000028774,248.39312500012511,0,248.39312500012511,E40_P20,7,354,2023-12-21,5,5
storage_variable_om_CNY,2,13192.336875003246,986.9027500003458,-362.60112499874958,-5.1190270333752074e-10,-362.60112499926254,E40_P20,7,109,2023-04-20,13,12.999999999999481
storage_variable_om_CNY,3,5742.70600000173,500.20000000010663,759.89399999965644,-2.5856330410084467e-10,759.89399999939724,E40_P20,7,112,2023-04-23,13,12.999999999999483
storage_variable_om_CNY,4,800.15353515134484,800.15353515134484,0,-8.8834887796023758e-14,-1.1368683772161603e-13,E40_P20,7,92,2023-04-03,1,0.99999999999999989
storage_variable_om_CNY,5,808.00000000021282,504.00000000010641,200,-2.2382096176447881e-13,199.99999999999977,E40_P20,7,121,2023-05-02,2,1.9999999999999996
storage_variable_om_CNY,6,5212.4094736852203,1064.815723684558,111.6691447375697,5324.07861842279,5435.7477631603597,E40_P20,7,190,2023-07-10,5,10
storage_variable_om_CNY,7,11094.216698098426,721.02625000025239,1884.255801906118,-1.0400095273869513e-09,1884.2558019050775,E40_P20,7,281,2023-10-09,18,17.999999999998558
storage_variable_om_CNY,8,839.07325000029414,454.06675000015929,69.060250000024439,0,69.060250000024439,E40_P20,7,308,2023-11-05,2,2
storage_variable_om_CNY,9,2144.9000000002125,987.90000000010662,-169.09999999999923,-2.193578652054621e-13,-169.09999999999945,E40_P20,7,187,2023-07-07,2,1.9999999999999998
storage_variable_om_CNY,10,8834.9728750021604,1160.000000000266,1605.0271250002334,3333.0959491130043,4938.1230741132385,E40_P20,7,50,2023-02-20,9,11.873358576820896
storage_variable_om_CNY,11,26481.28880092673,867.28125000016348,-462.8513009218259,-8577.4007458111391,-9040.2520467329632,E40_P20,7,45,2023-02-15,30,20.110012471952412
storage_variable_om_CNY,12,817.00000000028604,817.00000000028604,0,-9.0705221111907046e-14,-1.1368683772161603e-13,E40_P20,7,332,2023-11-29,1,0.99999999999999989
storage_variable_om_CNY,13,64.899999999999935,64.899999999999935,0,-7.2053474298172587e-15,-1.4210854715202004e-14,E40_P20,7,140,2023-05-21,1,0.99999999999999989
storage_variable_om_CNY,14,7433.1870085566106,768.07737500022085,1783.7414914460396,3.6974684403123321e-10,1783.7414914464089,E40_P20,7,352,2023-12-19,12,12.000000000000481
storage_variable_om_CNY,15,14206.582698753848,856.00000000015962,-510.58269875129372,0,-510.58269875129372,E40_P20,7,229,2023-08-18,16,16
storage_variable_om_CNY,16,6961.1867500024364,304.00000000010641,-273.18675000009534,-0.0057821103994249142,-273.19253211049454,E40_P20,7,316,2023-11-13,22,21.999980979900002
storage_variable_om_CNY,17,843.33300000008524,843.33300000008524,0,0,0,E40_P20,7,13,2023-01-14,1,1
storage_variable_om_CNY,18,2260.4722742388753,818.3720242385117,194.64379847665987,2.4531537528504697e-10,194.64379847690498,E40_P20,7,43,2023-02-13,3,3.0000000000002998
storage_variable_om_CNY,19,1234.3109067021373,474.31090670187132,-285.68909329839471,0,-285.68909329839471,E40_P20,7,31,2023-02-01,2,2
storage_variable_om_CNY,20,19144.577551879716,1068.3582500002342,2222.5874481249666,0,2222.5874481249666,E40_P20,7,290,2023-10-18,20,20
storage_variable_om_CNY,21,4093.9426333785677,304.00000000010641,-445.9426333772908,1.4634338185720147e-10,-445.94263337714438,E40_P20,7,47,2023-02-17,12,12.000000000000481
storage_variable_om_CNY,22,496.84525000017356,222.01500000007772,169.19975000005957,666.03940236156961,835.23915236162929,E40_P20,7,12,2023-01-13,3,5.9999747871149989
storage_variable_om_CNY,23,311.20956875339579,31.871231696820978,-215.59587366293286,9.5395736482017219e-12,-215.59587366292331,E40_P20,7,125,2023-05-06,3,3.0000000000002993
storage_variable_om_CNY,24,5931.0925956263409,971.90000000029602,-99.692595624565001,-1.1670742594564134e-09,-99.692595625731883,E40_P20,7,94,2023-04-05,6,5.9999999999987992
storage_variable_om_CNY,25,709.97062500020047,709.97062500020047,0,0,0,E40_P20,7,91,2023-04-02,1,1
storage_variable_om_CNY,26,23210.673023926935,675.35975000023632,-2949.8805239198446,-153.47843902912888,-3103.3589629489725,E40_P20,7,355,2023-12-22,30,29.772745652921905
storage_variable_om_CNY,27,560.28775000012899,560.28775000012899,0,0,0,E40_P20,7,343,2023-12-10,1,1
storage_variable_om_CNY,28,3212.3037500008686,304.70000000010634,-774.70375000001786,-2.7062796448272261e-13,-774.70375000001832,E40_P20,7,75,2023-03-17,8,7.9999999999999991
storage_variable_om_CNY,29,475.92625000011856,304.00000000010641,132.07375000009426,0,132.07375000009426,E40_P20,7,48,2023-02-18,2,2
storage_variable_om_CNY,30,1081.6000000003592,1081.6000000003592,0,0,0,E40_P20,7,70,2023-03-12,1,1
storage_variable_om_CNY,31,770.85225000012201,770.85225000012201,0,0,0,E40_P20,7,123,2023-05-04,1,1
storage_variable_om_CNY,32,860.06750000000852,860.06750000000852,0,0,0,E40_P20,7,348,2023-12-15,1,1
storage_variable_om_CNY,33,3876.2000000002126,864.99999999999989,-416.20000000021309,0,-416.20000000021309,E40_P20,7,177,2023-06-27,4,4
storage_variable_om_CNY,34,443.10000000007312,443.10000000007312,0,0,0,E40_P20,7,74,2023-03-16,1,1
storage_variable_om_CNY,35,1630.3857500004424,665.00000000023283,-300.38574999997672,-1.4765966227519752e-13,-300.38574999997695,E40_P20,7,73,2023-03-15,2,1.9999999999999998
storage_variable_om_CNY,36,11820.676945435614,639.47825000022408,2247.8445545693157,-4.8208333044057932e-05,2247.8445063609815,E40_P20,7,363,2023-12-30,22,21.999999924613022
storage_variable_om_CNY,37,3378.8392500007631,904.00000000010641,237.16074999966258,0,237.16074999966258,E40_P20,7,179,2023-06-29,4,4
storage_variable_om_CNY,38,95.307083442863728,48.196583442847242,1.0860834428307555,0,1.0860834428307555,E40_P20,7,93,2023-04-04,2,2
storage_variable_om_CNY,39,20275.414393755484,946.61100000019155,-1343.1943937516517,0,-1343.1943937516517,E40_P20,7,222,2023-08-11,20,20
storage_variable_om_CNY,40,451.5397500001576,451.5397500001576,0,0,0,E40_P20,7,291,2023-10-19,1,1
storage_variable_om_CNY,41,904.00000000010641,904.00000000010641,0,0,0,E40_P20,7,186,2023-07-06,1,1
storage_variable_om_CNY,42,1018.9415000003568,1018.9415000003568,0,0,0,E40_P20,7,122,2023-05-03,1,1
storage_variable_om_CNY,43,19020.278750005538,891.77925000031223,-292.91449999898032,-674.24967186171898,-967.16417186069884,E40_P20,7,164,2023-06-14,21,20.243927606679026
storage_variable_om_CNY,44,4495.252750001574,304.00000000010641,-239.25275000008423,8.4781959230924829e-11,-239.25274999999965,E40_P20,7,79,2023-03-21,14,14.000000000000279
storage_variable_om_CNY,45,402.91900000001959,402.91900000001959,0,0,0,E40_P20,7,152,2023-06-02,1,1
storage_variable_om_CNY,46,644.84812500017779,644.84812500017779,0,0,0,E40_P20,7,69,2023-03-11,1,1
storage_variable_om_CNY,47,3894.1757500009126,897.11300000029041,-305.72374999975091,0,-305.72374999975091,E40_P20,7,189,2023-07-09,4,4
storage_investment_allocated_CNY,0,190572.96343527245,10030.155970277498,0,-5.7371178428932876e-09,-5.7334545999765396e-09,E40_P20,7,211,2023-07-31,19,18.999999999999428
storage_investment_allocated_CNY,1,50150.779851387488,10030.155970277498,0,0,0,E40_P20,7,354,2023-12-21,5,5
storage_investment_allocated_CNY,2,130392.02761360747,10030.155970277498,0,-5.2026037581516769e-09,-5.2095856517553329e-09,E40_P20,7,109,2023-04-20,13,12.999999999999481
storage_investment_allocated_CNY,3,130392.02761360747,10030.155970277498,0,-5.1847866219936236e-09,-5.1804818212985992e-09,E40_P20,7,112,2023-04-23,13,12.999999999999483
storage_investment_allocated_CNY,4,10030.155970277498,10030.155970277498,0,-1.1135710098783555e-12,-1.8189894035458565e-12,E40_P20,7,92,2023-04-03,1,0.99999999999999989
storage_investment_allocated_CNY,5,20060.311940554995,10030.155970277498,0,-4.454284039513422e-12,-3.637978807091713e-12,E40_P20,7,121,2023-05-02,2,1.9999999999999996
storage_investment_allocated_CNY,6,50150.779851387488,10030.155970277498,0,50150.779851387488,50150.779851387488,E40_P20,7,190,2023-07-10,5,10
storage_investment_allocated_CNY,7,180542.80746499496,10030.155970277498,0,-1.4467514560339595e-08,-1.4464603736996651e-08,E40_P20,7,281,2023-10-09,18,17.999999999998558
storage_investment_allocated_CNY,8,20060.311940554995,10030.155970277498,0,0,0,E40_P20,7,308,2023-11-05,2,2
storage_investment_allocated_CNY,9,20060.311940554995,10030.155970277498,0,-2.227142019756711e-12,-3.637978807091713e-12,E40_P20,7,187,2023-07-07,2,1.9999999999999998
storage_investment_allocated_CNY,10,90271.403732497478,10030.155970277498,0,28820.23468404817,28820.234684048162,E40_P20,7,50,2023-02-20,9,11.873358576820896
storage_investment_allocated_CNY,11,300904.67910832493,10030.155970277498,0,-99198.117450416496,-99198.117450416496,E40_P20,7,45,2023-02-15,30,20.110012471952412
storage_investment_allocated_CNY,12,10030.155970277498,10030.155970277498,0,-1.1135710098783555e-12,-1.8189894035458565e-12,E40_P20,7,332,2023-11-29,1,0.99999999999999989
storage_investment_allocated_CNY,13,10030.155970277498,10030.155970277498,0,-1.1135710098783555e-12,-1.8189894035458565e-12,E40_P20,7,140,2023-05-21,1,0.99999999999999989
storage_investment_allocated_CNY,14,120361.87164332997,10030.155970277498,0,4.8284438988325499e-09,4.8312358558177948e-09,E40_P20,7,352,2023-12-19,12,12.000000000000481
storage_investment_allocated_CNY,15,160482.49552443996,10030.155970277498,0,0,0,E40_P20,7,229,2023-08-18,16,16
storage_investment_allocated_CNY,16,220663.43134610495,10030.155970277498,0,-0.19077456955123392,-0.19077456954983063,E40_P20,7,316,2023-11-13,22,21.999980979900002
storage_investment_allocated_CNY,17,10030.155970277498,10030.155970277498,0,0,0,E40_P20,7,13,2023-01-14,1,1
storage_investment_allocated_CNY,18,30090.467910832493,10030.155970277498,0,3.00664172667156e-09,3.0049704946577549e-09,E40_P20,7,43,2023-02-13,3,3.0000000000002998
storage_investment_allocated_CNY,19,20060.311940554995,10030.155970277498,0,0,0,E40_P20,7,31,2023-02-01,2,2
storage_investment_allocated_CNY,20,200603.11940554995,10030.155970277498,0,0,0,E40_P20,7,290,2023-10-18,20,20
storage_investment_allocated_CNY,21,120361.87164332997,10030.155970277498,0,4.8284438988325499e-09,4.8312358558177948e-09,E40_P20,7,47,2023-02-17,12,12.000000000000481
storage_investment_allocated_CNY,22,30090.467910832493,10030.155970277498,0,30090.215021663469,30090.215021663469,E40_P20,7,12,2023-01-13,3,5.9999747871149989
storage_investment_allocated_CNY,23,30090.467910832493,10030.155970277498,0,3.0021874426320462e-09,3.0013325158506632e-09,E40_P20,7,125,2023-05-06,3,3.0000000000002993
storage_investment_allocated_CNY,24,60180.935821664985,10030.155970277498,0,-1.2044384042844293e-08,-1.204170985147357e-08,E40_P20,7,94,2023-04-05,6,5.9999999999987992
storage_investment_allocated_CNY,25,10030.155970277498,10030.155970277498,0,0,0,E40_P20,7,91,2023-04-02,1,1
storage_investment_allocated_CNY,26,300904.67910832493,10030.155970277498,0,-2279.3965461168646,-2279.3965461168555,E40_P20,7,355,2023-12-22,30,29.772745652921905
storage_investment_allocated_CNY,27,10030.155970277498,10030.155970277498,0,0,0,E40_P20,7,343,2023-12-10,1,1
storage_investment_allocated_CNY,28,80241.24776221998,10030.155970277498,0,-8.908568079026844e-12,-1.4551915228366852e-11,E40_P20,7,75,2023-03-17,8,7.9999999999999991
storage_investment_allocated_CNY,29,20060.311940554995,10030.155970277498,0,0,0,E40_P20,7,48,2023-02-18,2,2
storage_investment_allocated_CNY,30,10030.155970277498,10030.155970277498,0,0,0,E40_P20,7,70,2023-03-12,1,1
storage_investment_allocated_CNY,31,10030.155970277498,10030.155970277498,0,0,0,E40_P20,7,123,2023-05-04,1,1
storage_investment_allocated_CNY,32,10030.155970277498,10030.155970277498,0,0,0,E40_P20,7,348,2023-12-15,1,1
storage_investment_allocated_CNY,33,40120.62388110999,10030.155970277498,0,0,0,E40_P20,7,177,2023-06-27,4,4
storage_investment_allocated_CNY,34,10030.155970277498,10030.155970277498,0,0,0,E40_P20,7,74,2023-03-16,1,1
storage_investment_allocated_CNY,35,20060.311940554995,10030.155970277498,0,-2.227142019756711e-12,-3.637978807091713e-12,E40_P20,7,73,2023-03-15,2,1.9999999999999998
storage_investment_allocated_CNY,36,220663.43134610495,10030.155970277498,0,-0.00075614315185671169,-0.000756143155740574,E40_P20,7,363,2023-12-30,22,21.999999924613022
storage_investment_allocated_CNY,37,40120.62388110999,10030.155970277498,0,0,0,E40_P20,7,179,2023-06-29,4,4
storage_investment_allocated_CNY,38,20060.311940554995,10030.155970277498,0,0,0,E40_P20,7,93,2023-04-04,2,2
storage_investment_allocated_CNY,39,200603.11940554995,10030.155970277498,0,0,0,E40_P20,7,222,2023-08-11,20,20
storage_investment_allocated_CNY,40,10030.155970277498,10030.155970277498,0,0,0,E40_P20,7,291,2023-10-19,1,1
storage_investment_allocated_CNY,41,10030.155970277498,10030.155970277498,0,0,0,E40_P20,7,186,2023-07-06,1,1
storage_investment_allocated_CNY,42,10030.155970277498,10030.155970277498,0,0,0,E40_P20,7,122,2023-05-03,1,1
storage_investment_allocated_CNY,43,210633.27537582745,10030.155970277498,0,-7583.5240298303597,-7583.5240298303543,E40_P20,7,164,2023-06-14,21,20.243927606679026
storage_investment_allocated_CNY,44,140422.18358388497,10030.155970277498,0,2.797290376814429e-09,2.7939677238464355e-09,E40_P20,7,79,2023-03-21,14,14.000000000000279
storage_investment_allocated_CNY,45,10030.155970277498,10030.155970277498,0,0,0,E40_P20,7,152,2023-06-02,1,1
storage_investment_allocated_CNY,46,10030.155970277498,10030.155970277498,0,0,0,E40_P20,7,69,2023-03-11,1,1
storage_investment_allocated_CNY,47,40120.62388110999,10030.155970277498,0,0,0,E40_P20,7,189,2023-07-09,4,4
storage_fixed_om_CNY,0,39561.643835616436,2082.1917808219177,0,-1.1909864266795323e-09,-1.1932570487260818e-09,E40_P20,7,211,2023-07-31,19,18.999999999999428
storage_fixed_om_CNY,1,10410.95890410959,2082.1917808219177,0,0,0,E40_P20,7,354,2023-12-21,5,5
storage_fixed_om_CNY,2,27068.493150684932,2082.1917808219177,0,-1.0800249583553523e-09,-1.0804797057062387e-09,E40_P20,7,109,2023-04-20,13,12.999999999999481
storage_fixed_om_CNY,3,27068.493150684932,2082.1917808219177,0,-1.0763262427445463e-09,-1.076841726899147e-09,E40_P20,7,112,2023-04-23,13,12.999999999999483
storage_fixed_om_CNY,4,2082.1917808219177,2082.1917808219177,0,-2.3116972567537505e-13,-4.5474735088646412e-13,E40_P20,7,92,2023-04-03,1,0.99999999999999989
storage_fixed_om_CNY,5,4164.3835616438355,2082.1917808219177,0,-9.2467890270150021e-13,-9.0949470177292824e-13,E40_P20,7,121,2023-05-02,2,1.9999999999999996
storage_fixed_om_CNY,6,10410.95890410959,2082.1917808219177,0,10410.95890410959,10410.95890410959,E40_P20,7,190,2023-07-10,5,10
storage_fixed_om_CNY,7,37479.452054794521,2082.1917808219177,0,-3.0033570759744727e-09,-3.0049704946577549e-09,E40_P20,7,281,2023-10-09,18,17.999999999998558
storage_fixed_om_CNY,8,4164.3835616438355,2082.1917808219177,0,0,0,E40_P20,7,308,2023-11-05,2,2
storage_fixed_om_CNY,9,4164.3835616438355,2082.1917808219177,0,-4.6233945135075011e-13,-9.0949470177292824e-13,E40_P20,7,187,2023-07-07,2,1.9999999999999998
storage_fixed_om_CNY,10,18739.726027397261,2082.1917808219177,0,5982.8836120106334,5982.8836120106316,E40_P20,7,50,2023-02-20,9,11.873358576820896
storage_fixed_om_CNY,11,62465.753424657531,2082.1917808219177,0,-20592.850743331961,-20592.850743331961,E40_P20,7,45,2023-02-15,30,20.110012471952412
storage_fixed_om_CNY,12,2082.1917808219177,2082.1917808219177,0,-2.3116972567537505e-13,-4.5474735088646412e-13,E40_P20,7,332,2023-11-29,1,0.99999999999999989
storage_fixed_om_CNY,13,2082.1917808219177,2082.1917808219177,0,-2.3116972567537505e-13,-4.5474735088646412e-13,E40_P20,7,140,2023-05-21,1,0.99999999999999989
storage_fixed_om_CNY,14,24986.301369863013,2082.1917808219177,0,1.0023519305284262e-09,1.0040821507573128e-09,E40_P20,7,352,2023-12-19,12,12.000000000000481
storage_fixed_om_CNY,15,33315.068493150684,2082.1917808219177,0,0,0,E40_P20,7,229,2023-08-18,16,16
storage_fixed_om_CNY,16,45808.219178082189,2082.1917808219177,0,-0.039603495886458152,-0.039603495883056894,E40_P20,7,316,2023-11-13,22,21.999980979900002
storage_fixed_om_CNY,17,2082.1917808219177,2082.1917808219177,0,0,0,E40_P20,7,13,2023-01-14,1,1
storage_fixed_om_CNY,18,6246.5753424657532,2082.1917808219177,0,6.2415825932351262e-10,6.2391336541622877e-10,E40_P20,7,43,2023-02-13,3,3.0000000000002998
storage_fixed_om_CNY,19,4164.3835616438355,2082.1917808219177,0,0,0,E40_P20,7,31,2023-02-01,2,2
storage_fixed_om_CNY,20,41643.835616438359,2082.1917808219177,0,0,0,E40_P20,7,290,2023-10-18,20,20
storage_fixed_om_CNY,21,24986.301369863013,2082.1917808219177,0,1.0023519305284262e-09,1.0040821507573128e-09,E40_P20,7,47,2023-02-17,12,12.000000000000481
storage_fixed_om_CNY,22,6246.5753424657532,2082.1917808219177,0,6246.522844403833,6246.5228444038339,E40_P20,7,12,2023-01-13,3,5.9999747871149989
storage_fixed_om_CNY,23,6246.5753424657532,2082.1917808219177,0,6.2323358042081113e-10,6.2300387071445584e-10,E40_P20,7,125,2023-05-06,3,3.0000000000002993
storage_fixed_om_CNY,24,12493.150684931506,2082.1917808219177,0,-2.5003317529048564e-09,-2.5011104298755527e-09,E40_P20,7,94,2023-04-05,6,5.9999999999987992
storage_fixed_om_CNY,25,2082.1917808219177,2082.1917808219177,0,0,0,E40_P20,7,91,2023-04-02,1,1
storage_fixed_om_CNY,26,62465.753424657531,2082.1917808219177,0,-473.18713364205991,-473.18713364205905,E40_P20,7,355,2023-12-22,30,29.772745652921905
storage_fixed_om_CNY,27,2082.1917808219177,2082.1917808219177,0,0,0,E40_P20,7,343,2023-12-10,1,1
storage_fixed_om_CNY,28,16657.534246575342,2082.1917808219177,0,-1.8493578054030004e-12,-3.637978807091713e-12,E40_P20,7,75,2023-03-17,8,7.9999999999999991
storage_fixed_om_CNY,29,4164.3835616438355,2082.1917808219177,0,0,0,E40_P20,7,48,2023-02-18,2,2
storage_fixed_om_CNY,30,2082.1917808219177,2082.1917808219177,0,0,0,E40_P20,7,70,2023-03-12,1,1
storage_fixed_om_CNY,31,2082.1917808219177,2082.1917808219177,0,0,0,E40_P20,7,123,2023-05-04,1,1
storage_fixed_om_CNY,32,2082.1917808219177,2082.1917808219177,0,0,0,E40_P20,7,348,2023-12-15,1,1
storage_fixed_om_CNY,33,8328.767123287671,2082.1917808219177,0,0,0,E40_P20,7,177,2023-06-27,4,4
storage_fixed_om_CNY,34,2082.1917808219177,2082.1917808219177,0,0,0,E40_P20,7,74,2023-03-16,1,1
storage_fixed_om_CNY,35,4164.3835616438355,2082.1917808219177,0,-4.6233945135075011e-13,-9.0949470177292824e-13,E40_P20,7,73,2023-03-15,2,1.9999999999999998
storage_fixed_om_CNY,36,45808.219178082189,2082.1917808219177,0,-0.00015697014688369451,-0.00015697014168836176,E40_P20,7,363,2023-12-30,22,21.999999924613022
storage_fixed_om_CNY,37,8328.767123287671,2082.1917808219177,0,0,0,E40_P20,7,179,2023-06-29,4,4
storage_fixed_om_CNY,38,4164.3835616438355,2082.1917808219177,0,0,0,E40_P20,7,93,2023-04-04,2,2
storage_fixed_om_CNY,39,41643.835616438359,2082.1917808219177,0,0,0,E40_P20,7,222,2023-08-11,20,20
storage_fixed_om_CNY,40,2082.1917808219177,2082.1917808219177,0,0,0,E40_P20,7,291,2023-10-19,1,1
storage_fixed_om_CNY,41,2082.1917808219177,2082.1917808219177,0,0,0,E40_P20,7,186,2023-07-06,1,1
storage_fixed_om_CNY,42,2082.1917808219177,2082.1917808219177,0,0,0,E40_P20,7,122,2023-05-03,1,1
storage_fixed_om_CNY,43,43726.027397260274,2082.1917808219177,0,-1574.2877230792876,-1574.2877230792874,E40_P20,7,164,2023-06-14,21,20.243927606679026
storage_fixed_om_CNY,44,29150.684931506847,2082.1917808219177,0,5.8069835089654215e-10,5.8207660913467407e-10,E40_P20,7,79,2023-03-21,14,14.000000000000279
storage_fixed_om_CNY,45,2082.1917808219177,2082.1917808219177,0,0,0,E40_P20,7,152,2023-06-02,1,1
storage_fixed_om_CNY,46,2082.1917808219177,2082.1917808219177,0,0,0,E40_P20,7,69,2023-03-11,1,1
storage_fixed_om_CNY,47,8328.767123287671,2082.1917808219177,0,0,0,E40_P20,7,189,2023-07-09,4,4
renewable_available_MWh,0,5146.8000000000002,759.23000000000002,-591.42000000000007,-9.1102212884663912e-10,-591.42000000091139,E40_P20,2026,331,2023-11-28,6,5.9999999999988001
renewable_available_MWh,1,8031.3800000000001,410.51999999999998,-231.50000000000091,-2.3335360310738905e-10,-231.50000000023374,E40_P20,2026,337,2023-12-04,19,18.999999999999432
renewable_available_MWh,2,7567.4699999999993,1115.6099999999999,241.80000000000018,2.3414038974323145e-09,241.80000000234122,E40_P20,2026,127,2023-05-08,7,7.0000000000020988
renewable_available_MWh,3,5673.4200000000001,1228.0300000000002,-761.29999999999927,270.68603359324641,-490.61396640675321,E40_P20,2026,347,2023-12-14,4,4.2204229811920282
renewable_available_MWh,4,4763.1700000000001,1211.22,81.710000000000036,-5.3788973275459285e-13,81.709999999999127,E40_P20,2026,344,2023-12-11,4,3.9999999999999996
renewable_available_MWh,5,5365.1999999999998,1836.9400000000001,145.61999999999989,5.5064153237083246e-10,145.62000000055104,E40_P20,2026,326,2023-11-23,3,3.0000000000002998
renewable_available_MWh,6,1734.3000000000002,1734.3000000000002,0,-1.9254597916074092e-13,-2.2737367544323206e-13,E40_P20,2026,332,2023-11-29,1,0.99999999999999989
renewable_available_MWh,7,1421.8500000000001,473.85000000000002,-0.29999999999995453,1.4225181033111768e-10,-0.29999999985784598,E40_P20,2026,167,2023-06-17,3,3.0000000000003002
renewable_available_MWh,8,2468.5899999999997,1151.9099999999999,-164.76999999999998,-2.5577540085919278e-13,-164.77000000000044,E40_P20,2026,152,2023-06-02,2,1.9999999999999998
renewable_available_MWh,9,3236.2599999999998,1099.77,63.050000000000182,3.3064408544447589e-10,63.050000000330783,E40_P20,2026,31,2023-02-01,3,3.0000000000003006
renewable_available_MWh,10,11360.42,773.41000000000008,240.73000000000138,-5.7976560441375117e-10,240.72999999942112,E40_P20,2026,303,2023-10-31,15,14.99999999999925
renewable_available_MWh,11,2204.77,536.06999999999994,-60.490000000000236,-2.3806290272432304e-13,-60.490000000000691,E40_P20,2026,333,2023-11-30,4,3.9999999999999996
renewable_available_MWh,12,2431.23,2431.23,0,0,0,E40_P20,2026,13,2023-01-14,1,1
renewable_available_MWh,13,6640.8500000000004,837.8900000000001,62.270000000000437,0,62.270000000000437,E40_P20,2026,166,2023-06-16,8,8
renewable_available_MWh,14,7736.0100000000002,2021.1900000000001,348.75,4738.4806034998828,5087.2306034998819,E40_P20,2026,106,2023-04-17,4,6.3444013692428136
renewable_available_MWh,15,25281.779999999999,1088.26,836.45999999999913,6642.6696614024931,7479.1296614024941,E40_P20,2026,206,2023-07-26,24,30.103936248141522
renewable_available_MWh,16,4110.4700000000003,167.69999999999999,-1091.8700000000003,-0.07023648629375856,-1091.940236486294,E40_P20,2026,4,2023-01-05,18,17.999581177780001
renewable_available_MWh,17,3137.1800000000003,617.87,-47.830000000000382,-5.4877880018011638e-13,-47.830000000000837,E40_P20,2026,254,2023-09-12,5,4.9999999999999991
renewable_available_MWh,18,11540.25,661.02999999999997,-963.77000000000044,0,-963.77000000000044,E40_P20,2026,181,2023-07-01,16,16
renewable_available_MWh,19,10781.58,1050.3399999999999,-1328.5200000000004,9.4408399320400335e-10,-1328.5199999990564,E40_P20,2026,49,2023-02-19,9,9.0000000000008988
renewable_available_MWh,20,2154.6500000000001,1214.79,274.92999999999984,0,274.92999999999984,E40_P20,2026,42,2023-02-12,2,2
renewable_available_MWh,21,1415.4899999999998,1415.4899999999998,0,-1.5715095891266626e-13,-2.2737367544323206e-13,E40_P20,2026,74,2023-03-16,1,0.99999999999999989
renewable_available_MWh,22,3332.27,1691.9200000000001,51.570000000000164,-3.7568170796475899e-13,51.569999999999709,E40_P20,2026,73,2023-03-15,2,1.9999999999999998
renewable_available_MWh,23,4044.0500000000002,656.19000000000005,-106.90999999999985,-7.8854706764275312e-10,-106.91000000078839,E40_P20,2026,255,2023-09-13,6,5.9999999999987983
renewable_available_MWh,24,14513.91,599.91999999999996,-715.75,-1.5196482650026154e-09,-715.75000000152068,E40_P20,2026,280,2023-10-08,23,22.999999999997467
renewable_available_MWh,25,1813.2600000000002,1813.2600000000002,0,0,0,E40_P20,2026,92,2023-04-03,1,1
renewable_available_MWh,26,11591.190000000001,1259.6300000000001,1005.1100000000006,2.2375523656137377e-12,1005.1100000000024,E40_P20,2026,207,2023-07-27,10,10.000000000000002
renewable_available_MWh,27,2292.0299999999997,2292.0299999999997,0,0,0,E40_P20,2026,186,2023-07-06,1,1
renewable_available_MWh,28,13841.370000000001,940.85000000000014,-669.46999999999935,2.6239179717890695e-10,-669.46999999973559,E40_P20,2026,304,2023-11-01,14,14.000000000000279
renewable_available_MWh,29,4112.6599999999999,1076.73,194.26000000000022,9.5632834984371586e-13,194.26000000000113,E40_P20,2026,315,2023-11-12,4,4.0000000000000009
renewable_available_MWh,30,3749.5799999999999,1278.49,85.890000000000327,3.8267267576941322e-10,85.89000000038277,E40_P20,2026,125,2023-05-06,3,3.0000000000002993
renewable_available_MWh,31,5955.8900000000003,447.81999999999994,-134.23000000000138,-2.3228253098750427e-10,-134.2300000002333,E40_P20,2026,86,2023-03-28,13,12.999999999999481
renewable_available_MWh,32,2274.4200000000001,2274.4200000000001,0,0,0,E40_P20,2026,122,2023-05-03,1,1
renewable_available_MWh,33,21180.52,907.20000000000005,-314.91999999999825,-2.294791556778364e-09,-314.92000000229382,E40_P20,2026,63,2023-03-05,23,22.99999999999747
renewable_available_MWh,34,4189.2399999999998,1102.74,221.72000000000025,0,221.72000000000025,E40_P20,2026,179,2023-06-29,4,4
renewable_available_MWh,35,4541.8500000000004,983.48000000000002,-607.93000000000029,-4.3675285610333959e-13,-607.93000000000075,E40_P20,2026,93,2023-04-04,4,3.9999999999999996
renewable_available_MWh,36,9122.4599999999991,1485.55,-209.15999999999985,-1.782554592821839e-09,-209.16000000178246,E40_P20,2026,105,2023-04-16,6,5.9999999999988001
renewable_available_MWh,37,2118.9299999999998,2118.9299999999998,0,0,0,E40_P20,2026,91,2023-04-02,1,1
renewable_available_MWh,38,6404.5699999999997,282.48000000000002,-754.96999999999935,-1.0035705599875656e-12,-754.97000000000025,E40_P20,2026,275,2023-10-03,20,19.999999999999996
renewable_available_MWh,39,6823.6399999999994,1812.0599999999999,424.60000000000036,0,424.60000000000036,E40_P20,2026,192,2023-07-12,4,4
renewable_available_MWh,40,10415.639999999999,503.93000000000001,-840.96999999999935,-4368.2374683971275,-5209.2074683971268,E40_P20,2026,357,2023-12-24,19,10.331658229521704
renewable_available_MWh,41,5389.9099999999999,498.20999999999998,-906.02000000000044,4.4869436166550259e-10,-906.01999999955115,E40_P20,2026,169,2023-06-19,9,9.0000000000009006
renewable_available_MWh,42,3180.5500000000002,339.68000000000001,-463.11000000000013,0,-463.11000000000013,E40_P20,2026,21,2023-01-22,8,8
renewable_available_MWh,43,1949.8299999999999,856.06999999999994,-237.69000000000005,-1.9008572493817154e-13,-237.69000000000028,E40_P20,2026,308,2023-11-05,2,1.9999999999999998
renewable_available_MWh,44,14381.73,707.81999999999994,-933.15000000000146,-4.0486376917669982e-10,-933.15000000040527,E40_P20,2026,283,2023-10-11,19,18.999999999999428
renewable_available_MWh,45,2545.3699999999999,935.71000000000004,261.76000000000022,-5.494897799849241e-06,261.75999450510244,E40_P20,2026,364,2023-12-31,3,2.9999999941275632
renewable_available_MWh,46,1187.1900000000001,1187.1900000000001,0,0,0,E40_P20,2026,123,2023-05-04,1,1
renewable_available_MWh,47,6256.71,1313.74,311.98999999999978,1.1668355170968425e-12,311.9900000000016,E40_P20,2026,124,2023-05-05,5,5.0000000000000009
renewable_used_MWh,0,4057.3821671999144,564.5553141875057,-670.05028207488022,-6.7742631901108319e-10,-670.05028207555779,E40_P20,2026,331,2023-11-28,6,5.9999999999988001
renewable_used_MWh,1,7880.3093301131721,410.51999999999998,-80.429330113172909,-2.3335360310738905e-10,-80.42933011340574,E40_P20,2026,337,2023-12-04,19,18.999999999999432
renewable_used_MWh,2,5118.4821303322678,785.90482499997847,382.85164466758124,1.6494300161040247e-09,382.85164466923106,E40_P20,2026,127,2023-05-08,7,7.0000000000020988
renewable_used_MWh,3,5588.6069210526293,1227.0621052631579,-680.35849999999755,270.47268734987159,-409.88581265012635,E40_P20,2026,347,2023-12-14,4,4.2204229811920282
renewable_used_MWh,4,3999.1186451522831,1017.9134349030315,72.535094459843094,-4.5204437300185043e-13,72.535094459842639,E40_P20,2026,344,2023-12-11,4,3.9999999999999996
renewable_used_MWh,5,2992.4603047090695,1091.4540997229683,281.90199445983535,3.2717451739516952e-10,281.90199446016231,E40_P20,2026,326,2023-11-23,3,3.0000000000002998
renewable_used_MWh,6,1460.1942105263031,1460.1942105263031,0,-1.6211412329506548e-13,-2.2737367544323206e-13,E40_P20,2026,332,2023-11-29,1,0.99999999999999989
renewable_used_MWh,7,1410.0056249999993,473.85000000000002,11.544375000000855,1.4225181033111768e-10,11.544375000142963,E40_P20,2026,167,2023-06-17,3,3.0000000000003002
renewable_used_MWh,8,2279.151424999995,1151.9099999999999,24.668575000004694,-2.5577540085919278e-13,24.668575000004239,E40_P20,2026,152,2023-06-02,2,1.9999999999999998
renewable_used_MWh,9,3198.2926315789473,1078.7042105263158,37.820000000000164,3.2431068964836197e-10,37.820000000324399,E40_P20,2026,31,2023-02-01,3,3.0000000000003006
renewable_used_MWh,10,8187.6697345232888,558.37554016618947,187.96336796955347,-4.1857091650522441e-10,187.96336796913511,E40_P20,2026,303,2023-10-31,15,14.99999999999925
renewable_used_MWh,11,2204.77,536.06999999999994,-60.490000000000236,-2.3806290272432304e-13,-60.490000000000691,E40_P20,2026,333,2023-11-30,4,3.9999999999999996
renewable_used_MWh,12,2077.0240997229685,2077.0240997229685,0,0,0,E40_P20,2026,13,2023-01-14,1,1
renewable_used_MWh,13,6374.8221404778269,828.27421052631576,251.37154373269914,0,251.37154373269914,E40_P20,2026,166,2023-06-16,8,8
renewable_used_MWh,14,4161.5711994458943,1049.4940997229685,36.405199445979633,2460.4354044027814,2496.840603848761,E40_P20,2026,106,2023-04-17,4,6.3444013692428136
renewable_used_MWh,15,17563.192784867933,788.40164999997967,1358.4468151315778,4812.3534095294617,6170.8002246610413,E40_P20,2026,206,2023-07-26,24,30.103936248141522
renewable_used_MWh,16,4110.4700000000003,167.69999999999999,-1091.8700000000003,-0.07023648629375856,-1091.940236486294,E40_P20,2026,4,2023-01-05,18,17.999581177780001
renewable_used_MWh,17,3137.1799999999998,617.87,-47.829999999999927,-5.4877880018011638e-13,-47.830000000000382,E40_P20,2026,254,2023-09-12,5,4.9999999999999991
renewable_used_MWh,18,9938.4483883452995,557.8623999999902,-1012.6499883454562,0,-1012.6499883454562,E40_P20,2026,181,2023-07-01,16,16
renewable_used_MWh,19,7122.6992517946655,740.9924355263023,-453.76733205794517,6.6603109228024404e-10,-453.76733205727851,E40_P20,2026,49,2023-02-19,9,9.0000000000008988
renewable_used_MWh,20,2125.5049999999997,1214.79,304.07500000000027,0,304.07500000000027,E40_P20,2026,42,2023-02-12,2,2
renewable_used_MWh,21,1263.6799999999926,1263.6799999999926,0,-1.4029666317583096e-13,-2.2737367544323206e-13,E40_P20,2026,74,2023-03-16,1,0.99999999999999989
renewable_used_MWh,22,2762.5797506924873,1421.8842105262979,81.188670360108517,-3.1572171777545186e-13,81.188670360108063,E40_P20,2026,73,2023-03-15,2,1.9999999999999998
renewable_used_MWh,23,3765.9082508528254,619.09571052630554,-51.333987694992175,-7.4397065960426843e-10,-51.333987695736141,E40_P20,2026,255,2023-09-13,6,5.9999999999987983
renewable_used_MWh,24,12560.251029016461,540.70259999999257,-124.0912290166325,-1.3696455660294572e-09,-124.0912290180022,E40_P20,2026,280,2023-10-08,23,22.999999999997467
renewable_used_MWh,25,1539.234974999983,1539.234974999983,0,0,0,E40_P20,2026,92,2023-04-03,1,1
renewable_used_MWh,26,7205.7830242127393,789.50409972296836,689.25797301694456,1.4024410072774322e-12,689.25797301694547,E40_P20,2026,207,2023-07-27,10,10.000000000000002
renewable_used_MWh,27,1466.1862049861263,1466.1862049861263,0,0,0,E40_P20,2026,186,2023-07-06,1,1
renewable_used_MWh,28,10329.972132554687,701.98554016618414,-502.17457022810959,1.9577536002318203e-10,-502.17457022791314,E40_P20,2026,304,2023-11-01,14,14.000000000000279
renewable_used_MWh,29,3340.464236218781,889.21421052629785,216.39260588641037,7.8978087228014169e-13,216.39260588641127,E40_P20,2026,315,2023-11-12,4,4.0000000000000009
renewable_used_MWh,30,3749.5799999999999,1278.49,85.890000000000327,3.8267267576941322e-10,85.89000000038277,E40_P20,2026,125,2023-05-06,3,3.0000000000002993
renewable_used_MWh,31,5817.8605657721719,440.63421052631577,-89.615828930066527,-2.2855528931430805e-10,-89.61582893029572,E40_P20,2026,86,2023-03-28,13,12.999999999999481
renewable_used_MWh,32,1763.7801052631337,1763.7801052631337,0,0,0,E40_P20,2026,122,2023-05-03,1,1
renewable_used_MWh,33,14449.177246700361,612.91709724999384,-352.08400995050215,-1.550393496223974e-09,-352.08400995205375,E40_P20,2026,63,2023-03-05,23,22.99999999999747
renewable_used_MWh,34,2887.2562744459033,716.40409972296834,-21.639875554029913,0,-21.639875554029913,E40_P20,2026,179,2023-06-29,4,4
renewable_used_MWh,35,4422.5148753462472,983.48000000000002,-488.59487534624714,-4.3675285610333959e-13,-488.59487534624759,E40_P20,2026,93,2023-04-04,4,3.9999999999999996
renewable_used_MWh,36,6347.2749094181527,969.25409972296848,-531.75031108034182,-1.1630361462573284e-09,-531.75031108150506,E40_P20,2026,105,2023-04-16,6,5.9999999999988001
renewable_used_MWh,37,1587.7129374999906,1587.7129374999906,0,0,0,E40_P20,2026,91,2023-04-02,1,1
renewable_used_MWh,38,6404.5699999999997,282.48000000000002,-754.96999999999935,-1.0035705599875656e-12,-754.97000000000025,E40_P20,2026,275,2023-10-03,20,19.999999999999996
renewable_used_MWh,39,4576.0157823752688,1145.2140997229685,4.8406165166052233,0,4.8406165166052233,E40_P20,2026,192,2023-07-12,4,4
renewable_used_MWh,40,8880.9152815453635,402.74497499998961,-1228.760756545561,-3491.1310896426471,-4719.8918461882076,E40_P20,2026,357,2023-12-24,19,10.331658229521704
renewable_used_MWh,41,5249.051230149902,498.20999999999998,-765.16123014990262,4.4869436166550259e-10,-765.16123014945333,E40_P20,2026,169,2023-06-19,9,9.0000000000009006
renewable_used_MWh,42,3180.5500000000002,339.68000000000001,-463.11000000000013,0,-463.11000000000013,E40_P20,2026,21,2023-01-22,8,8
renewable_used_MWh,43,1908.4793499999971,856.06999999999994,-196.33934999999724,-1.9008572493817154e-13,-196.33934999999747,E40_P20,2026,308,2023-11-05,2,1.9999999999999998
renewable_used_MWh,44,10649.448128600812,511.78554016618955,-925.52286544321032,-2.9273462575487671e-10,-925.52286544350318,E40_P20,2026,283,2023-10-11,19,18.999999999999428
renewable_used_MWh,45,2407.643961218821,856.3548753462527,161.42066481993697,-5.0288898488103097e-06,161.42065979104746,E40_P20,2026,364,2023-12-31,3,2.9999999941275632
renewable_used_MWh,46,771.48343490303159,771.48343490303159,0,0,0,E40_P20,2026,123,2023-05-04,1,1
renewable_used_MWh,47,4907.6566467450739,968.28421052629778,-66.235594113584739,8.6000913992583053e-13,-66.235594113583829,E40_P20,2026,124,2023-05-05,5,5.0000000000000009
curtailment_MWh,0,1089.4178328000855,194.67468581249437,78.630282074880824,-2.3359580983555608e-10,78.630282074647084,E40_P20,2026,331,2023-11-28,6,5.9999999999988001
curtailment_MWh,1,151.07066988682811,0,-151.07066988682811,-0,-151.07066988682811,E40_P20,2026,337,2023-12-04,19,18.999999999999432
curtailment_MWh,2,2448.9878696677315,329.70517500002154,-141.0516446675806,6.919738813282902e-10,-141.05164466688893,E40_P20,2026,127,2023-05-08,7,7.0000000000020988
curtailment_MWh,3,84.813078947370926,0.96789473684212624,-80.941500000002421,0.21334624337481506,-80.728153756627606,E40_P20,2026,347,2023-12-14,4,4.2204229811920282
curtailment_MWh,4,764.05135484771677,193.30656509696846,9.1749055401570558,-8.5845359752742414e-14,9.1749055401569422,E40_P20,2026,344,2023-12-11,4,3.9999999999999996
curtailment_MWh,5,2372.7396952909307,745.48590027703176,-136.28199445983546,2.23467014975663e-10,-136.28199445961218,E40_P20,2026,326,2023-11-23,3,3.0000000000002998
curtailment_MWh,6,274.10578947369686,274.10578947369686,0,-3.0431855865675412e-14,-5.6843418860808015e-14,E40_P20,2026,332,2023-11-29,1,0.99999999999999989
curtailment_MWh,7,11.844375000000682,0,-11.844375000000682,0,-11.844375000000682,E40_P20,2026,167,2023-06-17,3,3.0000000000003002
curtailment_MWh,8,189.43857500000499,0,-189.43857500000499,-0,-189.43857500000499,E40_P20,2026,152,2023-06-02,2,1.9999999999999998
curtailment_MWh,9,37.967368421052697,21.06578947368423,25.22999999999999,6.3333957961139051e-12,25.230000000006328,E40_P20,2026,31,2023-02-01,3,3.0000000000003006
curtailment_MWh,10,3172.7502654767118,215.03445983381056,52.766632030446544,-1.6119468790852676e-10,52.766632030285564,E40_P20,2026,303,2023-10-31,15,14.99999999999925
curtailment_MWh,11,0,0,0,-0,0,E40_P20,2026,333,2023-11-30,4,3.9999999999999996
curtailment_MWh,12,354.20590027703156,354.20590027703156,0,0,0,E40_P20,2026,13,2023-01-14,1,1
curtailment_MWh,13,266.02785952217334,9.6157894736842238,-189.10154373269955,0,-189.10154373269955,E40_P20,2026,166,2023-06-16,8,8
curtailment_MWh,14,3574.4388005541055,971.69590027703157,312.34480055402082,2278.0451990971014,2590.3899996511223,E40_P20,2026,106,2023-04-17,4,6.3444013692428136
curtailment_MWh,15,7718.5872151320682,299.85835000002038,-521.98681513157953,1830.3162518730319,1308.3294367414537,E40_P20,2026,206,2023-07-26,24,30.103936248141522
curtailment_MWh,16,0,0,0,-0,0,E40_P20,2026,4,2023-01-05,18,17.999581177780001
curtailment_MWh,17,0,0,0,-0,0,E40_P20,2026,254,2023-09-12,5,4.9999999999999991
curtailment_MWh,18,1601.8016116546999,103.1676000000097,48.879988345455331,0,48.879988345455331,E40_P20,2026,181,2023-07-01,16,16
curtailment_MWh,19,3658.8807482053339,309.34756447369773,-874.75266794205436,2.7805290092375941e-10,-874.75266794177651,E40_P20,2026,49,2023-02-19,9,9.0000000000008988
curtailment_MWh,20,29.145000000000366,0,-29.145000000000366,0,-29.145000000000366,E40_P20,2026,42,2023-02-12,2,2
curtailment_MWh,21,151.81000000000734,151.81000000000734,0,-1.6854295736835316e-14,-2.8421709430404007e-14,E40_P20,2026,74,2023-03-16,1,0.99999999999999989
curtailment_MWh,22,569.69024930751266,270.03578947370215,-29.618670360108354,-5.9959990189307122e-14,-29.618670360108467,E40_P20,2026,73,2023-03-15,2,1.9999999999999998
curtailment_MWh,23,278.14174914717444,37.094289473694403,-55.576012305008021,-4.457640803848453e-11,-55.576012305052586,E40_P20,2026,255,2023-09-13,6,5.9999999999987983
curtailment_MWh,24,1953.6589709835389,59.217400000007459,-591.65877098336728,-1.5000269897315844e-10,-591.65877098351734,E40_P20,2026,280,2023-10-08,23,22.999999999997467
curtailment_MWh,25,274.02502500001691,274.02502500001691,0,0,0,E40_P20,2026,92,2023-04-03,1,1
curtailment_MWh,26,4385.4069757872603,470.12590027703152,315.85202698305511,8.3511135833630504e-13,315.85202698305602,E40_P20,2026,207,2023-07-27,10,10.000000000000002
curtailment_MWh,27,825.84379501387366,825.84379501387366,0,0,0,E40_P20,2026,186,2023-07-06,1,1
curtailment_MWh,28,3511.3978674453138,238.86445983381586,-167.29542977189158,6.6616437155724896e-11,-167.29542977182518,E40_P20,2026,304,2023-11-01,14,14.000000000000279
curtailment_MWh,29,772.19576378121894,187.51578947370217,-22.132605886410261,1.6654747756357417e-13,-22.132605886410147,E40_P20,2026,315,2023-11-12,4,4.0000000000000009
curtailment_MWh,30,0,0,0,0,0,E40_P20,2026,125,2023-05-06,3,3.0000000000002993
curtailment_MWh,31,138.02943422782823,7.1857894736842098,-44.614171069933505,-3.7272416731962272e-12,-44.614171069937228,E40_P20,2026,86,2023-03-28,13,12.999999999999481
curtailment_MWh,32,510.63989473686627,510.63989473686627,0,0,0,E40_P20,2026,122,2023-05-03,1,1
curtailment_MWh,33,6731.3427532996384,294.28290275000614,37.164009950502987,-7.4439806055438986e-10,37.16400994975811,E40_P20,2026,63,2023-03-05,23,22.99999999999747
curtailment_MWh,34,1301.9837255540965,386.33590027703156,243.35987555402971,0,243.35987555402971,E40_P20,2026,179,2023-06-29,4,4
curtailment_MWh,35,119.33512465375267,0,-119.33512465375267,-0,-119.33512465375267,E40_P20,2026,93,2023-04-04,4,3.9999999999999996
curtailment_MWh,36,2775.1850905818469,516.29590027703159,322.59031108034242,-6.1951844656451064e-10,322.59031107972305,E40_P20,2026,105,2023-04-16,6,5.9999999999988001
curtailment_MWh,37,531.21706250000943,531.21706250000943,0,0,0,E40_P20,2026,91,2023-04-02,1,1
curtailment_MWh,38,0,0,0,-0,0,E40_P20,2026,275,2023-10-03,20,19.999999999999996
curtailment_MWh,39,2247.6242176247315,666.84590027703155,419.75938348339469,0,419.75938348339469,E40_P20,2026,192,2023-07-12,4,4
curtailment_MWh,40,1534.7247184546368,101.1850250000104,387.79075654556073,-877.10637875448083,-489.3156222089201,E40_P20,2026,357,2023-12-24,19,10.331658229521704
curtailment_MWh,41,140.85876985009816,0,-140.85876985009816,0,-140.85876985009816,E40_P20,2026,169,2023-06-19,9,9.0000000000009006
curtailment_MWh,42,0,0,0,0,0,E40_P20,2026,21,2023-01-22,8,8
curtailment_MWh,43,41.350650000002858,0,-41.350650000002858,-0,-41.350650000002858,E40_P20,2026,308,2023-11-05,2,1.9999999999999998
curtailment_MWh,44,3732.2818713991878,196.03445983381047,-7.6271345567888602,-1.1212914342182318e-10,-7.6271345569011828,E40_P20,2026,283,2023-10-11,19,18.999999999999428
curtailment_MWh,45,137.72603878117891,79.355124653747339,100.3393351800631,-4.6600795103893139e-07,100.33933471405516,E40_P20,2026,364,2023-12-31,3,2.9999999941275632
curtailment_MWh,46,415.70656509696846,415.70656509696846,0,0,0,E40_P20,2026,123,2023-05-04,1,1
curtailment_MWh,47,1349.0533532549264,345.45578947370217,378.22559411358452,3.0682637717101195e-13,378.22559411358475,E40_P20,2026,124,2023-05-05,5,5.0000000000000009
total_load_MWh,0,18275,2924,-731,-3.5085925276234775e-09,-731.00000000350701,E40_P20,2026,331,2023-11-28,6,5.9999999999988001
total_load_MWh,1,53801.600000000006,2924,1754.3999999999942,-1.6621015674900264e-09,1754.3999999983353,E40_P20,2026,337,2023-12-04,19,18.999999999999432
total_load_MWh,2,20321.799999999999,2924,146.20000000000073,6.1367906312170817e-09,146.200000006138,E40_P20,2026,127,2023-05-08,7,7.0000000000020988
total_load_MWh,3,11696,3070.1999999999998,584.79999999999927,676.74263685576489,1261.5426368557637,E40_P20,2026,347,2023-12-14,4,4.2204229811920282
total_load_MWh,4,11842.200000000001,3070.1999999999998,438.59999999999854,-1.3634426920816622e-12,438.59999999999673,E40_P20,2026,344,2023-12-11,4,3.9999999999999996
total_load_MWh,5,8918.2000000000007,3070.1999999999998,292.39999999999782,9.2032381715512191e-10,292.40000000091823,E40_P20,2026,326,2023-11-23,3,3.0000000000002998
total_load_MWh,6,3070.1999999999998,3070.1999999999998,0,-3.4086067302041554e-13,-4.5474735088646412e-13,E40_P20,2026,332,2023-11-29,1,0.99999999999999989
total_load_MWh,7,9210.5999999999985,3070.1999999999998,0,9.2168725984720366e-10,9.2222762759774923e-10,E40_P20,2026,167,2023-06-17,3,3.0000000000003002
total_load_MWh,8,5994.1999999999998,3070.1999999999998,146.19999999999982,-6.8172134604083108e-13,146.19999999999891,E40_P20,2026,152,2023-06-02,2,1.9999999999999998
total_load_MWh,9,8479.6000000000004,2924,292.39999999999964,8.7909590718027175e-10,292.40000000087821,E40_P20,2026,31,2023-02-01,3,3.0000000000003006
total_load_MWh,10,41667,2777.8000000000002,0,-2.0823016200210988e-09,-2.0809238776564598e-09,E40_P20,2026,303,2023-10-31,15,14.99999999999925
total_load_MWh,11,11257.400000000001,2777.8000000000002,-146.20000000000073,-1.233591007121504e-12,-146.20000000000255,E40_P20,2026,333,2023-11-30,4,3.9999999999999996
total_load_MWh,12,2924,2924,0,0,0,E40_P20,2026,13,2023-01-14,1,1
total_load_MWh,13,23684.400000000001,2924,-292.40000000000146,0,-292.40000000000146,E40_P20,2026,166,2023-06-16,8,8
total_load_MWh,14,11549.799999999999,2924,146.20000000000073,6855.0296036659875,7001.2296036659864,E40_P20,2026,106,2023-04-17,4,6.3444013692428136
total_load_MWh,15,73392.399999999994,3070.1999999999998,292.39999999999418,18740.305069044101,19032.705069044096,E40_P20,2026,206,2023-07-26,24,30.103936248141522
total_load_MWh,16,51754.800000000003,2924,877.19999999999709,-1.2246361712757903,875.97536382872204,E40_P20,2026,4,2023-01-05,18,17.999581177780001
total_load_MWh,17,14327.6,3070.1999999999998,1023.3999999999996,-2.7268853841633243e-12,1023.399999999996,E40_P20,2026,254,2023-09-12,5,4.9999999999999991
total_load_MWh,18,46637.800000000003,2924,146.19999999999709,0,146.19999999999709,E40_P20,2026,181,2023-07-01,16,16
total_load_MWh,19,25438.800000000003,2924,877.19999999999709,2.6281981035936042e-09,877.20000000262371,E40_P20,2026,49,2023-02-19,9,9.0000000000008988
total_load_MWh,20,5701.8000000000002,2777.8000000000002,-146.19999999999982,0,-146.19999999999982,E40_P20,2026,42,2023-02-12,2,2
total_load_MWh,21,3070.1999999999998,3070.1999999999998,0,-3.4086067302041554e-13,-4.5474735088646412e-13,E40_P20,2026,74,2023-03-16,1,0.99999999999999989
total_load_MWh,22,5994.1999999999998,2924,-146.19999999999982,-6.4925842480079154e-13,-146.20000000000073,E40_P20,2026,73,2023-03-15,2,1.9999999999999998
total_load_MWh,23,17105.400000000001,2777.8000000000002,-438.59999999999854,-3.33809726527079e-09,-438.60000000333821,E40_P20,2026,255,2023-09-13,6,5.9999999999987983
total_load_MWh,24,68567.800000000003,2924,-1315.8000000000029,-7.4067401101274299e-09,-1315.8000000074098,E40_P20,2026,280,2023-10-08,23,22.999999999997467
total_load_MWh,25,3070.1999999999998,3070.1999999999998,0,0,0,E40_P20,2026,92,2023-04-03,1,1
total_load_MWh,26,28216.600000000002,2777.8000000000002,-438.60000000000218,4.9343640284860161e-12,-438.59999999999491,E40_P20,2026,207,2023-07-27,10,10.000000000000002
total_load_MWh,27,2777.8000000000002,2777.8000000000002,0,0,0,E40_P20,2026,186,2023-07-06,1,1
total_load_MWh,28,41959.400000000001,2924,-1023.4000000000015,8.1546858154979418e-10,-1023.3999999991865,E40_P20,2026,304,2023-11-01,14,14.000000000000279
total_load_MWh,29,11257.400000000001,2777.8000000000002,-146.20000000000073,2.467182014243008e-12,-146.19999999999891,E40_P20,2026,315,2023-11-12,4,4.0000000000000009
total_load_MWh,30,9064.3999999999996,3070.1999999999998,146.19999999999891,9.1896037446304027e-10,146.20000000091932,E40_P20,2026,125,2023-05-06,3,3.0000000000002993
total_load_MWh,31,39912.599999999999,3070.1999999999998,0,-1.5925010643513813e-09,-1.5934347175061703e-09,E40_P20,2026,86,2023-03-28,13,12.999999999999481
total_load_MWh,32,3070.1999999999998,3070.1999999999998,0,0,0,E40_P20,2026,122,2023-05-03,1,1
total_load_MWh,33,64766.600000000006,2777.8000000000002,-877.20000000000437,-7.0265343765640867e-09,-877.20000000702566,E40_P20,2026,63,2023-03-05,23,22.99999999999747
total_load_MWh,34,12134.599999999999,3070.1999999999998,146.20000000000073,0,146.20000000000073,E40_P20,2026,179,2023-06-29,4,4
total_load_MWh,35,11403.6,2777.8000000000002,-292.39999999999964,-1.233591007121504e-12,-292.40000000000146,E40_P20,2026,93,2023-04-04,4,3.9999999999999996
total_load_MWh,36,17251.599999999999,2777.8000000000002,-584.79999999999563,-3.3331629012423039e-09,-584.80000000333166,E40_P20,2026,105,2023-04-16,6,5.9999999999988001
total_load_MWh,37,2924,2924,0,0,0,E40_P20,2026,91,2023-04-02,1,1
total_load_MWh,38,60965.399999999994,3070.1999999999998,438.60000000000582,-1.0907541536653297e-11,438.59999999999127,E40_P20,2026,275,2023-10-03,20,19.999999999999996
total_load_MWh,39,11988.4,2777.8000000000002,-877.19999999999891,0,-877.19999999999891,E40_P20,2026,192,2023-07-12,4,4
total_load_MWh,40,53655.400000000001,2777.8000000000002,-877.19999999999709,-24078.919770034612,-24956.119770034609,E40_P20,2026,357,2023-12-24,19,10.331658229521704
total_load_MWh,41,26462.200000000001,2924,-146.20000000000073,2.6333921709920105e-09,-146.19999999736683,E40_P20,2026,169,2023-06-19,9,9.0000000000009006
total_load_MWh,42,22514.800000000003,2777.8000000000002,-292.40000000000146,0,-292.40000000000146,E40_P20,2026,21,2023-01-22,8,8
total_load_MWh,43,5848,3070.1999999999998,292.39999999999964,-6.8172134604083108e-13,292.39999999999873,E40_P20,2026,308,2023-11-05,2,1.9999999999999998
total_load_MWh,44,57018,2924,-1462,-1.672489702286839e-09,-1462.0000000016735,E40_P20,2026,283,2023-10-11,19,18.999999999999428
total_load_MWh,45,8772,2924,0,-1.7171005083582713e-05,-1.7171005310956389e-05,E40_P20,2026,364,2023-12-31,3,2.9999999941275632
total_load_MWh,46,2777.8000000000002,2777.8000000000002,0,0,0,E40_P20,2026,123,2023-05-04,1,1
total_load_MWh,47,14620,2924,0,2.5970336992031662e-12,1.8189894035458565e-12,E40_P20,2026,124,2023-05-05,5,5.0000000000000009
thermal_generation_MWh,0,13215.584177215984,2243.3640802631226,244.60030436275156,-2.6918777184507889e-09,244.60030436005945,E40_P20,2026,331,2023-11-28,6,5.9999999999988001
thermal_generation_MWh,1,43234.699103212639,2294.1713052631567,354.55569678734173,-1.3040854044352026e-09,354.55569678603206,E40_P20,2026,337,2023-12-04,19,18.999999999999432
thermal_generation_MWh,2,14461.718011842087,2049.1421052631581,-117.72327499998028,4.3006689718233228e-09,-117.72327499568019,E40_P20,2026,127,2023-05-08,7,7.0000000000020988
thermal_generation_MWh,3,6119.1013232340356,1844.7799999999945,1260.0186767659425,406.63190724342854,1666.6505840093714,E40_P20,2026,347,2023-12-14,4,4.2204229811920282
thermal_generation_MWh,4,7568.413557394806,1995.0539612188363,411.80228748053923,-8.8598193724591049e-13,411.80228748053833,E40_P20,2026,344,2023-12-11,4,3.9999999999999996
thermal_generation_MWh,5,5703.1166204985993,1913.3953462603779,37.069418282534571,5.7355980352980174e-10,37.069418283107552,E40_P20,2026,326,2023-11-23,3,3.0000000000002998
thermal_generation_MWh,6,1617.6521052631524,1617.6521052631524,0,-1.7959546130965092e-13,-2.2737367544323206e-13,E40_P20,2026,332,2023-11-29,1,0.99999999999999989
thermal_generation_MWh,7,7115.3805263157847,2373.3542105263159,4.6821052631630664,7.1249115332773876e-10,4.6821052638752008,E40_P20,2026,167,2023-06-17,3,3.0000000000003002
thermal_generation_MWh,8,3729.8308146813947,1922.6428645429207,115.45491440444675,-4.2691247526936332e-13,115.4549144044463,E40_P20,2026,152,2023-06-02,2,1.9999999999999998
thermal_generation_MWh,9,5200.710159449105,1825.1399239228101,274.70961231932506,5.4872538890282315e-10,274.7096123198744,E40_P20,2026,31,2023-02-01,3,3.0000000000003006
thermal_generation_MWh,10,32145.389886465055,2164.4621052631528,321.54169248223843,-1.6225296811374976e-09,321.54169248061589,E40_P20,2026,303,2023-10-31,15,14.99999999999925
thermal_generation_MWh,11,8838.3161772853164,2200.8342105263155,-34.979335180054477,-9.773667255636178e-13,-34.979335180056296,E40_P20,2026,333,2023-11-30,4,3.9999999999999996
thermal_generation_MWh,12,856.08669999999142,856.08669999999142,0,0,0,E40_P20,2026,13,2023-01-14,1,1
thermal_generation_MWh,13,16809.356278344414,2050.5321052631525,-405.09943623919389,0,-405.09943623919389,E40_P20,2026,166,2023-06-16,8,8
thermal_generation_MWh,14,7282.3260497156698,1833.8493351800494,53.071291004527666,4299.2788923811313,4352.350183385659,E40_P20,2026,106,2023-04-17,4,6.3444013692428136
thermal_generation_MWh,15,50550.567631578917,2094.8921052631581,-273.15710526311886,12787.087857261296,12513.930751998174,E40_P20,2026,206,2023-07-26,24,30.103936248141522
thermal_generation_MWh,16,44194.625789473685,2512.1142105263157,1023.4300000000003,-1.0521292505425621,1022.3778707494566,E40_P20,2026,4,2023-01-05,18,17.999581177780001
thermal_generation_MWh,17,11121.893552285295,2400.0084210526315,878.14855297786198,-2.1316356866775191e-12,878.14855297786016,E40_P20,2026,254,2023-09-12,5,4.9999999999999991
thermal_generation_MWh,18,34027.866231770618,2165.7221052631526,623.68745243982266,0,623.68745243982266,E40_P20,2026,181,2023-07-01,16,16
thermal_generation_MWh,19,17913.38335588637,2060.1663157894577,628.11348621875004,1.8517528058294375e-09,628.11348622060177,E40_P20,2026,49,2023-02-19,9,9.0000000000008988
thermal_generation_MWh,20,3574.3349451523409,1564.3369749999956,-445.66099515234964,0,-445.66099515234964,E40_P20,2026,42,2023-02-12,2,2
thermal_generation_MWh,21,1811.3069529085781,1811.3069529085781,0,-2.0109546837827375e-13,-2.2737367544323206e-13,E40_P20,2026,74,2023-03-16,1,0.99999999999999989
thermal_generation_MWh,22,3248.0002493074567,1509.2999999999945,-229.40024930746767,-3.3513192221334853e-13,-229.40024930746813,E40_P20,2026,73,2023-03-15,2,1.9999999999999998
thermal_generation_MWh,23,12872.150504220619,2092.2094736842041,-318.89366211539527,-2.5142194263369859e-09,-318.89366211790912,E40_P20,2026,255,2023-09-13,6,5.9999999999987983
thermal_generation_MWh,24,51386.69634387378,2210.9921052631526,-533.87792282127339,-5.6006306119109712e-09,-533.8779228268686,E40_P20,2026,280,2023-10-08,23,22.999999999997467
thermal_generation_MWh,25,1539.6093429697648,1539.6093429697648,0,0,0,E40_P20,2026,92,2023-04-03,1,1
thermal_generation_MWh,26,20164.574204743712,1955.8975900276942,-605.59830446677006,3.4743720612121616e-12,-605.59830446676642,E40_P20,2026,207,2023-07-27,10,10.000000000000002
thermal_generation_MWh,27,1321.3799999999894,1321.3799999999894,0,0,0,E40_P20,2026,186,2023-07-06,1,1
thermal_generation_MWh,28,29930.568045429223,2163.3863157894734,356.84037562340382,6.0334253429585395e-10,356.84037562400772,E40_P20,2026,304,2023-11-01,14,14.000000000000279
thermal_generation_MWh,29,7704.5919390581412,1886.1683102493046,-159.91869806092291,1.6752539890856829e-12,-159.91869806092109,E40_P20,2026,315,2023-11-12,4,4.0000000000000009
thermal_generation_MWh,30,5318.1820978341657,1792.0543152454768,57.980847902264941,5.3639075779952144e-10,57.980847902801543,E40_P20,2026,125,2023-05-06,3,3.0000000000002993
thermal_generation_MWh,31,30203.931690301848,2306.5821052631527,-218.36432188086474,-1.1964153663101495e-09,-218.36432188205799,E40_P20,2026,86,2023-03-28,13,12.999999999999481
thermal_generation_MWh,32,1317.4278499999882,1317.4278499999882,0,0,0,E40_P20,2026,122,2023-05-03,1,1
thermal_generation_MWh,33,47856.36487526352,2100.3547552631348,451.79449578858475,-5.3129148573821969e-09,451.79449578326603,E40_P20,2026,63,2023-03-05,23,22.99999999999747
thermal_generation_MWh,34,8516.9084210526307,2123.9821052631578,-20.979999999999563,0,-20.979999999999563,E40_P20,2026,179,2023-06-29,4,4
thermal_generation_MWh,35,6989.9938438377394,1794.8406833114304,189.36888940798235,-7.9706938085851961e-13,189.36888940798144,E40_P20,2026,93,2023-04-04,4,3.9999999999999996
thermal_generation_MWh,36,10935.135180055348,1815.038476454286,-44.904321329631784,-2.1779173857170346e-09,-44.904321331809115,E40_P20,2026,105,2023-04-16,6,5.9999999999988001
thermal_generation_MWh,37,1343.9571052631418,1343.9571052631418,0,0,0,E40_P20,2026,91,2023-04-02,1,1
thermal_generation_MWh,38,49363.544210526314,2513.5342105263157,907.13999999999942,-8.92986737186986e-12,907.13999999999214,E40_P20,2026,275,2023-10-03,20,19.999999999999996
thermal_generation_MWh,39,7336.8479778392912,1640.7099999999946,-774.00797783931284,0,-774.00797783931284,E40_P20,2026,192,2023-07-12,4,4
thermal_generation_MWh,40,42311.495062701302,2242.1621052631526,289.58493729859765,-19435.82743323614,-19146.242495937542,E40_P20,2026,357,2023-12-24,19,10.331658229521704
thermal_generation_MWh,41,19745.18096744498,2221.0942105263157,244.66692729186252,2.0003461371531055e-09,244.66692729386341,E40_P20,2026,169,2023-06-19,9,9.0000000000009006
thermal_generation_MWh,42,18860.080221606622,2367.6949307479204,81.479224376740603,0,81.479224376740603,E40_P20,2026,21,2023-01-22,8,8
thermal_generation_MWh,43,3812.6654302631418,2083.1154302631526,353.56543026316331,-4.6254454272601832e-13,353.5654302631624,E40_P20,2026,308,2023-11-05,2,1.9999999999999998
thermal_generation_MWh,44,41907.119999999923,2215.2221052631526,182.09999999997672,-1.2670780298668928e-09,182.0999999987107,E40_P20,2026,283,2023-10-11,19,18.999999999999428
thermal_generation_MWh,45,6132.0118282548237,2002.9686980609342,-123.10573407202082,-1.1762307009802104e-05,-123.10574583432845,E40_P20,2026,364,2023-12-31,3,2.9999999941275632
thermal_generation_MWh,46,1953.1295567867016,1953.1295567867016,0,0,0,E40_P20,2026,123,2023-05-04,1,1
thermal_generation_MWh,47,9675.0287950137899,1934.2785872576121,-3.6358587257291219,1.7179844988902567e-12,-3.635858725727303,E40_P20,2026,124,2023-05-05,5,5.0000000000000009
unserved_MWh,0,1064.694949999925,128.26999999998938,-295.0749499999888,-1.5391489860404452e-10,-295.07495000014262,E40_P20,2026,331,2023-11-28,6,5.9999999999988001
unserved_MWh,1,2775.8348749997854,223.00999999998939,1461.3551250000132,-1.2676650840148193e-10,1461.3551249998859,E40_P20,2026,337,2023-12-04,19,18.999999999999432
unserved_MWh,2,817.02154999991205,100.13164999998529,-116.10000000001503,2.1015286306710588e-10,-116.09999999980494,E40_P20,2026,127,2023-05-08,7,7.0000000000020988
unserved_MWh,3,0,0,0,0,0,E40_P20,2026,347,2023-12-14,4,4.2204229811920282
unserved_MWh,4,308.37999999996805,64.889999999989371,-48.820000000010566,-2.8816948827165843e-14,-48.820000000010623,E40_P20,2026,344,2023-12-11,4,3.9999999999999996
unserved_MWh,5,257.47999999996807,77.84999999998935,-23.930000000000007,2.3336332866105286e-11,-23.929999999976673,E40_P20,2026,326,2023-11-23,3,3.0000000000002998
unserved_MWh,6,1.1799999999893585,1.1799999999893585,0,-1.3100631690458702e-16,-2.2204460492503131e-16,E40_P20,2026,332,2023-11-29,1,0.99999999999999989
unserved_MWh,7,697.5827499999657,226.27999999998934,-18.742749999997613,6.7930230329690393e-11,-18.742749999929742,E40_P20,2026,167,2023-06-17,3,3.0000000000003002
unserved_MWh,8,0,0,0,-0,0,E40_P20,2026,152,2023-06-02,2,1.9999999999999998
unserved_MWh,9,98.809999999968085,25.279999999989371,-22.96999999999997,7.6003914273282926e-12,-22.969999999992368,E40_P20,2026,31,2023-02-01,3,3.0000000000003006
unserved_MWh,10,1481.6246499998192,66.114174999983192,-489.91202500007137,-4.9560678849745633e-11,-489.91202500012093,E40_P20,2026,303,2023-10-31,15,14.99999999999925
unserved_MWh,11,227.62999999995742,44.179999999989363,-50.909999999999968,-1.9619861291171043e-14,-50.909999999999997,E40_P20,2026,333,2023-11-30,4,3.9999999999999996
unserved_MWh,12,0,0,0,0,0,E40_P20,2026,13,2023-01-14,1,1
unserved_MWh,13,551.06999999991501,50.119999999989375,-150.11000000000001,0,-150.11000000000001,E40_P20,2026,166,2023-06-16,8,8
unserved_MWh,14,154.08999999995751,52.079999999989383,54.230000000000018,122.09642331014084,176.32642331014085,E40_P20,2026,106,2023-04-17,4,6.3444013692428136
unserved_MWh,15,5514.4254499997351,196.61354999998878,-795.70025000000442,1200.1165747207172,404.41632472071251,E40_P20,2026,206,2023-07-26,24,30.103936248141522
unserved_MWh,16,3511.1365999998011,247.46999999998934,943.32340000000704,-0.10364593478303925,943.2197540652237,E40_P20,2026,4,2023-01-05,18,17.999581177780001
unserved_MWh,17,87.989999999957377,58.889999999978656,206.45999999993592,-5.2304827136121418e-14,206.45999999993586,E40_P20,2026,254,2023-09-12,5,4.9999999999999991
unserved_MWh,18,2797.500149999823,208.35999999998936,536.25985000000674,0,536.25985000000674,E40_P20,2026,181,2023-07-01,16,16
unserved_MWh,19,497.50217499991487,135.05999999998937,718.03782499998965,1.2139686589306574e-10,718.03782500011084,E40_P20,2026,49,2023-02-19,9,9.0000000000008988
unserved_MWh,20,9.3399999999893613,0,-9.3399999999893613,0,-9.3399999999893613,E40_P20,2026,42,2023-02-12,2,2
unserved_MWh,21,0,0,0,-0,0,E40_P20,2026,74,2023-03-16,1,0.99999999999999989
unserved_MWh,22,0,0,0,-0,0,E40_P20,2026,73,2023-03-15,2,1.9999999999999998
unserved_MWh,23,509.69689999992647,74.769999999989381,-61.076899999990189,-8.9851512896630967e-11,-61.076900000080059,E40_P20,2026,255,2023-09-13,6,5.9999999999987983
unserved_MWh,24,4809.8272999997298,179.93097499998811,-671.41487500000312,-4.5578042735524892e-10,-671.41487500045878,E40_P20,2026,280,2023-10-08,23,22.999999999997467
unserved_MWh,25,0,0,0,0,0,E40_P20,2026,92,2023-04-03,1,1
unserved_MWh,26,956.49869999989198,43.999999999989363,-516.49869999999828,7.8159700933592126e-14,-516.49869999999828,E40_P20,2026,207,2023-07-27,10,10.000000000000002
unserved_MWh,27,0,0,0,0,0,E40_P20,2026,186,2023-07-06,1,1
unserved_MWh,28,1850.727199999827,71.159999999978723,-854.48720000012486,1.9845671772594392e-11,-854.48720000010508,E40_P20,2026,304,2023-11-01,14,14.000000000000279
unserved_MWh,29,250.96999999995754,12.039999999989369,-202.81000000000006,1.0693668173180066e-14,-202.81000000000006,E40_P20,2026,315,2023-11-12,4,4.0000000000000009
unserved_MWh,30,0,0,0,0,0,E40_P20,2026,125,2023-05-06,3,3.0000000000002993
unserved_MWh,31,3950.089999999861,327.90999999998928,312.73999999999978,-1.7008566999265339e-10,312.73999999982971,E40_P20,2026,86,2023-03-28,13,12.999999999999481
unserved_MWh,32,0,0,0,0,0,E40_P20,2026,122,2023-05-03,1,1
unserved_MWh,33,2701.754374999739,76.339999999989388,-945.93437499998299,-1.9310448351458988e-10,-945.93437500017603,E40_P20,2026,63,2023-03-05,23,22.99999999999747
unserved_MWh,34,766.93799999995701,239.5799999999893,191.38200000000018,0,191.38200000000018,E40_P20,2026,179,2023-06-29,4,4
unserved_MWh,35,0.84999999998937403,0,-0.84999999998937403,-0,-0.84999999998937403,E40_P20,2026,93,2023-04-04,4,3.9999999999999996
unserved_MWh,36,31.879074999967056,5.3899999999894055,0.46092499996937519,-6.4676175526174322e-12,0.46092499996290925,E40_P20,2026,105,2023-04-16,6,5.9999999999988001
unserved_MWh,37,0,0,0,0,0,E40_P20,2026,91,2023-04-02,1,1
unserved_MWh,38,5267.3730999997715,277.46999999998934,282.0269000000153,-9.8577146445673712e-13,282.02690000001439,E40_P20,2026,275,2023-10-03,20,19.999999999999996
unserved_MWh,39,117.30999999997873,0,-117.30999999997873,0,-117.30999999997873,E40_P20,2026,192,2023-07-12,4,4
unserved_MWh,40,2614.2419249997738,141.38732499998815,72.11725000000115,-1225.5936551135876,-1153.4764051135865,E40_P20,2026,357,2023-12-24,19,10.331658229521704
unserved_MWh,41,1511.7163749998992,207.97999999998936,360.10362500000497,1.8730947459743171e-10,360.10362500019232,E40_P20,2026,169,2023-06-19,9,9.0000000000009006
unserved_MWh,42,512.36639999989961,74.229999999989403,81.473600000015608,0,81.473600000015608,E40_P20,2026,21,2023-01-22,8,8
unserved_MWh,43,135.91999999998939,135.91999999998939,135.91999999998939,-3.0180302701407899e-14,135.91999999998933,E40_P20,2026,308,2023-11-05,2,1.9999999999999998
unserved_MWh,44,4636.5951749997885,206.23999999998938,-718.03517499999043,-1.1796657872764019e-10,-718.03517500010821,E40_P20,2026,283,2023-10-11,19,18.999999999999428
unserved_MWh,45,253.62999999996805,72.389999999989328,-36.460000000000065,-4.2510569699055038e-07,-36.460000425105761,E40_P20,2026,364,2023-12-31,3,2.9999999941275632
unserved_MWh,46,61.51477499998883,61.51477499998883,0,0,0,E40_P20,2026,123,2023-05-04,1,1
unserved_MWh,47,91.709999999957475,31.829999999989369,67.439999999989354,2.8270719099045544e-14,67.439999999989382,E40_P20,2026,124,2023-05-05,5,5.0000000000000009
discharge_MWh,0,580.01864831265982,112.83003581253044,96.961566562522762,-1.3538803712152315e-10,96.961566562387475,E40_P20,2026,331,2023-11-28,6,5.9999999999988001
discharge_MWh,1,826.07267450403106,34.26080000001199,-175.11747450380324,-1.9475010049070527e-11,-175.11747450382268,E40_P20,2026,337,2023-12-04,19,18.999999999999432
discharge_MWh,2,698.13412500021639,103.47352500003625,26.180550000037329,2.1716667537593328e-10,26.18055000025447,E40_P20,2026,127,2023-05-08,7,7.0000000000020988
discharge_MWh,3,108.37631250003086,15.200000000005319,-47.576312500009585,3.3504293141200012,-44.225883185889586,E40_P20,2026,347,2023-12-14,4,4.2204229811920282
discharge_MWh,4,312.0539774238884,70.880000000010682,-28.53397742384567,-3.1477043194177182e-14,-28.533977423845727,E40_P20,2026,344,2023-12-11,4,3.9999999999999996
discharge_MWh,5,322.65000000005716,115.7000000000106,24.449999999974636,3.4682257066268445e-11,24.450000000009311,E40_P20,2026,326,2023-11-23,3,3.0000000000002998
discharge_MWh,6,81.700000000028609,81.700000000028609,0,-9.0705221111907052e-15,-1.4210854715202004e-14,E40_P20,2026,332,2023-11-29,1,0.99999999999999989
discharge_MWh,7,114.49162500004012,30.400000000010643,-23.291625000008182,9.1262108981059214e-12,-23.291624999999058,E40_P20,2026,167,2023-06-17,3,3.0000000000003002
discharge_MWh,8,136.83047500002291,40.291900000001959,-56.246675000018996,-8.946599017179304e-15,-56.24667500001901,E40_P20,2026,152,2023-06-02,2,1.9999999999999998
discharge_MWh,9,168.58506567022948,47.431090670187132,-26.291793659668087,1.4260081286339905e-11,-26.29179365965382,E40_P20,2026,31,2023-02-01,3,3.0000000000003006
discharge_MWh,10,1367.0262006902142,103.22582500002214,181.36117431011803,-7.7380409901922577e-11,181.3611743100405,E40_P20,2026,303,2023-10-31,15,14.99999999999925
discharge_MWh,11,123.26000000004257,30.400000000010643,-1.6599999999999966,-1.350031197944663e-14,-1.6600000000000108,E40_P20,2026,333,2023-11-30,4,3.9999999999999996
discharge_MWh,12,84.333300000008521,84.333300000008521,0,0,0,E40_P20,2026,13,2023-01-14,1,1
discharge_MWh,13,470.67382550933672,45.600000000015953,-105.8738255092091,0,-105.8738255092091,E40_P20,2026,166,2023-06-16,8,8
discharge_MWh,14,446.04094736851664,105.74000000001067,-23.080947368473971,247.89700078376012,224.81605341528609,E40_P20,2026,106,2023-04-17,4,6.3444013692428136
discharge_MWh,15,2182.5307125006266,89.854800000031489,-26.015512499870965,548.46797078969905,522.45245828982843,E40_P20,2026,206,2023-07-26,24,30.103936248141522
discharge_MWh,16,568.64340000019911,30.400000000010643,-21.4434000000075,-0.012732195487960689,-21.456132195495456,E40_P20,2026,4,2023-01-05,18,17.999581177780001
discharge_MWh,17,180.16262500004382,60.800000000021292,123.83737500006265,-5.4001247917786525e-14,123.83737500006259,E40_P20,2026,254,2023-09-12,5,4.9999999999999991
discharge_MWh,18,1166.4444105627063,73.537600000025705,10.157189437705028,0,10.157189437705028,E40_P20,2026,181,2023-07-01,16,16
discharge_MWh,19,877.36683456269884,113.10177500003479,140.54914043761426,1.0166001045422776e-10,140.54914043771589,E40_P20,2026,49,2023-02-19,9,9.0000000000008988
discharge_MWh,20,68.311800000017158,12.283025000004262,-43.745750000008634,0,-43.745750000008634,E40_P20,2026,42,2023-02-12,2,2
discharge_MWh,21,44.310000000007314,44.310000000007314,0,-4.9193982221148806e-15,-7.1054273576010019e-15,E40_P20,2026,74,2023-03-16,1,0.99999999999999989
discharge_MWh,22,151.6200000000286,66.500000000023277,-18.619999999982042,-1.4765966227519751e-14,-18.61999999998207,E40_P20,2026,73,2023-03-15,2,1.9999999999999998
discharge_MWh,23,392.06132003953451,76.598500000020863,67.52967996059067,-9.204883122395933e-11,67.52967996049864,E40_P20,2026,255,2023-09-13,6,5.9999999999987983
discharge_MWh,24,1749.2271003467974,70.58642500002469,-125.73932534622963,-1.7880140399390712e-10,-125.73932534640835,E40_P20,2026,280,2023-10-08,23,22.999999999997467
discharge_MWh,25,80.015353515134478,80.015353515134478,0,0,0,E40_P20,2026,92,2023-04-03,1,1
discharge_MWh,26,1020.5741116252138,107.39000000001066,53.325888374892656,1.9076296098321183e-13,53.325888374892884,E40_P20,2026,207,2023-07-27,10,10.000000000000002
discharge_MWh,27,90.400000000010635,90.400000000010635,0,0,0,E40_P20,2026,186,2023-07-06,1,1
discharge_MWh,28,1405.746755187851,116.0000000000266,218.25324481252142,3.235101075916478e-11,218.2532448125537,E40_P20,2026,304,2023-11-01,14,14.000000000000279
discharge_MWh,29,357.53972500009854,89.070000000028585,-1.2597249999842006,7.9110051842715543e-14,-1.2597249999841438,E40_P20,2026,315,2023-11-12,4,4.0000000000000009
discharge_MWh,30,31.12095687533958,3.1871231696820979,-21.559587366293286,9.5395736482017215e-13,-21.559587366292334,E40_P20,2026,125,2023-05-06,3,3.0000000000002993
discharge_MWh,31,548.74088314736673,45.60000000001596,44.059116852840702,-2.3652546587990495e-11,44.059116852817056,E40_P20,2026,86,2023-03-28,13,12.999999999999481
discharge_MWh,32,101.89415000003568,101.89415000003568,0,0,0,E40_P20,2026,122,2023-05-03,1,1
discharge_MWh,33,2227.9855231840866,109.33535275002443,286.72759006647539,-2.765672887435407e-10,286.7275900661989,E40_P20,2026,63,2023-03-05,23,22.99999999999747
discharge_MWh,34,337.88392500007626,90.400000000010635,23.716074999966281,0,23.716074999966281,E40_P20,2026,179,2023-06-29,4,4
discharge_MWh,35,90.330708344307652,4.8196583442847238,-71.05207496716875,-2.1403582658606641e-15,-71.052074967168764,E40_P20,2026,93,2023-04-04,4,3.9999999999999996
discharge_MWh,36,580.27662500007966,109.99000000001064,79.663374999984171,-1.3198019566119822e-10,79.663374999852181,E40_P20,2026,105,2023-04-16,6,5.9999999999988001
discharge_MWh,37,70.99706250002005,70.99706250002005,0,0,0,E40_P20,2026,91,2023-04-02,1,1
discharge_MWh,38,648.75690000022712,30.400000000010639,-40.756900000014298,-1.0800249583557303e-13,-40.756900000014411,E40_P20,2026,275,2023-10-03,20,19.999999999999996
discharge_MWh,39,386.67506250006892,75.200000000005318,-85.875062500047648,0,-85.875062500047648,E40_P20,2026,192,2023-07-12,4,4
discharge_MWh,40,1400.0530563631182,78.627700000027573,93.873243637405722,-681.57177622687539,-587.69853258946966,E40_P20,2026,357,2023-12-24,19,10.331658229521704
discharge_MWh,41,404.95473607110046,30.400000000010643,-131.35473607100465,2.7378632694317766e-11,-131.35473607097731,E40_P20,2026,169,2023-06-19,9,9.0000000000009006
discharge_MWh,42,353.56360000010056,35.220000000010636,-71.803600000015479,0,-71.803600000015479,E40_P20,2026,21,2023-01-22,8,8
discharge_MWh,43,83.907325000029402,45.40667500001593,6.9060250000024581,-1.0082307211337833e-14,6.9060250000024439,E40_P20,2026,308,2023-11-05,2,1.9999999999999998
discharge_MWh,44,1621.3834000004417,85.600000000015967,5.0165999998616826,-4.8962078835766116e-11,5.0165999998127973,E40_P20,2026,283,2023-10-11,19,18.999999999999428
discharge_MWh,45,197.03000000004795,71.40000000001595,17.169999999999902,-4.1929198459920645e-07,17.169999580707923,E40_P20,2026,364,2023-12-31,3,2.9999999941275632
discharge_MWh,46,77.085225000012201,77.085225000012201,0,0,0,E40_P20,2026,123,2023-05-04,1,1
discharge_MWh,47,503.506525000127,96.200000000028581,-22.506524999984094,8.5442763975177432e-14,-22.506524999983981,E40_P20,2026,124,2023-05-05,5,5.0000000000000009
total_cost_CNY,0,15568761.801574586,2120053.0133637101,-2848443.7213923242,-2.5439131877064123e-06,-2848443.7213948686,E40_P20,2026,331,2023-11-28,6,5.9999999999988001
total_cost_CNY,1,43159102.904115573,3045514.9125930984,14705680.435153298,-1.731174798233666e-06,14705680.435151562,E40_P20,2026,337,2023-12-04,19,18.999999999999432
total_cost_CNY,2,13813382.153585095,1797604.3548430623,-1230151.6696836576,3.772750192693547e-06,-1230151.6696798857,E40_P20,2026,127,2023-05-08,7,7.0000000000020988
total_cost_CNY,3,2208181.2330507846,658130.92669846606,424342.4737430797,145067.18087754806,569409.65462062787,E40_P20,2026,347,2023-12-14,4,4.2204229811920282
total_cost_CNY,4,5937124.9468360431,1398651.3471969797,-342519.55804812443,-6.211259716324323e-10,-342519.55804812536,E40_P20,2026,344,2023-12-11,4,3.9999999999999996
total_cost_CNY,5,5085002.299485676,1610554.8989975317,-253337.60249308124,4.8278028544827388e-07,-253337.60249259789,E40_P20,2026,326,2023-11-23,3,3.0000000000002998
total_cost_CNY,6,645728.74248783605,645728.74248783605,0,-7.1690291757224417e-11,-1.1641532182693481e-10,E40_P20,2026,332,2023-11-29,1,0.99999999999999989
total_cost_CNY,7,9506061.5187134817,3105890.3214352033,-188390.55440787226,9.3240164801953068e-07,-188390.55440693907,E40_P20,2026,167,2023-06-17,3,3.0000000000003002
total_cost_CNY,8,1368921.5003906882,685440.26934112166,1959.0382915551309,-1.5219831380555641e-10,1959.038291554898,E40_P20,2026,152,2023-06-02,2,1.9999999999999998
total_cost_CNY,9,2853964.9234010787,908398.78992541542,-128768.55362483254,2.7310863827323671e-07,-128768.55362455919,E40_P20,2026,31,2023-02-01,3,3.0000000000003006
total_cost_CNY,10,26897038.491629697,1474854.9848097973,-4774213.7194827385,-1.1055846080227639e-06,-4774213.7194838449,E40_P20,2026,303,2023-10-31,15,14.99999999999925
total_cost_CNY,11,5419392.6530538332,1224508.3214352035,-521359.367313019,-5.4379093292098603e-10,-521359.36731301993,E40_P20,2026,333,2023-11-30,4,3.9999999999999996
total_cost_CNY,12,383427.20580650278,383427.20580650278,0,0,0,E40_P20,2026,13,2023-01-14,1,1
total_cost_CNY,13,11548785.789588017,1233377.7424878336,-1681763.8496853486,0,-1681763.8496853486,E40_P20,2026,166,2023-06-16,8,8
total_cost_CNY,14,4857511.6779889632,1370156.1951194168,623113.10248870403,3212196.0599144846,3835309.1624031886,E40_P20,2026,106,2023-04-17,4,6.3444013692428136
total_cost_CNY,15,74693192.267227784,2772330.3025930971,-8157265.0049934536,16922127.425819162,8764862.4208257049,E40_P20,2026,206,2023-07-26,24,30.103936248141522
total_cost_CNY,16,50803193.71983359,3366356.3214352033,9791220.0660000667,-1409.9048278496789,9789810.1611722186,E40_P20,2026,4,2023-01-05,18,17.999581177780001
total_cost_CNY,17,4834926.1083049243,1441623.2951193072,2373190.3672916116,-1.2804187000619536e-09,2373190.3672916107,E40_P20,2026,254,2023-09-12,5,4.9999999999999991
total_cost_CNY,18,40410577.0115721,2875083.9805930983,5590766.677917473,0,5590766.677917473,E40_P20,2026,181,2023-07-01,16,16
total_cost_CNY,19,12094266.872305967,2146771.0889220433,7226672.9279924221,1.929596342255298e-06,7226672.9279943518,E40_P20,2026,49,2023-02-19,9,9.0000000000008988
total_cost_CNY,20,1375154.0443054121,559753.11925109802,-255647.80580321606,0,-255647.80580321606,E40_P20,2026,42,2023-02-12,2,2
total_cost_CNY,21,676874.88126910327,676874.88126910327,0,-7.5148207797537754e-11,-1.1641532182693481e-10,E40_P20,2026,74,2023-03-16,1,0.99999999999999989
total_cost_CNY,22,1276479.0326213115,595039.5056458381,-86400.021329635289,-1.3212531194591606e-10,-86400.021329635521,E40_P20,2026,73,2023-03-15,2,1.9999999999999998
total_cost_CNY,23,9734444.7260129079,1500270.5064352038,-732821.68740168586,-1.8028831718258249e-06,-732821.68740348704,E40_P20,2026,255,2023-09-13,6,5.9999999999987983
total_cost_CNY,24,66770424.783828579,2597818.6788430857,-7020595.1704376116,-6.5804951461782936e-06,-7020595.1704441905,E40_P20,2026,280,2023-10-08,23,22.999999999997467
total_cost_CNY,25,606580.77632567182,606580.77632567182,0,0,0,E40_P20,2026,92,2023-04-03,1,1
total_cost_CNY,26,17630998.585443918,1231775.5843160923,-5313242.7422829941,2.1880729838061305e-09,-5313242.7422829922,E40_P20,2026,207,2023-07-27,10,10.000000000000002
total_cost_CNY,27,640668.1067538705,640668.1067538705,0,0,0,E40_P20,2026,186,2023-07-06,1,1
total_cost_CNY,28,29868880.72545483,1529830.4502439657,-8451254.4220393077,4.2665139099594037e-07,-8451254.422038883,E40_P20,2026,304,2023-11-01,14,14.000000000000279
total_cost_CNY,29,5412771.1196805676,831065.11423299043,-2088510.6627486059,7.3813409982736149e-10,-2088510.662748605,E40_P20,2026,315,2023-11-12,4,4.0000000000000009
total_cost_CNY,30,1898011.9870640095,639363.22931871307,20077.70089212968,1.9137172582653354e-07,20077.700892321067,E40_P20,2026,125,2023-05-06,3,3.0000000000002993
total_cost_CNY,31,50262829.90804559,4100409.2424878329,3042490.2442962378,-2.1268666806521126e-06,3042490.2442941144,E40_P20,2026,86,2023-03-28,13,12.999999999999481
total_cost_CNY,32,576359.01569846889,576359.01569846889,0,0,0,E40_P20,2026,122,2023-05-03,1,1
total_cost_CNY,33,45414403.860506676,1570586.446170592,-9290915.5985830575,-3.9728488931468371e-06,-9290915.5985870361,E40_P20,2026,63,2023-03-05,23,22.99999999999747
total_cost_CNY,34,10962522.92273321,3229477.2646485041,1955386.1358608063,0,1955386.1358608063,E40_P20,2026,179,2023-06-29,4,4
total_cost_CNY,35,2528217.5683616935,640354.78349354293,33201.565612478182,-2.843746498253554e-10,33201.565612477716,E40_P20,2026,93,2023-04-04,4,3.9999999999999996
total_cost_CNY,36,4779601.9338920088,805634.89456539997,54207.433500391431,-9.6670470966651522e-07,54207.433499424718,E40_P20,2026,105,2023-04-16,6,5.9999999999988001
total_cost_CNY,37,589450.71771820111,589450.71771820111,0,0,0,E40_P20,2026,91,2023-04-02,1,1
total_cost_CNY,38,70199705.997703925,3666853.3214352033,3137360.4310001433,-1.3027279953217897e-08,3137360.4310001284,E40_P20,2026,275,2023-10-03,20,19.999999999999996
total_cost_CNY,39,4242837.7773978841,720482.02780650393,-1360909.6661718683,0,-1360909.6661718683,E40_P20,2026,192,2023-07-12,4,4
total_cost_CNY,40,41502522.603468642,2231765.6165930866,901024.11180000752,-19345707.116231102,-18444683.004431099,E40_P20,2026,357,2023-12-24,19,10.331658229521704
total_cost_CNY,41,22169209.519695364,2869599.3214352038,3657184.3732214719,2.5843982171516591e-06,3657184.3732240535,E40_P20,2026,169,2023-06-19,9,9.0000000000009006
total_cost_CNY,42,11825126.49557011,1583457.7735127658,842535.69253201596,0,842535.69253201596,E40_P20,2026,21,2023-01-22,8,8
total_cost_CNY,43,2726966.7993441932,2100856.8150930968,1474746.8308420004,-4.6648392151140623e-10,1474746.8308419995,E40_P20,2026,308,2023-11-05,2,1.9999999999999998
total_cost_CNY,44,62026248.565548591,2889902.9765598588,-7118092.0109112784,-1.6529866514721095e-06,-7118092.010912925,E40_P20,2026,283,2023-10-11,19,18.999999999999428
total_cost_CNY,45,4748356.6908984035,1453636.4170030693,-387447.43988919538,-0.0085363879295624698,-387447.44842558354,E40_P20,2026,364,2023-12-31,3,2.9999999941275632
total_cost_CNY,46,1394767.6078957273,1394767.6078957273,0,0,0,E40_P20,2026,123,2023-05-04,1,1
total_cost_CNY,47,4638767.5529108848,1077463.011185898,748547.50301860459,9.5697939456042922e-10,748547.50301860645,E40_P20,2026,124,2023-05-05,5,5.0000000000000009
thermal_cost_CNY,0,4625454.462025594,785177.42809209286,85610.106526963413,-9.4215720145777612e-07,85610.106526020914,E40_P20,2026,331,2023-11-28,6,5.9999999999988001
thermal_cost_CNY,1,15132144.686124425,802959.95684210479,124094.49387556501,-4.564298915523209e-07,124094.49387510866,E40_P20,2026,337,2023-12-04,19,18.999999999999432
thermal_cost_CNY,2,5061601.3041447308,717199.73684210528,-41203.146249993704,1.5052341401381629e-06,-41203.146248488687,E40_P20,2026,127,2023-05-08,7,7.0000000000020988
thermal_cost_CNY,3,2141685.4631319125,645672.99999999814,441006.53686808003,142321.16753520002,583327.70440327981,E40_P20,2026,347,2023-12-14,4,4.2204229811920282
thermal_cost_CNY,4,2648944.7450881824,698268.88642659271,144130.80061818846,-3.1009367803606867e-10,144130.80061818799,E40_P20,2026,344,2023-12-11,4,3.9999999999999996
thermal_cost_CNY,5,1996090.8171745096,669688.37119113223,12974.296398886945,2.0074593123543061e-07,12974.296399087878,E40_P20,2026,326,2023-11-23,3,3.0000000000002998
thermal_cost_CNY,6,566178.2368421033,566178.2368421033,0,-6.2858411458377817e-11,-1.1641532182693481e-10,E40_P20,2026,332,2023-11-29,1,0.99999999999999989
thermal_cost_CNY,7,2490383.1842105244,830673.97368421056,1638.7368421074934,2.4937190366470856e-07,1638.7368423566222,E40_P20,2026,167,2023-06-17,3,3.0000000000003002
thermal_cost_CNY,8,1305440.7851384883,672925.00259002228,40409.220041556284,-1.4941936634427717e-10,40409.220041556051,E40_P20,2026,152,2023-06-02,2,1.9999999999999998
thermal_cost_CNY,9,1820248.5558071868,638798.97337298351,96148.364311763784,1.920538861159881e-07,96148.364311955869,E40_P20,2026,31,2023-02-01,3,3.0000000000003006
thermal_cost_CNY,10,11250886.46026277,757561.73684210354,112539.59236878343,-5.6788538839812416e-07,112539.59236821532,E40_P20,2026,303,2023-10-31,15,14.99999999999925
thermal_cost_CNY,11,3093410.6620498612,770291.97368421045,-12242.767313019373,-3.4207835394726624e-10,-12242.767313019838,E40_P20,2026,333,2023-11-30,4,3.9999999999999996
thermal_cost_CNY,12,299630.344999997,299630.344999997,0,0,0,E40_P20,2026,13,2023-01-14,1,1
thermal_cost_CNY,13,5883274.6974205449,717686.23684210342,-141784.80268371757,0,-141784.80268371757,E40_P20,2026,166,2023-06-16,8,8
thermal_cost_CNY,14,2548814.1174004846,641847.26731301728,18574.951851584483,1504747.612333396,1523322.5641849805,E40_P20,2026,106,2023-04-17,4,6.3444013692428136
thermal_cost_CNY,15,17692698.67105262,733212.23684210528,-95604.986842092127,4475480.7500414532,4379875.7631993592,E40_P20,2026,206,2023-07-26,24,30.103936248141522
thermal_cost_CNY,16,15468119.02631579,879239.97368421045,358200.49999999814,-368.24523768989673,357832.25476230867,E40_P20,2026,4,2023-01-05,18,17.999581177780001
thermal_cost_CNY,17,3892662.7432998535,840002.94736842101,307351.99354225164,-7.4607249033713164e-10,307351.99354225071,E40_P20,2026,254,2023-09-12,5,4.9999999999999991
thermal_cost_CNY,18,11909753.181119716,758002.73684210342,218290.60835393891,0,218290.60835393891,E40_P20,2026,181,2023-07-01,16,16
thermal_cost_CNY,19,6269684.1745602293,721058.21052631026,219839.72017656267,6.4811348204030318e-07,219839.72017721087,E40_P20,2026,49,2023-02-19,9,9.0000000000008988
thermal_cost_CNY,20,1251017.2308033193,547517.94124999852,-155981.34830332221,0,-155981.34830332221,E40_P20,2026,42,2023-02-12,2,2
thermal_cost_CNY,21,633957.43351800228,633957.43351800228,0,-7.0383413932395808e-11,-1.1641532182693481e-10,E40_P20,2026,74,2023-03-16,1,0.99999999999999989
thermal_cost_CNY,22,1136800.0872576097,528254.99999999802,-80290.087257613661,-1.1729617277467197e-10,-80290.087257613894,E40_P20,2026,73,2023-03-15,2,1.9999999999999998
thermal_cost_CNY,23,4505252.6764772171,732273.3157894715,-111612.7817403879,-8.7997679921794523e-07,-111612.781741268,E40_P20,2026,255,2023-09-13,6,5.9999999999987983
thermal_cost_CNY,24,17985343.720355824,773847.23684210342,-186857.27298744395,-1.9602207141688402e-06,-186857.27298940346,E40_P20,2026,280,2023-10-08,23,22.999999999997467
thermal_cost_CNY,25,538863.27003941766,538863.27003941766,0,0,0,E40_P20,2026,92,2023-04-03,1,1
thermal_cost_CNY,26,7057600.9716602992,684564.1565096929,-211959.40656337049,1.2160302214242565e-09,-211959.40656336863,E40_P20,2026,207,2023-07-27,10,10.000000000000002
thermal_cost_CNY,27,462482.99999999627,462482.99999999627,0,0,0,E40_P20,2026,186,2023-07-06,1,1
thermal_cost_CNY,28,10475698.815900229,757185.21052631573,124894.13146819174,2.111698870035489e-07,124894.13146840222,E40_P20,2026,304,2023-11-01,14,14.000000000000279
thermal_cost_CNY,29,2696607.1786703495,660158.90858725656,-55971.544321323279,5.8633889617998897e-10,-55971.544321322814,E40_P20,2026,315,2023-11-12,4,4.0000000000000009
thermal_cost_CNY,30,1861363.734241958,627219.01033591689,20293.296765792649,1.8773676522983249e-07,20293.296765980311,E40_P20,2026,125,2023-05-06,3,3.0000000000002993
thermal_cost_CNY,31,10571376.091605647,807303.73684210342,-76427.512658301741,-4.187453782085523e-07,-76427.512658720836,E40_P20,2026,86,2023-03-28,13,12.999999999999481
thermal_cost_CNY,32,461099.74749999586,461099.74749999586,0,0,0,E40_P20,2026,122,2023-05-03,1,1
thermal_cost_CNY,33,16749727.706342231,735124.16434209724,158128.07352600619,-1.859520200083769e-06,158128.07352414727,E40_P20,2026,63,2023-03-05,23,22.99999999999747
thermal_cost_CNY,34,2980917.9473684207,743393.73684210528,-7342.9999999995343,0,-7342.9999999995343,E40_P20,2026,179,2023-06-29,4,4
thermal_cost_CNY,35,2446497.8453432089,628194.23915900069,66279.111292793881,-2.7897428330048188e-10,66279.111292793415,E40_P20,2026,93,2023-04-04,4,3.9999999999999996
thermal_cost_CNY,36,3827297.3130193716,635263.46675900009,-15716.512465370819,-7.6227108500096205e-07,-15716.512466133106,E40_P20,2026,105,2023-04-16,6,5.9999999999988001
thermal_cost_CNY,37,470384.98684209964,470384.98684209964,0,0,0,E40_P20,2026,91,2023-04-02,1,1
thermal_cost_CNY,38,17277240.47368421,879736.97368421056,317499,-3.1254535801544512e-09,317498.99999999627,E40_P20,2026,275,2023-10-03,20,19.999999999999996
thermal_cost_CNY,39,2567896.7922437517,574248.49999999814,-270902.79224375915,0,-270902.79224375915,E40_P20,2026,192,2023-07-12,4,4
thermal_cost_CNY,40,14809023.271945456,784756.73684210342,101354.72805450857,-6802539.6016326491,-6701184.8735781405,E40_P20,2026,357,2023-12-24,19,10.331658229521704
thermal_cost_CNY,41,6910813.3386057429,777382.97368421045,85633.424552151002,7.0012114800358679e-07,85633.424552851357,E40_P20,2026,169,2023-06-19,9,9.0000000000009006
thermal_cost_CNY,42,6601028.0775623173,828693.22576177213,28517.728531859815,0,28517.728531859815,E40_P20,2026,21,2023-01-22,8,8
thermal_cost_CNY,43,1334432.9005920996,729090.40059210337,123747.90059210709,-1.618905899541064e-10,123747.90059210686,E40_P20,2026,308,2023-11-05,2,1.9999999999999998
thermal_cost_CNY,44,14667491.999999974,775327.73684210342,63734.999999990687,-4.4347731045341254e-07,63734.999999547377,E40_P20,2026,283,2023-10-11,19,18.999999999999428
thermal_cost_CNY,45,2146204.1398891881,701039.044321327,-43087.006925207097,-0.0041168074534307366,-43087.011042014696,E40_P20,2026,364,2023-12-31,3,2.9999999941275632
thermal_cost_CNY,46,683595.34487534559,683595.34487534559,0,0,0,E40_P20,2026,123,2023-05-04,1,1
thermal_cost_CNY,47,3386260.0782548264,676997.50554016419,-1272.5505540054291,6.012945746115898e-10,-1272.5505540049635,E40_P20,2026,124,2023-05-05,5,5.0000000000000009
curtailment_cost_CNY,0,217883.56656001712,38934.937162498878,15726.056414976134,-4.6719161967111221e-08,15726.056414929422,E40_P20,2026,331,2023-11-28,6,5.9999999999988001
curtailment_cost_CNY,1,30214.133977365622,0,-30214.133977365622,-0,-30214.133977365622,E40_P20,2026,337,2023-12-04,19,18.999999999999432
curtailment_cost_CNY,2,489797.57393354631,65941.035000004311,-28210.328933516168,1.3839477626565804e-07,-28210.32893337775,E40_P20,2026,127,2023-05-08,7,7.0000000000020988
curtailment_cost_CNY,3,16962.615789474185,193.57894736842525,-16188.300000000483,42.669248674963015,-16145.63075132552,E40_P20,2026,347,2023-12-14,4,4.2204229811920282
curtailment_cost_CNY,4,152810.27096954334,38661.313019393689,1834.9811080314103,-1.7169071950548482e-11,1834.9811080313812,E40_P20,2026,344,2023-12-11,4,3.9999999999999996
curtailment_cost_CNY,5,474547.93905818614,149097.18005540635,-27256.398891967081,4.4693402995132599e-08,-27256.398891922378,E40_P20,2026,326,2023-11-23,3,3.0000000000002998
curtailment_cost_CNY,6,54821.157894739372,54821.157894739372,0,-6.0863711731350825e-12,-7.2759576141834259e-12,E40_P20,2026,332,2023-11-29,1,0.99999999999999989
curtailment_cost_CNY,7,2368.8750000001364,0,-2368.8750000001364,0,-2368.8750000001364,E40_P20,2026,167,2023-06-17,3,3.0000000000003002
curtailment_cost_CNY,8,37887.715000001001,0,-37887.715000001001,-0,-37887.715000001001,E40_P20,2026,152,2023-06-02,2,1.9999999999999998
curtailment_cost_CNY,9,7593.4736842105394,4213.1578947368462,5045.9999999999982,1.2666791592227811e-09,5046.000000001266,E40_P20,2026,31,2023-02-01,3,3.0000000000003006
curtailment_cost_CNY,10,634550.05309534236,43006.891966762108,10553.32640608924,-3.2238937581705347e-08,10553.326406056993,E40_P20,2026,303,2023-10-31,15,14.99999999999925
curtailment_cost_CNY,11,0,0,0,-0,0,E40_P20,2026,333,2023-11-30,4,3.9999999999999996
curtailment_cost_CNY,12,70841.180055406308,70841.180055406308,0,0,0,E40_P20,2026,13,2023-01-14,1,1
curtailment_cost_CNY,13,53205.57190443467,1923.1578947368448,-37820.308746539915,0,-37820.308746539915,E40_P20,2026,166,2023-06-16,8,8
curtailment_cost_CNY,14,714887.76011082111,194339.18005540632,62468.960110804182,455609.03981942026,518077.99993022438,E40_P20,2026,106,2023-04-17,4,6.3444013692428136
curtailment_cost_CNY,15,1543717.4430264137,59971.670000004073,-104397.36302631581,366063.25037460634,261665.88734829053,E40_P20,2026,206,2023-07-26,24,30.103936248141522
curtailment_cost_CNY,16,0,0,0,-0,0,E40_P20,2026,4,2023-01-05,18,17.999581177780001
curtailment_cost_CNY,17,0,0,0,-0,0,E40_P20,2026,254,2023-09-12,5,4.9999999999999991
curtailment_cost_CNY,18,320360.32233093999,20633.520000001939,9775.9976690910407,0,9775.9976690910407,E40_P20,2026,181,2023-07-01,16,16
curtailment_cost_CNY,19,731776.14964106679,61869.512894739542,-174950.53358841094,5.5610580184751881e-08,-174950.53358835529,E40_P20,2026,49,2023-02-19,9,9.0000000000008988
curtailment_cost_CNY,20,5829.0000000000728,0,-5829.0000000000728,0,-5829.0000000000728,E40_P20,2026,42,2023-02-12,2,2
curtailment_cost_CNY,21,30362.000000001466,30362.000000001466,0,-3.3708591473670631e-12,-3.637978807091713e-12,E40_P20,2026,74,2023-03-16,1,0.99999999999999989
curtailment_cost_CNY,22,113938.04986150254,54007.157894740434,-5923.7340720216744,-1.1991998037861425e-11,-5923.7340720216889,E40_P20,2026,73,2023-03-15,2,1.9999999999999998
curtailment_cost_CNY,23,55628.34982943489,7418.8578947388805,-11115.202461001609,-8.9152816076969052e-09,-11115.202461010522,E40_P20,2026,255,2023-09-13,6,5.9999999999987983
curtailment_cost_CNY,24,390731.79419670778,11843.480000001491,-118331.75419667346,-3.0000539794631691e-08,-118331.75419670349,E40_P20,2026,280,2023-10-08,23,22.999999999997467
curtailment_cost_CNY,25,54805.005000003381,54805.005000003381,0,0,0,E40_P20,2026,92,2023-04-03,1,1
curtailment_cost_CNY,26,877081.39515745209,94025.180055406308,63170.405396610964,1.6702227166726102e-10,63170.405396611197,E40_P20,2026,207,2023-07-27,10,10.000000000000002
curtailment_cost_CNY,27,165168.75900277472,165168.75900277472,0,0,0,E40_P20,2026,186,2023-07-06,1,1
curtailment_cost_CNY,28,702279.57348906272,47772.891966763171,-33459.085954378359,1.332328743114498e-08,-33459.085954364971,E40_P20,2026,304,2023-11-01,14,14.000000000000279
curtailment_cost_CNY,29,154439.15275624377,37503.157894740434,-4426.521177282033,3.3309495512714834e-11,-4426.5211772820039,E40_P20,2026,315,2023-11-12,4,4.0000000000000009
curtailment_cost_CNY,30,0,0,0,0,0,E40_P20,2026,125,2023-05-06,3,3.0000000000002993
curtailment_cost_CNY,31,27605.886845565648,1437.1578947368421,-8922.8342139867018,-7.4544833463924552e-10,-8922.8342139874476,E40_P20,2026,86,2023-03-28,13,12.999999999999481
curtailment_cost_CNY,32,102127.97894737325,102127.97894737325,0,0,0,E40_P20,2026,122,2023-05-03,1,1
curtailment_cost_CNY,33,1346268.5506599275,58856.580550001228,7432.8019901006483,-1.4887961211087798e-07,7432.8019899518695,E40_P20,2026,63,2023-03-05,23,22.99999999999747
curtailment_cost_CNY,34,260396.74511081932,77267.180055406308,48671.975110805914,0,48671.975110805914,E40_P20,2026,179,2023-06-29,4,4
curtailment_cost_CNY,35,23867.024930750533,0,-23867.024930750533,-0,-23867.024930750533,E40_P20,2026,93,2023-04-04,4,3.9999999999999996
curtailment_cost_CNY,36,555037.01811636938,103259.18005540632,64518.062216068618,-1.2390368931290213e-07,64518.062215944636,E40_P20,2026,105,2023-04-16,6,5.9999999999988001
curtailment_cost_CNY,37,106243.41250000188,106243.41250000188,0,0,0,E40_P20,2026,91,2023-04-02,1,1
curtailment_cost_CNY,38,0,0,0,-0,0,E40_P20,2026,275,2023-10-03,20,19.999999999999996
curtailment_cost_CNY,39,449524.84352494631,133369.18005540632,83951.876696678984,0,83951.876696678984,E40_P20,2026,192,2023-07-12,4,4
curtailment_cost_CNY,40,306944.94369092735,20237.005000002078,77558.151309112145,-175421.27575089614,-97863.124441784021,E40_P20,2026,357,2023-12-24,19,10.331658229521704
curtailment_cost_CNY,41,28171.753970019632,0,-28171.753970019632,0,-28171.753970019632,E40_P20,2026,169,2023-06-19,9,9.0000000000009006
curtailment_cost_CNY,42,0,0,0,0,0,E40_P20,2026,21,2023-01-22,8,8
curtailment_cost_CNY,43,8270.1300000005722,0,-8270.1300000005722,-0,-8270.1300000005722,E40_P20,2026,308,2023-11-05,2,1.9999999999999998
curtailment_cost_CNY,44,746456.37427983747,39206.891966762094,-1525.4269113576738,-2.2425828684364637e-08,-1525.426911380142,E40_P20,2026,283,2023-10-11,19,18.999999999999428
curtailment_cost_CNY,45,27545.207756235781,15871.024930749467,20067.86703601262,-9.3201590207786281e-05,20067.86694281103,E40_P20,2026,364,2023-12-31,3,2.9999999941275632
curtailment_cost_CNY,46,83141.313019393696,83141.313019393696,0,0,0,E40_P20,2026,123,2023-05-04,1,1
curtailment_cost_CNY,47,269810.67065098527,69091.157894740434,75645.118822716933,6.136527543420239e-11,75645.118822716991,E40_P20,2026,124,2023-05-05,5,5.0000000000000009
load_shedding_cost_CNY,0,10646949.499999251,1282699.9999998938,-2950749.4999998882,-1.5391489860404452e-06,-2950749.5000014277,E40_P20,2026,331,2023-11-28,6,5.9999999999988001
load_shedding_cost_CNY,1,27758348.749997854,2230099.9999998938,14613551.250000127,-1.2676650840148192e-06,14613551.24999886,E40_P20,2026,337,2023-12-04,19,18.999999999999432
load_shedding_cost_CNY,2,8170215.4999991208,1001316.4999998529,-1161000.0000001509,2.1015286306710589e-06,-1160999.9999980498,E40_P20,2026,127,2023-05-08,7,7.0000000000020988
load_shedding_cost_CNY,3,0,0,0,0,0,E40_P20,2026,347,2023-12-14,4,4.2204229811920282
load_shedding_cost_CNY,4,3083799.9999996806,648899.99999989371,-488200.00000010571,-2.8816948827165843e-10,-488200.00000010617,E40_P20,2026,344,2023-12-11,4,3.9999999999999996
load_shedding_cost_CNY,5,2574799.9999996806,778499.99999989348,-239300,2.3336332866105286e-07,-239299.9999997667,E40_P20,2026,326,2023-11-23,3,3.0000000000002998
load_shedding_cost_CNY,6,11799.999999893584,11799.999999893584,0,-1.3100631690458701e-12,-1.8189894035458565e-12,E40_P20,2026,332,2023-11-29,1,0.99999999999999989
load_shedding_cost_CNY,7,6975827.4999996573,2262799.9999998934,-187427.49999997765,6.7930230329690389e-07,-187427.49999929778,E40_P20,2026,167,2023-06-17,3,3.0000000000003002
load_shedding_cost_CNY,8,0,0,0,-0,0,E40_P20,2026,152,2023-06-02,2,1.9999999999999998
load_shedding_cost_CNY,9,988099.99999968079,252799.99999989371,-229699.99999999965,7.6003914273282927e-08,-229699.99999992363,E40_P20,2026,31,2023-02-01,3,3.0000000000003006
load_shedding_cost_CNY,10,14816246.499998191,661141.7499998319,-4899120.2500007134,-4.9560678849745633e-07,-4899120.2500012089,E40_P20,2026,303,2023-10-31,15,14.99999999999925
load_shedding_cost_CNY,11,2276299.9999995744,441799.99999989365,-509099.99999999977,-1.9619861291171044e-10,-509100,E40_P20,2026,333,2023-11-30,4,3.9999999999999996
load_shedding_cost_CNY,12,0,0,0,0,0,E40_P20,2026,13,2023-01-14,1,1
load_shedding_cost_CNY,13,5510699.9999991497,501199.99999989377,-1501099.9999999995,0,-1501099.9999999995,E40_P20,2026,166,2023-06-16,8,8
load_shedding_cost_CNY,14,1540899.9999995751,520799.99999989383,542300.00000000023,1220964.2331014085,1763264.2331014087,E40_P20,2026,106,2023-04-17,4,6.3444013692428136
load_shedding_cost_CNY,15,55144254.499997348,1966135.4999998878,-7957002.5000000447,12001165.747207172,4044163.2472071275,E40_P20,2026,206,2023-07-26,24,30.103936248141522
load_shedding_cost_CNY,16,35111365.999998011,2474699.9999998934,9433234.0000000671,-1036.4593478303925,9432197.5406522378,E40_P20,2026,4,2023-01-05,18,17.999581177780001
load_shedding_cost_CNY,17,879899.9999995738,588899.99999978661,2064599.9999993593,-5.2304827136121422e-10,2064599.9999993588,E40_P20,2026,254,2023-09-12,5,4.9999999999999991
load_shedding_cost_CNY,18,27975001.499998227,2083599.9999998936,5362598.5000000708,0,5362598.5000000708,E40_P20,2026,181,2023-07-01,16,16
load_shedding_cost_CNY,19,4975021.7499991488,1350599.9999998938,7180378.2499998957,1.2139686589306575e-06,7180378.2500011101,E40_P20,2026,49,2023-02-19,9,9.0000000000008988
load_shedding_cost_CNY,20,93399.999999893611,0,-93399.999999893611,0,-93399.999999893611,E40_P20,2026,42,2023-02-12,2,2
load_shedding_cost_CNY,21,0,0,0,-0,0,E40_P20,2026,74,2023-03-16,1,0.99999999999999989
load_shedding_cost_CNY,22,0,0,0,-0,0,E40_P20,2026,73,2023-03-15,2,1.9999999999999998
load_shedding_cost_CNY,23,5096968.9999992643,747699.99999989383,-610768.99999990128,-8.9851512896630968e-07,-610769.00000080001,E40_P20,2026,255,2023-09-13,6,5.9999999999987983
load_shedding_cost_CNY,24,48098272.999997295,1799309.749999881,-6714148.7500000298,-4.5578042735524886e-06,-6714148.7500045896,E40_P20,2026,280,2023-10-08,23,22.999999999997467
load_shedding_cost_CNY,25,0,0,0,0,0,E40_P20,2026,92,2023-04-03,1,1
load_shedding_cost_CNY,26,9564986.9999989197,439999.99999989365,-5164986.9999999832,7.815970093359213e-10,-5164986.9999999823,E40_P20,2026,207,2023-07-27,10,10.000000000000002
load_shedding_cost_CNY,27,0,0,0,0,0,E40_P20,2026,186,2023-07-06,1,1
load_shedding_cost_CNY,28,18507271.999998271,711599.99999978719,-8544872.0000012517,1.9845671772594392e-07,-8544872.0000010524,E40_P20,2026,304,2023-11-01,14,14.000000000000279
load_shedding_cost_CNY,29,2509699.9999995753,120399.9999998937,-2028100.0000000005,1.0693668173180066e-10,-2028100.0000000005,E40_P20,2026,315,2023-11-12,4,4.0000000000000009
load_shedding_cost_CNY,30,0,0,0,0,0,E40_P20,2026,125,2023-05-06,3,3.0000000000002993
load_shedding_cost_CNY,31,39500899.999998607,3279099.9999998929,3127400,-1.700856699926534e-06,3127399.9999983013,E40_P20,2026,86,2023-03-28,13,12.999999999999481
load_shedding_cost_CNY,32,0,0,0,0,0,E40_P20,2026,122,2023-05-03,1,1
load_shedding_cost_CNY,33,27017543.749997389,763399.99999989383,-9459343.7499998324,-1.9310448351458988e-06,-9459343.7500017621,E40_P20,2026,63,2023-03-05,23,22.99999999999747
load_shedding_cost_CNY,34,7669379.9999995697,2395799.9999998929,1913820.0000000019,0,1913820.0000000019,E40_P20,2026,179,2023-06-29,4,4
load_shedding_cost_CNY,35,8499.9999998937401,0,-8499.9999998937401,-0,-8499.9999998937401,E40_P20,2026,93,2023-04-04,4,3.9999999999999996
load_shedding_cost_CNY,36,318790.74999967054,53899.999999894055,4609.2499996937695,-6.4676175526174328e-08,4609.2499996291008,E40_P20,2026,105,2023-04-16,6,5.9999999999988001
load_shedding_cost_CNY,37,0,0,0,0,0,E40_P20,2026,91,2023-04-02,1,1
load_shedding_cost_CNY,38,52673730.99999772,2774699.9999998934,2820269.000000149,-9.8577146445673711e-09,2820269.0000001341,E40_P20,2026,275,2023-10-03,20,19.999999999999996
load_shedding_cost_CNY,39,1173099.9999997872,0,-1173099.9999997872,0,-1173099.9999997872,E40_P20,2026,192,2023-07-12,4,4
load_shedding_cost_CNY,40,26142419.249997739,1413873.2499998815,721172.50000001118,-12255936.551135875,-11534764.051135866,E40_P20,2026,357,2023-12-24,19,10.331658229521704
load_shedding_cost_CNY,41,15117163.749998992,2079799.9999998936,3601036.2500000503,1.873094745974317e-06,3601036.2500019241,E40_P20,2026,169,2023-06-19,9,9.0000000000009006
load_shedding_cost_CNY,42,5123663.999998996,742299.99999989406,814736.00000015646,0,814736.00000015646,E40_P20,2026,21,2023-01-22,8,8
load_shedding_cost_CNY,43,1359199.9999998938,1359199.9999998938,1359199.9999998938,-3.0180302701407898e-10,1359199.9999998934,E40_P20,2026,308,2023-11-05,2,1.9999999999999998
load_shedding_cost_CNY,44,46365951.749997891,2062399.9999998938,-7180351.7499999106,-1.1796657872764019e-06,-7180351.7500010878,E40_P20,2026,283,2023-10-11,19,18.999999999999428
load_shedding_cost_CNY,45,2536299.9999996806,723899.99999989325,-364600.00000000093,-0.0042510569699055036,-364600.00425105775,E40_P20,2026,364,2023-12-31,3,2.9999999941275632
load_shedding_cost_CNY,46,615147.74999988836,615147.74999988836,0,0,0,E40_P20,2026,123,2023-05-04,1,1
load_shedding_cost_CNY,47,917099.99999957485,318299.99999989371,674399.99999989383,2.8270719099045546e-10,674399.99999989406,E40_P20,2026,124,2023-05-05,5,5.0000000000000009
storage_variable_om_CNY,0,5800.1864831265975,1128.3003581253045,969.61566562522967,-1.3538803712152314e-09,969.61566562387543,E40_P20,2026,331,2023-11-28,6,5.9999999999988001
storage_variable_om_CNY,1,8260.7267450403106,342.60800000011989,-1751.1747450380326,-1.9475010049070526e-10,-1751.1747450382272,E40_P20,2026,337,2023-12-04,19,18.999999999999432
storage_variable_om_CNY,2,6981.3412500021641,1034.7352500003624,261.80550000037238,2.1716667537593328e-09,261.80550000254425,E40_P20,2026,127,2023-05-08,7,7.0000000000020988
storage_variable_om_CNY,3,1083.7631250003087,152.00000000005321,-475.7631250000959,33.504293141200016,-442.25883185889586,E40_P20,2026,347,2023-12-14,4,4.2204229811920282
storage_variable_om_CNY,4,3120.5397742388841,708.80000000010682,-285.33977423845681,-3.1477043194177182e-13,-285.33977423845727,E40_P20,2026,344,2023-12-11,4,3.9999999999999996
storage_variable_om_CNY,5,3226.5000000005716,1157.000000000106,244.49999999974625,3.4682257066268439e-10,244.50000000009322,E40_P20,2026,326,2023-11-23,3,3.0000000000002998
storage_variable_om_CNY,6,817.00000000028604,817.00000000028604,0,-9.0705221111907046e-14,-1.1368683772161603e-13,E40_P20,2026,332,2023-11-29,1,0.99999999999999989
storage_variable_om_CNY,7,1144.9162500004011,304.00000000010641,-232.91625000008185,9.1262108981059218e-11,-232.91624999999055,E40_P20,2026,167,2023-06-17,3,3.0000000000003002
storage_variable_om_CNY,8,1368.3047500002292,402.91900000001959,-562.46675000019002,-8.946599017179304e-14,-562.46675000019013,E40_P20,2026,152,2023-06-02,2,1.9999999999999998
storage_variable_om_CNY,9,1685.8506567022951,474.31090670187132,-262.9179365966811,1.4260081286339903e-10,-262.91793659653854,E40_P20,2026,31,2023-02-01,3,3.0000000000003006
storage_variable_om_CNY,10,13670.262006902143,1032.2582500002213,1813.6117431011771,-7.7380409901922572e-10,1813.6117431004022,E40_P20,2026,303,2023-10-31,15,14.99999999999925
storage_variable_om_CNY,11,1232.6000000004256,304.00000000010641,-16.599999999999909,-1.3500311979446629e-13,-16.600000000000136,E40_P20,2026,333,2023-11-30,4,3.9999999999999996
storage_variable_om_CNY,12,843.33300000008524,843.33300000008524,0,0,0,E40_P20,2026,13,2023-01-14,1,1
storage_variable_om_CNY,13,4706.7382550933671,456.0000000001595,-1058.7382550920911,0,-1058.7382550920911,E40_P20,2026,166,2023-06-16,8,8
storage_variable_om_CNY,14,4460.4094736851666,1057.4000000001067,-230.80947368473971,2478.9700078376013,2248.1605341528621,E40_P20,2026,106,2023-04-17,4,6.3444013692428136
storage_variable_om_CNY,15,21825.307125006264,898.54800000031491,-260.15512499870601,5484.6797078969912,5224.5245828982843,E40_P20,2026,206,2023-07-26,24,30.103936248141522
storage_variable_om_CNY,16,5686.4340000019911,304.00000000010641,-214.43400000007568,-0.1273219548796069,-214.56132195495502,E40_P20,2026,4,2023-01-05,18,17.999581177780001
storage_variable_om_CNY,17,1801.6262500004379,608.00000000021294,1238.3737500006266,-5.4001247917786527e-13,1238.3737500006262,E40_P20,2026,254,2023-09-12,5,4.9999999999999991
storage_variable_om_CNY,18,11664.444105627064,735.37600000025702,101.57189437704801,0,101.57189437704801,E40_P20,2026,181,2023-07-01,16,16
storage_variable_om_CNY,19,8773.6683456269875,1131.0177500003479,1405.4914043761437,1.0166001045422775e-09,1405.4914043771605,E40_P20,2026,49,2023-02-19,9,9.0000000000008988
storage_variable_om_CNY,20,683.11800000017161,122.83025000004261,-437.45750000008638,0,-437.45750000008638,E40_P20,2026,42,2023-02-12,2,2
storage_variable_om_CNY,21,443.10000000007312,443.10000000007312,0,-4.9193982221148805e-14,-5.6843418860808015e-14,E40_P20,2026,74,2023-03-16,1,0.99999999999999989
storage_variable_om_CNY,22,1516.2000000002863,665.00000000023283,-186.19999999982065,-1.4765966227519752e-13,-186.19999999982088,E40_P20,2026,73,2023-03-15,2,1.9999999999999998
storage_variable_om_CNY,23,3920.6132003953453,765.98500000020863,675.29679960590602,-9.2048831223959328e-10,675.29679960498561,E40_P20,2026,255,2023-09-13,6,5.9999999999987983
storage_variable_om_CNY,24,17492.271003467973,705.8642500002469,-1257.3932534622945,-1.7880140399390712e-09,-1257.3932534640826,E40_P20,2026,280,2023-10-08,23,22.999999999997467
storage_variable_om_CNY,25,800.15353515134484,800.15353515134484,0,0,0,E40_P20,2026,92,2023-04-03,1,1
storage_variable_om_CNY,26,10205.741116252138,1073.9000000001065,533.25888374892747,1.9076296098321182e-12,533.25888374892929,E40_P20,2026,207,2023-07-27,10,10.000000000000002
storage_variable_om_CNY,27,904.00000000010641,904.00000000010641,0,0,0,E40_P20,2026,186,2023-07-06,1,1
storage_variable_om_CNY,28,14057.467551878512,1160.000000000266,2182.5324481252137,3.235101075916478e-10,2182.5324481255357,E40_P20,2026,304,2023-11-01,14,14.000000000000279
storage_variable_om_CNY,29,3575.3972500009859,890.70000000028585,-12.597249999842461,7.9110051842715543e-13,-12.597249999841551,E40_P20,2026,315,2023-11-12,4,4.0000000000000009
storage_variable_om_CNY,30,311.20956875339579,31.871231696820978,-215.59587366293286,9.5395736482017219e-12,-215.59587366292331,E40_P20,2026,125,2023-05-06,3,3.0000000000002993
storage_variable_om_CNY,31,5487.4088314736673,456.00000000015962,440.59116852840816,-2.3652546587990492e-10,440.59116852817078,E40_P20,2026,86,2023-03-28,13,12.999999999999481
storage_variable_om_CNY,32,1018.9415000003568,1018.9415000003568,0,0,0,E40_P20,2026,122,2023-05-03,1,1
storage_variable_om_CNY,33,22279.855231840866,1093.3535275002444,2867.2759006647539,-2.765672887435407e-09,2867.275900661989,E40_P20,2026,63,2023-03-05,23,22.99999999999747
storage_variable_om_CNY,34,3378.8392500007631,904.00000000010641,237.16074999966258,0,237.16074999966258,E40_P20,2026,179,2023-06-29,4,4
storage_variable_om_CNY,35,903.30708344307652,48.196583442847242,-710.52074967168755,-2.1403582658606642e-14,-710.52074967168755,E40_P20,2026,93,2023-04-04,4,3.9999999999999996
storage_variable_om_CNY,36,5802.7662500007973,1099.9000000001065,796.63374999984171,-1.3198019566119823e-09,796.63374999852203,E40_P20,2026,105,2023-04-16,6,5.9999999999988001
storage_variable_om_CNY,37,709.97062500020047,709.97062500020047,0,0,0,E40_P20,2026,91,2023-04-02,1,1
storage_variable_om_CNY,38,6487.5690000022714,304.00000000010641,-407.56900000014321,-1.0800249583557303e-12,-407.56900000014411,E40_P20,2026,275,2023-10-03,20,19.999999999999996
storage_variable_om_CNY,39,3866.7506250006891,752.00000000005321,-858.75062500047625,0,-858.75062500047625,E40_P20,2026,192,2023-07-12,4,4
storage_variable_om_CNY,40,14000.530563631182,786.27700000027573,938.73243637405722,-6815.7177622687532,-5876.9853258946969,E40_P20,2026,357,2023-12-24,19,10.331658229521704
storage_variable_om_CNY,41,4049.5473607110043,304.00000000010641,-1313.5473607100466,2.7378632694317765e-10,-1313.5473607097729,E40_P20,2026,169,2023-06-19,9,9.0000000000009006
storage_variable_om_CNY,42,3535.6360000010054,352.20000000010634,-718.03600000015467,0,-718.03600000015467,E40_P20,2026,21,2023-01-22,8,8
storage_variable_om_CNY,43,839.07325000029414,454.06675000015929,69.060250000024439,-1.0082307211337833e-13,69.060250000024325,E40_P20,2026,308,2023-11-05,2,1.9999999999999998
storage_variable_om_CNY,44,16213.834000004415,856.00000000015962,50.165999998616826,-4.8962078835766114e-10,50.165999998127518,E40_P20,2026,283,2023-10-11,19,18.999999999999428
storage_variable_om_CNY,45,1970.3000000004795,714.0000000001595,171.69999999999891,-4.1929198459920645e-06,171.69999580707918,E40_P20,2026,364,2023-12-31,3,2.9999999941275632
storage_variable_om_CNY,46,770.85225000012201,770.85225000012201,0,0,0,E40_P20,2026,123,2023-05-04,1,1
storage_variable_om_CNY,47,5035.0652500012693,962.00000000028581,-225.06524999984049,8.5442763975177432e-13,-225.06524999983958,E40_P20,2026,124,2023-05-05,5,5.0000000000000009
storage_investment_allocated_CNY,0,60180.935821664985,10030.155970277498,0,-1.2035475474765267e-08,-1.2034433893859386e-08,E40_P20,2026,331,2023-11-28,6,5.9999999999988001
storage_investment_allocated_CNY,1,190572.96343527245,10030.155970277498,0,-5.7014835705771802e-09,-5.7043507695198059e-09,E40_P20,2026,337,2023-12-04,19,18.999999999999432
storage_investment_allocated_CNY,2,70211.091791942483,10030.155970277498,0,2.1050946370740432e-08,2.1056621335446835e-08,E40_P20,2026,127,2023-05-08,7,7.0000000000020988
storage_investment_allocated_CNY,3,40120.62388110999,10030.155970277498,0,2210.8768807895863,2210.8768807895831,E40_P20,2026,347,2023-12-14,4,4.2204229811920282
storage_investment_allocated_CNY,4,40120.62388110999,10030.155970277498,0,-4.454284039513422e-12,-7.2759576141834259e-12,E40_P20,2026,344,2023-12-11,4,3.9999999999999996
storage_investment_allocated_CNY,5,30090.467910832493,10030.155970277498,0,3.00664172667156e-09,3.0049704946577549e-09,E40_P20,2026,326,2023-11-23,3,3.0000000000002998
storage_investment_allocated_CNY,6,10030.155970277498,10030.155970277498,0,-1.1135710098783555e-12,-1.8189894035458565e-12,E40_P20,2026,332,2023-11-29,1,0.99999999999999989
storage_investment_allocated_CNY,7,30090.467910832493,10030.155970277498,0,3.0110960107110733e-09,3.0122464522719383e-09,E40_P20,2026,167,2023-06-17,3,3.0000000000003002
storage_investment_allocated_CNY,8,20060.311940554995,10030.155970277498,0,-2.227142019756711e-12,-3.637978807091713e-12,E40_P20,2026,152,2023-06-02,2,1.9999999999999998
storage_investment_allocated_CNY,9,30090.467910832493,10030.155970277498,0,3.0155502947505866e-09,3.01588443107903e-09,E40_P20,2026,31,2023-02-01,3,3.0000000000003006
storage_investment_allocated_CNY,10,150452.33955416246,10030.155970277498,0,-7.5188314586986572e-09,-7.5087882578372955e-09,E40_P20,2026,303,2023-10-31,15,14.99999999999925
storage_investment_allocated_CNY,11,40120.62388110999,10030.155970277498,0,-4.454284039513422e-12,-7.2759576141834259e-12,E40_P20,2026,333,2023-11-30,4,3.9999999999999996
storage_investment_allocated_CNY,12,10030.155970277498,10030.155970277498,0,0,0,E40_P20,2026,13,2023-01-14,1,1
storage_investment_allocated_CNY,13,80241.24776221998,10030.155970277498,0,0,0,E40_P20,2026,166,2023-06-16,8,8
storage_investment_allocated_CNY,14,40120.62388110999,10030.155970277498,0,23514.711390437547,23514.711390437544,E40_P20,2026,106,2023-04-17,4,6.3444013692428136
storage_investment_allocated_CNY,15,240723.74328665994,10030.155970277498,0,61223.43260148992,61223.432601489942,E40_P20,2026,206,2023-07-26,24,30.103936248141522
storage_investment_allocated_CNY,16,180542.80746499496,10030.155970277498,0,-4.2008521904034346,-4.2008521904062945,E40_P20,2026,4,2023-01-05,18,17.999581177780001
storage_investment_allocated_CNY,17,50150.779851387488,10030.155970277498,0,-8.908568079026844e-12,-7.2759576141834259e-12,E40_P20,2026,254,2023-09-12,5,4.9999999999999991
storage_investment_allocated_CNY,18,160482.49552443996,10030.155970277498,0,0,0,E40_P20,2026,181,2023-07-01,16,16
storage_investment_allocated_CNY,19,90271.403732497478,10030.155970277498,0,9.0154708959751653e-09,9.0221874415874481e-09,E40_P20,2026,49,2023-02-19,9,9.0000000000008988
storage_investment_allocated_CNY,20,20060.311940554995,10030.155970277498,0,0,0,E40_P20,2026,42,2023-02-12,2,2
storage_investment_allocated_CNY,21,10030.155970277498,10030.155970277498,0,-1.1135710098783555e-12,-1.8189894035458565e-12,E40_P20,2026,74,2023-03-16,1,0.99999999999999989
storage_investment_allocated_CNY,22,20060.311940554995,10030.155970277498,0,-2.227142019756711e-12,-3.637978807091713e-12,E40_P20,2026,73,2023-03-15,2,1.9999999999999998
storage_investment_allocated_CNY,23,60180.935821664985,10030.155970277498,0,-1.205329261092332e-08,-1.2056261766701937e-08,E40_P20,2026,255,2023-09-13,6,5.9999999999987983
storage_investment_allocated_CNY,24,230693.58731638244,10030.155970277498,0,-2.5407236161384558e-08,-2.5407643988728523e-08,E40_P20,2026,280,2023-10-08,23,22.999999999997467
storage_investment_allocated_CNY,25,10030.155970277498,10030.155970277498,0,0,0,E40_P20,2026,92,2023-04-03,1,1
storage_investment_allocated_CNY,26,100301.55970277498,10030.155970277498,0,1.7817136158053688e-11,1.4551915228366852e-11,E40_P20,2026,207,2023-07-27,10,10.000000000000002
storage_investment_allocated_CNY,27,10030.155970277498,10030.155970277498,0,0,0,E40_P20,2026,186,2023-07-06,1,1
storage_investment_allocated_CNY,28,140422.18358388497,10030.155970277498,0,2.797290376814429e-09,2.7939677238464355e-09,E40_P20,2026,304,2023-11-01,14,14.000000000000279
storage_investment_allocated_CNY,29,40120.62388110999,10030.155970277498,0,8.908568079026844e-12,7.2759576141834259e-12,E40_P20,2026,315,2023-11-12,4,4.0000000000000009
storage_investment_allocated_CNY,30,30090.467910832493,10030.155970277498,0,3.0021874426320462e-09,3.0013325158506632e-09,E40_P20,2026,125,2023-05-06,3,3.0000000000002993
storage_investment_allocated_CNY,31,130392.02761360747,10030.155970277498,0,-5.2026037581516769e-09,-5.2095856517553329e-09,E40_P20,2026,86,2023-03-28,13,12.999999999999481
storage_investment_allocated_CNY,32,10030.155970277498,10030.155970277498,0,0,0,E40_P20,2026,122,2023-05-03,1,1
storage_investment_allocated_CNY,33,230693.58731638244,10030.155970277498,0,-2.5371601889068452e-08,-2.537854015827179e-08,E40_P20,2026,63,2023-03-05,23,22.99999999999747
storage_investment_allocated_CNY,34,40120.62388110999,10030.155970277498,0,0,0,E40_P20,2026,179,2023-06-29,4,4
storage_investment_allocated_CNY,35,40120.62388110999,10030.155970277498,0,-4.454284039513422e-12,-7.2759576141834259e-12,E40_P20,2026,93,2023-04-04,4,3.9999999999999996
storage_investment_allocated_CNY,36,60180.935821664985,10030.155970277498,0,-1.2035475474765267e-08,-1.2034433893859386e-08,E40_P20,2026,105,2023-04-16,6,5.9999999999988001
storage_investment_allocated_CNY,37,10030.155970277498,10030.155970277498,0,0,0,E40_P20,2026,91,2023-04-02,1,1
storage_investment_allocated_CNY,38,200603.11940554995,10030.155970277498,0,-3.5634272316107376e-11,-2.9103830456733704e-11,E40_P20,2026,275,2023-10-03,20,19.999999999999996
storage_investment_allocated_CNY,39,40120.62388110999,10030.155970277498,0,0,0,E40_P20,2026,192,2023-07-12,4,4
storage_investment_allocated_CNY,40,190572.96343527245,10030.155970277498,0,-86944.81996156869,-86944.81996156869,E40_P20,2026,357,2023-12-24,19,10.331658229521704
storage_investment_allocated_CNY,41,90271.403732497478,10030.155970277498,0,9.0332880321332203e-09,9.036739356815815e-09,E40_P20,2026,169,2023-06-19,9,9.0000000000009006
storage_investment_allocated_CNY,42,80241.24776221998,10030.155970277498,0,0,0,E40_P20,2026,21,2023-01-22,8,8
storage_investment_allocated_CNY,43,20060.311940554995,10030.155970277498,0,-2.227142019756711e-12,-3.637978807091713e-12,E40_P20,2026,308,2023-11-05,2,1.9999999999999998
storage_investment_allocated_CNY,44,190572.96343527245,10030.155970277498,0,-5.7371178428932876e-09,-5.7334545999765396e-09,E40_P20,2026,283,2023-10-11,19,18.999999999999428
storage_investment_allocated_CNY,45,30090.467910832493,10030.155970277498,0,-5.8901456619275788e-05,-5.8901456213789061e-05,E40_P20,2026,364,2023-12-31,3,2.9999999941275632
storage_investment_allocated_CNY,46,10030.155970277498,10030.155970277498,0,0,0,E40_P20,2026,123,2023-05-04,1,1
storage_investment_allocated_CNY,47,50150.779851387488,10030.155970277498,0,8.908568079026844e-12,7.2759576141834259e-12,E40_P20,2026,124,2023-05-05,5,5.0000000000000009
storage_fixed_om_CNY,0,12493.150684931506,2082.1917808219177,0,-2.4984823950994534e-09,-2.4992914404720068e-09,E40_P20,2026,331,2023-11-28,6,5.9999999999988001
storage_fixed_om_CNY,1,39561.643835616436,2082.1917808219177,0,-1.1835889954579204e-09,-1.1859810911118984e-09,E40_P20,2026,337,2023-12-04,19,18.999999999999432
storage_fixed_om_CNY,2,14575.342465753423,2082.1917808219177,0,4.3700324941672898e-09,4.3710315367206931e-09,E40_P20,2026,127,2023-05-08,7,7.0000000000020988
storage_fixed_om_CNY,3,8328.767123287671,2082.1917808219177,0,458.96291974230525,458.96291974230553,E40_P20,2026,347,2023-12-14,4,4.2204229811920282
storage_fixed_om_CNY,4,8328.767123287671,2082.1917808219177,0,-9.2467890270150021e-13,-1.8189894035458565e-12,E40_P20,2026,344,2023-12-11,4,3.9999999999999996
storage_fixed_om_CNY,5,6246.5753424657532,2082.1917808219177,0,6.2415825932351262e-10,6.2391336541622877e-10,E40_P20,2026,326,2023-11-23,3,3.0000000000002998
storage_fixed_om_CNY,6,2082.1917808219177,2082.1917808219177,0,-2.3116972567537505e-13,-4.5474735088646412e-13,E40_P20,2026,332,2023-11-29,1,0.99999999999999989
storage_fixed_om_CNY,7,6246.5753424657532,2082.1917808219177,0,6.250829382262141e-10,6.248228601180017e-10,E40_P20,2026,167,2023-06-17,3,3.0000000000003002
storage_fixed_om_CNY,8,4164.3835616438355,2082.1917808219177,0,-4.6233945135075011e-13,-9.0949470177292824e-13,E40_P20,2026,152,2023-06-02,2,1.9999999999999998
storage_fixed_om_CNY,9,6246.5753424657532,2082.1917808219177,0,6.2600761712891569e-10,6.2573235481977463e-10,E40_P20,2026,31,2023-02-01,3,3.0000000000003006
storage_fixed_om_CNY,10,31232.876712328765,2082.1917808219177,0,-1.5608579877601323e-09,-1.5606929082423449e-09,E40_P20,2026,303,2023-10-31,15,14.99999999999925
storage_fixed_om_CNY,11,8328.767123287671,2082.1917808219177,0,-9.2467890270150021e-13,-1.8189894035458565e-12,E40_P20,2026,333,2023-11-30,4,3.9999999999999996
storage_fixed_om_CNY,12,2082.1917808219177,2082.1917808219177,0,0,0,E40_P20,2026,13,2023-01-14,1,1
storage_fixed_om_CNY,13,16657.534246575342,2082.1917808219177,0,0,0,E40_P20,2026,166,2023-06-16,8,8
storage_fixed_om_CNY,14,8328.767123287671,2082.1917808219177,0,4881.493261985036,4881.493261985037,E40_P20,2026,106,2023-04-17,4,6.3444013692428136
storage_fixed_om_CNY,15,49972.602739726026,2082.1917808219177,0,12709.565886541252,12709.565886541255,E40_P20,2026,206,2023-07-26,24,30.103936248141522
storage_fixed_om_CNY,16,37479.452054794521,2082.1917808219177,0,-0.87206818410659126,-0.87206818410777487,E40_P20,2026,4,2023-01-05,18,17.999581177780001
storage_fixed_om_CNY,17,10410.95890410959,2082.1917808219177,0,-1.8493578054030004e-12,-3.637978807091713e-12,E40_P20,2026,254,2023-09-12,5,4.9999999999999991
storage_fixed_om_CNY,18,33315.068493150684,2082.1917808219177,0,0,0,E40_P20,2026,181,2023-07-01,16,16
storage_fixed_om_CNY,19,18739.726027397261,2082.1917808219177,0,1.8715500990678364e-09,1.8699211068451405e-09,E40_P20,2026,49,2023-02-19,9,9.0000000000008988
storage_fixed_om_CNY,20,4164.3835616438355,2082.1917808219177,0,0,0,E40_P20,2026,42,2023-02-12,2,2
storage_fixed_om_CNY,21,2082.1917808219177,2082.1917808219177,0,-2.3116972567537505e-13,-4.5474735088646412e-13,E40_P20,2026,74,2023-03-16,1,0.99999999999999989
storage_fixed_om_CNY,22,4164.3835616438355,2082.1917808219177,0,-4.6233945135075011e-13,-9.0949470177292824e-13,E40_P20,2026,73,2023-03-15,2,1.9999999999999998
storage_fixed_om_CNY,23,12493.150684931506,2082.1917808219177,0,-2.5021811107102594e-09,-2.5029294192790985e-09,E40_P20,2026,255,2023-09-13,6,5.9999999999987983
storage_fixed_om_CNY,24,47890.410958904111,2082.1917808219177,0,-5.2743684610093568e-09,-5.2750692702829838e-09,E40_P20,2026,280,2023-10-08,23,22.999999999997467
storage_fixed_om_CNY,25,2082.1917808219177,2082.1917808219177,0,0,0,E40_P20,2026,92,2023-04-03,1,1
storage_fixed_om_CNY,26,20821.917808219179,2082.1917808219177,0,3.6987156108060009e-12,3.637978807091713e-12,E40_P20,2026,207,2023-07-27,10,10.000000000000002
storage_fixed_om_CNY,27,2082.1917808219177,2082.1917808219177,0,0,0,E40_P20,2026,186,2023-07-06,1,1
storage_fixed_om_CNY,28,29150.684931506847,2082.1917808219177,0,5.8069835089654215e-10,5.8207660913467407e-10,E40_P20,2026,304,2023-11-01,14,14.000000000000279
storage_fixed_om_CNY,29,8328.767123287671,2082.1917808219177,0,1.8493578054030004e-12,1.8189894035458565e-12,E40_P20,2026,315,2023-11-12,4,4.0000000000000009
storage_fixed_om_CNY,30,6246.5753424657532,2082.1917808219177,0,6.2323358042081113e-10,6.2300387071445584e-10,E40_P20,2026,125,2023-05-06,3,3.0000000000002993
storage_fixed_om_CNY,31,27068.493150684932,2082.1917808219177,0,-1.0800249583553523e-09,-1.0804797057062387e-09,E40_P20,2026,86,2023-03-28,13,12.999999999999481
storage_fixed_om_CNY,32,2082.1917808219177,2082.1917808219177,0,0,0,E40_P20,2026,122,2023-05-03,1,1
storage_fixed_om_CNY,33,47890.410958904111,2082.1917808219177,0,-5.2669710297877449e-09,-5.2677933126688004e-09,E40_P20,2026,63,2023-03-05,23,22.99999999999747
storage_fixed_om_CNY,34,8328.767123287671,2082.1917808219177,0,0,0,E40_P20,2026,179,2023-06-29,4,4
storage_fixed_om_CNY,35,8328.767123287671,2082.1917808219177,0,-9.2467890270150021e-13,-1.8189894035458565e-12,E40_P20,2026,93,2023-04-04,4,3.9999999999999996
storage_fixed_om_CNY,36,12493.150684931506,2082.1917808219177,0,-2.4984823950994534e-09,-2.4992914404720068e-09,E40_P20,2026,105,2023-04-16,6,5.9999999999988001
storage_fixed_om_CNY,37,2082.1917808219177,2082.1917808219177,0,0,0,E40_P20,2026,91,2023-04-02,1,1
storage_fixed_om_CNY,38,41643.835616438359,2082.1917808219177,0,-7.3974312216120017e-12,-1.4551915228366852e-11,E40_P20,2026,275,2023-10-03,20,19.999999999999996
storage_fixed_om_CNY,39,8328.767123287671,2082.1917808219177,0,0,0,E40_P20,2026,192,2023-07-12,4,4
storage_fixed_om_CNY,40,39561.643835616436,2082.1917808219177,0,-18049.14998784522,-18049.14998784522,E40_P20,2026,357,2023-12-24,19,10.331658229521704
storage_fixed_om_CNY,41,18739.726027397261,2082.1917808219177,0,1.8752488146786423e-09,1.8735590856522322e-09,E40_P20,2026,169,2023-06-19,9,9.0000000000009006
storage_fixed_om_CNY,42,16657.534246575342,2082.1917808219177,0,0,0,E40_P20,2026,21,2023-01-22,8,8
storage_fixed_om_CNY,43,4164.3835616438355,2082.1917808219177,0,-4.6233945135075011e-13,-9.0949470177292824e-13,E40_P20,2026,308,2023-11-05,2,1.9999999999999998
storage_fixed_om_CNY,44,39561.643835616436,2082.1917808219177,0,-1.1909864266795323e-09,-1.1932570487260818e-09,E40_P20,2026,283,2023-10-11,19,18.999999999999428
storage_fixed_om_CNY,45,6246.5753424657532,2082.1917808219177,0,-1.2227539553176228e-05,-1.2227539627929218e-05,E40_P20,2026,364,2023-12-31,3,2.9999999941275632
storage_fixed_om_CNY,46,2082.1917808219177,2082.1917808219177,0,0,0,E40_P20,2026,123,2023-05-04,1,1
storage_fixed_om_CNY,47,10410.95890410959,2082.1917808219177,0,1.8493578054030004e-12,1.8189894035458565e-12,E40_P20,2026,124,2023-05-05,5,5.0000000000000009
renewable_available_MWh,0,3139.1199999999999,1091.6099999999999,135.71000000000004,3.2770602231835255e-10,135.71000000032745,E80_P20,42,43,2023-02-13,3,3.0000000000003002
renewable_available_MWh,1,7200.7700000000004,714.05000000000007,-60.269999999999527,0,-60.269999999999527,E80_P20,42,211,2023-07-31,10,10
renewable_available_MWh,2,3282.1100000000001,302.55000000000001,348.49000000000024,-0.0028599990986277746,348.48714000090149,E80_P20,42,1,2023-01-02,12,11.999990547020001
renewable_available_MWh,3,18968,907.20000000000005,-824,-3.2230218494078146e-12,-824.00000000000364,E80_P20,42,63,2023-03-05,20,19.999999999999996
renewable_available_MWh,4,4174.7200000000003,1520.77,387.58999999999924,1663.3437770792889,2050.9337770792881,E80_P20,42,12,2023-01-13,3,4.0937510452463481
renewable_available_MWh,5,4316.71,1099.77,82.369999999999891,-4.8839599031680336e-13,82.369999999998981,E80_P20,42,31,2023-02-01,4,3.9999999999999996
renewable_available_MWh,6,11232.639999999999,708.62,-603.34000000000015,-5.3245631903564574e-10,-603.34000000053129,E80_P20,42,302,2023-10-30,15,14.999999999999249
renewable_available_MWh,7,3421.6000000000004,1584.6600000000001,-252.2800000000002,-3.5186520364050013e-13,-252.28000000000065,E80_P20,42,187,2023-07-07,2,1.9999999999999998
renewable_available_MWh,8,2313.9700000000003,1102.74,-108.49000000000024,-2.4485746763502903e-13,-108.49000000000069,E80_P20,42,179,2023-06-29,2,1.9999999999999998
renewable_available_MWh,9,12051.049999999999,566.21000000000004,-726.84999999999854,-0.0012447051009706201,-726.85124470509982,E80_P20,42,7,2023-01-08,20,19.999997801690007
renewable_available_MWh,10,2431.23,2431.23,0,-2.6992075241594194e-13,-4.5474735088646412e-13,E80_P20,42,13,2023-01-14,1,0.99999999999999989
renewable_available_MWh,11,6805.1099999999997,1273.8399999999999,-435.90999999999985,0,-435.90999999999985,E80_P20,42,183,2023-07-03,5,5
renewable_available_MWh,12,18907.650000000001,949.47000000000003,-1817.1900000000023,-8545.2151708889014,-10362.405170888904,E80_P20,42,228,2023-08-17,18,9.0000156183039994
renewable_available_MWh,13,10316.110000000001,453.80000000000001,-332.51000000000022,-3217.4925250841561,-3550.0025250841563,E80_P20,42,363,2023-12-30,22,14.909888662220899
renewable_available_MWh,14,7736.0100000000002,2021.1900000000001,348.75,8084.7600000000002,8433.5100000000002,E80_P20,42,106,2023-04-17,4,8
renewable_available_MWh,15,2118.9299999999998,2118.9299999999998,0,0,0,E80_P20,42,91,2023-04-02,1,1
renewable_available_MWh,16,4676.1900000000005,1051.1100000000001,-471.75,0,-471.75,E80_P20,42,238,2023-08-27,4,4
renewable_available_MWh,17,7942.2800000000007,729.25999999999999,808.83999999999833,3.4976501694927722e-10,808.84000000034939,E80_P20,42,165,2023-06-15,12,12.00000000000048
renewable_available_MWh,18,11763.379999999999,1485.55,121.02000000000044,0,121.02000000000044,E80_P20,42,105,2023-04-16,8,8
renewable_available_MWh,19,9377.5300000000007,447.81999999999994,-1316.7700000000023,-6.4752732953365908e-10,-1316.7700000006489,E80_P20,42,86,2023-03-28,18,17.999999999998554
renewable_available_MWh,20,1624.05,1624.05,0,-1.8030577031424854e-13,-2.2737367544323206e-13,E80_P20,42,348,2023-12-15,1,0.99999999999999989
renewable_available_MWh,21,2468.5899999999997,1151.9099999999999,-164.76999999999998,0,-164.76999999999998,E80_P20,42,152,2023-06-02,2,2
renewable_available_MWh,22,10370.48,1164.28,-1056.2399999999998,-1.0340883704884618e-12,-1056.2400000000016,E80_P20,42,94,2023-04-05,8,7.9999999999999991
renewable_available_MWh,23,5212.5599999999995,1640.3499999999999,-291.51000000000022,4.9171167137984639e-10,-291.50999999950818,E80_P20,42,104,2023-04-15,3,3.0000000000002998
renewable_available_MWh,24,3749.5799999999999,1278.49,85.890000000000327,1068.7483509825149,1154.6383509825155,E80_P20,42,125,2023-05-06,3,3.8359458040207706
renewable_available_MWh,25,4112.6599999999999,1076.73,194.26000000000022,-9.5632834984371586e-13,194.25999999999931,E80_P20,42,315,2023-11-12,4,3.9999999999999991
renewable_available_MWh,26,4087.6800000000003,1813.2600000000002,-461.15999999999985,-4.0262460032636232e-13,-461.16000000000031,E80_P20,42,92,2023-04-03,2,1.9999999999999998
renewable_available_MWh,27,2588.77,436.56,-405.9699999999998,-3.8774317090428667e-13,-405.97000000000025,E80_P20,42,345,2023-12-12,5,4.9999999999999991
renewable_available_MWh,28,7738.1899999999996,620.85000000000002,-287.98999999999887,2.9887265995398594e-10,-287.98999999970056,E80_P20,42,196,2023-07-16,12,12.000000000000481
renewable_available_MWh,29,1734.3000000000002,1734.3000000000002,0,0,0,E80_P20,42,332,2023-11-29,1,1
renewable_available_MWh,30,14436.709999999999,983.53999999999996,1299.9300000000003,-1.7471180058237223e-12,1299.9299999999985,E80_P20,42,259,2023-09-17,16,15.999999999999998
renewable_available_MWh,31,4184.8800000000001,862.58999999999992,128.06999999999971,0,128.06999999999971,E80_P20,42,188,2023-07-08,5,5
renewable_available_MWh,32,2758.29,683.28999999999996,-25.130000000000109,0,-25.130000000000109,E80_P20,42,262,2023-09-20,4,4
renewable_available_MWh,33,4520.7299999999996,259.13,-374.64999999999964,-4.6030734779378689e-13,-374.65000000000055,E80_P20,42,316,2023-11-13,16,15.999999999999998
renewable_available_MWh,34,8095.9000000000005,681.82999999999993,-1277.6000000000013,0,-1277.6000000000013,E80_P20,42,352,2023-12-19,10,10
renewable_available_MWh,35,1187.1900000000001,1187.1900000000001,0,-1.3180456726047397e-13,-2.2737367544323206e-13,E80_P20,42,123,2023-05-04,1,0.99999999999999989
renewable_available_MWh,36,2292.0299999999997,2292.0299999999997,0,-2.5446644791315973e-13,-4.5474735088646412e-13,E80_P20,42,186,2023-07-06,1,0.99999999999999989
renewable_available_MWh,37,1943.5999999999999,1943.5999999999999,0,0,0,E80_P20,42,70,2023-03-12,1,1
renewable_available_MWh,38,14333.6,716.64999999999998,-717.25,-4.0736836126598064e-10,-717.25000000040745,E80_P20,42,27,2023-01-28,19,18.999999999999432
renewable_available_MWh,39,7358.21,282.48000000000002,-1143.6499999999996,-6.2221374719229063e-10,-1143.6500000006217,E80_P20,42,275,2023-10-03,22,21.999999999997797
renewable_available_MWh,40,2023.73,414.12,-367.25,-1.8390622358310793e-13,-367.25000000000023,E80_P20,42,112,2023-04-23,4,3.9999999999999996
renewable_available_MWh,41,20176.809999999998,1088.26,500.13000000000102,11057.168354129679,11557.298354129682,E80_P20,42,206,2023-07-26,19,29.16041052150192
renewable_available_MWh,42,1415.4899999999998,1415.4899999999998,0,0,0,E80_P20,42,74,2023-03-16,1,1
renewable_available_MWh,43,1498.7,1498.7,0,0,0,E80_P20,42,140,2023-05-21,1,1
renewable_available_MWh,44,14229.59,1038.28,-731.95000000000073,-5.385518875300477e-10,-731.95000000053915,E80_P20,42,289,2023-10-17,13,12.999999999999481
renewable_available_MWh,45,939.86000000000001,939.86000000000001,0,-1.0434542119241996e-13,-1.1368683772161603e-13,E80_P20,42,343,2023-12-10,1,0.99999999999999989
renewable_available_MWh,46,2204.77,536.06999999999994,-60.490000000000236,4.7612580544864608e-13,-60.489999999999782,E80_P20,42,333,2023-11-30,4,4.0000000000000009
renewable_available_MWh,47,1949.8299999999999,856.06999999999994,-237.69000000000005,0,-237.69000000000005,E80_P20,42,308,2023-11-05,2,2
renewable_used_MWh,0,2764.6971553323629,993.9655401661895,217.19946516620575,2.9839273503300138e-10,217.19946516650407,E80_P20,42,43,2023-02-13,3,3.0000000000003002
renewable_used_MWh,1,6577.4644992796648,674.3123960526176,165.65946124651146,0,165.65946124651146,E80_P20,42,211,2023-07-31,10,10
renewable_used_MWh,2,3282.1100000000001,302.55000000000001,348.49000000000024,-0.0028599990986277746,348.48714000090149,E80_P20,42,1,2023-01-02,12,11.999990547020001
renewable_used_MWh,3,13439.681462478111,630.06709724999291,-838.33951747825267,-2.2384479949621753e-12,-838.33951747825449,E80_P20,42,63,2023-03-05,20,19.999999999999996
renewable_used_MWh,4,4119.4442105263161,1489.8242105263159,350.02842105263153,1629.4967874964734,1979.5252085491056,E80_P20,42,12,2023-01-13,3,4.0937510452463481
renewable_used_MWh,5,4305.3499999999995,1092.9499999999998,66.449999999999818,-4.8536730190562586e-13,66.449999999998909,E80_P20,42,31,2023-02-01,4,3.9999999999999996
renewable_used_MWh,6,9318.030890569129,583.23287499998253,-569.53776556939192,-4.3824056583650983e-10,-569.53776556982848,E80_P20,42,302,2023-10-30,15,14.999999999999249
renewable_used_MWh,7,2090.4812749999596,982.20127499998057,-126.07872499999849,-2.1809249406423272e-13,-126.07872499999871,E80_P20,42,187,2023-07-07,2,1.9999999999999998
renewable_used_MWh,8,1408.9489799861085,732.30277499998215,55.656570013855799,-1.6260388036037513e-13,55.656570013855571,E80_P20,42,179,2023-06-29,2,1.9999999999999998
renewable_used_MWh,9,10511.942657340491,478.99908587255783,-931.96093988933353,-0.0010529884769711535,-931.96199287781201,E80_P20,42,7,2023-01-08,20,19.999997801690007
renewable_used_MWh,10,2093.849999999979,2093.849999999979,0,-2.3246404801113607e-13,-4.5474735088646412e-13,E80_P20,42,13,2023-01-14,1,0.99999999999999989
renewable_used_MWh,11,4800.9899624999216,932.60882499998047,-137.94583750001948,0,-137.94583750001948,E80_P20,42,183,2023-07-03,5,5
renewable_used_MWh,12,12267.08419856653,604.66620498612633,-1383.0925088162567,-5441.9864010145293,-6825.078909830786,E80_P20,42,228,2023-08-17,18,9.0000156183039994
renewable_used_MWh,13,10112.942357584347,453.80000000000001,-129.34235758434625,-3217.4925250841561,-3346.8348826685024,E80_P20,42,363,2023-12-30,22,14.909888662220899
renewable_used_MWh,14,4228.3124099722108,1066.319999999979,36.967590027705228,4265.2799999999161,4302.2475900276213,E80_P20,42,106,2023-04-17,4,8
renewable_used_MWh,15,1606.3155401661895,1606.3155401661895,0,0,0,E80_P20,42,91,2023-04-02,1,1
renewable_used_MWh,16,4572.9708999999903,1051.1100000000001,-368.53089999998974,0,-368.53089999998974,E80_P20,42,238,2023-08-27,4,4
renewable_used_MWh,17,6657.9486072671207,610.50554016618946,668.11787472715332,2.9280843677680784e-10,668.11787472744527,E80_P20,42,165,2023-06-15,12,12.00000000000048
renewable_used_MWh,18,8261.4958786873667,985.43259999998111,-378.03507868751785,0,-378.03507868751785,E80_P20,42,105,2023-04-16,8,8
renewable_used_MWh,19,9110.7774924514815,447.81999999999994,-1050.0174924514831,-6.4752732953365908e-10,-1050.0174924521298,E80_P20,42,86,2023-03-28,18,17.999999999998554
renewable_used_MWh,20,1301.0262049861262,1301.0262049861262,0,-1.444429248416286e-13,-2.2737367544323206e-13,E80_P20,42,348,2023-12-15,1,0.99999999999999989
renewable_used_MWh,21,2300.3899999999853,1151.9099999999999,3.4300000000143882,0,3.4300000000143882,E80_P20,42,152,2023-06-02,2,2
renewable_used_MWh,22,6751.1143099721448,754.98999999998534,-711.19430997226209,-6.7056582508938453e-13,-711.194309972263,E80_P20,42,94,2023-04-05,8,7.9999999999999991
renewable_used_MWh,23,4151.612985872528,1357.3790858725577,-79.475728254855312,4.0688824885569751e-10,-79.475728254448313,E80_P20,42,104,2023-04-15,3,3.0000000000002998
renewable_used_MWh,24,3749.5799999999999,1278.49,85.890000000000327,1068.7483509825149,1154.6383509825155,E80_P20,42,125,2023-05-06,3,3.8359458040207706
renewable_used_MWh,25,3430.3693608725234,905.02999999998531,189.7506391274178,-8.0382811518119129e-13,189.75063912741689,E80_P20,42,315,2023-11-12,4,3.9999999999999991
renewable_used_MWh,26,3345.9362049861115,1555.3699999999853,-235.19620498614086,-3.4536151716224269e-13,-235.19620498614131,E80_P20,42,92,2023-04-03,2,1.9999999999999998
renewable_used_MWh,27,2588.77,436.55999999999995,-405.97000000000025,-3.8774317090428662e-13,-405.97000000000071,E80_P20,42,345,2023-12-12,5,4.9999999999999991
renewable_used_MWh,28,7490.0104511991003,620.85000000000002,-39.810451199099589,2.9887265995398594e-10,-39.810451198801275,E80_P20,42,196,2023-07-16,12,12.000000000000481
renewable_used_MWh,29,1489.759085872558,1489.759085872558,0,0,0,E80_P20,42,332,2023-11-29,1,1
renewable_used_MWh,30,10743.246648527071,739.66032581249794,1091.3185644728965,-1.3139006785900483e-12,1091.3185644728946,E80_P20,42,259,2023-09-17,16,15.999999999999998
renewable_used_MWh,31,3660.0083210525822,747.27049605261914,76.344159210513226,0,76.344159210513226,E80_P20,42,188,2023-07-08,5,5
renewable_used_MWh,32,2706.7988499999883,683.28999999999996,26.361150000011548,0,26.361150000011548,E80_P20,42,262,2023-09-20,4,4
renewable_used_MWh,33,4520.7299999999996,259.13,-374.64999999999964,-4.6030734779378689e-13,-374.65000000000055,E80_P20,42,316,2023-11-13,16,15.999999999999998
renewable_used_MWh,34,7888.236713157853,681.82999999999993,-1069.9367131578538,0,-1069.9367131578538,E80_P20,42,352,2023-12-19,10,10
renewable_used_MWh,35,788.32554016618951,788.32554016618951,0,-8.7521716559256725e-14,-1.1368683772161603e-13,E80_P20,42,123,2023-05-04,1,0.99999999999999989
renewable_used_MWh,36,1486.0758749999791,1486.0758749999791,0,-1.6498756527649528e-13,-2.2737367544323206e-13,E80_P20,42,186,2023-07-06,1,0.99999999999999989
renewable_used_MWh,37,950.67620498612632,950.67620498612632,0,0,0,E80_P20,42,70,2023-03-12,1,1
renewable_used_MWh,38,10801.681712152398,526.14908587255775,-804.84908057380017,-2.9908112871485046e-10,-804.8490805741003,E80_P20,42,27,2023-01-28,19,18.999999999999432
renewable_used_MWh,39,7358.21,282.48000000000002,-1143.6499999999996,-6.2221374719229063e-10,-1143.6500000006217,E80_P20,42,275,2023-10-03,22,21.999999999997797
renewable_used_MWh,40,2023.73,414.12,-367.25,-1.8390622358310793e-13,-367.25000000000023,E80_P20,42,112,2023-04-23,4,3.9999999999999996
renewable_used_MWh,41,14349.582733018213,803.44199445981053,915.81516171818657,8163.3004939259463,9079.1156556441329,E80_P20,42,206,2023-07-26,19,29.16041052150192
renewable_used_MWh,42,1280.4248753462525,1280.4248753462525,0,0,0,E80_P20,42,74,2023-03-16,1,1
renewable_used_MWh,43,1498.7,1498.7,0,0,0,E80_P20,42,140,2023-05-21,1,1
renewable_used_MWh,44,11237.806076683555,792.30789999998592,-937.80337668373795,-4.1096709466614082e-10,-937.80337668414904,E80_P20,42,289,2023-10-17,13,12.999999999999481
renewable_used_MWh,45,927.44421052631571,927.44421052631571,0,-1.0296699165816167e-13,-1.1368683772161603e-13,E80_P20,42,343,2023-12-10,1,0.99999999999999989
renewable_used_MWh,46,2204.77,536.06999999999994,-60.490000000000236,4.7612580544864608e-13,-60.489999999999782,E80_P20,42,333,2023-11-30,4,4.0000000000000009
renewable_used_MWh,47,1936.5799999999999,856.06999999999994,-224.44000000000005,0,-224.44000000000005,E80_P20,42,308,2023-11-05,2,2
curtailment_MWh,0,374.42284466763704,97.644459833810473,-81.489465166205605,2.9313287285351156e-11,-81.489465166176331,E80_P20,42,43,2023-02-13,3,3.0000000000003002
curtailment_MWh,1,623.30550072033566,39.737603947382468,-225.92946124651098,0,-225.92946124651098,E80_P20,42,211,2023-07-31,10,10
curtailment_MWh,2,0,0,0,-0,0,E80_P20,42,1,2023-01-02,12,11.999990547020001
curtailment_MWh,3,5528.31853752189,277.13290275000713,14.339517478252674,-9.845738544456393e-13,14.339517478251764,E80_P20,42,63,2023-03-05,20,19.999999999999996
curtailment_MWh,4,55.275789473684242,30.945789473684215,37.561578947368403,33.846989582815546,71.408568530183956,E80_P20,42,12,2023-01-13,3,4.0937510452463481
curtailment_MWh,5,11.359999999999992,6.8199999999999967,15.919999999999995,-3.0286884111774256e-15,15.919999999999991,E80_P20,42,31,2023-02-01,4,3.9999999999999996
curtailment_MWh,6,1914.6091094308713,125.38712500001748,-33.802234430609133,-9.4215753199135922e-11,-33.802234430703265,E80_P20,42,302,2023-10-30,15,14.999999999999249
curtailment_MWh,7,1331.1187250000403,602.45872500001929,-126.20127500000171,-1.3377270957626736e-13,-126.20127500000194,E80_P20,42,187,2023-07-07,2,1.9999999999999998
curtailment_MWh,8,905.02102001389164,370.43722500001797,-164.14657001385569,-8.2253587274653922e-14,-164.14657001385581,E80_P20,42,179,2023-06-29,2,1.9999999999999998
curtailment_MWh,9,1539.1073426595099,87.210914127442194,205.11093988933408,-0.00019171662399946666,205.11074817270992,E80_P20,42,7,2023-01-08,20,19.999997801690007
curtailment_MWh,10,337.38000000002091,337.38000000002091,0,-3.7456704404805853e-14,-5.6843418860808015e-14,E80_P20,42,13,2023-01-14,1,0.99999999999999989
curtailment_MWh,11,2004.1200375000783,341.23117500001945,-297.96416249998106,0,-297.96416249998106,E80_P20,42,183,2023-07-03,5,5
curtailment_MWh,12,6640.5658014334695,344.8037950138737,-434.09749118374293,-3103.2287698743726,-3537.3262610581155,E80_P20,42,228,2023-08-17,18,9.0000156183039994
curtailment_MWh,13,203.16764241565306,0,-203.16764241565306,-0,-203.16764241565306,E80_P20,42,363,2023-12-30,22,14.909888662220899
curtailment_MWh,14,3507.6975900277894,954.87000000002104,311.78240997229477,3819.4800000000841,4131.2624099723789,E80_P20,42,106,2023-04-17,4,8
curtailment_MWh,15,512.61445983381054,512.61445983381054,0,0,0,E80_P20,42,91,2023-04-02,1,1
curtailment_MWh,16,103.21910000000993,0,-103.21910000000993,0,-103.21910000000993,E80_P20,42,238,2023-08-27,4,4
curtailment_MWh,17,1284.3313927328791,118.75445983381053,140.72212527284728,5.6956580172469348e-11,140.72212527290412,E80_P20,42,165,2023-06-15,12,12.00000000000048
curtailment_MWh,18,3501.8841213126329,500.1174000000189,499.05507868751829,0,499.05507868751829,E80_P20,42,105,2023-04-16,8,8
curtailment_MWh,19,266.752507548518,0,-266.752507548518,-0,-266.752507548518,E80_P20,42,86,2023-03-28,18,17.999999999998554
curtailment_MWh,20,323.02379501387372,323.02379501387372,0,-3.5862845472619945e-14,-5.6843418860808015e-14,E80_P20,42,348,2023-12-15,1,0.99999999999999989
curtailment_MWh,21,168.20000000001465,0,-168.20000000001465,0,-168.20000000001465,E80_P20,42,152,2023-06-02,2,2
curtailment_MWh,22,3619.3656900278556,409.29000000001457,-345.04569002773906,-3.635225453990772e-13,-345.04569002773951,E80_P20,42,94,2023-04-05,8,7.9999999999999991
curtailment_MWh,23,1060.9470141274717,282.97091412744231,-212.03427174514468,8.4823422524148897e-11,-212.03427174505987,E80_P20,42,104,2023-04-15,3,3.0000000000002998
curtailment_MWh,24,0,0,0,0,0,E80_P20,42,125,2023-05-06,3,3.8359458040207706
curtailment_MWh,25,682.29063912747654,171.70000000001463,4.5093608725819649,-1.5250023466252449e-13,4.5093608725818513,E80_P20,42,315,2023-11-12,4,3.9999999999999991
curtailment_MWh,26,741.74379501388842,257.89000000001465,-225.96379501385911,-5.7263083164119577e-14,-225.96379501385923,E80_P20,42,92,2023-04-03,2,1.9999999999999998
curtailment_MWh,27,0,0,0,-0,0,E80_P20,42,345,2023-12-12,5,4.9999999999999991
curtailment_MWh,28,248.17954880089979,0,-248.17954880089979,0,-248.17954880089979,E80_P20,42,196,2023-07-16,12,12.000000000000481
curtailment_MWh,29,244.54091412744225,244.54091412744225,0,0,0,E80_P20,42,332,2023-11-29,1,1
curtailment_MWh,30,3693.4633514729298,243.87967418750199,208.611435527102,-4.3321732723367388e-13,208.61143552710155,E80_P20,42,259,2023-09-17,16,15.999999999999998
curtailment_MWh,31,524.87167894741765,115.31950394738091,51.725840789486938,0,51.725840789486938,E80_P20,42,188,2023-07-08,5,5
curtailment_MWh,32,51.491150000011736,0,-51.491150000011736,0,-51.491150000011736,E80_P20,42,262,2023-09-20,4,4
curtailment_MWh,33,0,0,0,-0,0,E80_P20,42,316,2023-11-13,16,15.999999999999998
curtailment_MWh,34,207.66328684214679,0,-207.66328684214679,0,-207.66328684214679,E80_P20,42,352,2023-12-19,10,10
curtailment_MWh,35,398.86445983381054,398.86445983381054,0,-4.428285070121724e-14,-5.6843418860808015e-14,E80_P20,42,123,2023-05-04,1,0.99999999999999989
curtailment_MWh,36,805.95412500002078,805.95412500002078,0,-8.9478882636664456e-14,-1.1368683772161603e-13,E80_P20,42,186,2023-07-06,1,0.99999999999999989
curtailment_MWh,37,992.9237950138737,992.9237950138737,0,0,0,E80_P20,42,70,2023-03-12,1,1
curtailment_MWh,38,3531.9182878476017,190.50091412744229,87.59908057380153,-1.082872325511302e-10,87.5990805736933,E80_P20,42,27,2023-01-28,19,18.999999999999432
curtailment_MWh,39,0,0,0,-0,0,E80_P20,42,275,2023-10-03,22,21.999999999997797
curtailment_MWh,40,0,0,0,-0,0,E80_P20,42,112,2023-04-23,4,3.9999999999999996
curtailment_MWh,41,5827.2272669817876,284.81800554018952,-415.68516171818646,2893.8678602037335,2478.1826984855461,E80_P20,42,206,2023-07-26,19,29.16041052150192
curtailment_MWh,42,135.06512465374738,135.06512465374738,0,0,0,E80_P20,42,74,2023-03-16,1,1
curtailment_MWh,43,0,0,0,0,0,E80_P20,42,140,2023-05-21,1,1
curtailment_MWh,44,2991.7839233164459,245.97210000001411,205.85337668373768,-1.2758479286390688e-10,205.85337668360989,E80_P20,42,289,2023-10-17,13,12.999999999999481
curtailment_MWh,45,12.415789473684242,12.415789473684242,0,-1.37842953425829e-15,-1.7763568394002505e-15,E80_P20,42,343,2023-12-10,1,0.99999999999999989
curtailment_MWh,46,0,0,0,0,0,E80_P20,42,333,2023-11-30,4,4.0000000000000009
curtailment_MWh,47,13.250000000000021,0,-13.250000000000021,0,-13.250000000000021,E80_P20,42,308,2023-11-05,2,2
total_load_MWh,0,9064.3999999999996,2924,-292.39999999999964,8.7779739033067017e-10,-292.39999999912106,E80_P20,42,43,2023-02-13,3,3.0000000000003002
total_load_MWh,1,29532.400000000001,2924,-292.40000000000146,0,-292.40000000000146,E80_P20,42,211,2023-07-31,10,10
total_load_MWh,2,34357,2924,731,-0.027640513516402621,730.97235948648449,E80_P20,42,1,2023-01-02,12,11.999990547020001
total_load_MWh,3,56433.200000000004,2777.8000000000002,-877.20000000000437,-9.8687280569720321e-12,-877.20000000001164,E80_P20,42,63,2023-03-05,20,19.999999999999996
total_load_MWh,4,8625.7999999999993,2777.8000000000002,-292.39999999999782,3038.221653485306,2745.8216534853073,E80_P20,42,12,2023-01-13,3,4.0937510452463481
total_load_MWh,5,11257.400000000001,2924,438.59999999999854,-1.2985168496015831e-12,438.59999999999673,E80_P20,42,31,2023-02-01,4,3.9999999999999996
total_load_MWh,6,45906.799999999996,3070.1999999999998,146.20000000000437,-2.3069450350021723e-09,146.19999999769789,E80_P20,42,302,2023-10-30,15,14.999999999999249
total_load_MWh,7,5994.1999999999998,2924,-146.19999999999982,-6.4925842480079154e-13,-146.20000000000073,E80_P20,42,187,2023-07-07,2,1.9999999999999998
total_load_MWh,8,5994.1999999999998,3070.1999999999998,146.19999999999982,-6.8172134604083108e-13,146.19999999999891,E80_P20,42,179,2023-06-29,2,1.9999999999999998
total_load_MWh,9,57456.599999999999,2924,1023.4000000000015,-0.0064278584186752141,1023.3935721415837,E80_P20,42,7,2023-01-08,20,19.999997801690007
total_load_MWh,10,2924,2924,0,-3.2462921240039577e-13,-4.5474735088646412e-13,E80_P20,42,13,2023-01-14,1,0.99999999999999989
total_load_MWh,11,14181.400000000001,2777.8000000000002,-292.40000000000146,0,-292.40000000000146,E80_P20,42,183,2023-07-03,5,5
total_load_MWh,12,51170,2777.8000000000002,-1169.5999999999985,-25000.156615475153,-26169.756615475148,E80_P20,42,228,2023-08-17,18,9.0000156183039994
total_load_MWh,13,61842.600000000006,2777.8000000000002,-731,-19694.911274082788,-20425.911274082791,E80_P20,42,363,2023-12-30,22,14.909888662220899
total_load_MWh,14,11549.799999999999,2924,146.20000000000073,11696,11842.200000000001,E80_P20,42,106,2023-04-17,4,8
total_load_MWh,15,2924,2924,0,0,0,E80_P20,42,91,2023-04-02,1,1
total_load_MWh,16,11403.6,2924,292.39999999999964,0,292.39999999999964,E80_P20,42,238,2023-08-27,4,4
total_load_MWh,17,34064.599999999999,2777.8000000000002,-730.99999999999272,1.3322782876912243e-09,-730.99999999866122,E80_P20,42,165,2023-06-15,12,12.00000000000048
total_load_MWh,18,22953.400000000001,2777.8000000000002,-731,0,-731,E80_P20,42,105,2023-04-16,8,8
total_load_MWh,19,55117.399999999994,3070.1999999999998,146.20000000000437,-4.4393694054178919e-09,146.19999999556603,E80_P20,42,86,2023-03-28,18,17.999999999998554
total_load_MWh,20,2777.8000000000002,2777.8000000000002,0,-3.08397751780376e-13,-4.5474735088646412e-13,E80_P20,42,348,2023-12-15,1,0.99999999999999989
total_load_MWh,21,5994.1999999999998,3070.1999999999998,146.19999999999982,0,146.19999999999982,E80_P20,42,152,2023-06-02,2,2
total_load_MWh,22,23538.200000000001,2924,-146.20000000000073,-2.5970336992031662e-12,-146.20000000000437,E80_P20,42,94,2023-04-05,8,7.9999999999999991
total_load_MWh,23,9064.3999999999996,3070.1999999999998,146.19999999999891,9.2032381715512191e-10,146.20000000091932,E80_P20,42,104,2023-04-15,3,3.0000000000002998
total_load_MWh,24,9064.3999999999996,3070.1999999999998,146.19999999999891,2566.5208075045698,2712.7208075045692,E80_P20,42,125,2023-05-06,3,3.8359458040207706
total_load_MWh,25,11257.400000000001,2777.8000000000002,-146.20000000000073,-2.467182014243008e-12,-146.20000000000255,E80_P20,42,315,2023-11-12,4,3.9999999999999991
total_load_MWh,26,6140.3999999999996,3070.1999999999998,0,-6.8172134604083108e-13,-9.0949470177292824e-13,E80_P20,42,92,2023-04-03,2,1.9999999999999998
total_load_MWh,27,14035.200000000001,2777.8000000000002,-146.20000000000073,-2.467182014243008e-12,-146.20000000000255,E80_P20,42,345,2023-12-12,5,4.9999999999999991
total_load_MWh,28,34941.800000000003,2924,146.19999999999709,1.4075922649681161e-09,146.20000000140135,E80_P20,42,196,2023-07-16,12,12.000000000000481
total_load_MWh,29,3070.1999999999998,3070.1999999999998,0,0,0,E80_P20,42,332,2023-11-29,1,1
total_load_MWh,30,48246,2924,-1462,-5.1940673984063324e-12,-1462.0000000000073,E80_P20,42,259,2023-09-17,16,15.999999999999998
total_load_MWh,31,15351,3070.1999999999998,0,0,0,E80_P20,42,188,2023-07-08,5,5
total_load_MWh,32,11403.6,2924,292.39999999999964,0,292.39999999999964,E80_P20,42,262,2023-09-20,4,4
total_load_MWh,33,46053,2924,731,-5.1940673984063324e-12,730.99999999999272,E80_P20,42,316,2023-11-13,16,15.999999999999998
total_load_MWh,34,29386.200000000001,2924,-146.20000000000073,0,-146.20000000000073,E80_P20,42,352,2023-12-19,10,10
total_load_MWh,35,2777.8000000000002,2777.8000000000002,0,-3.08397751780376e-13,-4.5474735088646412e-13,E80_P20,42,123,2023-05-04,1,0.99999999999999989
total_load_MWh,36,2777.8000000000002,2777.8000000000002,0,-3.08397751780376e-13,-4.5474735088646412e-13,E80_P20,42,186,2023-07-06,1,0.99999999999999989
total_load_MWh,37,2924,2924,0,0,0,E80_P20,42,70,2023-03-12,1,1
total_load_MWh,38,53655.400000000001,2777.8000000000002,-877.19999999999709,-1.578996489115525e-09,-877.20000000157597,E80_P20,42,27,2023-01-28,19,18.999999999999432
total_load_MWh,39,67544.399999999994,3070.1999999999998,0,-6.7626757527250447e-09,-6.7666405811905861e-09,E80_P20,42,275,2023-10-03,22,21.999999999997797
total_load_MWh,40,11696,2924,0,-1.2985168496015831e-12,-1.8189894035458565e-12,E80_P20,42,112,2023-04-23,4,3.9999999999999996
total_load_MWh,41,58333.799999999996,3070.1999999999998,0,31194.49238311519,31194.49238311519,E80_P20,42,206,2023-07-26,19,29.16041052150192
total_load_MWh,42,3070.1999999999998,3070.1999999999998,0,0,0,E80_P20,42,74,2023-03-16,1,1
total_load_MWh,43,3070.1999999999998,3070.1999999999998,0,0,0,E80_P20,42,140,2023-05-21,1,1
total_load_MWh,44,38158.199999999997,2924,-146.19999999999709,-1.516667680334649e-09,-146.20000000151049,E80_P20,42,289,2023-10-17,13,12.999999999999481
total_load_MWh,45,2924,2924,0,-3.2462921240039577e-13,-4.5474735088646412e-13,E80_P20,42,343,2023-12-10,1,0.99999999999999989
total_load_MWh,46,11257.400000000001,2777.8000000000002,-146.20000000000073,2.467182014243008e-12,-146.19999999999891,E80_P20,42,333,2023-11-30,4,4.0000000000000009
total_load_MWh,47,5848,3070.1999999999998,292.39999999999964,0,292.39999999999964,E80_P20,42,308,2023-11-05,2,2
thermal_generation_MWh,0,6088.357343405879,1939.5612769238846,-269.67351263422552,5.8226464680923676e-10,-269.67351263364253,E80_P20,42,43,2023-02-13,3,3.0000000000003002
thermal_generation_MWh,1,21427.196825245486,2122.3142105263159,-204.05471998232679,0,-204.05471998232679,E80_P20,42,211,2023-07-31,10,10
thermal_generation_MWh,2,29767.287396121861,2509.7342105263156,349.52313019392386,-0.023724467294333338,349.49940572663036,E80_P20,42,1,2023-01-02,12,11.999990547020001
thermal_generation_MWh,3,41744.987575796273,2117.1968605262928,598.94963472957897,-7.5217942471052366e-12,598.9496347295717,E80_P20,42,63,2023-03-05,20,19.999999999999996
thermal_generation_MWh,4,4518.7874499999598,1291.2599999999893,-645.00744999999188,1412.3169746847877,767.30952468479609,E80_P20,42,12,2023-01-13,3,4.0937510452463481
thermal_generation_MWh,5,6936.8911255848088,1837.9650933826233,414.9692479456844,-8.1622046605228574e-13,414.96924794568349,E80_P20,42,31,2023-02-01,4,3.9999999999999996
thermal_generation_MWh,6,33456.085118663366,2242.5100000000002,181.56488133663515,-1.6850196438156219e-09,181.56488133495441,E80_P20,42,302,2023-10-30,15,14.999999999999249
thermal_generation_MWh,7,3849.8438504154992,1924.5406094182792,-0.7626315789407272,-4.273338592804608e-13,-0.76263157894118194,E80_P20,42,187,2023-07-07,2,1.9999999999999998
thermal_generation_MWh,8,4276.5084210526311,2140.8242105263157,5.1400000000003274,-4.7535846604025782e-13,5.1399999999994179,E80_P20,42,179,2023-06-29,2,1.9999999999999998
thermal_generation_MWh,9,44549.800877215945,2259.0299999999997,630.79912278404663,-0.0049660482228248521,630.79415673582844,E80_P20,42,7,2023-01-08,20,19.999997801690007
thermal_generation_MWh,10,840.88669999998615,840.88669999998615,0,-9.3357177544105124e-14,-1.1368683772161603e-13,E80_P20,42,13,2023-01-14,1,0.99999999999999989
thermal_generation_MWh,11,9426.252590027605,1854.4799999999893,-153.85259002765815,0,-153.85259002765815,E80_P20,42,183,2023-07-03,5,5
thermal_generation_MWh,12,37367.290089369737,2090.2342105263156,256.92570010394411,-18812.075248823508,-18555.149548719568,E80_P20,42,228,2023-08-17,18,9.0000156183039994
thermal_generation_MWh,13,49833.955325925963,2238.2513855263055,-592.42484434723883,-15869.451525319841,-16461.876369667079,E80_P20,42,363,2023-12-30,22,14.909888662220899
thermal_generation_MWh,14,7296.5549894421092,1848.8964265927689,99.030716928966285,7395.5857063710755,7494.6164233000418,E80_P20,42,106,2023-04-17,4,8
thermal_generation_MWh,15,1325.6843213296268,1325.6843213296268,0,0,0,E80_P20,42,91,2023-04-02,1,1
thermal_generation_MWh,16,6842.2136970925667,1876.2660387811513,662.85045803203866,0,662.85045803203866,E80_P20,42,238,2023-08-27,4,4
thermal_generation_MWh,17,26136.60314813938,2107.3842105263157,-847.99262182359234,1.01073591601538e-09,-847.99262182258099,E80_P20,42,165,2023-06-15,12,12.00000000000048
thermal_generation_MWh,18,14777.888353393178,1804.1686703600892,-344.53899051246481,0,-344.53899051246481,E80_P20,42,105,2023-04-16,8,8
thermal_generation_MWh,19,41407.960398684147,2321.9948249999979,387.94645131581638,-3.3574987901907576e-09,387.94645131246216,E80_P20,42,86,2023-03-28,18,17.999999999998554
thermal_generation_MWh,20,1486.8032499999886,1486.8032499999886,0,-1.6506832012375001e-13,-2.2737367544323206e-13,E80_P20,42,348,2023-12-15,1,0.99999999999999989
thermal_generation_MWh,21,3707.6638525634044,1921.7391711229825,135.81448968256063,0,135.81448968256063,E80_P20,42,152,2023-06-02,2,2
thermal_generation_MWh,22,16348.398702146762,2134.7355401662003,729.48561918284031,-1.896026038542509e-12,729.48561918283667,E80_P20,42,94,2023-04-05,8,7.9999999999999991
thermal_generation_MWh,23,4938.197091412705,1721.5499999999893,226.45290858726275,5.1605220097172512e-10,226.45290858777844,E80_P20,42,104,2023-04-15,3,3.0000000000002998
thermal_generation_MWh,24,5318.0288652454674,1792.0543152454768,58.134080490963242,1498.0602854067715,1556.1943658977343,E80_P20,42,125,2023-05-06,3,3.8359458040207706
thermal_generation_MWh,25,7726.8168698060526,1882.6669252077368,-196.14916897510557,-1.6721441344527015e-12,-196.14916897510739,E80_P20,42,315,2023-11-12,4,3.9999999999999991
thermal_generation_MWh,26,2816.0499429368897,1523.6303679369103,231.21079293693083,-3.3831390310033133e-13,231.21079293693037,E80_P20,42,92,2023-04-03,2,1.9999999999999998
thermal_generation_MWh,27,11238.069383665559,2315.6084210526315,339.97272159759814,-2.0566734280548284e-12,339.97272159759632,E80_P20,42,345,2023-12-12,5,4.9999999999999991
thermal_generation_MWh,28,26234.2939026278,2192.2998958448711,73.304847510651598,1.0553571736941338e-09,73.30484751171025,E80_P20,42,196,2023-07-16,12,12.000000000000481
thermal_generation_MWh,29,1589.2974792243645,1589.2974792243645,0,0,0,E80_P20,42,332,2023-11-29,1,1
thermal_generation_MWh,30,34879.381844736818,2129.4342355262906,-808.43407631616719,-3.7826350683301702e-12,-808.43407631617447,E80_P20,42,259,2023-09-17,16,15.999999999999998
thermal_generation_MWh,31,10918.582046697746,2181.8642105263157,-9.2609940661677683,0,-9.2609940661677683,E80_P20,42,188,2023-07-08,5,5
thermal_generation_MWh,32,8620.0734072021951,2197.2384210526316,168.88027700833118,0,168.88027700833118,E80_P20,42,262,2023-09-20,4,4
thermal_generation_MWh,33,39102.939473684208,2441.4842105263156,-39.192105263158737,-4.3369471756561416e-12,-39.192105263166013,E80_P20,42,316,2023-11-13,16,15.999999999999998
thermal_generation_MWh,34,21123.826832845807,2224.9812274238107,1125.9854413922985,0,1125.9854413922985,E80_P20,42,352,2023-12-19,10,10
thermal_generation_MWh,35,1969.6637673130185,1969.6637673130185,0,-2.18676606524084e-13,-2.2737367544323206e-13,E80_P20,42,123,2023-05-04,1,0.99999999999999989
thermal_generation_MWh,36,1303.384149999983,1303.384149999983,0,-1.4470470932614699e-13,-2.2737367544323206e-13,E80_P20,42,186,2023-07-06,1,0.99999999999999989
thermal_generation_MWh,37,1895.2706648199423,1895.2706648199423,0,0,0,E80_P20,42,70,2023-03-12,1,1
thermal_generation_MWh,38,41155.611018313961,2182.1042105263159,304.36898168604239,-1.2403826363688016e-09,304.3689816847982,E80_P20,42,27,2023-01-28,19,18.999999999999432
thermal_generation_MWh,39,54709.982359210524,2538.6942105263156,1141.2902723684165,-5.5919372617776577e-09,1141.2902723628285,E80_P20,42,275,2023-10-03,22,21.999999999997797
thermal_generation_MWh,40,9632.3970637118582,2472.6480332409897,258.19506925210044,-1.0980763113193025e-12,258.19506925209862,E80_P20,42,112,2023-04-23,4,3.9999999999999996
thermal_generation_MWh,41,40309.883337499981,2113.7684210526313,-148.28333749999001,21476.754905281654,21328.471567781671,E80_P20,42,206,2023-07-26,19,29.16041052150192
thermal_generation_MWh,42,1795.2199999999891,1795.2199999999891,0,0,0,E80_P20,42,74,2023-03-16,1,1
thermal_generation_MWh,43,1572.2011357340693,1572.2011357340693,0,0,0,E80_P20,42,140,2023-05-21,1,1
thermal_generation_MWh,44,26543.989802492801,2077.5181994459726,463.74679030484185,-1.0776007894687895e-09,463.74679030376501,E80_P20,42,289,2023-10-17,13,12.999999999999481
thermal_generation_MWh,45,2002.5187457755987,2002.5187457755987,0,-2.2232424188035602e-13,-2.2737367544323206e-13,E80_P20,42,343,2023-12-10,1,0.99999999999999989
thermal_generation_MWh,46,8970.6888088642645,2234.5184210526313,-32.615124653739258,1.9846510400013451e-12,-32.615124653737439,E80_P20,42,333,2023-11-30,4,4.0000000000000009
thermal_generation_MWh,47,3807.2935605262956,2103.8942105263154,400.49486052633529,0,400.49486052633529,E80_P20,42,308,2023-11-05,2,2
unserved_MWh,0,242.15672499996123,0,-242.15672499996123,0,-242.15672499996123,E80_P20,42,43,2023-02-13,3,3.0000000000003002
unserved_MWh,1,1638.8478499997814,138.29949999997865,-255.85284999999476,0,-255.85284999999476,E80_P20,42,211,2023-07-31,10,10
unserved_MWh,2,1395.0822749997369,119.4030999999751,37.75492499996426,-0.0011287151160908637,37.753796284848249,E80_P20,42,1,2023-01-02,12,11.999990547020001
unserved_MWh,3,1521.2398249995572,45.939999999978738,-602.43982499998242,-1.6321166640401948e-13,-602.43982499998253,E80_P20,42,63,2023-03-05,20,19.999999999999996
unserved_MWh,4,0,0,0,0,0,E80_P20,42,12,2023-01-13,3,4.0937510452463481
unserved_MWh,5,38.149999999978725,0.61999999999999433,-35.669999999978749,-2.7533531010703631e-16,-35.669999999978749,E80_P20,42,31,2023-02-01,4,3.9999999999999996
unserved_MWh,6,3307.6922499997027,255.46877499998172,524.33937500002321,-1.9195896752143019e-10,524.33937499983131,E80_P20,42,302,2023-10-30,15,14.999999999999249
unserved_MWh,7,82.623124999959032,30.719999999978747,-21.183125000001539,-6.8212102632922426e-15,-21.183125000001546,E80_P20,42,187,2023-07-07,2,1.9999999999999998
unserved_MWh,8,333.89999999995734,209.17999999997866,84.45999999999998,-4.6447290458213311e-14,84.459999999999923,E80_P20,42,179,2023-06-29,2,1.9999999999999998
unserved_MWh,9,2629.5787999995778,197.42999999998051,1319.0212000000324,-0.00043401234186009655,1319.0207659876905,E80_P20,42,7,2023-01-08,20,19.999997801690007
unserved_MWh,10,0,0,0,-0,0,E80_P20,42,13,2023-01-14,1,0.99999999999999989
unserved_MWh,11,12.879999999978736,0,-12.879999999978736,0,-12.879999999978736,E80_P20,42,183,2023-07-03,5,5
unserved_MWh,12,1777.8377749996293,96.071874999978348,-48.544025000019019,-864.64537452005561,-913.18939952007463,E80_P20,42,228,2023-08-17,18,9.0000156183039994
unserved_MWh,13,2091.9360999995042,95.621874999978317,11.745150000018839,-677.96974007704227,-666.22459007702355,E80_P20,42,363,2023-12-30,22,14.909888662220899
unserved_MWh,14,80.089999999978772,23.300000000000015,13.110000000021287,93.20000000000006,106.31000000002135,E80_P20,42,106,2023-04-17,4,8
unserved_MWh,15,0,0,0,0,0,E80_P20,42,91,2023-04-02,1,1
unserved_MWh,16,0,0,0,0,0,E80_P20,42,238,2023-08-27,4,4
unserved_MWh,17,1400.7369749997365,70.799999999978738,-551.13697499999171,3.395683734196499e-11,-551.13697499995772,E80_P20,42,165,2023-06-15,12,12.00000000000048
unserved_MWh,18,11.269999999978731,0,-11.269999999978731,0,-11.269999999978731,E80_P20,42,105,2023-04-16,8,8
unserved_MWh,19,4739.095374999647,306.66514999998185,780.87732500002585,-4.4342384359905157e-10,780.87732499958292,E80_P20,42,86,2023-03-28,18,17.999999999998554
unserved_MWh,20,0,0,0,-0,0,E80_P20,42,348,2023-12-15,1,0.99999999999999989
unserved_MWh,21,0,0,0,0,0,E80_P20,42,152,2023-06-02,2,2
unserved_MWh,22,545.31987499985144,46.55609999997931,-172.87107500001696,-4.1350123325382624e-14,-172.87107500001702,E80_P20,42,94,2023-04-05,8,7.9999999999999991
unserved_MWh,23,0,0,0,0,0,E80_P20,42,104,2023-04-15,3,3.0000000000002998
unserved_MWh,24,0,0,0,0,0,E80_P20,42,125,2023-05-06,3,3.8359458040207706
unserved_MWh,25,147.7299999999363,0,-147.7299999999363,-0,-147.7299999999363,E80_P20,42,315,2023-11-12,4,3.9999999999999991
unserved_MWh,26,0,0,0,-0,0,E80_P20,42,92,2023-04-03,2,1.9999999999999998
unserved_MWh,27,235.79582499995607,32.635824999977331,-72.616700000069415,-2.8986435474089705e-14,-72.616700000069443,E80_P20,42,345,2023-12-12,5,4.9999999999999991
unserved_MWh,28,1320.5936499997372,118.95737499997773,106.89484999999559,5.7265212349822231e-11,106.89485000005288,E80_P20,42,196,2023-07-16,12,12.000000000000481
unserved_MWh,29,0,0,0,0,0,E80_P20,42,332,2023-11-29,1,1
unserved_MWh,30,2825.9856999996491,69.589999999978744,-1712.5456999999892,-1.2361667245382567e-13,-1712.5456999999894,E80_P20,42,259,2023-09-17,16,15.999999999999998
unserved_MWh,31,827.22704999989435,151.5779999999784,-69.337050000002364,0,-69.337050000002364,E80_P20,42,188,2023-07-08,5,5
unserved_MWh,32,107.78962499992917,50.039999999978725,92.370374999985728,0,92.370374999985728,E80_P20,42,262,2023-09-20,4,4
unserved_MWh,33,2534.3369999996598,229.39999999998051,1136.0630000000283,-4.0749625895838283e-13,1136.0630000000278,E80_P20,42,316,2023-11-13,16,15.999999999999998
unserved_MWh,34,461.58907499981422,27.179999999978765,-189.78907500002657,0,-189.78907500002657,E80_P20,42,352,2023-12-19,10,10
unserved_MWh,35,31.114774999978188,31.114774999978188,0,-3.4544339611006989e-15,-3.5527136788005009e-15,E80_P20,42,123,2023-05-04,1,0.99999999999999989
unserved_MWh,36,0,0,0,-0,0,E80_P20,42,186,2023-07-06,1,0.99999999999999989
unserved_MWh,37,91.353774999979876,91.353774999979876,0,0,0,E80_P20,42,70,2023-03-12,1,1
unserved_MWh,38,1940.3170999995755,81.681874999978348,-388.36147499998697,-4.6430770339599317e-11,-388.36147500003335,E80_P20,42,27,2023-01-28,19,18.999999999999432
unserved_MWh,39,5608.3770499995744,254.76309999998136,-3.5888499999846317,-5.611622171386033e-10,-3.58885000054579,E80_P20,42,275,2023-10-03,22,21.999999999997797
unserved_MWh,40,71.44704999994461,45.919999999978756,112.23294999997042,-2.0392576516305441e-14,112.23294999997039,E80_P20,42,112,2023-04-23,4,3.9999999999999996
unserved_MWh,41,3920.4973249995933,166.21354999997814,-762.43987500000867,1688.7979022359632,926.35802723595452,E80_P20,42,206,2023-07-26,19,29.16041052150192
unserved_MWh,42,0,0,0,0,0,E80_P20,42,74,2023-03-16,1,1
unserved_MWh,43,0,0,0,0,0,E80_P20,42,140,2023-05-21,1,1
unserved_MWh,44,547.71997499983138,68.086974999978764,337.41069999989259,-3.5316455004863553e-11,337.41069999985723,E80_P20,42,289,2023-10-17,13,12.999999999999481
unserved_MWh,45,0.8899999999999938,0.8899999999999938,0,-9.8809849191638243e-17,-1.1102230246251565e-16,E80_P20,42,343,2023-12-10,1,0.99999999999999989
unserved_MWh,46,108.16369999991562,13.779999999978733,-53.04370000000069,1.2239098623448837e-14,-53.043700000000676,E80_P20,42,333,2023-11-30,4,4.0000000000000009
unserved_MWh,47,115.7039999999823,115.7039999999823,115.7039999999823,0,115.7039999999823,E80_P20,42,308,2023-11-05,2,2
discharge_MWh,0,285.2013274238779,88.184127423823085,-20.648945152408658,2.6473254761018873e-11,-20.648945152382169,E80_P20,42,43,2023-02-13,3,3.0000000000003002
discharge_MWh,1,1028.4721026575451,101.13652500003542,-17.106852657190871,0,-17.106852657190871,E80_P20,42,211,2023-07-31,10,10
discharge_MWh,2,809.74772500026324,71.156900000024905,44.135075000035613,-0.00067264475247469152,44.1344023552831,E80_P20,42,1,2023-01-02,12,11.999990547020001
discharge_MWh,3,2524.3051190319684,142.58535275003607,327.4019359687527,-5.0656493311164775e-13,327.40193596875224,E80_P20,42,63,2023-03-05,20,19.999999999999996
discharge_MWh,4,115.07255000004027,30.400000000010635,-23.87255000000836,33.250031775500617,9.3774817754922566,E80_P20,42,12,2023-01-13,3,4.0937510452463481
discharge_MWh,5,212.81529067021322,69.747915670175701,66.176372010489587,-3.0974296758657127e-14,66.17637201048953,E80_P20,42,31,2023-02-01,4,3.9999999999999996
discharge_MWh,6,1619.9482457192619,101.92835000003571,-91.022995718726179,-7.6588854458519334e-11,-91.022995718802804,E80_P20,42,302,2023-10-30,15,14.999999999999249
discharge_MWh,7,266.10560000008138,124.60872500004071,-16.888149999999968,-2.7668695112845911e-14,-16.888149999999996,E80_P20,42,187,2023-07-07,2,1.9999999999999998
discharge_MWh,8,232.8672250000605,112.06722500003922,-8.7327749999820696,-2.4883922700178299e-14,-8.7327749999820981,E80_P20,42,179,2023-06-29,2,1.9999999999999998
discharge_MWh,9,2172.6862250006639,106.07000000003012,-51.286225000061222,-0.00023317474092649575,-51.286458174802192,E80_P20,42,7,2023-01-08,20,19.999997801690007
discharge_MWh,10,99.383300000034779,99.383300000034779,0,-1.1033762792326793e-14,-1.4210854715202004e-14,E80_P20,42,13,2023-01-14,1,0.99999999999999989
discharge_MWh,11,543.56003750014224,85.981175000030106,-113.65416249999168,0,-113.65416249999168,E80_P20,42,183,2023-07-03,5,5
discharge_MWh,12,2242.0142235941998,121.92812500002167,-47.307973593809947,-1097.3512206896726,-1144.6591942834825,E80_P20,42,228,2023-08-17,18,9.0000156183039994
discharge_MWh,13,1816.4204063409595,91.390950000032049,194.18049365974548,-647.97201076563022,-453.79151710588462,E80_P20,42,363,2023-12-30,22,14.909888662220899
discharge_MWh,14,510.55951765726547,134.37000000002098,26.920482342818445,537.48000000008392,564.40048234290236,E80_P20,42,106,2023-04-17,4,8
discharge_MWh,15,74.049999999999983,74.049999999999983,0,0,0,E80_P20,42,91,2023-04-02,1,1
discharge_MWh,16,107.23178334430962,31.250000000000014,17.768216655690438,0,17.768216655690438,E80_P20,42,238,2023-08-27,4,4
discharge_MWh,17,1209.7085045338747,100.80000000002129,-0.10850453361922519,4.8345327741127427e-11,-0.10850453357102197,E80_P20,42,165,2023-06-15,12,12.00000000000048
discharge_MWh,18,900.22507131271016,109.23740000001891,-26.325871312558888,0,-26.325871312558888,E80_P20,42,105,2023-04-16,8,8
discharge_MWh,19,1299.9079250004481,58.130025000020353,-253.56747500008169,-8.4053369331401068e-11,-253.56747500016581,E80_P20,42,86,2023-03-28,18,17.999999999998554
discharge_MWh,20,92.836750000011492,92.836750000011492,0,-1.0306949738138226e-14,-1.4210854715202004e-14,E80_P20,42,348,2023-12-15,1,0.99999999999999989
discharge_MWh,21,128.23694295902044,31.926942959005743,-64.383057041008954,0,-64.383057041008954,E80_P20,42,152,2023-06-02,2,2
discharge_MWh,22,987.03775000025701,113.68390000003536,-77.566549999974086,-1.0097158664737848e-13,-77.5665499999742,E80_P20,42,94,2023-04-05,8,7.9999999999999991
discharge_MWh,23,235.20610000006116,80.800000000021285,7.1939000000027136,2.4220625505228797e-11,7.1939000000269289,E80_P20,42,104,2023-04-15,3,3.0000000000002998
discharge_MWh,24,29.702573169691384,3.187123169682101,-20.141203660645083,2.6642622405931307,-17.476941420051951,E80_P20,42,125,2023-05-06,3,3.8359458040207706
discharge_MWh,25,439.82972500011954,91.610000000014637,-73.389725000060992,-8.1366025028741472e-14,-73.389725000061048,E80_P20,42,315,2023-11-12,4,3.9999999999999991
discharge_MWh,26,199.81024103157984,81.459816031559399,-36.890608968461038,-1.8087712667993338e-14,-36.890608968461066,E80_P20,42,92,2023-04-03,2,1.9999999999999998
discharge_MWh,27,253.9515468791534,64.834175000022697,70.219328120960085,-5.7584315094081525e-14,70.219328120960029,E80_P20,42,345,2023-12-12,5,4.9999999999999991
discharge_MWh,28,954.31742003973261,75.044225000026188,-53.786720039418356,3.6125742353133989e-11,-53.786720039382203,E80_P20,42,196,2023-07-16,12,12.000000000000481
discharge_MWh,29,81.980000000010634,81.980000000010634,0,0,0,E80_P20,42,332,2023-11-29,1,1
discharge_MWh,30,1875.4800966256137,135.92632418754002,299.34109037502662,-2.414536556250724e-13,299.34109037502617,E80_P20,42,259,2023-09-17,16,15.999999999999998
discharge_MWh,31,507.41250789491289,97.309925000034056,-20.862882894742597,0,-20.862882894742597,E80_P20,42,188,2023-07-08,5,5
discharge_MWh,32,287.52152500008265,60.800000000021285,-44.321524999997507,0,-44.321524999997507,E80_P20,42,262,2023-09-20,4,4
discharge_MWh,33,971.98300000034021,55.670000000019485,-81.263000000028455,-9.8889785249446555e-14,-81.263000000028569,E80_P20,42,316,2023-11-13,16,15.999999999999998
discharge_MWh,34,809.49733800944023,92.482900000024372,115.33166199080347,0,115.33166199080347,E80_P20,42,352,2023-12-19,10,10
discharge_MWh,35,104.63522500002185,104.63522500002185,0,-1.1616843598185805e-14,-1.4210854715202004e-14,E80_P20,42,123,2023-05-04,1,0.99999999999999989
discharge_MWh,36,107.92997500003779,107.92997500003779,0,-1.1982634329225948e-14,-1.4210854715202004e-14,E80_P20,42,186,2023-07-06,1,0.99999999999999989
discharge_MWh,37,123.11622500002011,123.11622500002011,0,0,0,E80_P20,42,70,2023-03-12,1,1
discharge_MWh,38,2241.9935589363185,112.32812500003232,-107.75918393570464,-6.3851146592260369e-11,-107.75918393576831,E80_P20,42,27,2023-01-28,19,18.999999999999432
discharge_MWh,39,1223.4142750004285,53.106900000018605,-55.062475000019049,-1.1697763824262899e-10,-55.062475000136146,E80_P20,42,275,2023-10-03,22,21.999999999997797
discharge_MWh,40,292.26295000005541,80.420000000021318,29.41705000002986,-3.5713654256151503e-14,29.417050000029803,E80_P20,42,112,2023-04-23,4,3.9999999999999996
discharge_MWh,41,2278.5893790318255,122.40645000002183,47.133170968589184,1243.6997824799205,1290.8329534485097,E80_P20,42,206,2023-07-26,19,29.16041052150192
discharge_MWh,42,50.400000000010643,50.400000000010643,0,0,0,E80_P20,42,74,2023-03-16,1,1
discharge_MWh,43,6.4899999999999931,6.4899999999999931,0,0,0,E80_P20,42,140,2023-05-21,1,1
discharge_MWh,44,1585.7698296878284,128.78512500003538,88.436795312631602,-6.6800354581194071e-11,88.436795312564755,E80_P20,42,289,2023-10-17,13,12.999999999999481
discharge_MWh,45,63.433775000001916,63.433775000001916,0,-7.0425637543893766e-15,-7.1054273576010019e-15,E80_P20,42,343,2023-12-10,1,0.99999999999999989
discharge_MWh,46,242.72630000008439,60.800000000021278,0.47370000000071855,5.4001247917786513e-14,0.47370000000077539,E80_P20,42,333,2023-11-30,4,4.0000000000000009
discharge_MWh,47,107.16665000003754,50.616000000017721,-5.9346500000020939,0,-5.9346500000020939,E80_P20,42,308,2023-11-05,2,2
total_cost_CNY,0,4697165.5610239329,721569.3997058589,-2532457.3619063562,2.166182407675346e-07,-2532457.3619061396,E80_P20,42,43,2023-02-13,3,3.0000000000003002
total_cost_CNY,1,24246065.405419365,2157076.0792649728,-2675304.6127696373,0,-2675304.6127696373,E80_P20,42,211,2023-07-31,10,10
total_cost_CNY,2,24645217.450388011,2095461.7622254605,500323.69631751627,-19.808358126504,500303.88795938715,E80_P20,42,1,2023-01-02,12,11.999990547020001
total_cost_CNY,3,31400295.051048946,1279583.5548029908,-5808623.9549891315,-4.5459939983167557e-09,-5808623.9549891353,E80_P20,42,63,2023-03-05,20,19.999999999999996
total_cost_CNY,4,1660718.14951922,480746.37743623217,-218479.0172105236,525816.8528192743,307337.83560875081,E80_P20,42,12,2023-01-13,3,4.0937510452463481
total_cost_CNY,5,2903060.9250271684,673861.48138211877,-207614.99949869327,-2.9925461281537781e-10,-207614.99949869374,E80_P20,42,31,2023-02-01,4,3.9999999999999996
total_cost_CNY,6,45520356.888995059,3387975.1780413198,5299270.7816247419,-2.5457209679151276e-06,5299270.7816221938,E80_P20,42,302,2023-10-30,15,14.999999999999249
total_cost_CNY,7,2487185.8377280217,1124839.2650876883,-237507.30755264498,-2.4976449022055832e-10,-237507.30755264545,E80_P20,42,187,2023-07-07,2,1.9999999999999998
total_cost_CNY,8,5063735.2627037717,2938608.8104755003,813482.3582472289,-6.5250223235124867e-10,813482.35824722797,E80_P20,42,179,2023-06-29,2,1.9999999999999998
total_cost_CNY,9,42664011.028633244,2805775.6023667925,13451501.018702604,-6.1679645439763702,13451494.850738063,E80_P20,42,7,2023-01-08,20,19.999997801690007
total_cost_CNY,10,385092.39754149859,385092.39754149859,0,-4.2753844635867576e-11,-5.8207660913467407e-11,E80_P20,42,13,2023-01-14,1,0.99999999999999989
total_cost_CNY,11,3945809.1120919609,740486.26629149937,-243377.78063446423,0,-243377.78063446423,E80_P20,42,183,2023-07-03,5,5
total_cost_CNY,12,32609082.535545319,1784792.9834782677,-482808.83293650299,-16063108.975865018,-16545917.808801519,E80_P20,42,228,2023-08-17,18,9.0000156183039994
total_cost_CNY,13,38910911.926528648,1762832.8639754893,-128588.919067882,-12498681.275482221,-12627270.194550104,E80_P20,42,363,2023-12-30,22,14.909888662220899
total_cost_CNY,14,4150588.237652652,1094743.6688489725,228386.43774323817,4378974.6753958901,4607361.1131391283,E80_P20,42,106,2023-04-17,4,8
total_cost_CNY,15,589565.12397363037,589565.12397363037,0,0,0,E80_P20,42,91,2023-04-02,1,1
total_cost_CNY,16,2505739.8099818393,679317.83311490191,211531.52247776836,0,211531.52247776836,E80_P20,42,238,2023-08-27,4,4
total_cost_CNY,17,23691890.849936049,1492655.5851922592,-5780023.8276289403,7.1590201855881825e-07,-5780023.8276282251,E80_P20,42,165,2023-06-15,12,12.00000000000048
total_cost_CNY,18,6172837.7549950453,754887.10816753411,-133740.88965477236,0,-133740.88965477236,E80_P20,42,105,2023-04-16,8,8
total_cost_CNY,19,62351709.422042608,3902243.2085413169,7888668.3317010999,-5.6424659997713749e-06,7888668.3316954523,E80_P20,42,86,2023-03-28,18,17.999999999998554
total_cost_CNY,20,608226.48354426981,608226.48354426981,0,-6.7526704621764223e-11,-1.1641532182693481e-10,E80_P20,42,348,2023-12-15,1,0.99999999999999989
total_cost_CNY,21,1377229.1569097824,695240.19886413286,13251.240818483289,0,13251.240818483289,E80_P20,42,152,2023-06-02,2,2
total_cost_CNY,22,12087379.567587445,1318025.4975994653,-1543175.5867917221,-1.1706418035823643e-09,-1543175.586791724,E80_P20,42,94,2023-04-05,8,7.9999999999999991
total_cost_CNY,23,2009847.1044444386,682256.90236698394,36923.60265651322,2.0451347686366103e-07,36923.602656717645,E80_P20,42,104,2023-04-15,3,3.0000000000002998
total_cost_CNY,24,1928543.7871921072,649563.10110911261,20145.51613523066,542999.54881888221,563145.06495411275,E80_P20,42,125,2023-05-06,3,3.8359458040207706
total_cost_CNY,25,4411791.2076729732,716501.74336420977,-1545784.2342161341,-6.3638138613360853e-10,-1545784.2342161345,E80_P20,42,315,2023-11-12,4,3.9999999999999991
total_cost_CNY,26,1180588.7805240026,607975.44647973601,35362.112435469404,-1.349976678177125e-10,35362.112435469171,E80_P20,42,92,2023-04-03,2,1.9999999999999998
total_cost_CNY,27,6405383.1474587927,1159781.7586596934,-606474.3541603256,-1.0300931296033985e-09,-606474.35416032653,E80_P20,42,345,2023-12-12,5,4.9999999999999991
total_cost_CNY,28,22714865.084375665,1979941.3753369814,1044431.419668112,9.5312933140036539e-07,1044431.4196690656,E80_P20,42,196,2023-07-16,12,12.000000000000481
total_cost_CNY,29,628294.32009551511,628294.32009551511,0,0,0,E80_P20,42,332,2023-11-29,1,1
total_cost_CNY,30,41582083.629579201,1513649.4000548641,-17363693.228701375,-2.6887814642415437e-09,-17363693.228701379,E80_P20,42,259,2023-09-17,16,15.999999999999998
total_cost_CNY,31,12315383.774919081,2325781.6932649696,-686475.30859423429,0,-686475.30859423429,E80_P20,42,188,2023-07-08,5,5
total_cost_CNY,32,4197344.2659360589,1292353.6669097075,972070.40170277096,0,972070.40170277096,E80_P20,42,262,2023-09-20,4,4
total_cost_CNY,33,39396114.15845006,3171388.3932255143,11346100.13315817,-5.6335174627007133e-09,11346100.133158162,E80_P20,42,316,2023-11-13,16,15.999999999999998
total_cost_CNY,34,12281979.967657689,1073780.4781396207,-1544175.1862614825,0,-1544175.1862614825,E80_P20,42,352,2023-12-19,10,10
total_cost_CNY,35,1103661.5323175997,1103661.5323175997,0,-1.2253104445720805e-10,-2.3283064365386963e-10,E80_P20,42,123,2023-05-04,1,0.99999999999999989
total_cost_CNY,36,640766.7967914975,640766.7967914975,0,-7.1139405121322941e-11,-1.1641532182693481e-10,E80_P20,42,186,2023-07-06,1,0.99999999999999989
total_cost_CNY,37,1799010.6234810525,1799010.6234810525,0,0,0,E80_P20,42,70,2023-03-12,1,1
total_cost_CNY,38,34960370.620852999,1642090.9073009817,-3760643.3821343482,-9.3342061251233968e-07,-3760643.3821352795,E80_P20,42,27,2023-01-28,19,18.999999999999432
total_cost_CNY,39,75735367.298382401,3459017.2622255231,363012.47057910264,-7.6191167244837191e-06,363012.47057148814,E80_P20,42,275,2023-10-03,22,21.999999999997797
total_cost_CNY,40,4177980.979964593,1347743.2311756331,1212991.9447379396,-5.985182266135572e-10,1212991.9447379387,E80_P20,42,112,2023-04-23,4,3.9999999999999996
total_cost_CNY,41,54925595.936596081,2482454.3325177394,-7758963.6187590361,25222755.119261265,17463791.500502229,E80_P20,42,206,2023-07-26,19,29.16041052150192
total_cost_CNY,42,678156.24447224464,678156.24447224464,0,0,0,E80_P20,42,74,2023-03-16,1,1
total_cost_CNY,43,572647.51704842318,572647.51704842318,0,0,0,E80_P20,42,140,2023-05-21,1,1
total_cost_CNY,44,15671869.517870447,1480795.61059738,3578473.4198954944,-7.6808305190644959e-07,3578473.4198947232,E80_P20,42,289,2023-10-17,13,12.999999999999481
total_cost_CNY,45,735211.27620769525,735211.27620769525,0,-8.1624848680982881e-11,-1.1641532182693481e-10,E80_P20,42,343,2023-12-10,1,0.99999999999999989
total_cost_CNY,46,4313054.2242676457,942801.66690970748,-541847.55662881583,8.3737609460650784e-10,-541847.5566288149,E80_P20,42,333,2023-11-30,4,4.0000000000000009
total_cost_CNY,47,2537938.851767025,1916221.3532255325,1294503.85468404,0,1294503.85468404,E80_P20,42,308,2023-11-05,2,2
thermal_cost_CNY,0,2130925.0701920576,678846.44692335965,-94385.729421978816,2.0379262638323285e-07,-94385.729421774857,E80_P20,42,43,2023-02-13,3,3.0000000000003002
thermal_cost_CNY,1,7499518.88883592,742809.97368421056,-71419.151993814856,0,-71419.151993814856,E80_P20,42,211,2023-07-31,10,10
thermal_cost_CNY,2,10418550.588642651,878406.97368421045,122333.09556787461,-8.3035635530166694,122324.79200432077,E80_P20,42,1,2023-01-02,12,11.999990547020001
thermal_cost_CNY,3,14610745.651528696,741018.90118420252,209632.37215535529,-2.632627986486833e-09,209632.37215535156,E80_P20,42,63,2023-03-05,20,19.999999999999996
thermal_cost_CNY,4,1581575.607499986,451940.99999999627,-225752.60749999713,494310.94113967574,268558.33363967855,E80_P20,42,12,2023-01-13,3,4.0937510452463481
thermal_cost_CNY,5,2427911.8939546831,643287.78268391814,145239.23678098945,-2.856771631183e-10,145239.23678098898,E80_P20,42,31,2023-02-01,4,3.9999999999999996
thermal_cost_CNY,6,11709629.791532179,784878.50000000012,63547.708467822522,-5.8975687533546772e-07,63547.708467232063,E80_P20,42,302,2023-10-30,15,14.999999999999249
thermal_cost_CNY,7,1347445.3476454248,673589.21329639771,-266.92105262936093,-1.4956685074816127e-10,-266.92105262959376,E80_P20,42,187,2023-07-07,2,1.9999999999999998
thermal_cost_CNY,8,1496777.9473684211,749288.47368421045,1798.9999999997672,-1.6637546311409023e-10,1798.9999999995343,E80_P20,42,179,2023-06-29,2,1.9999999999999998
thermal_cost_CNY,9,15592430.307025582,790660.49999999988,220779.69297441654,-1.7381168779886982,220777.95485753752,E80_P20,42,7,2023-01-08,20,19.999997801690007
thermal_cost_CNY,10,294310.34499999514,294310.34499999514,0,-3.2675012140436792e-11,-5.8207660913467407e-11,E80_P20,42,13,2023-01-14,1,0.99999999999999989
thermal_cost_CNY,11,3299188.4065096616,649067.99999999627,-53848.406509680208,0,-53848.406509680208,E80_P20,42,183,2023-07-03,5,5
thermal_cost_CNY,12,13078551.531279409,731581.97368421045,89923.995036378503,-6584226.3370882282,-6494302.3420518497,E80_P20,42,228,2023-08-17,18,9.0000156183039994
thermal_cost_CNY,13,17441884.364074089,783387.98493420694,-207348.69552153721,-5554308.0338619445,-5761656.7293834798,E80_P20,42,363,2023-12-30,22,14.909888662220899
thermal_cost_CNY,14,2553794.2463047383,647113.74930746912,34660.750925138127,2588454.9972298765,2623115.7481550146,E80_P20,42,106,2023-04-17,4,8
thermal_cost_CNY,15,463989.51246536936,463989.51246536936,0,0,0,E80_P20,42,91,2023-04-02,1,1
thermal_cost_CNY,16,2394774.7939823987,656693.11357340298,231997.66031121323,0,231997.66031121323,E80_P20,42,238,2023-08-27,4,4
thermal_cost_CNY,17,9147811.101848783,737584.47368421045,-296797.41763825715,3.5375757060538296e-07,-296797.41763790324,E80_P20,42,165,2023-06-15,12,12.00000000000048
thermal_cost_CNY,18,5172260.9236876126,631459.03462603118,-120588.64667936321,0,-120588.64667936321,E80_P20,42,105,2023-04-16,8,8
thermal_cost_CNY,19,14492786.139539452,812698.18874999927,135781.25796053372,-1.1751245765667652e-06,135781.25795936026,E80_P20,42,86,2023-03-28,18,17.999999999998554
thermal_cost_CNY,20,520381.137499996,520381.137499996,0,-5.7773912043312503e-11,-5.8207660913467407e-11,E80_P20,42,348,2023-12-15,1,0.99999999999999989
thermal_cost_CNY,21,1297682.3483971916,672608.70989304385,47535.071388896089,0,47535.071388896089,E80_P20,42,152,2023-06-02,2,2
thermal_cost_CNY,22,5721939.5457513668,747157.43905817007,255319.96671399381,-6.6360911348987812e-10,255319.96671399288,E80_P20,42,94,2023-04-05,8,7.9999999999999991
thermal_cost_CNY,23,1728368.9819944468,602542.49999999627,79258.518005541991,1.806182703401038e-07,79258.518005722668,E80_P20,42,104,2023-04-15,3,3.0000000000002998
thermal_cost_CNY,24,1861310.1028359137,627219.01033591689,20346.928171837004,524321.09989237005,544668.02806420717,E80_P20,42,125,2023-05-06,3,3.8359458040207706
thermal_cost_CNY,25,2704385.9044321184,658933.42382270785,-68652.209141287021,-5.8525044705844551e-10,-68652.209141287487,E80_P20,42,315,2023-11-12,4,3.9999999999999991
thermal_cost_CNY,26,985617.48002791149,533270.62877791864,80923.777527925791,-1.1840986608511598e-10,80923.777527925558,E80_P20,42,92,2023-04-03,2,1.9999999999999998
thermal_cost_CNY,27,3933324.284282946,810462.94736842101,118990.45255915914,-7.1983569981918994e-10,118990.45255915821,E80_P20,42,345,2023-12-12,5,4.9999999999999991
thermal_cost_CNY,28,9182002.8659197297,767304.96354570484,25656.696628728881,3.6937501079294676e-07,25656.696629097685,E80_P20,42,196,2023-07-16,12,12.000000000000481
thermal_cost_CNY,29,556254.11772852752,556254.11772852752,0,0,0,E80_P20,42,332,2023-11-29,1,1
thermal_cost_CNY,30,12207783.645657886,745301.98243420175,-282951.92671065778,-1.3239222739155596e-09,-282951.92671065964,E80_P20,42,259,2023-09-17,16,15.999999999999998
thermal_cost_CNY,31,3821503.7163442108,763652.47368421045,-3241.347923158668,0,-3241.347923158668,E80_P20,42,188,2023-07-08,5,5
thermal_cost_CNY,32,3017025.6925207684,769033.44736842101,59108.096952915657,0,59108.096952915657,E80_P20,42,262,2023-09-20,4,4
thermal_cost_CNY,33,13686028.815789474,854519.47368421045,-13717.236842107028,-1.5179315114796496e-09,-13717.23684210889,E80_P20,42,316,2023-11-13,16,15.999999999999998
thermal_cost_CNY,34,7393339.3914960325,778743.42959833378,394094.90448730532,0,394094.90448730532,E80_P20,42,352,2023-12-19,10,10
thermal_cost_CNY,35,689382.3185595565,689382.3185595565,0,-7.6536812283429401e-11,-1.1641532182693481e-10,E80_P20,42,123,2023-05-04,1,0.99999999999999989
thermal_cost_CNY,36,456184.45249999408,456184.45249999408,0,-5.0646648264151448e-11,-5.8207660913467407e-11,E80_P20,42,186,2023-07-06,1,0.99999999999999989
thermal_cost_CNY,37,663344.73268697981,663344.73268697981,0,0,0,E80_P20,42,70,2023-03-12,1,1
thermal_cost_CNY,38,14404463.856409887,763736.47368421056,106529.14359011315,-4.3413392272908056e-07,106529.14358967915,E80_P20,42,27,2023-01-28,19,18.999999999999432
thermal_cost_CNY,39,19148493.825723682,888542.97368421045,399451.59532894939,-1.9571780416221799e-06,399451.59532698989,E80_P20,42,275,2023-10-03,22,21.999999999997797
thermal_cost_CNY,40,3371338.9722991507,865426.81163434638,90368.274238234852,-3.8432670896175586e-10,90368.274238234386,E80_P20,42,112,2023-04-23,4,3.9999999999999996
thermal_cost_CNY,41,14108459.168124994,739818.94736842101,-51899.168124994263,7516864.2168485802,7464965.048723584,E80_P20,42,206,2023-07-26,19,29.16041052150192
thermal_cost_CNY,42,628326.99999999616,628326.99999999616,0,0,0,E80_P20,42,74,2023-03-16,1,1
thermal_cost_CNY,43,550270.39750692423,550270.39750692423,0,0,0,E80_P20,42,140,2023-05-21,1,1
thermal_cost_CNY,44,9290396.4308724795,727131.36980609037,162311.37660669535,-3.7716027631407624e-07,162311.3766063191,E80_P20,42,289,2023-10-17,13,12.999999999999481
thermal_cost_CNY,45,700881.56102145952,700881.56102145952,0,-7.7813484658124601e-11,-1.1641532182693481e-10,E80_P20,42,343,2023-12-10,1,0.99999999999999989
thermal_cost_CNY,46,3139741.0831024926,782081.44736842101,-11415.293628808577,6.9462786400047084e-10,-11415.293628808111,E80_P20,42,333,2023-11-30,4,4.0000000000000009
thermal_cost_CNY,47,1332552.7461842035,736362.97368421045,140173.20118421735,0,140173.20118421735,E80_P20,42,308,2023-11-05,2,2
curtailment_cost_CNY,0,74884.568933527407,19528.891966762094,-16297.893033241126,5.8626574570702304e-09,-16297.893033235261,E80_P20,42,43,2023-02-13,3,3.0000000000003002
curtailment_cost_CNY,1,124661.10014406712,7947.5207894764935,-45185.892249302196,0,-45185.892249302196,E80_P20,42,211,2023-07-31,10,10
curtailment_cost_CNY,2,0,0,0,-0,0,E80_P20,42,1,2023-01-02,12,11.999990547020001
curtailment_cost_CNY,3,1105663.7075043779,55426.580550001425,2867.9034956505056,-1.9691477088912785e-10,2867.9034956502728,E80_P20,42,63,2023-03-05,20,19.999999999999996
curtailment_cost_CNY,4,11055.157894736849,6189.1578947368434,7512.3157894736814,6769.3979165631099,14281.713706036791,E80_P20,42,12,2023-01-13,3,4.0937510452463481
curtailment_cost_CNY,5,2271.9999999999982,1363.9999999999993,3183.9999999999991,-6.0573768223548511e-13,3183.9999999999982,E80_P20,42,31,2023-02-01,4,3.9999999999999996
curtailment_cost_CNY,6,382921.82188617426,25077.425000003495,-6760.4468861218193,-1.8843150639827185e-08,-6760.4468861406785,E80_P20,42,302,2023-10-30,15,14.999999999999249
curtailment_cost_CNY,7,266223.74500000803,120491.74500000385,-25240.255000000325,-2.6754541915253472e-11,-25240.255000000354,E80_P20,42,187,2023-07-07,2,1.9999999999999998
curtailment_cost_CNY,8,181004.20400277834,74087.445000003601,-32829.314002771134,-1.6450717454930786e-11,-32829.314002771163,E80_P20,42,179,2023-06-29,2,1.9999999999999998
curtailment_cost_CNY,9,307821.46853190195,17442.182825488439,41022.187977866852,-0.03834332479989333,41022.149634542002,E80_P20,42,7,2023-01-08,20,19.999997801690007
curtailment_cost_CNY,10,67476.000000004176,67476.000000004176,0,-7.4913408809611699e-12,-1.4551915228366852e-11,E80_P20,42,13,2023-01-14,1,0.99999999999999989
curtailment_cost_CNY,11,400824.00750001566,68246.235000003886,-59592.832499996235,0,-59592.832499996235,E80_P20,42,183,2023-07-03,5,5
curtailment_cost_CNY,12,1328113.1602866938,68960.759002774736,-86819.498236748623,-620645.7539748745,-707465.25221162313,E80_P20,42,228,2023-08-17,18,9.0000156183039994
curtailment_cost_CNY,13,40633.528483130613,0,-40633.528483130613,-0,-40633.528483130613,E80_P20,42,363,2023-12-30,22,14.909888662220899
curtailment_cost_CNY,14,701539.51800555794,190974.00000000422,62356.48199445894,763896.00000001688,826252.48199447582,E80_P20,42,106,2023-04-17,4,8
curtailment_cost_CNY,15,102522.89196676211,102522.89196676211,0,0,0,E80_P20,42,91,2023-04-02,1,1
curtailment_cost_CNY,16,20643.820000001986,0,-20643.820000001986,0,-20643.820000001986,E80_P20,42,238,2023-08-27,4,4
curtailment_cost_CNY,17,256866.27854657581,23750.891966762105,28144.425054569438,1.1391316034493869e-08,28144.425054580846,E80_P20,42,165,2023-06-15,12,12.00000000000048
curtailment_cost_CNY,18,700376.82426252658,100023.48000000378,99811.015737503651,0,99811.015737503651,E80_P20,42,105,2023-04-16,8,8
curtailment_cost_CNY,19,53350.501509703601,0,-53350.501509703601,-0,-53350.501509703601,E80_P20,42,86,2023-03-28,18,17.999999999998554
curtailment_cost_CNY,20,64604.759002774743,64604.759002774743,0,-7.1725690945239887e-12,-7.2759576141834259e-12,E80_P20,42,348,2023-12-15,1,0.99999999999999989
curtailment_cost_CNY,21,33640.000000002932,0,-33640.000000002932,0,-33640.000000002932,E80_P20,42,152,2023-06-02,2,2
curtailment_cost_CNY,22,723873.13800557121,81858.00000000291,-69009.138005547924,-7.2704509079815436e-11,-69009.13800554804,E80_P20,42,94,2023-04-05,8,7.9999999999999991
curtailment_cost_CNY,23,212189.40282549433,56594.18282548846,-42406.85434902893,1.6964684504829779e-08,-42406.854349011992,E80_P20,42,104,2023-04-15,3,3.0000000000002998
curtailment_cost_CNY,24,0,0,0,0,0,E80_P20,42,125,2023-05-06,3,3.8359458040207706
curtailment_cost_CNY,25,136458.12782549532,34340.000000002925,901.87217451637844,-3.0500046932504898e-11,901.87217451634933,E80_P20,42,315,2023-11-12,4,3.9999999999999991
curtailment_cost_CNY,26,148348.75900277769,51578.000000002932,-45192.759002771825,-1.1452616632823916e-11,-45192.75900277184,E80_P20,42,92,2023-04-03,2,1.9999999999999998
curtailment_cost_CNY,27,0,0,0,-0,0,E80_P20,42,345,2023-12-12,5,4.9999999999999991
curtailment_cost_CNY,28,49635.909760179959,0,-49635.909760179959,0,-49635.909760179959,E80_P20,42,196,2023-07-16,12,12.000000000000481
curtailment_cost_CNY,29,48908.182825488453,48908.182825488453,0,0,0,E80_P20,42,332,2023-11-29,1,1
curtailment_cost_CNY,30,738692.67029458587,48775.934837500397,41722.287105420488,-8.6643465446734775e-11,41722.287105420372,E80_P20,42,259,2023-09-17,16,15.999999999999998
curtailment_cost_CNY,31,104974.33578948354,23063.900789476182,10345.168157897366,0,10345.168157897366,E80_P20,42,188,2023-07-08,5,5
curtailment_cost_CNY,32,10298.230000002348,0,-10298.230000002348,0,-10298.230000002348,E80_P20,42,262,2023-09-20,4,4
curtailment_cost_CNY,33,0,0,0,-0,0,E80_P20,42,316,2023-11-13,16,15.999999999999998
curtailment_cost_CNY,34,41532.657368429354,0,-41532.657368429354,0,-41532.657368429354,E80_P20,42,352,2023-12-19,10,10
curtailment_cost_CNY,35,79772.891966762108,79772.891966762108,0,-8.8565701402434481e-12,-1.4551915228366852e-11,E80_P20,42,123,2023-05-04,1,0.99999999999999989
curtailment_cost_CNY,36,161190.82500000414,161190.82500000414,0,-1.789577652733289e-11,-2.9103830456733704e-11,E80_P20,42,186,2023-07-06,1,0.99999999999999989
curtailment_cost_CNY,37,198584.75900277475,198584.75900277475,0,0,0,E80_P20,42,70,2023-03-12,1,1
curtailment_cost_CNY,38,706383.65756952041,38100.18282548846,17519.816114760353,-2.1657446510226042e-08,17519.8161147387,E80_P20,42,27,2023-01-28,19,18.999999999999432
curtailment_cost_CNY,39,0,0,0,-0,0,E80_P20,42,275,2023-10-03,22,21.999999999997797
curtailment_cost_CNY,40,0,0,0,-0,0,E80_P20,42,112,2023-04-23,4,3.9999999999999996
curtailment_cost_CNY,41,1165445.4533963576,56963.601108037903,-83137.032343637431,578773.57204074669,495636.53969710926,E80_P20,42,206,2023-07-26,19,29.16041052150192
curtailment_cost_CNY,42,27013.024930749474,27013.024930749474,0,0,0,E80_P20,42,74,2023-03-16,1,1
curtailment_cost_CNY,43,0,0,0,0,0,E80_P20,42,140,2023-05-21,1,1
curtailment_cost_CNY,44,598356.7846632892,49194.420000002821,41170.67533674743,-2.5516958572781377e-08,41170.675336721935,E80_P20,42,289,2023-10-17,13,12.999999999999481
curtailment_cost_CNY,45,2483.1578947368484,2483.1578947368484,0,-2.75685906851658e-13,-4.5474735088646412e-13,E80_P20,42,343,2023-12-10,1,0.99999999999999989
curtailment_cost_CNY,46,0,0,0,0,0,E80_P20,42,333,2023-11-30,4,4.0000000000000009
curtailment_cost_CNY,47,2650.0000000000041,0,-2650.0000000000041,0,-2650.0000000000041,E80_P20,42,308,2023-11-05,2,2
load_shedding_cost_CNY,0,2421567.2499996121,0,-2421567.2499996121,0,-2421567.2499996121,E80_P20,42,43,2023-02-13,3,3.0000000000003002
load_shedding_cost_CNY,1,16388478.499997813,1382994.9999997865,-2558528.4999999478,0,-2558528.4999999478,E80_P20,42,211,2023-07-31,10,10
load_shedding_cost_CNY,2,13950822.749997368,1194030.9999997509,377549.24999964237,-11.287151160908635,377537.96284848079,E80_P20,42,1,2023-01-02,12,11.999990547020001
load_shedding_cost_CNY,3,15212398.249995572,459399.99999978737,-6024398.2499998249,-1.6321166640401947e-09,-6024398.2499998268,E80_P20,42,63,2023-03-05,20,19.999999999999996
load_shedding_cost_CNY,4,0,0,0,0,0,E80_P20,42,12,2023-01-13,3,4.0937510452463481
load_shedding_cost_CNY,5,381499.99999978719,6199.9999999999436,-356699.99999978743,-2.7533531010703632e-12,-356699.99999978743,E80_P20,42,31,2023-02-01,4,3.9999999999999996
load_shedding_cost_CNY,6,33076922.499997027,2554687.749999817,5243393.750000231,-1.9195896752143016e-06,5243393.7499983087,E80_P20,42,302,2023-10-30,15,14.999999999999249
load_shedding_cost_CNY,7,826231.24999959022,307199.99999978748,-211831.25000001525,-6.821210263292243e-11,-211831.25000001537,E80_P20,42,187,2023-07-07,2,1.9999999999999998
load_shedding_cost_CNY,8,3338999.9999995739,2091799.9999997867,844599.99999999953,-4.6447290458213313e-10,844599.99999999907,E80_P20,42,179,2023-06-29,2,1.9999999999999998
load_shedding_cost_CNY,9,26295787.999995776,1974299.9999998051,13190212.000000328,-4.3401234186009656,13190207.659876905,E80_P20,42,7,2023-01-08,20,19.999997801690007
load_shedding_cost_CNY,10,0,0,0,-0,0,E80_P20,42,13,2023-01-14,1,0.99999999999999989
load_shedding_cost_CNY,11,128799.99999978737,0,-128799.99999978737,0,-128799.99999978737,E80_P20,42,183,2023-07-03,5,5
load_shedding_cost_CNY,12,17778377.749996293,960718.74999978347,-485440.25000018999,-8646453.7452005558,-9131893.9952007458,E80_P20,42,228,2023-08-17,18,9.0000156183039994
load_shedding_cost_CNY,13,20919360.999995045,956218.74999978312,117451.50000018254,-6779697.4007704221,-6662245.9007702395,E80_P20,42,363,2023-12-30,22,14.909888662220899
load_shedding_cost_CNY,14,800899.99999978766,233000.00000000015,131100.00000021292,932000.00000000058,1063100.0000002135,E80_P20,42,106,2023-04-17,4,8
load_shedding_cost_CNY,15,0,0,0,0,0,E80_P20,42,91,2023-04-02,1,1
load_shedding_cost_CNY,16,0,0,0,0,0,E80_P20,42,238,2023-08-27,4,4
load_shedding_cost_CNY,17,14007369.749997364,707999.99999978743,-5511369.7499999162,3.3956837341964992e-07,-5511369.7499995753,E80_P20,42,165,2023-06-15,12,12.00000000000048
load_shedding_cost_CNY,18,112699.99999978731,0,-112699.99999978731,0,-112699.99999978731,E80_P20,42,105,2023-04-16,8,8
load_shedding_cost_CNY,19,47390953.749996468,3066651.4999998184,7808773.2500002608,-4.4342384359905157e-06,7808773.2499958277,E80_P20,42,86,2023-03-28,18,17.999999999998554
load_shedding_cost_CNY,20,0,0,0,-0,0,E80_P20,42,348,2023-12-15,1,0.99999999999999989
load_shedding_cost_CNY,21,0,0,0,0,0,E80_P20,42,152,2023-06-02,2,2
load_shedding_cost_CNY,22,5453198.7499985145,465560.99999979307,-1728710.75000017,-4.1350123325382621e-10,-1728710.7500001704,E80_P20,42,94,2023-04-05,8,7.9999999999999991
load_shedding_cost_CNY,23,0,0,0,0,0,E80_P20,42,104,2023-04-15,3,3.0000000000002998
load_shedding_cost_CNY,24,0,0,0,0,0,E80_P20,42,125,2023-05-06,3,3.8359458040207706
load_shedding_cost_CNY,25,1477299.9999993627,0,-1477299.9999993627,-0,-1477299.9999993627,E80_P20,42,315,2023-11-12,4,3.9999999999999991
load_shedding_cost_CNY,26,0,0,0,-0,0,E80_P20,42,92,2023-04-03,2,1.9999999999999998
load_shedding_cost_CNY,27,2357958.2499995604,326358.24999977328,-726167.00000069407,-2.8986435474089703e-10,-726167.0000006943,E80_P20,42,345,2023-12-12,5,4.9999999999999991
load_shedding_cost_CNY,28,13205936.499997372,1189573.7499997774,1068948.4999999572,5.7265212349822235e-07,1068948.500000529,E80_P20,42,196,2023-07-16,12,12.000000000000481
load_shedding_cost_CNY,29,0,0,0,0,0,E80_P20,42,332,2023-11-29,1,1
load_shedding_cost_CNY,30,28259856.999996491,695899.99999978743,-17125456.999999892,-1.2361667245382567e-09,-17125456.999999896,E80_P20,42,259,2023-09-17,16,15.999999999999998
load_shedding_cost_CNY,31,8272270.4999989439,1515779.9999997839,-693370.50000002421,0,-693370.50000002421,E80_P20,42,188,2023-07-08,5,5
load_shedding_cost_CNY,32,1077896.2499992917,500399.99999978725,923703.74999985727,0,923703.74999985727,E80_P20,42,262,2023-09-20,4,4
load_shedding_cost_CNY,33,25343369.999996599,2293999.9999998049,11360630.000000279,-4.074962589583828e-09,11360630.000000272,E80_P20,42,316,2023-11-13,16,15.999999999999998
load_shedding_cost_CNY,34,4615890.749998142,271799.99999978766,-1897890.7500002654,0,-1897890.7500002654,E80_P20,42,352,2023-12-19,10,10
load_shedding_cost_CNY,35,311147.7499997819,311147.7499997819,0,-3.4544339611006991e-11,-5.8207660913467407e-11,E80_P20,42,123,2023-05-04,1,0.99999999999999989
load_shedding_cost_CNY,36,0,0,0,-0,0,E80_P20,42,186,2023-07-06,1,0.99999999999999989
load_shedding_cost_CNY,37,913537.74999979872,913537.74999979872,0,0,0,E80_P20,42,70,2023-03-12,1,1
load_shedding_cost_CNY,38,19403170.999995753,816818.74999978347,-3883614.7499998678,-4.6430770339599318e-07,-3883614.7500003316,E80_P20,42,27,2023-01-28,19,18.999999999999432
load_shedding_cost_CNY,39,56083770.499995746,2547630.9999998137,-35888.499999843538,-5.6116221713860334e-06,-35888.500005453825,E80_P20,42,275,2023-10-03,22,21.999999999997797
load_shedding_cost_CNY,40,714470.4999994461,459199.99999978754,1122329.4999997041,-2.039257651630544e-10,1122329.4999997038,E80_P20,42,112,2023-04-23,4,3.9999999999999996
load_shedding_cost_CNY,41,39204973.249995932,1662135.4999997814,-7624398.7500000857,16887979.022359632,9263580.27235955,E80_P20,42,206,2023-07-26,19,29.16041052150192
load_shedding_cost_CNY,42,0,0,0,0,0,E80_P20,42,74,2023-03-16,1,1
load_shedding_cost_CNY,43,0,0,0,0,0,E80_P20,42,140,2023-05-21,1,1
load_shedding_cost_CNY,44,5477199.7499983134,680869.74999978766,3374106.9999989262,-3.5316455004863558e-07,3374106.9999985723,E80_P20,42,289,2023-10-17,13,12.999999999999481
load_shedding_cost_CNY,45,8899.9999999999382,8899.9999999999382,0,-9.8809849191638245e-13,-1.8189894035458565e-12,E80_P20,42,343,2023-12-10,1,0.99999999999999989
load_shedding_cost_CNY,46,1081636.9999991562,137799.99999978734,-530437.00000000687,1.2239098623448838e-10,-530437.00000000675,E80_P20,42,333,2023-11-30,4,4.0000000000000009
load_shedding_cost_CNY,47,1157039.999999823,1157039.999999823,1157039.999999823,0,1157039.999999823,E80_P20,42,308,2023-11-05,2,2
storage_variable_om_CNY,0,2852.0132742387791,881.84127423823088,-206.48945152408623,2.6473254761018873e-10,-206.48945152382157,E80_P20,42,43,2023-02-13,3,3.0000000000003002
storage_variable_om_CNY,1,10284.721026575449,1011.3652500003542,-171.06852657190757,0,-171.06852657190757,E80_P20,42,211,2023-07-31,10,10
storage_variable_om_CNY,2,8097.477250002632,711.56900000024905,441.35075000035613,-0.0067264475247469152,441.34402355283237,E80_P20,42,1,2023-01-02,12,11.999990547020001
storage_variable_om_CNY,3,25243.051190319682,1425.8535275003605,3274.0193596875288,-5.0656493311164771e-12,3274.0193596875251,E80_P20,42,63,2023-03-05,20,19.999999999999996
storage_variable_om_CNY,4,1150.7255000004027,304.00000000010635,-238.72550000008368,332.50031775500617,93.774817754922424,E80_P20,42,12,2023-01-13,3,4.0937510452463481
storage_variable_om_CNY,5,2128.1529067021324,697.47915670175701,661.76372010489558,-3.0974296758657127e-13,661.76372010489513,E80_P20,42,31,2023-02-01,4,3.9999999999999996
storage_variable_om_CNY,6,16199.482457192618,1019.2835000003571,-910.2299571872627,-7.6588854458519339e-10,-910.22995718802849,E80_P20,42,302,2023-10-30,15,14.999999999999249
storage_variable_om_CNY,7,2661.0560000008136,1246.087250000407,-168.88149999999951,-2.766869511284591e-13,-168.88149999999996,E80_P20,42,187,2023-07-07,2,1.9999999999999998
storage_variable_om_CNY,8,2328.6722500006049,1120.6722500003921,-87.327749999820753,-2.4883922700178297e-13,-87.327749999821208,E80_P20,42,179,2023-06-29,2,1.9999999999999998
storage_variable_om_CNY,9,21726.862250006638,1060.7000000003013,-512.86225000061313,-0.0023317474092649578,-512.86458174802101,E80_P20,42,7,2023-01-08,20,19.999997801690007
storage_variable_om_CNY,10,993.83300000034774,993.83300000034774,0,-1.1033762792326793e-13,-1.1368683772161603e-13,E80_P20,42,13,2023-01-14,1,0.99999999999999989
storage_variable_om_CNY,11,5435.6003750014224,859.81175000030112,-1136.5416249999171,0,-1136.5416249999171,E80_P20,42,183,2023-07-03,5,5
storage_variable_om_CNY,12,22420.142235941996,1219.2812500002167,-473.07973593809584,-10973.512206896727,-11446.591942834822,E80_P20,42,228,2023-08-17,18,9.0000156183039994
storage_variable_om_CNY,13,18164.204063409594,913.90950000032046,1941.8049365974548,-6479.7201076563015,-4537.9151710588449,E80_P20,42,363,2023-12-30,22,14.909888662220899
storage_variable_om_CNY,14,5105.5951765726541,1343.7000000002099,269.20482342818559,5374.8000000008396,5644.0048234290252,E80_P20,42,106,2023-04-17,4,8
storage_variable_om_CNY,15,740.49999999999977,740.49999999999977,0,0,0,E80_P20,42,91,2023-04-02,1,1
storage_variable_om_CNY,16,1072.3178334430961,312.50000000000011,177.68216655690435,0,177.68216655690435,E80_P20,42,238,2023-08-27,4,4
storage_variable_om_CNY,17,12097.085045338747,1008.0000000002128,-1.0850453361927066,4.8345327741127422e-10,-1.0850453357088554,E80_P20,42,165,2023-06-15,12,12.00000000000048
storage_variable_om_CNY,18,9002.2507131271013,1092.374000000189,-263.25871312558957,0,-263.25871312558957,E80_P20,42,105,2023-04-16,8,8
storage_variable_om_CNY,19,12999.079250004481,581.3002500002035,-2535.6747500008169,-8.4053369331401071e-10,-2535.674750001659,E80_P20,42,86,2023-03-28,18,17.999999999998554
storage_variable_om_CNY,20,928.36750000011489,928.36750000011489,0,-1.0306949738138226e-13,-1.1368683772161603e-13,E80_P20,42,348,2023-12-15,1,0.99999999999999989
storage_variable_om_CNY,21,1282.3694295902042,319.26942959005743,-643.83057041008931,0,-643.83057041008931,E80_P20,42,152,2023-06-02,2,2
storage_variable_om_CNY,22,9870.3775000025707,1136.8390000003537,-775.66549999974086,-1.0097158664737848e-12,-775.66549999974268,E80_P20,42,94,2023-04-05,8,7.9999999999999991
storage_variable_om_CNY,23,2352.0610000006118,808.00000000021282,71.939000000026681,2.4220625505228795e-10,71.939000000269061,E80_P20,42,104,2023-04-15,3,3.0000000000002998
storage_variable_om_CNY,24,297.02573169691379,31.87123169682101,-201.41203660645078,26.642622405931306,-174.76941420051946,E80_P20,42,125,2023-05-06,3,3.8359458040207706
storage_variable_om_CNY,25,4398.2972500011947,916.10000000014634,-733.89725000060935,-8.136602502874147e-13,-733.89725000061026,E80_P20,42,315,2023-11-12,4,3.9999999999999991
storage_variable_om_CNY,26,1998.1024103157981,814.59816031559399,-368.90608968461015,-1.8087712667993338e-13,-368.90608968461038,E80_P20,42,92,2023-04-03,2,1.9999999999999998
storage_variable_om_CNY,27,2539.5154687915342,648.34175000022697,702.19328120960063,-5.7584315094081525e-13,702.19328120960017,E80_P20,42,345,2023-12-12,5,4.9999999999999991
storage_variable_om_CNY,28,9543.1742003973268,750.44225000026188,-537.86720039418469,3.612574235313399e-10,-537.86720039382271,E80_P20,42,196,2023-07-16,12,12.000000000000481
storage_variable_om_CNY,29,819.80000000010637,819.80000000010637,0,0,0,E80_P20,42,332,2023-11-29,1,1
storage_variable_om_CNY,30,18754.800966256134,1359.2632418754001,2993.4109037502676,-2.4145365562507239e-12,2993.410903750264,E80_P20,42,259,2023-09-17,16,15.999999999999998
storage_variable_om_CNY,31,5074.1250789491287,973.09925000034059,-208.62882894742597,0,-208.62882894742597,E80_P20,42,188,2023-07-08,5,5
storage_variable_om_CNY,32,2875.2152500008265,608.00000000021282,-443.21524999997519,0,-443.21524999997519,E80_P20,42,262,2023-09-20,4,4
storage_variable_om_CNY,33,9719.8300000034014,556.7000000001949,-812.63000000028296,-9.8889785249446565e-13,-812.63000000028478,E80_P20,42,316,2023-11-13,16,15.999999999999998
storage_variable_om_CNY,34,8094.9733800944023,924.8290000002437,1153.3166199080342,0,1153.3166199080342,E80_P20,42,352,2023-12-19,10,10
storage_variable_om_CNY,35,1046.3522500002184,1046.3522500002184,0,-1.1616843598185804e-13,-2.2737367544323206e-13,E80_P20,42,123,2023-05-04,1,0.99999999999999989
storage_variable_om_CNY,36,1079.2997500003778,1079.2997500003778,0,-1.1982634329225947e-13,-2.2737367544323206e-13,E80_P20,42,186,2023-07-06,1,0.99999999999999989
storage_variable_om_CNY,37,1231.1622500002011,1231.1622500002011,0,0,0,E80_P20,42,70,2023-03-12,1,1
storage_variable_om_CNY,38,22419.935589363187,1123.2812500003231,-1077.59183935705,-6.3851146592260366e-10,-1077.5918393576867,E80_P20,42,27,2023-01-28,19,18.999999999999432
storage_variable_om_CNY,39,12234.142750004285,531.06900000018607,-550.62475000019185,-1.1697763824262898e-09,-550.62475000136146,E80_P20,42,275,2023-10-03,22,21.999999999997797
storage_variable_om_CNY,40,2922.6295000005543,804.20000000021321,294.17050000029849,-3.5713654256151504e-13,294.17050000029803,E80_P20,42,112,2023-04-23,4,3.9999999999999996
storage_variable_om_CNY,41,22785.893790318256,1224.0645000002182,471.33170968589184,12436.997824799204,12908.329534485096,E80_P20,42,206,2023-07-26,19,29.16041052150192
storage_variable_om_CNY,42,504.00000000010641,504.00000000010641,0,0,0,E80_P20,42,74,2023-03-16,1,1
storage_variable_om_CNY,43,64.899999999999935,64.899999999999935,0,0,0,E80_P20,42,140,2023-05-21,1,1
storage_variable_om_CNY,44,15857.698296878283,1287.8512500003537,884.36795312631511,-6.6800354581194068e-10,884.36795312564573,E80_P20,42,289,2023-10-17,13,12.999999999999481
storage_variable_om_CNY,45,634.33775000001913,634.33775000001913,0,-7.0425637543893763e-14,-1.1368683772161603e-13,E80_P20,42,343,2023-12-10,1,0.99999999999999989
storage_variable_om_CNY,46,2427.2630000008439,608.00000000021282,4.737000000007356,5.4001247917786516e-13,4.7370000000078107,E80_P20,42,333,2023-11-30,4,4.0000000000000009
storage_variable_om_CNY,47,1071.6665000003754,506.16000000017721,-59.346500000021024,0,-59.346500000021024,E80_P20,42,308,2023-11-05,2,2
storage_investment_allocated_CNY,0,55429.809309428281,18476.603103142759,0,5.5467558092046085e-09,5.5442797020077705e-09,E80_P20,42,43,2023-02-13,3,3.0000000000003002
storage_investment_allocated_CNY,1,184766.03103142758,18476.603103142759,0,0,0,E80_P20,42,211,2023-07-31,10,10
storage_investment_allocated_CNY,2,221719.23723771313,18476.603103142759,0,-0.17465895957921479,-0.17465895958594047,E80_P20,42,1,2023-01-02,12,11.999990547020001
storage_investment_allocated_CNY,3,369532.06206285517,18476.603103142759,0,-6.5642080582303063e-11,-5.8207660913467407e-11,E80_P20,42,63,2023-03-05,20,19.999999999999996
storage_investment_allocated_CNY,4,55429.809309428281,18476.603103142759,0,20208.803956664313,20208.803956664313,E80_P20,42,12,2023-01-13,3,4.0937510452463481
storage_investment_allocated_CNY,5,73906.412412571037,18476.603103142759,0,-8.2052600727878829e-12,-1.4551915228366852e-11,E80_P20,42,31,2023-02-01,4,3.9999999999999996
storage_investment_allocated_CNY,6,277149.04654714139,18476.603103142759,0,-1.3883300043157099e-08,-1.391163095831871e-08,E80_P20,42,302,2023-10-30,15,14.999999999999249
storage_investment_allocated_CNY,7,36953.206206285518,18476.603103142759,0,-4.1026300363939415e-12,-7.2759576141834259e-12,E80_P20,42,187,2023-07-07,2,1.9999999999999998
storage_investment_allocated_CNY,8,36953.206206285518,18476.603103142759,0,-4.1026300363939415e-12,-7.2759576141834259e-12,E80_P20,42,179,2023-06-29,2,1.9999999999999998
storage_investment_allocated_CNY,9,369532.06206285517,18476.603103142759,0,-0.040617301232919553,-0.040617301245220006,E80_P20,42,7,2023-01-08,20,19.999997801690007
storage_investment_allocated_CNY,10,18476.603103142759,18476.603103142759,0,-2.0513150181969707e-12,-3.637978807091713e-12,E80_P20,42,13,2023-01-14,1,0.99999999999999989
storage_investment_allocated_CNY,11,92383.015515713792,18476.603103142759,0,0,0,E80_P20,42,183,2023-07-03,5,5
storage_investment_allocated_CNY,12,332578.85585656966,18476.603103142759,0,-166289.1393550807,-166289.1393550807,E80_P20,42,228,2023-08-17,18,9.0000156183039994
storage_investment_allocated_CNY,13,406485.26826914068,18476.603103142759,0,-131001.173145237,-131001.17314523697,E80_P20,42,363,2023-12-30,22,14.909888662220899
storage_investment_allocated_CNY,14,73906.412412571037,18476.603103142759,0,73906.412412571037,73906.412412571037,E80_P20,42,106,2023-04-17,4,8
storage_investment_allocated_CNY,15,18476.603103142759,18476.603103142759,0,0,0,E80_P20,42,91,2023-04-02,1,1
storage_investment_allocated_CNY,16,73906.412412571037,18476.603103142759,0,0,0,E80_P20,42,238,2023-08-27,4,4
storage_investment_allocated_CNY,17,221719.23723771313,18476.603103142759,0,8.8616808786109137e-09,8.8475644588470459e-09,E80_P20,42,165,2023-06-15,12,12.00000000000048
storage_investment_allocated_CNY,18,147812.82482514207,18476.603103142759,0,0,0,E80_P20,42,105,2023-04-16,8,8
storage_investment_allocated_CNY,19,332578.85585656966,18476.603103142759,0,-2.6716326796997348e-08,-2.671731635928154e-08,E80_P20,42,86,2023-03-28,18,17.999999999998554
storage_investment_allocated_CNY,20,18476.603103142759,18476.603103142759,0,-2.0513150181969707e-12,-3.637978807091713e-12,E80_P20,42,348,2023-12-15,1,0.99999999999999989
storage_investment_allocated_CNY,21,36953.206206285518,18476.603103142759,0,0,0,E80_P20,42,152,2023-06-02,2,2
storage_investment_allocated_CNY,22,147812.82482514207,18476.603103142759,0,-1.6410520145575766e-11,-2.9103830456733704e-11,E80_P20,42,94,2023-04-05,8,7.9999999999999991
storage_investment_allocated_CNY,23,55429.809309428281,18476.603103142759,0,5.5385505491318208e-09,5.5370037443935871e-09,E80_P20,42,104,2023-04-15,3,3.0000000000002998
storage_investment_allocated_CNY,24,55429.809309428281,18476.603103142759,0,15445.438836629339,15445.438836629328,E80_P20,42,125,2023-05-06,3,3.8359458040207706
storage_investment_allocated_CNY,25,73906.412412571037,18476.603103142759,0,-1.6410520145575766e-11,-1.4551915228366852e-11,E80_P20,42,315,2023-11-12,4,3.9999999999999991
storage_investment_allocated_CNY,26,36953.206206285518,18476.603103142759,0,-4.1026300363939415e-12,-7.2759576141834259e-12,E80_P20,42,92,2023-04-03,2,1.9999999999999998
storage_investment_allocated_CNY,27,92383.015515713792,18476.603103142759,0,-1.6410520145575766e-11,-1.4551915228366852e-11,E80_P20,42,345,2023-12-12,5,4.9999999999999991
storage_investment_allocated_CNY,28,221719.23723771313,18476.603103142759,0,8.8945019189020643e-09,8.8766682893037796e-09,E80_P20,42,196,2023-07-16,12,12.000000000000481
storage_investment_allocated_CNY,29,18476.603103142759,18476.603103142759,0,0,0,E80_P20,42,332,2023-11-29,1,1
storage_investment_allocated_CNY,30,295625.64965028415,18476.603103142759,0,-3.2821040291151532e-11,-5.8207660913467407e-11,E80_P20,42,259,2023-09-17,16,15.999999999999998
storage_investment_allocated_CNY,31,92383.015515713792,18476.603103142759,0,0,0,E80_P20,42,188,2023-07-08,5,5
storage_investment_allocated_CNY,32,73906.412412571037,18476.603103142759,0,0,0,E80_P20,42,262,2023-09-20,4,4
storage_investment_allocated_CNY,33,295625.64965028415,18476.603103142759,0,-3.2821040291151532e-11,-5.8207660913467407e-11,E80_P20,42,316,2023-11-13,16,15.999999999999998
storage_investment_allocated_CNY,34,184766.03103142758,18476.603103142759,0,0,0,E80_P20,42,352,2023-12-19,10,10
storage_investment_allocated_CNY,35,18476.603103142759,18476.603103142759,0,-2.0513150181969707e-12,-3.637978807091713e-12,E80_P20,42,123,2023-05-04,1,0.99999999999999989
storage_investment_allocated_CNY,36,18476.603103142759,18476.603103142759,0,-2.0513150181969707e-12,-3.637978807091713e-12,E80_P20,42,186,2023-07-06,1,0.99999999999999989
storage_investment_allocated_CNY,37,18476.603103142759,18476.603103142759,0,0,0,E80_P20,42,70,2023-03-12,1,1
storage_investment_allocated_CNY,38,351055.45895971241,18476.603103142759,0,-1.050273289316849e-08,-1.0477378964424133e-08,E80_P20,42,27,2023-01-28,19,18.999999999999432
storage_investment_allocated_CNY,39,406485.26826914068,18476.603103142759,0,-4.0698089961027902e-08,-4.0687154978513718e-08,E80_P20,42,275,2023-10-03,22,21.999999999997797
storage_investment_allocated_CNY,40,73906.412412571037,18476.603103142759,0,-8.2052600727878829e-12,-1.4551915228366852e-11,E80_P20,42,112,2023-04-23,4,3.9999999999999996
storage_investment_allocated_CNY,41,351055.45895971241,18476.603103142759,0,187729.87257078671,187729.87257078674,E80_P20,42,206,2023-07-26,19,29.16041052150192
storage_investment_allocated_CNY,42,18476.603103142759,18476.603103142759,0,0,0,E80_P20,42,74,2023-03-16,1,1
storage_investment_allocated_CNY,43,18476.603103142759,18476.603103142759,0,0,0,E80_P20,42,140,2023-05-21,1,1
storage_investment_allocated_CNY,44,240195.84034085588,18476.603103142759,0,-9.5837437650162466e-09,-9.6042640507221222e-09,E80_P20,42,289,2023-10-17,13,12.999999999999481
storage_investment_allocated_CNY,45,18476.603103142759,18476.603103142759,0,-2.0513150181969707e-12,-3.637978807091713e-12,E80_P20,42,343,2023-12-10,1,0.99999999999999989
storage_investment_allocated_CNY,46,73906.412412571037,18476.603103142759,0,1.6410520145575766e-11,1.4551915228366852e-11,E80_P20,42,333,2023-11-30,4,4.0000000000000009
storage_investment_allocated_CNY,47,36953.206206285518,18476.603103142759,0,0,0,E80_P20,42,308,2023-11-05,2,2
storage_fixed_om_CNY,0,11506.849315068494,3835.6164383561645,0,1.1514685704167104e-09,1.1514202924445271e-09,E80_P20,42,43,2023-02-13,3,3.0000000000003002
storage_fixed_om_CNY,1,38356.164383561641,3835.6164383561645,0,0,0,E80_P20,42,211,2023-07-31,10,10
storage_fixed_om_CNY,2,46027.397260273974,3835.6164383561645,0,-0.036258005474733124,-0.036258005471609067,E80_P20,42,1,2023-01-02,12,11.999990547020001
storage_fixed_om_CNY,3,76712.328767123283,3835.6164383561645,0,-1.3626846987180004e-11,0,E80_P20,42,63,2023-03-05,20,19.999999999999996
storage_fixed_om_CNY,4,11506.849315068494,3835.6164383561645,0,4195.2094886161303,4195.2094886161303,E80_P20,42,12,2023-01-13,3,4.0937510452463481
storage_fixed_om_CNY,5,15342.465753424658,3835.6164383561645,0,-1.7033558733975005e-12,-1.8189894035458565e-12,E80_P20,42,31,2023-02-01,4,3.9999999999999996
storage_fixed_om_CNY,6,57534.246575342469,3835.6164383561645,0,-2.8820781377885707e-09,-2.8812792152166367e-09,E80_P20,42,302,2023-10-30,15,14.999999999999249
storage_fixed_om_CNY,7,7671.232876712329,3835.6164383561645,0,-8.5167793669875025e-13,-9.0949470177292824e-13,E80_P20,42,187,2023-07-07,2,1.9999999999999998
storage_fixed_om_CNY,8,7671.232876712329,3835.6164383561645,0,-8.5167793669875025e-13,-9.0949470177292824e-13,E80_P20,42,179,2023-06-29,2,1.9999999999999998
storage_fixed_om_CNY,9,76712.328767123283,3835.6164383561645,0,-0.0084318739446295182,-0.0084318739391164854,E80_P20,42,7,2023-01-08,20,19.999997801690007
storage_fixed_om_CNY,10,3835.6164383561645,3835.6164383561645,0,-4.2583896834937513e-13,-4.5474735088646412e-13,E80_P20,42,13,2023-01-14,1,0.99999999999999989
storage_fixed_om_CNY,11,19178.082191780821,3835.6164383561645,0,0,0,E80_P20,42,183,2023-07-03,5,5
storage_fixed_om_CNY,12,69041.095890410958,3835.6164383561645,0,-34520.488039381918,-34520.488039381918,E80_P20,42,228,2023-08-17,18,9.0000156183039994
storage_fixed_om_CNY,13,84383.561643835623,3835.6164383561645,0,-27194.947596960938,-27194.947596960941,E80_P20,42,363,2023-12-30,22,14.909888662220899
storage_fixed_om_CNY,14,15342.465753424658,3835.6164383561645,0,15342.465753424658,15342.465753424658,E80_P20,42,106,2023-04-17,4,8
storage_fixed_om_CNY,15,3835.6164383561645,3835.6164383561645,0,0,0,E80_P20,42,91,2023-04-02,1,1
storage_fixed_om_CNY,16,15342.465753424658,3835.6164383561645,0,0,0,E80_P20,42,238,2023-08-27,4,4
storage_fixed_om_CNY,17,46027.397260273974,3835.6164383561645,0,1.8396243432693005e-09,1.8408172763884068e-09,E80_P20,42,165,2023-06-15,12,12.00000000000048
storage_fixed_om_CNY,18,30684.931506849316,3835.6164383561645,0,0,0,E80_P20,42,105,2023-04-16,8,8
storage_fixed_om_CNY,19,69041.095890410958,3835.6164383561645,0,-5.5461267237822619e-09,-5.5442797020077705e-09,E80_P20,42,86,2023-03-28,18,17.999999999998554
storage_fixed_om_CNY,20,3835.6164383561645,3835.6164383561645,0,-4.2583896834937513e-13,-4.5474735088646412e-13,E80_P20,42,348,2023-12-15,1,0.99999999999999989
storage_fixed_om_CNY,21,7671.232876712329,3835.6164383561645,0,0,0,E80_P20,42,152,2023-06-02,2,2
storage_fixed_om_CNY,22,30684.931506849316,3835.6164383561645,0,-3.406711746795001e-12,-3.637978807091713e-12,E80_P20,42,94,2023-04-05,8,7.9999999999999991
storage_fixed_om_CNY,23,11506.849315068494,3835.6164383561645,0,1.1497652145433129e-09,1.1496013030409813e-09,E80_P20,42,104,2023-04-15,3,3.0000000000002998
storage_fixed_om_CNY,24,11506.849315068494,3835.6164383561645,0,3206.3674674769281,3206.3674674769281,E80_P20,42,125,2023-05-06,3,3.8359458040207706
storage_fixed_om_CNY,25,15342.465753424658,3835.6164383561645,0,-3.406711746795001e-12,-3.637978807091713e-12,E80_P20,42,315,2023-11-12,4,3.9999999999999991
storage_fixed_om_CNY,26,7671.232876712329,3835.6164383561645,0,-8.5167793669875025e-13,-9.0949470177292824e-13,E80_P20,42,92,2023-04-03,2,1.9999999999999998
storage_fixed_om_CNY,27,19178.082191780821,3835.6164383561645,0,-3.406711746795001e-12,0,E80_P20,42,345,2023-12-12,5,4.9999999999999991
storage_fixed_om_CNY,28,46027.397260273974,3835.6164383561645,0,1.8464377667628906e-09,1.8480932340025902e-09,E80_P20,42,196,2023-07-16,12,12.000000000000481
storage_fixed_om_CNY,29,3835.6164383561645,3835.6164383561645,0,0,0,E80_P20,42,332,2023-11-29,1,1
storage_fixed_om_CNY,30,61369.863013698632,3835.6164383561645,0,-6.813423493590002e-12,-7.2759576141834259e-12,E80_P20,42,259,2023-09-17,16,15.999999999999998
storage_fixed_om_CNY,31,19178.082191780821,3835.6164383561645,0,0,0,E80_P20,42,188,2023-07-08,5,5
storage_fixed_om_CNY,32,15342.465753424658,3835.6164383561645,0,0,0,E80_P20,42,262,2023-09-20,4,4
storage_fixed_om_CNY,33,61369.863013698632,3835.6164383561645,0,-6.813423493590002e-12,-7.2759576141834259e-12,E80_P20,42,316,2023-11-13,16,15.999999999999998
storage_fixed_om_CNY,34,38356.164383561641,3835.6164383561645,0,0,0,E80_P20,42,352,2023-12-19,10,10
storage_fixed_om_CNY,35,3835.6164383561645,3835.6164383561645,0,-4.2583896834937513e-13,-4.5474735088646412e-13,E80_P20,42,123,2023-05-04,1,0.99999999999999989
storage_fixed_om_CNY,36,3835.6164383561645,3835.6164383561645,0,-4.2583896834937513e-13,-4.5474735088646412e-13,E80_P20,42,186,2023-07-06,1,0.99999999999999989
storage_fixed_om_CNY,37,3835.6164383561645,3835.6164383561645,0,0,0,E80_P20,42,70,2023-03-12,1,1
storage_fixed_om_CNY,38,72876.712328767127,3835.6164383561645,0,-2.1802955179488004e-09,-2.1827872842550278e-09,E80_P20,42,27,2023-01-28,19,18.999999999999432
storage_fixed_om_CNY,39,84383.561643835623,3835.6164383561645,0,-8.4486451320516021e-09,-8.4546627476811409e-09,E80_P20,42,275,2023-10-03,22,21.999999999997797
storage_fixed_om_CNY,40,15342.465753424658,3835.6164383561645,0,-1.7033558733975005e-12,-1.8189894035458565e-12,E80_P20,42,112,2023-04-23,4,3.9999999999999996
storage_fixed_om_CNY,41,72876.712328767127,3835.6164383561645,0,38971.43761671969,38971.43761671969,E80_P20,42,206,2023-07-26,19,29.16041052150192
storage_fixed_om_CNY,42,3835.6164383561645,3835.6164383561645,0,0,0,E80_P20,42,74,2023-03-16,1,1
storage_fixed_om_CNY,43,3835.6164383561645,3835.6164383561645,0,0,0,E80_P20,42,140,2023-05-21,1,1
storage_fixed_om_CNY,44,49863.013698630137,3835.6164383561645,0,-1.9895196601282805e-09,-1.9863364286720753e-09,E80_P20,42,289,2023-10-17,13,12.999999999999481
storage_fixed_om_CNY,45,3835.6164383561645,3835.6164383561645,0,-4.2583896834937513e-13,-4.5474735088646412e-13,E80_P20,42,343,2023-12-10,1,0.99999999999999989
storage_fixed_om_CNY,46,15342.465753424658,3835.6164383561645,0,3.406711746795001e-12,3.637978807091713e-12,E80_P20,42,333,2023-11-30,4,4.0000000000000009
storage_fixed_om_CNY,47,7671.232876712329,3835.6164383561645,0,0,0,E80_P20,42,308,2023-11-05,2,2
renewable_available_MWh,0,12887.02,714.05000000000007,679.93000000000029,-4.0842724757794719e-10,679.92999999959284,E80_P20,7,211,2023-07-31,19,18.999999999999428
renewable_available_MWh,1,5102.5799999999999,1064.9400000000001,222.1200000000008,0,222.1200000000008,E80_P20,7,354,2023-12-21,5,5
renewable_available_MWh,2,15920.289999999999,1128.8999999999999,-1244.5900000000001,-5.8555613691169126e-10,-1244.5900000005859,E80_P20,7,109,2023-04-20,13,12.999999999999481
renewable_available_MWh,3,5867.2200000000003,414.12,-483.65999999999985,-2.1406684425073763e-10,-483.6600000002145,E80_P20,7,112,2023-04-23,13,12.999999999999483
renewable_available_MWh,4,1813.2600000000002,1813.2600000000002,0,-2.0131230016318116e-13,-2.2737367544323206e-13,E80_P20,7,92,2023-04-03,1,0.99999999999999989
renewable_available_MWh,5,2477.9200000000001,1426.8099999999999,375.69999999999982,-6.3363092550616782e-13,375.69999999999936,E80_P20,7,121,2023-05-02,2,1.9999999999999996
renewable_available_MWh,6,9548.0699999999997,2054.7600000000002,725.73000000000138,10273.800000000001,10999.530000000002,E80_P20,7,190,2023-07-10,5,10
renewable_available_MWh,7,10110.809999999999,580,329.19000000000051,-8.3659301708394196e-10,329.18999999916377,E80_P20,7,281,2023-10-09,18,17.999999999998558
renewable_available_MWh,8,1949.8299999999999,856.06999999999994,-237.69000000000005,0,-237.69000000000005,E80_P20,7,308,2023-11-05,2,2
renewable_available_MWh,9,3421.6000000000004,1584.6600000000001,-252.2800000000002,-3.5186520364050013e-13,-252.28000000000065,E80_P20,7,187,2023-07-07,2,1.9999999999999998
renewable_available_MWh,10,12569.02,1261.3600000000001,-1216.7799999999988,3624.3395744588065,2407.5595744588063,E80_P20,7,50,2023-02-20,9,11.873358576820896
renewable_available_MWh,11,22838.580000000002,651.79999999999995,-3284.5800000000017,-6446.2938707814174,-9730.8738707814209,E80_P20,7,45,2023-02-15,30,20.110012471952412
renewable_available_MWh,12,1734.3000000000002,1734.3000000000002,0,-1.9254597916074092e-13,-2.2737367544323206e-13,E80_P20,7,332,2023-11-29,1,0.99999999999999989
renewable_available_MWh,13,1498.7,1498.7,0,-1.6638912470057222e-13,-2.2737367544323206e-13,E80_P20,7,140,2023-05-21,1,0.99999999999999989
renewable_available_MWh,14,9906.1900000000005,681.82999999999993,-1724.2300000000014,3.2822798701204191e-10,-1724.2299999996731,E80_P20,7,352,2023-12-19,12,12.000000000000481
renewable_available_MWh,15,14293.639999999999,880.26999999999998,-209.31999999999971,0,-209.31999999999971,E80_P20,7,229,2023-08-18,16,16
renewable_available_MWh,16,6581.3199999999997,259.13,-880.46000000000004,-0.0049286785125080713,-880.46492867851248,E80_P20,7,316,2023-11-13,22,21.999980979900002
renewable_available_MWh,17,2431.23,2431.23,0,0,0,E80_P20,7,13,2023-01-14,1,1
renewable_available_MWh,18,3139.1199999999999,1091.6099999999999,135.71000000000004,3.2722125009598807e-10,135.710000000327,E80_P20,7,43,2023-02-13,3,3.0000000000002998
renewable_available_MWh,19,2014.5999999999999,1099.77,184.94000000000005,0,184.94000000000005,E80_P20,7,31,2023-02-01,2,2
renewable_available_MWh,20,17597.93,910,602.06999999999971,0,602.06999999999971,E80_P20,7,290,2023-10-18,20,20
renewable_available_MWh,21,4857.8199999999997,331.74000000000001,-876.9399999999996,1.5969721545161521e-10,-876.93999999983998,E80_P20,7,47,2023-02-17,12,12.000000000000481
renewable_available_MWh,22,3963.5900000000001,1520.77,598.71999999999935,4562.271657000877,5160.9916570008772,E80_P20,7,12,2023-01-13,3,5.9999747871149989
renewable_available_MWh,23,3749.5799999999999,1278.49,85.890000000000327,3.8267267576941322e-10,85.89000000038277,E80_P20,7,125,2023-05-06,3,3.0000000000002993
renewable_available_MWh,24,7403.9499999999998,1164.28,-418.26999999999953,-1.3980874769004004e-09,-418.27000000139833,E80_P20,7,94,2023-04-05,6,5.9999999999987992
renewable_available_MWh,25,2118.9299999999998,2118.9299999999998,0,0,0,E80_P20,7,91,2023-04-02,1,1
renewable_available_MWh,26,18046.369999999999,525.72000000000003,-2274.7699999999986,-119.47215534589587,-2394.2421553458935,E80_P20,7,355,2023-12-22,30,29.772745652921905
renewable_available_MWh,27,939.86000000000001,939.86000000000001,0,0,0,E80_P20,7,343,2023-12-10,1,1
renewable_available_MWh,28,4963.0599999999995,579.50999999999999,-326.97999999999956,-5.1470827600041957e-13,-326.98000000000047,E80_P20,7,75,2023-03-17,8,7.9999999999999991
renewable_available_MWh,29,1206.0700000000002,473.10000000000002,-259.87000000000012,0,-259.87000000000012,E80_P20,7,48,2023-02-18,2,2
renewable_available_MWh,30,1943.5999999999999,1943.5999999999999,0,0,0,E80_P20,7,70,2023-03-12,1,1
renewable_available_MWh,31,1187.1900000000001,1187.1900000000001,0,0,0,E80_P20,7,123,2023-05-04,1,1
renewable_available_MWh,32,1624.05,1624.05,0,0,0,E80_P20,7,348,2023-12-15,1,1
renewable_available_MWh,33,6486.6199999999999,1693,285.38000000000011,0,285.38000000000011,E80_P20,7,177,2023-06-27,4,4
renewable_available_MWh,34,1415.4899999999998,1415.4899999999998,0,0,0,E80_P20,7,74,2023-03-16,1,1
renewable_available_MWh,35,3008.5999999999999,1691.9200000000001,375.24000000000024,-3.7568170796475899e-13,375.23999999999978,E80_P20,7,73,2023-03-15,2,1.9999999999999998
renewable_available_MWh,36,10499.530000000001,453.80000000000001,-515.93000000000029,-3.4210610814966456e-05,-515.93003421061076,E80_P20,7,363,2023-12-30,22,21.999999924613022
renewable_available_MWh,37,4189.2399999999998,1102.74,221.72000000000025,0,221.72000000000025,E80_P20,7,179,2023-06-29,4,4
renewable_available_MWh,38,2063.9300000000003,983.48000000000002,-96.970000000000255,0,-96.970000000000255,E80_P20,7,93,2023-04-04,2,2
renewable_available_MWh,39,19449.639999999999,986.94999999999993,289.36000000000058,0,289.36000000000058,E80_P20,7,222,2023-08-11,20,20
renewable_available_MWh,40,1221.6599999999999,1221.6599999999999,0,0,0,E80_P20,7,291,2023-10-19,1,1
renewable_available_MWh,41,2292.0299999999997,2292.0299999999997,0,0,0,E80_P20,7,186,2023-07-06,1,1
renewable_available_MWh,42,2274.4200000000001,2274.4200000000001,0,0,0,E80_P20,7,122,2023-05-03,1,1
renewable_available_MWh,43,22014.759999999998,1000.29,-1008.6699999999983,-756.29165431503668,-1764.9616543150369,E80_P20,7,164,2023-06-14,21,20.243927606679026
renewable_available_MWh,44,3217.79,165.25999999999999,-904.15000000000009,4.6089034810847806e-11,-904.14999999995416,E80_P20,7,79,2023-03-21,14,14.000000000000279
renewable_available_MWh,45,1151.9099999999999,1151.9099999999999,0,0,0,E80_P20,7,152,2023-06-02,1,1
renewable_available_MWh,46,1425.9200000000001,1425.9200000000001,0,0,0,E80_P20,7,69,2023-03-11,1,1
renewable_available_MWh,47,4993.0500000000002,1239.71,-34.210000000000036,0,-34.210000000000036,E80_P20,7,189,2023-07-09,4,4
renewable_used_MWh,0,12141.7164058586,674.3123960526176,670.2191191411348,-3.8569785859178095e-10,670.21911914074917,E80_P20,7,211,2023-07-31,19,18.999999999999428
renewable_used_MWh,1,4211.495490153764,792.23167499998522,-250.33711515383766,0,-250.33711515383766,E80_P20,7,354,2023-12-21,5,5
renewable_used_MWh,2,11063.228870026607,774.49199445981048,-994.83294204906997,-4.0172605221447215e-10,-994.83294204947197,E80_P20,7,109,2023-04-20,13,12.999999999999481
renewable_used_MWh,3,5867.2200000000003,414.12,-483.65999999999985,-2.1406684425073763e-10,-483.6600000002145,E80_P20,7,112,2023-04-23,13,12.999999999999483
renewable_used_MWh,4,1555.3699999999853,1555.3699999999853,0,-1.7268075858112135e-13,-2.2737367544323206e-13,E80_P20,7,92,2023-04-03,1,0.99999999999999989
renewable_used_MWh,5,2374.7008999999903,1323.5908999999901,272.48089999999002,-5.8779243694572887e-13,272.48089999998956,E80_P20,7,121,2023-05-02,2,1.9999999999999996
renewable_used_MWh,6,5390.3524099721899,1207.4462049861263,646.87861495844209,6037.231024930632,6684.1096398890741,E80_P20,7,190,2023-07-10,5,10
renewable_used_MWh,7,9404.3411924514148,543.58737499999506,380.23155754849722,-7.8407138293101039e-10,380.23155754771142,E80_P20,7,281,2023-10-09,18,17.999999999998558
renewable_used_MWh,8,1936.5799999999999,856.06999999999994,-224.44000000000005,0,-224.44000000000005,E80_P20,7,308,2023-11-05,2,2
renewable_used_MWh,9,2090.4812749999596,982.20127499998057,-126.07872499999849,-2.1809249406423272e-13,-126.07872499999871,E80_P20,7,187,2023-07-07,2,1.9999999999999998
renewable_used_MWh,10,9889.8569760386417,1045.4219499999854,-481.05942603877338,3003.8721264292844,2522.8127003905101,E80_P20,7,50,2023-02-20,9,11.873358576820896
renewable_used_MWh,11,17370.029060624493,500.59587499998287,-2352.1528106250062,-4950.8869603418998,-7303.0397709669069,E80_P20,7,45,2023-02-15,30,20.110012471952412
renewable_used_MWh,12,1489.759085872558,1489.759085872558,0,-1.6539648382802396e-13,-2.2737367544323206e-13,E80_P20,7,332,2023-11-29,1,0.99999999999999989
renewable_used_MWh,13,1498.7,1498.7,0,-1.6638912470057222e-13,-2.2737367544323206e-13,E80_P20,7,140,2023-05-21,1,0.99999999999999989
renewable_used_MWh,14,9660.8867131578536,681.82999999999993,-1478.9267131578545,3.2822798701204191e-10,-1478.9267131575261,E80_P20,7,352,2023-12-19,12,12.000000000000481
renewable_used_MWh,15,10365.262992294378,658.07467499998177,163.93180770533036,0,163.93180770533036,E80_P20,7,229,2023-08-18,16,16
renewable_used_MWh,16,6580.015789473684,259.13,-879.15578947368431,-0.0049286785125080713,-879.16071815219675,E80_P20,7,316,2023-11-13,22,21.999980979900002
renewable_used_MWh,17,2093.849999999979,2093.849999999979,0,0,0,E80_P20,7,13,2023-01-14,1,1
renewable_used_MWh,18,2764.6971553323629,993.9655401661895,217.19946516620575,2.9795132566165081e-10,217.19946516650361,E80_P20,7,43,2023-02-13,3,3.0000000000002998
renewable_used_MWh,19,2003.2399999999998,1092.9499999999998,182.65999999999985,0,182.65999999999985,E80_P20,7,31,2023-02-01,2,2
renewable_used_MWh,20,13963.135341918869,715.35852499998157,344.0351580807619,0,344.0351580807619,E80_P20,7,290,2023-10-18,20,20
renewable_used_MWh,21,4826.04,331.74000000000001,-845.15999999999985,1.5969721545161521e-10,-845.15999999984024,E80_P20,7,47,2023-02-17,12,12.000000000000481
renewable_used_MWh,22,3932.6442105263159,1489.8242105263159,536.82842105263171,4469.4350688124559,5006.2634898650886,E80_P20,7,12,2023-01-13,3,5.9999747871149989
renewable_used_MWh,23,3749.5799999999999,1278.49,85.890000000000327,3.8267267576941322e-10,85.89000000038277,E80_P20,7,125,2023-05-06,3,3.0000000000002993
renewable_used_MWh,24,4761.2581799860382,754.98999999998534,-231.31817998612587,-9.0660499552084789e-10,-231.31817998703264,E80_P20,7,94,2023-04-05,6,5.9999999999987992
renewable_used_MWh,25,1606.3155401661895,1606.3155401661895,0,0,0,E80_P20,7,91,2023-04-02,1,1
renewable_used_MWh,26,16145.535621308396,484.6025999999863,-1607.4576213088076,-110.1280474553439,-1717.5856687641517,E80_P20,7,355,2023-12-22,30,29.772745652921905
renewable_used_MWh,27,927.44421052631571,927.44421052631571,0,0,0,E80_P20,7,343,2023-12-10,1,1
renewable_used_MWh,28,4911.5688499999878,579.50999999999999,-275.48884999998791,-5.1470827600041957e-13,-275.48884999998882,E80_P20,7,75,2023-03-17,8,7.9999999999999991
renewable_used_MWh,29,1206.0699999999999,473.09999999999997,-259.87,0,-259.87,E80_P20,7,48,2023-02-18,2,2
renewable_used_MWh,30,950.67620498612632,950.67620498612632,0,0,0,E80_P20,7,70,2023-03-12,1,1
renewable_used_MWh,31,788.32554016618951,788.32554016618951,0,0,0,E80_P20,7,123,2023-05-04,1,1
renewable_used_MWh,32,1301.0262049861262,1301.0262049861262,0,0,0,E80_P20,7,348,2023-12-15,1,1
renewable_used_MWh,33,4250.6825249999192,1045.9799999999791,-66.762525000002825,0,-66.762525000002825,E80_P20,7,177,2023-06-27,4,4
renewable_used_MWh,34,1280.4248753462525,1280.4248753462525,0,0,0,E80_P20,7,74,2023-03-16,1,1
renewable_used_MWh,35,2586.1799999999707,1437.6999999999853,289.2199999999998,-3.1923352850071424e-13,289.21999999999935,E80_P20,7,73,2023-03-15,2,1.9999999999999998
renewable_used_MWh,36,10234.469919815509,453.80000000000001,-250.86991981550818,-3.4210610814966456e-05,-250.86995402611865,E80_P20,7,363,2023-12-30,22,21.999999924613022
renewable_used_MWh,37,2953.2575510387078,732.30277499998215,-24.046451038779196,0,-24.046451038779196,E80_P20,7,179,2023-06-29,4,4
renewable_used_MWh,38,2063.9299999999998,983.48000000000002,-96.9699999999998,0,-96.9699999999998,E80_P20,7,93,2023-04-04,2,2
renewable_used_MWh,39,13057.668370591316,671.385083874982,370.03330690832445,0,370.03330690832445,E80_P20,7,222,2023-08-11,20,20
renewable_used_MWh,40,1221.6599999999999,1221.6599999999999,0,0,0,E80_P20,7,291,2023-10-19,1,1
renewable_used_MWh,41,1486.0758749999791,1486.0758749999791,0,0,0,E80_P20,7,186,2023-07-06,1,1
renewable_used_MWh,42,1790.5662049861262,1790.5662049861262,0,0,0,E80_P20,7,122,2023-05-03,1,1
renewable_used_MWh,43,15335.875336980142,696.24620498612626,-714.70503227148947,-526.41253454450566,-1241.1175668159958,E80_P20,7,164,2023-06-14,21,20.243927606679026
renewable_used_MWh,44,3217.79,165.25999999999999,-904.15000000000009,4.6089034810847806e-11,-904.14999999995416,E80_P20,7,79,2023-03-21,14,14.000000000000279
renewable_used_MWh,45,1151.9099999999999,1151.9099999999999,0,0,0,E80_P20,7,152,2023-06-02,1,1
renewable_used_MWh,46,1401.5900000000001,1401.5900000000001,0,0,0,E80_P20,7,69,2023-03-11,1,1
renewable_used_MWh,47,3638.9499624999426,955.26869999998507,182.12483749999774,0,182.12483749999774,E80_P20,7,189,2023-07-09,4,4
curtailment_MWh,0,745.30359414140014,39.737603947382468,9.7108808588667443,-2.2729388986166217e-11,9.710880858844007,E80_P20,7,211,2023-07-31,19,18.999999999999428
curtailment_MWh,1,891.08450984623641,272.70832500001478,472.45711515383755,0,472.45711515383755,E80_P20,7,354,2023-12-21,5,5
curtailment_MWh,2,4857.0611299733937,354.40800554018955,-249.75705795092927,-1.8383008469721914e-10,-249.75705795111298,E80_P20,7,109,2023-04-20,13,12.999999999999481
curtailment_MWh,3,0,0,0,-0,0,E80_P20,7,112,2023-04-23,13,12.999999999999483
curtailment_MWh,4,257.89000000001465,257.89000000001465,0,-2.8631541582059789e-14,-5.6843418860808015e-14,E80_P20,7,92,2023-04-03,1,0.99999999999999989
curtailment_MWh,5,103.21910000000993,103.21910000000993,103.21910000000993,-4.5838488560439008e-14,103.21910000000987,E80_P20,7,121,2023-05-02,2,1.9999999999999996
curtailment_MWh,6,4157.7175900278107,847.31379501387369,78.851385041557478,4236.5689750693682,4315.4203601109257,E80_P20,7,190,2023-07-10,5,10
curtailment_MWh,7,706.46880754858557,36.412625000004972,-51.04155754849603,-5.2521634152931604e-11,-51.041557548548553,E80_P20,7,281,2023-10-09,18,17.999999999998558
curtailment_MWh,8,13.250000000000021,0,-13.250000000000021,0,-13.250000000000021,E80_P20,7,308,2023-11-05,2,2
curtailment_MWh,9,1331.1187250000403,602.45872500001929,-126.20127500000171,-1.3377270957626736e-13,-126.20127500000194,E80_P20,7,187,2023-07-07,2,1.9999999999999998
curtailment_MWh,10,2679.1630239613587,215.93805000001467,-735.72057396122659,620.46744802952173,-115.25312593170474,E80_P20,7,50,2023-02-20,9,11.873358576820896
curtailment_MWh,11,5468.5509393755083,151.20412500001711,-932.42718937499467,-1495.4069104395178,-2427.8340998145127,E80_P20,7,45,2023-02-15,30,20.110012471952412
curtailment_MWh,12,244.54091412744225,244.54091412744225,0,-2.7149495332716961e-14,-2.8421709430404007e-14,E80_P20,7,332,2023-11-29,1,0.99999999999999989
curtailment_MWh,13,0,0,0,-0,0,E80_P20,7,140,2023-05-21,1,0.99999999999999989
curtailment_MWh,14,245.30328684214678,0,-245.30328684214678,0,-245.30328684214678,E80_P20,7,352,2023-12-19,12,12.000000000000481
curtailment_MWh,15,3928.3770077056206,222.19532500001827,-373.25180770532825,0,-373.25180770532825,E80_P20,7,229,2023-08-18,16,16
curtailment_MWh,16,1.304210526315785,0,-1.304210526315785,-0,-1.304210526315785,E80_P20,7,316,2023-11-13,22,21.999980979900002
curtailment_MWh,17,337.38000000002091,337.38000000002091,0,0,0,E80_P20,7,13,2023-01-14,1,1
curtailment_MWh,18,374.42284466763704,97.644459833810473,-81.489465166205605,2.9269924434337322e-11,-81.489465166176331,E80_P20,7,43,2023-02-13,3,3.0000000000002998
curtailment_MWh,19,11.359999999999992,6.8199999999999967,2.2800000000000011,0,2.2800000000000011,E80_P20,7,31,2023-02-01,2,2
curtailment_MWh,20,3634.7946580811313,194.64147500001846,258.03484191923781,0,258.03484191923781,E80_P20,7,290,2023-10-18,20,20
curtailment_MWh,21,31.779999999999987,0,-31.779999999999987,0,-31.779999999999987,E80_P20,7,47,2023-02-17,12,12.000000000000481
curtailment_MWh,22,30.945789473684215,30.945789473684215,61.89157894736843,92.836588188421374,154.72816713578982,E80_P20,7,12,2023-01-13,3,5.9999747871149989
curtailment_MWh,23,0,0,0,0,0,E80_P20,7,125,2023-05-06,3,3.0000000000002993
curtailment_MWh,24,2642.6918200139617,409.29000000001457,-186.95182001387411,-4.9148248137955241e-10,-186.95182001436569,E80_P20,7,94,2023-04-05,6,5.9999999999987992
curtailment_MWh,25,512.61445983381054,512.61445983381054,0,0,0,E80_P20,7,91,2023-04-02,1,1
curtailment_MWh,26,1900.8343786916046,41.117400000013753,-667.31237869119195,-9.344107890551971,-676.65648658174405,E80_P20,7,355,2023-12-22,30,29.772745652921905
curtailment_MWh,27,12.415789473684242,12.415789473684242,0,0,0,E80_P20,7,343,2023-12-10,1,1
curtailment_MWh,28,51.491150000011736,0,-51.491150000011736,-0,-51.491150000011736,E80_P20,7,75,2023-03-17,8,7.9999999999999991
curtailment_MWh,29,0,0,0,0,0,E80_P20,7,48,2023-02-18,2,2
curtailment_MWh,30,992.9237950138737,992.9237950138737,0,0,0,E80_P20,7,70,2023-03-12,1,1
curtailment_MWh,31,398.86445983381054,398.86445983381054,0,0,0,E80_P20,7,123,2023-05-04,1,1
curtailment_MWh,32,323.02379501387372,323.02379501387372,0,0,0,E80_P20,7,348,2023-12-15,1,1
curtailment_MWh,33,2235.9374750000811,647.02000000002101,352.14252500000293,0,352.14252500000293,E80_P20,7,177,2023-06-27,4,4
curtailment_MWh,34,135.06512465374738,135.06512465374738,0,0,0,E80_P20,7,74,2023-03-16,1,1
curtailment_MWh,35,422.42000000002929,254.22000000001461,86.019999999999925,-5.6448179464044703e-14,86.019999999999868,E80_P20,7,73,2023-03-15,2,1.9999999999999998
curtailment_MWh,36,265.06008018449057,0,-265.06008018449057,-0,-265.06008018449057,E80_P20,7,363,2023-12-30,22,21.999999924613022
curtailment_MWh,37,1235.9824489612922,370.43722500001797,245.76645103877968,0,245.76645103877968,E80_P20,7,179,2023-06-29,4,4
curtailment_MWh,38,0,0,0,0,0,E80_P20,7,93,2023-04-04,2,2
curtailment_MWh,39,6391.9716294086838,315.56491612501793,-80.673306908324776,0,-80.673306908324776,E80_P20,7,222,2023-08-11,20,20
curtailment_MWh,40,0,0,0,0,0,E80_P20,7,291,2023-10-19,1,1
curtailment_MWh,41,805.95412500002078,805.95412500002078,0,0,0,E80_P20,7,186,2023-07-06,1,1
curtailment_MWh,42,483.85379501387376,483.85379501387376,0,0,0,E80_P20,7,122,2023-05-03,1,1
curtailment_MWh,43,6678.8846630198586,304.04379501387371,-293.9649677285106,-229.87911977053102,-523.84408749904196,E80_P20,7,164,2023-06-14,21,20.243927606679026
curtailment_MWh,44,0,0,0,0,0,E80_P20,7,79,2023-03-21,14,14.000000000000279
curtailment_MWh,45,0,0,0,0,0,E80_P20,7,152,2023-06-02,1,1
curtailment_MWh,46,24.330000000000027,24.330000000000027,0,0,0,E80_P20,7,69,2023-03-11,1,1
curtailment_MWh,47,1354.1000375000574,284.44130000001508,-216.33483749999709,0,-216.33483749999709,E80_P20,7,189,2023-07-09,4,4
total_load_MWh,0,56140.800000000003,2924,-584.80000000000291,-1.672489702286839e-09,-584.80000000167638,E80_P20,7,211,2023-07-31,19,18.999999999999428
total_load_MWh,1,14327.6,2777.8000000000002,-438.60000000000036,0,-438.60000000000036,E80_P20,7,354,2023-12-21,5,5
total_load_MWh,2,38304.400000000001,2924,-292.40000000000146,-1.516667680334649e-09,-292.40000000151485,E80_P20,7,109,2023-04-20,13,12.999999999999481
total_load_MWh,3,37719.599999999999,2924,292.40000000000146,-1.5114736129362427e-09,292.39999999848806,E80_P20,7,112,2023-04-23,13,12.999999999999483
total_load_MWh,4,3070.1999999999998,3070.1999999999998,0,-3.4086067302041554e-13,-4.5474735088646412e-13,E80_P20,7,92,2023-04-03,1,0.99999999999999989
total_load_MWh,5,5848,2924,0,-1.2985168496015831e-12,-9.0949470177292824e-13,E80_P20,7,121,2023-05-02,2,1.9999999999999996
total_load_MWh,6,14327.6,2924,292.39999999999964,14620,14912.4,E80_P20,7,190,2023-07-10,5,10
total_load_MWh,7,55263.599999999999,3070.1999999999998,0,-4.4284618638812388e-09,-4.4310581870377064e-09,E80_P20,7,281,2023-10-09,18,17.999999999998558
total_load_MWh,8,5848,3070.1999999999998,292.39999999999964,0,292.39999999999964,E80_P20,7,308,2023-11-05,2,2
total_load_MWh,9,5994.1999999999998,2924,-146.19999999999982,-6.4925842480079154e-13,-146.20000000000073,E80_P20,7,187,2023-07-07,2,1.9999999999999998
total_load_MWh,10,26608.400000000001,3070.1999999999998,1023.3999999999978,8821.7855025555164,9845.1855025555124,E80_P20,7,50,2023-02-20,9,11.873358576820896
total_load_MWh,11,84503.600000000006,2777.8000000000002,-1169.6000000000058,-27472.407355410589,-28642.007355410591,E80_P20,7,45,2023-02-15,30,20.110012471952412
total_load_MWh,12,3070.1999999999998,3070.1999999999998,0,-3.4086067302041554e-13,-4.5474735088646412e-13,E80_P20,7,332,2023-11-29,1,0.99999999999999989
total_load_MWh,13,3070.1999999999998,3070.1999999999998,0,-3.4086067302041554e-13,-4.5474735088646412e-13,E80_P20,7,140,2023-05-21,1,0.99999999999999989
total_load_MWh,14,35526.599999999999,2924,-438.59999999999854,1.4075922649681161e-09,-438.59999999859428,E80_P20,7,352,2023-12-19,12,12.000000000000481
total_load_MWh,15,47661.199999999997,2924,-877.19999999999709,0,-877.19999999999709,E80_P20,7,229,2023-08-18,16,16
total_load_MWh,16,64181.800000000003,2924,146.19999999999709,-0.055614772394449119,146.14438522760611,E80_P20,7,316,2023-11-13,22,21.999980979900002
total_load_MWh,17,2924,2924,0,0,0,E80_P20,7,13,2023-01-14,1,1
total_load_MWh,18,9064.3999999999996,2924,-292.39999999999964,8.7649887348106859e-10,-292.39999999912288,E80_P20,7,43,2023-02-13,3,3.0000000000002998
total_load_MWh,19,5701.8000000000002,2924,146.19999999999982,0,146.19999999999982,E80_P20,7,31,2023-02-01,2,2
total_load_MWh,20,60526.799999999996,3070.1999999999998,877.20000000000437,0,877.20000000000437,E80_P20,7,290,2023-10-18,20,20
total_load_MWh,21,36842.399999999994,3070.1999999999998,0,1.4779718782165218e-09,1.4842953532934189e-09,E80_P20,7,47,2023-02-17,12,12.000000000000481
total_load_MWh,22,8625.7999999999993,2777.8000000000002,-292.39999999999782,8333.3299636480442,8040.9299636480464,E80_P20,7,12,2023-01-13,3,5.9999747871149989
total_load_MWh,23,9064.3999999999996,3070.1999999999998,146.19999999999891,9.1896037446304027e-10,146.20000000091932,E80_P20,7,125,2023-05-06,3,3.0000000000002993
total_load_MWh,24,17397.799999999999,2924,146.20000000000073,-3.5111895613226807e-09,146.19999999649008,E80_P20,7,94,2023-04-05,6,5.9999999999987992
total_load_MWh,25,2924,2924,0,0,0,E80_P20,7,91,2023-04-02,1,1
total_load_MWh,26,85819.400000000009,2924,1900.5999999999913,-664.4917108563485,1236.1082891436381,E80_P20,7,355,2023-12-22,30,29.772745652921905
total_load_MWh,27,2924,2924,0,0,0,E80_P20,7,343,2023-12-10,1,1
total_load_MWh,28,22661,2777.8000000000002,-438.59999999999854,-2.467182014243008e-12,-438.60000000000218,E80_P20,7,75,2023-03-17,8,7.9999999999999991
total_load_MWh,29,5555.6000000000004,2777.8000000000002,0,0,0,E80_P20,7,48,2023-02-18,2,2
total_load_MWh,30,2924,2924,0,0,0,E80_P20,7,70,2023-03-12,1,1
total_load_MWh,31,2777.8000000000002,2777.8000000000002,0,0,0,E80_P20,7,123,2023-05-04,1,1
total_load_MWh,32,2777.8000000000002,2777.8000000000002,0,0,0,E80_P20,7,348,2023-12-15,1,1
total_load_MWh,33,11403.6,2777.8000000000002,-292.39999999999964,0,-292.39999999999964,E80_P20,7,177,2023-06-27,4,4
total_load_MWh,34,3070.1999999999998,3070.1999999999998,0,0,0,E80_P20,7,74,2023-03-16,1,1
total_load_MWh,35,5848,2924,0,-6.4925842480079154e-13,-9.0949470177292824e-13,E80_P20,7,73,2023-03-15,2,1.9999999999999998
total_load_MWh,36,61988.800000000003,2777.8000000000002,-877.19999999999709,-0.00020940994870386476,-877.20020940994436,E80_P20,7,363,2023-12-30,22,21.999999924613022
total_load_MWh,37,12134.599999999999,3070.1999999999998,146.20000000000073,0,146.20000000000073,E80_P20,7,179,2023-06-29,4,4
total_load_MWh,38,5555.6000000000004,2777.8000000000002,0,0,0,E80_P20,7,93,2023-04-04,2,2
total_load_MWh,39,55702.200000000004,2777.8000000000002,-146.20000000000437,0,-146.20000000000437,E80_P20,7,222,2023-08-11,20,20
total_load_MWh,40,2777.8000000000002,2777.8000000000002,0,0,0,E80_P20,7,291,2023-10-19,1,1
total_load_MWh,41,2777.8000000000002,2777.8000000000002,0,0,0,E80_P20,7,186,2023-07-06,1,1
total_load_MWh,42,3070.1999999999998,3070.1999999999998,0,0,0,E80_P20,7,122,2023-05-03,1,1
total_load_MWh,43,63743.199999999997,3070.1999999999998,731,-2321.2934619740531,-1590.2934619740554,E80_P20,7,164,2023-06-14,21,20.243927606679026
total_load_MWh,44,41813.199999999997,2924,-877.19999999999709,8.1546858154979418e-10,-877.19999999918218,E80_P20,7,79,2023-03-21,14,14.000000000000279
total_load_MWh,45,3070.1999999999998,3070.1999999999998,0,0,0,E80_P20,7,152,2023-06-02,1,1
total_load_MWh,46,2777.8000000000002,2777.8000000000002,0,0,0,E80_P20,7,69,2023-03-11,1,1
total_load_MWh,47,11403.6,2777.8000000000002,-292.39999999999964,0,-292.39999999999964,E80_P20,7,189,2023-07-09,4,4
thermal_generation_MWh,0,41267.488540827173,2122.3142105263159,-943.51854082717182,-1.2139359309583741e-09,-943.5185408283869,E80_P20,7,211,2023-07-31,19,18.999999999999428
thermal_generation_MWh,1,9851.8012323060357,1963.7878947368358,-32.861758621857007,0,-32.861758621857007,E80_P20,7,354,2023-12-21,5,5
thermal_generation_MWh,2,26671.9894165511,2074.9284210526316,302.08005713311286,-1.076257481264819e-09,302.08005713203602,E80_P20,7,109,2023-04-20,13,12.999999999999481
thermal_generation_MWh,3,31305.251163434797,2472.6480332409897,839.17326869806857,-1.2781608263756681e-09,839.17326869679164,E80_P20,7,112,2023-04-23,13,12.999999999999483
thermal_generation_MWh,4,1523.6303679369103,1523.6303679369103,0,-1.6915695155016566e-13,-2.2737367544323206e-13,E80_P20,7,92,2023-04-03,1,0.99999999999999989
thermal_generation_MWh,5,3483.0360387811406,1606.7699999999893,-269.49603878116204,-7.1354921971078036e-13,-269.49603878116295,E80_P20,7,121,2023-05-02,2,1.9999999999999996
thermal_generation_MWh,6,8922.0649894420985,1727.5407235141968,-284.3613718711149,8637.7036175709836,8353.3422456998687,E80_P20,7,190,2023-07-10,5,10
thermal_generation_MWh,7,41119.917367105198,2258.8099999999895,-461.33736710538506,-3.2581115050333966e-09,-461.33736710864468,E80_P20,7,281,2023-10-09,18,17.999999999998558
thermal_generation_MWh,8,3807.2935605262956,2103.8942105263154,400.49486052633529,0,400.49486052633529,E80_P20,7,308,2023-11-05,2,2
thermal_generation_MWh,9,3849.8438504154992,1924.5406094182792,-0.7626315789407272,-4.273338592804608e-13,-0.76263157894118194,E80_P20,7,187,2023-07-07,2,1.9999999999999998
thermal_generation_MWh,10,16808.298808864056,2037.3384210525933,1527.7469806092849,5854.0038260182118,7381.7508066274968,E80_P20,7,50,2023-02-20,9,11.873358576820896
thermal_generation_MWh,11,64551.161456831571,2181.4542105263158,892.46485895790101,-21574.554935112159,-20682.090076154258,E80_P20,7,45,2023-02-15,30,20.110012471952412
thermal_generation_MWh,12,1589.2974792243645,1589.2974792243645,0,-1.7644746544136108e-13,-2.2737367544323206e-13,E80_P20,7,332,2023-11-29,1,0.99999999999999989
thermal_generation_MWh,13,1572.2011357340693,1572.2011357340693,0,-1.7454939002337847e-13,-2.2737367544323206e-13,E80_P20,7,140,2023-05-21,1,0.99999999999999989
thermal_generation_MWh,14,25364.863408490924,2224.9812274238107,1334.9113205948051,1.071089728256163e-09,1334.9113205958747,E80_P20,7,352,2023-12-19,12,12.000000000000481
thermal_generation_MWh,15,34478.027107894712,2121.2442105263158,-538.11973947365914,0,-538.11973947365914,E80_P20,7,229,2023-08-18,16,16
thermal_generation_MWh,16,53762.79157894737,2441.4842105263156,-50.138947368424851,-0.046437273827996693,-50.185384642252757,E80_P20,7,316,2023-11-13,22,21.999980979900002
thermal_generation_MWh,17,840.88669999998615,840.88669999998615,0,0,0,E80_P20,7,13,2023-01-14,1,1
thermal_generation_MWh,18,6088.357343405879,1939.5612769238846,-269.67351263422552,5.8140330857431186e-10,-269.67351263364344,E80_P20,7,43,2023-02-13,3,3.0000000000002998
thermal_generation_MWh,19,3679.0029789089244,1837.9650933826233,-3.0727921436778161,0,-3.0727921436778161,E80_P20,7,31,2023-02-01,2,2
thermal_generation_MWh,20,43781.622073961073,2228.5142105263158,788.66213656523905,0,788.66213656523905,E80_P20,7,290,2023-10-18,20,20
thermal_generation_MWh,21,28788.27711184209,2419.9742105263158,251.41341447369996,1.1649579275510141e-09,251.41341447486411,E80_P20,7,47,2023-02-17,12,12.000000000000481
thermal_generation_MWh,22,4699.5034499999792,1291.2599999999893,-825.72345000001133,3873.7474436100815,3048.0239936100697,E80_P20,7,12,2023-01-13,3,5.9999747871149989
thermal_generation_MWh,23,5318.0288652454674,1792.0543152454768,58.134080490963242,5.3639075779952144e-10,58.134080491499844,E80_P20,7,125,2023-05-06,3,3.0000000000002993
thermal_generation_MWh,24,12285.972829570592,2134.7355401662003,522.44041142660899,-2.5634272041094722e-09,522.44041142404603,E80_P20,7,94,2023-04-05,6,5.9999999999987992
thermal_generation_MWh,25,1325.6843213296268,1325.6843213296268,0,0,0,E80_P20,7,91,2023-04-02,1,1
thermal_generation_MWh,26,66560.127340847917,2263.3600000000001,1340.6726591520855,-514.35839900267615,826.31426014940371,E80_P20,7,355,2023-12-22,30,29.772745652921905
thermal_generation_MWh,27,2002.5187457755987,2002.5187457755987,0,0,0,E80_P20,7,343,2023-12-10,1,1
thermal_generation_MWh,28,17590.762216066461,2176.3059833795014,-180.3143490304501,-1.9329480091019326e-12,-180.31434903045374,E80_P20,7,75,2023-03-17,8,7.9999999999999991
thermal_generation_MWh,29,4354.6332063802729,2308.0479501384921,261.46269389671124,0,261.46269389671124,E80_P20,7,48,2023-02-18,2,2
thermal_generation_MWh,30,1895.2706648199423,1895.2706648199423,0,0,0,E80_P20,7,70,2023-03-12,1,1
thermal_generation_MWh,31,1969.6637673130185,1969.6637673130185,0,0,0,E80_P20,7,123,2023-05-04,1,1
thermal_generation_MWh,32,1486.8032499999886,1486.8032499999886,0,0,0,E80_P20,7,348,2023-12-15,1,1
thermal_generation_MWh,33,7155.0803324099234,1741.5699999999892,-188.80033240996636,0,-188.80033240996636,E80_P20,7,177,2023-06-27,4,4
thermal_generation_MWh,34,1795.2199999999891,1795.2199999999891,0,0,0,E80_P20,7,74,2023-03-16,1,1
thermal_generation_MWh,35,3280.0246814404113,1494.0999999999892,-291.82468144043287,-3.3175684421848688e-13,-291.82468144043332,E80_P20,7,73,2023-03-15,2,1.9999999999999998
thermal_generation_MWh,36,49813.364248504768,2238.2513855263055,-571.83376692604361,-0.00016873500893851891,-571.83393566105224,E80_P20,7,363,2023-12-30,22,21.999999924613022
thermal_generation_MWh,37,8584.2768421052624,2140.8242105263157,-20.979999999999563,0,-20.979999999999563,E80_P20,7,179,2023-06-29,4,4
thermal_generation_MWh,38,3492.6996333114284,1794.8406833114304,96.981733311432436,0,96.981733311432436,E80_P20,7,93,2023-04-04,2,2
thermal_generation_MWh,39,41646.823402112059,2058.4175605263108,-478.47219158583903,0,-478.47219158583903,E80_P20,7,222,2023-08-11,20,20
thermal_generation_MWh,40,1560.0291966758862,1560.0291966758862,0,0,0,E80_P20,7,291,2023-10-19,1,1
thermal_generation_MWh,41,1303.384149999983,1303.384149999983,0,0,0,E80_P20,7,186,2023-07-06,1,1
thermal_generation_MWh,42,1292.4195749999794,1292.4195749999794,0,0,0,E80_P20,7,122,2023-05-03,1,1
thermal_generation_MWh,43,44397.108421052631,2134.8042105263157,433.77999999999884,-1614.0665287243232,-1180.2865287243258,E80_P20,7,164,2023-06-14,21,20.243927606679026
thermal_generation_MWh,44,35564.957368421055,2557.1642105263159,235.34157894736563,7.1316247316956026e-10,235.34157894807868,E80_P20,7,79,2023-03-21,14,14.000000000000279
thermal_generation_MWh,45,1921.7391711229825,1921.7391711229825,0,0,0,E80_P20,7,152,2023-06-02,1,1
thermal_generation_MWh,46,1383.6209749999759,1383.6209749999759,0,0,0,E80_P20,7,69,2023-03-11,1,1
thermal_generation_MWh,47,7800.7425900276157,1832.7794736841904,-469.62469529085411,0,-469.62469529085411,E80_P20,7,189,2023-07-09,4,4
unserved_MWh,0,2914.8037249995859,138.29949999997865,-287.11322499999142,-7.9105502592812234e-11,-287.11322500007054,E80_P20,7,211,2023-07-31,19,18.999999999999428
unserved_MWh,1,325.16479999991896,34.619999999978731,-152.06480000002529,0,-152.06480000002529,E80_P20,7,354,2023-12-21,5,5
unserved_MWh,2,749.53147499977581,88.04827499997738,395.09609999993017,-4.567030540413234e-11,395.09609999988447,E80_P20,7,109,2023-04-20,13,12.999999999999481
unserved_MWh,3,649.80327499976283,45.919999999978756,-52.843275000039057,-2.3736959064979534e-11,-52.843275000062704,E80_P20,7,112,2023-04-23,13,12.999999999999483
unserved_MWh,4,0,0,0,-0,0,E80_P20,7,92,2023-04-03,1,0.99999999999999989
unserved_MWh,5,0,0,0,-0,0,E80_P20,7,121,2023-05-02,2,1.9999999999999996
unserved_MWh,6,80.089999999978772,0,-80.089999999978772,0,-80.089999999978772,E80_P20,7,190,2023-07-10,5,10
unserved_MWh,7,4900.8870999996479,278.39502499998116,110.22335000001294,-4.0155747225154086e-10,110.22334999961095,E80_P20,7,281,2023-10-09,18,17.999999999998558
unserved_MWh,8,115.7039999999823,115.7039999999823,115.7039999999823,0,115.7039999999823,E80_P20,7,308,2023-11-05,2,2
unserved_MWh,9,82.623124999959032,30.719999999978747,-21.183125000001539,-6.8212102632922426e-15,-21.183125000001546,E80_P20,7,187,2023-07-07,2,1.9999999999999998
unserved_MWh,10,11.120000000000005,2.590000000000007,12.190000000000058,7.4419987139661421,19.631998713966201,E80_P20,7,50,2023-02-20,9,11.873358576820896
unserved_MWh,11,2953.1607249993394,107.70187499997833,277.89552500001037,-1065.170200497126,-787.27467549711537,E80_P20,7,45,2023-02-15,30,20.110012471952412
unserved_MWh,12,0,0,0,-0,0,E80_P20,7,332,2023-11-29,1,0.99999999999999989
unserved_MWh,13,0,0,0,-0,0,E80_P20,7,140,2023-05-21,1,0.99999999999999989
unserved_MWh,14,607.30067499977292,27.179999999978765,-281.14067500002773,1.3084253680507355e-11,-281.14067500001465,E80_P20,7,352,2023-12-19,12,12.000000000000481
unserved_MWh,15,3017.3414499996629,156.86999999997872,-507.42145000000346,0,-507.42145000000346,E80_P20,7,229,2023-08-18,16,16
unserved_MWh,16,3980.8022249995406,229.39999999998051,1065.9977750000303,-0.0043632109395641393,1065.9934117890912,E80_P20,7,316,2023-11-13,22,21.999980979900002
unserved_MWh,17,0,0,0,0,0,E80_P20,7,13,2023-01-14,1,1
unserved_MWh,18,242.15672499996123,0,-242.15672499996123,0,-242.15672499996123,E80_P20,7,43,2023-02-13,3,3.0000000000002998
unserved_MWh,19,38.149999999978725,0.61999999999999433,-36.909999999978737,0,-36.909999999978737,E80_P20,7,31,2023-02-01,2,2
unserved_MWh,20,3040.1311749995698,140.89417499997126,-222.24767500014468,0,-222.24767500014468,E80_P20,7,290,2023-10-18,20,20
unserved_MWh,21,3302.3081499997734,323.63614999998322,581.32565000002523,1.5579608119153124e-10,581.32565000018121,E80_P20,7,47,2023-02-17,12,12.000000000000481
unserved_MWh,22,0,0,0,0,0,E80_P20,7,12,2023-01-13,3,5.9999747871149989
unserved_MWh,23,0,0,0,0,0,E80_P20,7,125,2023-05-06,3,3.0000000000002993
unserved_MWh,24,429.44147499989475,46.55609999997931,-150.10487500001892,-5.5905366735917308e-11,-150.1048750000748,E80_P20,7,94,2023-04-05,6,5.9999999999987992
unserved_MWh,25,0,0,0,0,0,E80_P20,7,91,2023-04-02,1,1
unserved_MWh,26,3455.4990499993546,186.30999999998048,2133.8009500000599,-42.33975740411536,2091.4611925959443,E80_P20,7,355,2023-12-22,30,29.772745652921905
unserved_MWh,27,0.8899999999999938,0.8899999999999938,0,0,0,E80_P20,7,343,2023-12-10,1,1
unserved_MWh,28,215.9533249998448,28.559999999978729,12.526674999985033,-2.5366375666616684e-14,12.526674999985005,E80_P20,7,75,2023-03-17,8,7.9999999999999991
unserved_MWh,29,0,0,0,0,0,E80_P20,7,48,2023-02-18,2,2
unserved_MWh,30,91.353774999979876,91.353774999979876,0,0,0,E80_P20,7,70,2023-03-12,1,1
unserved_MWh,31,31.114774999978188,31.114774999978188,0,0,0,E80_P20,7,123,2023-05-04,1,1
unserved_MWh,32,0,0,0,0,0,E80_P20,7,348,2023-12-15,1,1
unserved_MWh,33,43.62999999997875,0,-43.62999999997875,0,-43.62999999997875,E80_P20,7,177,2023-06-27,4,4
unserved_MWh,34,0,0,0,0,0,E80_P20,7,74,2023-03-16,1,1
unserved_MWh,35,0,0,0,-0,0,E80_P20,7,73,2023-03-15,2,1.9999999999999998
unserved_MWh,36,2132.1541749995058,95.621874999978317,-28.472924999982752,-7.2086442287827879e-06,-28.472932208626844,E80_P20,7,363,2023-12-30,22,21.999999924613022
unserved_MWh,37,645.33799999991447,209.17999999997866,191.38200000000018,0,191.38200000000018,E80_P20,7,179,2023-06-29,4,4
unserved_MWh,38,0,0,0,0,0,E80_P20,7,93,2023-04-04,2,2
unserved_MWh,39,1276.6459999995579,61.499999999978762,-46.645999999982678,0,-46.645999999982678,E80_P20,7,222,2023-08-11,20,20
unserved_MWh,40,0,0,0,0,0,E80_P20,7,291,2023-10-19,1,1
unserved_MWh,41,0,0,0,0,0,E80_P20,7,186,2023-07-06,1,1
unserved_MWh,42,0,0,0,0,0,E80_P20,7,122,2023-05-03,1,1
unserved_MWh,43,4281.5539749995523,252.1999999999787,1014.646025,-190.68145759553346,823.96456740446683,E80_P20,7,164,2023-06-14,21,20.243927606679026
unserved_MWh,44,3117.5364499997172,208.10869999997882,-204.01465000001372,5.8039024075634196e-11,-204.01464999995551,E80_P20,7,79,2023-03-21,14,14.000000000000279
unserved_MWh,45,0,0,0,0,0,E80_P20,7,152,2023-06-02,1,1
unserved_MWh,46,0,0,0,0,0,E80_P20,7,69,2023-03-11,1,1
unserved_MWh,47,12.879999999978736,0,-12.879999999978736,0,-12.879999999978736,E80_P20,7,189,2023-07-09,4,4
discharge_MWh,0,1695.8546276577783,101.13652500003542,225.73934734289469,-5.7848767642829924e-11,225.73934734283671,E80_P20,7,211,2023-07-31,19,18.999999999999428
discharge_MWh,1,563.35922071890786,118.8483250000361,30.88240428127267,0,30.88240428127267,E80_P20,7,354,2023-12-21,5,5
discharge_MWh,2,1669.3913828129339,124.67172500002265,-48.658957812639528,-6.4666749644016289e-11,-48.658957812704102,E80_P20,7,109,2023-04-20,13,12.999999999999481
discharge_MWh,3,950.39672500023732,80.420000000021318,95.06327500003988,-4.157069355416035e-11,95.063274999998271,E80_P20,7,112,2023-04-23,13,12.999999999999483
discharge_MWh,4,81.459816031559399,81.459816031559399,0,-9.0438563339966692e-15,-1.4210854715202004e-14,E80_P20,7,92,2023-04-03,1,0.99999999999999989
discharge_MWh,5,90.129100000020628,58.879100000020621,27.629100000020614,-2.6147572995691979e-14,27.629100000020586,E80_P20,7,121,2023-05-02,2,1.9999999999999996
discharge_MWh,6,600.80951765729708,101.69951765720215,-92.31192937128634,508.49758828601074,416.1856589147244,E80_P20,7,190,2023-07-10,5,10
discharge_MWh,7,1495.3329000005167,98.047600000034336,269.52390000010132,-1.4142403017563487e-10,269.52389999995989,E80_P20,7,281,2023-10-09,18,17.999999999998558
discharge_MWh,8,107.16665000003754,50.616000000017721,-5.9346500000020939,0,-5.9346500000020939,E80_P20,7,308,2023-11-05,2,2
discharge_MWh,9,266.10560000008138,124.60872500004071,-16.888149999999968,-2.7668695112845911e-14,-16.888149999999996,E80_P20,7,187,2023-07-07,2,1.9999999999999998
discharge_MWh,10,933.74765000012667,140.2380500000146,328.39480000000458,402.95420376417968,731.34900376418432,E80_P20,7,50,2023-02-20,9,11.873358576820896
discharge_MWh,11,3431.8256032533195,110.63225000003875,-112.85810325215698,-1094.1515727002259,-1207.0096759523831,E80_P20,7,45,2023-02-15,30,20.110012471952412
discharge_MWh,12,81.980000000010634,81.980000000010634,0,-9.1016083558782139e-15,-1.4210854715202004e-14,E80_P20,7,332,2023-11-29,1,0.99999999999999989
discharge_MWh,13,6.4899999999999931,6.4899999999999931,0,-7.2053474298172583e-16,-8.8817841970012523e-16,E80_P20,7,140,2023-05-21,1,0.99999999999999989
discharge_MWh,14,985.35224590423707,92.482900000024372,124.44255409605546,4.4520593256448044e-11,124.44255409610003,E80_P20,7,352,2023-12-19,12,12.000000000000481
discharge_MWh,15,1846.0202466255962,112.82532500003956,-40.815046624963315,0,-40.815046624963315,E80_P20,7,229,2023-08-18,16,16
discharge_MWh,16,1312.6477750004594,55.670000000019485,-87.907775000030824,-0.0010588489668946874,-87.908833848997574,E80_P20,7,316,2023-11-13,22,21.999980979900002
discharge_MWh,17,99.383300000034779,99.383300000034779,0,0,0,E80_P20,7,13,2023-01-14,1,1
discharge_MWh,18,285.2013274238779,88.184127423823085,-20.648945152408658,2.6434093141549913e-11,-20.648945152382225,E80_P20,7,43,2023-02-13,3,3.0000000000002998
discharge_MWh,19,172.1042406702116,69.747915670175701,-32.608409329860194,0,-32.608409329860194,E80_P20,7,31,2023-02-01,2,2
discharge_MWh,20,2388.9738796881852,134.83730000004721,307.77212031275894,0,307.77212031275894,E80_P20,7,290,2023-10-18,20,20
discharge_MWh,21,687.05947500024058,47.673850000016699,-114.97327500004019,2.294984353668732e-11,-114.97327500001722,E80_P20,7,47,2023-02-17,12,12.000000000000481
discharge_MWh,22,58.756550000020532,30.400000000010635,32.443450000011374,91.199233528327866,123.64268352833926,E80_P20,7,12,2023-01-13,3,5.9999747871149989
discharge_MWh,23,29.702573169691384,3.187123169682101,-20.141203660645083,9.5395736482017316e-13,-20.141203660644127,E80_P20,7,125,2023-05-06,3,3.0000000000002993
discharge_MWh,24,730.07607500019367,113.68390000003536,-47.97267499998145,-1.365135851472557e-10,-47.972675000117988,E80_P20,7,94,2023-04-05,6,5.9999999999987992
discharge_MWh,25,74.049999999999983,74.049999999999983,0,0,0,E80_P20,7,91,2023-04-02,1,1
discharge_MWh,26,3163.4893945805097,95.087400000033227,-310.86739457951307,-21.609025002361157,-332.47641958187387,E80_P20,7,355,2023-12-22,30,29.772745652921905
discharge_MWh,27,63.433775000001916,63.433775000001916,0,0,0,E80_P20,7,343,2023-12-10,1,1
discharge_MWh,28,530.24782500016704,60.870000000021278,-43.287824999996815,-5.4063420407165522e-14,-43.287824999996872,E80_P20,7,75,2023-03-17,8,7.9999999999999991
discharge_MWh,29,47.237371879109425,30.990000000000002,14.742628120890579,0,14.742628120890579,E80_P20,7,48,2023-02-18,2,2
discharge_MWh,30,123.11622500002011,123.11622500002011,0,0,0,E80_P20,7,70,2023-03-12,1,1
discharge_MWh,31,104.63522500002185,104.63522500002185,0,0,0,E80_P20,7,123,2023-05-04,1,1
discharge_MWh,32,92.836750000011492,92.836750000011492,0,0,0,E80_P20,7,348,2023-12-15,1,1
discharge_MWh,33,423.87747500012347,90.250000000031591,-62.877474999997105,0,-62.877474999997105,E80_P20,7,177,2023-06-27,4,4
discharge_MWh,34,50.400000000010643,50.400000000010643,0,0,0,E80_P20,7,74,2023-03-16,1,1
discharge_MWh,35,168.51000000003995,72.200000000025284,-24.109999999989384,-1.6031620475592875e-14,-24.109999999989412,E80_P20,7,73,2023-03-15,2,1.9999999999999998
discharge_MWh,36,1769.7177420176624,91.390950000032049,240.88315798304257,-6.8896875770408884e-06,240.88315109335508,E80_P20,7,363,2023-12-30,22,21.999999924613022
discharge_MWh,37,446.82907500013539,112.06722500003922,1.4398250000214716,0,1.4398250000214716,E80_P20,7,179,2023-06-29,4,4
discharge_MWh,38,9.5307083442863707,4.8196583442847238,0.10860834428307697,0,0.10860834428307697,E80_P20,7,93,2023-04-04,2,2
discharge_MWh,39,2581.9624601569039,124.98601612504237,-82.242137656056457,0,-82.242137656056457,E80_P20,7,222,2023-08-11,20,20
discharge_MWh,40,36,36,0,0,0,E80_P20,7,291,2023-10-19,1,1
discharge_MWh,41,107.92997500003779,107.92997500003779,0,0,0,E80_P20,7,186,2023-07-06,1,1
discharge_MWh,42,118.35042500002042,118.35042500002042,0,0,0,E80_P20,7,122,2023-05-03,1,1
discharge_MWh,43,2511.6133750005574,120.80000000002127,25.186624999889318,-91.3335451131897,-66.146920113300439,E80_P20,7,164,2023-06-14,21,20.243927606679026
discharge_MWh,44,806.08355000028223,60.471300000021159,40.514650000013944,1.6864721352766525e-11,40.514650000030883,E80_P20,7,79,2023-03-21,14,14.000000000000279
discharge_MWh,45,31.926942959005743,31.926942959005743,0,0,0,E80_P20,7,152,2023-06-02,1,1
discharge_MWh,46,68.599025000024,68.599025000024,0,0,0,E80_P20,7,69,2023-03-11,1,1
discharge_MWh,47,453.31003750011064,94.861300000015078,-73.864837500050328,0,-73.864837500050328,E80_P20,7,189,2023-07-09,4,4
total_cost_CNY,0,44181609.675678708,2157076.0792649728,-3197164.1696442217,-1.2338192645759017e-06,-3197164.1696454585,E80_P20,7,211,2023-07-31,19,18.999999999999428
total_cost_CNY,1,6995190.0231902329,1111568.130949182,-1437349.3684443226,0,-1437349.3684443226,E80_P20,7,354,2023-12-21,5,5
total_cost_CNY,2,18108676.039652936,1701148.2352677318,4006251.0188275762,-8.8237912034503853e-07,4006251.018826697,E80_P20,7,109,2023-04-20,13,12.999999999999481
total_cost_CNY,3,17754433.478489295,1347743.2311756331,-233771.4732060656,-6.9667521577818063e-07,-233771.47320676222,E80_P20,7,112,2023-04-23,13,12.999999999999483
total_cost_CNY,4,607975.44647973601,607975.44647973601,0,-6.749883390885625e-11,-1.1641532182693481e-10,E80_P20,7,92,2023-04-03,1,0.99999999999999989
total_cost_CNY,5,1285232.1636563991,605914.33054149733,-73403.502573404461,-2.6908001628700321e-10,-73403.502573404694,E80_P20,7,121,2023-05-02,2,1.9999999999999996
total_cost_CNY,6,4872735.4571941514,797431.22695081448,-885579.32244007895,3987156.1347540724,3101576.8123139935,E80_P20,7,190,2023-07-10,5,10
total_cost_CNY,7,63958709.120740004,3605108.9705413077,933252.34900353104,-5.2000155010026491e-06,933252.34899833798,E80_P20,7,281,2023-10-09,18,17.999999999998558
total_cost_CNY,8,2537938.851767025,1916221.3532255325,1294503.85468404,0,1294503.85468404,E80_P20,7,308,2023-11-05,2,2
total_cost_CNY,9,2487185.8377280217,1124839.2650876883,-237507.30755264498,-2.4976449022055832e-10,-237507.30755264545,E80_P20,7,187,2023-07-07,2,1.9999999999999998
total_cost_CNY,10,6740084.6402681824,805870.65740990976,512751.27642100584,2315555.3652770584,2828306.6416980643,E80_P20,7,50,2023-02-20,9,11.873358576820896
total_cost_CNY,11,53921908.790037043,1894187.0907254964,2903703.9317278489,-18733486.703063905,-15829782.771336056,E80_P20,7,45,2023-02-15,30,20.110012471952412
total_cost_CNY,12,628294.32009551511,628294.32009551511,0,-6.9754682041124906e-11,-1.1641532182693481e-10,E80_P20,7,332,2023-11-29,1,0.99999999999999989
total_cost_CNY,13,572647.51704842318,572647.51704842318,0,-6.3576645842158628e-11,-1.1641532182693481e-10,E80_P20,7,140,2023-05-21,1,0.99999999999999989
total_cost_CNY,14,15277369.757295012,1073780.4781396207,-2392004.0196195636,5.1691008731296008e-07,-2392004.0196190458,E80_P20,7,352,2023-12-19,12,12.000000000000481
total_cost_CNY,15,43401855.104431137,2379015.0114755007,-5337614.920823127,0,-5337614.920823127,E80_P20,7,229,2023-08-18,16,16
total_cost_CNY,16,59129255.452395231,3171388.3932255143,10641289.198566079,-60.320124371968085,10641228.878441706,E80_P20,7,316,2023-11-13,22,21.999980979900002
total_cost_CNY,17,385092.39754149859,385092.39754149859,0,0,0,E80_P20,7,13,2023-01-14,1,1
total_cost_CNY,18,4697165.5610239329,721569.3997058589,-2532457.3619063562,2.1629779958296726e-07,-2532457.3619061401,E80_P20,7,43,2023-02-13,3,3.0000000000002998
total_cost_CNY,19,1717768.5241076108,673861.48138211877,-370045.56134337327,0,-370045.56134337327,E80_P20,7,31,2023-02-01,2,2
total_cost_CNY,20,46921972.537125163,2251510.6112254262,-1891760.3126166388,0,-1891760.3126166388,E80_P20,7,290,2023-10-18,20,20
total_cost_CNY,21,43379951.71839045,4106141.4317255421,5893745.4623160511,1.9766665246791995e-06,5893745.462318033,E80_P20,7,47,2023-02-17,12,12.000000000000481
total_cost_CNY,22,1718539.5895192265,480746.37743623217,-276300.45721053006,1442227.0113055676,1165926.5540950377,E80_P20,7,12,2023-01-13,3,5.9999747871149989
total_cost_CNY,23,1928543.7871921072,649563.10110911261,20145.51613523066,1.9442471195120964e-07,20145.516135425074,E80_P20,7,125,2023-05-06,3,3.0000000000002993
total_cost_CNY,24,9264217.6823504418,1318025.4975994653,-1356064.69675365,-1.5827077184433565e-06,-1356064.6967552323,E80_P20,7,94,2023-04-05,6,5.9999999999987992
total_cost_CNY,25,589565.12397363037,589565.12397363037,0,0,0,E80_P20,7,91,2023-04-02,1,1
total_cost_CNY,26,58932203.425219409,2686762.5735413069,21670673.781019799,-610578.47440399067,21060095.306615807,E80_P20,7,355,2023-12-22,30,29.772745652921905
total_cost_CNY,27,735211.27620769525,735211.27620769525,0,0,0,E80_P20,7,343,2023-12-10,1,1
total_cost_CNY,28,8510398.4902037047,1070228.013724112,51425.61958919093,-9.5055342594828569e-10,51425.619589189067,E80_P20,7,75,2023-03-17,8,7.9999999999999991
total_cost_CNY,29,1569218.4350348846,830438.90208997112,91659.36914505763,0,91659.36914505763,E80_P20,7,48,2023-02-18,2,2
total_cost_CNY,30,1799010.6234810525,1799010.6234810525,0,0,0,E80_P20,7,70,2023-03-12,1,1
total_cost_CNY,31,1103661.5323175997,1103661.5323175997,0,0,0,E80_P20,7,123,2023-05-04,1,1
total_cost_CNY,32,608226.48354426981,608226.48354426981,0,0,0,E80_P20,7,348,2023-12-15,1,1
total_cost_CNY,33,3481253.2642592737,762168.21954149974,-432580.38609327469,0,-432580.38609327469,E80_P20,7,177,2023-06-27,4,4
total_cost_CNY,34,678156.24447224464,678156.24447224464,0,0,0,E80_P20,7,74,2023-03-16,1,1
total_cost_CNY,35,1278802.177587148,596813.21954149834,-85175.738504151348,-1.3251915554712797e-10,-85175.738504151581,E80_P20,7,73,2023-03-15,2,1.9999999999999998
total_cost_CNY,36,39317797.260341778,1762832.8639754893,-535474.25288101286,-0.13289464310554908,-535474.38577565551,E80_P20,7,363,2023-12-30,22,21.999999924613022
total_cost_CNY,37,9798790.5534442421,2938608.8104755003,1955644.6884577591,0,1955644.6884577591,E80_P20,7,179,2023-06-29,4,4
total_cost_CNY,38,1267164.6178254408,650554.65528394247,33944.692742444109,0,33944.692742444109,E80_P20,7,93,2023-04-04,2,2
total_cost_CNY,39,29093306.532048084,1422121.2091117494,-650882.34981309623,0,-650882.34981309623,E80_P20,7,222,2023-08-11,20,20
total_cost_CNY,40,568682.43837805907,568682.43837805907,0,0,0,E80_P20,7,291,2023-10-19,1,1
total_cost_CNY,41,640766.7967914975,640766.7967914975,0,0,0,E80_P20,7,186,2023-07-06,1,1
total_cost_CNY,42,572613.33404426661,572613.33404426661,0,0,0,E80_P20,7,122,2023-05-03,1,1
total_cost_CNY,43,60183977.374089397,3353510.4522282714,10239742.122704305,-2535496.6736431299,7704245.4490611777,E80_P20,7,164,2023-06-14,21,20.243927606679026
total_cost_CNY,44,43943531.488025531,2999011.4062254978,-1957371.8008685634,8.363883643934201e-07,-1957371.8008677214,E80_P20,7,79,2023-03-21,14,14.000000000000279
total_cost_CNY,45,695240.19886413286,695240.19886413286,0,0,0,E80_P20,7,152,2023-06-02,1,1
total_cost_CNY,46,512131.55104149075,512131.55104149075,0,0,0,E80_P20,7,69,2023-03-11,1,1
total_cost_CNY,47,3223661.892550461,721621.9083309687,-337174.2592265862,0,-337174.2592265862,E80_P20,7,189,2023-07-09,4,4
thermal_cost_CNY,0,14443620.989289511,742809.97368421056,-330231.489289511,-4.2487757583543095e-07,-330231.48928993568,E80_P20,7,211,2023-07-31,19,18.999999999999428
thermal_cost_CNY,1,3448130.4313071128,687325.76315789251,-11501.615517650265,0,-11501.615517650265,E80_P20,7,354,2023-12-21,5,5
thermal_cost_CNY,2,9335196.2957928833,726224.94736842101,105728.01999658905,-3.766901184426866e-07,105728.0199962128,E80_P20,7,109,2023-04-20,13,12.999999999999481
thermal_cost_CNY,3,10956837.907202179,865426.81163434638,293710.64404432476,-4.4735628923148382e-07,293710.64404387772,E80_P20,7,112,2023-04-23,13,12.999999999999483
thermal_cost_CNY,4,533270.62877791864,533270.62877791864,0,-5.9204933042557988e-11,-1.1641532182693481e-10,E80_P20,7,92,2023-04-03,1,0.99999999999999989
thermal_cost_CNY,5,1219062.6135733994,562369.49999999627,-94323.613573406823,-2.4974222689877313e-10,-94323.613573407056,E80_P20,7,121,2023-05-02,2,1.9999999999999996
thermal_cost_CNY,6,3122722.7463047346,604639.25322996883,-99526.480154890567,3023196.266149844,2923669.7859949535,E80_P20,7,190,2023-07-10,5,10
thermal_cost_CNY,7,14391971.078486819,790583.49999999627,-161468.07848688588,-1.1403390267616889e-06,-161468.07848802581,E80_P20,7,281,2023-10-09,18,17.999999999998558
thermal_cost_CNY,8,1332552.7461842035,736362.97368421045,140173.20118421735,0,140173.20118421735,E80_P20,7,308,2023-11-05,2,2
thermal_cost_CNY,9,1347445.3476454248,673589.21329639771,-266.92105262936093,-1.4956685074816127e-10,-266.92105262959376,E80_P20,7,187,2023-07-07,2,1.9999999999999998
thermal_cost_CNY,10,5882904.583102419,713068.44736840762,534711.44321324956,2048901.339106374,2583612.782319623,E80_P20,7,50,2023-02-20,9,11.873358576820896
thermal_cost_CNY,11,22592906.509891048,763508.97368421056,312362.70063526928,-7551094.2272892566,-7238731.5266539883,E80_P20,7,45,2023-02-15,30,20.110012471952412
thermal_cost_CNY,12,556254.11772852752,556254.11772852752,0,-6.1756612904476373e-11,-1.1641532182693481e-10,E80_P20,7,332,2023-11-29,1,0.99999999999999989
thermal_cost_CNY,13,550270.39750692423,550270.39750692423,0,-6.1092286508182462e-11,-1.1641532182693481e-10,E80_P20,7,140,2023-05-21,1,0.99999999999999989
thermal_cost_CNY,14,8877702.1929718237,778743.42959833378,467218.96220818162,3.7488140488965706e-07,467218.96220855601,E80_P20,7,352,2023-12-19,12,12.000000000000481
thermal_cost_CNY,15,12067309.487763148,742435.47368421056,-188341.90881577879,0,-188341.90881577879,E80_P20,7,229,2023-08-18,16,16
thermal_cost_CNY,16,18816977.052631579,854519.47368421045,-17548.631578948349,-16.253045839798844,-17564.8846247904,E80_P20,7,316,2023-11-13,22,21.999980979900002
thermal_cost_CNY,17,294310.34499999514,294310.34499999514,0,0,0,E80_P20,7,13,2023-01-14,1,1
thermal_cost_CNY,18,2130925.0701920576,678846.44692335965,-94385.729421978816,2.0349115800100916e-07,-94385.729421775322,E80_P20,7,43,2023-02-13,3,3.0000000000002998
thermal_cost_CNY,19,1287651.0426181236,643287.78268391814,-1075.4772502873093,0,-1075.4772502873093,E80_P20,7,31,2023-02-01,2,2
thermal_cost_CNY,20,15323567.725886377,779979.97368421056,276031.74779783376,0,276031.74779783376,E80_P20,7,290,2023-10-18,20,20
thermal_cost_CNY,21,10075896.989144731,846990.97368421056,87994.695065796375,4.0773527464285495e-07,87994.695066202432,E80_P20,7,47,2023-02-17,12,12.000000000000481
thermal_cost_CNY,22,1644826.2074999928,451940.99999999627,-289003.20750000398,1355811.6052635286,1066808.3977635244,E80_P20,7,12,2023-01-13,3,5.9999747871149989
thermal_cost_CNY,23,1861310.1028359137,627219.01033591689,20346.928171837004,1.8773676522983249e-07,20346.928172024665,E80_P20,7,125,2023-05-06,3,3.0000000000002993
thermal_cost_CNY,24,4300090.4903497072,747157.43905817007,182854.143999313,-8.9719952143831522e-07,182854.14399841614,E80_P20,7,94,2023-04-05,6,5.9999999999987992
thermal_cost_CNY,25,463989.51246536936,463989.51246536936,0,0,0,E80_P20,7,91,2023-04-02,1,1
thermal_cost_CNY,26,23296044.56929677,792176,469235.4307032302,-180025.43965093663,289209.99105229229,E80_P20,7,355,2023-12-22,30,29.772745652921905
thermal_cost_CNY,27,700881.56102145952,700881.56102145952,0,0,0,E80_P20,7,343,2023-12-10,1,1
thermal_cost_CNY,28,6156766.775623261,761707.09418282553,-63110.02216065675,-6.7653180318567643e-10,-63110.022160657682,E80_P20,7,75,2023-03-17,8,7.9999999999999991
thermal_cost_CNY,29,1524121.6222330956,807816.78254847217,91511.942863848759,0,91511.942863848759,E80_P20,7,48,2023-02-18,2,2
thermal_cost_CNY,30,663344.73268697981,663344.73268697981,0,0,0,E80_P20,7,70,2023-03-12,1,1
thermal_cost_CNY,31,689382.3185595565,689382.3185595565,0,0,0,E80_P20,7,123,2023-05-04,1,1
thermal_cost_CNY,32,520381.137499996,520381.137499996,0,0,0,E80_P20,7,348,2023-12-15,1,1
thermal_cost_CNY,33,2504278.1163434731,609549.49999999627,-66080.116343487985,0,-66080.116343487985,E80_P20,7,177,2023-06-27,4,4
thermal_cost_CNY,34,628326.99999999616,628326.99999999616,0,0,0,E80_P20,7,74,2023-03-16,1,1
thermal_cost_CNY,35,1148008.638504144,522934.99999999622,-102138.6385041516,-1.1611489547647041e-10,-102138.63850415172,E80_P20,7,73,2023-03-15,2,1.9999999999999998
thermal_cost_CNY,36,17434677.486976668,783387.98493420694,-200141.81842411682,-0.059057253128481625,-200141.87748136744,E80_P20,7,363,2023-12-30,22,21.999999924613022
thermal_cost_CNY,37,3004496.8947368418,749288.47368421045,-7343,0,-7343,E80_P20,7,179,2023-06-29,4,4
thermal_cost_CNY,38,1222444.8716589999,628194.23915900069,33943.606659001438,0,33943.606659001438,E80_P20,7,93,2023-04-04,2,2
thermal_cost_CNY,39,14576388.19073922,720446.1461842088,-167465.26705504395,0,-167465.26705504395,E80_P20,7,222,2023-08-11,20,20
thermal_cost_CNY,40,546010.21883656015,546010.21883656015,0,0,0,E80_P20,7,291,2023-10-19,1,1
thermal_cost_CNY,41,456184.45249999408,456184.45249999408,0,0,0,E80_P20,7,186,2023-07-06,1,1
thermal_cost_CNY,42,452346.85124999279,452346.85124999279,0,0,0,E80_P20,7,122,2023-05-03,1,1
thermal_cost_CNY,43,15538987.947368421,747181.47368421056,151823.00000000186,-564923.28505351313,-413100.28505351208,E80_P20,7,164,2023-06-14,21,20.243927606679026
thermal_cost_CNY,44,12447735.078947369,895007.47368421056,82369.55263157934,2.4960686560934606e-07,82369.552631828934,E80_P20,7,79,2023-03-21,14,14.000000000000279
thermal_cost_CNY,45,672608.70989304385,672608.70989304385,0,0,0,E80_P20,7,152,2023-06-02,1,1
thermal_cost_CNY,46,484267.34124999156,484267.34124999156,0,0,0,E80_P20,7,69,2023-03-11,1,1
thermal_cost_CNY,47,2730259.9065096653,641472.81578946661,-164368.64335179888,0,-164368.64335179888,E80_P20,7,189,2023-07-09,4,4
curtailment_cost_CNY,0,149060.71882828002,7947.5207894764935,1942.1761717733461,-4.5458777972332435e-09,1942.1761717688059,E80_P20,7,211,2023-07-31,19,18.999999999999428
curtailment_cost_CNY,1,178216.90196924729,54541.665000002955,94491.423030767502,0,94491.423030767502,E80_P20,7,354,2023-12-21,5,5
curtailment_cost_CNY,2,971412.22599467868,70881.60110803791,-49951.411590185831,-3.6766016939443823e-08,-49951.411590222619,E80_P20,7,109,2023-04-20,13,12.999999999999481
curtailment_cost_CNY,3,0,0,0,-0,0,E80_P20,7,112,2023-04-23,13,12.999999999999483
curtailment_cost_CNY,4,51578.000000002932,51578.000000002932,0,-5.7263083164119579e-12,-7.2759576141834259e-12,E80_P20,7,92,2023-04-03,1,0.99999999999999989
curtailment_cost_CNY,5,20643.820000001986,20643.820000001986,20643.820000001986,-9.1676977120878016e-12,20643.820000001979,E80_P20,7,121,2023-05-02,2,1.9999999999999996
curtailment_cost_CNY,6,831543.51800556213,169462.75900277475,15770.27700831159,847313.79501387372,863084.07202218531,E80_P20,7,190,2023-07-10,5,10
curtailment_cost_CNY,7,141293.76150971712,7282.5250000009946,-10208.311509699211,-1.0504326830586321e-08,-10208.311509709718,E80_P20,7,281,2023-10-09,18,17.999999999998558
curtailment_cost_CNY,8,2650.0000000000041,0,-2650.0000000000041,0,-2650.0000000000041,E80_P20,7,308,2023-11-05,2,2
curtailment_cost_CNY,9,266223.74500000803,120491.74500000385,-25240.255000000325,-2.6754541915253472e-11,-25240.255000000354,E80_P20,7,187,2023-07-07,2,1.9999999999999998
curtailment_cost_CNY,10,535832.60479227174,43187.610000002933,-147144.11479224532,124093.48960590434,-23050.625186341,E80_P20,7,50,2023-02-20,9,11.873358576820896
curtailment_cost_CNY,11,1093710.1878751016,30240.825000003424,-186485.4378749989,-299081.38208790356,-485566.81996290246,E80_P20,7,45,2023-02-15,30,20.110012471952412
curtailment_cost_CNY,12,48908.182825488453,48908.182825488453,0,-5.4298990665433925e-12,-7.2759576141834259e-12,E80_P20,7,332,2023-11-29,1,0.99999999999999989
curtailment_cost_CNY,13,0,0,0,-0,0,E80_P20,7,140,2023-05-21,1,0.99999999999999989
curtailment_cost_CNY,14,49060.657368429354,0,-49060.657368429354,0,-49060.657368429354,E80_P20,7,352,2023-12-19,12,12.000000000000481
curtailment_cost_CNY,15,785675.40154112421,44439.065000003655,-74650.361541065737,0,-74650.361541065737,E80_P20,7,229,2023-08-18,16,16
curtailment_cost_CNY,16,260.84210526315701,0,-260.84210526315701,-0,-260.84210526315701,E80_P20,7,316,2023-11-13,22,21.999980979900002
curtailment_cost_CNY,17,67476.000000004176,67476.000000004176,0,0,0,E80_P20,7,13,2023-01-14,1,1
curtailment_cost_CNY,18,74884.568933527407,19528.891966762094,-16297.893033241126,5.8539848868674639e-09,-16297.893033235268,E80_P20,7,43,2023-02-13,3,3.0000000000002998
curtailment_cost_CNY,19,2271.9999999999982,1363.9999999999993,456.00000000000045,0,456.00000000000045,E80_P20,7,31,2023-02-01,2,2
curtailment_cost_CNY,20,726958.93161622621,38928.295000003694,51606.968383847736,0,51606.968383847736,E80_P20,7,290,2023-10-18,20,20
curtailment_cost_CNY,21,6355.9999999999973,0,-6355.9999999999973,0,-6355.9999999999973,E80_P20,7,47,2023-02-17,12,12.000000000000481
curtailment_cost_CNY,22,6189.1578947368434,6189.1578947368434,12378.315789473687,18567.317637684275,30945.633427157965,E80_P20,7,12,2023-01-13,3,5.9999747871149989
curtailment_cost_CNY,23,0,0,0,0,0,E80_P20,7,125,2023-05-06,3,3.0000000000002993
curtailment_cost_CNY,24,528538.3640027924,81858.00000000291,-37390.364002774935,-9.8296496275910469e-08,-37390.364002873248,E80_P20,7,94,2023-04-05,6,5.9999999999987992
curtailment_cost_CNY,25,102522.89196676211,102522.89196676211,0,0,0,E80_P20,7,91,2023-04-02,1,1
curtailment_cost_CNY,26,380166.87573832087,8223.4800000027499,-133462.47573823837,-1868.8215781103938,-135331.29731634876,E80_P20,7,355,2023-12-22,30,29.772745652921905
curtailment_cost_CNY,27,2483.1578947368484,2483.1578947368484,0,0,0,E80_P20,7,343,2023-12-10,1,1
curtailment_cost_CNY,28,10298.230000002348,0,-10298.230000002348,-0,-10298.230000002348,E80_P20,7,75,2023-03-17,8,7.9999999999999991
curtailment_cost_CNY,29,0,0,0,0,0,E80_P20,7,48,2023-02-18,2,2
curtailment_cost_CNY,30,198584.75900277475,198584.75900277475,0,0,0,E80_P20,7,70,2023-03-12,1,1
curtailment_cost_CNY,31,79772.891966762108,79772.891966762108,0,0,0,E80_P20,7,123,2023-05-04,1,1
curtailment_cost_CNY,32,64604.759002774743,64604.759002774743,0,0,0,E80_P20,7,348,2023-12-15,1,1
curtailment_cost_CNY,33,447187.49500001618,129404.00000000421,70428.505000000645,0,70428.505000000645,E80_P20,7,177,2023-06-27,4,4
curtailment_cost_CNY,34,27013.024930749474,27013.024930749474,0,0,0,E80_P20,7,74,2023-03-16,1,1
curtailment_cost_CNY,35,84484.00000000585,50844.000000002925,17204,-1.1289635892808941e-11,17203.999999999985,E80_P20,7,73,2023-03-15,2,1.9999999999999998
curtailment_cost_CNY,36,53012.016036898116,0,-53012.016036898116,-0,-53012.016036898116,E80_P20,7,363,2023-12-30,22,21.999999924613022
curtailment_cost_CNY,37,247196.48979225842,74087.445000003601,49153.290207755985,0,49153.290207755985,E80_P20,7,179,2023-06-29,4,4
curtailment_cost_CNY,38,0,0,0,0,0,E80_P20,7,93,2023-04-04,2,2
curtailment_cost_CNY,39,1278394.3258817368,63112.983225003583,-16134.661381665152,0,-16134.661381665152,E80_P20,7,222,2023-08-11,20,20
curtailment_cost_CNY,40,0,0,0,0,0,E80_P20,7,291,2023-10-19,1,1
curtailment_cost_CNY,41,161190.82500000414,161190.82500000414,0,0,0,E80_P20,7,186,2023-07-06,1,1
curtailment_cost_CNY,42,96770.75900277475,96770.75900277475,0,0,0,E80_P20,7,122,2023-05-03,1,1
curtailment_cost_CNY,43,1335776.9326039718,60808.759002774743,-58792.993545702193,-45975.823954106199,-104768.8174998085,E80_P20,7,164,2023-06-14,21,20.243927606679026
curtailment_cost_CNY,44,0,0,0,0,0,E80_P20,7,79,2023-03-21,14,14.000000000000279
curtailment_cost_CNY,45,0,0,0,0,0,E80_P20,7,152,2023-06-02,1,1
curtailment_cost_CNY,46,4866.0000000000055,4866.0000000000055,0,0,0,E80_P20,7,69,2023-03-11,1,1
curtailment_cost_CNY,47,270820.00750001147,56888.260000003014,-43266.967499999417,0,-43266.967499999417,E80_P20,7,189,2023-07-09,4,4
load_shedding_cost_CNY,0,29148037.249995857,1382994.9999997865,-2871132.2499999143,-7.9105502592812243e-07,-2871132.2500007041,E80_P20,7,211,2023-07-31,19,18.999999999999428
load_shedding_cost_CNY,1,3251647.9999991893,346199.99999978731,-1520648.0000002529,0,-1520648.0000002529,E80_P20,7,354,2023-12-21,5,5
load_shedding_cost_CNY,2,7495314.7499977583,880482.74999977381,3950960.9999993006,-4.5670305404132342e-07,3950960.9999988442,E80_P20,7,109,2023-04-20,13,12.999999999999481
load_shedding_cost_CNY,3,6498032.7499976279,459199.99999978754,-528432.75000039022,-2.3736959064979533e-07,-528432.75000062678,E80_P20,7,112,2023-04-23,13,12.999999999999483
load_shedding_cost_CNY,4,0,0,0,-0,0,E80_P20,7,92,2023-04-03,1,0.99999999999999989
load_shedding_cost_CNY,5,0,0,0,-0,0,E80_P20,7,121,2023-05-02,2,1.9999999999999996
load_shedding_cost_CNY,6,800899.99999978766,0,-800899.99999978766,0,-800899.99999978766,E80_P20,7,190,2023-07-10,5,10
load_shedding_cost_CNY,7,49008870.999996476,2783950.2499998114,1102233.5000001267,-4.0155747225154083e-06,1102233.4999961108,E80_P20,7,281,2023-10-09,18,17.999999999998558
load_shedding_cost_CNY,8,1157039.999999823,1157039.999999823,1157039.999999823,0,1157039.999999823,E80_P20,7,308,2023-11-05,2,2
load_shedding_cost_CNY,9,826231.24999959022,307199.99999978748,-211831.25000001525,-6.821210263292243e-11,-211831.25000001537,E80_P20,7,187,2023-07-07,2,1.9999999999999998
load_shedding_cost_CNY,10,111200.00000000004,25900.000000000069,121900.00000000057,74419.987139661418,196319.98713966197,E80_P20,7,50,2023-02-20,9,11.873358576820896
load_shedding_cost_CNY,11,29531607.249993391,1077018.7499997832,2778955.2500001043,-10651702.004971258,-7872746.754971154,E80_P20,7,45,2023-02-15,30,20.110012471952412
load_shedding_cost_CNY,12,0,0,0,-0,0,E80_P20,7,332,2023-11-29,1,0.99999999999999989
load_shedding_cost_CNY,13,0,0,0,-0,0,E80_P20,7,140,2023-05-21,1,0.99999999999999989
load_shedding_cost_CNY,14,6073006.7499977294,271799.99999978766,-2811406.7500002775,1.3084253680507354e-07,-2811406.7500001467,E80_P20,7,352,2023-12-19,12,12.000000000000481
load_shedding_cost_CNY,15,30173414.499996629,1568699.9999997872,-5074214.5000000335,0,-5074214.5000000335,E80_P20,7,229,2023-08-18,16,16
load_shedding_cost_CNY,16,39808022.249995403,2293999.9999998049,10659977.750000305,-43.632109395641393,10659934.117890909,E80_P20,7,316,2023-11-13,22,21.999980979900002
load_shedding_cost_CNY,17,0,0,0,0,0,E80_P20,7,13,2023-01-14,1,1
load_shedding_cost_CNY,18,2421567.2499996121,0,-2421567.2499996121,0,-2421567.2499996121,E80_P20,7,43,2023-02-13,3,3.0000000000002998
load_shedding_cost_CNY,19,381499.99999978719,6199.9999999999436,-369099.99999978731,0,-369099.99999978731,E80_P20,7,31,2023-02-01,2,2
load_shedding_cost_CNY,20,30401311.749995697,1408941.7499997125,-2222476.7500014491,0,-2222476.7500014491,E80_P20,7,290,2023-10-18,20,20
load_shedding_cost_CNY,21,33023081.499997731,3236361.4999998324,5813256.500000257,1.5579608119153125e-06,5813256.5000018142,E80_P20,7,47,2023-02-17,12,12.000000000000481
load_shedding_cost_CNY,22,0,0,0,0,0,E80_P20,7,12,2023-01-13,3,5.9999747871149989
load_shedding_cost_CNY,23,0,0,0,0,0,E80_P20,7,125,2023-05-06,3,3.0000000000002993
load_shedding_cost_CNY,24,4294414.7499989476,465560.99999979307,-1501048.7500001891,-5.5905366735917303e-07,-1501048.7500007483,E80_P20,7,94,2023-04-05,6,5.9999999999987992
load_shedding_cost_CNY,25,0,0,0,0,0,E80_P20,7,91,2023-04-02,1,1
load_shedding_cost_CNY,26,34554990.499993548,1863099.9999998047,21338009.500000589,-423397.5740411536,20914611.925959438,E80_P20,7,355,2023-12-22,30,29.772745652921905
load_shedding_cost_CNY,27,8899.9999999999382,8899.9999999999382,0,0,0,E80_P20,7,343,2023-12-10,1,1
load_shedding_cost_CNY,28,2159533.249998448,285599.99999978731,125266.74999985052,-2.5366375666616686e-10,125266.74999985006,E80_P20,7,75,2023-03-17,8,7.9999999999999991
load_shedding_cost_CNY,29,0,0,0,0,0,E80_P20,7,48,2023-02-18,2,2
load_shedding_cost_CNY,30,913537.74999979872,913537.74999979872,0,0,0,E80_P20,7,70,2023-03-12,1,1
load_shedding_cost_CNY,31,311147.7499997819,311147.7499997819,0,0,0,E80_P20,7,123,2023-05-04,1,1
load_shedding_cost_CNY,32,0,0,0,0,0,E80_P20,7,348,2023-12-15,1,1
load_shedding_cost_CNY,33,436299.99999978748,0,-436299.99999978748,0,-436299.99999978748,E80_P20,7,177,2023-06-27,4,4
load_shedding_cost_CNY,34,0,0,0,0,0,E80_P20,7,74,2023-03-16,1,1
load_shedding_cost_CNY,35,0,0,0,-0,0,E80_P20,7,73,2023-03-15,2,1.9999999999999998
load_shedding_cost_CNY,36,21321541.74999506,956218.74999978312,-284729.24999983236,-0.072086442287827873,-284729.32208627462,E80_P20,7,363,2023-12-30,22,21.999999924613022
load_shedding_cost_CNY,37,6453379.999999145,2091799.9999997867,1913820.0000000019,0,1913820.0000000019,E80_P20,7,179,2023-06-29,4,4
load_shedding_cost_CNY,38,0,0,0,0,0,E80_P20,7,93,2023-04-04,2,2
load_shedding_cost_CNY,39,12766459.999995578,614999.99999978766,-466459.99999982491,0,-466459.99999982491,E80_P20,7,222,2023-08-11,20,20
load_shedding_cost_CNY,40,0,0,0,0,0,E80_P20,7,291,2023-10-19,1,1
load_shedding_cost_CNY,41,0,0,0,0,0,E80_P20,7,186,2023-07-06,1,1
load_shedding_cost_CNY,42,0,0,0,0,0,E80_P20,7,122,2023-05-03,1,1
load_shedding_cost_CNY,43,42815539.749995522,2521999.9999997872,10146460.250000007,-1906814.5759553346,8239645.6740446761,E80_P20,7,164,2023-06-14,21,20.243927606679026
load_shedding_cost_CNY,44,31175364.499997173,2081086.9999997884,-2040146.5000001341,5.8039024075634202e-07,-2040146.4999995567,E80_P20,7,79,2023-03-21,14,14.000000000000279
load_shedding_cost_CNY,45,0,0,0,0,0,E80_P20,7,152,2023-06-02,1,1
load_shedding_cost_CNY,46,0,0,0,0,0,E80_P20,7,69,2023-03-11,1,1
load_shedding_cost_CNY,47,128799.99999978737,0,-128799.99999978737,0,-128799.99999978737,E80_P20,7,189,2023-07-09,4,4
storage_variable_om_CNY,0,16958.546276577785,1011.3652500003542,2257.3934734289433,-5.7848767642829919e-10,2257.3934734283648,E80_P20,7,211,2023-07-31,19,18.999999999999428
storage_variable_om_CNY,1,5633.5922071890782,1188.4832500003611,308.82404281272738,0,308.82404281272738,E80_P20,7,354,2023-12-21,5,5
storage_variable_om_CNY,2,16693.913828129338,1246.7172500002264,-486.58957812639528,-6.4666749644016281e-10,-486.58957812704102,E80_P20,7,109,2023-04-20,13,12.999999999999481
storage_variable_om_CNY,3,9503.9672500023735,804.20000000021321,950.63275000039903,-4.1570693554160349e-10,950.63274999998248,E80_P20,7,112,2023-04-23,13,12.999999999999483
storage_variable_om_CNY,4,814.59816031559399,814.59816031559399,0,-9.0438563339966692e-14,-1.1368683772161603e-13,E80_P20,7,92,2023-04-03,1,0.99999999999999989
storage_variable_om_CNY,5,901.29100000020628,588.79100000020617,276.29100000020605,-2.6147572995691977e-13,276.29100000020583,E80_P20,7,121,2023-05-02,2,1.9999999999999996
storage_variable_om_CNY,6,6008.0951765729706,1016.9951765720215,-923.11929371286351,5084.975882860107,4161.8565891472435,E80_P20,7,190,2023-07-10,5,10
storage_variable_om_CNY,7,14953.329000005167,980.47600000034333,2695.2390000010128,-1.4142403017563488e-09,2695.2389999995976,E80_P20,7,281,2023-10-09,18,17.999999999998558
storage_variable_om_CNY,8,1071.6665000003754,506.16000000017721,-59.346500000021024,0,-59.346500000021024,E80_P20,7,308,2023-11-05,2,2
storage_variable_om_CNY,9,2661.0560000008136,1246.087250000407,-168.88149999999951,-2.766869511284591e-13,-168.88149999999996,E80_P20,7,187,2023-07-07,2,1.9999999999999998
storage_variable_om_CNY,10,9337.4765000012667,1402.380500000146,3283.9480000000476,4029.5420376417965,7313.4900376418445,E80_P20,7,50,2023-02-20,9,11.873358576820896
storage_variable_om_CNY,11,34318.256032533194,1106.3225000003874,-1128.5810325215716,-10941.515727002259,-12070.096759523829,E80_P20,7,45,2023-02-15,30,20.110012471952412
storage_variable_om_CNY,12,819.80000000010637,819.80000000010637,0,-9.1016083558782142e-14,-1.1368683772161603e-13,E80_P20,7,332,2023-11-29,1,0.99999999999999989
storage_variable_om_CNY,13,64.899999999999935,64.899999999999935,0,-7.2053474298172587e-15,-1.4210854715202004e-14,E80_P20,7,140,2023-05-21,1,0.99999999999999989
storage_variable_om_CNY,14,9853.5224590423713,924.8290000002437,1244.4255409605539,4.4520593256448047e-10,1244.4255409609978,E80_P20,7,352,2023-12-19,12,12.000000000000481
storage_variable_om_CNY,15,18460.202466255963,1128.2532500003956,-408.15046624963361,0,-408.15046624963361,E80_P20,7,229,2023-08-18,16,16
storage_variable_om_CNY,16,13126.477750004595,556.7000000001949,-879.07775000030779,-0.010588489668946875,-879.08833848997529,E80_P20,7,316,2023-11-13,22,21.999980979900002
storage_variable_om_CNY,17,993.83300000034774,993.83300000034774,0,0,0,E80_P20,7,13,2023-01-14,1,1
storage_variable_om_CNY,18,2852.0132742387791,881.84127423823088,-206.48945152408623,2.6434093141549912e-10,-206.48945152382203,E80_P20,7,43,2023-02-13,3,3.0000000000002998
storage_variable_om_CNY,19,1721.0424067021158,697.47915670175701,-326.08409329860183,0,-326.08409329860183,E80_P20,7,31,2023-02-01,2,2
storage_variable_om_CNY,20,23889.738796881851,1348.3730000004721,3077.7212031275922,0,3077.7212031275922,E80_P20,7,290,2023-10-18,20,20
storage_variable_om_CNY,21,6870.5947500024058,476.73850000016699,-1149.7327500004021,2.294984353668732e-10,-1149.732750000172,E80_P20,7,47,2023-02-17,12,12.000000000000481
storage_variable_om_CNY,22,587.56550000020525,304.00000000010635,324.43450000011376,911.99233528327875,1236.4268352833926,E80_P20,7,12,2023-01-13,3,5.9999747871149989
storage_variable_om_CNY,23,297.02573169691379,31.87123169682101,-201.41203660645078,9.5395736482017316e-12,-201.41203660644123,E80_P20,7,125,2023-05-06,3,3.0000000000002993
storage_variable_om_CNY,24,7300.7607500019367,1136.8390000003537,-479.72674999981427,-1.3651358514725571e-09,-479.72675000117943,E80_P20,7,94,2023-04-05,6,5.9999999999987992
storage_variable_om_CNY,25,740.49999999999977,740.49999999999977,0,0,0,E80_P20,7,91,2023-04-02,1,1
storage_variable_om_CNY,26,31634.893945805099,950.87400000033222,-3108.6739457951335,-216.09025002361159,-3324.7641958187451,E80_P20,7,355,2023-12-22,30,29.772745652921905
storage_variable_om_CNY,27,634.33775000001913,634.33775000001913,0,0,0,E80_P20,7,343,2023-12-10,1,1
storage_variable_om_CNY,28,5302.4782500016699,608.70000000021275,-432.87824999996792,-5.4063420407165519e-13,-432.87824999996883,E80_P20,7,75,2023-03-17,8,7.9999999999999991
storage_variable_om_CNY,29,472.37371879109423,309.90000000000003,147.42628120890583,0,147.42628120890583,E80_P20,7,48,2023-02-18,2,2
storage_variable_om_CNY,30,1231.1622500002011,1231.1622500002011,0,0,0,E80_P20,7,70,2023-03-12,1,1
storage_variable_om_CNY,31,1046.3522500002184,1046.3522500002184,0,0,0,E80_P20,7,123,2023-05-04,1,1
storage_variable_om_CNY,32,928.36750000011489,928.36750000011489,0,0,0,E80_P20,7,348,2023-12-15,1,1
storage_variable_om_CNY,33,4238.7747500012347,902.50000000031594,-628.77474999997094,0,-628.77474999997094,E80_P20,7,177,2023-06-27,4,4
storage_variable_om_CNY,34,504.00000000010641,504.00000000010641,0,0,0,E80_P20,7,74,2023-03-16,1,1
storage_variable_om_CNY,35,1685.1000000003996,722.00000000025284,-241.09999999989395,-1.6031620475592875e-13,-241.09999999989418,E80_P20,7,73,2023-03-15,2,1.9999999999999998
storage_variable_om_CNY,36,17697.177420176624,913.90950000032046,2408.8315798304247,-6.8896875770408882e-05,2408.831510933549,E80_P20,7,363,2023-12-30,22,21.999999924613022
storage_variable_om_CNY,37,4468.2907500013534,1120.6722500003921,14.39825000021483,0,14.39825000021483,E80_P20,7,179,2023-06-29,4,4
storage_variable_om_CNY,38,95.307083442863728,48.196583442847242,1.0860834428307555,0,1.0860834428307555,E80_P20,7,93,2023-04-04,2,2
storage_variable_om_CNY,39,25819.624601569041,1249.8601612504237,-822.4213765605673,0,-822.4213765605673,E80_P20,7,222,2023-08-11,20,20
storage_variable_om_CNY,40,360,360,0,0,0,E80_P20,7,291,2023-10-19,1,1
storage_variable_om_CNY,41,1079.2997500003778,1079.2997500003778,0,0,0,E80_P20,7,186,2023-07-06,1,1
storage_variable_om_CNY,42,1183.5042500002041,1183.5042500002041,0,0,0,E80_P20,7,122,2023-05-03,1,1
storage_variable_om_CNY,43,25116.133750005571,1208.0000000002128,251.86624999889682,-913.33545113189712,-661.46920113299711,E80_P20,7,164,2023-06-14,21,20.243927606679026
storage_variable_om_CNY,44,8060.8355000028223,604.71300000021165,405.1465000001408,1.6864721352766528e-10,405.14650000030997,E80_P20,7,79,2023-03-21,14,14.000000000000279
storage_variable_om_CNY,45,319.26942959005743,319.26942959005743,0,0,0,E80_P20,7,152,2023-06-02,1,1
storage_variable_om_CNY,46,685.99025000023994,685.99025000023994,0,0,0,E80_P20,7,69,2023-03-11,1,1
storage_variable_om_CNY,47,4533.1003750011059,948.61300000015081,-738.64837500050271,0,-738.64837500050271,E80_P20,7,189,2023-07-09,4,4
storage_investment_allocated_CNY,0,351055.45895971241,18476.603103142759,0,-1.0568374973750793e-08,-1.0535586625337601e-08,E80_P20,7,211,2023-07-31,19,18.999999999999428
storage_investment_allocated_CNY,1,92383.015515713792,18476.603103142759,0,0,0,E80_P20,7,354,2023-12-21,5,5
storage_investment_allocated_CNY,2,240195.84034085588,18476.603103142759,0,-9.5837437650162466e-09,-9.6042640507221222e-09,E80_P20,7,109,2023-04-20,13,12.999999999999481
storage_investment_allocated_CNY,3,240195.84034085588,18476.603103142759,0,-9.550922724725096e-09,-9.5751602202653885e-09,E80_P20,7,112,2023-04-23,13,12.999999999999483
storage_investment_allocated_CNY,4,18476.603103142759,18476.603103142759,0,-2.0513150181969707e-12,-3.637978807091713e-12,E80_P20,7,92,2023-04-03,1,0.99999999999999989
storage_investment_allocated_CNY,5,36953.206206285518,18476.603103142759,0,-8.2052600727878829e-12,-7.2759576141834259e-12,E80_P20,7,121,2023-05-02,2,1.9999999999999996
storage_investment_allocated_CNY,6,92383.015515713792,18476.603103142759,0,92383.015515713792,92383.015515713792,E80_P20,7,190,2023-07-10,5,10
storage_investment_allocated_CNY,7,332578.85585656966,18476.603103142759,0,-2.6650684716415044e-08,-2.6659108698368073e-08,E80_P20,7,281,2023-10-09,18,17.999999999998558
storage_investment_allocated_CNY,8,36953.206206285518,18476.603103142759,0,0,0,E80_P20,7,308,2023-11-05,2,2
storage_investment_allocated_CNY,9,36953.206206285518,18476.603103142759,0,-4.1026300363939415e-12,-7.2759576141834259e-12,E80_P20,7,187,2023-07-07,2,1.9999999999999998
storage_investment_allocated_CNY,10,166289.42792828483,18476.603103142759,0,53089.905996930836,53089.905996930844,E80_P20,7,50,2023-02-20,9,11.873358576820896
storage_investment_allocated_CNY,11,554298.09309428278,18476.603103142759,0,-182733.37425076723,-182733.37425076723,E80_P20,7,45,2023-02-15,30,20.110012471952412
storage_investment_allocated_CNY,12,18476.603103142759,18476.603103142759,0,-2.0513150181969707e-12,-3.637978807091713e-12,E80_P20,7,332,2023-11-29,1,0.99999999999999989
storage_investment_allocated_CNY,13,18476.603103142759,18476.603103142759,0,-2.0513150181969707e-12,-3.637978807091713e-12,E80_P20,7,140,2023-05-21,1,0.99999999999999989
storage_investment_allocated_CNY,14,221719.23723771313,18476.603103142759,0,8.8945019189020643e-09,8.8766682893037796e-09,E80_P20,7,352,2023-12-19,12,12.000000000000481
storage_investment_allocated_CNY,15,295625.64965028415,18476.603103142759,0,0,0,E80_P20,7,229,2023-08-18,16,16
storage_investment_allocated_CNY,16,406485.26826914068,18476.603103142759,0,-0.35142683864700985,-0.35142683860613033,E80_P20,7,316,2023-11-13,22,21.999980979900002
storage_investment_allocated_CNY,17,18476.603103142759,18476.603103142759,0,0,0,E80_P20,7,13,2023-01-14,1,1
storage_investment_allocated_CNY,18,55429.809309428281,18476.603103142759,0,5.5385505491318208e-09,5.5370037443935871e-09,E80_P20,7,43,2023-02-13,3,3.0000000000002998
storage_investment_allocated_CNY,19,36953.206206285518,18476.603103142759,0,0,0,E80_P20,7,31,2023-02-01,2,2
storage_investment_allocated_CNY,20,369532.06206285517,18476.603103142759,0,0,0,E80_P20,7,290,2023-10-18,20,20
storage_investment_allocated_CNY,21,221719.23723771313,18476.603103142759,0,8.8945019189020643e-09,8.8766682893037796e-09,E80_P20,7,47,2023-02-17,12,12.000000000000481
storage_investment_allocated_CNY,22,55429.809309428281,18476.603103142759,0,55429.343460959026,55429.343460959019,E80_P20,7,12,2023-01-13,3,5.9999747871149989
storage_investment_allocated_CNY,23,55429.809309428281,18476.603103142759,0,5.5303452890590332e-09,5.5297277867794037e-09,E80_P20,7,125,2023-05-06,3,3.0000000000002993
storage_investment_allocated_CNY,24,110859.61861885656,18476.603103142759,0,-2.2187023236818434e-08,-2.2191670723259449e-08,E80_P20,7,94,2023-04-05,6,5.9999999999987992
storage_investment_allocated_CNY,25,18476.603103142759,18476.603103142759,0,0,0,E80_P20,7,91,2023-04-02,1,1
storage_investment_allocated_CNY,26,554298.09309428278,18476.603103142759,0,-4198.8883744258037,-4198.8883744258201,E80_P20,7,355,2023-12-22,30,29.772745652921905
storage_investment_allocated_CNY,27,18476.603103142759,18476.603103142759,0,0,0,E80_P20,7,343,2023-12-10,1,1
storage_investment_allocated_CNY,28,147812.82482514207,18476.603103142759,0,-1.6410520145575766e-11,-2.9103830456733704e-11,E80_P20,7,75,2023-03-17,8,7.9999999999999991
storage_investment_allocated_CNY,29,36953.206206285518,18476.603103142759,0,0,0,E80_P20,7,48,2023-02-18,2,2
storage_investment_allocated_CNY,30,18476.603103142759,18476.603103142759,0,0,0,E80_P20,7,70,2023-03-12,1,1
storage_investment_allocated_CNY,31,18476.603103142759,18476.603103142759,0,0,0,E80_P20,7,123,2023-05-04,1,1
storage_investment_allocated_CNY,32,18476.603103142759,18476.603103142759,0,0,0,E80_P20,7,348,2023-12-15,1,1
storage_investment_allocated_CNY,33,73906.412412571037,18476.603103142759,0,0,0,E80_P20,7,177,2023-06-27,4,4
storage_investment_allocated_CNY,34,18476.603103142759,18476.603103142759,0,0,0,E80_P20,7,74,2023-03-16,1,1
storage_investment_allocated_CNY,35,36953.206206285518,18476.603103142759,0,-4.1026300363939415e-12,-7.2759576141834259e-12,E80_P20,7,73,2023-03-15,2,1.9999999999999998
storage_investment_allocated_CNY,36,406485.26826914068,18476.603103142759,0,-0.0013928952797360478,-0.001392895239405334,E80_P20,7,363,2023-12-30,22,21.999999924613022
storage_investment_allocated_CNY,37,73906.412412571037,18476.603103142759,0,0,0,E80_P20,7,179,2023-06-29,4,4
storage_investment_allocated_CNY,38,36953.206206285518,18476.603103142759,0,0,0,E80_P20,7,93,2023-04-04,2,2
storage_investment_allocated_CNY,39,369532.06206285517,18476.603103142759,0,0,0,E80_P20,7,222,2023-08-11,20,20
storage_investment_allocated_CNY,40,18476.603103142759,18476.603103142759,0,0,0,E80_P20,7,291,2023-10-19,1,1
storage_investment_allocated_CNY,41,18476.603103142759,18476.603103142759,0,0,0,E80_P20,7,186,2023-07-06,1,1
storage_investment_allocated_CNY,42,18476.603103142759,18476.603103142759,0,0,0,E80_P20,7,122,2023-05-03,1,1
storage_investment_allocated_CNY,43,388008.66516599793,18476.603103142759,0,-13969.649528634875,-13969.649528634851,E80_P20,7,164,2023-06-14,21,20.243927606679026
storage_investment_allocated_CNY,44,258672.44344399864,18476.603103142759,0,5.1529033257107906e-09,5.1513779908418655e-09,E80_P20,7,79,2023-03-21,14,14.000000000000279
storage_investment_allocated_CNY,45,18476.603103142759,18476.603103142759,0,0,0,E80_P20,7,152,2023-06-02,1,1
storage_investment_allocated_CNY,46,18476.603103142759,18476.603103142759,0,0,0,E80_P20,7,69,2023-03-11,1,1
storage_investment_allocated_CNY,47,73906.412412571037,18476.603103142759,0,0,0,E80_P20,7,189,2023-07-09,4,4
storage_fixed_om_CNY,0,72876.712328767127,3835.6164383561645,0,-2.1939223649359807e-09,-2.1973391994833946e-09,E80_P20,7,211,2023-07-31,19,18.999999999999428
storage_fixed_om_CNY,1,19178.082191780821,3835.6164383561645,0,0,0,E80_P20,7,354,2023-12-21,5,5
storage_fixed_om_CNY,2,49863.013698630137,3835.6164383561645,0,-1.9895196601282805e-09,-1.9863364286720753e-09,E80_P20,7,109,2023-04-20,13,12.999999999999481
storage_fixed_om_CNY,3,49863.013698630137,3835.6164383561645,0,-1.9827062366346904e-09,-1.9790604710578918e-09,E80_P20,7,112,2023-04-23,13,12.999999999999483
storage_fixed_om_CNY,4,3835.6164383561645,3835.6164383561645,0,-4.2583896834937513e-13,-4.5474735088646412e-13,E80_P20,7,92,2023-04-03,1,0.99999999999999989
storage_fixed_om_CNY,5,7671.232876712329,3835.6164383561645,0,-1.7033558733975005e-12,-1.8189894035458565e-12,E80_P20,7,121,2023-05-02,2,1.9999999999999996
storage_fixed_om_CNY,6,19178.082191780821,3835.6164383561645,0,19178.082191780821,19178.082191780821,E80_P20,7,190,2023-07-10,5,10
storage_fixed_om_CNY,7,69041.095890410958,3835.6164383561645,0,-5.5324998767950816e-09,-5.5297277867794037e-09,E80_P20,7,281,2023-10-09,18,17.999999999998558
storage_fixed_om_CNY,8,7671.232876712329,3835.6164383561645,0,0,0,E80_P20,7,308,2023-11-05,2,2
storage_fixed_om_CNY,9,7671.232876712329,3835.6164383561645,0,-8.5167793669875025e-13,-9.0949470177292824e-13,E80_P20,7,187,2023-07-07,2,1.9999999999999998
storage_fixed_om_CNY,10,34520.547945205479,3835.6164383561645,0,11021.101390545904,11021.101390545904,E80_P20,7,50,2023-02-20,9,11.873358576820896
storage_fixed_om_CNY,11,115068.49315068494,3835.6164383561645,0,-37934.198737716775,-37934.198737716782,E80_P20,7,45,2023-02-15,30,20.110012471952412
storage_fixed_om_CNY,12,3835.6164383561645,3835.6164383561645,0,-4.2583896834937513e-13,-4.5474735088646412e-13,E80_P20,7,332,2023-11-29,1,0.99999999999999989
storage_fixed_om_CNY,13,3835.6164383561645,3835.6164383561645,0,-4.2583896834937513e-13,-4.5474735088646412e-13,E80_P20,7,140,2023-05-21,1,0.99999999999999989
storage_fixed_om_CNY,14,46027.397260273974,3835.6164383561645,0,1.8464377667628906e-09,1.8480932340025902e-09,E80_P20,7,352,2023-12-19,12,12.000000000000481
storage_fixed_om_CNY,15,61369.863013698632,3835.6164383561645,0,0,0,E80_P20,7,229,2023-08-18,16,16
storage_fixed_om_CNY,16,84383.561643835623,3835.6164383561645,0,-0.072953808211896606,-0.072953808208694682,E80_P20,7,316,2023-11-13,22,21.999980979900002
storage_fixed_om_CNY,17,3835.6164383561645,3835.6164383561645,0,0,0,E80_P20,7,13,2023-01-14,1,1
storage_fixed_om_CNY,18,11506.849315068494,3835.6164383561645,0,1.1497652145433129e-09,1.1496013030409813e-09,E80_P20,7,43,2023-02-13,3,3.0000000000002998
storage_fixed_om_CNY,19,7671.232876712329,3835.6164383561645,0,0,0,E80_P20,7,31,2023-02-01,2,2
storage_fixed_om_CNY,20,76712.328767123283,3835.6164383561645,0,0,0,E80_P20,7,290,2023-10-18,20,20
storage_fixed_om_CNY,21,46027.397260273974,3835.6164383561645,0,1.8464377667628906e-09,1.8480932340025902e-09,E80_P20,7,47,2023-02-17,12,12.000000000000481
storage_fixed_om_CNY,22,11506.849315068494,3835.6164383561645,0,11506.752608112325,11506.752608112323,E80_P20,7,12,2023-01-13,3,5.9999747871149989
storage_fixed_om_CNY,23,11506.849315068494,3835.6164383561645,0,1.1480618586699154e-09,1.1477823136374354e-09,E80_P20,7,125,2023-05-06,3,3.0000000000002993
storage_fixed_om_CNY,24,23013.698630136987,3835.6164383561645,0,-4.6058742816668417e-09,-4.6056811697781086e-09,E80_P20,7,94,2023-04-05,6,5.9999999999987992
storage_fixed_om_CNY,25,3835.6164383561645,3835.6164383561645,0,0,0,E80_P20,7,91,2023-04-02,1,1
storage_fixed_om_CNY,26,115068.49315068494,3835.6164383561645,0,-871.66050934063662,-871.66050934063969,E80_P20,7,355,2023-12-22,30,29.772745652921905
storage_fixed_om_CNY,27,3835.6164383561645,3835.6164383561645,0,0,0,E80_P20,7,343,2023-12-10,1,1
storage_fixed_om_CNY,28,30684.931506849316,3835.6164383561645,0,-3.406711746795001e-12,-3.637978807091713e-12,E80_P20,7,75,2023-03-17,8,7.9999999999999991
storage_fixed_om_CNY,29,7671.232876712329,3835.6164383561645,0,0,0,E80_P20,7,48,2023-02-18,2,2
storage_fixed_om_CNY,30,3835.6164383561645,3835.6164383561645,0,0,0,E80_P20,7,70,2023-03-12,1,1
storage_fixed_om_CNY,31,3835.6164383561645,3835.6164383561645,0,0,0,E80_P20,7,123,2023-05-04,1,1
storage_fixed_om_CNY,32,3835.6164383561645,3835.6164383561645,0,0,0,E80_P20,7,348,2023-12-15,1,1
storage_fixed_om_CNY,33,15342.465753424658,3835.6164383561645,0,0,0,E80_P20,7,177,2023-06-27,4,4
storage_fixed_om_CNY,34,3835.6164383561645,3835.6164383561645,0,0,0,E80_P20,7,74,2023-03-16,1,1
storage_fixed_om_CNY,35,7671.232876712329,3835.6164383561645,0,-8.5167793669875025e-13,-9.0949470177292824e-13,E80_P20,7,73,2023-03-15,2,1.9999999999999998
storage_fixed_om_CNY,36,84383.561643835623,3835.6164383561645,0,-0.00028915553373312148,-0.00028915553411934525,E80_P20,7,363,2023-12-30,22,21.999999924613022
storage_fixed_om_CNY,37,15342.465753424658,3835.6164383561645,0,0,0,E80_P20,7,179,2023-06-29,4,4
storage_fixed_om_CNY,38,7671.232876712329,3835.6164383561645,0,0,0,E80_P20,7,93,2023-04-04,2,2
storage_fixed_om_CNY,39,76712.328767123283,3835.6164383561645,0,0,0,E80_P20,7,222,2023-08-11,20,20
storage_fixed_om_CNY,40,3835.6164383561645,3835.6164383561645,0,0,0,E80_P20,7,291,2023-10-19,1,1
storage_fixed_om_CNY,41,3835.6164383561645,3835.6164383561645,0,0,0,E80_P20,7,186,2023-07-06,1,1
storage_fixed_om_CNY,42,3835.6164383561645,3835.6164383561645,0,0,0,E80_P20,7,122,2023-05-03,1,1
storage_fixed_om_CNY,43,80547.945205479453,3835.6164383561645,0,-2900.0037004092142,-2900.0037004092155,E80_P20,7,164,2023-06-14,21,20.243927606679026
storage_fixed_om_CNY,44,53698.630136986307,3835.6164383561645,0,1.0697074884936303e-09,1.0695657692849636e-09,E80_P20,7,79,2023-03-21,14,14.000000000000279
storage_fixed_om_CNY,45,3835.6164383561645,3835.6164383561645,0,0,0,E80_P20,7,152,2023-06-02,1,1
storage_fixed_om_CNY,46,3835.6164383561645,3835.6164383561645,0,0,0,E80_P20,7,69,2023-03-11,1,1
storage_fixed_om_CNY,47,15342.465753424658,3835.6164383561645,0,0,0,E80_P20,7,189,2023-07-09,4,4
renewable_available_MWh,0,5146.8000000000002,759.23000000000002,-591.42000000000007,-9.1102212884663912e-10,-591.42000000091139,E80_P20,2026,331,2023-11-28,6,5.9999999999988001
renewable_available_MWh,1,8031.3800000000001,410.51999999999998,-231.50000000000091,-2.3335360310738905e-10,-231.50000000023374,E80_P20,2026,337,2023-12-04,19,18.999999999999432
renewable_available_MWh,2,7567.4699999999993,1115.6099999999999,241.80000000000018,2.3414038974323145e-09,241.80000000234122,E80_P20,2026,127,2023-05-08,7,7.0000000000020988
renewable_available_MWh,3,5673.4200000000001,1228.0300000000002,-761.29999999999927,270.68603359324641,-490.61396640675321,E80_P20,2026,347,2023-12-14,4,4.2204229811920282
renewable_available_MWh,4,4763.1700000000001,1211.22,81.710000000000036,-5.3788973275459285e-13,81.709999999999127,E80_P20,2026,344,2023-12-11,4,3.9999999999999996
renewable_available_MWh,5,5365.1999999999998,1836.9400000000001,145.61999999999989,5.5064153237083246e-10,145.62000000055104,E80_P20,2026,326,2023-11-23,3,3.0000000000002998
renewable_available_MWh,6,1734.3000000000002,1734.3000000000002,0,-1.9254597916074092e-13,-2.2737367544323206e-13,E80_P20,2026,332,2023-11-29,1,0.99999999999999989
renewable_available_MWh,7,1421.8500000000001,473.85000000000002,-0.29999999999995453,1.4225181033111768e-10,-0.29999999985784598,E80_P20,2026,167,2023-06-17,3,3.0000000000003002
renewable_available_MWh,8,2468.5899999999997,1151.9099999999999,-164.76999999999998,-2.5577540085919278e-13,-164.77000000000044,E80_P20,2026,152,2023-06-02,2,1.9999999999999998
renewable_available_MWh,9,3236.2599999999998,1099.77,63.050000000000182,3.3064408544447589e-10,63.050000000330783,E80_P20,2026,31,2023-02-01,3,3.0000000000003006
renewable_available_MWh,10,11360.42,773.41000000000008,240.73000000000138,-5.7976560441375117e-10,240.72999999942112,E80_P20,2026,303,2023-10-31,15,14.99999999999925
renewable_available_MWh,11,2204.77,536.06999999999994,-60.490000000000236,-2.3806290272432304e-13,-60.490000000000691,E80_P20,2026,333,2023-11-30,4,3.9999999999999996
renewable_available_MWh,12,2431.23,2431.23,0,0,0,E80_P20,2026,13,2023-01-14,1,1
renewable_available_MWh,13,6640.8500000000004,837.8900000000001,62.270000000000437,0,62.270000000000437,E80_P20,2026,166,2023-06-16,8,8
renewable_available_MWh,14,7736.0100000000002,2021.1900000000001,348.75,4738.4806034998828,5087.2306034998819,E80_P20,2026,106,2023-04-17,4,6.3444013692428136
renewable_available_MWh,15,25281.779999999999,1088.26,836.45999999999913,6642.6696614024931,7479.1296614024941,E80_P20,2026,206,2023-07-26,24,30.103936248141522
renewable_available_MWh,16,4110.4700000000003,167.69999999999999,-1091.8700000000003,-0.07023648629375856,-1091.940236486294,E80_P20,2026,4,2023-01-05,18,17.999581177780001
renewable_available_MWh,17,3137.1800000000003,617.87,-47.830000000000382,-5.4877880018011638e-13,-47.830000000000837,E80_P20,2026,254,2023-09-12,5,4.9999999999999991
renewable_available_MWh,18,11540.25,661.02999999999997,-963.77000000000044,0,-963.77000000000044,E80_P20,2026,181,2023-07-01,16,16
renewable_available_MWh,19,10781.58,1050.3399999999999,-1328.5200000000004,9.4408399320400335e-10,-1328.5199999990564,E80_P20,2026,49,2023-02-19,9,9.0000000000008988
renewable_available_MWh,20,2154.6500000000001,1214.79,274.92999999999984,0,274.92999999999984,E80_P20,2026,42,2023-02-12,2,2
renewable_available_MWh,21,1415.4899999999998,1415.4899999999998,0,-1.5715095891266626e-13,-2.2737367544323206e-13,E80_P20,2026,74,2023-03-16,1,0.99999999999999989
renewable_available_MWh,22,3332.27,1691.9200000000001,51.570000000000164,-3.7568170796475899e-13,51.569999999999709,E80_P20,2026,73,2023-03-15,2,1.9999999999999998
renewable_available_MWh,23,4044.0500000000002,656.19000000000005,-106.90999999999985,-7.8854706764275312e-10,-106.91000000078839,E80_P20,2026,255,2023-09-13,6,5.9999999999987983
renewable_available_MWh,24,14513.91,599.91999999999996,-715.75,-1.5196482650026154e-09,-715.75000000152068,E80_P20,2026,280,2023-10-08,23,22.999999999997467
renewable_available_MWh,25,1813.2600000000002,1813.2600000000002,0,0,0,E80_P20,2026,92,2023-04-03,1,1
renewable_available_MWh,26,11591.190000000001,1259.6300000000001,1005.1100000000006,2.2375523656137377e-12,1005.1100000000024,E80_P20,2026,207,2023-07-27,10,10.000000000000002
renewable_available_MWh,27,2292.0299999999997,2292.0299999999997,0,0,0,E80_P20,2026,186,2023-07-06,1,1
renewable_available_MWh,28,13841.370000000001,940.85000000000014,-669.46999999999935,2.6239179717890695e-10,-669.46999999973559,E80_P20,2026,304,2023-11-01,14,14.000000000000279
renewable_available_MWh,29,4112.6599999999999,1076.73,194.26000000000022,9.5632834984371586e-13,194.26000000000113,E80_P20,2026,315,2023-11-12,4,4.0000000000000009
renewable_available_MWh,30,3749.5799999999999,1278.49,85.890000000000327,3.8267267576941322e-10,85.89000000038277,E80_P20,2026,125,2023-05-06,3,3.0000000000002993
renewable_available_MWh,31,5955.8900000000003,447.81999999999994,-134.23000000000138,-2.3228253098750427e-10,-134.2300000002333,E80_P20,2026,86,2023-03-28,13,12.999999999999481
renewable_available_MWh,32,2274.4200000000001,2274.4200000000001,0,0,0,E80_P20,2026,122,2023-05-03,1,1
renewable_available_MWh,33,21180.52,907.20000000000005,-314.91999999999825,-2.294791556778364e-09,-314.92000000229382,E80_P20,2026,63,2023-03-05,23,22.99999999999747
renewable_available_MWh,34,4189.2399999999998,1102.74,221.72000000000025,0,221.72000000000025,E80_P20,2026,179,2023-06-29,4,4
renewable_available_MWh,35,4541.8500000000004,983.48000000000002,-607.93000000000029,-4.3675285610333959e-13,-607.93000000000075,E80_P20,2026,93,2023-04-04,4,3.9999999999999996
renewable_available_MWh,36,9122.4599999999991,1485.55,-209.15999999999985,-1.782554592821839e-09,-209.16000000178246,E80_P20,2026,105,2023-04-16,6,5.9999999999988001
renewable_available_MWh,37,2118.9299999999998,2118.9299999999998,0,0,0,E80_P20,2026,91,2023-04-02,1,1
renewable_available_MWh,38,6404.5699999999997,282.48000000000002,-754.96999999999935,-1.0035705599875656e-12,-754.97000000000025,E80_P20,2026,275,2023-10-03,20,19.999999999999996
renewable_available_MWh,39,6823.6399999999994,1812.0599999999999,424.60000000000036,0,424.60000000000036,E80_P20,2026,192,2023-07-12,4,4
renewable_available_MWh,40,10415.639999999999,503.93000000000001,-840.96999999999935,-4368.2374683971275,-5209.2074683971268,E80_P20,2026,357,2023-12-24,19,10.331658229521704
renewable_available_MWh,41,5389.9099999999999,498.20999999999998,-906.02000000000044,4.4869436166550259e-10,-906.01999999955115,E80_P20,2026,169,2023-06-19,9,9.0000000000009006
renewable_available_MWh,42,3180.5500000000002,339.68000000000001,-463.11000000000013,0,-463.11000000000013,E80_P20,2026,21,2023-01-22,8,8
renewable_available_MWh,43,1949.8299999999999,856.06999999999994,-237.69000000000005,-1.9008572493817154e-13,-237.69000000000028,E80_P20,2026,308,2023-11-05,2,1.9999999999999998
renewable_available_MWh,44,14381.73,707.81999999999994,-933.15000000000146,-4.0486376917669982e-10,-933.15000000040527,E80_P20,2026,283,2023-10-11,19,18.999999999999428
renewable_available_MWh,45,2545.3699999999999,935.71000000000004,261.76000000000022,-5.494897799849241e-06,261.75999450510244,E80_P20,2026,364,2023-12-31,3,2.9999999941275632
renewable_available_MWh,46,1187.1900000000001,1187.1900000000001,0,0,0,E80_P20,2026,123,2023-05-04,1,1
renewable_available_MWh,47,6256.71,1313.74,311.98999999999978,1.1668355170968425e-12,311.9900000000016,E80_P20,2026,124,2023-05-05,5,5.0000000000000009
renewable_used_MWh,0,4188.9197760263287,585.84443587257795,-673.85316079086078,-7.0297175446385727e-10,-673.85316079156382,E80_P20,2026,331,2023-11-28,6,5.9999999999988001
renewable_used_MWh,1,7968.994751511158,410.51999999999998,-169.11475151115883,-2.3335360310738905e-10,-169.11475151139166,E80_P20,2026,337,2023-12-04,19,18.999999999999432
renewable_used_MWh,2,5230.0740542242265,801.95199445981041,383.58990699444621,1.6831092634359842e-09,383.58990699612968,E80_P20,2026,127,2023-05-08,7,7.0000000000020988
renewable_used_MWh,3,5618.1442105263159,1228.03,-706.02421052631598,270.68603359324635,-435.33817693306992,E80_P20,2026,347,2023-12-14,4,4.2204229811920282
renewable_used_MWh,4,4065.7233603184891,1034.7555401661893,73.298800346268308,-4.5952377022037776e-13,73.298800346267399,E80_P20,2026,344,2023-12-11,4,3.9999999999999996
renewable_used_MWh,5,3041.1574799860859,1108.2799999999791,283.68252001385144,3.3221825290751724e-10,283.68252001418341,E80_P20,2026,326,2023-11-23,3,3.0000000000002998
renewable_used_MWh,6,1489.759085872558,1489.759085872558,0,-1.6539648382802396e-13,-2.2737367544323206e-13,E80_P20,2026,332,2023-11-29,1,0.99999999999999989
renewable_used_MWh,7,1421.8500000000001,473.85000000000002,-0.29999999999995453,1.4225181033111768e-10,-0.29999999985784598,E80_P20,2026,167,2023-06-17,3,3.0000000000003002
renewable_used_MWh,8,2300.3899999999853,1151.9099999999999,3.4300000000143882,-2.5577540085919278e-13,3.4300000000139335,E80_P20,2026,152,2023-06-02,2,1.9999999999999998
renewable_used_MWh,9,3224.8999999999996,1092.9499999999998,53.949999999999818,3.2859366339010872e-10,53.9500000003286,E80_P20,2026,31,2023-02-01,3,3.0000000000003006
renewable_used_MWh,10,8484.7672763197515,575.00762499998189,140.34709867997663,-4.3103870295267718e-10,140.34709867954552,E80_P20,2026,303,2023-10-31,15,14.99999999999925
renewable_used_MWh,11,2204.77,536.06999999999994,-60.490000000000236,-2.3806290272432304e-13,-60.490000000000691,E80_P20,2026,333,2023-11-30,4,3.9999999999999996
renewable_used_MWh,12,2093.849999999979,2093.849999999979,0,0,0,E80_P20,2026,13,2023-01-14,1,1
renewable_used_MWh,13,6484.9898710526113,832.38,174.05012894738866,0,174.05012894738866,E80_P20,2026,166,2023-06-16,8,8
renewable_used_MWh,14,4228.3124099722108,1066.319999999979,36.967590027705228,2499.882068050948,2536.8496580786532,E80_P20,2026,106,2023-04-17,4,6.3444013692428136
renewable_used_MWh,15,17941.888976923925,803.44199445981053,1340.7188901115296,4904.1587132623581,6244.8776033738868,E80_P20,2026,206,2023-07-26,24,30.103936248141522
renewable_used_MWh,16,4110.4700000000003,167.69999999999999,-1091.8700000000003,-0.07023648629375856,-1091.940236486294,E80_P20,2026,4,2023-01-05,18,17.999581177780001
renewable_used_MWh,17,3137.1799999999998,617.87,-47.829999999999927,-5.4877880018011638e-13,-47.830000000000382,E80_P20,2026,254,2023-09-12,5,4.9999999999999991
renewable_used_MWh,18,10332.579960320327,588.77239999998392,-912.2215603205841,0,-912.2215603205841,E80_P20,2026,181,2023-07-01,16,16
renewable_used_MWh,19,7316.1512424860011,757.80999999998539,-495.86124248613305,6.8114733409173417e-10,-495.86124248545184,E80_P20,2026,49,2023-02-19,9,9.0000000000008988
renewable_used_MWh,20,2142.2342105263156,1214.79,287.34578947368436,0,287.34578947368436,E80_P20,2026,42,2023-02-12,2,2
renewable_used_MWh,21,1280.4248753462525,1280.4248753462525,0,-1.4215571779122055e-13,-2.2737367544323206e-13,E80_P20,2026,74,2023-03-16,1,0.99999999999999989
renewable_used_MWh,22,2795.0790858725431,1437.6999999999853,80.320914127427386,-3.1923352850071424e-13,80.320914127426931,E80_P20,2026,73,2023-03-15,2,1.9999999999999998
renewable_used_MWh,23,3826.8893011990885,636.07842105262102,-10.418774883362403,-7.6437887458186915e-10,-10.418774884126833,E80_P20,2026,255,2023-09-13,6,5.9999999999987983
renewable_used_MWh,24,13159.557816481751,561.62007499998958,-242.29609148199052,-1.4226313051146369e-09,-242.29609148341297,E80_P20,2026,280,2023-10-08,23,22.999999999997467
renewable_used_MWh,25,1555.3699999999853,1555.3699999999853,0,0,0,E80_P20,2026,92,2023-04-03,1,1
renewable_used_MWh,26,7367.0649896502655,805.55877499998155,688.52276034954957,1.4309598395101047e-12,688.52276034955139,E80_P20,2026,207,2023-07-27,10,10.000000000000002
renewable_used_MWh,27,1486.0758749999791,1486.0758749999791,0,0,0,E80_P20,2026,186,2023-07-06,1,1
renewable_used_MWh,28,10594.665613368607,730.38828587258649,-369.22961115239559,2.0369654564333232e-10,-369.22961115219186,E80_P20,2026,304,2023-11-01,14,14.000000000000279
renewable_used_MWh,29,3430.3693608725234,905.02999999998531,189.7506391274178,8.0382811518119129e-13,189.75063912741871,E80_P20,2026,315,2023-11-12,4,4.0000000000000009
renewable_used_MWh,30,3749.5799999999999,1278.49,85.890000000000327,3.8267267576941322e-10,85.89000000038277,E80_P20,2026,125,2023-05-06,3,3.0000000000002993
renewable_used_MWh,31,5916.3100000000004,447.81999999999994,-94.650000000001455,-2.3228253098750427e-10,-94.650000000233376,E80_P20,2026,86,2023-03-28,13,12.999999999999481
renewable_used_MWh,32,1790.5662049861262,1790.5662049861262,0,0,0,E80_P20,2026,122,2023-05-03,1,1
renewable_used_MWh,33,14841.082172456785,630.06709724999291,-349.53893570694891,-1.5937749724130688e-09,-349.53893570854234,E80_P20,2026,63,2023-03-05,23,22.99999999999747
renewable_used_MWh,34,2953.2575510387078,732.30277499998215,-24.046451038779196,0,-24.046451038779196,E80_P20,2026,179,2023-06-29,4,4
renewable_used_MWh,35,4438.6308999999901,983.48000000000002,-504.71089999999003,-4.3675285610333959e-13,-504.71089999999049,E80_P20,2026,93,2023-04-04,4,3.9999999999999996
renewable_used_MWh,36,6478.0025799061459,985.43259999998111,-565.40697990625904,-1.182449198644497e-09,-565.40697990744138,E80_P20,2026,105,2023-04-16,6,5.9999999999988001
renewable_used_MWh,37,1606.3155401661895,1606.3155401661895,0,0,0,E80_P20,2026,91,2023-04-02,1,1
renewable_used_MWh,38,6404.5699999999997,282.48000000000002,-754.96999999999935,-1.0035705599875656e-12,-754.97000000000025,E80_P20,2026,275,2023-10-03,20,19.999999999999996
renewable_used_MWh,39,4647.3524499999266,1162.039999999979,0.80754999998953281,0,0.80754999998953281,E80_P20,2026,192,2023-07-12,4,4
renewable_used_MWh,40,9398.0539535107491,434.20497499998328,-1148.1594285110659,-3763.8371217418394,-4911.9965502529058,E80_P20,2026,357,2023-12-24,19,10.331658229521704
renewable_used_MWh,41,5320.75,498.20999999999998,-836.86000000000058,4.4869436166550259e-10,-836.85999999955129,E80_P20,2026,169,2023-06-19,9,9.0000000000009006
renewable_used_MWh,42,3180.5500000000002,339.68000000000001,-463.11000000000013,0,-463.11000000000013,E80_P20,2026,21,2023-01-22,8,8
renewable_used_MWh,43,1936.5799999999999,856.06999999999994,-224.44000000000005,-1.9008572493817154e-13,-224.44000000000028,E80_P20,2026,308,2023-11-05,2,1.9999999999999998
renewable_used_MWh,44,11059.450033725432,531.17908587255783,-967.04740214683261,-3.038274798878213e-10,-967.04740214713638,E80_P20,2026,283,2023-10-11,19,18.999999999999428
renewable_used_MWh,45,2461.3068421052421,884.94842105262092,193.53842105262083,-5.1968036376891413e-06,193.53841585581677,E80_P20,2026,364,2023-12-31,3,2.9999999941275632
renewable_used_MWh,46,788.32554016618951,788.32554016618951,0,0,0,E80_P20,2026,123,2023-05-04,1,1
renewable_used_MWh,47,4999.1474901661313,984.09999999998547,-78.647490166204079,8.7405638282688034e-13,-78.64749016620317,E80_P20,2026,124,2023-05-05,5,5.0000000000000009
curtailment_MWh,0,957.88022397367138,173.38556412742207,82.433160790861052,-2.0805037438278193e-10,82.433160790653005,E80_P20,2026,331,2023-11-28,6,5.9999999999988001
curtailment_MWh,1,62.385248488842116,0,-62.385248488842116,-0,-62.385248488842116,E80_P20,2026,337,2023-12-04,19,18.999999999999432
curtailment_MWh,2,2337.3959457757733,313.65800554018949,-141.78990699444694,6.5829463399633045e-10,-141.78990699378846,E80_P20,2026,127,2023-05-08,7,7.0000000000020988
curtailment_MWh,3,55.275789473684242,0,-55.275789473684242,0,-55.275789473684242,E80_P20,2026,347,2023-12-14,4,4.2204229811920282
curtailment_MWh,4,697.44663968151076,176.46445983381054,8.4111996537313871,-7.8365962534215033e-14,8.4111996537312734,E80_P20,2026,344,2023-12-11,4,3.9999999999999996
curtailment_MWh,5,2324.0425200139139,728.660000000021,-138.06252001385064,2.1842327946331528e-10,-138.06252001363237,E80_P20,2026,326,2023-11-23,3,3.0000000000002998
curtailment_MWh,6,244.54091412744225,244.54091412744225,0,-2.7149495332716961e-14,-2.8421709430404007e-14,E80_P20,2026,332,2023-11-29,1,0.99999999999999989
curtailment_MWh,7,0,0,0,0,0,E80_P20,2026,167,2023-06-17,3,3.0000000000003002
curtailment_MWh,8,168.20000000001465,0,-168.20000000001465,-0,-168.20000000001465,E80_P20,2026,152,2023-06-02,2,1.9999999999999998
curtailment_MWh,9,11.359999999999992,6.8199999999999967,9.0999999999999979,2.050422054367117e-12,9.1000000000020478,E80_P20,2026,31,2023-02-01,3,3.0000000000003006
curtailment_MWh,10,2875.6527236802481,198.40237500001811,100.38290132002339,-1.4872690146107396e-10,100.38290131987469,E80_P20,2026,303,2023-10-31,15,14.99999999999925
curtailment_MWh,11,0,0,0,-0,0,E80_P20,2026,333,2023-11-30,4,3.9999999999999996
curtailment_MWh,12,337.38000000002091,337.38000000002091,0,0,0,E80_P20,2026,13,2023-01-14,1,1
curtailment_MWh,13,155.86012894738872,5.5100000000000051,-111.78012894738868,0,-111.78012894738868,E80_P20,2026,166,2023-06-16,8,8
curtailment_MWh,14,3507.6975900277894,954.87000000002104,311.78240997229477,2238.5985354489349,2550.3809454212296,E80_P20,2026,106,2023-04-17,4,6.3444013692428136
curtailment_MWh,15,7339.8910230760766,284.81800554018952,-504.25889011152776,1738.5109481401357,1234.2520580286082,E80_P20,2026,206,2023-07-26,24,30.103936248141522
curtailment_MWh,16,0,0,0,-0,0,E80_P20,2026,4,2023-01-05,18,17.999581177780001
curtailment_MWh,17,0,0,0,-0,0,E80_P20,2026,254,2023-09-12,5,4.9999999999999991
curtailment_MWh,18,1207.6700396796723,72.257600000015998,-51.548439679416333,0,-51.548439679416333,E80_P20,2026,181,2023-07-01,16,16
curtailment_MWh,19,3465.4287575139988,292.53000000001464,-832.65875751386693,2.6293665911226934e-10,-832.65875751360409,E80_P20,2026,49,2023-02-19,9,9.0000000000008988
curtailment_MWh,20,12.415789473684242,0,-12.415789473684242,0,-12.415789473684242,E80_P20,2026,42,2023-02-12,2,2
curtailment_MWh,21,135.06512465374738,135.06512465374738,0,-1.4995241121445721e-14,-2.8421709430404007e-14,E80_P20,2026,74,2023-03-16,1,0.99999999999999989
curtailment_MWh,22,537.19091412745695,254.22000000001461,-28.750914127427734,-5.6448179464044703e-14,-28.750914127427791,E80_P20,2026,73,2023-03-15,2,1.9999999999999998
curtailment_MWh,23,217.16069880091152,20.111578947379051,-96.49122511663721,-2.4168193060884008e-11,-96.491225116661383,E80_P20,2026,255,2023-09-13,6,5.9999999999987983
curtailment_MWh,24,1354.3521835182491,38.29992500001044,-473.45390851800903,-9.7016959887978672e-11,-473.453908518106,E80_P20,2026,280,2023-10-08,23,22.999999999997467
curtailment_MWh,25,257.89000000001465,257.89000000001465,0,0,0,E80_P20,2026,92,2023-04-03,1,1
curtailment_MWh,26,4224.125010349735,454.07122500001844,316.58723965044919,8.0659252610363276e-13,316.5872396504501,E80_P20,2026,207,2023-07-27,10,10.000000000000002
curtailment_MWh,27,805.95412500002078,805.95412500002078,0,0,0,E80_P20,2026,186,2023-07-06,1,1
curtailment_MWh,28,3246.7043866313934,210.46171412741347,-300.24038884760466,5.8695251535574599e-11,-300.240388847546,E80_P20,2026,304,2023-11-01,14,14.000000000000279
curtailment_MWh,29,682.29063912747654,171.70000000001463,4.5093608725819649,1.5250023466252449e-13,4.5093608725820786,E80_P20,2026,315,2023-11-12,4,4.0000000000000009
curtailment_MWh,30,0,0,0,0,0,E80_P20,2026,125,2023-05-06,3,3.0000000000002993
curtailment_MWh,31,39.579999999999998,0,-39.579999999999998,-0,-39.579999999999998,E80_P20,2026,86,2023-03-28,13,12.999999999999481
curtailment_MWh,32,483.85379501387376,483.85379501387376,0,0,0,E80_P20,2026,122,2023-05-03,1,1
curtailment_MWh,33,6339.4378275432146,277.13290275000713,34.618935706949742,-7.0101658436529523e-10,34.618935706248521,E80_P20,2026,63,2023-03-05,23,22.99999999999747
curtailment_MWh,34,1235.9824489612922,370.43722500001797,245.76645103877968,0,245.76645103877968,E80_P20,2026,179,2023-06-29,4,4
curtailment_MWh,35,103.21910000000993,0,-103.21910000000993,-0,-103.21910000000993,E80_P20,2026,93,2023-04-04,4,3.9999999999999996
curtailment_MWh,36,2644.4574200938541,500.1174000000189,356.24697990625918,-6.0010539417734207e-10,356.24697990565937,E80_P20,2026,105,2023-04-16,6,5.9999999999988001
curtailment_MWh,37,512.61445983381054,512.61445983381054,0,0,0,E80_P20,2026,91,2023-04-02,1,1
curtailment_MWh,38,0,0,0,-0,0,E80_P20,2026,275,2023-10-03,20,19.999999999999996
curtailment_MWh,39,2176.2875500000737,650.0200000000209,423.79245000000992,0,423.79245000000992,E80_P20,2026,192,2023-07-12,4,4
curtailment_MWh,40,1017.5860464892498,69.725025000016714,307.18942851106772,-604.40034665528833,-297.21091814422061,E80_P20,2026,357,2023-12-24,19,10.331658229521704
curtailment_MWh,41,69.159999999999982,0,-69.159999999999982,0,-69.159999999999982,E80_P20,2026,169,2023-06-19,9,9.0000000000009006
curtailment_MWh,42,0,0,0,0,0,E80_P20,2026,21,2023-01-22,8,8
curtailment_MWh,43,13.250000000000021,0,-13.250000000000021,-0,-13.250000000000021,E80_P20,2026,308,2023-11-05,2,1.9999999999999998
curtailment_MWh,44,3322.2799662745688,176.64091412744216,33.897402146832064,-1.0103628928887854e-10,33.89740214673111,E80_P20,2026,283,2023-10-11,19,18.999999999999428
curtailment_MWh,45,84.063157894758092,50.76157894737905,68.221578947379044,-2.980941621600995e-07,68.221578649284908,E80_P20,2026,364,2023-12-31,3,2.9999999941275632
curtailment_MWh,46,398.86445983381054,398.86445983381054,0,0,0,E80_P20,2026,123,2023-05-04,1,1
curtailment_MWh,47,1257.5625098338692,329.6400000000146,390.63749016620386,2.9277913426996224e-13,390.63749016620409,E80_P20,2026,124,2023-05-05,5,5.0000000000000009
total_load_MWh,0,18275,2924,-731,-3.5085925276234775e-09,-731.00000000350701,E80_P20,2026,331,2023-11-28,6,5.9999999999988001
total_load_MWh,1,53801.600000000006,2924,1754.3999999999942,-1.6621015674900264e-09,1754.3999999983353,E80_P20,2026,337,2023-12-04,19,18.999999999999432
total_load_MWh,2,20321.799999999999,2924,146.20000000000073,6.1367906312170817e-09,146.200000006138,E80_P20,2026,127,2023-05-08,7,7.0000000000020988
total_load_MWh,3,11696,3070.1999999999998,584.79999999999927,676.74263685576489,1261.5426368557637,E80_P20,2026,347,2023-12-14,4,4.2204229811920282
total_load_MWh,4,11842.200000000001,3070.1999999999998,438.59999999999854,-1.3634426920816622e-12,438.59999999999673,E80_P20,2026,344,2023-12-11,4,3.9999999999999996
total_load_MWh,5,8918.2000000000007,3070.1999999999998,292.39999999999782,9.2032381715512191e-10,292.40000000091823,E80_P20,2026,326,2023-11-23,3,3.0000000000002998
total_load_MWh,6,3070.1999999999998,3070.1999999999998,0,-3.4086067302041554e-13,-4.5474735088646412e-13,E80_P20,2026,332,2023-11-29,1,0.99999999999999989
total_load_MWh,7,9210.5999999999985,3070.1999999999998,0,9.2168725984720366e-10,9.2222762759774923e-10,E80_P20,2026,167,2023-06-17,3,3.0000000000003002
total_load_MWh,8,5994.1999999999998,3070.1999999999998,146.19999999999982,-6.8172134604083108e-13,146.19999999999891,E80_P20,2026,152,2023-06-02,2,1.9999999999999998
total_load_MWh,9,8479.6000000000004,2924,292.39999999999964,8.7909590718027175e-10,292.40000000087821,E80_P20,2026,31,2023-02-01,3,3.0000000000003006
total_load_MWh,10,41667,2777.8000000000002,0,-2.0823016200210988e-09,-2.0809238776564598e-09,E80_P20,2026,303,2023-10-31,15,14.99999999999925
total_load_MWh,11,11257.400000000001,2777.8000000000002,-146.20000000000073,-1.233591007121504e-12,-146.20000000000255,E80_P20,2026,333,2023-11-30,4,3.9999999999999996
total_load_MWh,12,2924,2924,0,0,0,E80_P20,2026,13,2023-01-14,1,1
total_load_MWh,13,23684.400000000001,2924,-292.40000000000146,0,-292.40000000000146,E80_P20,2026,166,2023-06-16,8,8
total_load_MWh,14,11549.799999999999,2924,146.20000000000073,6855.0296036659875,7001.2296036659864,E80_P20,2026,106,2023-04-17,4,6.3444013692428136
total_load_MWh,15,73392.399999999994,3070.1999999999998,292.39999999999418,18740.305069044101,19032.705069044096,E80_P20,2026,206,2023-07-26,24,30.103936248141522
total_load_MWh,16,51754.800000000003,2924,877.19999999999709,-1.2246361712757903,875.97536382872204,E80_P20,2026,4,2023-01-05,18,17.999581177780001
total_load_MWh,17,14327.6,3070.1999999999998,1023.3999999999996,-2.7268853841633243e-12,1023.399999999996,E80_P20,2026,254,2023-09-12,5,4.9999999999999991
total_load_MWh,18,46637.800000000003,2924,146.19999999999709,0,146.19999999999709,E80_P20,2026,181,2023-07-01,16,16
total_load_MWh,19,25438.800000000003,2924,877.19999999999709,2.6281981035936042e-09,877.20000000262371,E80_P20,2026,49,2023-02-19,9,9.0000000000008988
total_load_MWh,20,5701.8000000000002,2777.8000000000002,-146.19999999999982,0,-146.19999999999982,E80_P20,2026,42,2023-02-12,2,2
total_load_MWh,21,3070.1999999999998,3070.1999999999998,0,-3.4086067302041554e-13,-4.5474735088646412e-13,E80_P20,2026,74,2023-03-16,1,0.99999999999999989
total_load_MWh,22,5994.1999999999998,2924,-146.19999999999982,-6.4925842480079154e-13,-146.20000000000073,E80_P20,2026,73,2023-03-15,2,1.9999999999999998
total_load_MWh,23,17105.400000000001,2777.8000000000002,-438.59999999999854,-3.33809726527079e-09,-438.60000000333821,E80_P20,2026,255,2023-09-13,6,5.9999999999987983
total_load_MWh,24,68567.800000000003,2924,-1315.8000000000029,-7.4067401101274299e-09,-1315.8000000074098,E80_P20,2026,280,2023-10-08,23,22.999999999997467
total_load_MWh,25,3070.1999999999998,3070.1999999999998,0,0,0,E80_P20,2026,92,2023-04-03,1,1
total_load_MWh,26,28216.600000000002,2777.8000000000002,-438.60000000000218,4.9343640284860161e-12,-438.59999999999491,E80_P20,2026,207,2023-07-27,10,10.000000000000002
total_load_MWh,27,2777.8000000000002,2777.8000000000002,0,0,0,E80_P20,2026,186,2023-07-06,1,1
total_load_MWh,28,41959.400000000001,2924,-1023.4000000000015,8.1546858154979418e-10,-1023.3999999991865,E80_P20,2026,304,2023-11-01,14,14.000000000000279
total_load_MWh,29,11257.400000000001,2777.8000000000002,-146.20000000000073,2.467182014243008e-12,-146.19999999999891,E80_P20,2026,315,2023-11-12,4,4.0000000000000009
total_load_MWh,30,9064.3999999999996,3070.1999999999998,146.19999999999891,9.1896037446304027e-10,146.20000000091932,E80_P20,2026,125,2023-05-06,3,3.0000000000002993
total_load_MWh,31,39912.599999999999,3070.1999999999998,0,-1.5925010643513813e-09,-1.5934347175061703e-09,E80_P20,2026,86,2023-03-28,13,12.999999999999481
total_load_MWh,32,3070.1999999999998,3070.1999999999998,0,0,0,E80_P20,2026,122,2023-05-03,1,1
total_load_MWh,33,64766.600000000006,2777.8000000000002,-877.20000000000437,-7.0265343765640867e-09,-877.20000000702566,E80_P20,2026,63,2023-03-05,23,22.99999999999747
total_load_MWh,34,12134.599999999999,3070.1999999999998,146.20000000000073,0,146.20000000000073,E80_P20,2026,179,2023-06-29,4,4
total_load_MWh,35,11403.6,2777.8000000000002,-292.39999999999964,-1.233591007121504e-12,-292.40000000000146,E80_P20,2026,93,2023-04-04,4,3.9999999999999996
total_load_MWh,36,17251.599999999999,2777.8000000000002,-584.79999999999563,-3.3331629012423039e-09,-584.80000000333166,E80_P20,2026,105,2023-04-16,6,5.9999999999988001
total_load_MWh,37,2924,2924,0,0,0,E80_P20,2026,91,2023-04-02,1,1
total_load_MWh,38,60965.399999999994,3070.1999999999998,438.60000000000582,-1.0907541536653297e-11,438.59999999999127,E80_P20,2026,275,2023-10-03,20,19.999999999999996
total_load_MWh,39,11988.4,2777.8000000000002,-877.19999999999891,0,-877.19999999999891,E80_P20,2026,192,2023-07-12,4,4
total_load_MWh,40,53655.400000000001,2777.8000000000002,-877.19999999999709,-24078.919770034612,-24956.119770034609,E80_P20,2026,357,2023-12-24,19,10.331658229521704
total_load_MWh,41,26462.200000000001,2924,-146.20000000000073,2.6333921709920105e-09,-146.19999999736683,E80_P20,2026,169,2023-06-19,9,9.0000000000009006
total_load_MWh,42,22514.800000000003,2777.8000000000002,-292.40000000000146,0,-292.40000000000146,E80_P20,2026,21,2023-01-22,8,8
total_load_MWh,43,5848,3070.1999999999998,292.39999999999964,-6.8172134604083108e-13,292.39999999999873,E80_P20,2026,308,2023-11-05,2,1.9999999999999998
total_load_MWh,44,57018,2924,-1462,-1.672489702286839e-09,-1462.0000000016735,E80_P20,2026,283,2023-10-11,19,18.999999999999428
total_load_MWh,45,8772,2924,0,-1.7171005083582713e-05,-1.7171005310956389e-05,E80_P20,2026,364,2023-12-31,3,2.9999999941275632
total_load_MWh,46,2777.8000000000002,2777.8000000000002,0,0,0,E80_P20,2026,123,2023-05-04,1,1
total_load_MWh,47,14620,2924,0,2.5970336992031662e-12,1.8189894035458565e-12,E80_P20,2026,124,2023-05-05,5,5.0000000000000009
thermal_generation_MWh,0,13252.395118663379,2249.7219749999699,245.93673133644188,-2.6995067410106793e-09,245.93673133374068,E80_P20,2026,331,2023-11-28,6,5.9999999999988001
thermal_generation_MWh,1,43762.022095669199,2324.6842105263158,406.97790433080081,-1.3214299829805418e-09,406.97790432948386,E80_P20,2026,337,2023-12-04,19,18.999999999999432
thermal_generation_MWh,2,14584.145380263144,2066.6284210526314,-117.74643289472442,4.3373686499735768e-09,-117.74643289038613,E80_P20,2026,127,2023-05-08,7,7.0000000000020988
thermal_generation_MWh,3,6090.9885857340287,1843.9064749999943,1284.6373142659486,406.43936225878275,1691.0766765247317,E80_P20,2026,347,2023-12-14,4,4.2204229811920282
thermal_generation_MWh,4,7575.160593405868,2011.8960664819942,472.42367252210897,-8.9346133446443787e-13,472.42367252210806,E80_P20,2026,344,2023-12-11,4,3.9999999999999996
thermal_generation_MWh,5,5745.114515235442,1925.30324099722,30.795207756217678,5.771293166359486e-10,30.795207756795207,E80_P20,2026,326,2023-11-23,3,3.0000000000002998
thermal_generation_MWh,6,1589.2974792243645,1589.2974792243645,0,-1.7644746544136108e-13,-2.2737367544323206e-13,E80_P20,2026,332,2023-11-29,1,0.99999999999999989
thermal_generation_MWh,7,7189.8755171052599,2407.0384210526317,31.239746052635383,7.2260329836718774e-10,31.239746053358431,E80_P20,2026,167,2023-06-17,3,3.0000000000003002
thermal_generation_MWh,8,3707.6638525634044,1921.7391711229825,135.81448968256063,-4.2671181502095978e-13,135.81448968256018,E80_P20,2026,152,2023-06-02,2,1.9999999999999998
thermal_generation_MWh,9,5239.0321755848108,1837.9650933826233,274.8631045630591,5.5258125551739742e-10,274.86310456361207,E80_P20,2026,31,2023-02-01,3,3.0000000000003006
thermal_generation_MWh,10,32348.857694359845,2181.1342105263157,368.15546353488753,-1.6350274678027169e-09,368.15546353325408,E80_P20,2026,303,2023-10-31,15,14.99999999999925
thermal_generation_MWh,11,8970.6888088642645,2234.5184210526313,-32.615124653739258,-9.9232552000067256e-13,-32.615124653741077,E80_P20,2026,333,2023-11-30,4,3.9999999999999996
thermal_generation_MWh,12,840.88669999998615,840.88669999998615,0,0,0,E80_P20,2026,13,2023-01-14,1,1
thermal_generation_MWh,13,16945.279444432777,2078.8687355263146,-314.32956022226062,0,-314.32956022226062,E80_P20,2026,166,2023-06-16,8,8
thermal_generation_MWh,14,7296.5549894421092,1848.8964265927689,99.030716928966285,4334.5553140922329,4433.5860310211992,E80_P20,2026,106,2023-04-17,4,6.3444013692428136
thermal_generation_MWh,15,50957.328600657878,2113.7684210526313,-226.88649539472681,12902.307685440028,12675.421190045301,E80_P20,2026,206,2023-07-26,24,30.103936248141522
thermal_generation_MWh,16,44764.263684210528,2540.6542105263156,967.51210526315117,-1.0640824367013211,966.44802282645105,E80_P20,2026,4,2023-01-05,18,17.999581177780001
thermal_generation_MWh,17,11191.002458457797,2440.3884210526317,1010.9396468053619,-2.1675003312650102e-12,1010.9396468053601,E80_P20,2026,254,2023-09-12,5,4.9999999999999991
thermal_generation_MWh,18,34170.342547560125,2168.8042105263157,530.52482086092641,0,530.52482086092641,E80_P20,2026,181,2023-07-01,16,16
thermal_generation_MWh,19,17928.538577492953,2073.9740443213168,737.2278213988975,1.8641636970545974e-09,737.22782140076379,E80_P20,2026,49,2023-02-19,9,9.0000000000008988
thermal_generation_MWh,20,3566.8557207755944,1564.3369749999956,-438.18177077560313,0,-438.18177077560313,E80_P20,2026,42,2023-02-12,2,2
thermal_generation_MWh,21,1795.2199999999891,1795.2199999999891,0,-1.9930945782675614e-13,-2.2737367544323206e-13,E80_P20,2026,74,2023-03-16,1,0.99999999999999989
thermal_generation_MWh,22,3215.6499999999787,1494.0999999999892,-227.45000000000027,-3.3175684421848688e-13,-227.45000000000073,E80_P20,2026,73,2023-03-15,2,1.9999999999999998
thermal_generation_MWh,23,13011.748496325883,2109.0515789473616,-357.43902264171265,-2.5344586752103205e-09,-357.43902264424833,E80_P20,2026,255,2023-09-13,6,5.9999999999987983
thermal_generation_MWh,24,51456.897189196563,2220.29,-390.22718919656472,-5.6241829682335265e-09,-390.22718920218904,E80_P20,2026,280,2023-10-08,23,22.999999999997467
thermal_generation_MWh,25,1523.6303679369103,1523.6303679369103,0,0,0,E80_P20,2026,92,2023-04-03,1,1
thermal_generation_MWh,26,20323.197574445872,1972.7396952908521,-595.8006215373498,3.5042896500862711e-12,-595.8006215373498,E80_P20,2026,207,2023-07-27,10,10.000000000000002
thermal_generation_MWh,27,1303.384149999983,1303.384149999983,0,0,0,E80_P20,2026,186,2023-07-06,1,1
thermal_generation_MWh,28,30125.834370429202,2173.8654105262726,308.28137693861572,6.0626502831806451e-10,308.28137693921963,E80_P20,2026,304,2023-11-01,14,14.000000000000279
thermal_generation_MWh,29,7726.8168698060526,1882.6669252077368,-196.14916897510557,1.6721441344527015e-12,-196.14916897510375,E80_P20,2026,315,2023-11-12,4,4.0000000000000009
thermal_generation_MWh,30,5318.0288652454674,1792.0543152454768,58.134080490963242,5.3639075779952144e-10,58.134080491499844,E80_P20,2026,125,2023-05-06,3,3.0000000000002993
thermal_generation_MWh,31,30453.023698684177,2321.9948249999979,-267.09097368420407,-1.2044098854246944e-09,-267.09097368540824,E80_P20,2026,86,2023-03-28,13,12.999999999999481
thermal_generation_MWh,32,1292.4195749999794,1292.4195749999794,0,0,0,E80_P20,2026,122,2023-05-03,1,1
thermal_generation_MWh,33,48232.68548346989,2117.1968605262928,462.84230863484117,-5.3555175039389284e-09,462.84230862948607,E80_P20,2026,63,2023-03-05,23,22.99999999999747
thermal_generation_MWh,34,8584.2768421052624,2140.8242105263157,-20.979999999999563,0,-20.979999999999563,E80_P20,2026,179,2023-06-29,4,4
thermal_generation_MWh,35,6975.7356720925691,1794.8406833114304,203.62706115315268,-7.9706938085851961e-13,203.62706115315177,E80_P20,2026,93,2023-04-04,4,3.9999999999999996
thermal_generation_MWh,36,10840.416992001261,1804.1686703600892,-15.404969840725244,-2.1648743896709282e-09,-15.404969842889841,E80_P20,2026,105,2023-04-16,6,5.9999999999988001
thermal_generation_MWh,37,1325.6843213296268,1325.6843213296268,0,0,0,E80_P20,2026,91,2023-04-02,1,1
thermal_generation_MWh,38,49900.069473684212,2538.6942105263156,873.81473684209777,-9.0192536480284801e-12,873.8147368420905,E80_P20,2026,275,2023-10-03,20,19.999999999999996
thermal_generation_MWh,39,7333.3866759002312,1625.5099999999893,-831.34667590027402,0,-831.34667590027402,E80_P20,2026,192,2023-07-12,4,4
thermal_generation_MWh,40,42411.959996946454,2244.6100000000001,235.63000305354944,-19457.046621433288,-19221.416618379742,E80_P20,2026,357,2023-12-24,19,10.331658229521704
thermal_generation_MWh,41,19969.254347160637,2254.7784210526315,323.75144231304512,2.0306825722714524e-09,323.75144231507875,E80_P20,2026,169,2023-06-19,9,9.0000000000009006
thermal_generation_MWh,42,19109.280554016543,2401.3791412742362,101.75257617734678,0,101.75257617734678,E80_P20,2026,21,2023-01-22,8,8
thermal_generation_MWh,43,3807.2935605262956,2103.8942105263154,400.49486052633529,-4.6715835878037635e-13,400.49486052633438,E80_P20,2026,308,2023-11-05,2,1.9999999999999998
thermal_generation_MWh,44,42030.092631578926,2227.9000000000001,300.0073684210729,-1.2743296196049415e-09,300.0073684197996,E80_P20,2026,283,2023-10-11,19,18.999999999999428
thermal_generation_MWh,45,6164.8157222299087,2006.2965927977816,-145.92594383656433,-1.1781849861185152e-05,-145.92595561841335,E80_P20,2026,364,2023-12-31,3,2.9999999941275632
thermal_generation_MWh,46,1969.6637673130185,1969.6637673130185,0,0,0,E80_P20,2026,123,2023-05-04,1,1
thermal_generation_MWh,47,9670.8012188364301,1944.3727700830755,51.062631578946821,1.7269499342403409e-12,51.06263157894864,E80_P20,2026,124,2023-05-05,5,5.0000000000000009
unserved_MWh,0,912.3453499998717,102.99999999998056,-294.34534999998834,-1.2359269163650821e-10,-294.34535000011192,E80_P20,2026,331,2023-11-28,6,5.9999999999988001
unserved_MWh,1,2214.0423999995887,195.09567499997962,1492.7754250000239,-1.1089905171955912e-10,1492.7754249999134,E80_P20,2026,337,2023-12-04,19,18.999999999999432
unserved_MWh,2,604.22154999983763,69.73164999997465,-116.10000000001509,1.4635038865224112e-10,-116.09999999986871,E80_P20,2026,127,2023-05-08,7,7.0000000000020988
unserved_MWh,3,0,0,0,0,0,E80_P20,2026,347,2023-12-14,4,4.2204229811920282
unserved_MWh,4,242.15672499996123,34.489999999978735,-104.19672500004629,-1.5316636847719216e-14,-104.19672500004631,E80_P20,2026,344,2023-12-11,4,3.9999999999999996
unserved_MWh,5,173.97689999993889,51.903124999980278,-18.267524999998045,1.5558491994743433e-11,-18.267524999982498,E80_P20,2026,326,2023-11-23,3,3.0000000000002998
unserved_MWh,6,0,0,0,-0,0,E80_P20,2026,332,2023-11-29,1,0.99999999999999989
unserved_MWh,7,619.05764999993823,195.87999999997871,-31.417650000002141,5.8804019431584464e-11,-31.417649999943364,E80_P20,2026,167,2023-06-17,3,3.0000000000003002
unserved_MWh,8,0,0,0,-0,0,E80_P20,2026,152,2023-06-02,2,1.9999999999999998
unserved_MWh,9,38.149999999978725,0.61999999999999433,-36.28999999997874,1.8640200494246357e-13,-36.289999999978555,E80_P20,2026,31,2023-02-01,3,3.0000000000003006
unserved_MWh,10,1025.7006499996596,35.714174999972549,-489.98802500007139,-2.6772152228439723e-11,-489.98802500009811,E80_P20,2026,303,2023-10-31,15,14.99999999999925
unserved_MWh,11,108.16369999991562,13.779999999978733,-53.04370000000069,-6.1195493117244183e-15,-53.043700000000698,E80_P20,2026,333,2023-11-30,4,3.9999999999999996
unserved_MWh,12,0,0,0,0,0,E80_P20,2026,13,2023-01-14,1,1
unserved_MWh,13,323.14159999985247,19.719999999978736,-165.38160000002259,0,-165.38160000002259,E80_P20,2026,166,2023-06-16,8,8
unserved_MWh,14,80.089999999978772,23.300000000000015,13.110000000021287,54.624551903357592,67.734551903378872,E80_P20,2026,106,2023-04-17,4,6.3444013692428136
unserved_MWh,15,4802.9329249994862,166.21354999997814,-813.80772500001058,1014.5569127771499,200.74918777713901,E80_P20,2026,206,2023-07-26,24,30.103936248141522
unserved_MWh,16,2997.0383999996211,221.71264999998033,993.78930000002492,-0.092858184274755562,993.69644181574995,E80_P20,2026,4,2023-01-05,18,17.999581177780001
unserved_MWh,17,25.527049999965854,22.447049999965852,86.70819999986341,-1.9936985395899367e-14,86.708199999863382,E80_P20,2026,254,2023-09-12,5,4.9999999999999991
unserved_MWh,18,2311.6041249996524,177.95999999997872,535.75587500000711,0,535.75587500000711,E80_P20,2026,181,2023-07-01,16,16
unserved_MWh,19,306.5914749998949,106.61319999997943,652.92732499991996,9.5827842017096985e-11,652.9273250000158,E80_P20,2026,49,2023-02-19,9,9.0000000000008988
unserved_MWh,20,0.8899999999999938,0,-0.8899999999999938,0,-0.8899999999999938,E80_P20,2026,42,2023-02-12,2,2
unserved_MWh,21,0,0,0,-0,0,E80_P20,2026,74,2023-03-16,1,0.99999999999999989
unserved_MWh,22,0,0,0,-0,0,E80_P20,2026,73,2023-03-15,2,1.9999999999999998
unserved_MWh,23,327.29689999986272,44.369999999978759,-61.076899999990133,-5.3319668680248409e-11,-61.076900000043508,E80_P20,2026,255,2023-09-13,6,5.9999999999987983
unserved_MWh,24,4206.3967999995184,152.00762499997833,-710.22142500001655,-3.850482124256322e-10,-710.22142500040172,E80_P20,2026,280,2023-10-08,23,22.999999999997467
unserved_MWh,25,0,0,0,0,0,E80_P20,2026,92,2023-04-03,1,1
unserved_MWh,26,664.7586999998282,13.599999999978735,-528.75870000004079,2.4158453015805632e-14,-528.75870000004079,E80_P20,2026,207,2023-07-27,10,10.000000000000002
unserved_MWh,27,0,0,0,0,0,E80_P20,2026,186,2023-07-06,1,1
unserved_MWh,28,1429.0957999996917,36.189999999978752,-922.43579999998917,1.0092957580803599e-11,-922.43579999997905,E80_P20,2026,304,2023-11-01,14,14.000000000000279
unserved_MWh,29,147.7299999999363,0,-147.7299999999363,0,-147.7299999999363,E80_P20,2026,315,2023-11-12,4,4.0000000000000009
unserved_MWh,30,0,0,0,0,0,E80_P20,2026,125,2023-05-06,3,3.0000000000002993
unserved_MWh,31,3630.5199749997491,306.66514999998185,356.12697500001468,-1.5906604708958606e-10,356.12697499985597,E80_P20,2026,86,2023-03-28,13,12.999999999999481
unserved_MWh,32,0,0,0,0,0,E80_P20,2026,122,2023-05-03,1,1
unserved_MWh,33,2002.5543749994943,45.939999999978738,-945.93437499998322,-1.1620670647966187e-10,-945.93437500009941,E80_P20,2026,63,2023-03-05,23,22.99999999999747
unserved_MWh,34,645.33799999991447,209.17999999997866,191.38200000000018,0,191.38200000000018,E80_P20,2026,179,2023-06-29,4,4
unserved_MWh,35,0,0,0,-0,0,E80_P20,2026,93,2023-04-04,4,3.9999999999999996
unserved_MWh,36,1.0099999999999867,0,-1.0099999999999867,-0,-1.0099999999999867,E80_P20,2026,105,2023-04-16,6,5.9999999999988001
unserved_MWh,37,0,0,0,0,0,E80_P20,2026,91,2023-04-02,1,1
unserved_MWh,38,4783.1590499996028,254.76309999998136,312.10295000002498,-9.0510035022355369e-13,312.10295000002407,E80_P20,2026,275,2023-10-03,20,19.999999999999996
unserved_MWh,39,56.509999999957486,0,-56.509999999957486,0,-56.509999999957486,E80_P20,2026,192,2023-07-12,4,4
unserved_MWh,40,2054.6501249995781,111.06332499997754,55.553049999994982,-962.73485926551166,-907.18180926551668,E80_P20,2026,357,2023-12-24,19,10.331658229521704
unserved_MWh,41,1240.6652249998044,177.57999999997872,357.55477500000416,1.5993084190311396e-10,357.554775000164,E80_P20,2026,169,2023-06-19,9,9.0000000000009006
unserved_MWh,42,287.4630999998688,43.82999999997876,63.176899999961279,0,63.176899999961279,E80_P20,2026,21,2023-01-22,8,8
unserved_MWh,43,115.7039999999823,115.7039999999823,115.7039999999823,-2.5691448968241893e-14,115.70399999998227,E80_P20,2026,308,2023-11-05,2,1.9999999999999998
unserved_MWh,44,4152.0134749996187,176.82752499997909,-792.29050000001598,-1.0114302826379399e-10,-792.29050000011694,E80_P20,2026,283,2023-10-11,19,18.999999999999428
unserved_MWh,45,173.34882499993998,43.112899999979085,-44.010125000002716,-2.5317777875090083e-07,-44.01012525318049,E80_P20,2026,364,2023-12-31,3,2.9999999941275632
unserved_MWh,46,31.114774999978188,31.114774999978188,0,0,0,E80_P20,2026,123,2023-05-04,1,1
unserved_MWh,47,10.110000000000017,7.5200000000000102,27.490000000000034,6.6791017161449508e-15,27.490000000000041,E80_P20,2026,124,2023-05-05,5,5.0000000000000009
discharge_MWh,0,728.11149571897749,134.83267500004018,80.884554281263604,-1.6178964294959844e-10,80.884554281101828,E80_P20,2026,331,2023-11-28,6,5.9999999999988001
discharge_MWh,1,1327.9176469781091,58.314325000020403,-219.94547197772135,-3.3147856015614481e-11,-219.94547197775455,E80_P20,2026,337,2023-12-04,19,18.999999999999432
discharge_MWh,2,894.54860000020108,132.47835000002536,32.799849999976459,2.7804100448674868e-10,32.799850000254423,E80_P20,2026,127,2023-05-08,7,7.0000000000020988
discharge_MWh,3,121.56255000004026,16.073525000005635,-57.268450000017722,3.542974298765837,-53.725475701251881,E80_P20,2026,347,2023-12-14,4,4.2204229811920282
discharge_MWh,4,378.03807742388938,101.28000000002132,27.081922576195893,-4.4977355173623809e-14,27.081922576195836,E80_P20,2026,344,2023-12-11,4,3.9999999999999996
discharge_MWh,5,389.22182500010149,141.49687500004066,35.268800000020519,4.2415133905139266e-11,35.268800000062924,E80_P20,2026,326,2023-11-23,3,3.0000000000002998
discharge_MWh,6,81.980000000010634,81.980000000010634,0,-9.1016083558782139e-15,-1.4210854715202004e-14,E80_P20,2026,332,2023-11-29,1,0.99999999999999989
discharge_MWh,7,186.82367500006546,60.800000000021285,-4.4236750000015945,1.8252421796211843e-11,-4.4236749999833478,E80_P20,2026,167,2023-06-17,3,3.0000000000003002
discharge_MWh,8,128.23694295902044,31.926942959005743,-64.383057041008954,-7.0892054357964402e-15,-64.383057041008954,E80_P20,2026,152,2023-06-02,2,1.9999999999999998
discharge_MWh,9,208.1042406702116,69.747915670175701,1.1395063403155063,2.0969598905610877e-11,1.1395063403364816,E80_P20,2026,31,2023-02-01,3,3.0000000000003006
discharge_MWh,10,1780.2448478323204,130.10820000004557,171.37815216836316,-9.7532045373361653e-11,171.37815216826561,E80_P20,2026,303,2023-10-31,15,14.99999999999925
discharge_MWh,11,242.72630000008439,60.800000000021278,0.47370000000071855,-2.7000623958893256e-14,0.47370000000069012,E80_P20,2026,333,2023-11-30,4,3.9999999999999996
discharge_MWh,12,99.383300000034779,99.383300000034779,0,0,0,E80_P20,2026,13,2023-01-14,1,1
discharge_MWh,13,638.79334590413009,64.505475000022585,-122.74954590394941,0,-122.74954590394941,E80_P20,2026,166,2023-06-16,8,8
discharge_MWh,14,510.55951765726547,134.37000000002098,26.920482342818445,315.01721198520607,341.93769432802446,E80_P20,2026,106,2023-04-17,4,6.3444013692428136
discharge_MWh,15,2867.1777290319687,122.40645000002183,70.57707096855529,747.16116716145609,817.73823813001127,E80_P20,2026,206,2023-07-26,24,30.103936248141522
discharge_MWh,16,1082.7416000003789,56.157350000019655,-71.909300000025041,-0.023519945996244383,-71.932819946021368,E80_P20,2026,4,2023-01-05,18,17.999581177780001
discharge_MWh,17,241.68032187914355,97.242950000034099,244.53442812102696,-8.6369089658008579e-14,244.53442812102685,E80_P20,2026,254,2023-09-12,5,4.9999999999999991
discharge_MWh,18,1635.854217178111,106.78760000003732,72.747382822486088,0,72.747382822486088,E80_P20,2026,181,2023-07-01,16,16
discharge_MWh,19,1041.1730125002625,133.26680000003526,158.2281875000549,1.1978507217239424e-10,158.2281875001745,E80_P20,2026,49,2023-02-19,9,9.0000000000008988
discharge_MWh,20,75.716800000006174,12.283025000004262,-51.15074999999765,0,-51.15074999999765,E80_P20,2026,42,2023-02-12,2,2
discharge_MWh,21,50.400000000010643,50.400000000010643,0,-5.5955240441119705e-15,-7.1054273576010019e-15,E80_P20,2026,74,2023-03-16,1,0.99999999999999989
discharge_MWh,22,153.00000000004655,72.200000000025284,-8.5999999999959869,-1.6031620475592875e-14,-8.5999999999960153,E80_P20,2026,73,2023-03-15,2,1.9999999999999998
discharge_MWh,23,560.3339950395864,108.30000000003196,89.466004960605346,-1.3014469502085579e-10,89.466004960475175,E80_P20,2026,255,2023-09-13,6,5.9999999999987983
discharge_MWh,24,2360.8641500007552,91.802300000032105,-249.41125000001693,-2.3254301559924391e-10,-249.41125000024931,E80_P20,2026,280,2023-10-08,23,22.999999999997467
discharge_MWh,25,81.459816031559399,81.459816031559399,0,0,0,E80_P20,2026,92,2023-04-03,1,1
discharge_MWh,26,1281.2840086877711,130.50122500003977,23.728241312626551,2.3181674357893159e-13,23.728241312626778,E80_P20,2026,207,2023-07-27,10,10.000000000000002
discharge_MWh,27,107.92997500003779,107.92997500003779,0,0,0,E80_P20,2026,186,2023-07-06,1,1
discharge_MWh,28,1760.5302038755008,152.20960000004629,370.40419612514734,4.2449434545245997e-11,370.40419612518963,E80_P20,2026,304,2023-11-01,14,14.000000000000279
discharge_MWh,29,439.82972500011954,91.610000000014637,-73.389725000060992,8.1366025028741472e-14,-73.389725000060935,E80_P20,2026,315,2023-11-12,4,4.0000000000000009
discharge_MWh,30,29.702573169691384,3.187123169682101,-20.141203660645083,9.5395736482017316e-13,-20.141203660644127,E80_P20,2026,125,2023-05-06,3,3.0000000000002993
discharge_MWh,31,807.65580000028285,58.130025000020353,-51.965475000018273,-3.0151822905121763e-11,-51.9654750000484,E80_P20,2026,86,2023-03-28,13,12.999999999999481
discharge_MWh,32,118.35042500002042,118.35042500002042,0,0,0,E80_P20,2026,122,2023-05-03,1,1
discharge_MWh,33,2866.9141837115067,142.58535275003607,412.54892953932267,-3.6067423237549318e-10,412.54892953896206,E80_P20,2026,63,2023-03-05,23,22.99999999999747
discharge_MWh,34,446.82907500013539,112.06722500003922,1.4398250000214716,0,1.4398250000214716,E80_P20,2026,179,2023-06-29,4,4
discharge_MWh,35,99.65980834430701,4.8196583442847238,-80.381174967168107,-2.1403582658606641e-15,-80.381174967168121,E80_P20,2026,93,2023-04-04,4,3.9999999999999996
discharge_MWh,36,627.85834509389747,109.23740000001891,27.566054906215982,-1.3107712906192997e-10,27.566054906084901,E80_P20,2026,105,2023-04-16,6,5.9999999999988001
discharge_MWh,37,74.049999999999983,74.049999999999983,0,0,0,E80_P20,2026,91,2023-04-02,1,1
discharge_MWh,38,1132.9709500003967,53.106900000018605,-70.832950000024539,-1.8867361006875642e-13,-70.832950000024766,E80_P20,2026,275,2023-10-03,20,19.999999999999996
discharge_MWh,39,452.16755000012677,90.250000000031591,-91.167550000000404,0,-91.167550000000404,E80_P20,2026,192,2023-07-12,4,4
discharge_MWh,40,1937.0341343633224,111.80170000003918,187.19816563742211,-969.13534612082287,-781.93718048340111,E80_P20,2026,357,2023-12-24,19,10.331658229521704
discharge_MWh,41,633.78245000022173,60.800000000021271,-86.582450000030235,5.4757265388635519e-11,-86.582449999975552,E80_P20,2026,169,2023-06-19,9,9.0000000000009006
discharge_MWh,42,578.46690000013143,65.620000000021292,-53.506899999961092,0,-53.506899999961092,E80_P20,2026,21,2023-01-22,8,8
discharge_MWh,43,107.16665000003754,50.616000000017721,-5.9346500000020939,-1.1239009722889319e-14,-5.9346500000021081,E80_P20,2026,308,2023-11-05,2,1.9999999999999998
discharge_MWh,44,2069.3273500006544,110.21247500003157,24.709674999945491,-6.304009216863833e-11,24.709674999882282,E80_P20,2026,283,2023-10-11,19,18.999999999999428
discharge_MWh,45,254.28645000008413,95.877100000031518,33.34485000001041,-5.6303220639524949e-07,33.344849436978222,E80_P20,2026,364,2023-12-31,3,2.9999999941275632
discharge_MWh,46,104.63522500002185,104.63522500002185,0,0,0,E80_P20,2026,123,2023-05-04,1,1
discharge_MWh,47,555.92805000005853,111.01000000001461,-0.87804999998547828,9.8596686370923882e-14,-0.87804999998536459,E80_P20,2026,124,2023-05-05,5,5.0000000000000009
total_cost_CNY,0,14094522.268531818,1875740.3503667787,-2840080.1663311459,-2.250755327311465e-06,-2840080.166333396,E80_P20,2026,331,2023-11-28,6,5.9999999999988001
total_cost_CNY,1,37906820.130936138,2787491.586475506,15055520.012098476,-1.5845055182100544e-06,15055520.012096889,E80_P20,2026,337,2023-12-04,19,18.999999999999432
total_cost_CNY,2,11779276.595036125,1507005.0515177045,-1230241.2344121933,3.1628503698189687e-06,-1230241.2344090305,E80_P20,2026,127,2023-05-08,7,7.0000000000020988
total_cost_CNY,3,2233365.6665676432,667840.22104149696,437995.21759834467,147207.33248190983,585202.55008025467,E80_P20,2026,347,2023-12-14,4,4.2204229811920282
total_cost_CNY,4,5305392.0445682025,1107681.5347767465,-874665.90546121635,-4.9190941754451002e-10,-874665.90546121728,E80_P20,2026,344,2023-12-11,4,3.9999999999999996
total_cost_CNY,5,4286196.4612090737,1362346.5726403333,-199156.74328807369,4.0837730376540594e-07,-199156.7432876653,E80_P20,2026,326,2023-11-23,3,3.0000000000002998
total_cost_CNY,6,628294.32009551511,628294.32009551511,0,-6.9754682041124906e-11,-1.1641532182693481e-10,E80_P20,2026,332,2023-11-29,1,0.99999999999999989
total_cost_CNY,7,8775837.8263607211,2824183.6669097072,-303286.82563159987,8.4783209734194384e-07,-303286.82563075237,E80_P20,2026,167,2023-06-17,3,3.0000000000003002
total_cost_CNY,8,1377229.1569097824,695240.19886413286,13251.240818483289,-1.5437433528478658e-10,13251.240818483057,E80_P20,2026,152,2023-06-02,2,1.9999999999999998
total_cost_CNY,9,2286450.9624856701,673861.48138211877,-264866.5183393138,2.0259537287601079e-07,-264866.51833911124,E80_P20,2026,31,2023-02-01,3,3.0000000000003006
total_cost_CNY,10,22506722.9793594,1183832.5002254387,-4749235.4759778194,-8.8742758047845732e-07,-4749235.475978706,E80_P20,2026,303,2023-10-31,15,14.99999999999925
total_cost_CNY,11,4313054.2242676457,942801.66690970748,-541847.55662881583,-4.1868804730325392e-10,-541847.5566288163,E80_P20,2026,333,2023-11-30,4,3.9999999999999996
total_cost_CNY,12,385092.39754149859,385092.39754149859,0,0,0,E80_P20,2026,13,2023-01-14,1,1
total_cost_CNY,13,9378321.5211305078,948863.33172549657,-1787414.8673265353,0,-1787414.8673265353,E80_P20,2026,166,2023-06-16,8,8
total_cost_CNY,14,4150588.237652652,1094743.6688489725,228386.43774323817,2566518.5562194325,2794904.9939626707,E80_P20,2026,106,2023-04-17,4,6.3444013692428136
total_cost_CNY,15,67896537.511126623,2482454.3325177394,-8317633.5307008773,15152742.984610997,6835109.4539101273,E80_P20,2026,206,2023-07-26,24,30.103936248141522
total_cost_CNY,16,46050323.657216877,3129229.2667255132,10275803.143842362,-1310.5907483744463,10274492.553093985,E80_P20,2026,4,2023-01-05,18,17.999581177780001
total_cost_CNY,17,4286099.2613861738,1101891.0964095788,1223356.2206617203,-9.7867589269069804e-10,1223356.2206617193,E80_P20,2026,254,2023-09-12,5,4.9999999999999991
total_cost_CNY,18,35690549.204414271,2576513.0892255004,5533660.2231937349,0,5533660.2231937349,E80_P20,2026,181,2023-07-01,16,16
total_cost_CNY,19,10245210.709622774,1874173.8030537572,6622353.5178610422,1.6845759353593357e-06,6622353.517862726,E80_P20,2026,49,2023-02-19,9,9.0000000000008988
total_cost_CNY,20,1305164.2672491926,569952.99104149744,-165258.28516619769,0,-165258.28516619769,E80_P20,2026,42,2023-02-12,2,2
total_cost_CNY,21,678156.24447224464,678156.24447224464,0,-7.5290467690641254e-11,-1.1641532182693481e-10,E80_P20,2026,74,2023-03-16,1,0.99999999999999989
total_cost_CNY,22,1279070.1219084822,596813.21954149834,-85443.682825485477,-1.3251915554712797e-10,-85443.68282548571,E80_P20,2026,73,2023-03-15,2,1.9999999999999998
total_cost_CNY,23,8009989.770672258,1209285.5879623392,-754276.24289822299,-1.4532050234388592e-06,-754276.24289967585,E80_P20,2026,255,2023-09-13,6,5.9999999999987983
total_cost_CNY,24,60881542.143872112,2328067.9775412846,-7335978.6604225636,-5.8971937306286856e-06,-7335978.6604284644,E80_P20,2026,280,2023-10-08,23,22.999999999997467
total_cost_CNY,25,607975.44647973601,607975.44647973601,0,0,0,E80_P20,2026,92,2023-04-03,1,1
total_cost_CNY,26,14841466.18862615,940890.37014308851,-5432562.4871952645,1.6713570441295085e-09,-5432562.4871952627,E80_P20,2026,207,2023-07-27,10,10.000000000000002
total_cost_CNY,27,640766.7967914975,640766.7967914975,0,0,0,E80_P20,2026,186,2023-07-06,1,1
total_cost_CNY,28,25814317.282593157,1188679.5520509651,-9172803.5538796447,3.3150849118613042e-07,-9172803.5538793132,E80_P20,2026,304,2023-11-01,14,14.000000000000279
total_cost_CNY,29,4411791.2076729732,716501.74336420977,-1545784.2342161341,6.3638138613360853e-10,-1545784.2342161336,E80_P20,2026,315,2023-11-12,4,4.0000000000000009
total_cost_CNY,30,1928543.7871921072,649563.10110911261,20145.51613523066,1.9442471195120964e-07,20145.516135425074,E80_P20,2026,125,2023-05-06,3,3.0000000000002993
total_cost_CNY,31,47269809.456576444,3902243.2085413169,3459352.2544606775,-2.0240787124486993e-06,3459352.2544586509,E80_P20,2026,86,2023-03-28,13,12.999999999999481
total_cost_CNY,32,572613.33404426661,572613.33404426661,0,0,0,E80_P20,2026,122,2023-05-03,1,1
total_cost_CNY,33,38716721.42600964,1279583.5548029908,-9286299.6655408517,-3.2367477268015299e-06,-9286299.6655440889,E80_P20,2026,63,2023-03-05,23,22.99999999999747
total_cost_CNY,34,9798790.5534442421,2938608.8104755003,1955644.6884577591,0,1955644.6884577591,E80_P20,2026,179,2023-06-29,4,4
total_cost_CNY,35,2552396.7814818402,650554.65528394247,49821.839653929695,-2.8890430282932587e-10,49821.83965392923,E80_P20,2026,93,2023-04-04,4,3.9999999999999996
total_cost_CNY,36,4473289.3319191448,754887.10816753411,56033.3170860596,-9.0581096679750549e-07,56033.317085154355,E80_P20,2026,105,2023-04-16,6,5.9999999999988001
total_cost_CNY,37,589565.12397363037,589565.12397363037,0,0,0,E80_P20,2026,91,2023-04-02,1,1
total_cost_CNY,38,65754188.916115485,3459017.2622255231,3426156.3283949718,-1.2288897942715675e-08,3426156.3283949718,E80_P20,2026,275,2023-10-03,20,19.999999999999996
total_cost_CNY,39,3660813.4002306671,722147.21954149974,-772224.52206466813,0,-772224.52206466813,E80_P20,2026,192,2023-07-12,4,4
total_cost_CNY,40,36037506.970857002,1933621.9915412781,701310.86842728406,-16761296.277592691,-16059985.409165408,E80_P20,2026,357,2023-12-24,19,10.331658229521704
total_cost_CNY,41,19616871.071877759,2587892.6669097072,3674162.9303096049,2.3306895651188982e-06,3674162.9303119369,E80_P20,2026,169,2023-06-19,9,9.0000000000009006
total_cost_CNY,42,9747161.6192364711,1301751.1189872695,666847.3326616846,0,666847.3326616846,E80_P20,2026,21,2023-01-22,8,8
total_cost_CNY,43,2537938.851767025,1916221.3532255325,1294503.85468404,-4.2548661332587222e-10,1294503.8546840395,E80_P20,2026,308,2023-11-05,2,1.9999999999999998
total_cost_CNY,44,57339748.609092213,2606782.7771167783,-7810875.8438734263,-1.4910456056178181e-06,-7810875.8438749164,E80_P20,2026,283,2023-10-11,19,18.999999999999428
total_cost_CNY,45,3977465.907483317,1166756.1138099895,-477197.56605334859,-0.0068517014916321959,-477197.57290504966,E80_P20,2026,364,2023-12-31,3,2.9999999941275632
total_cost_CNY,46,1103661.5323175997,1103661.5323175997,0,0,0,E80_P20,2026,123,2023-05-04,1,1
total_cost_CNY,47,3854513.3067670194,845080.78907057841,370890.63858587295,7.5058251975564119e-10,370890.63858587295,E80_P20,2026,124,2023-05-05,5,5.0000000000000009
thermal_cost_CNY,0,4638338.2915321831,787402.69124998944,86077.855967753567,-9.4482735935373777e-07,86077.855966808274,E80_P20,2026,331,2023-11-28,6,5.9999999999988001
thermal_cost_CNY,1,15316707.73348422,813639.47368421056,142442.26651578024,-4.6250049404318959e-07,142442.2665153183,E80_P20,2026,337,2023-12-04,19,18.999999999999432
thermal_cost_CNY,2,5104450.8830921007,723319.94736842101,-41211.251513153315,1.518079027490752e-06,-41211.251511635259,E80_P20,2026,127,2023-05-08,7,7.0000000000020988
thermal_cost_CNY,3,2131846.0050069103,645367.26624999801,449623.05999308173,142253.77679057396,591876.83678365545,E80_P20,2026,347,2023-12-14,4,4.2204229811920282
thermal_cost_CNY,4,2651306.2076920536,704163.62326869799,165348.28538273834,-3.1271146706255326e-10,165348.28538273787,E80_P20,2026,344,2023-12-11,4,3.9999999999999996
thermal_cost_CNY,5,2010790.0803324045,673856.13434902695,10778.322714676382,2.0199526082258198e-07,10778.322714878479,E80_P20,2026,326,2023-11-23,3,3.0000000000002998
thermal_cost_CNY,6,556254.11772852752,556254.11772852752,0,-6.1756612904476373e-11,-1.1641532182693481e-10,E80_P20,2026,332,2023-11-29,1,0.99999999999999989
thermal_cost_CNY,7,2516456.4309868407,842463.44736842113,10933.911118422635,2.5291115442851573e-07,10933.911118675489,E80_P20,2026,167,2023-06-17,3,3.0000000000003002
thermal_cost_CNY,8,1297682.3483971916,672608.70989304385,47535.071388896089,-1.4934913525733592e-10,47535.071388895856,E80_P20,2026,152,2023-06-02,2,1.9999999999999998
thermal_cost_CNY,9,1833661.2614546837,643287.78268391814,96202.086597070564,1.9340343943108909e-07,96202.086597264046,E80_P20,2026,31,2023-02-01,3,3.0000000000003006
thermal_cost_CNY,10,11322100.193025945,763396.97368421045,128854.41223721206,-5.7225961373095094e-07,128854.41223664023,E80_P20,2026,303,2023-10-31,15,14.99999999999925
thermal_cost_CNY,11,3139741.0831024926,782081.44736842101,-11415.293628808577,-3.4731393200023542e-10,-11415.293628809042,E80_P20,2026,333,2023-11-30,4,3.9999999999999996
thermal_cost_CNY,12,294310.34499999514,294310.34499999514,0,0,0,E80_P20,2026,13,2023-01-14,1,1
thermal_cost_CNY,13,5930847.8055514712,727604.05743421009,-110015.34607779048,0,-110015.34607779048,E80_P20,2026,166,2023-06-16,8,8
thermal_cost_CNY,14,2553794.2463047383,647113.74930746912,34660.750925138127,1517094.3599322813,1551755.1108574197,E80_P20,2026,106,2023-04-17,4,6.3444013692428136
thermal_cost_CNY,15,17835065.010230258,739818.94736842101,-79410.273388154805,4515807.6899040099,4436397.416515857,E80_P20,2026,206,2023-07-26,24,30.103936248141522
thermal_cost_CNY,16,15667492.289473685,889228.97368421045,338629.2368421033,-372.42885284546236,338256.80798925832,E80_P20,2026,4,2023-01-05,18,17.999581177780001
thermal_cost_CNY,17,3916850.8604602292,854135.94736842113,353828.87638187595,-7.5862511594275361e-10,353828.87638187595,E80_P20,2026,254,2023-09-12,5,4.9999999999999991
thermal_cost_CNY,18,11959619.891646042,759081.47368421056,185683.68730132654,0,185683.68730132654,E80_P20,2026,181,2023-07-01,16,16
thermal_cost_CNY,19,6274988.5021225335,725890.91551246087,258029.73748961464,6.5245729396910901e-07,258029.73749026656,E80_P20,2026,49,2023-02-19,9,9.0000000000008988
thermal_cost_CNY,20,1248399.502271458,547517.94124999852,-153363.619771461,0,-153363.619771461,E80_P20,2026,42,2023-02-12,2,2
thermal_cost_CNY,21,628326.99999999616,628326.99999999616,0,-6.9758310239364647e-11,-1.1641532182693481e-10,E80_P20,2026,74,2023-03-16,1,0.99999999999999989
thermal_cost_CNY,22,1125477.4999999925,522934.99999999622,-79607.500000000116,-1.1611489547647041e-10,-79607.500000000233,E80_P20,2026,73,2023-03-15,2,1.9999999999999998
thermal_cost_CNY,23,4554111.9737140592,738168.05263157655,-125103.65792459995,-8.8706053632361216e-07,-125103.65792548656,E80_P20,2026,255,2023-09-13,6,5.9999999999987983
thermal_cost_CNY,24,18009914.016218796,777101.5,-136579.51621879637,-1.9684640388817343e-06,-136579.51622076333,E80_P20,2026,280,2023-10-08,23,22.999999999997467
thermal_cost_CNY,25,533270.62877791864,533270.62877791864,0,0,0,E80_P20,2026,92,2023-04-03,1,1
thermal_cost_CNY,26,7113119.151056055,690458.89335179818,-208530.21753807366,1.2265013775301948e-09,-208530.2175380718,E80_P20,2026,207,2023-07-27,10,10.000000000000002
thermal_cost_CNY,27,456184.45249999408,456184.45249999408,0,0,0,E80_P20,2026,186,2023-07-06,1,1
thermal_cost_CNY,28,10544042.029650221,760852.89368419547,107898.48192851618,2.1219275991132259e-07,107898.48192872852,E80_P20,2026,304,2023-11-01,14,14.000000000000279
thermal_cost_CNY,29,2704385.9044321184,658933.42382270785,-68652.209141287021,5.8525044705844551e-10,-68652.209141286556,E80_P20,2026,315,2023-11-12,4,4.0000000000000009
thermal_cost_CNY,30,1861310.1028359137,627219.01033591689,20346.928171837004,1.8773676522983249e-07,20346.928172024665,E80_P20,2026,125,2023-05-06,3,3.0000000000002993
thermal_cost_CNY,31,10658558.294539463,812698.18874999927,-93481.840789472684,-4.2154345989864304e-07,-93481.840789893642,E80_P20,2026,86,2023-03-28,13,12.999999999999481
thermal_cost_CNY,32,452346.85124999279,452346.85124999279,0,0,0,E80_P20,2026,122,2023-05-03,1,1
thermal_cost_CNY,33,16881439.919214461,741018.90118420252,161994.80802219734,-1.874431126378625e-06,161994.80802032351,E80_P20,2026,63,2023-03-05,23,22.99999999999747
thermal_cost_CNY,34,3004496.8947368418,749288.47368421045,-7343,0,-7343,E80_P20,2026,179,2023-06-29,4,4
thermal_cost_CNY,35,2441507.4852323993,628194.23915900069,71269.471403603442,-2.7897428330048188e-10,71269.471403602976,E80_P20,2026,93,2023-04-04,4,3.9999999999999996
thermal_cost_CNY,36,3794145.9472004413,631459.03462603118,-5391.7394442544319,-7.577060363848248e-07,-5391.7394450120628,E80_P20,2026,105,2023-04-16,6,5.9999999999988001
thermal_cost_CNY,37,463989.51246536936,463989.51246536936,0,0,0,E80_P20,2026,91,2023-04-02,1,1
thermal_cost_CNY,38,17465024.315789472,888542.97368421045,305835.15789473802,-3.156738776809968e-09,305835.15789473429,E80_P20,2026,275,2023-10-03,20,19.999999999999996
thermal_cost_CNY,39,2566685.336565081,568928.49999999627,-290971.33656509593,0,-290971.33656509593,E80_P20,2026,192,2023-07-12,4,4
thermal_cost_CNY,40,14844185.998931259,785613.5,82470.501068741083,-6809966.3175016511,-6727495.81643291,E80_P20,2026,357,2023-12-24,19,10.331658229521704
thermal_cost_CNY,41,6989239.0215062238,789172.44736842101,113313.00480956491,7.1073890029500834e-07,113313.00481027644,E80_P20,2026,169,2023-06-19,9,9.0000000000009006
thermal_cost_CNY,42,6688248.1939057894,840482.6994459827,35613.401662072167,0,35613.401662072167,E80_P20,2026,21,2023-01-22,8,8
thermal_cost_CNY,43,1332552.7461842035,736362.97368421045,140173.20118421735,-1.6350542557313173e-10,140173.20118421712,E80_P20,2026,308,2023-11-05,2,1.9999999999999998
thermal_cost_CNY,44,14710532.421052624,779765,105002.57894737646,-4.4601536686172949e-07,105002.57894693129,E80_P20,2026,283,2023-10-11,19,18.999999999999428
thermal_cost_CNY,45,2157685.5027804677,702203.80747922359,-51074.080342797097,-0.0041236474514148034,-51074.084466444328,E80_P20,2026,364,2023-12-31,3,2.9999999941275632
thermal_cost_CNY,46,689382.3185595565,689382.3185595565,0,0,0,E80_P20,2026,123,2023-05-04,1,1
thermal_cost_CNY,47,3384780.4265927505,680530.46952907636,17871.921052631456,6.0443247698411927e-10,17871.921052631922,E80_P20,2026,124,2023-05-05,5,5.0000000000000009
curtailment_cost_CNY,0,191576.04479473428,34677.112825484415,16486.6321581722,-4.1610074876556384e-08,16486.632158130611,E80_P20,2026,331,2023-11-28,6,5.9999999999988001
curtailment_cost_CNY,1,12477.049697768423,0,-12477.049697768423,-0,-12477.049697768423,E80_P20,2026,337,2023-12-04,19,18.999999999999432
curtailment_cost_CNY,2,467479.18915515469,62731.601108037896,-28357.981398889387,1.3165892679926608e-07,-28357.98139875778,E80_P20,2026,127,2023-05-08,7,7.0000000000020988
curtailment_cost_CNY,3,11055.157894736849,0,-11055.157894736849,0,-11055.157894736849,E80_P20,2026,347,2023-12-14,4,4.2204229811920282
curtailment_cost_CNY,4,139489.32793630214,35292.891966762108,1682.2399307462911,-1.5673192506843007e-11,1682.239930746262,E80_P20,2026,344,2023-12-11,4,3.9999999999999996
curtailment_cost_CNY,5,464808.50400278281,145732.00000000419,-27612.504002770234,4.3684655892663052e-08,-27612.504002726579,E80_P20,2026,326,2023-11-23,3,3.0000000000002998
curtailment_cost_CNY,6,48908.182825488453,48908.182825488453,0,-5.4298990665433925e-12,-7.2759576141834259e-12,E80_P20,2026,332,2023-11-29,1,0.99999999999999989
curtailment_cost_CNY,7,0,0,0,0,0,E80_P20,2026,167,2023-06-17,3,3.0000000000003002
curtailment_cost_CNY,8,33640.000000002932,0,-33640.000000002932,-0,-33640.000000002932,E80_P20,2026,152,2023-06-02,2,1.9999999999999998
curtailment_cost_CNY,9,2271.9999999999982,1363.9999999999993,1820,4.1008441087342341e-10,1820.0000000004097,E80_P20,2026,31,2023-02-01,3,3.0000000000003006
curtailment_cost_CNY,10,575130.5447360496,39680.475000003622,20076.580264004762,-2.9745380292214791e-08,20076.58026397496,E80_P20,2026,303,2023-10-31,15,14.99999999999925
curtailment_cost_CNY,11,0,0,0,-0,0,E80_P20,2026,333,2023-11-30,4,3.9999999999999996
curtailment_cost_CNY,12,67476.000000004176,67476.000000004176,0,0,0,E80_P20,2026,13,2023-01-14,1,1
curtailment_cost_CNY,13,31172.025789477742,1102.0000000000009,-22356.025789477735,0,-22356.025789477735,E80_P20,2026,166,2023-06-16,8,8
curtailment_cost_CNY,14,701539.51800555794,190974.00000000422,62356.48199445894,447719.707089787,510076.18908424594,E80_P20,2026,106,2023-04-17,4,6.3444013692428136
curtailment_cost_CNY,15,1467978.2046152153,56963.601108037903,-100851.77802230557,347702.18962802715,246850.41160572157,E80_P20,2026,206,2023-07-26,24,30.103936248141522
curtailment_cost_CNY,16,0,0,0,-0,0,E80_P20,2026,4,2023-01-05,18,17.999581177780001
curtailment_cost_CNY,17,0,0,0,-0,0,E80_P20,2026,254,2023-09-12,5,4.9999999999999991
curtailment_cost_CNY,18,241534.00793593444,14451.5200000032,-10309.687935883238,0,-10309.687935883238,E80_P20,2026,181,2023-07-01,16,16
curtailment_cost_CNY,19,693085.75150279969,58506.000000002925,-166531.75150277338,5.258733182245386e-08,-166531.75150272076,E80_P20,2026,49,2023-02-19,9,9.0000000000008988
curtailment_cost_CNY,20,2483.1578947368484,0,-2483.1578947368484,0,-2483.1578947368484,E80_P20,2026,42,2023-02-12,2,2
curtailment_cost_CNY,21,27013.024930749474,27013.024930749474,0,-2.9990482242891441e-12,-3.637978807091713e-12,E80_P20,2026,74,2023-03-16,1,0.99999999999999989
curtailment_cost_CNY,22,107438.18282549139,50844.000000002925,-5750.1828254855354,-1.1289635892808941e-11,-5750.18282548555,E80_P20,2026,73,2023-03-15,2,1.9999999999999998
curtailment_cost_CNY,23,43432.139760182312,4022.3157894758101,-19298.24502332745,-4.8336386121768011e-09,-19298.245023332285,E80_P20,2026,255,2023-09-13,6,5.9999999999987983
curtailment_cost_CNY,24,270870.43670364982,7659.9850000020879,-94690.781703601795,-1.9403391977595735e-08,-94690.781703621207,E80_P20,2026,280,2023-10-08,23,22.999999999997467
curtailment_cost_CNY,25,51578.000000002932,51578.000000002932,0,0,0,E80_P20,2026,92,2023-04-03,1,1
curtailment_cost_CNY,26,844825.00206994696,90814.245000003692,63317.447930090013,1.6131850522072656e-10,63317.447930090129,E80_P20,2026,207,2023-07-27,10,10.000000000000002
curtailment_cost_CNY,27,161190.82500000414,161190.82500000414,0,0,0,E80_P20,2026,186,2023-07-06,1,1
curtailment_cost_CNY,28,649340.87732627871,42092.342825482694,-60048.077769521042,1.1739050307114921e-08,-60048.077769509284,E80_P20,2026,304,2023-11-01,14,14.000000000000279
curtailment_cost_CNY,29,136458.12782549532,34340.000000002925,901.87217451637844,3.0500046932504898e-11,901.87217451640754,E80_P20,2026,315,2023-11-12,4,4.0000000000000009
curtailment_cost_CNY,30,0,0,0,0,0,E80_P20,2026,125,2023-05-06,3,3.0000000000002993
curtailment_cost_CNY,31,7916,0,-7916,-0,-7916,E80_P20,2026,86,2023-03-28,13,12.999999999999481
curtailment_cost_CNY,32,96770.75900277475,96770.75900277475,0,0,0,E80_P20,2026,122,2023-05-03,1,1
curtailment_cost_CNY,33,1267887.5655086429,55426.580550001425,6923.787141389912,-1.4020331687305902e-07,6923.7871412497479,E80_P20,2026,63,2023-03-05,23,22.99999999999747
curtailment_cost_CNY,34,247196.48979225842,74087.445000003601,49153.290207755985,0,49153.290207755985,E80_P20,2026,179,2023-06-29,4,4
curtailment_cost_CNY,35,20643.820000001986,0,-20643.820000001986,-0,-20643.820000001986,E80_P20,2026,93,2023-04-04,4,3.9999999999999996
curtailment_cost_CNY,36,528891.48401877086,100023.48000000378,71249.395981251844,-1.2002107883546841e-07,71249.39598113182,E80_P20,2026,105,2023-04-16,6,5.9999999999988001
curtailment_cost_CNY,37,102522.89196676211,102522.89196676211,0,0,0,E80_P20,2026,91,2023-04-02,1,1
curtailment_cost_CNY,38,0,0,0,-0,0,E80_P20,2026,275,2023-10-03,20,19.999999999999996
curtailment_cost_CNY,39,435257.51000001474,130004.00000000418,84758.49000000197,0,84758.49000000197,E80_P20,2026,192,2023-07-12,4,4
curtailment_cost_CNY,40,203517.20929784997,13945.005000003343,61437.885702213563,-120880.06933105766,-59442.183628844126,E80_P20,2026,357,2023-12-24,19,10.331658229521704
curtailment_cost_CNY,41,13831.999999999996,0,-13831.999999999996,0,-13831.999999999996,E80_P20,2026,169,2023-06-19,9,9.0000000000009006
curtailment_cost_CNY,42,0,0,0,0,0,E80_P20,2026,21,2023-01-22,8,8
curtailment_cost_CNY,43,2650.0000000000041,0,-2650.0000000000041,-0,-2650.0000000000041,E80_P20,2026,308,2023-11-05,2,1.9999999999999998
curtailment_cost_CNY,44,664455.99325491372,35328.182825488431,6779.4804293664638,-2.0207257857775707e-08,6779.4804293463239,E80_P20,2026,283,2023-10-11,19,18.999999999999428
curtailment_cost_CNY,45,16812.631578951619,10152.31578947581,13644.315789475808,-5.9618832432019898e-05,13644.315729856979,E80_P20,2026,364,2023-12-31,3,2.9999999941275632
curtailment_cost_CNY,46,79772.891966762108,79772.891966762108,0,0,0,E80_P20,2026,123,2023-05-04,1,1
curtailment_cost_CNY,47,251512.50196677382,65928.000000002925,78127.498033240787,5.8555826853992454e-11,78127.498033240845,E80_P20,2026,124,2023-05-05,5,5.0000000000000009
load_shedding_cost_CNY,0,9123453.4999987166,1029999.9999998056,-2943453.4999998827,-1.2359269163650819e-06,-2943453.5000011194,E80_P20,2026,331,2023-11-28,6,5.9999999999988001
load_shedding_cost_CNY,1,22140423.999995887,1950956.7499997963,14927754.250000238,-1.1089905171955912e-06,14927754.249999136,E80_P20,2026,337,2023-12-04,19,18.999999999999432
load_shedding_cost_CNY,2,6042215.4999983758,697316.49999974645,-1161000.0000001509,1.4635038865224111e-06,-1160999.9999986868,E80_P20,2026,127,2023-05-08,7,7.0000000000020988
load_shedding_cost_CNY,3,0,0,0,0,0,E80_P20,2026,347,2023-12-14,4,4.2204229811920282
load_shedding_cost_CNY,4,2421567.2499996121,344899.99999978737,-1041967.2500004626,-1.5316636847719217e-10,-1041967.2500004629,E80_P20,2026,344,2023-12-11,4,3.9999999999999996
load_shedding_cost_CNY,5,1739768.9999993891,519031.24999980279,-182675.24999998068,1.5558491994743435e-07,-182675.24999982514,E80_P20,2026,326,2023-11-23,3,3.0000000000002998
load_shedding_cost_CNY,6,0,0,0,-0,0,E80_P20,2026,332,2023-11-29,1,0.99999999999999989
load_shedding_cost_CNY,7,6190576.4999993825,1958799.999999787,-314176.50000002142,5.8804019431584464e-07,-314176.49999943376,E80_P20,2026,167,2023-06-17,3,3.0000000000003002
load_shedding_cost_CNY,8,0,0,0,-0,0,E80_P20,2026,152,2023-06-02,2,1.9999999999999998
load_shedding_cost_CNY,9,381499.99999978719,6199.9999999999436,-362899.99999978737,1.8640200494246359e-09,-362899.9999997855,E80_P20,2026,31,2023-02-01,3,3.0000000000003006
load_shedding_cost_CNY,10,10257006.499996597,357141.74999972549,-4899880.2500007143,-2.6772152228439722e-07,-4899880.2500009825,E80_P20,2026,303,2023-10-31,15,14.99999999999925
load_shedding_cost_CNY,11,1081636.9999991562,137799.99999978734,-530437.00000000687,-6.1195493117244188e-11,-530437.00000000698,E80_P20,2026,333,2023-11-30,4,3.9999999999999996
load_shedding_cost_CNY,12,0,0,0,0,0,E80_P20,2026,13,2023-01-14,1,1
load_shedding_cost_CNY,13,3231415.9999985248,197199.99999978737,-1653816.0000002258,0,-1653816.0000002258,E80_P20,2026,166,2023-06-16,8,8
load_shedding_cost_CNY,14,800899.99999978766,233000.00000000015,131100.00000021292,546245.5190335759,677345.51903378894,E80_P20,2026,106,2023-04-17,4,6.3444013692428136
load_shedding_cost_CNY,15,48029329.249994859,1662135.4999997814,-8138077.2500001043,10145569.127771499,2007491.8777713925,E80_P20,2026,206,2023-07-26,24,30.103936248141522
load_shedding_cost_CNY,16,29970383.999996211,2217126.4999998035,9937893.0000002496,-928.5818427475557,9936964.4181575067,E80_P20,2026,4,2023-01-05,18,17.999581177780001
load_shedding_cost_CNY,17,255270.49999965855,224470.49999965852,867081.9999986341,-1.9936985395899367e-10,867081.99999863387,E80_P20,2026,254,2023-09-12,5,4.9999999999999991
load_shedding_cost_CNY,18,23116041.249996528,1779599.9999997872,5357558.7500000671,0,5357558.7500000671,E80_P20,2026,181,2023-07-01,16,16
load_shedding_cost_CNY,19,3065914.7499989485,1066131.9999997942,6529273.2499992,9.5827842017096964e-07,6529273.2500001574,E80_P20,2026,49,2023-02-19,9,9.0000000000008988
load_shedding_cost_CNY,20,8899.9999999999382,0,-8899.9999999999382,0,-8899.9999999999382,E80_P20,2026,42,2023-02-12,2,2
load_shedding_cost_CNY,21,0,0,0,-0,0,E80_P20,2026,74,2023-03-16,1,0.99999999999999989
load_shedding_cost_CNY,22,0,0,0,-0,0,E80_P20,2026,73,2023-03-15,2,1.9999999999999998
load_shedding_cost_CNY,23,3272968.9999986272,443699.9999997876,-610768.99999990175,-5.3319668680248408e-07,-610769.00000043493,E80_P20,2026,255,2023-09-13,6,5.9999999999987983
load_shedding_cost_CNY,24,42063967.999995179,1520076.2499997832,-7102214.2500001639,-3.8504821242563221e-06,-7102214.2500040159,E80_P20,2026,280,2023-10-08,23,22.999999999997467
load_shedding_cost_CNY,25,0,0,0,0,0,E80_P20,2026,92,2023-04-03,1,1
load_shedding_cost_CNY,26,6647586.9999982817,135999.99999978734,-5287587.0000004079,2.415845301580563e-10,-5287587.0000004079,E80_P20,2026,207,2023-07-27,10,10.000000000000002
load_shedding_cost_CNY,27,0,0,0,0,0,E80_P20,2026,186,2023-07-06,1,1
load_shedding_cost_CNY,28,14290957.999996917,361899.99999978754,-9224357.999999892,1.00929575808036e-07,-9224357.9999997914,E80_P20,2026,304,2023-11-01,14,14.000000000000279
load_shedding_cost_CNY,29,1477299.9999993627,0,-1477299.9999993627,0,-1477299.9999993627,E80_P20,2026,315,2023-11-12,4,4.0000000000000009
load_shedding_cost_CNY,30,0,0,0,0,0,E80_P20,2026,125,2023-05-06,3,3.0000000000002993
load_shedding_cost_CNY,31,36305199.749997489,3066651.4999998184,3561269.750000149,-1.5906604708958606e-06,3561269.749998562,E80_P20,2026,86,2023-03-28,13,12.999999999999481
load_shedding_cost_CNY,32,0,0,0,0,0,E80_P20,2026,122,2023-05-03,1,1
load_shedding_cost_CNY,33,20025543.749994945,459399.99999978737,-9459343.7499998361,-1.1620670647966186e-06,-9459343.7500009965,E80_P20,2026,63,2023-03-05,23,22.99999999999747
load_shedding_cost_CNY,34,6453379.999999145,2091799.9999997867,1913820.0000000019,0,1913820.0000000019,E80_P20,2026,179,2023-06-29,4,4
load_shedding_cost_CNY,35,0,0,0,-0,0,E80_P20,2026,93,2023-04-04,4,3.9999999999999996
load_shedding_cost_CNY,36,10099.999999999867,0,-10099.999999999867,-0,-10099.999999999867,E80_P20,2026,105,2023-04-16,6,5.9999999999988001
load_shedding_cost_CNY,37,0,0,0,0,0,E80_P20,2026,91,2023-04-02,1,1
load_shedding_cost_CNY,38,47831590.499996029,2547630.9999998137,3121029.5000002459,-9.0510035022355372e-09,3121029.5000002384,E80_P20,2026,275,2023-10-03,20,19.999999999999996
load_shedding_cost_CNY,39,565099.99999957485,0,-565099.99999957485,0,-565099.99999957485,E80_P20,2026,192,2023-07-12,4,4
load_shedding_cost_CNY,40,20546501.249995779,1110633.2499997753,555530.49999995157,-9627348.5926551167,-9071818.0926551651,E80_P20,2026,357,2023-12-24,19,10.331658229521704
load_shedding_cost_CNY,41,12406652.249998044,1775799.9999997872,3575547.750000041,1.5993084190311395e-06,3575547.7500016391,E80_P20,2026,169,2023-06-19,9,9.0000000000009006
load_shedding_cost_CNY,42,2874630.9999986878,438299.9999997876,631768.99999961304,0,631768.99999961304,E80_P20,2026,21,2023-01-22,8,8
load_shedding_cost_CNY,43,1157039.999999823,1157039.999999823,1157039.999999823,-2.5691448968241893e-10,1157039.9999998226,E80_P20,2026,308,2023-11-05,2,1.9999999999999998
load_shedding_cost_CNY,44,41520134.749996193,1768275.2499997909,-7922905.0000001639,-1.0114302826379398e-06,-7922905.0000011772,E80_P20,2026,283,2023-10-11,19,18.999999999999428
load_shedding_cost_CNY,45,1733488.2499993995,431128.99999979086,-440101.25000002701,-0.0025317777875090083,-440101.25253180484,E80_P20,2026,364,2023-12-31,3,2.9999999941275632
load_shedding_cost_CNY,46,311147.7499997819,311147.7499997819,0,0,0,E80_P20,2026,123,2023-05-04,1,1
load_shedding_cost_CNY,47,101100.00000000017,75200.000000000102,274900.00000000035,6.6791017161449508e-11,274900.00000000041,E80_P20,2026,124,2023-05-05,5,5.0000000000000009
storage_variable_om_CNY,0,7281.1149571897749,1348.3267500004017,808.84554281263536,-1.6178964294959844e-09,808.84554281101737,E80_P20,2026,331,2023-11-28,6,5.9999999999988001
storage_variable_om_CNY,1,13279.17646978109,583.14325000020403,-2199.4547197772135,-3.3147856015614479e-10,-2199.4547197775446,E80_P20,2026,337,2023-12-04,19,18.999999999999432
storage_variable_om_CNY,2,8945.4860000020108,1324.7835000002535,327.99849999976323,2.7804100448674865e-09,327.99850000254446,E80_P20,2026,127,2023-05-08,7,7.0000000000020988
storage_variable_om_CNY,3,1215.6255000004026,160.73525000005634,-572.6845000001772,35.429742987658365,-537.25475701251878,E80_P20,2026,347,2023-12-14,4,4.2204229811920282
storage_variable_om_CNY,4,3780.380774238894,1012.8000000002132,270.81922576195893,-4.4977355173623811e-13,270.81922576195848,E80_P20,2026,344,2023-12-11,4,3.9999999999999996
storage_variable_om_CNY,5,3892.2182500010149,1414.9687500004065,352.68800000020474,4.2415133905139264e-10,352.68800000062856,E80_P20,2026,326,2023-11-23,3,3.0000000000002998
storage_variable_om_CNY,6,819.80000000010637,819.80000000010637,0,-9.1016083558782142e-14,-1.1368683772161603e-13,E80_P20,2026,332,2023-11-29,1,0.99999999999999989
storage_variable_om_CNY,7,1868.2367500006546,608.00000000021282,-44.236750000016173,1.8252421796211844e-10,-44.236749999833592,E80_P20,2026,167,2023-06-17,3,3.0000000000003002
storage_variable_om_CNY,8,1282.3694295902042,319.26942959005743,-643.83057041008931,-7.0892054357964402e-14,-643.83057041008942,E80_P20,2026,152,2023-06-02,2,1.9999999999999998
storage_variable_om_CNY,9,2081.0424067021158,697.47915670175701,11.395063403155291,2.0969598905610876e-10,11.395063403364929,E80_P20,2026,31,2023-02-01,3,3.0000000000003006
storage_variable_om_CNY,10,17802.448478323204,1301.0820000004558,1713.7815216836316,-9.7532045373361663e-10,1713.7815216826566,E80_P20,2026,303,2023-10-31,15,14.99999999999925
storage_variable_om_CNY,11,2427.2630000008439,608.00000000021282,4.737000000007356,-2.7000623958893258e-13,4.7370000000069012,E80_P20,2026,333,2023-11-30,4,3.9999999999999996
storage_variable_om_CNY,12,993.83300000034774,993.83300000034774,0,0,0,E80_P20,2026,13,2023-01-14,1,1
storage_variable_om_CNY,13,6387.9334590413009,645.05475000022579,-1227.4954590394946,0,-1227.4954590394946,E80_P20,2026,166,2023-06-16,8,8
storage_variable_om_CNY,14,5105.5951765726541,1343.7000000002099,269.20482342818559,3150.1721198520609,3419.3769432802465,E80_P20,2026,106,2023-04-17,4,6.3444013692428136
storage_variable_om_CNY,15,28671.777290319686,1224.0645000002182,705.77070968555199,7471.6116716145607,8177.3823813001109,E80_P20,2026,206,2023-07-26,24,30.103936248141522
storage_variable_om_CNY,16,10827.41600000379,561.57350000019653,-719.09300000025178,-0.23519945996244382,-719.32819946021482,E80_P20,2026,4,2023-01-05,18,17.999581177780001
storage_variable_om_CNY,17,2416.8032187914355,972.42950000034102,2445.3442812102699,-8.6369089658008582e-13,2445.3442812102689,E80_P20,2026,254,2023-09-12,5,4.9999999999999991
storage_variable_om_CNY,18,16358.54217178111,1067.8760000003731,727.47382822485997,0,727.47382822485997,E80_P20,2026,181,2023-07-01,16,16
storage_variable_om_CNY,19,10411.730125002625,1332.6680000003525,1582.2818750005481,1.1978507217239425e-09,1582.2818750017468,E80_P20,2026,49,2023-02-19,9,9.0000000000008988
storage_variable_om_CNY,20,757.16800000006174,122.83025000004261,-511.50749999997652,0,-511.50749999997652,E80_P20,2026,42,2023-02-12,2,2
storage_variable_om_CNY,21,504.00000000010641,504.00000000010641,0,-5.5955240441119704e-14,-5.6843418860808015e-14,E80_P20,2026,74,2023-03-16,1,0.99999999999999989
storage_variable_om_CNY,22,1530.0000000004657,722.00000000025284,-85.999999999959982,-1.6031620475592875e-13,-85.99999999996021,E80_P20,2026,73,2023-03-15,2,1.9999999999999998
storage_variable_om_CNY,23,5603.3399503958644,1083.0000000003197,894.66004960605369,-1.301446950208558e-09,894.6600496047522,E80_P20,2026,255,2023-09-13,6,5.9999999999987983
storage_variable_om_CNY,24,23608.641500007554,918.02300000032108,-2494.1125000001703,-2.3254301559924392e-09,-2494.1125000024949,E80_P20,2026,280,2023-10-08,23,22.999999999997467
storage_variable_om_CNY,25,814.59816031559399,814.59816031559399,0,0,0,E80_P20,2026,92,2023-04-03,1,1
storage_variable_om_CNY,26,12812.840086877712,1305.0122500003977,237.28241312626596,2.3181674357893159e-12,237.28241312626778,E80_P20,2026,207,2023-07-27,10,10.000000000000002
storage_variable_om_CNY,27,1079.2997500003778,1079.2997500003778,0,0,0,E80_P20,2026,186,2023-07-06,1,1
storage_variable_om_CNY,28,17605.30203875501,1522.0960000004629,3704.0419612514706,4.2449434545246001e-10,3704.0419612518963,E80_P20,2026,304,2023-11-01,14,14.000000000000279
storage_variable_om_CNY,29,4398.2972500011947,916.10000000014634,-733.89725000060935,8.136602502874147e-13,-733.89725000060844,E80_P20,2026,315,2023-11-12,4,4.0000000000000009
storage_variable_om_CNY,30,297.02573169691379,31.87123169682101,-201.41203660645078,9.5395736482017316e-12,-201.41203660644123,E80_P20,2026,125,2023-05-06,3,3.0000000000002993
storage_variable_om_CNY,31,8076.5580000028285,581.3002500002035,-519.6547500001825,-3.0151822905121756e-10,-519.65475000048446,E80_P20,2026,86,2023-03-28,13,12.999999999999481
storage_variable_om_CNY,32,1183.5042500002041,1183.5042500002041,0,0,0,E80_P20,2026,122,2023-05-03,1,1
storage_variable_om_CNY,33,28669.141837115068,1425.8535275003605,4125.4892953932249,-3.6067423237549317e-09,4125.489295389616,E80_P20,2026,63,2023-03-05,23,22.99999999999747
storage_variable_om_CNY,34,4468.2907500013534,1120.6722500003921,14.39825000021483,0,14.39825000021483,E80_P20,2026,179,2023-06-29,4,4
storage_variable_om_CNY,35,996.59808344306998,48.196583442847242,-803.81174967168101,-2.1403582658606642e-14,-803.81174967168101,E80_P20,2026,93,2023-04-04,4,3.9999999999999996
storage_variable_om_CNY,36,6278.5834509389742,1092.374000000189,275.66054906215959,-1.3107712906192995e-09,275.66054906084901,E80_P20,2026,105,2023-04-16,6,5.9999999999988001
storage_variable_om_CNY,37,740.49999999999977,740.49999999999977,0,0,0,E80_P20,2026,91,2023-04-02,1,1
storage_variable_om_CNY,38,11329.709500003968,531.06900000018607,-708.32950000024721,-1.8867361006875643e-12,-708.32950000024903,E80_P20,2026,275,2023-10-03,20,19.999999999999996
storage_variable_om_CNY,39,4521.6755000012681,902.50000000031594,-911.67550000000438,0,-911.67550000000438,E80_P20,2026,192,2023-07-12,4,4
storage_variable_om_CNY,40,19370.341343633227,1118.0170000003918,1871.981656374217,-9691.3534612082294,-7819.3718048340124,E80_P20,2026,357,2023-12-24,19,10.331658229521704
storage_variable_om_CNY,41,6337.8245000022171,608.00000000021271,-865.82450000030258,5.475726538863552e-10,-865.82449999975506,E80_P20,2026,169,2023-06-19,9,9.0000000000009006
storage_variable_om_CNY,42,5784.6690000013141,656.20000000021287,-535.06899999961115,0,-535.06899999961115,E80_P20,2026,21,2023-01-22,8,8
storage_variable_om_CNY,43,1071.6665000003754,506.16000000017721,-59.346500000021024,-1.1239009722889319e-13,-59.346500000021138,E80_P20,2026,308,2023-11-05,2,1.9999999999999998
storage_variable_om_CNY,44,20693.273500006544,1102.1247500003158,247.09674999945491,-6.3040092168638343e-10,247.09674999882554,E80_P20,2026,283,2023-10-11,19,18.999999999999428
storage_variable_om_CNY,45,2542.864500000841,958.77100000031521,333.44850000010456,-5.6303220639524947e-06,333.44849436978257,E80_P20,2026,364,2023-12-31,3,2.9999999941275632
storage_variable_om_CNY,46,1046.3522500002184,1046.3522500002184,0,0,0,E80_P20,2026,123,2023-05-04,1,1
storage_variable_om_CNY,47,5559.2805000005856,1110.1000000001461,-8.7804999998552375,9.8596686370923879e-13,-8.7804999998543281,E80_P20,2026,124,2023-05-05,5,5.0000000000000009
storage_investment_allocated_CNY,0,110859.61861885656,18476.603103142759,0,-2.2170612716672859e-08,-2.2177118808031082e-08,E80_P20,2026,331,2023-11-28,6,5.9999999999988001
storage_investment_allocated_CNY,1,351055.45895971241,18476.603103142759,0,-1.050273289316849e-08,-1.0477378964424133e-08,E80_P20,2026,337,2023-12-04,19,18.999999999999432
storage_investment_allocated_CNY,2,129336.22172199932,18476.603103142759,0,3.8778059103995536e-08,3.878085408359766e-08,E80_P20,2026,127,2023-05-08,7,7.0000000000020988
storage_investment_allocated_CNY,3,73906.412412571037,18476.603103142759,0,4072.6679382966063,4072.6679382966104,E80_P20,2026,347,2023-12-14,4,4.2204229811920282
storage_investment_allocated_CNY,4,73906.412412571037,18476.603103142759,0,-8.2052600727878829e-12,-1.4551915228366852e-11,E80_P20,2026,344,2023-12-11,4,3.9999999999999996
storage_investment_allocated_CNY,5,55429.809309428281,18476.603103142759,0,5.5385505491318208e-09,5.5370037443935871e-09,E80_P20,2026,326,2023-11-23,3,3.0000000000002998
storage_investment_allocated_CNY,6,18476.603103142759,18476.603103142759,0,-2.0513150181969707e-12,-3.637978807091713e-12,E80_P20,2026,332,2023-11-29,1,0.99999999999999989
storage_investment_allocated_CNY,7,55429.809309428281,18476.603103142759,0,5.5467558092046085e-09,5.5442797020077705e-09,E80_P20,2026,167,2023-06-17,3,3.0000000000003002
storage_investment_allocated_CNY,8,36953.206206285518,18476.603103142759,0,-4.1026300363939415e-12,-7.2759576141834259e-12,E80_P20,2026,152,2023-06-02,2,1.9999999999999998
storage_investment_allocated_CNY,9,55429.809309428281,18476.603103142759,0,5.554961069277397e-09,5.551555659621954e-09,E80_P20,2026,31,2023-02-01,3,3.0000000000003006
storage_investment_allocated_CNY,10,277149.04654714139,18476.603103142759,0,-1.3850479002865946e-08,-1.3853423297405243e-08,E80_P20,2026,303,2023-10-31,15,14.99999999999925
storage_investment_allocated_CNY,11,73906.412412571037,18476.603103142759,0,-8.2052600727878829e-12,-1.4551915228366852e-11,E80_P20,2026,333,2023-11-30,4,3.9999999999999996
storage_investment_allocated_CNY,12,18476.603103142759,18476.603103142759,0,0,0,E80_P20,2026,13,2023-01-14,1,1
storage_investment_allocated_CNY,13,147812.82482514207,18476.603103142759,0,0,0,E80_P20,2026,166,2023-06-16,8,8
storage_investment_allocated_CNY,14,73906.412412571037,18476.603103142759,0,43316.573613963905,43316.573613963905,E80_P20,2026,106,2023-04-17,4,6.3444013692428136
storage_investment_allocated_CNY,15,443438.47447542625,18476.603103142759,0,112780.00742379723,112780.00742379716,E80_P20,2026,206,2023-07-26,24,30.103936248141522
storage_investment_allocated_CNY,16,332578.85585656966,18476.603103142759,0,-7.738411929690538,-7.7384119296912104,E80_P20,2026,4,2023-01-05,18,17.999581177780001
storage_investment_allocated_CNY,17,92383.015515713792,18476.603103142759,0,-1.6410520145575766e-11,-1.4551915228366852e-11,E80_P20,2026,254,2023-09-12,5,4.9999999999999991
storage_investment_allocated_CNY,18,295625.64965028415,18476.603103142759,0,0,0,E80_P20,2026,181,2023-07-01,16,16
storage_investment_allocated_CNY,19,166289.42792828483,18476.603103142759,0,1.6607446387322674e-08,1.6618287190794945e-08,E80_P20,2026,49,2023-02-19,9,9.0000000000008988
storage_investment_allocated_CNY,20,36953.206206285518,18476.603103142759,0,0,0,E80_P20,2026,42,2023-02-12,2,2
storage_investment_allocated_CNY,21,18476.603103142759,18476.603103142759,0,-2.0513150181969707e-12,-3.637978807091713e-12,E80_P20,2026,74,2023-03-16,1,0.99999999999999989
storage_investment_allocated_CNY,22,36953.206206285518,18476.603103142759,0,-4.1026300363939415e-12,-7.2759576141834259e-12,E80_P20,2026,73,2023-03-15,2,1.9999999999999998
storage_investment_allocated_CNY,23,110859.61861885656,18476.603103142759,0,-2.2203433756964013e-08,-2.2206222638487816e-08,E80_P20,2026,255,2023-09-13,6,5.9999999999987983
storage_investment_allocated_CNY,24,424961.87137228344,18476.603103142759,0,-4.6802803455182085e-08,-4.6798959374427795e-08,E80_P20,2026,280,2023-10-08,23,22.999999999997467
storage_investment_allocated_CNY,25,18476.603103142759,18476.603103142759,0,0,0,E80_P20,2026,92,2023-04-03,1,1
storage_investment_allocated_CNY,26,184766.03103142758,18476.603103142759,0,3.2821040291151532e-11,2.9103830456733704e-11,E80_P20,2026,207,2023-07-27,10,10.000000000000002
storage_investment_allocated_CNY,27,18476.603103142759,18476.603103142759,0,0,0,E80_P20,2026,186,2023-07-06,1,1
storage_investment_allocated_CNY,28,258672.44344399864,18476.603103142759,0,5.1529033257107906e-09,5.1513779908418655e-09,E80_P20,2026,304,2023-11-01,14,14.000000000000279
storage_investment_allocated_CNY,29,73906.412412571037,18476.603103142759,0,1.6410520145575766e-11,1.4551915228366852e-11,E80_P20,2026,315,2023-11-12,4,4.0000000000000009
storage_investment_allocated_CNY,30,55429.809309428281,18476.603103142759,0,5.5303452890590332e-09,5.5297277867794037e-09,E80_P20,2026,125,2023-05-06,3,3.0000000000002993
storage_investment_allocated_CNY,31,240195.84034085588,18476.603103142759,0,-9.5837437650162466e-09,-9.6042640507221222e-09,E80_P20,2026,86,2023-03-28,13,12.999999999999481
storage_investment_allocated_CNY,32,18476.603103142759,18476.603103142759,0,0,0,E80_P20,2026,122,2023-05-03,1,1
storage_investment_allocated_CNY,33,424961.87137228344,18476.603103142759,0,-4.6737161374599784e-08,-4.6740751713514328e-08,E80_P20,2026,63,2023-03-05,23,22.99999999999747
storage_investment_allocated_CNY,34,73906.412412571037,18476.603103142759,0,0,0,E80_P20,2026,179,2023-06-29,4,4
storage_investment_allocated_CNY,35,73906.412412571037,18476.603103142759,0,-8.2052600727878829e-12,-1.4551915228366852e-11,E80_P20,2026,93,2023-04-04,4,3.9999999999999996
storage_investment_allocated_CNY,36,110859.61861885656,18476.603103142759,0,-2.2170612716672859e-08,-2.2177118808031082e-08,E80_P20,2026,105,2023-04-16,6,5.9999999999988001
storage_investment_allocated_CNY,37,18476.603103142759,18476.603103142759,0,0,0,E80_P20,2026,91,2023-04-02,1,1
storage_investment_allocated_CNY,38,369532.06206285517,18476.603103142759,0,-6.5642080582303063e-11,-5.8207660913467407e-11,E80_P20,2026,275,2023-10-03,20,19.999999999999996
storage_investment_allocated_CNY,39,73906.412412571037,18476.603103142759,0,0,0,E80_P20,2026,192,2023-07-12,4,4
storage_investment_allocated_CNY,40,351055.45895971241,18476.603103142759,0,-160161.51045552129,-160161.51045552129,E80_P20,2026,357,2023-12-24,19,10.331658229521704
storage_investment_allocated_CNY,41,166289.42792828483,18476.603103142759,0,1.6640267427613828e-08,1.6647391021251678e-08,E80_P20,2026,169,2023-06-19,9,9.0000000000009006
storage_investment_allocated_CNY,42,147812.82482514207,18476.603103142759,0,0,0,E80_P20,2026,21,2023-01-22,8,8
storage_investment_allocated_CNY,43,36953.206206285518,18476.603103142759,0,-4.1026300363939415e-12,-7.2759576141834259e-12,E80_P20,2026,308,2023-11-05,2,1.9999999999999998
storage_investment_allocated_CNY,44,351055.45895971241,18476.603103142759,0,-1.0568374973750793e-08,-1.0535586625337601e-08,E80_P20,2026,283,2023-10-11,19,18.999999999999428
storage_investment_allocated_CNY,45,55429.809309428281,18476.603103142759,0,-0.00010850268324603436,-0.00010850268881767988,E80_P20,2026,364,2023-12-31,3,2.9999999941275632
storage_investment_allocated_CNY,46,18476.603103142759,18476.603103142759,0,0,0,E80_P20,2026,123,2023-05-04,1,1
storage_investment_allocated_CNY,47,92383.015515713792,18476.603103142759,0,1.6410520145575766e-11,1.4551915228366852e-11,E80_P20,2026,124,2023-05-05,5,5.0000000000000009
storage_fixed_om_CNY,0,23013.698630136987,3835.6164383561645,0,-4.6024675699200466e-09,-4.6020431909710169e-09,E80_P20,2026,331,2023-11-28,6,5.9999999999988001
storage_fixed_om_CNY,1,72876.712328767127,3835.6164383561645,0,-2.1802955179488004e-09,-2.1827872842550278e-09,E80_P20,2026,337,2023-12-04,19,18.999999999999432
storage_fixed_om_CNY,2,26849.315068493153,3835.6164383561645,0,8.0500598576765878e-09,8.047209121286869e-09,E80_P20,2026,127,2023-05-08,7,7.0000000000020988
storage_fixed_om_CNY,3,15342.465753424658,3835.6164383561645,0,845.45801005161502,845.45801005161411,E80_P20,2026,347,2023-12-14,4,4.2204229811920282
storage_fixed_om_CNY,4,15342.465753424658,3835.6164383561645,0,-1.7033558733975005e-12,-1.8189894035458565e-12,E80_P20,2026,344,2023-12-11,4,3.9999999999999996
storage_fixed_om_CNY,5,11506.849315068494,3835.6164383561645,0,1.1497652145433129e-09,1.1496013030409813e-09,E80_P20,2026,326,2023-11-23,3,3.0000000000002998
storage_fixed_om_CNY,6,3835.6164383561645,3835.6164383561645,0,-4.2583896834937513e-13,-4.5474735088646412e-13,E80_P20,2026,332,2023-11-29,1,0.99999999999999989
storage_fixed_om_CNY,7,11506.849315068494,3835.6164383561645,0,1.1514685704167104e-09,1.1514202924445271e-09,E80_P20,2026,167,2023-06-17,3,3.0000000000003002
storage_fixed_om_CNY,8,7671.232876712329,3835.6164383561645,0,-8.5167793669875025e-13,-9.0949470177292824e-13,E80_P20,2026,152,2023-06-02,2,1.9999999999999998
storage_fixed_om_CNY,9,11506.849315068494,3835.6164383561645,0,1.1531719262901077e-09,1.153239281848073e-09,E80_P20,2026,31,2023-02-01,3,3.0000000000003006
storage_fixed_om_CNY,10,57534.246575342469,3835.6164383561645,0,-2.875264714294981e-09,-2.8740032576024532e-09,E80_P20,2026,303,2023-10-31,15,14.99999999999925
storage_fixed_om_CNY,11,15342.465753424658,3835.6164383561645,0,-1.7033558733975005e-12,-1.8189894035458565e-12,E80_P20,2026,333,2023-11-30,4,3.9999999999999996
storage_fixed_om_CNY,12,3835.6164383561645,3835.6164383561645,0,0,0,E80_P20,2026,13,2023-01-14,1,1
storage_fixed_om_CNY,13,30684.931506849316,3835.6164383561645,0,0,0,E80_P20,2026,166,2023-06-16,8,8
storage_fixed_om_CNY,14,15342.465753424658,3835.6164383561645,0,8992.2244299724352,8992.2244299724371,E80_P20,2026,106,2023-04-17,4,6.3444013692428136
storage_fixed_om_CNY,15,92054.794520547948,3835.6164383561645,0,23412.358212049676,23412.358212049672,E80_P20,2026,206,2023-07-26,24,30.103936248141522
storage_fixed_om_CNY,16,69041.095890410958,3835.6164383561645,0,-1.6064413917752998,-1.60644139177748,E80_P20,2026,4,2023-01-05,18,17.999581177780001
storage_fixed_om_CNY,17,19178.082191780821,3835.6164383561645,0,-3.406711746795001e-12,0,E80_P20,2026,254,2023-09-12,5,4.9999999999999991
storage_fixed_om_CNY,18,61369.863013698632,3835.6164383561645,0,0,0,E80_P20,2026,181,2023-07-01,16,16
storage_fixed_om_CNY,19,34520.547945205479,3835.6164383561645,0,3.4475922877565412e-09,3.4488039091229439e-09,E80_P20,2026,49,2023-02-19,9,9.0000000000008988
storage_fixed_om_CNY,20,7671.232876712329,3835.6164383561645,0,0,0,E80_P20,2026,42,2023-02-12,2,2
storage_fixed_om_CNY,21,3835.6164383561645,3835.6164383561645,0,-4.2583896834937513e-13,-4.5474735088646412e-13,E80_P20,2026,74,2023-03-16,1,0.99999999999999989
storage_fixed_om_CNY,22,7671.232876712329,3835.6164383561645,0,-8.5167793669875025e-13,-9.0949470177292824e-13,E80_P20,2026,73,2023-03-15,2,1.9999999999999998
storage_fixed_om_CNY,23,23013.698630136987,3835.6164383561645,0,-4.6092809934136368e-09,-4.6093191485852003e-09,E80_P20,2026,255,2023-09-13,6,5.9999999999987983
storage_fixed_om_CNY,24,88219.178082191778,3835.6164383561645,0,-9.7159419018593437e-09,-9.7061274573206902e-09,E80_P20,2026,280,2023-10-08,23,22.999999999997467
storage_fixed_om_CNY,25,3835.6164383561645,3835.6164383561645,0,0,0,E80_P20,2026,92,2023-04-03,1,1
storage_fixed_om_CNY,26,38356.164383561641,3835.6164383561645,0,6.813423493590002e-12,7.2759576141834259e-12,E80_P20,2026,207,2023-07-27,10,10.000000000000002
storage_fixed_om_CNY,27,3835.6164383561645,3835.6164383561645,0,0,0,E80_P20,2026,186,2023-07-06,1,1
storage_fixed_om_CNY,28,53698.630136986307,3835.6164383561645,0,1.0697074884936303e-09,1.0695657692849636e-09,E80_P20,2026,304,2023-11-01,14,14.000000000000279
storage_fixed_om_CNY,29,15342.465753424658,3835.6164383561645,0,3.406711746795001e-12,3.637978807091713e-12,E80_P20,2026,315,2023-11-12,4,4.0000000000000009
storage_fixed_om_CNY,30,11506.849315068494,3835.6164383561645,0,1.1480618586699154e-09,1.1477823136374354e-09,E80_P20,2026,125,2023-05-06,3,3.0000000000002993
storage_fixed_om_CNY,31,49863.013698630137,3835.6164383561645,0,-1.9895196601282805e-09,-1.9863364286720753e-09,E80_P20,2026,86,2023-03-28,13,12.999999999999481
storage_fixed_om_CNY,32,3835.6164383561645,3835.6164383561645,0,0,0,E80_P20,2026,122,2023-05-03,1,1
storage_fixed_om_CNY,33,88219.178082191778,3835.6164383561645,0,-9.7023150548721634e-09,-9.6915755420923233e-09,E80_P20,2026,63,2023-03-05,23,22.99999999999747
storage_fixed_om_CNY,34,15342.465753424658,3835.6164383561645,0,0,0,E80_P20,2026,179,2023-06-29,4,4
storage_fixed_om_CNY,35,15342.465753424658,3835.6164383561645,0,-1.7033558733975005e-12,-1.8189894035458565e-12,E80_P20,2026,93,2023-04-04,4,3.9999999999999996
storage_fixed_om_CNY,36,23013.698630136987,3835.6164383561645,0,-4.6024675699200466e-09,-4.6020431909710169e-09,E80_P20,2026,105,2023-04-16,6,5.9999999999988001
storage_fixed_om_CNY,37,3835.6164383561645,3835.6164383561645,0,0,0,E80_P20,2026,91,2023-04-02,1,1
storage_fixed_om_CNY,38,76712.328767123283,3835.6164383561645,0,-1.3626846987180004e-11,0,E80_P20,2026,275,2023-10-03,20,19.999999999999996
storage_fixed_om_CNY,39,15342.465753424658,3835.6164383561645,0,0,0,E80_P20,2026,192,2023-07-12,4,4
storage_fixed_om_CNY,40,72876.712328767127,3835.6164383561645,0,-33248.434188135929,-33248.434188135936,E80_P20,2026,357,2023-12-24,19,10.331658229521704
storage_fixed_om_CNY,41,34520.547945205479,3835.6164383561645,0,3.4544057112501309e-09,3.4560798667371273e-09,E80_P20,2026,169,2023-06-19,9,9.0000000000009006
storage_fixed_om_CNY,42,30684.931506849316,3835.6164383561645,0,0,0,E80_P20,2026,21,2023-01-22,8,8
storage_fixed_om_CNY,43,7671.232876712329,3835.6164383561645,0,-8.5167793669875025e-13,-9.0949470177292824e-13,E80_P20,2026,308,2023-11-05,2,1.9999999999999998
storage_fixed_om_CNY,44,72876.712328767127,3835.6164383561645,0,-2.1939223649359807e-09,-2.1973391994833946e-09,E80_P20,2026,283,2023-10-11,19,18.999999999999428
storage_fixed_om_CNY,45,11506.849315068494,3835.6164383561645,0,-2.2524414966377266e-05,-2.2524414816871285e-05,E80_P20,2026,364,2023-12-31,3,2.9999999941275632
storage_fixed_om_CNY,46,3835.6164383561645,3835.6164383561645,0,0,0,E80_P20,2026,123,2023-05-04,1,1
storage_fixed_om_CNY,47,19178.082191780821,3835.6164383561645,0,3.406711746795001e-12,3.637978807091713e-12,E80_P20,2026,124,2023-05-05,5,5.0000000000000009
