capacity_scenario,seed,cluster,metric,difference
E0_P0,42,0,renewable_available_MWh,0
E0_P0,42,0,renewable_used_MWh,0
E0_P0,42,0,curtailment_MWh,0
E0_P0,42,0,total_load_MWh,0
E0_P0,42,0,thermal_generation_MWh,0
E0_P0,42,0,unserved_MWh,0
E0_P0,42,0,discharge_MWh,0
E0_P0,42,0,total_cost_CNY,0
E0_P0,42,0,thermal_cost_CNY,0
E0_P0,42,0,curtailment_cost_CNY,0
E0_P0,42,0,load_shedding_cost_CNY,0
E0_P0,42,0,storage_variable_om_CNY,0
E0_P0,42,0,storage_investment_allocated_CNY,0
E0_P0,42,0,storage_fixed_om_CNY,0
E0_P0,42,1,renewable_available_MWh,0
E0_P0,42,1,renewable_used_MWh,0
E0_P0,42,1,curtailment_MWh,0
E0_P0,42,1,total_load_MWh,0
E0_P0,42,1,thermal_generation_MWh,0
E0_P0,42,1,unserved_MWh,0
E0_P0,42,1,discharge_MWh,0
E0_P0,42,1,total_cost_CNY,0
E0_P0,42,1,thermal_cost_CNY,0
E0_P0,42,1,curtailment_cost_CNY,0
E0_P0,42,1,load_shedding_cost_CNY,0
E0_P0,42,1,storage_variable_om_CNY,0
E0_P0,42,1,storage_investment_allocated_CNY,0
E0_P0,42,1,storage_fixed_om_CNY,0
E0_P0,42,2,renewable_available_MWh,0
E0_P0,42,2,renewable_used_MWh,0
E0_P0,42,2,curtailment_MWh,0
E0_P0,42,2,total_load_MWh,0
E0_P0,42,2,thermal_generation_MWh,0
E0_P0,42,2,unserved_MWh,0
E0_P0,42,2,discharge_MWh,0
E0_P0,42,2,total_cost_CNY,0
E0_P0,42,2,thermal_cost_CNY,0
E0_P0,42,2,curtailment_cost_CNY,0
E0_P0,42,2,load_shedding_cost_CNY,0
E0_P0,42,2,storage_variable_om_CNY,0
E0_P0,42,2,storage_investment_allocated_CNY,0
E0_P0,42,2,storage_fixed_om_CNY,0
E0_P0,42,3,renewable_available_MWh,0
E0_P0,42,3,renewable_used_MWh,0
E0_P0,42,3,curtailment_MWh,0
E0_P0,42,3,total_load_MWh,0
E0_P0,42,3,thermal_generation_MWh,0
E0_P0,42,3,unserved_MWh,0
E0_P0,42,3,discharge_MWh,0
E0_P0,42,3,total_cost_CNY,0
E0_P0,42,3,thermal_cost_CNY,0
E0_P0,42,3,curtailment_cost_CNY,0
E0_P0,42,3,load_shedding_cost_CNY,0
E0_P0,42,3,storage_variable_om_CNY,0
E0_P0,42,3,storage_investment_allocated_CNY,0
E0_P0,42,3,storage_fixed_om_CNY,0
E0_P0,42,4,renewable_available_MWh,0
E0_P0,42,4,renewable_used_MWh,0
E0_P0,42,4,curtailment_MWh,0
E0_P0,42,4,total_load_MWh,0
E0_P0,42,4,thermal_generation_MWh,0
E0_P0,42,4,unserved_MWh,0
E0_P0,42,4,discharge_MWh,0
E0_P0,42,4,total_cost_CNY,0
E0_P0,42,4,thermal_cost_CNY,0
E0_P0,42,4,curtailment_cost_CNY,0
E0_P0,42,4,load_shedding_cost_CNY,0
E0_P0,42,4,storage_variable_om_CNY,0
E0_P0,42,4,storage_investment_allocated_CNY,0
E0_P0,42,4,storage_fixed_om_CNY,0
E0_P0,42,5,renewable_available_MWh,0
E0_P0,42,5,renewable_used_MWh,0
E0_P0,42,5,curtailment_MWh,0
E0_P0,42,5,total_load_MWh,0
E0_P0,42,5,thermal_generation_MWh,0
E0_P0,42,5,unserved_MWh,0
E0_P0,42,5,discharge_MWh,0
E0_P0,42,5,total_cost_CNY,0
E0_P0,42,5,thermal_cost_CNY,0
E0_P0,42,5,curtailment_cost_CNY,0
E0_P0,42,5,load_shedding_cost_CNY,0
E0_P0,42,5,storage_variable_om_CNY,0
E0_P0,42,5,storage_investment_allocated_CNY,0
E0_P0,42,5,storage_fixed_om_CNY,0
E0_P0,42,6,renewable_available_MWh,0
E0_P0,42,6,renewable_used_MWh,0
E0_P0,42,6,curtailment_MWh,0
E0_P0,42,6,total_load_MWh,0
E0_P0,42,6,thermal_generation_MWh,0
E0_P0,42,6,unserved_MWh,0
E0_P0,42,6,discharge_MWh,0
E0_P0,42,6,total_cost_CNY,0
E0_P0,42,6,thermal_cost_CNY,0
E0_P0,42,6,curtailment_cost_CNY,0
E0_P0,42,6,load_shedding_cost_CNY,0
E0_P0,42,6,storage_variable_om_CNY,0
E0_P0,42,6,storage_investment_allocated_CNY,0
E0_P0,42,6,storage_fixed_om_CNY,0
E0_P0,42,7,renewable_available_MWh,0
E0_P0,42,7,renewable_used_MWh,0
E0_P0,42,7,curtailment_MWh,0
E0_P0,42,7,total_load_MWh,0
E0_P0,42,7,thermal_generation_MWh,0
E0_P0,42,7,unserved_MWh,0
E0_P0,42,7,discharge_MWh,0
E0_P0,42,7,total_cost_CNY,0
E0_P0,42,7,thermal_cost_CNY,0
E0_P0,42,7,curtailment_cost_CNY,0
E0_P0,42,7,load_shedding_cost_CNY,0
E0_P0,42,7,storage_variable_om_CNY,0
E0_P0,42,7,storage_investment_allocated_CNY,0
E0_P0,42,7,storage_fixed_om_CNY,0
E0_P0,42,8,renewable_available_MWh,0
E0_P0,42,8,renewable_used_MWh,0
E0_P0,42,8,curtailment_MWh,0
E0_P0,42,8,total_load_MWh,0
E0_P0,42,8,thermal_generation_MWh,0
E0_P0,42,8,unserved_MWh,0
E0_P0,42,8,discharge_MWh,0
E0_P0,42,8,total_cost_CNY,0
E0_P0,42,8,thermal_cost_CNY,0
E0_P0,42,8,curtailment_cost_CNY,0
E0_P0,42,8,load_shedding_cost_CNY,0
E0_P0,42,8,storage_variable_om_CNY,0
E0_P0,42,8,storage_investment_allocated_CNY,0
E0_P0,42,8,storage_fixed_om_CNY,0
E0_P0,42,9,renewable_available_MWh,0
E0_P0,42,9,renewable_used_MWh,0
E0_P0,42,9,curtailment_MWh,0
E0_P0,42,9,total_load_MWh,0
E0_P0,42,9,thermal_generation_MWh,0
E0_P0,42,9,unserved_MWh,0
E0_P0,42,9,discharge_MWh,0
E0_P0,42,9,total_cost_CNY,0
E0_P0,42,9,thermal_cost_CNY,0
E0_P0,42,9,curtailment_cost_CNY,0
E0_P0,42,9,load_shedding_cost_CNY,0
E0_P0,42,9,storage_variable_om_CNY,0
E0_P0,42,9,storage_investment_allocated_CNY,0
E0_P0,42,9,storage_fixed_om_CNY,0
E0_P0,42,10,renewable_available_MWh,0
E0_P0,42,10,renewable_used_MWh,0
E0_P0,42,10,curtailment_MWh,0
E0_P0,42,10,total_load_MWh,0
E0_P0,42,10,thermal_generation_MWh,0
E0_P0,42,10,unserved_MWh,0
E0_P0,42,10,discharge_MWh,0
E0_P0,42,10,total_cost_CNY,0
E0_P0,42,10,thermal_cost_CNY,0
E0_P0,42,10,curtailment_cost_CNY,0
E0_P0,42,10,load_shedding_cost_CNY,0
E0_P0,42,10,storage_variable_om_CNY,0
E0_P0,42,10,storage_investment_allocated_CNY,0
E0_P0,42,10,storage_fixed_om_CNY,0
E0_P0,42,11,renewable_available_MWh,0
E0_P0,42,11,renewable_used_MWh,0
E0_P0,42,11,curtailment_MWh,0
E0_P0,42,11,total_load_MWh,0
E0_P0,42,11,thermal_generation_MWh,0
E0_P0,42,11,unserved_MWh,0
E0_P0,42,11,discharge_MWh,0
E0_P0,42,11,total_cost_CNY,0
E0_P0,42,11,thermal_cost_CNY,0
E0_P0,42,11,curtailment_cost_CNY,0
E0_P0,42,11,load_shedding_cost_CNY,0
E0_P0,42,11,storage_variable_om_CNY,0
E0_P0,42,11,storage_investment_allocated_CNY,0
E0_P0,42,11,storage_fixed_om_CNY,0
E0_P0,42,12,renewable_available_MWh,0
E0_P0,42,12,renewable_used_MWh,0
E0_P0,42,12,curtailment_MWh,0
E0_P0,42,12,total_load_MWh,0
E0_P0,42,12,thermal_generation_MWh,0
E0_P0,42,12,unserved_MWh,0
E0_P0,42,12,discharge_MWh,0
E0_P0,42,12,total_cost_CNY,0
E0_P0,42,12,thermal_cost_CNY,0
E0_P0,42,12,curtailment_cost_CNY,0
E0_P0,42,12,load_shedding_cost_CNY,0
E0_P0,42,12,storage_variable_om_CNY,0
E0_P0,42,12,storage_investment_allocated_CNY,0
E0_P0,42,12,storage_fixed_om_CNY,0
E0_P0,42,13,renewable_available_MWh,0
E0_P0,42,13,renewable_used_MWh,0
E0_P0,42,13,curtailment_MWh,0
E0_P0,42,13,total_load_MWh,0
E0_P0,42,13,thermal_generation_MWh,0
E0_P0,42,13,unserved_MWh,0
E0_P0,42,13,discharge_MWh,0
E0_P0,42,13,total_cost_CNY,0
E0_P0,42,13,thermal_cost_CNY,0
E0_P0,42,13,curtailment_cost_CNY,0
E0_P0,42,13,load_shedding_cost_CNY,0
E0_P0,42,13,storage_variable_om_CNY,0
E0_P0,42,13,storage_investment_allocated_CNY,0
E0_P0,42,13,storage_fixed_om_CNY,0
E0_P0,42,14,renewable_available_MWh,0
E0_P0,42,14,renewable_used_MWh,0
E0_P0,42,14,curtailment_MWh,0
E0_P0,42,14,total_load_MWh,0
E0_P0,42,14,thermal_generation_MWh,0
E0_P0,42,14,unserved_MWh,0
E0_P0,42,14,discharge_MWh,0
E0_P0,42,14,total_cost_CNY,0
E0_P0,42,14,thermal_cost_CNY,0
E0_P0,42,14,curtailment_cost_CNY,0
E0_P0,42,14,load_shedding_cost_CNY,0
E0_P0,42,14,storage_variable_om_CNY,0
E0_P0,42,14,storage_investment_allocated_CNY,0
E0_P0,42,14,storage_fixed_om_CNY,0
E0_P0,42,15,renewable_available_MWh,0
E0_P0,42,15,renewable_used_MWh,0
E0_P0,42,15,curtailment_MWh,0
E0_P0,42,15,total_load_MWh,0
E0_P0,42,15,thermal_generation_MWh,0
E0_P0,42,15,unserved_MWh,0
E0_P0,42,15,discharge_MWh,0
E0_P0,42,15,total_cost_CNY,0
E0_P0,42,15,thermal_cost_CNY,0
E0_P0,42,15,curtailment_cost_CNY,0
E0_P0,42,15,load_shedding_cost_CNY,0
E0_P0,42,15,storage_variable_om_CNY,0
E0_P0,42,15,storage_investment_allocated_CNY,0
E0_P0,42,15,storage_fixed_om_CNY,0
E0_P0,42,16,renewable_available_MWh,0
E0_P0,42,16,renewable_used_MWh,0
E0_P0,42,16,curtailment_MWh,0
E0_P0,42,16,total_load_MWh,0
E0_P0,42,16,thermal_generation_MWh,0
E0_P0,42,16,unserved_MWh,0
E0_P0,42,16,discharge_MWh,0
E0_P0,42,16,total_cost_CNY,0
E0_P0,42,16,thermal_cost_CNY,0
E0_P0,42,16,curtailment_cost_CNY,0
E0_P0,42,16,load_shedding_cost_CNY,0
E0_P0,42,16,storage_variable_om_CNY,0
E0_P0,42,16,storage_investment_allocated_CNY,0
E0_P0,42,16,storage_fixed_om_CNY,0
E0_P0,42,17,renewable_available_MWh,0
E0_P0,42,17,renewable_used_MWh,0
E0_P0,42,17,curtailment_MWh,0
E0_P0,42,17,total_load_MWh,0
E0_P0,42,17,thermal_generation_MWh,0
E0_P0,42,17,unserved_MWh,0
E0_P0,42,17,discharge_MWh,0
E0_P0,42,17,total_cost_CNY,0
E0_P0,42,17,thermal_cost_CNY,0
E0_P0,42,17,curtailment_cost_CNY,0
E0_P0,42,17,load_shedding_cost_CNY,0
E0_P0,42,17,storage_variable_om_CNY,0
E0_P0,42,17,storage_investment_allocated_CNY,0
E0_P0,42,17,storage_fixed_om_CNY,0
E0_P0,42,18,renewable_available_MWh,0
E0_P0,42,18,renewable_used_MWh,0
E0_P0,42,18,curtailment_MWh,0
E0_P0,42,18,total_load_MWh,0
E0_P0,42,18,thermal_generation_MWh,0
E0_P0,42,18,unserved_MWh,0
E0_P0,42,18,discharge_MWh,0
E0_P0,42,18,total_cost_CNY,0
E0_P0,42,18,thermal_cost_CNY,0
E0_P0,42,18,curtailment_cost_CNY,0
E0_P0,42,18,load_shedding_cost_CNY,0
E0_P0,42,18,storage_variable_om_CNY,0
E0_P0,42,18,storage_investment_allocated_CNY,0
E0_P0,42,18,storage_fixed_om_CNY,0
E0_P0,42,19,renewable_available_MWh,0
E0_P0,42,19,renewable_used_MWh,0
E0_P0,42,19,curtailment_MWh,0
E0_P0,42,19,total_load_MWh,0
E0_P0,42,19,thermal_generation_MWh,0
E0_P0,42,19,unserved_MWh,0
E0_P0,42,19,discharge_MWh,0
E0_P0,42,19,total_cost_CNY,0
E0_P0,42,19,thermal_cost_CNY,0
E0_P0,42,19,curtailment_cost_CNY,0
E0_P0,42,19,load_shedding_cost_CNY,0
E0_P0,42,19,storage_variable_om_CNY,0
E0_P0,42,19,storage_investment_allocated_CNY,0
E0_P0,42,19,storage_fixed_om_CNY,0
E0_P0,42,20,renewable_available_MWh,0
E0_P0,42,20,renewable_used_MWh,0
E0_P0,42,20,curtailment_MWh,0
E0_P0,42,20,total_load_MWh,0
E0_P0,42,20,thermal_generation_MWh,0
E0_P0,42,20,unserved_MWh,0
E0_P0,42,20,discharge_MWh,0
E0_P0,42,20,total_cost_CNY,0
E0_P0,42,20,thermal_cost_CNY,0
E0_P0,42,20,curtailment_cost_CNY,0
E0_P0,42,20,load_shedding_cost_CNY,0
E0_P0,42,20,storage_variable_om_CNY,0
E0_P0,42,20,storage_investment_allocated_CNY,0
E0_P0,42,20,storage_fixed_om_CNY,0
E0_P0,42,21,renewable_available_MWh,0
E0_P0,42,21,renewable_used_MWh,0
E0_P0,42,21,curtailment_MWh,0
E0_P0,42,21,total_load_MWh,0
E0_P0,42,21,thermal_generation_MWh,0
E0_P0,42,21,unserved_MWh,0
E0_P0,42,21,discharge_MWh,0
E0_P0,42,21,total_cost_CNY,0
E0_P0,42,21,thermal_cost_CNY,0
E0_P0,42,21,curtailment_cost_CNY,0
E0_P0,42,21,load_shedding_cost_CNY,0
E0_P0,42,21,storage_variable_om_CNY,0
E0_P0,42,21,storage_investment_allocated_CNY,0
E0_P0,42,21,storage_fixed_om_CNY,0
E0_P0,42,22,renewable_available_MWh,0
E0_P0,42,22,renewable_used_MWh,0
E0_P0,42,22,curtailment_MWh,0
E0_P0,42,22,total_load_MWh,0
E0_P0,42,22,thermal_generation_MWh,0
E0_P0,42,22,unserved_MWh,0
E0_P0,42,22,discharge_MWh,0
E0_P0,42,22,total_cost_CNY,0
E0_P0,42,22,thermal_cost_CNY,0
E0_P0,42,22,curtailment_cost_CNY,0
E0_P0,42,22,load_shedding_cost_CNY,0
E0_P0,42,22,storage_variable_om_CNY,0
E0_P0,42,22,storage_investment_allocated_CNY,0
E0_P0,42,22,storage_fixed_om_CNY,0
E0_P0,42,23,renewable_available_MWh,0
E0_P0,42,23,renewable_used_MWh,0
E0_P0,42,23,curtailment_MWh,0
E0_P0,42,23,total_load_MWh,0
E0_P0,42,23,thermal_generation_MWh,0
E0_P0,42,23,unserved_MWh,0
E0_P0,42,23,discharge_MWh,0
E0_P0,42,23,total_cost_CNY,0
E0_P0,42,23,thermal_cost_CNY,0
E0_P0,42,23,curtailment_cost_CNY,0
E0_P0,42,23,load_shedding_cost_CNY,0
E0_P0,42,23,storage_variable_om_CNY,0
E0_P0,42,23,storage_investment_allocated_CNY,0
E0_P0,42,23,storage_fixed_om_CNY,0
E0_P0,42,24,renewable_available_MWh,0
E0_P0,42,24,renewable_used_MWh,0
E0_P0,42,24,curtailment_MWh,0
E0_P0,42,24,total_load_MWh,0
E0_P0,42,24,thermal_generation_MWh,0
E0_P0,42,24,unserved_MWh,0
E0_P0,42,24,discharge_MWh,0
E0_P0,42,24,total_cost_CNY,0
E0_P0,42,24,thermal_cost_CNY,0
E0_P0,42,24,curtailment_cost_CNY,0
E0_P0,42,24,load_shedding_cost_CNY,0
E0_P0,42,24,storage_variable_om_CNY,0
E0_P0,42,24,storage_investment_allocated_CNY,0
E0_P0,42,24,storage_fixed_om_CNY,0
E0_P0,42,25,renewable_available_MWh,0
E0_P0,42,25,renewable_used_MWh,0
E0_P0,42,25,curtailment_MWh,0
E0_P0,42,25,total_load_MWh,0
E0_P0,42,25,thermal_generation_MWh,0
E0_P0,42,25,unserved_MWh,0
E0_P0,42,25,discharge_MWh,0
E0_P0,42,25,total_cost_CNY,0
E0_P0,42,25,thermal_cost_CNY,0
E0_P0,42,25,curtailment_cost_CNY,0
E0_P0,42,25,load_shedding_cost_CNY,0
E0_P0,42,25,storage_variable_om_CNY,0
E0_P0,42,25,storage_investment_allocated_CNY,0
E0_P0,42,25,storage_fixed_om_CNY,0
E0_P0,42,26,renewable_available_MWh,0
E0_P0,42,26,renewable_used_MWh,0
E0_P0,42,26,curtailment_MWh,0
E0_P0,42,26,total_load_MWh,0
E0_P0,42,26,thermal_generation_MWh,0
E0_P0,42,26,unserved_MWh,0
E0_P0,42,26,discharge_MWh,0
E0_P0,42,26,total_cost_CNY,0
E0_P0,42,26,thermal_cost_CNY,0
E0_P0,42,26,curtailment_cost_CNY,0
E0_P0,42,26,load_shedding_cost_CNY,0
E0_P0,42,26,storage_variable_om_CNY,0
E0_P0,42,26,storage_investment_allocated_CNY,0
E0_P0,42,26,storage_fixed_om_CNY,0
E0_P0,42,27,renewable_available_MWh,0
E0_P0,42,27,renewable_used_MWh,0
E0_P0,42,27,curtailment_MWh,0
E0_P0,42,27,total_load_MWh,0
E0_P0,42,27,thermal_generation_MWh,0
E0_P0,42,27,unserved_MWh,0
E0_P0,42,27,discharge_MWh,0
E0_P0,42,27,total_cost_CNY,0
E0_P0,42,27,thermal_cost_CNY,0
E0_P0,42,27,curtailment_cost_CNY,0
E0_P0,42,27,load_shedding_cost_CNY,0
E0_P0,42,27,storage_variable_om_CNY,0
E0_P0,42,27,storage_investment_allocated_CNY,0
E0_P0,42,27,storage_fixed_om_CNY,0
E0_P0,42,28,renewable_available_MWh,0
E0_P0,42,28,renewable_used_MWh,0
E0_P0,42,28,curtailment_MWh,0
E0_P0,42,28,total_load_MWh,0
E0_P0,42,28,thermal_generation_MWh,0
E0_P0,42,28,unserved_MWh,0
E0_P0,42,28,discharge_MWh,0
E0_P0,42,28,total_cost_CNY,0
E0_P0,42,28,thermal_cost_CNY,0
E0_P0,42,28,curtailment_cost_CNY,0
E0_P0,42,28,load_shedding_cost_CNY,0
E0_P0,42,28,storage_variable_om_CNY,0
E0_P0,42,28,storage_investment_allocated_CNY,0
E0_P0,42,28,storage_fixed_om_CNY,0
E0_P0,42,29,renewable_available_MWh,0
E0_P0,42,29,renewable_used_MWh,0
E0_P0,42,29,curtailment_MWh,0
E0_P0,42,29,total_load_MWh,0
E0_P0,42,29,thermal_generation_MWh,0
E0_P0,42,29,unserved_MWh,0
E0_P0,42,29,discharge_MWh,0
E0_P0,42,29,total_cost_CNY,0
E0_P0,42,29,thermal_cost_CNY,0
E0_P0,42,29,curtailment_cost_CNY,0
E0_P0,42,29,load_shedding_cost_CNY,0
E0_P0,42,29,storage_variable_om_CNY,0
E0_P0,42,29,storage_investment_allocated_CNY,0
E0_P0,42,29,storage_fixed_om_CNY,0
E0_P0,42,30,renewable_available_MWh,0
E0_P0,42,30,renewable_used_MWh,0
E0_P0,42,30,curtailment_MWh,0
E0_P0,42,30,total_load_MWh,0
E0_P0,42,30,thermal_generation_MWh,0
E0_P0,42,30,unserved_MWh,0
E0_P0,42,30,discharge_MWh,0
E0_P0,42,30,total_cost_CNY,0
E0_P0,42,30,thermal_cost_CNY,0
E0_P0,42,30,curtailment_cost_CNY,0
E0_P0,42,30,load_shedding_cost_CNY,0
E0_P0,42,30,storage_variable_om_CNY,0
E0_P0,42,30,storage_investment_allocated_CNY,0
E0_P0,42,30,storage_fixed_om_CNY,0
E0_P0,42,31,renewable_available_MWh,0
E0_P0,42,31,renewable_used_MWh,0
E0_P0,42,31,curtailment_MWh,0
E0_P0,42,31,total_load_MWh,0
E0_P0,42,31,thermal_generation_MWh,0
E0_P0,42,31,unserved_MWh,0
E0_P0,42,31,discharge_MWh,0
E0_P0,42,31,total_cost_CNY,0
E0_P0,42,31,thermal_cost_CNY,0
E0_P0,42,31,curtailment_cost_CNY,0
E0_P0,42,31,load_shedding_cost_CNY,0
E0_P0,42,31,storage_variable_om_CNY,0
E0_P0,42,31,storage_investment_allocated_CNY,0
E0_P0,42,31,storage_fixed_om_CNY,0
E0_P0,42,32,renewable_available_MWh,0
E0_P0,42,32,renewable_used_MWh,0
E0_P0,42,32,curtailment_MWh,0
E0_P0,42,32,total_load_MWh,0
E0_P0,42,32,thermal_generation_MWh,0
E0_P0,42,32,unserved_MWh,0
E0_P0,42,32,discharge_MWh,0
E0_P0,42,32,total_cost_CNY,0
E0_P0,42,32,thermal_cost_CNY,0
E0_P0,42,32,curtailment_cost_CNY,0
E0_P0,42,32,load_shedding_cost_CNY,0
E0_P0,42,32,storage_variable_om_CNY,0
E0_P0,42,32,storage_investment_allocated_CNY,0
E0_P0,42,32,storage_fixed_om_CNY,0
E0_P0,42,33,renewable_available_MWh,0
E0_P0,42,33,renewable_used_MWh,0
E0_P0,42,33,curtailment_MWh,0
E0_P0,42,33,total_load_MWh,0
E0_P0,42,33,thermal_generation_MWh,0
E0_P0,42,33,unserved_MWh,0
E0_P0,42,33,discharge_MWh,0
E0_P0,42,33,total_cost_CNY,0
E0_P0,42,33,thermal_cost_CNY,0
E0_P0,42,33,curtailment_cost_CNY,0
E0_P0,42,33,load_shedding_cost_CNY,0
E0_P0,42,33,storage_variable_om_CNY,0
E0_P0,42,33,storage_investment_allocated_CNY,0
E0_P0,42,33,storage_fixed_om_CNY,0
E0_P0,42,34,renewable_available_MWh,0
E0_P0,42,34,renewable_used_MWh,0
E0_P0,42,34,curtailment_MWh,0
E0_P0,42,34,total_load_MWh,0
E0_P0,42,34,thermal_generation_MWh,0
E0_P0,42,34,unserved_MWh,0
E0_P0,42,34,discharge_MWh,0
E0_P0,42,34,total_cost_CNY,0
E0_P0,42,34,thermal_cost_CNY,0
E0_P0,42,34,curtailment_cost_CNY,0
E0_P0,42,34,load_shedding_cost_CNY,0
E0_P0,42,34,storage_variable_om_CNY,0
E0_P0,42,34,storage_investment_allocated_CNY,0
E0_P0,42,34,storage_fixed_om_CNY,0
E0_P0,42,35,renewable_available_MWh,0
E0_P0,42,35,renewable_used_MWh,0
E0_P0,42,35,curtailment_MWh,0
E0_P0,42,35,total_load_MWh,0
E0_P0,42,35,thermal_generation_MWh,0
E0_P0,42,35,unserved_MWh,0
E0_P0,42,35,discharge_MWh,0
E0_P0,42,35,total_cost_CNY,0
E0_P0,42,35,thermal_cost_CNY,0
E0_P0,42,35,curtailment_cost_CNY,0
E0_P0,42,35,load_shedding_cost_CNY,0
E0_P0,42,35,storage_variable_om_CNY,0
E0_P0,42,35,storage_investment_allocated_CNY,0
E0_P0,42,35,storage_fixed_om_CNY,0
E0_P0,42,36,renewable_available_MWh,0
E0_P0,42,36,renewable_used_MWh,0
E0_P0,42,36,curtailment_MWh,0
E0_P0,42,36,total_load_MWh,0
E0_P0,42,36,thermal_generation_MWh,0
E0_P0,42,36,unserved_MWh,0
E0_P0,42,36,discharge_MWh,0
E0_P0,42,36,total_cost_CNY,0
E0_P0,42,36,thermal_cost_CNY,0
E0_P0,42,36,curtailment_cost_CNY,0
E0_P0,42,36,load_shedding_cost_CNY,0
E0_P0,42,36,storage_variable_om_CNY,0
E0_P0,42,36,storage_investment_allocated_CNY,0
E0_P0,42,36,storage_fixed_om_CNY,0
E0_P0,42,37,renewable_available_MWh,0
E0_P0,42,37,renewable_used_MWh,0
E0_P0,42,37,curtailment_MWh,0
E0_P0,42,37,total_load_MWh,0
E0_P0,42,37,thermal_generation_MWh,0
E0_P0,42,37,unserved_MWh,0
E0_P0,42,37,discharge_MWh,0
E0_P0,42,37,total_cost_CNY,0
E0_P0,42,37,thermal_cost_CNY,0
E0_P0,42,37,curtailment_cost_CNY,0
E0_P0,42,37,load_shedding_cost_CNY,0
E0_P0,42,37,storage_variable_om_CNY,0
E0_P0,42,37,storage_investment_allocated_CNY,0
E0_P0,42,37,storage_fixed_om_CNY,0
E0_P0,42,38,renewable_available_MWh,0
E0_P0,42,38,renewable_used_MWh,0
E0_P0,42,38,curtailment_MWh,0
E0_P0,42,38,total_load_MWh,0
E0_P0,42,38,thermal_generation_MWh,0
E0_P0,42,38,unserved_MWh,0
E0_P0,42,38,discharge_MWh,0
E0_P0,42,38,total_cost_CNY,0
E0_P0,42,38,thermal_cost_CNY,0
E0_P0,42,38,curtailment_cost_CNY,0
E0_P0,42,38,load_shedding_cost_CNY,0
E0_P0,42,38,storage_variable_om_CNY,0
E0_P0,42,38,storage_investment_allocated_CNY,0
E0_P0,42,38,storage_fixed_om_CNY,0
E0_P0,42,39,renewable_available_MWh,0
E0_P0,42,39,renewable_used_MWh,0
E0_P0,42,39,curtailment_MWh,0
E0_P0,42,39,total_load_MWh,0
E0_P0,42,39,thermal_generation_MWh,0
E0_P0,42,39,unserved_MWh,0
E0_P0,42,39,discharge_MWh,0
E0_P0,42,39,total_cost_CNY,0
E0_P0,42,39,thermal_cost_CNY,0
E0_P0,42,39,curtailment_cost_CNY,0
E0_P0,42,39,load_shedding_cost_CNY,0
E0_P0,42,39,storage_variable_om_CNY,0
E0_P0,42,39,storage_investment_allocated_CNY,0
E0_P0,42,39,storage_fixed_om_CNY,0
E0_P0,42,40,renewable_available_MWh,0
E0_P0,42,40,renewable_used_MWh,0
E0_P0,42,40,curtailment_MWh,0
E0_P0,42,40,total_load_MWh,0
E0_P0,42,40,thermal_generation_MWh,0
E0_P0,42,40,unserved_MWh,0
E0_P0,42,40,discharge_MWh,0
E0_P0,42,40,total_cost_CNY,0
E0_P0,42,40,thermal_cost_CNY,0
E0_P0,42,40,curtailment_cost_CNY,0
E0_P0,42,40,load_shedding_cost_CNY,0
E0_P0,42,40,storage_variable_om_CNY,0
E0_P0,42,40,storage_investment_allocated_CNY,0
E0_P0,42,40,storage_fixed_om_CNY,0
E0_P0,42,41,renewable_available_MWh,0
E0_P0,42,41,renewable_used_MWh,0
E0_P0,42,41,curtailment_MWh,0
E0_P0,42,41,total_load_MWh,0
E0_P0,42,41,thermal_generation_MWh,0
E0_P0,42,41,unserved_MWh,0
E0_P0,42,41,discharge_MWh,0
E0_P0,42,41,total_cost_CNY,0
E0_P0,42,41,thermal_cost_CNY,0
E0_P0,42,41,curtailment_cost_CNY,0
E0_P0,42,41,load_shedding_cost_CNY,0
E0_P0,42,41,storage_variable_om_CNY,0
E0_P0,42,41,storage_investment_allocated_CNY,0
E0_P0,42,41,storage_fixed_om_CNY,0
E0_P0,42,42,renewable_available_MWh,0
E0_P0,42,42,renewable_used_MWh,0
E0_P0,42,42,curtailment_MWh,0
E0_P0,42,42,total_load_MWh,0
E0_P0,42,42,thermal_generation_MWh,0
E0_P0,42,42,unserved_MWh,0
E0_P0,42,42,discharge_MWh,0
E0_P0,42,42,total_cost_CNY,0
E0_P0,42,42,thermal_cost_CNY,0
E0_P0,42,42,curtailment_cost_CNY,0
E0_P0,42,42,load_shedding_cost_CNY,0
E0_P0,42,42,storage_variable_om_CNY,0
E0_P0,42,42,storage_investment_allocated_CNY,0
E0_P0,42,42,storage_fixed_om_CNY,0
E0_P0,42,43,renewable_available_MWh,0
E0_P0,42,43,renewable_used_MWh,0
E0_P0,42,43,curtailment_MWh,0
E0_P0,42,43,total_load_MWh,0
E0_P0,42,43,thermal_generation_MWh,0
E0_P0,42,43,unserved_MWh,0
E0_P0,42,43,discharge_MWh,0
E0_P0,42,43,total_cost_CNY,0
E0_P0,42,43,thermal_cost_CNY,0
E0_P0,42,43,curtailment_cost_CNY,0
E0_P0,42,43,load_shedding_cost_CNY,0
E0_P0,42,43,storage_variable_om_CNY,0
E0_P0,42,43,storage_investment_allocated_CNY,0
E0_P0,42,43,storage_fixed_om_CNY,0
E0_P0,42,44,renewable_available_MWh,0
E0_P0,42,44,renewable_used_MWh,0
E0_P0,42,44,curtailment_MWh,0
E0_P0,42,44,total_load_MWh,0
E0_P0,42,44,thermal_generation_MWh,0
E0_P0,42,44,unserved_MWh,0
E0_P0,42,44,discharge_MWh,0
E0_P0,42,44,total_cost_CNY,0
E0_P0,42,44,thermal_cost_CNY,0
E0_P0,42,44,curtailment_cost_CNY,0
E0_P0,42,44,load_shedding_cost_CNY,0
E0_P0,42,44,storage_variable_om_CNY,0
E0_P0,42,44,storage_investment_allocated_CNY,0
E0_P0,42,44,storage_fixed_om_CNY,0
E0_P0,42,45,renewable_available_MWh,0
E0_P0,42,45,renewable_used_MWh,0
E0_P0,42,45,curtailment_MWh,0
E0_P0,42,45,total_load_MWh,0
E0_P0,42,45,thermal_generation_MWh,0
E0_P0,42,45,unserved_MWh,0
E0_P0,42,45,discharge_MWh,0
E0_P0,42,45,total_cost_CNY,0
E0_P0,42,45,thermal_cost_CNY,0
E0_P0,42,45,curtailment_cost_CNY,0
E0_P0,42,45,load_shedding_cost_CNY,0
E0_P0,42,45,storage_variable_om_CNY,0
E0_P0,42,45,storage_investment_allocated_CNY,0
E0_P0,42,45,storage_fixed_om_CNY,0
E0_P0,42,46,renewable_available_MWh,0
E0_P0,42,46,renewable_used_MWh,0
E0_P0,42,46,curtailment_MWh,0
E0_P0,42,46,total_load_MWh,0
E0_P0,42,46,thermal_generation_MWh,0
E0_P0,42,46,unserved_MWh,0
E0_P0,42,46,discharge_MWh,0
E0_P0,42,46,total_cost_CNY,0
E0_P0,42,46,thermal_cost_CNY,0
E0_P0,42,46,curtailment_cost_CNY,0
E0_P0,42,46,load_shedding_cost_CNY,0
E0_P0,42,46,storage_variable_om_CNY,0
E0_P0,42,46,storage_investment_allocated_CNY,0
E0_P0,42,46,storage_fixed_om_CNY,0
E0_P0,42,47,renewable_available_MWh,0
E0_P0,42,47,renewable_used_MWh,0
E0_P0,42,47,curtailment_MWh,0
E0_P0,42,47,total_load_MWh,0
E0_P0,42,47,thermal_generation_MWh,0
E0_P0,42,47,unserved_MWh,0
E0_P0,42,47,discharge_MWh,0
E0_P0,42,47,total_cost_CNY,0
E0_P0,42,47,thermal_cost_CNY,0
E0_P0,42,47,curtailment_cost_CNY,0
E0_P0,42,47,load_shedding_cost_CNY,0
E0_P0,42,47,storage_variable_om_CNY,0
E0_P0,42,47,storage_investment_allocated_CNY,0
E0_P0,42,47,storage_fixed_om_CNY,0
E0_P0,7,0,renewable_available_MWh,0
E0_P0,7,0,renewable_used_MWh,0
E0_P0,7,0,curtailment_MWh,0
E0_P0,7,0,total_load_MWh,0
E0_P0,7,0,thermal_generation_MWh,0
E0_P0,7,0,unserved_MWh,0
E0_P0,7,0,discharge_MWh,0
E0_P0,7,0,total_cost_CNY,0
E0_P0,7,0,thermal_cost_CNY,0
E0_P0,7,0,curtailment_cost_CNY,0
E0_P0,7,0,load_shedding_cost_CNY,0
E0_P0,7,0,storage_variable_om_CNY,0
E0_P0,7,0,storage_investment_allocated_CNY,0
E0_P0,7,0,storage_fixed_om_CNY,0
E0_P0,7,1,renewable_available_MWh,0
E0_P0,7,1,renewable_used_MWh,0
E0_P0,7,1,curtailment_MWh,0
E0_P0,7,1,total_load_MWh,0
E0_P0,7,1,thermal_generation_MWh,0
E0_P0,7,1,unserved_MWh,0
E0_P0,7,1,discharge_MWh,0
E0_P0,7,1,total_cost_CNY,0
E0_P0,7,1,thermal_cost_CNY,0
E0_P0,7,1,curtailment_cost_CNY,0
E0_P0,7,1,load_shedding_cost_CNY,0
E0_P0,7,1,storage_variable_om_CNY,0
E0_P0,7,1,storage_investment_allocated_CNY,0
E0_P0,7,1,storage_fixed_om_CNY,0
E0_P0,7,2,renewable_available_MWh,0
E0_P0,7,2,renewable_used_MWh,0
E0_P0,7,2,curtailment_MWh,0
E0_P0,7,2,total_load_MWh,0
E0_P0,7,2,thermal_generation_MWh,0
E0_P0,7,2,unserved_MWh,0
E0_P0,7,2,discharge_MWh,0
E0_P0,7,2,total_cost_CNY,0
E0_P0,7,2,thermal_cost_CNY,0
E0_P0,7,2,curtailment_cost_CNY,0
E0_P0,7,2,load_shedding_cost_CNY,0
E0_P0,7,2,storage_variable_om_CNY,0
E0_P0,7,2,storage_investment_allocated_CNY,0
E0_P0,7,2,storage_fixed_om_CNY,0
E0_P0,7,3,renewable_available_MWh,0
E0_P0,7,3,renewable_used_MWh,0
E0_P0,7,3,curtailment_MWh,0
E0_P0,7,3,total_load_MWh,0
E0_P0,7,3,thermal_generation_MWh,0
E0_P0,7,3,unserved_MWh,0
E0_P0,7,3,discharge_MWh,0
E0_P0,7,3,total_cost_CNY,0
E0_P0,7,3,thermal_cost_CNY,0
E0_P0,7,3,curtailment_cost_CNY,0
E0_P0,7,3,load_shedding_cost_CNY,0
E0_P0,7,3,storage_variable_om_CNY,0
E0_P0,7,3,storage_investment_allocated_CNY,0
E0_P0,7,3,storage_fixed_om_CNY,0
E0_P0,7,4,renewable_available_MWh,0
E0_P0,7,4,renewable_used_MWh,0
E0_P0,7,4,curtailment_MWh,0
E0_P0,7,4,total_load_MWh,0
E0_P0,7,4,thermal_generation_MWh,0
E0_P0,7,4,unserved_MWh,0
E0_P0,7,4,discharge_MWh,0
E0_P0,7,4,total_cost_CNY,0
E0_P0,7,4,thermal_cost_CNY,0
E0_P0,7,4,curtailment_cost_CNY,0
E0_P0,7,4,load_shedding_cost_CNY,0
E0_P0,7,4,storage_variable_om_CNY,0
E0_P0,7,4,storage_investment_allocated_CNY,0
E0_P0,7,4,storage_fixed_om_CNY,0
E0_P0,7,5,renewable_available_MWh,0
E0_P0,7,5,renewable_used_MWh,0
E0_P0,7,5,curtailment_MWh,0
E0_P0,7,5,total_load_MWh,0
E0_P0,7,5,thermal_generation_MWh,0
E0_P0,7,5,unserved_MWh,0
E0_P0,7,5,discharge_MWh,0
E0_P0,7,5,total_cost_CNY,0
E0_P0,7,5,thermal_cost_CNY,0
E0_P0,7,5,curtailment_cost_CNY,0
E0_P0,7,5,load_shedding_cost_CNY,0
E0_P0,7,5,storage_variable_om_CNY,0
E0_P0,7,5,storage_investment_allocated_CNY,0
E0_P0,7,5,storage_fixed_om_CNY,0
E0_P0,7,6,renewable_available_MWh,0
E0_P0,7,6,renewable_used_MWh,0
E0_P0,7,6,curtailment_MWh,0
E0_P0,7,6,total_load_MWh,0
E0_P0,7,6,thermal_generation_MWh,0
E0_P0,7,6,unserved_MWh,0
E0_P0,7,6,discharge_MWh,0
E0_P0,7,6,total_cost_CNY,0
E0_P0,7,6,thermal_cost_CNY,0
E0_P0,7,6,curtailment_cost_CNY,0
E0_P0,7,6,load_shedding_cost_CNY,0
E0_P0,7,6,storage_variable_om_CNY,0
E0_P0,7,6,storage_investment_allocated_CNY,0
E0_P0,7,6,storage_fixed_om_CNY,0
E0_P0,7,7,renewable_available_MWh,0
E0_P0,7,7,renewable_used_MWh,0
E0_P0,7,7,curtailment_MWh,0
E0_P0,7,7,total_load_MWh,0
E0_P0,7,7,thermal_generation_MWh,0
E0_P0,7,7,unserved_MWh,0
E0_P0,7,7,discharge_MWh,0
E0_P0,7,7,total_cost_CNY,0
E0_P0,7,7,thermal_cost_CNY,0
E0_P0,7,7,curtailment_cost_CNY,0
E0_P0,7,7,load_shedding_cost_CNY,0
E0_P0,7,7,storage_variable_om_CNY,0
E0_P0,7,7,storage_investment_allocated_CNY,0
E0_P0,7,7,storage_fixed_om_CNY,0
E0_P0,7,8,renewable_available_MWh,0
E0_P0,7,8,renewable_used_MWh,0
E0_P0,7,8,curtailment_MWh,0
E0_P0,7,8,total_load_MWh,0
E0_P0,7,8,thermal_generation_MWh,0
E0_P0,7,8,unserved_MWh,0
E0_P0,7,8,discharge_MWh,0
E0_P0,7,8,total_cost_CNY,0
E0_P0,7,8,thermal_cost_CNY,0
E0_P0,7,8,curtailment_cost_CNY,0
E0_P0,7,8,load_shedding_cost_CNY,0
E0_P0,7,8,storage_variable_om_CNY,0
E0_P0,7,8,storage_investment_allocated_CNY,0
E0_P0,7,8,storage_fixed_om_CNY,0
E0_P0,7,9,renewable_available_MWh,0
E0_P0,7,9,renewable_used_MWh,0
E0_P0,7,9,curtailment_MWh,0
E0_P0,7,9,total_load_MWh,0
E0_P0,7,9,thermal_generation_MWh,0
E0_P0,7,9,unserved_MWh,0
E0_P0,7,9,discharge_MWh,0
E0_P0,7,9,total_cost_CNY,0
E0_P0,7,9,thermal_cost_CNY,0
E0_P0,7,9,curtailment_cost_CNY,0
E0_P0,7,9,load_shedding_cost_CNY,0
E0_P0,7,9,storage_variable_om_CNY,0
E0_P0,7,9,storage_investment_allocated_CNY,0
E0_P0,7,9,storage_fixed_om_CNY,0
E0_P0,7,10,renewable_available_MWh,0
E0_P0,7,10,renewable_used_MWh,0
E0_P0,7,10,curtailment_MWh,0
E0_P0,7,10,total_load_MWh,0
E0_P0,7,10,thermal_generation_MWh,0
E0_P0,7,10,unserved_MWh,0
E0_P0,7,10,discharge_MWh,0
E0_P0,7,10,total_cost_CNY,0
E0_P0,7,10,thermal_cost_CNY,0
E0_P0,7,10,curtailment_cost_CNY,0
E0_P0,7,10,load_shedding_cost_CNY,0
E0_P0,7,10,storage_variable_om_CNY,0
E0_P0,7,10,storage_investment_allocated_CNY,0
E0_P0,7,10,storage_fixed_om_CNY,0
E0_P0,7,11,renewable_available_MWh,0
E0_P0,7,11,renewable_used_MWh,0
E0_P0,7,11,curtailment_MWh,0
E0_P0,7,11,total_load_MWh,0
E0_P0,7,11,thermal_generation_MWh,0
E0_P0,7,11,unserved_MWh,0
E0_P0,7,11,discharge_MWh,0
E0_P0,7,11,total_cost_CNY,0
E0_P0,7,11,thermal_cost_CNY,0
E0_P0,7,11,curtailment_cost_CNY,0
E0_P0,7,11,load_shedding_cost_CNY,0
E0_P0,7,11,storage_variable_om_CNY,0
E0_P0,7,11,storage_investment_allocated_CNY,0
E0_P0,7,11,storage_fixed_om_CNY,0
E0_P0,7,12,renewable_available_MWh,0
E0_P0,7,12,renewable_used_MWh,0
E0_P0,7,12,curtailment_MWh,0
E0_P0,7,12,total_load_MWh,0
E0_P0,7,12,thermal_generation_MWh,0
E0_P0,7,12,unserved_MWh,0
E0_P0,7,12,discharge_MWh,0
E0_P0,7,12,total_cost_CNY,0
E0_P0,7,12,thermal_cost_CNY,0
E0_P0,7,12,curtailment_cost_CNY,0
E0_P0,7,12,load_shedding_cost_CNY,0
E0_P0,7,12,storage_variable_om_CNY,0
E0_P0,7,12,storage_investment_allocated_CNY,0
E0_P0,7,12,storage_fixed_om_CNY,0
E0_P0,7,13,renewable_available_MWh,0
E0_P0,7,13,renewable_used_MWh,0
E0_P0,7,13,curtailment_MWh,0
E0_P0,7,13,total_load_MWh,0
E0_P0,7,13,thermal_generation_MWh,0
E0_P0,7,13,unserved_MWh,0
E0_P0,7,13,discharge_MWh,0
E0_P0,7,13,total_cost_CNY,0
E0_P0,7,13,thermal_cost_CNY,0
E0_P0,7,13,curtailment_cost_CNY,0
E0_P0,7,13,load_shedding_cost_CNY,0
E0_P0,7,13,storage_variable_om_CNY,0
E0_P0,7,13,storage_investment_allocated_CNY,0
E0_P0,7,13,storage_fixed_om_CNY,0
E0_P0,7,14,renewable_available_MWh,0
E0_P0,7,14,renewable_used_MWh,0
E0_P0,7,14,curtailment_MWh,0
E0_P0,7,14,total_load_MWh,0
E0_P0,7,14,thermal_generation_MWh,0
E0_P0,7,14,unserved_MWh,0
E0_P0,7,14,discharge_MWh,0
E0_P0,7,14,total_cost_CNY,0
E0_P0,7,14,thermal_cost_CNY,0
E0_P0,7,14,curtailment_cost_CNY,0
E0_P0,7,14,load_shedding_cost_CNY,0
E0_P0,7,14,storage_variable_om_CNY,0
E0_P0,7,14,storage_investment_allocated_CNY,0
E0_P0,7,14,storage_fixed_om_CNY,0
E0_P0,7,15,renewable_available_MWh,0
E0_P0,7,15,renewable_used_MWh,0
E0_P0,7,15,curtailment_MWh,0
E0_P0,7,15,total_load_MWh,0
E0_P0,7,15,thermal_generation_MWh,0
E0_P0,7,15,unserved_MWh,0
E0_P0,7,15,discharge_MWh,0
E0_P0,7,15,total_cost_CNY,0
E0_P0,7,15,thermal_cost_CNY,0
E0_P0,7,15,curtailment_cost_CNY,0
E0_P0,7,15,load_shedding_cost_CNY,0
E0_P0,7,15,storage_variable_om_CNY,0
E0_P0,7,15,storage_investment_allocated_CNY,0
E0_P0,7,15,storage_fixed_om_CNY,0
E0_P0,7,16,renewable_available_MWh,0
E0_P0,7,16,renewable_used_MWh,0
E0_P0,7,16,curtailment_MWh,0
E0_P0,7,16,total_load_MWh,0
E0_P0,7,16,thermal_generation_MWh,0
E0_P0,7,16,unserved_MWh,0
E0_P0,7,16,discharge_MWh,0
E0_P0,7,16,total_cost_CNY,0
E0_P0,7,16,thermal_cost_CNY,0
E0_P0,7,16,curtailment_cost_CNY,0
E0_P0,7,16,load_shedding_cost_CNY,0
E0_P0,7,16,storage_variable_om_CNY,0
E0_P0,7,16,storage_investment_allocated_CNY,0
E0_P0,7,16,storage_fixed_om_CNY,0
E0_P0,7,17,renewable_available_MWh,0
E0_P0,7,17,renewable_used_MWh,0
E0_P0,7,17,curtailment_MWh,0
E0_P0,7,17,total_load_MWh,0
E0_P0,7,17,thermal_generation_MWh,0
E0_P0,7,17,unserved_MWh,0
E0_P0,7,17,discharge_MWh,0
E0_P0,7,17,total_cost_CNY,0
E0_P0,7,17,thermal_cost_CNY,0
E0_P0,7,17,curtailment_cost_CNY,0
E0_P0,7,17,load_shedding_cost_CNY,0
E0_P0,7,17,storage_variable_om_CNY,0
E0_P0,7,17,storage_investment_allocated_CNY,0
E0_P0,7,17,storage_fixed_om_CNY,0
E0_P0,7,18,renewable_available_MWh,0
E0_P0,7,18,renewable_used_MWh,0
E0_P0,7,18,curtailment_MWh,0
E0_P0,7,18,total_load_MWh,0
E0_P0,7,18,thermal_generation_MWh,0
E0_P0,7,18,unserved_MWh,0
E0_P0,7,18,discharge_MWh,0
E0_P0,7,18,total_cost_CNY,0
E0_P0,7,18,thermal_cost_CNY,0
E0_P0,7,18,curtailment_cost_CNY,0
E0_P0,7,18,load_shedding_cost_CNY,0
E0_P0,7,18,storage_variable_om_CNY,0
E0_P0,7,18,storage_investment_allocated_CNY,0
E0_P0,7,18,storage_fixed_om_CNY,0
E0_P0,7,19,renewable_available_MWh,0
E0_P0,7,19,renewable_used_MWh,0
E0_P0,7,19,curtailment_MWh,0
E0_P0,7,19,total_load_MWh,0
E0_P0,7,19,thermal_generation_MWh,0
E0_P0,7,19,unserved_MWh,0
E0_P0,7,19,discharge_MWh,0
E0_P0,7,19,total_cost_CNY,0
E0_P0,7,19,thermal_cost_CNY,0
E0_P0,7,19,curtailment_cost_CNY,0
E0_P0,7,19,load_shedding_cost_CNY,0
E0_P0,7,19,storage_variable_om_CNY,0
E0_P0,7,19,storage_investment_allocated_CNY,0
E0_P0,7,19,storage_fixed_om_CNY,0
E0_P0,7,20,renewable_available_MWh,0
E0_P0,7,20,renewable_used_MWh,0
E0_P0,7,20,curtailment_MWh,0
E0_P0,7,20,total_load_MWh,0
E0_P0,7,20,thermal_generation_MWh,0
E0_P0,7,20,unserved_MWh,0
E0_P0,7,20,discharge_MWh,0
E0_P0,7,20,total_cost_CNY,0
E0_P0,7,20,thermal_cost_CNY,0
E0_P0,7,20,curtailment_cost_CNY,0
E0_P0,7,20,load_shedding_cost_CNY,0
E0_P0,7,20,storage_variable_om_CNY,0
E0_P0,7,20,storage_investment_allocated_CNY,0
E0_P0,7,20,storage_fixed_om_CNY,0
E0_P0,7,21,renewable_available_MWh,0
E0_P0,7,21,renewable_used_MWh,0
E0_P0,7,21,curtailment_MWh,0
E0_P0,7,21,total_load_MWh,0
E0_P0,7,21,thermal_generation_MWh,0
E0_P0,7,21,unserved_MWh,0
E0_P0,7,21,discharge_MWh,0
E0_P0,7,21,total_cost_CNY,0
E0_P0,7,21,thermal_cost_CNY,0
E0_P0,7,21,curtailment_cost_CNY,0
E0_P0,7,21,load_shedding_cost_CNY,0
E0_P0,7,21,storage_variable_om_CNY,0
E0_P0,7,21,storage_investment_allocated_CNY,0
E0_P0,7,21,storage_fixed_om_CNY,0
E0_P0,7,22,renewable_available_MWh,0
E0_P0,7,22,renewable_used_MWh,0
E0_P0,7,22,curtailment_MWh,0
E0_P0,7,22,total_load_MWh,0
E0_P0,7,22,thermal_generation_MWh,0
E0_P0,7,22,unserved_MWh,0
E0_P0,7,22,discharge_MWh,0
E0_P0,7,22,total_cost_CNY,0
E0_P0,7,22,thermal_cost_CNY,0
E0_P0,7,22,curtailment_cost_CNY,0
E0_P0,7,22,load_shedding_cost_CNY,0
E0_P0,7,22,storage_variable_om_CNY,0
E0_P0,7,22,storage_investment_allocated_CNY,0
E0_P0,7,22,storage_fixed_om_CNY,0
E0_P0,7,23,renewable_available_MWh,0
E0_P0,7,23,renewable_used_MWh,0
E0_P0,7,23,curtailment_MWh,0
E0_P0,7,23,total_load_MWh,0
E0_P0,7,23,thermal_generation_MWh,0
E0_P0,7,23,unserved_MWh,0
E0_P0,7,23,discharge_MWh,0
E0_P0,7,23,total_cost_CNY,0
E0_P0,7,23,thermal_cost_CNY,0
E0_P0,7,23,curtailment_cost_CNY,0
E0_P0,7,23,load_shedding_cost_CNY,0
E0_P0,7,23,storage_variable_om_CNY,0
E0_P0,7,23,storage_investment_allocated_CNY,0
E0_P0,7,23,storage_fixed_om_CNY,0
E0_P0,7,24,renewable_available_MWh,0
E0_P0,7,24,renewable_used_MWh,0
E0_P0,7,24,curtailment_MWh,0
E0_P0,7,24,total_load_MWh,0
E0_P0,7,24,thermal_generation_MWh,0
E0_P0,7,24,unserved_MWh,0
E0_P0,7,24,discharge_MWh,0
E0_P0,7,24,total_cost_CNY,0
E0_P0,7,24,thermal_cost_CNY,0
E0_P0,7,24,curtailment_cost_CNY,0
E0_P0,7,24,load_shedding_cost_CNY,0
E0_P0,7,24,storage_variable_om_CNY,0
E0_P0,7,24,storage_investment_allocated_CNY,0
E0_P0,7,24,storage_fixed_om_CNY,0
E0_P0,7,25,renewable_available_MWh,0
E0_P0,7,25,renewable_used_MWh,0
E0_P0,7,25,curtailment_MWh,0
E0_P0,7,25,total_load_MWh,0
E0_P0,7,25,thermal_generation_MWh,0
E0_P0,7,25,unserved_MWh,0
E0_P0,7,25,discharge_MWh,0
E0_P0,7,25,total_cost_CNY,0
E0_P0,7,25,thermal_cost_CNY,0
E0_P0,7,25,curtailment_cost_CNY,0
E0_P0,7,25,load_shedding_cost_CNY,0
E0_P0,7,25,storage_variable_om_CNY,0
E0_P0,7,25,storage_investment_allocated_CNY,0
E0_P0,7,25,storage_fixed_om_CNY,0
E0_P0,7,26,renewable_available_MWh,0
E0_P0,7,26,renewable_used_MWh,0
E0_P0,7,26,curtailment_MWh,0
E0_P0,7,26,total_load_MWh,0
E0_P0,7,26,thermal_generation_MWh,0
E0_P0,7,26,unserved_MWh,0
E0_P0,7,26,discharge_MWh,0
E0_P0,7,26,total_cost_CNY,0
E0_P0,7,26,thermal_cost_CNY,0
E0_P0,7,26,curtailment_cost_CNY,0
E0_P0,7,26,load_shedding_cost_CNY,0
E0_P0,7,26,storage_variable_om_CNY,0
E0_P0,7,26,storage_investment_allocated_CNY,0
E0_P0,7,26,storage_fixed_om_CNY,0
E0_P0,7,27,renewable_available_MWh,0
E0_P0,7,27,renewable_used_MWh,0
E0_P0,7,27,curtailment_MWh,0
E0_P0,7,27,total_load_MWh,0
E0_P0,7,27,thermal_generation_MWh,0
E0_P0,7,27,unserved_MWh,0
E0_P0,7,27,discharge_MWh,0
E0_P0,7,27,total_cost_CNY,0
E0_P0,7,27,thermal_cost_CNY,0
E0_P0,7,27,curtailment_cost_CNY,0
E0_P0,7,27,load_shedding_cost_CNY,0
E0_P0,7,27,storage_variable_om_CNY,0
E0_P0,7,27,storage_investment_allocated_CNY,0
E0_P0,7,27,storage_fixed_om_CNY,0
E0_P0,7,28,renewable_available_MWh,0
E0_P0,7,28,renewable_used_MWh,0
E0_P0,7,28,curtailment_MWh,0
E0_P0,7,28,total_load_MWh,0
E0_P0,7,28,thermal_generation_MWh,0
E0_P0,7,28,unserved_MWh,0
E0_P0,7,28,discharge_MWh,0
E0_P0,7,28,total_cost_CNY,0
E0_P0,7,28,thermal_cost_CNY,0
E0_P0,7,28,curtailment_cost_CNY,0
E0_P0,7,28,load_shedding_cost_CNY,0
E0_P0,7,28,storage_variable_om_CNY,0
E0_P0,7,28,storage_investment_allocated_CNY,0
E0_P0,7,28,storage_fixed_om_CNY,0
E0_P0,7,29,renewable_available_MWh,0
E0_P0,7,29,renewable_used_MWh,0
E0_P0,7,29,curtailment_MWh,0
E0_P0,7,29,total_load_MWh,0
E0_P0,7,29,thermal_generation_MWh,0
E0_P0,7,29,unserved_MWh,0
E0_P0,7,29,discharge_MWh,0
E0_P0,7,29,total_cost_CNY,0
E0_P0,7,29,thermal_cost_CNY,0
E0_P0,7,29,curtailment_cost_CNY,0
E0_P0,7,29,load_shedding_cost_CNY,0
E0_P0,7,29,storage_variable_om_CNY,0
E0_P0,7,29,storage_investment_allocated_CNY,0
E0_P0,7,29,storage_fixed_om_CNY,0
E0_P0,7,30,renewable_available_MWh,0
E0_P0,7,30,renewable_used_MWh,0
E0_P0,7,30,curtailment_MWh,0
E0_P0,7,30,total_load_MWh,0
E0_P0,7,30,thermal_generation_MWh,0
E0_P0,7,30,unserved_MWh,0
E0_P0,7,30,discharge_MWh,0
E0_P0,7,30,total_cost_CNY,0
E0_P0,7,30,thermal_cost_CNY,0
E0_P0,7,30,curtailment_cost_CNY,0
E0_P0,7,30,load_shedding_cost_CNY,0
E0_P0,7,30,storage_variable_om_CNY,0
E0_P0,7,30,storage_investment_allocated_CNY,0
E0_P0,7,30,storage_fixed_om_CNY,0
E0_P0,7,31,renewable_available_MWh,0
E0_P0,7,31,renewable_used_MWh,0
E0_P0,7,31,curtailment_MWh,0
E0_P0,7,31,total_load_MWh,0
E0_P0,7,31,thermal_generation_MWh,0
E0_P0,7,31,unserved_MWh,0
E0_P0,7,31,discharge_MWh,0
E0_P0,7,31,total_cost_CNY,0
E0_P0,7,31,thermal_cost_CNY,0
E0_P0,7,31,curtailment_cost_CNY,0
E0_P0,7,31,load_shedding_cost_CNY,0
E0_P0,7,31,storage_variable_om_CNY,0
E0_P0,7,31,storage_investment_allocated_CNY,0
E0_P0,7,31,storage_fixed_om_CNY,0
E0_P0,7,32,renewable_available_MWh,0
E0_P0,7,32,renewable_used_MWh,0
E0_P0,7,32,curtailment_MWh,0
E0_P0,7,32,total_load_MWh,0
E0_P0,7,32,thermal_generation_MWh,0
E0_P0,7,32,unserved_MWh,0
E0_P0,7,32,discharge_MWh,0
E0_P0,7,32,total_cost_CNY,0
E0_P0,7,32,thermal_cost_CNY,0
E0_P0,7,32,curtailment_cost_CNY,0
E0_P0,7,32,load_shedding_cost_CNY,0
E0_P0,7,32,storage_variable_om_CNY,0
E0_P0,7,32,storage_investment_allocated_CNY,0
E0_P0,7,32,storage_fixed_om_CNY,0
E0_P0,7,33,renewable_available_MWh,0
E0_P0,7,33,renewable_used_MWh,0
E0_P0,7,33,curtailment_MWh,0
E0_P0,7,33,total_load_MWh,0
E0_P0,7,33,thermal_generation_MWh,0
E0_P0,7,33,unserved_MWh,0
E0_P0,7,33,discharge_MWh,0
E0_P0,7,33,total_cost_CNY,0
E0_P0,7,33,thermal_cost_CNY,0
E0_P0,7,33,curtailment_cost_CNY,0
E0_P0,7,33,load_shedding_cost_CNY,0
E0_P0,7,33,storage_variable_om_CNY,0
E0_P0,7,33,storage_investment_allocated_CNY,0
E0_P0,7,33,storage_fixed_om_CNY,0
E0_P0,7,34,renewable_available_MWh,0
E0_P0,7,34,renewable_used_MWh,0
E0_P0,7,34,curtailment_MWh,0
E0_P0,7,34,total_load_MWh,0
E0_P0,7,34,thermal_generation_MWh,0
E0_P0,7,34,unserved_MWh,0
E0_P0,7,34,discharge_MWh,0
E0_P0,7,34,total_cost_CNY,0
E0_P0,7,34,thermal_cost_CNY,0
E0_P0,7,34,curtailment_cost_CNY,0
E0_P0,7,34,load_shedding_cost_CNY,0
E0_P0,7,34,storage_variable_om_CNY,0
E0_P0,7,34,storage_investment_allocated_CNY,0
E0_P0,7,34,storage_fixed_om_CNY,0
E0_P0,7,35,renewable_available_MWh,0
E0_P0,7,35,renewable_used_MWh,0
E0_P0,7,35,curtailment_MWh,0
E0_P0,7,35,total_load_MWh,0
E0_P0,7,35,thermal_generation_MWh,0
E0_P0,7,35,unserved_MWh,0
E0_P0,7,35,discharge_MWh,0
E0_P0,7,35,total_cost_CNY,0
E0_P0,7,35,thermal_cost_CNY,0
E0_P0,7,35,curtailment_cost_CNY,0
E0_P0,7,35,load_shedding_cost_CNY,0
E0_P0,7,35,storage_variable_om_CNY,0
E0_P0,7,35,storage_investment_allocated_CNY,0
E0_P0,7,35,storage_fixed_om_CNY,0
E0_P0,7,36,renewable_available_MWh,0
E0_P0,7,36,renewable_used_MWh,0
E0_P0,7,36,curtailment_MWh,0
E0_P0,7,36,total_load_MWh,0
E0_P0,7,36,thermal_generation_MWh,0
E0_P0,7,36,unserved_MWh,0
E0_P0,7,36,discharge_MWh,0
E0_P0,7,36,total_cost_CNY,0
E0_P0,7,36,thermal_cost_CNY,0
E0_P0,7,36,curtailment_cost_CNY,0
E0_P0,7,36,load_shedding_cost_CNY,0
E0_P0,7,36,storage_variable_om_CNY,0
E0_P0,7,36,storage_investment_allocated_CNY,0
E0_P0,7,36,storage_fixed_om_CNY,0
E0_P0,7,37,renewable_available_MWh,0
E0_P0,7,37,renewable_used_MWh,0
E0_P0,7,37,curtailment_MWh,0
E0_P0,7,37,total_load_MWh,0
E0_P0,7,37,thermal_generation_MWh,0
E0_P0,7,37,unserved_MWh,0
E0_P0,7,37,discharge_MWh,0
E0_P0,7,37,total_cost_CNY,0
E0_P0,7,37,thermal_cost_CNY,0
E0_P0,7,37,curtailment_cost_CNY,0
E0_P0,7,37,load_shedding_cost_CNY,0
E0_P0,7,37,storage_variable_om_CNY,0
E0_P0,7,37,storage_investment_allocated_CNY,0
E0_P0,7,37,storage_fixed_om_CNY,0
E0_P0,7,38,renewable_available_MWh,0
E0_P0,7,38,renewable_used_MWh,0
E0_P0,7,38,curtailment_MWh,0
E0_P0,7,38,total_load_MWh,0
E0_P0,7,38,thermal_generation_MWh,0
E0_P0,7,38,unserved_MWh,0
E0_P0,7,38,discharge_MWh,0
E0_P0,7,38,total_cost_CNY,0
E0_P0,7,38,thermal_cost_CNY,0
E0_P0,7,38,curtailment_cost_CNY,0
E0_P0,7,38,load_shedding_cost_CNY,0
E0_P0,7,38,storage_variable_om_CNY,0
E0_P0,7,38,storage_investment_allocated_CNY,0
E0_P0,7,38,storage_fixed_om_CNY,0
E0_P0,7,39,renewable_available_MWh,0
E0_P0,7,39,renewable_used_MWh,0
E0_P0,7,39,curtailment_MWh,0
E0_P0,7,39,total_load_MWh,0
E0_P0,7,39,thermal_generation_MWh,0
E0_P0,7,39,unserved_MWh,0
E0_P0,7,39,discharge_MWh,0
E0_P0,7,39,total_cost_CNY,0
E0_P0,7,39,thermal_cost_CNY,0
E0_P0,7,39,curtailment_cost_CNY,0
E0_P0,7,39,load_shedding_cost_CNY,0
E0_P0,7,39,storage_variable_om_CNY,0
E0_P0,7,39,storage_investment_allocated_CNY,0
E0_P0,7,39,storage_fixed_om_CNY,0
E0_P0,7,40,renewable_available_MWh,0
E0_P0,7,40,renewable_used_MWh,0
E0_P0,7,40,curtailment_MWh,0
E0_P0,7,40,total_load_MWh,0
E0_P0,7,40,thermal_generation_MWh,0
E0_P0,7,40,unserved_MWh,0
E0_P0,7,40,discharge_MWh,0
E0_P0,7,40,total_cost_CNY,0
E0_P0,7,40,thermal_cost_CNY,0
E0_P0,7,40,curtailment_cost_CNY,0
E0_P0,7,40,load_shedding_cost_CNY,0
E0_P0,7,40,storage_variable_om_CNY,0
E0_P0,7,40,storage_investment_allocated_CNY,0
E0_P0,7,40,storage_fixed_om_CNY,0
E0_P0,7,41,renewable_available_MWh,0
E0_P0,7,41,renewable_used_MWh,0
E0_P0,7,41,curtailment_MWh,0
E0_P0,7,41,total_load_MWh,0
E0_P0,7,41,thermal_generation_MWh,0
E0_P0,7,41,unserved_MWh,0
E0_P0,7,41,discharge_MWh,0
E0_P0,7,41,total_cost_CNY,0
E0_P0,7,41,thermal_cost_CNY,0
E0_P0,7,41,curtailment_cost_CNY,0
E0_P0,7,41,load_shedding_cost_CNY,0
E0_P0,7,41,storage_variable_om_CNY,0
E0_P0,7,41,storage_investment_allocated_CNY,0
E0_P0,7,41,storage_fixed_om_CNY,0
E0_P0,7,42,renewable_available_MWh,0
E0_P0,7,42,renewable_used_MWh,0
E0_P0,7,42,curtailment_MWh,0
E0_P0,7,42,total_load_MWh,0
E0_P0,7,42,thermal_generation_MWh,0
E0_P0,7,42,unserved_MWh,0
E0_P0,7,42,discharge_MWh,0
E0_P0,7,42,total_cost_CNY,0
E0_P0,7,42,thermal_cost_CNY,0
E0_P0,7,42,curtailment_cost_CNY,0
E0_P0,7,42,load_shedding_cost_CNY,0
E0_P0,7,42,storage_variable_om_CNY,0
E0_P0,7,42,storage_investment_allocated_CNY,0
E0_P0,7,42,storage_fixed_om_CNY,0
E0_P0,7,43,renewable_available_MWh,0
E0_P0,7,43,renewable_used_MWh,0
E0_P0,7,43,curtailment_MWh,0
E0_P0,7,43,total_load_MWh,0
E0_P0,7,43,thermal_generation_MWh,0
E0_P0,7,43,unserved_MWh,0
E0_P0,7,43,discharge_MWh,0
E0_P0,7,43,total_cost_CNY,0
E0_P0,7,43,thermal_cost_CNY,0
E0_P0,7,43,curtailment_cost_CNY,0
E0_P0,7,43,load_shedding_cost_CNY,0
E0_P0,7,43,storage_variable_om_CNY,0
E0_P0,7,43,storage_investment_allocated_CNY,0
E0_P0,7,43,storage_fixed_om_CNY,0
E0_P0,7,44,renewable_available_MWh,0
E0_P0,7,44,renewable_used_MWh,0
E0_P0,7,44,curtailment_MWh,0
E0_P0,7,44,total_load_MWh,0
E0_P0,7,44,thermal_generation_MWh,0
E0_P0,7,44,unserved_MWh,0
E0_P0,7,44,discharge_MWh,0
E0_P0,7,44,total_cost_CNY,0
E0_P0,7,44,thermal_cost_CNY,0
E0_P0,7,44,curtailment_cost_CNY,0
E0_P0,7,44,load_shedding_cost_CNY,0
E0_P0,7,44,storage_variable_om_CNY,0
E0_P0,7,44,storage_investment_allocated_CNY,0
E0_P0,7,44,storage_fixed_om_CNY,0
E0_P0,7,45,renewable_available_MWh,0
E0_P0,7,45,renewable_used_MWh,0
E0_P0,7,45,curtailment_MWh,0
E0_P0,7,45,total_load_MWh,0
E0_P0,7,45,thermal_generation_MWh,0
E0_P0,7,45,unserved_MWh,0
E0_P0,7,45,discharge_MWh,0
E0_P0,7,45,total_cost_CNY,0
E0_P0,7,45,thermal_cost_CNY,0
E0_P0,7,45,curtailment_cost_CNY,0
E0_P0,7,45,load_shedding_cost_CNY,0
E0_P0,7,45,storage_variable_om_CNY,0
E0_P0,7,45,storage_investment_allocated_CNY,0
E0_P0,7,45,storage_fixed_om_CNY,0
E0_P0,7,46,renewable_available_MWh,0
E0_P0,7,46,renewable_used_MWh,0
E0_P0,7,46,curtailment_MWh,0
E0_P0,7,46,total_load_MWh,0
E0_P0,7,46,thermal_generation_MWh,0
E0_P0,7,46,unserved_MWh,0
E0_P0,7,46,discharge_MWh,0
E0_P0,7,46,total_cost_CNY,0
E0_P0,7,46,thermal_cost_CNY,0
E0_P0,7,46,curtailment_cost_CNY,0
E0_P0,7,46,load_shedding_cost_CNY,0
E0_P0,7,46,storage_variable_om_CNY,0
E0_P0,7,46,storage_investment_allocated_CNY,0
E0_P0,7,46,storage_fixed_om_CNY,0
E0_P0,7,47,renewable_available_MWh,0
E0_P0,7,47,renewable_used_MWh,0
E0_P0,7,47,curtailment_MWh,0
E0_P0,7,47,total_load_MWh,0
E0_P0,7,47,thermal_generation_MWh,0
E0_P0,7,47,unserved_MWh,0
E0_P0,7,47,discharge_MWh,0
E0_P0,7,47,total_cost_CNY,0
E0_P0,7,47,thermal_cost_CNY,0
E0_P0,7,47,curtailment_cost_CNY,0
E0_P0,7,47,load_shedding_cost_CNY,0
E0_P0,7,47,storage_variable_om_CNY,0
E0_P0,7,47,storage_investment_allocated_CNY,0
E0_P0,7,47,storage_fixed_om_CNY,0
E0_P0,2026,0,renewable_available_MWh,0
E0_P0,2026,0,renewable_used_MWh,0
E0_P0,2026,0,curtailment_MWh,0
E0_P0,2026,0,total_load_MWh,0
E0_P0,2026,0,thermal_generation_MWh,0
E0_P0,2026,0,unserved_MWh,0
E0_P0,2026,0,discharge_MWh,0
E0_P0,2026,0,total_cost_CNY,0
E0_P0,2026,0,thermal_cost_CNY,0
E0_P0,2026,0,curtailment_cost_CNY,0
E0_P0,2026,0,load_shedding_cost_CNY,0
E0_P0,2026,0,storage_variable_om_CNY,0
E0_P0,2026,0,storage_investment_allocated_CNY,0
E0_P0,2026,0,storage_fixed_om_CNY,0
E0_P0,2026,1,renewable_available_MWh,0
E0_P0,2026,1,renewable_used_MWh,0
E0_P0,2026,1,curtailment_MWh,0
E0_P0,2026,1,total_load_MWh,0
E0_P0,2026,1,thermal_generation_MWh,0
E0_P0,2026,1,unserved_MWh,0
E0_P0,2026,1,discharge_MWh,0
E0_P0,2026,1,total_cost_CNY,0
E0_P0,2026,1,thermal_cost_CNY,0
E0_P0,2026,1,curtailment_cost_CNY,0
E0_P0,2026,1,load_shedding_cost_CNY,0
E0_P0,2026,1,storage_variable_om_CNY,0
E0_P0,2026,1,storage_investment_allocated_CNY,0
E0_P0,2026,1,storage_fixed_om_CNY,0
E0_P0,2026,2,renewable_available_MWh,0
E0_P0,2026,2,renewable_used_MWh,0
E0_P0,2026,2,curtailment_MWh,0
E0_P0,2026,2,total_load_MWh,0
E0_P0,2026,2,thermal_generation_MWh,0
E0_P0,2026,2,unserved_MWh,0
E0_P0,2026,2,discharge_MWh,0
E0_P0,2026,2,total_cost_CNY,0
E0_P0,2026,2,thermal_cost_CNY,0
E0_P0,2026,2,curtailment_cost_CNY,0
E0_P0,2026,2,load_shedding_cost_CNY,0
E0_P0,2026,2,storage_variable_om_CNY,0
E0_P0,2026,2,storage_investment_allocated_CNY,0
E0_P0,2026,2,storage_fixed_om_CNY,0
E0_P0,2026,3,renewable_available_MWh,0
E0_P0,2026,3,renewable_used_MWh,0
E0_P0,2026,3,curtailment_MWh,0
E0_P0,2026,3,total_load_MWh,0
E0_P0,2026,3,thermal_generation_MWh,0
E0_P0,2026,3,unserved_MWh,0
E0_P0,2026,3,discharge_MWh,0
E0_P0,2026,3,total_cost_CNY,0
E0_P0,2026,3,thermal_cost_CNY,0
E0_P0,2026,3,curtailment_cost_CNY,0
E0_P0,2026,3,load_shedding_cost_CNY,0
E0_P0,2026,3,storage_variable_om_CNY,0
E0_P0,2026,3,storage_investment_allocated_CNY,0
E0_P0,2026,3,storage_fixed_om_CNY,0
E0_P0,2026,4,renewable_available_MWh,0
E0_P0,2026,4,renewable_used_MWh,0
E0_P0,2026,4,curtailment_MWh,0
E0_P0,2026,4,total_load_MWh,0
E0_P0,2026,4,thermal_generation_MWh,0
E0_P0,2026,4,unserved_MWh,0
E0_P0,2026,4,discharge_MWh,0
E0_P0,2026,4,total_cost_CNY,0
E0_P0,2026,4,thermal_cost_CNY,0
E0_P0,2026,4,curtailment_cost_CNY,0
E0_P0,2026,4,load_shedding_cost_CNY,0
E0_P0,2026,4,storage_variable_om_CNY,0
E0_P0,2026,4,storage_investment_allocated_CNY,0
E0_P0,2026,4,storage_fixed_om_CNY,0
E0_P0,2026,5,renewable_available_MWh,0
E0_P0,2026,5,renewable_used_MWh,0
E0_P0,2026,5,curtailment_MWh,0
E0_P0,2026,5,total_load_MWh,0
E0_P0,2026,5,thermal_generation_MWh,0
E0_P0,2026,5,unserved_MWh,0
E0_P0,2026,5,discharge_MWh,0
E0_P0,2026,5,total_cost_CNY,0
E0_P0,2026,5,thermal_cost_CNY,0
E0_P0,2026,5,curtailment_cost_CNY,0
E0_P0,2026,5,load_shedding_cost_CNY,0
E0_P0,2026,5,storage_variable_om_CNY,0
E0_P0,2026,5,storage_investment_allocated_CNY,0
E0_P0,2026,5,storage_fixed_om_CNY,0
E0_P0,2026,6,renewable_available_MWh,0
E0_P0,2026,6,renewable_used_MWh,0
E0_P0,2026,6,curtailment_MWh,0
E0_P0,2026,6,total_load_MWh,0
E0_P0,2026,6,thermal_generation_MWh,0
E0_P0,2026,6,unserved_MWh,0
E0_P0,2026,6,discharge_MWh,0
E0_P0,2026,6,total_cost_CNY,0
E0_P0,2026,6,thermal_cost_CNY,0
E0_P0,2026,6,curtailment_cost_CNY,0
E0_P0,2026,6,load_shedding_cost_CNY,0
E0_P0,2026,6,storage_variable_om_CNY,0
E0_P0,2026,6,storage_investment_allocated_CNY,0
E0_P0,2026,6,storage_fixed_om_CNY,0
E0_P0,2026,7,renewable_available_MWh,0
E0_P0,2026,7,renewable_used_MWh,0
E0_P0,2026,7,curtailment_MWh,0
E0_P0,2026,7,total_load_MWh,0
E0_P0,2026,7,thermal_generation_MWh,0
E0_P0,2026,7,unserved_MWh,0
E0_P0,2026,7,discharge_MWh,0
E0_P0,2026,7,total_cost_CNY,0
E0_P0,2026,7,thermal_cost_CNY,0
E0_P0,2026,7,curtailment_cost_CNY,0
E0_P0,2026,7,load_shedding_cost_CNY,0
E0_P0,2026,7,storage_variable_om_CNY,0
E0_P0,2026,7,storage_investment_allocated_CNY,0
E0_P0,2026,7,storage_fixed_om_CNY,0
E0_P0,2026,8,renewable_available_MWh,0
E0_P0,2026,8,renewable_used_MWh,0
E0_P0,2026,8,curtailment_MWh,0
E0_P0,2026,8,total_load_MWh,0
E0_P0,2026,8,thermal_generation_MWh,0
E0_P0,2026,8,unserved_MWh,0
E0_P0,2026,8,discharge_MWh,0
E0_P0,2026,8,total_cost_CNY,0
E0_P0,2026,8,thermal_cost_CNY,0
E0_P0,2026,8,curtailment_cost_CNY,0
E0_P0,2026,8,load_shedding_cost_CNY,0
E0_P0,2026,8,storage_variable_om_CNY,0
E0_P0,2026,8,storage_investment_allocated_CNY,0
E0_P0,2026,8,storage_fixed_om_CNY,0
E0_P0,2026,9,renewable_available_MWh,0
E0_P0,2026,9,renewable_used_MWh,0
E0_P0,2026,9,curtailment_MWh,0
E0_P0,2026,9,total_load_MWh,0
E0_P0,2026,9,thermal_generation_MWh,0
E0_P0,2026,9,unserved_MWh,0
E0_P0,2026,9,discharge_MWh,0
E0_P0,2026,9,total_cost_CNY,0
E0_P0,2026,9,thermal_cost_CNY,0
E0_P0,2026,9,curtailment_cost_CNY,0
E0_P0,2026,9,load_shedding_cost_CNY,0
E0_P0,2026,9,storage_variable_om_CNY,0
E0_P0,2026,9,storage_investment_allocated_CNY,0
E0_P0,2026,9,storage_fixed_om_CNY,0
E0_P0,2026,10,renewable_available_MWh,0
E0_P0,2026,10,renewable_used_MWh,0
E0_P0,2026,10,curtailment_MWh,0
E0_P0,2026,10,total_load_MWh,0
E0_P0,2026,10,thermal_generation_MWh,0
E0_P0,2026,10,unserved_MWh,0
E0_P0,2026,10,discharge_MWh,0
E0_P0,2026,10,total_cost_CNY,0
E0_P0,2026,10,thermal_cost_CNY,0
E0_P0,2026,10,curtailment_cost_CNY,0
E0_P0,2026,10,load_shedding_cost_CNY,0
E0_P0,2026,10,storage_variable_om_CNY,0
E0_P0,2026,10,storage_investment_allocated_CNY,0
E0_P0,2026,10,storage_fixed_om_CNY,0
E0_P0,2026,11,renewable_available_MWh,0
E0_P0,2026,11,renewable_used_MWh,0
E0_P0,2026,11,curtailment_MWh,0
E0_P0,2026,11,total_load_MWh,0
E0_P0,2026,11,thermal_generation_MWh,0
E0_P0,2026,11,unserved_MWh,0
E0_P0,2026,11,discharge_MWh,0
E0_P0,2026,11,total_cost_CNY,0
E0_P0,2026,11,thermal_cost_CNY,0
E0_P0,2026,11,curtailment_cost_CNY,0
E0_P0,2026,11,load_shedding_cost_CNY,0
E0_P0,2026,11,storage_variable_om_CNY,0
E0_P0,2026,11,storage_investment_allocated_CNY,0
E0_P0,2026,11,storage_fixed_om_CNY,0
E0_P0,2026,12,renewable_available_MWh,0
E0_P0,2026,12,renewable_used_MWh,0
E0_P0,2026,12,curtailment_MWh,0
E0_P0,2026,12,total_load_MWh,0
E0_P0,2026,12,thermal_generation_MWh,0
E0_P0,2026,12,unserved_MWh,0
E0_P0,2026,12,discharge_MWh,0
E0_P0,2026,12,total_cost_CNY,0
E0_P0,2026,12,thermal_cost_CNY,0
E0_P0,2026,12,curtailment_cost_CNY,0
E0_P0,2026,12,load_shedding_cost_CNY,0
E0_P0,2026,12,storage_variable_om_CNY,0
E0_P0,2026,12,storage_investment_allocated_CNY,0
E0_P0,2026,12,storage_fixed_om_CNY,0
E0_P0,2026,13,renewable_available_MWh,0
E0_P0,2026,13,renewable_used_MWh,0
E0_P0,2026,13,curtailment_MWh,0
E0_P0,2026,13,total_load_MWh,0
E0_P0,2026,13,thermal_generation_MWh,0
E0_P0,2026,13,unserved_MWh,0
E0_P0,2026,13,discharge_MWh,0
E0_P0,2026,13,total_cost_CNY,0
E0_P0,2026,13,thermal_cost_CNY,0
E0_P0,2026,13,curtailment_cost_CNY,0
E0_P0,2026,13,load_shedding_cost_CNY,0
E0_P0,2026,13,storage_variable_om_CNY,0
E0_P0,2026,13,storage_investment_allocated_CNY,0
E0_P0,2026,13,storage_fixed_om_CNY,0
E0_P0,2026,14,renewable_available_MWh,0
E0_P0,2026,14,renewable_used_MWh,0
E0_P0,2026,14,curtailment_MWh,0
E0_P0,2026,14,total_load_MWh,0
E0_P0,2026,14,thermal_generation_MWh,0
E0_P0,2026,14,unserved_MWh,0
E0_P0,2026,14,discharge_MWh,0
E0_P0,2026,14,total_cost_CNY,0
E0_P0,2026,14,thermal_cost_CNY,0
E0_P0,2026,14,curtailment_cost_CNY,0
E0_P0,2026,14,load_shedding_cost_CNY,0
E0_P0,2026,14,storage_variable_om_CNY,0
E0_P0,2026,14,storage_investment_allocated_CNY,0
E0_P0,2026,14,storage_fixed_om_CNY,0
E0_P0,2026,15,renewable_available_MWh,0
E0_P0,2026,15,renewable_used_MWh,0
E0_P0,2026,15,curtailment_MWh,0
E0_P0,2026,15,total_load_MWh,0
E0_P0,2026,15,thermal_generation_MWh,0
E0_P0,2026,15,unserved_MWh,0
E0_P0,2026,15,discharge_MWh,0
E0_P0,2026,15,total_cost_CNY,0
E0_P0,2026,15,thermal_cost_CNY,0
E0_P0,2026,15,curtailment_cost_CNY,0
E0_P0,2026,15,load_shedding_cost_CNY,0
E0_P0,2026,15,storage_variable_om_CNY,0
E0_P0,2026,15,storage_investment_allocated_CNY,0
E0_P0,2026,15,storage_fixed_om_CNY,0
E0_P0,2026,16,renewable_available_MWh,0
E0_P0,2026,16,renewable_used_MWh,0
E0_P0,2026,16,curtailment_MWh,0
E0_P0,2026,16,total_load_MWh,0
E0_P0,2026,16,thermal_generation_MWh,0
E0_P0,2026,16,unserved_MWh,0
E0_P0,2026,16,discharge_MWh,0
E0_P0,2026,16,total_cost_CNY,0
E0_P0,2026,16,thermal_cost_CNY,0
E0_P0,2026,16,curtailment_cost_CNY,0
E0_P0,2026,16,load_shedding_cost_CNY,0
E0_P0,2026,16,storage_variable_om_CNY,0
E0_P0,2026,16,storage_investment_allocated_CNY,0
E0_P0,2026,16,storage_fixed_om_CNY,0
E0_P0,2026,17,renewable_available_MWh,0
E0_P0,2026,17,renewable_used_MWh,0
E0_P0,2026,17,curtailment_MWh,0
E0_P0,2026,17,total_load_MWh,0
E0_P0,2026,17,thermal_generation_MWh,0
E0_P0,2026,17,unserved_MWh,0
E0_P0,2026,17,discharge_MWh,0
E0_P0,2026,17,total_cost_CNY,0
E0_P0,2026,17,thermal_cost_CNY,0
E0_P0,2026,17,curtailment_cost_CNY,0
E0_P0,2026,17,load_shedding_cost_CNY,0
E0_P0,2026,17,storage_variable_om_CNY,0
E0_P0,2026,17,storage_investment_allocated_CNY,0
E0_P0,2026,17,storage_fixed_om_CNY,0
E0_P0,2026,18,renewable_available_MWh,0
E0_P0,2026,18,renewable_used_MWh,0
E0_P0,2026,18,curtailment_MWh,0
E0_P0,2026,18,total_load_MWh,0
E0_P0,2026,18,thermal_generation_MWh,0
E0_P0,2026,18,unserved_MWh,0
E0_P0,2026,18,discharge_MWh,0
E0_P0,2026,18,total_cost_CNY,0
E0_P0,2026,18,thermal_cost_CNY,0
E0_P0,2026,18,curtailment_cost_CNY,0
E0_P0,2026,18,load_shedding_cost_CNY,0
E0_P0,2026,18,storage_variable_om_CNY,0
E0_P0,2026,18,storage_investment_allocated_CNY,0
E0_P0,2026,18,storage_fixed_om_CNY,0
E0_P0,2026,19,renewable_available_MWh,0
E0_P0,2026,19,renewable_used_MWh,0
E0_P0,2026,19,curtailment_MWh,0
E0_P0,2026,19,total_load_MWh,0
E0_P0,2026,19,thermal_generation_MWh,0
E0_P0,2026,19,unserved_MWh,0
E0_P0,2026,19,discharge_MWh,0
E0_P0,2026,19,total_cost_CNY,0
E0_P0,2026,19,thermal_cost_CNY,0
E0_P0,2026,19,curtailment_cost_CNY,0
E0_P0,2026,19,load_shedding_cost_CNY,0
E0_P0,2026,19,storage_variable_om_CNY,0
E0_P0,2026,19,storage_investment_allocated_CNY,0
E0_P0,2026,19,storage_fixed_om_CNY,0
E0_P0,2026,20,renewable_available_MWh,0
E0_P0,2026,20,renewable_used_MWh,0
E0_P0,2026,20,curtailment_MWh,0
E0_P0,2026,20,total_load_MWh,0
E0_P0,2026,20,thermal_generation_MWh,0
E0_P0,2026,20,unserved_MWh,0
E0_P0,2026,20,discharge_MWh,0
E0_P0,2026,20,total_cost_CNY,0
E0_P0,2026,20,thermal_cost_CNY,0
E0_P0,2026,20,curtailment_cost_CNY,0
E0_P0,2026,20,load_shedding_cost_CNY,0
E0_P0,2026,20,storage_variable_om_CNY,0
E0_P0,2026,20,storage_investment_allocated_CNY,0
E0_P0,2026,20,storage_fixed_om_CNY,0
E0_P0,2026,21,renewable_available_MWh,0
E0_P0,2026,21,renewable_used_MWh,0
E0_P0,2026,21,curtailment_MWh,0
E0_P0,2026,21,total_load_MWh,0
E0_P0,2026,21,thermal_generation_MWh,0
E0_P0,2026,21,unserved_MWh,0
E0_P0,2026,21,discharge_MWh,0
E0_P0,2026,21,total_cost_CNY,0
E0_P0,2026,21,thermal_cost_CNY,0
E0_P0,2026,21,curtailment_cost_CNY,0
E0_P0,2026,21,load_shedding_cost_CNY,0
E0_P0,2026,21,storage_variable_om_CNY,0
E0_P0,2026,21,storage_investment_allocated_CNY,0
E0_P0,2026,21,storage_fixed_om_CNY,0
E0_P0,2026,22,renewable_available_MWh,0
E0_P0,2026,22,renewable_used_MWh,0
E0_P0,2026,22,curtailment_MWh,0
E0_P0,2026,22,total_load_MWh,0
E0_P0,2026,22,thermal_generation_MWh,0
E0_P0,2026,22,unserved_MWh,0
E0_P0,2026,22,discharge_MWh,0
E0_P0,2026,22,total_cost_CNY,0
E0_P0,2026,22,thermal_cost_CNY,0
E0_P0,2026,22,curtailment_cost_CNY,0
E0_P0,2026,22,load_shedding_cost_CNY,0
E0_P0,2026,22,storage_variable_om_CNY,0
E0_P0,2026,22,storage_investment_allocated_CNY,0
E0_P0,2026,22,storage_fixed_om_CNY,0
E0_P0,2026,23,renewable_available_MWh,0
E0_P0,2026,23,renewable_used_MWh,0
E0_P0,2026,23,curtailment_MWh,0
E0_P0,2026,23,total_load_MWh,0
E0_P0,2026,23,thermal_generation_MWh,0
E0_P0,2026,23,unserved_MWh,0
E0_P0,2026,23,discharge_MWh,0
E0_P0,2026,23,total_cost_CNY,0
E0_P0,2026,23,thermal_cost_CNY,0
E0_P0,2026,23,curtailment_cost_CNY,0
E0_P0,2026,23,load_shedding_cost_CNY,0
E0_P0,2026,23,storage_variable_om_CNY,0
E0_P0,2026,23,storage_investment_allocated_CNY,0
E0_P0,2026,23,storage_fixed_om_CNY,0
E0_P0,2026,24,renewable_available_MWh,0
E0_P0,2026,24,renewable_used_MWh,0
E0_P0,2026,24,curtailment_MWh,0
E0_P0,2026,24,total_load_MWh,0
E0_P0,2026,24,thermal_generation_MWh,0
E0_P0,2026,24,unserved_MWh,0
E0_P0,2026,24,discharge_MWh,0
E0_P0,2026,24,total_cost_CNY,0
E0_P0,2026,24,thermal_cost_CNY,0
E0_P0,2026,24,curtailment_cost_CNY,0
E0_P0,2026,24,load_shedding_cost_CNY,0
E0_P0,2026,24,storage_variable_om_CNY,0
E0_P0,2026,24,storage_investment_allocated_CNY,0
E0_P0,2026,24,storage_fixed_om_CNY,0
E0_P0,2026,25,renewable_available_MWh,0
E0_P0,2026,25,renewable_used_MWh,0
E0_P0,2026,25,curtailment_MWh,0
E0_P0,2026,25,total_load_MWh,0
E0_P0,2026,25,thermal_generation_MWh,0
E0_P0,2026,25,unserved_MWh,0
E0_P0,2026,25,discharge_MWh,0
E0_P0,2026,25,total_cost_CNY,0
E0_P0,2026,25,thermal_cost_CNY,0
E0_P0,2026,25,curtailment_cost_CNY,0
E0_P0,2026,25,load_shedding_cost_CNY,0
E0_P0,2026,25,storage_variable_om_CNY,0
E0_P0,2026,25,storage_investment_allocated_CNY,0
E0_P0,2026,25,storage_fixed_om_CNY,0
E0_P0,2026,26,renewable_available_MWh,0
E0_P0,2026,26,renewable_used_MWh,0
E0_P0,2026,26,curtailment_MWh,0
E0_P0,2026,26,total_load_MWh,0
E0_P0,2026,26,thermal_generation_MWh,0
E0_P0,2026,26,unserved_MWh,0
E0_P0,2026,26,discharge_MWh,0
E0_P0,2026,26,total_cost_CNY,0
E0_P0,2026,26,thermal_cost_CNY,0
E0_P0,2026,26,curtailment_cost_CNY,0
E0_P0,2026,26,load_shedding_cost_CNY,0
E0_P0,2026,26,storage_variable_om_CNY,0
E0_P0,2026,26,storage_investment_allocated_CNY,0
E0_P0,2026,26,storage_fixed_om_CNY,0
E0_P0,2026,27,renewable_available_MWh,0
E0_P0,2026,27,renewable_used_MWh,0
E0_P0,2026,27,curtailment_MWh,0
E0_P0,2026,27,total_load_MWh,0
E0_P0,2026,27,thermal_generation_MWh,0
E0_P0,2026,27,unserved_MWh,0
E0_P0,2026,27,discharge_MWh,0
E0_P0,2026,27,total_cost_CNY,0
E0_P0,2026,27,thermal_cost_CNY,0
E0_P0,2026,27,curtailment_cost_CNY,0
E0_P0,2026,27,load_shedding_cost_CNY,0
E0_P0,2026,27,storage_variable_om_CNY,0
E0_P0,2026,27,storage_investment_allocated_CNY,0
E0_P0,2026,27,storage_fixed_om_CNY,0
E0_P0,2026,28,renewable_available_MWh,0
E0_P0,2026,28,renewable_used_MWh,0
E0_P0,2026,28,curtailment_MWh,0
E0_P0,2026,28,total_load_MWh,0
E0_P0,2026,28,thermal_generation_MWh,0
E0_P0,2026,28,unserved_MWh,0
E0_P0,2026,28,discharge_MWh,0
E0_P0,2026,28,total_cost_CNY,0
E0_P0,2026,28,thermal_cost_CNY,0
E0_P0,2026,28,curtailment_cost_CNY,0
E0_P0,2026,28,load_shedding_cost_CNY,0
E0_P0,2026,28,storage_variable_om_CNY,0
E0_P0,2026,28,storage_investment_allocated_CNY,0
E0_P0,2026,28,storage_fixed_om_CNY,0
E0_P0,2026,29,renewable_available_MWh,0
E0_P0,2026,29,renewable_used_MWh,0
E0_P0,2026,29,curtailment_MWh,0
E0_P0,2026,29,total_load_MWh,0
E0_P0,2026,29,thermal_generation_MWh,0
E0_P0,2026,29,unserved_MWh,0
E0_P0,2026,29,discharge_MWh,0
E0_P0,2026,29,total_cost_CNY,0
E0_P0,2026,29,thermal_cost_CNY,0
E0_P0,2026,29,curtailment_cost_CNY,0
E0_P0,2026,29,load_shedding_cost_CNY,0
E0_P0,2026,29,storage_variable_om_CNY,0
E0_P0,2026,29,storage_investment_allocated_CNY,0
E0_P0,2026,29,storage_fixed_om_CNY,0
E0_P0,2026,30,renewable_available_MWh,0
E0_P0,2026,30,renewable_used_MWh,0
E0_P0,2026,30,curtailment_MWh,0
E0_P0,2026,30,total_load_MWh,0
E0_P0,2026,30,thermal_generation_MWh,0
E0_P0,2026,30,unserved_MWh,0
E0_P0,2026,30,discharge_MWh,0
E0_P0,2026,30,total_cost_CNY,0
E0_P0,2026,30,thermal_cost_CNY,0
E0_P0,2026,30,curtailment_cost_CNY,0
E0_P0,2026,30,load_shedding_cost_CNY,0
E0_P0,2026,30,storage_variable_om_CNY,0
E0_P0,2026,30,storage_investment_allocated_CNY,0
E0_P0,2026,30,storage_fixed_om_CNY,0
E0_P0,2026,31,renewable_available_MWh,0
E0_P0,2026,31,renewable_used_MWh,0
E0_P0,2026,31,curtailment_MWh,0
E0_P0,2026,31,total_load_MWh,0
E0_P0,2026,31,thermal_generation_MWh,0
E0_P0,2026,31,unserved_MWh,0
E0_P0,2026,31,discharge_MWh,0
E0_P0,2026,31,total_cost_CNY,0
E0_P0,2026,31,thermal_cost_CNY,0
E0_P0,2026,31,curtailment_cost_CNY,0
E0_P0,2026,31,load_shedding_cost_CNY,0
E0_P0,2026,31,storage_variable_om_CNY,0
E0_P0,2026,31,storage_investment_allocated_CNY,0
E0_P0,2026,31,storage_fixed_om_CNY,0
E0_P0,2026,32,renewable_available_MWh,0
E0_P0,2026,32,renewable_used_MWh,0
E0_P0,2026,32,curtailment_MWh,0
E0_P0,2026,32,total_load_MWh,0
E0_P0,2026,32,thermal_generation_MWh,0
E0_P0,2026,32,unserved_MWh,0
E0_P0,2026,32,discharge_MWh,0
E0_P0,2026,32,total_cost_CNY,0
E0_P0,2026,32,thermal_cost_CNY,0
E0_P0,2026,32,curtailment_cost_CNY,0
E0_P0,2026,32,load_shedding_cost_CNY,0
E0_P0,2026,32,storage_variable_om_CNY,0
E0_P0,2026,32,storage_investment_allocated_CNY,0
E0_P0,2026,32,storage_fixed_om_CNY,0
E0_P0,2026,33,renewable_available_MWh,0
E0_P0,2026,33,renewable_used_MWh,0
E0_P0,2026,33,curtailment_MWh,0
E0_P0,2026,33,total_load_MWh,0
E0_P0,2026,33,thermal_generation_MWh,0
E0_P0,2026,33,unserved_MWh,0
E0_P0,2026,33,discharge_MWh,0
E0_P0,2026,33,total_cost_CNY,0
E0_P0,2026,33,thermal_cost_CNY,0
E0_P0,2026,33,curtailment_cost_CNY,0
E0_P0,2026,33,load_shedding_cost_CNY,0
E0_P0,2026,33,storage_variable_om_CNY,0
E0_P0,2026,33,storage_investment_allocated_CNY,0
E0_P0,2026,33,storage_fixed_om_CNY,0
E0_P0,2026,34,renewable_available_MWh,0
E0_P0,2026,34,renewable_used_MWh,0
E0_P0,2026,34,curtailment_MWh,0
E0_P0,2026,34,total_load_MWh,0
E0_P0,2026,34,thermal_generation_MWh,0
E0_P0,2026,34,unserved_MWh,0
E0_P0,2026,34,discharge_MWh,0
E0_P0,2026,34,total_cost_CNY,0
E0_P0,2026,34,thermal_cost_CNY,0
E0_P0,2026,34,curtailment_cost_CNY,0
E0_P0,2026,34,load_shedding_cost_CNY,0
E0_P0,2026,34,storage_variable_om_CNY,0
E0_P0,2026,34,storage_investment_allocated_CNY,0
E0_P0,2026,34,storage_fixed_om_CNY,0
E0_P0,2026,35,renewable_available_MWh,0
E0_P0,2026,35,renewable_used_MWh,0
E0_P0,2026,35,curtailment_MWh,0
E0_P0,2026,35,total_load_MWh,0
E0_P0,2026,35,thermal_generation_MWh,0
E0_P0,2026,35,unserved_MWh,0
E0_P0,2026,35,discharge_MWh,0
E0_P0,2026,35,total_cost_CNY,0
E0_P0,2026,35,thermal_cost_CNY,0
E0_P0,2026,35,curtailment_cost_CNY,0
E0_P0,2026,35,load_shedding_cost_CNY,0
E0_P0,2026,35,storage_variable_om_CNY,0
E0_P0,2026,35,storage_investment_allocated_CNY,0
E0_P0,2026,35,storage_fixed_om_CNY,0
E0_P0,2026,36,renewable_available_MWh,0
E0_P0,2026,36,renewable_used_MWh,0
E0_P0,2026,36,curtailment_MWh,0
E0_P0,2026,36,total_load_MWh,0
E0_P0,2026,36,thermal_generation_MWh,0
E0_P0,2026,36,unserved_MWh,0
E0_P0,2026,36,discharge_MWh,0
E0_P0,2026,36,total_cost_CNY,0
E0_P0,2026,36,thermal_cost_CNY,0
E0_P0,2026,36,curtailment_cost_CNY,0
E0_P0,2026,36,load_shedding_cost_CNY,0
E0_P0,2026,36,storage_variable_om_CNY,0
E0_P0,2026,36,storage_investment_allocated_CNY,0
E0_P0,2026,36,storage_fixed_om_CNY,0
E0_P0,2026,37,renewable_available_MWh,0
E0_P0,2026,37,renewable_used_MWh,0
E0_P0,2026,37,curtailment_MWh,0
E0_P0,2026,37,total_load_MWh,0
E0_P0,2026,37,thermal_generation_MWh,0
E0_P0,2026,37,unserved_MWh,0
E0_P0,2026,37,discharge_MWh,0
E0_P0,2026,37,total_cost_CNY,0
E0_P0,2026,37,thermal_cost_CNY,0
E0_P0,2026,37,curtailment_cost_CNY,0
E0_P0,2026,37,load_shedding_cost_CNY,0
E0_P0,2026,37,storage_variable_om_CNY,0
E0_P0,2026,37,storage_investment_allocated_CNY,0
E0_P0,2026,37,storage_fixed_om_CNY,0
E0_P0,2026,38,renewable_available_MWh,0
E0_P0,2026,38,renewable_used_MWh,0
E0_P0,2026,38,curtailment_MWh,0
E0_P0,2026,38,total_load_MWh,0
E0_P0,2026,38,thermal_generation_MWh,0
E0_P0,2026,38,unserved_MWh,0
E0_P0,2026,38,discharge_MWh,0
E0_P0,2026,38,total_cost_CNY,0
E0_P0,2026,38,thermal_cost_CNY,0
E0_P0,2026,38,curtailment_cost_CNY,0
E0_P0,2026,38,load_shedding_cost_CNY,0
E0_P0,2026,38,storage_variable_om_CNY,0
E0_P0,2026,38,storage_investment_allocated_CNY,0
E0_P0,2026,38,storage_fixed_om_CNY,0
E0_P0,2026,39,renewable_available_MWh,0
E0_P0,2026,39,renewable_used_MWh,0
E0_P0,2026,39,curtailment_MWh,0
E0_P0,2026,39,total_load_MWh,0
E0_P0,2026,39,thermal_generation_MWh,0
E0_P0,2026,39,unserved_MWh,0
E0_P0,2026,39,discharge_MWh,0
E0_P0,2026,39,total_cost_CNY,0
E0_P0,2026,39,thermal_cost_CNY,0
E0_P0,2026,39,curtailment_cost_CNY,0
E0_P0,2026,39,load_shedding_cost_CNY,0
E0_P0,2026,39,storage_variable_om_CNY,0
E0_P0,2026,39,storage_investment_allocated_CNY,0
E0_P0,2026,39,storage_fixed_om_CNY,0
E0_P0,2026,40,renewable_available_MWh,0
E0_P0,2026,40,renewable_used_MWh,0
E0_P0,2026,40,curtailment_MWh,0
E0_P0,2026,40,total_load_MWh,0
E0_P0,2026,40,thermal_generation_MWh,0
E0_P0,2026,40,unserved_MWh,0
E0_P0,2026,40,discharge_MWh,0
E0_P0,2026,40,total_cost_CNY,0
E0_P0,2026,40,thermal_cost_CNY,0
E0_P0,2026,40,curtailment_cost_CNY,0
E0_P0,2026,40,load_shedding_cost_CNY,0
E0_P0,2026,40,storage_variable_om_CNY,0
E0_P0,2026,40,storage_investment_allocated_CNY,0
E0_P0,2026,40,storage_fixed_om_CNY,0
E0_P0,2026,41,renewable_available_MWh,0
E0_P0,2026,41,renewable_used_MWh,0
E0_P0,2026,41,curtailment_MWh,0
E0_P0,2026,41,total_load_MWh,0
E0_P0,2026,41,thermal_generation_MWh,0
E0_P0,2026,41,unserved_MWh,0
E0_P0,2026,41,discharge_MWh,0
E0_P0,2026,41,total_cost_CNY,0
E0_P0,2026,41,thermal_cost_CNY,0
E0_P0,2026,41,curtailment_cost_CNY,0
E0_P0,2026,41,load_shedding_cost_CNY,0
E0_P0,2026,41,storage_variable_om_CNY,0
E0_P0,2026,41,storage_investment_allocated_CNY,0
E0_P0,2026,41,storage_fixed_om_CNY,0
E0_P0,2026,42,renewable_available_MWh,0
E0_P0,2026,42,renewable_used_MWh,0
E0_P0,2026,42,curtailment_MWh,0
E0_P0,2026,42,total_load_MWh,0
E0_P0,2026,42,thermal_generation_MWh,0
E0_P0,2026,42,unserved_MWh,0
E0_P0,2026,42,discharge_MWh,0
E0_P0,2026,42,total_cost_CNY,0
E0_P0,2026,42,thermal_cost_CNY,0
E0_P0,2026,42,curtailment_cost_CNY,0
E0_P0,2026,42,load_shedding_cost_CNY,0
E0_P0,2026,42,storage_variable_om_CNY,0
E0_P0,2026,42,storage_investment_allocated_CNY,0
E0_P0,2026,42,storage_fixed_om_CNY,0
E0_P0,2026,43,renewable_available_MWh,0
E0_P0,2026,43,renewable_used_MWh,0
E0_P0,2026,43,curtailment_MWh,0
E0_P0,2026,43,total_load_MWh,0
E0_P0,2026,43,thermal_generation_MWh,0
E0_P0,2026,43,unserved_MWh,0
E0_P0,2026,43,discharge_MWh,0
E0_P0,2026,43,total_cost_CNY,0
E0_P0,2026,43,thermal_cost_CNY,0
E0_P0,2026,43,curtailment_cost_CNY,0
E0_P0,2026,43,load_shedding_cost_CNY,0
E0_P0,2026,43,storage_variable_om_CNY,0
E0_P0,2026,43,storage_investment_allocated_CNY,0
E0_P0,2026,43,storage_fixed_om_CNY,0
E0_P0,2026,44,renewable_available_MWh,0
E0_P0,2026,44,renewable_used_MWh,0
E0_P0,2026,44,curtailment_MWh,0
E0_P0,2026,44,total_load_MWh,0
E0_P0,2026,44,thermal_generation_MWh,0
E0_P0,2026,44,unserved_MWh,0
E0_P0,2026,44,discharge_MWh,0
E0_P0,2026,44,total_cost_CNY,0
E0_P0,2026,44,thermal_cost_CNY,0
E0_P0,2026,44,curtailment_cost_CNY,0
E0_P0,2026,44,load_shedding_cost_CNY,0
E0_P0,2026,44,storage_variable_om_CNY,0
E0_P0,2026,44,storage_investment_allocated_CNY,0
E0_P0,2026,44,storage_fixed_om_CNY,0
E0_P0,2026,45,renewable_available_MWh,0
E0_P0,2026,45,renewable_used_MWh,0
E0_P0,2026,45,curtailment_MWh,0
E0_P0,2026,45,total_load_MWh,0
E0_P0,2026,45,thermal_generation_MWh,0
E0_P0,2026,45,unserved_MWh,0
E0_P0,2026,45,discharge_MWh,0
E0_P0,2026,45,total_cost_CNY,0
E0_P0,2026,45,thermal_cost_CNY,0
E0_P0,2026,45,curtailment_cost_CNY,0
E0_P0,2026,45,load_shedding_cost_CNY,0
E0_P0,2026,45,storage_variable_om_CNY,0
E0_P0,2026,45,storage_investment_allocated_CNY,0
E0_P0,2026,45,storage_fixed_om_CNY,0
E0_P0,2026,46,renewable_available_MWh,0
E0_P0,2026,46,renewable_used_MWh,0
E0_P0,2026,46,curtailment_MWh,0
E0_P0,2026,46,total_load_MWh,0
E0_P0,2026,46,thermal_generation_MWh,0
E0_P0,2026,46,unserved_MWh,0
E0_P0,2026,46,discharge_MWh,0
E0_P0,2026,46,total_cost_CNY,0
E0_P0,2026,46,thermal_cost_CNY,0
E0_P0,2026,46,curtailment_cost_CNY,0
E0_P0,2026,46,load_shedding_cost_CNY,0
E0_P0,2026,46,storage_variable_om_CNY,0
E0_P0,2026,46,storage_investment_allocated_CNY,0
E0_P0,2026,46,storage_fixed_om_CNY,0
E0_P0,2026,47,renewable_available_MWh,0
E0_P0,2026,47,renewable_used_MWh,0
E0_P0,2026,47,curtailment_MWh,0
E0_P0,2026,47,total_load_MWh,0
E0_P0,2026,47,thermal_generation_MWh,0
E0_P0,2026,47,unserved_MWh,0
E0_P0,2026,47,discharge_MWh,0
E0_P0,2026,47,total_cost_CNY,0
E0_P0,2026,47,thermal_cost_CNY,0
E0_P0,2026,47,curtailment_cost_CNY,0
E0_P0,2026,47,load_shedding_cost_CNY,0
E0_P0,2026,47,storage_variable_om_CNY,0
E0_P0,2026,47,storage_investment_allocated_CNY,0
E0_P0,2026,47,storage_fixed_om_CNY,0
E40_P20,42,0,renewable_available_MWh,0
E40_P20,42,0,renewable_used_MWh,0
E40_P20,42,0,curtailment_MWh,0
E40_P20,42,0,total_load_MWh,0
E40_P20,42,0,thermal_generation_MWh,0
E40_P20,42,0,unserved_MWh,0
E40_P20,42,0,discharge_MWh,0
E40_P20,42,0,total_cost_CNY,0
E40_P20,42,0,thermal_cost_CNY,0
E40_P20,42,0,curtailment_cost_CNY,0
E40_P20,42,0,load_shedding_cost_CNY,0
E40_P20,42,0,storage_variable_om_CNY,0
E40_P20,42,0,storage_investment_allocated_CNY,0
E40_P20,42,0,storage_fixed_om_CNY,0
E40_P20,42,1,renewable_available_MWh,0
E40_P20,42,1,renewable_used_MWh,0
E40_P20,42,1,curtailment_MWh,0
E40_P20,42,1,total_load_MWh,0
E40_P20,42,1,thermal_generation_MWh,0
E40_P20,42,1,unserved_MWh,0
E40_P20,42,1,discharge_MWh,0
E40_P20,42,1,total_cost_CNY,0
E40_P20,42,1,thermal_cost_CNY,0
E40_P20,42,1,curtailment_cost_CNY,0
E40_P20,42,1,load_shedding_cost_CNY,0
E40_P20,42,1,storage_variable_om_CNY,0
E40_P20,42,1,storage_investment_allocated_CNY,0
E40_P20,42,1,storage_fixed_om_CNY,0
E40_P20,42,2,renewable_available_MWh,0
E40_P20,42,2,renewable_used_MWh,0
E40_P20,42,2,curtailment_MWh,0
E40_P20,42,2,total_load_MWh,0
E40_P20,42,2,thermal_generation_MWh,0
E40_P20,42,2,unserved_MWh,0
E40_P20,42,2,discharge_MWh,0
E40_P20,42,2,total_cost_CNY,0
E40_P20,42,2,thermal_cost_CNY,0
E40_P20,42,2,curtailment_cost_CNY,0
E40_P20,42,2,load_shedding_cost_CNY,0
E40_P20,42,2,storage_variable_om_CNY,0
E40_P20,42,2,storage_investment_allocated_CNY,0
E40_P20,42,2,storage_fixed_om_CNY,0
E40_P20,42,3,renewable_available_MWh,0
E40_P20,42,3,renewable_used_MWh,0
E40_P20,42,3,curtailment_MWh,0
E40_P20,42,3,total_load_MWh,0
E40_P20,42,3,thermal_generation_MWh,0
E40_P20,42,3,unserved_MWh,0
E40_P20,42,3,discharge_MWh,0
E40_P20,42,3,total_cost_CNY,0
E40_P20,42,3,thermal_cost_CNY,0
E40_P20,42,3,curtailment_cost_CNY,0
E40_P20,42,3,load_shedding_cost_CNY,0
E40_P20,42,3,storage_variable_om_CNY,0
E40_P20,42,3,storage_investment_allocated_CNY,0
E40_P20,42,3,storage_fixed_om_CNY,0
E40_P20,42,4,renewable_available_MWh,0
E40_P20,42,4,renewable_used_MWh,0
E40_P20,42,4,curtailment_MWh,0
E40_P20,42,4,total_load_MWh,0
E40_P20,42,4,thermal_generation_MWh,0
E40_P20,42,4,unserved_MWh,0
E40_P20,42,4,discharge_MWh,0
E40_P20,42,4,total_cost_CNY,0
E40_P20,42,4,thermal_cost_CNY,0
E40_P20,42,4,curtailment_cost_CNY,0
E40_P20,42,4,load_shedding_cost_CNY,0
E40_P20,42,4,storage_variable_om_CNY,0
E40_P20,42,4,storage_investment_allocated_CNY,0
E40_P20,42,4,storage_fixed_om_CNY,0
E40_P20,42,5,renewable_available_MWh,0
E40_P20,42,5,renewable_used_MWh,0
E40_P20,42,5,curtailment_MWh,0
E40_P20,42,5,total_load_MWh,0
E40_P20,42,5,thermal_generation_MWh,0
E40_P20,42,5,unserved_MWh,0
E40_P20,42,5,discharge_MWh,0
E40_P20,42,5,total_cost_CNY,0
E40_P20,42,5,thermal_cost_CNY,0
E40_P20,42,5,curtailment_cost_CNY,0
E40_P20,42,5,load_shedding_cost_CNY,0
E40_P20,42,5,storage_variable_om_CNY,0
E40_P20,42,5,storage_investment_allocated_CNY,0
E40_P20,42,5,storage_fixed_om_CNY,0
E40_P20,42,6,renewable_available_MWh,0
E40_P20,42,6,renewable_used_MWh,0
E40_P20,42,6,curtailment_MWh,0
E40_P20,42,6,total_load_MWh,0
E40_P20,42,6,thermal_generation_MWh,0
E40_P20,42,6,unserved_MWh,0
E40_P20,42,6,discharge_MWh,0
E40_P20,42,6,total_cost_CNY,0
E40_P20,42,6,thermal_cost_CNY,0
E40_P20,42,6,curtailment_cost_CNY,0
E40_P20,42,6,load_shedding_cost_CNY,0
E40_P20,42,6,storage_variable_om_CNY,0
E40_P20,42,6,storage_investment_allocated_CNY,0
E40_P20,42,6,storage_fixed_om_CNY,0
E40_P20,42,7,renewable_available_MWh,0
E40_P20,42,7,renewable_used_MWh,0
E40_P20,42,7,curtailment_MWh,0
E40_P20,42,7,total_load_MWh,0
E40_P20,42,7,thermal_generation_MWh,0
E40_P20,42,7,unserved_MWh,0
E40_P20,42,7,discharge_MWh,0
E40_P20,42,7,total_cost_CNY,0
E40_P20,42,7,thermal_cost_CNY,0
E40_P20,42,7,curtailment_cost_CNY,0
E40_P20,42,7,load_shedding_cost_CNY,0
E40_P20,42,7,storage_variable_om_CNY,0
E40_P20,42,7,storage_investment_allocated_CNY,0
E40_P20,42,7,storage_fixed_om_CNY,0
E40_P20,42,8,renewable_available_MWh,0
E40_P20,42,8,renewable_used_MWh,0
E40_P20,42,8,curtailment_MWh,0
E40_P20,42,8,total_load_MWh,0
E40_P20,42,8,thermal_generation_MWh,0
E40_P20,42,8,unserved_MWh,0
E40_P20,42,8,discharge_MWh,0
E40_P20,42,8,total_cost_CNY,0
E40_P20,42,8,thermal_cost_CNY,0
E40_P20,42,8,curtailment_cost_CNY,0
E40_P20,42,8,load_shedding_cost_CNY,0
E40_P20,42,8,storage_variable_om_CNY,0
E40_P20,42,8,storage_investment_allocated_CNY,0
E40_P20,42,8,storage_fixed_om_CNY,0
E40_P20,42,9,renewable_available_MWh,0
E40_P20,42,9,renewable_used_MWh,0
E40_P20,42,9,curtailment_MWh,0
E40_P20,42,9,total_load_MWh,0
E40_P20,42,9,thermal_generation_MWh,0
E40_P20,42,9,unserved_MWh,0
E40_P20,42,9,discharge_MWh,0
E40_P20,42,9,total_cost_CNY,0
E40_P20,42,9,thermal_cost_CNY,0
E40_P20,42,9,curtailment_cost_CNY,0
E40_P20,42,9,load_shedding_cost_CNY,0
E40_P20,42,9,storage_variable_om_CNY,0
E40_P20,42,9,storage_investment_allocated_CNY,0
E40_P20,42,9,storage_fixed_om_CNY,0
E40_P20,42,10,renewable_available_MWh,0
E40_P20,42,10,renewable_used_MWh,0
E40_P20,42,10,curtailment_MWh,0
E40_P20,42,10,total_load_MWh,0
E40_P20,42,10,thermal_generation_MWh,0
E40_P20,42,10,unserved_MWh,0
E40_P20,42,10,discharge_MWh,0
E40_P20,42,10,total_cost_CNY,0
E40_P20,42,10,thermal_cost_CNY,0
E40_P20,42,10,curtailment_cost_CNY,0
E40_P20,42,10,load_shedding_cost_CNY,0
E40_P20,42,10,storage_variable_om_CNY,0
E40_P20,42,10,storage_investment_allocated_CNY,0
E40_P20,42,10,storage_fixed_om_CNY,0
E40_P20,42,11,renewable_available_MWh,0
E40_P20,42,11,renewable_used_MWh,0
E40_P20,42,11,curtailment_MWh,0
E40_P20,42,11,total_load_MWh,0
E40_P20,42,11,thermal_generation_MWh,0
E40_P20,42,11,unserved_MWh,0
E40_P20,42,11,discharge_MWh,0
E40_P20,42,11,total_cost_CNY,0
E40_P20,42,11,thermal_cost_CNY,0
E40_P20,42,11,curtailment_cost_CNY,0
E40_P20,42,11,load_shedding_cost_CNY,0
E40_P20,42,11,storage_variable_om_CNY,0
E40_P20,42,11,storage_investment_allocated_CNY,0
E40_P20,42,11,storage_fixed_om_CNY,0
E40_P20,42,12,renewable_available_MWh,0
E40_P20,42,12,renewable_used_MWh,0
E40_P20,42,12,curtailment_MWh,0
E40_P20,42,12,total_load_MWh,0
E40_P20,42,12,thermal_generation_MWh,0
E40_P20,42,12,unserved_MWh,0
E40_P20,42,12,discharge_MWh,0
E40_P20,42,12,total_cost_CNY,0
E40_P20,42,12,thermal_cost_CNY,0
E40_P20,42,12,curtailment_cost_CNY,0
E40_P20,42,12,load_shedding_cost_CNY,0
E40_P20,42,12,storage_variable_om_CNY,0
E40_P20,42,12,storage_investment_allocated_CNY,0
E40_P20,42,12,storage_fixed_om_CNY,0
E40_P20,42,13,renewable_available_MWh,0
E40_P20,42,13,renewable_used_MWh,0
E40_P20,42,13,curtailment_MWh,0
E40_P20,42,13,total_load_MWh,0
E40_P20,42,13,thermal_generation_MWh,0
E40_P20,42,13,unserved_MWh,0
E40_P20,42,13,discharge_MWh,0
E40_P20,42,13,total_cost_CNY,0
E40_P20,42,13,thermal_cost_CNY,0
E40_P20,42,13,curtailment_cost_CNY,0
E40_P20,42,13,load_shedding_cost_CNY,0
E40_P20,42,13,storage_variable_om_CNY,0
E40_P20,42,13,storage_investment_allocated_CNY,0
E40_P20,42,13,storage_fixed_om_CNY,0
E40_P20,42,14,renewable_available_MWh,0
E40_P20,42,14,renewable_used_MWh,0
E40_P20,42,14,curtailment_MWh,0
E40_P20,42,14,total_load_MWh,0
E40_P20,42,14,thermal_generation_MWh,0
E40_P20,42,14,unserved_MWh,0
E40_P20,42,14,discharge_MWh,0
E40_P20,42,14,total_cost_CNY,0
E40_P20,42,14,thermal_cost_CNY,0
E40_P20,42,14,curtailment_cost_CNY,0
E40_P20,42,14,load_shedding_cost_CNY,0
E40_P20,42,14,storage_variable_om_CNY,0
E40_P20,42,14,storage_investment_allocated_CNY,0
E40_P20,42,14,storage_fixed_om_CNY,0
E40_P20,42,15,renewable_available_MWh,0
E40_P20,42,15,renewable_used_MWh,0
E40_P20,42,15,curtailment_MWh,0
E40_P20,42,15,total_load_MWh,0
E40_P20,42,15,thermal_generation_MWh,0
E40_P20,42,15,unserved_MWh,0
E40_P20,42,15,discharge_MWh,0
E40_P20,42,15,total_cost_CNY,0
E40_P20,42,15,thermal_cost_CNY,0
E40_P20,42,15,curtailment_cost_CNY,0
E40_P20,42,15,load_shedding_cost_CNY,0
E40_P20,42,15,storage_variable_om_CNY,0
E40_P20,42,15,storage_investment_allocated_CNY,0
E40_P20,42,15,storage_fixed_om_CNY,0
E40_P20,42,16,renewable_available_MWh,0
E40_P20,42,16,renewable_used_MWh,0
E40_P20,42,16,curtailment_MWh,0
E40_P20,42,16,total_load_MWh,0
E40_P20,42,16,thermal_generation_MWh,0
E40_P20,42,16,unserved_MWh,0
E40_P20,42,16,discharge_MWh,0
E40_P20,42,16,total_cost_CNY,0
E40_P20,42,16,thermal_cost_CNY,0
E40_P20,42,16,curtailment_cost_CNY,0
E40_P20,42,16,load_shedding_cost_CNY,0
E40_P20,42,16,storage_variable_om_CNY,0
E40_P20,42,16,storage_investment_allocated_CNY,0
E40_P20,42,16,storage_fixed_om_CNY,0
E40_P20,42,17,renewable_available_MWh,0
E40_P20,42,17,renewable_used_MWh,0
E40_P20,42,17,curtailment_MWh,0
E40_P20,42,17,total_load_MWh,0
E40_P20,42,17,thermal_generation_MWh,0
E40_P20,42,17,unserved_MWh,0
E40_P20,42,17,discharge_MWh,0
E40_P20,42,17,total_cost_CNY,0
E40_P20,42,17,thermal_cost_CNY,0
E40_P20,42,17,curtailment_cost_CNY,0
E40_P20,42,17,load_shedding_cost_CNY,0
E40_P20,42,17,storage_variable_om_CNY,0
E40_P20,42,17,storage_investment_allocated_CNY,0
E40_P20,42,17,storage_fixed_om_CNY,0
E40_P20,42,18,renewable_available_MWh,0
E40_P20,42,18,renewable_used_MWh,0
E40_P20,42,18,curtailment_MWh,0
E40_P20,42,18,total_load_MWh,0
E40_P20,42,18,thermal_generation_MWh,0
E40_P20,42,18,unserved_MWh,0
E40_P20,42,18,discharge_MWh,0
E40_P20,42,18,total_cost_CNY,0
E40_P20,42,18,thermal_cost_CNY,0
E40_P20,42,18,curtailment_cost_CNY,0
E40_P20,42,18,load_shedding_cost_CNY,0
E40_P20,42,18,storage_variable_om_CNY,0
E40_P20,42,18,storage_investment_allocated_CNY,0
E40_P20,42,18,storage_fixed_om_CNY,0
E40_P20,42,19,renewable_available_MWh,0
E40_P20,42,19,renewable_used_MWh,0
E40_P20,42,19,curtailment_MWh,0
E40_P20,42,19,total_load_MWh,0
E40_P20,42,19,thermal_generation_MWh,0
E40_P20,42,19,unserved_MWh,0
E40_P20,42,19,discharge_MWh,0
E40_P20,42,19,total_cost_CNY,0
E40_P20,42,19,thermal_cost_CNY,0
E40_P20,42,19,curtailment_cost_CNY,0
E40_P20,42,19,load_shedding_cost_CNY,0
E40_P20,42,19,storage_variable_om_CNY,0
E40_P20,42,19,storage_investment_allocated_CNY,0
E40_P20,42,19,storage_fixed_om_CNY,0
E40_P20,42,20,renewable_available_MWh,0
E40_P20,42,20,renewable_used_MWh,0
E40_P20,42,20,curtailment_MWh,0
E40_P20,42,20,total_load_MWh,0
E40_P20,42,20,thermal_generation_MWh,0
E40_P20,42,20,unserved_MWh,0
E40_P20,42,20,discharge_MWh,0
E40_P20,42,20,total_cost_CNY,0
E40_P20,42,20,thermal_cost_CNY,0
E40_P20,42,20,curtailment_cost_CNY,0
E40_P20,42,20,load_shedding_cost_CNY,0
E40_P20,42,20,storage_variable_om_CNY,0
E40_P20,42,20,storage_investment_allocated_CNY,0
E40_P20,42,20,storage_fixed_om_CNY,0
E40_P20,42,21,renewable_available_MWh,0
E40_P20,42,21,renewable_used_MWh,0
E40_P20,42,21,curtailment_MWh,0
E40_P20,42,21,total_load_MWh,0
E40_P20,42,21,thermal_generation_MWh,0
E40_P20,42,21,unserved_MWh,0
E40_P20,42,21,discharge_MWh,0
E40_P20,42,21,total_cost_CNY,0
E40_P20,42,21,thermal_cost_CNY,0
E40_P20,42,21,curtailment_cost_CNY,0
E40_P20,42,21,load_shedding_cost_CNY,0
E40_P20,42,21,storage_variable_om_CNY,0
E40_P20,42,21,storage_investment_allocated_CNY,0
E40_P20,42,21,storage_fixed_om_CNY,0
E40_P20,42,22,renewable_available_MWh,0
E40_P20,42,22,renewable_used_MWh,0
E40_P20,42,22,curtailment_MWh,0
E40_P20,42,22,total_load_MWh,0
E40_P20,42,22,thermal_generation_MWh,0
E40_P20,42,22,unserved_MWh,0
E40_P20,42,22,discharge_MWh,0
E40_P20,42,22,total_cost_CNY,0
E40_P20,42,22,thermal_cost_CNY,0
E40_P20,42,22,curtailment_cost_CNY,0
E40_P20,42,22,load_shedding_cost_CNY,0
E40_P20,42,22,storage_variable_om_CNY,0
E40_P20,42,22,storage_investment_allocated_CNY,0
E40_P20,42,22,storage_fixed_om_CNY,0
E40_P20,42,23,renewable_available_MWh,0
E40_P20,42,23,renewable_used_MWh,0
E40_P20,42,23,curtailment_MWh,0
E40_P20,42,23,total_load_MWh,0
E40_P20,42,23,thermal_generation_MWh,0
E40_P20,42,23,unserved_MWh,0
E40_P20,42,23,discharge_MWh,0
E40_P20,42,23,total_cost_CNY,0
E40_P20,42,23,thermal_cost_CNY,0
E40_P20,42,23,curtailment_cost_CNY,0
E40_P20,42,23,load_shedding_cost_CNY,0
E40_P20,42,23,storage_variable_om_CNY,0
E40_P20,42,23,storage_investment_allocated_CNY,0
E40_P20,42,23,storage_fixed_om_CNY,0
E40_P20,42,24,renewable_available_MWh,0
E40_P20,42,24,renewable_used_MWh,0
E40_P20,42,24,curtailment_MWh,0
E40_P20,42,24,total_load_MWh,0
E40_P20,42,24,thermal_generation_MWh,0
E40_P20,42,24,unserved_MWh,0
E40_P20,42,24,discharge_MWh,0
E40_P20,42,24,total_cost_CNY,0
E40_P20,42,24,thermal_cost_CNY,0
E40_P20,42,24,curtailment_cost_CNY,0
E40_P20,42,24,load_shedding_cost_CNY,0
E40_P20,42,24,storage_variable_om_CNY,0
E40_P20,42,24,storage_investment_allocated_CNY,0
E40_P20,42,24,storage_fixed_om_CNY,0
E40_P20,42,25,renewable_available_MWh,0
E40_P20,42,25,renewable_used_MWh,0
E40_P20,42,25,curtailment_MWh,0
E40_P20,42,25,total_load_MWh,0
E40_P20,42,25,thermal_generation_MWh,0
E40_P20,42,25,unserved_MWh,0
E40_P20,42,25,discharge_MWh,0
E40_P20,42,25,total_cost_CNY,0
E40_P20,42,25,thermal_cost_CNY,0
E40_P20,42,25,curtailment_cost_CNY,0
E40_P20,42,25,load_shedding_cost_CNY,0
E40_P20,42,25,storage_variable_om_CNY,0
E40_P20,42,25,storage_investment_allocated_CNY,0
E40_P20,42,25,storage_fixed_om_CNY,0
E40_P20,42,26,renewable_available_MWh,0
E40_P20,42,26,renewable_used_MWh,0
E40_P20,42,26,curtailment_MWh,0
E40_P20,42,26,total_load_MWh,0
E40_P20,42,26,thermal_generation_MWh,0
E40_P20,42,26,unserved_MWh,0
E40_P20,42,26,discharge_MWh,0
E40_P20,42,26,total_cost_CNY,0
E40_P20,42,26,thermal_cost_CNY,0
E40_P20,42,26,curtailment_cost_CNY,0
E40_P20,42,26,load_shedding_cost_CNY,0
E40_P20,42,26,storage_variable_om_CNY,0
E40_P20,42,26,storage_investment_allocated_CNY,0
E40_P20,42,26,storage_fixed_om_CNY,0
E40_P20,42,27,renewable_available_MWh,0
E40_P20,42,27,renewable_used_MWh,0
E40_P20,42,27,curtailment_MWh,0
E40_P20,42,27,total_load_MWh,0
E40_P20,42,27,thermal_generation_MWh,0
E40_P20,42,27,unserved_MWh,0
E40_P20,42,27,discharge_MWh,0
E40_P20,42,27,total_cost_CNY,0
E40_P20,42,27,thermal_cost_CNY,0
E40_P20,42,27,curtailment_cost_CNY,0
E40_P20,42,27,load_shedding_cost_CNY,0
E40_P20,42,27,storage_variable_om_CNY,0
E40_P20,42,27,storage_investment_allocated_CNY,0
E40_P20,42,27,storage_fixed_om_CNY,0
E40_P20,42,28,renewable_available_MWh,0
E40_P20,42,28,renewable_used_MWh,0
E40_P20,42,28,curtailment_MWh,0
E40_P20,42,28,total_load_MWh,0
E40_P20,42,28,thermal_generation_MWh,0
E40_P20,42,28,unserved_MWh,0
E40_P20,42,28,discharge_MWh,0
E40_P20,42,28,total_cost_CNY,0
E40_P20,42,28,thermal_cost_CNY,0
E40_P20,42,28,curtailment_cost_CNY,0
E40_P20,42,28,load_shedding_cost_CNY,0
E40_P20,42,28,storage_variable_om_CNY,0
E40_P20,42,28,storage_investment_allocated_CNY,0
E40_P20,42,28,storage_fixed_om_CNY,0
E40_P20,42,29,renewable_available_MWh,0
E40_P20,42,29,renewable_used_MWh,0
E40_P20,42,29,curtailment_MWh,0
E40_P20,42,29,total_load_MWh,0
E40_P20,42,29,thermal_generation_MWh,0
E40_P20,42,29,unserved_MWh,0
E40_P20,42,29,discharge_MWh,0
E40_P20,42,29,total_cost_CNY,0
E40_P20,42,29,thermal_cost_CNY,0
E40_P20,42,29,curtailment_cost_CNY,0
E40_P20,42,29,load_shedding_cost_CNY,0
E40_P20,42,29,storage_variable_om_CNY,0
E40_P20,42,29,storage_investment_allocated_CNY,0
E40_P20,42,29,storage_fixed_om_CNY,0
E40_P20,42,30,renewable_available_MWh,0
E40_P20,42,30,renewable_used_MWh,0
E40_P20,42,30,curtailment_MWh,0
E40_P20,42,30,total_load_MWh,0
E40_P20,42,30,thermal_generation_MWh,0
E40_P20,42,30,unserved_MWh,0
E40_P20,42,30,discharge_MWh,0
E40_P20,42,30,total_cost_CNY,0
E40_P20,42,30,thermal_cost_CNY,0
E40_P20,42,30,curtailment_cost_CNY,0
E40_P20,42,30,load_shedding_cost_CNY,0
E40_P20,42,30,storage_variable_om_CNY,0
E40_P20,42,30,storage_investment_allocated_CNY,0
E40_P20,42,30,storage_fixed_om_CNY,0
E40_P20,42,31,renewable_available_MWh,0
E40_P20,42,31,renewable_used_MWh,0
E40_P20,42,31,curtailment_MWh,0
E40_P20,42,31,total_load_MWh,0
E40_P20,42,31,thermal_generation_MWh,0
E40_P20,42,31,unserved_MWh,0
E40_P20,42,31,discharge_MWh,0
E40_P20,42,31,total_cost_CNY,0
E40_P20,42,31,thermal_cost_CNY,0
E40_P20,42,31,curtailment_cost_CNY,0
E40_P20,42,31,load_shedding_cost_CNY,0
E40_P20,42,31,storage_variable_om_CNY,0
E40_P20,42,31,storage_investment_allocated_CNY,0
E40_P20,42,31,storage_fixed_om_CNY,0
E40_P20,42,32,renewable_available_MWh,0
E40_P20,42,32,renewable_used_MWh,0
E40_P20,42,32,curtailment_MWh,0
E40_P20,42,32,total_load_MWh,0
E40_P20,42,32,thermal_generation_MWh,0
E40_P20,42,32,unserved_MWh,0
E40_P20,42,32,discharge_MWh,0
E40_P20,42,32,total_cost_CNY,0
E40_P20,42,32,thermal_cost_CNY,0
E40_P20,42,32,curtailment_cost_CNY,0
E40_P20,42,32,load_shedding_cost_CNY,0
E40_P20,42,32,storage_variable_om_CNY,0
E40_P20,42,32,storage_investment_allocated_CNY,0
E40_P20,42,32,storage_fixed_om_CNY,0
E40_P20,42,33,renewable_available_MWh,0
E40_P20,42,33,renewable_used_MWh,0
E40_P20,42,33,curtailment_MWh,0
E40_P20,42,33,total_load_MWh,0
E40_P20,42,33,thermal_generation_MWh,0
E40_P20,42,33,unserved_MWh,0
E40_P20,42,33,discharge_MWh,0
E40_P20,42,33,total_cost_CNY,0
E40_P20,42,33,thermal_cost_CNY,0
E40_P20,42,33,curtailment_cost_CNY,0
E40_P20,42,33,load_shedding_cost_CNY,0
E40_P20,42,33,storage_variable_om_CNY,0
E40_P20,42,33,storage_investment_allocated_CNY,0
E40_P20,42,33,storage_fixed_om_CNY,0
E40_P20,42,34,renewable_available_MWh,0
E40_P20,42,34,renewable_used_MWh,0
E40_P20,42,34,curtailment_MWh,0
E40_P20,42,34,total_load_MWh,0
E40_P20,42,34,thermal_generation_MWh,0
E40_P20,42,34,unserved_MWh,0
E40_P20,42,34,discharge_MWh,0
E40_P20,42,34,total_cost_CNY,0
E40_P20,42,34,thermal_cost_CNY,0
E40_P20,42,34,curtailment_cost_CNY,0
E40_P20,42,34,load_shedding_cost_CNY,0
E40_P20,42,34,storage_variable_om_CNY,0
E40_P20,42,34,storage_investment_allocated_CNY,0
E40_P20,42,34,storage_fixed_om_CNY,0
E40_P20,42,35,renewable_available_MWh,0
E40_P20,42,35,renewable_used_MWh,0
E40_P20,42,35,curtailment_MWh,0
E40_P20,42,35,total_load_MWh,0
E40_P20,42,35,thermal_generation_MWh,0
E40_P20,42,35,unserved_MWh,0
E40_P20,42,35,discharge_MWh,0
E40_P20,42,35,total_cost_CNY,0
E40_P20,42,35,thermal_cost_CNY,0
E40_P20,42,35,curtailment_cost_CNY,0
E40_P20,42,35,load_shedding_cost_CNY,0
E40_P20,42,35,storage_variable_om_CNY,0
E40_P20,42,35,storage_investment_allocated_CNY,0
E40_P20,42,35,storage_fixed_om_CNY,0
E40_P20,42,36,renewable_available_MWh,0
E40_P20,42,36,renewable_used_MWh,0
E40_P20,42,36,curtailment_MWh,0
E40_P20,42,36,total_load_MWh,0
E40_P20,42,36,thermal_generation_MWh,0
E40_P20,42,36,unserved_MWh,0
E40_P20,42,36,discharge_MWh,0
E40_P20,42,36,total_cost_CNY,0
E40_P20,42,36,thermal_cost_CNY,0
E40_P20,42,36,curtailment_cost_CNY,0
E40_P20,42,36,load_shedding_cost_CNY,0
E40_P20,42,36,storage_variable_om_CNY,0
E40_P20,42,36,storage_investment_allocated_CNY,0
E40_P20,42,36,storage_fixed_om_CNY,0
E40_P20,42,37,renewable_available_MWh,0
E40_P20,42,37,renewable_used_MWh,0
E40_P20,42,37,curtailment_MWh,0
E40_P20,42,37,total_load_MWh,0
E40_P20,42,37,thermal_generation_MWh,0
E40_P20,42,37,unserved_MWh,0
E40_P20,42,37,discharge_MWh,0
E40_P20,42,37,total_cost_CNY,0
E40_P20,42,37,thermal_cost_CNY,0
E40_P20,42,37,curtailment_cost_CNY,0
E40_P20,42,37,load_shedding_cost_CNY,0
E40_P20,42,37,storage_variable_om_CNY,0
E40_P20,42,37,storage_investment_allocated_CNY,0
E40_P20,42,37,storage_fixed_om_CNY,0
E40_P20,42,38,renewable_available_MWh,0
E40_P20,42,38,renewable_used_MWh,0
E40_P20,42,38,curtailment_MWh,0
E40_P20,42,38,total_load_MWh,0
E40_P20,42,38,thermal_generation_MWh,0
E40_P20,42,38,unserved_MWh,0
E40_P20,42,38,discharge_MWh,0
E40_P20,42,38,total_cost_CNY,0
E40_P20,42,38,thermal_cost_CNY,0
E40_P20,42,38,curtailment_cost_CNY,0
E40_P20,42,38,load_shedding_cost_CNY,0
E40_P20,42,38,storage_variable_om_CNY,0
E40_P20,42,38,storage_investment_allocated_CNY,0
E40_P20,42,38,storage_fixed_om_CNY,0
E40_P20,42,39,renewable_available_MWh,0
E40_P20,42,39,renewable_used_MWh,0
E40_P20,42,39,curtailment_MWh,0
E40_P20,42,39,total_load_MWh,0
E40_P20,42,39,thermal_generation_MWh,0
E40_P20,42,39,unserved_MWh,0
E40_P20,42,39,discharge_MWh,0
E40_P20,42,39,total_cost_CNY,0
E40_P20,42,39,thermal_cost_CNY,0
E40_P20,42,39,curtailment_cost_CNY,0
E40_P20,42,39,load_shedding_cost_CNY,0
E40_P20,42,39,storage_variable_om_CNY,0
E40_P20,42,39,storage_investment_allocated_CNY,0
E40_P20,42,39,storage_fixed_om_CNY,0
E40_P20,42,40,renewable_available_MWh,0
E40_P20,42,40,renewable_used_MWh,0
E40_P20,42,40,curtailment_MWh,0
E40_P20,42,40,total_load_MWh,0
E40_P20,42,40,thermal_generation_MWh,0
E40_P20,42,40,unserved_MWh,0
E40_P20,42,40,discharge_MWh,0
E40_P20,42,40,total_cost_CNY,0
E40_P20,42,40,thermal_cost_CNY,0
E40_P20,42,40,curtailment_cost_CNY,0
E40_P20,42,40,load_shedding_cost_CNY,0
E40_P20,42,40,storage_variable_om_CNY,0
E40_P20,42,40,storage_investment_allocated_CNY,0
E40_P20,42,40,storage_fixed_om_CNY,0
E40_P20,42,41,renewable_available_MWh,0
E40_P20,42,41,renewable_used_MWh,0
E40_P20,42,41,curtailment_MWh,0
E40_P20,42,41,total_load_MWh,0
E40_P20,42,41,thermal_generation_MWh,0
E40_P20,42,41,unserved_MWh,0
E40_P20,42,41,discharge_MWh,0
E40_P20,42,41,total_cost_CNY,0
E40_P20,42,41,thermal_cost_CNY,0
E40_P20,42,41,curtailment_cost_CNY,0
E40_P20,42,41,load_shedding_cost_CNY,0
E40_P20,42,41,storage_variable_om_CNY,0
E40_P20,42,41,storage_investment_allocated_CNY,0
E40_P20,42,41,storage_fixed_om_CNY,0
E40_P20,42,42,renewable_available_MWh,0
E40_P20,42,42,renewable_used_MWh,0
E40_P20,42,42,curtailment_MWh,0
E40_P20,42,42,total_load_MWh,0
E40_P20,42,42,thermal_generation_MWh,0
E40_P20,42,42,unserved_MWh,0
E40_P20,42,42,discharge_MWh,0
E40_P20,42,42,total_cost_CNY,0
E40_P20,42,42,thermal_cost_CNY,0
E40_P20,42,42,curtailment_cost_CNY,0
E40_P20,42,42,load_shedding_cost_CNY,0
E40_P20,42,42,storage_variable_om_CNY,0
E40_P20,42,42,storage_investment_allocated_CNY,0
E40_P20,42,42,storage_fixed_om_CNY,0
E40_P20,42,43,renewable_available_MWh,0
E40_P20,42,43,renewable_used_MWh,0
E40_P20,42,43,curtailment_MWh,0
E40_P20,42,43,total_load_MWh,0
E40_P20,42,43,thermal_generation_MWh,0
E40_P20,42,43,unserved_MWh,0
E40_P20,42,43,discharge_MWh,0
E40_P20,42,43,total_cost_CNY,0
E40_P20,42,43,thermal_cost_CNY,0
E40_P20,42,43,curtailment_cost_CNY,0
E40_P20,42,43,load_shedding_cost_CNY,0
E40_P20,42,43,storage_variable_om_CNY,0
E40_P20,42,43,storage_investment_allocated_CNY,0
E40_P20,42,43,storage_fixed_om_CNY,0
E40_P20,42,44,renewable_available_MWh,0
E40_P20,42,44,renewable_used_MWh,0
E40_P20,42,44,curtailment_MWh,0
E40_P20,42,44,total_load_MWh,0
E40_P20,42,44,thermal_generation_MWh,0
E40_P20,42,44,unserved_MWh,0
E40_P20,42,44,discharge_MWh,0
E40_P20,42,44,total_cost_CNY,0
E40_P20,42,44,thermal_cost_CNY,0
E40_P20,42,44,curtailment_cost_CNY,0
E40_P20,42,44,load_shedding_cost_CNY,0
E40_P20,42,44,storage_variable_om_CNY,0
E40_P20,42,44,storage_investment_allocated_CNY,0
E40_P20,42,44,storage_fixed_om_CNY,0
E40_P20,42,45,renewable_available_MWh,0
E40_P20,42,45,renewable_used_MWh,0
E40_P20,42,45,curtailment_MWh,0
E40_P20,42,45,total_load_MWh,0
E40_P20,42,45,thermal_generation_MWh,0
E40_P20,42,45,unserved_MWh,0
E40_P20,42,45,discharge_MWh,0
E40_P20,42,45,total_cost_CNY,0
E40_P20,42,45,thermal_cost_CNY,0
E40_P20,42,45,curtailment_cost_CNY,0
E40_P20,42,45,load_shedding_cost_CNY,0
E40_P20,42,45,storage_variable_om_CNY,0
E40_P20,42,45,storage_investment_allocated_CNY,0
E40_P20,42,45,storage_fixed_om_CNY,0
E40_P20,42,46,renewable_available_MWh,0
E40_P20,42,46,renewable_used_MWh,0
E40_P20,42,46,curtailment_MWh,0
E40_P20,42,46,total_load_MWh,0
E40_P20,42,46,thermal_generation_MWh,0
E40_P20,42,46,unserved_MWh,0
E40_P20,42,46,discharge_MWh,0
E40_P20,42,46,total_cost_CNY,0
E40_P20,42,46,thermal_cost_CNY,0
E40_P20,42,46,curtailment_cost_CNY,0
E40_P20,42,46,load_shedding_cost_CNY,0
E40_P20,42,46,storage_variable_om_CNY,0
E40_P20,42,46,storage_investment_allocated_CNY,0
E40_P20,42,46,storage_fixed_om_CNY,0
E40_P20,42,47,renewable_available_MWh,0
E40_P20,42,47,renewable_used_MWh,0
E40_P20,42,47,curtailment_MWh,0
E40_P20,42,47,total_load_MWh,0
E40_P20,42,47,thermal_generation_MWh,0
E40_P20,42,47,unserved_MWh,0
E40_P20,42,47,discharge_MWh,0
E40_P20,42,47,total_cost_CNY,0
E40_P20,42,47,thermal_cost_CNY,0
E40_P20,42,47,curtailment_cost_CNY,0
E40_P20,42,47,load_shedding_cost_CNY,0
E40_P20,42,47,storage_variable_om_CNY,0
E40_P20,42,47,storage_investment_allocated_CNY,0
E40_P20,42,47,storage_fixed_om_CNY,0
E40_P20,7,0,renewable_available_MWh,0
E40_P20,7,0,renewable_used_MWh,0
E40_P20,7,0,curtailment_MWh,0
E40_P20,7,0,total_load_MWh,0
E40_P20,7,0,thermal_generation_MWh,0
E40_P20,7,0,unserved_MWh,0
E40_P20,7,0,discharge_MWh,0
E40_P20,7,0,total_cost_CNY,0
E40_P20,7,0,thermal_cost_CNY,0
E40_P20,7,0,curtailment_cost_CNY,0
E40_P20,7,0,load_shedding_cost_CNY,0
E40_P20,7,0,storage_variable_om_CNY,0
E40_P20,7,0,storage_investment_allocated_CNY,0
E40_P20,7,0,storage_fixed_om_CNY,0
E40_P20,7,1,renewable_available_MWh,0
E40_P20,7,1,renewable_used_MWh,0
E40_P20,7,1,curtailment_MWh,0
E40_P20,7,1,total_load_MWh,0
E40_P20,7,1,thermal_generation_MWh,0
E40_P20,7,1,unserved_MWh,0
E40_P20,7,1,discharge_MWh,0
E40_P20,7,1,total_cost_CNY,0
E40_P20,7,1,thermal_cost_CNY,0
E40_P20,7,1,curtailment_cost_CNY,0
E40_P20,7,1,load_shedding_cost_CNY,0
E40_P20,7,1,storage_variable_om_CNY,0
E40_P20,7,1,storage_investment_allocated_CNY,0
E40_P20,7,1,storage_fixed_om_CNY,0
E40_P20,7,2,renewable_available_MWh,0
E40_P20,7,2,renewable_used_MWh,0
E40_P20,7,2,curtailment_MWh,0
E40_P20,7,2,total_load_MWh,0
E40_P20,7,2,thermal_generation_MWh,0
E40_P20,7,2,unserved_MWh,0
E40_P20,7,2,discharge_MWh,0
E40_P20,7,2,total_cost_CNY,0
E40_P20,7,2,thermal_cost_CNY,0
E40_P20,7,2,curtailment_cost_CNY,0
E40_P20,7,2,load_shedding_cost_CNY,0
E40_P20,7,2,storage_variable_om_CNY,0
E40_P20,7,2,storage_investment_allocated_CNY,0
E40_P20,7,2,storage_fixed_om_CNY,0
E40_P20,7,3,renewable_available_MWh,0
E40_P20,7,3,renewable_used_MWh,0
E40_P20,7,3,curtailment_MWh,0
E40_P20,7,3,total_load_MWh,0
E40_P20,7,3,thermal_generation_MWh,0
E40_P20,7,3,unserved_MWh,0
E40_P20,7,3,discharge_MWh,0
E40_P20,7,3,total_cost_CNY,0
E40_P20,7,3,thermal_cost_CNY,0
E40_P20,7,3,curtailment_cost_CNY,0
E40_P20,7,3,load_shedding_cost_CNY,0
E40_P20,7,3,storage_variable_om_CNY,0
E40_P20,7,3,storage_investment_allocated_CNY,0
E40_P20,7,3,storage_fixed_om_CNY,0
E40_P20,7,4,renewable_available_MWh,0
E40_P20,7,4,renewable_used_MWh,0
E40_P20,7,4,curtailment_MWh,0
E40_P20,7,4,total_load_MWh,0
E40_P20,7,4,thermal_generation_MWh,0
E40_P20,7,4,unserved_MWh,0
E40_P20,7,4,discharge_MWh,0
E40_P20,7,4,total_cost_CNY,0
E40_P20,7,4,thermal_cost_CNY,0
E40_P20,7,4,curtailment_cost_CNY,0
E40_P20,7,4,load_shedding_cost_CNY,0
E40_P20,7,4,storage_variable_om_CNY,0
E40_P20,7,4,storage_investment_allocated_CNY,0
E40_P20,7,4,storage_fixed_om_CNY,0
E40_P20,7,5,renewable_available_MWh,0
E40_P20,7,5,renewable_used_MWh,0
E40_P20,7,5,curtailment_MWh,0
E40_P20,7,5,total_load_MWh,0
E40_P20,7,5,thermal_generation_MWh,0
E40_P20,7,5,unserved_MWh,0
E40_P20,7,5,discharge_MWh,0
E40_P20,7,5,total_cost_CNY,0
E40_P20,7,5,thermal_cost_CNY,0
E40_P20,7,5,curtailment_cost_CNY,0
E40_P20,7,5,load_shedding_cost_CNY,0
E40_P20,7,5,storage_variable_om_CNY,0
E40_P20,7,5,storage_investment_allocated_CNY,0
E40_P20,7,5,storage_fixed_om_CNY,0
E40_P20,7,6,renewable_available_MWh,0
E40_P20,7,6,renewable_used_MWh,0
E40_P20,7,6,curtailment_MWh,0
E40_P20,7,6,total_load_MWh,0
E40_P20,7,6,thermal_generation_MWh,0
E40_P20,7,6,unserved_MWh,0
E40_P20,7,6,discharge_MWh,0
E40_P20,7,6,total_cost_CNY,0
E40_P20,7,6,thermal_cost_CNY,0
E40_P20,7,6,curtailment_cost_CNY,0
E40_P20,7,6,load_shedding_cost_CNY,0
E40_P20,7,6,storage_variable_om_CNY,0
E40_P20,7,6,storage_investment_allocated_CNY,0
E40_P20,7,6,storage_fixed_om_CNY,0
E40_P20,7,7,renewable_available_MWh,0
E40_P20,7,7,renewable_used_MWh,0
E40_P20,7,7,curtailment_MWh,0
E40_P20,7,7,total_load_MWh,0
E40_P20,7,7,thermal_generation_MWh,0
E40_P20,7,7,unserved_MWh,0
E40_P20,7,7,discharge_MWh,0
E40_P20,7,7,total_cost_CNY,0
E40_P20,7,7,thermal_cost_CNY,0
E40_P20,7,7,curtailment_cost_CNY,0
E40_P20,7,7,load_shedding_cost_CNY,0
E40_P20,7,7,storage_variable_om_CNY,0
E40_P20,7,7,storage_investment_allocated_CNY,0
E40_P20,7,7,storage_fixed_om_CNY,0
E40_P20,7,8,renewable_available_MWh,0
E40_P20,7,8,renewable_used_MWh,0
E40_P20,7,8,curtailment_MWh,0
E40_P20,7,8,total_load_MWh,0
E40_P20,7,8,thermal_generation_MWh,0
E40_P20,7,8,unserved_MWh,0
E40_P20,7,8,discharge_MWh,0
E40_P20,7,8,total_cost_CNY,0
E40_P20,7,8,thermal_cost_CNY,0
E40_P20,7,8,curtailment_cost_CNY,0
E40_P20,7,8,load_shedding_cost_CNY,0
E40_P20,7,8,storage_variable_om_CNY,0
E40_P20,7,8,storage_investment_allocated_CNY,0
E40_P20,7,8,storage_fixed_om_CNY,0
E40_P20,7,9,renewable_available_MWh,0
E40_P20,7,9,renewable_used_MWh,0
E40_P20,7,9,curtailment_MWh,0
E40_P20,7,9,total_load_MWh,0
E40_P20,7,9,thermal_generation_MWh,0
E40_P20,7,9,unserved_MWh,0
E40_P20,7,9,discharge_MWh,0
E40_P20,7,9,total_cost_CNY,0
E40_P20,7,9,thermal_cost_CNY,0
E40_P20,7,9,curtailment_cost_CNY,0
E40_P20,7,9,load_shedding_cost_CNY,0
E40_P20,7,9,storage_variable_om_CNY,0
E40_P20,7,9,storage_investment_allocated_CNY,0
E40_P20,7,9,storage_fixed_om_CNY,0
E40_P20,7,10,renewable_available_MWh,0
E40_P20,7,10,renewable_used_MWh,0
E40_P20,7,10,curtailment_MWh,0
E40_P20,7,10,total_load_MWh,0
E40_P20,7,10,thermal_generation_MWh,0
E40_P20,7,10,unserved_MWh,0
E40_P20,7,10,discharge_MWh,0
E40_P20,7,10,total_cost_CNY,0
E40_P20,7,10,thermal_cost_CNY,0
E40_P20,7,10,curtailment_cost_CNY,0
E40_P20,7,10,load_shedding_cost_CNY,0
E40_P20,7,10,storage_variable_om_CNY,0
E40_P20,7,10,storage_investment_allocated_CNY,0
E40_P20,7,10,storage_fixed_om_CNY,0
E40_P20,7,11,renewable_available_MWh,0
E40_P20,7,11,renewable_used_MWh,0
E40_P20,7,11,curtailment_MWh,0
E40_P20,7,11,total_load_MWh,0
E40_P20,7,11,thermal_generation_MWh,0
E40_P20,7,11,unserved_MWh,0
E40_P20,7,11,discharge_MWh,0
E40_P20,7,11,total_cost_CNY,0
E40_P20,7,11,thermal_cost_CNY,0
E40_P20,7,11,curtailment_cost_CNY,0
E40_P20,7,11,load_shedding_cost_CNY,0
E40_P20,7,11,storage_variable_om_CNY,0
E40_P20,7,11,storage_investment_allocated_CNY,0
E40_P20,7,11,storage_fixed_om_CNY,0
E40_P20,7,12,renewable_available_MWh,0
E40_P20,7,12,renewable_used_MWh,0
E40_P20,7,12,curtailment_MWh,0
E40_P20,7,12,total_load_MWh,0
E40_P20,7,12,thermal_generation_MWh,0
E40_P20,7,12,unserved_MWh,0
E40_P20,7,12,discharge_MWh,0
E40_P20,7,12,total_cost_CNY,0
E40_P20,7,12,thermal_cost_CNY,0
E40_P20,7,12,curtailment_cost_CNY,0
E40_P20,7,12,load_shedding_cost_CNY,0
E40_P20,7,12,storage_variable_om_CNY,0
E40_P20,7,12,storage_investment_allocated_CNY,0
E40_P20,7,12,storage_fixed_om_CNY,0
E40_P20,7,13,renewable_available_MWh,0
E40_P20,7,13,renewable_used_MWh,0
E40_P20,7,13,curtailment_MWh,0
E40_P20,7,13,total_load_MWh,0
E40_P20,7,13,thermal_generation_MWh,0
E40_P20,7,13,unserved_MWh,0
E40_P20,7,13,discharge_MWh,0
E40_P20,7,13,total_cost_CNY,0
E40_P20,7,13,thermal_cost_CNY,0
E40_P20,7,13,curtailment_cost_CNY,0
E40_P20,7,13,load_shedding_cost_CNY,0
E40_P20,7,13,storage_variable_om_CNY,0
E40_P20,7,13,storage_investment_allocated_CNY,0
E40_P20,7,13,storage_fixed_om_CNY,0
E40_P20,7,14,renewable_available_MWh,0
E40_P20,7,14,renewable_used_MWh,0
E40_P20,7,14,curtailment_MWh,0
E40_P20,7,14,total_load_MWh,0
E40_P20,7,14,thermal_generation_MWh,0
E40_P20,7,14,unserved_MWh,0
E40_P20,7,14,discharge_MWh,0
E40_P20,7,14,total_cost_CNY,0
E40_P20,7,14,thermal_cost_CNY,0
E40_P20,7,14,curtailment_cost_CNY,0
E40_P20,7,14,load_shedding_cost_CNY,0
E40_P20,7,14,storage_variable_om_CNY,0
E40_P20,7,14,storage_investment_allocated_CNY,0
E40_P20,7,14,storage_fixed_om_CNY,0
E40_P20,7,15,renewable_available_MWh,0
E40_P20,7,15,renewable_used_MWh,0
E40_P20,7,15,curtailment_MWh,0
E40_P20,7,15,total_load_MWh,0
E40_P20,7,15,thermal_generation_MWh,0
E40_P20,7,15,unserved_MWh,0
E40_P20,7,15,discharge_MWh,0
E40_P20,7,15,total_cost_CNY,0
E40_P20,7,15,thermal_cost_CNY,0
E40_P20,7,15,curtailment_cost_CNY,0
E40_P20,7,15,load_shedding_cost_CNY,0
E40_P20,7,15,storage_variable_om_CNY,0
E40_P20,7,15,storage_investment_allocated_CNY,0
E40_P20,7,15,storage_fixed_om_CNY,0
E40_P20,7,16,renewable_available_MWh,0
E40_P20,7,16,renewable_used_MWh,0
E40_P20,7,16,curtailment_MWh,0
E40_P20,7,16,total_load_MWh,0
E40_P20,7,16,thermal_generation_MWh,0
E40_P20,7,16,unserved_MWh,0
E40_P20,7,16,discharge_MWh,0
E40_P20,7,16,total_cost_CNY,0
E40_P20,7,16,thermal_cost_CNY,0
E40_P20,7,16,curtailment_cost_CNY,0
E40_P20,7,16,load_shedding_cost_CNY,0
E40_P20,7,16,storage_variable_om_CNY,0
E40_P20,7,16,storage_investment_allocated_CNY,0
E40_P20,7,16,storage_fixed_om_CNY,0
E40_P20,7,17,renewable_available_MWh,0
E40_P20,7,17,renewable_used_MWh,0
E40_P20,7,17,curtailment_MWh,0
E40_P20,7,17,total_load_MWh,0
E40_P20,7,17,thermal_generation_MWh,0
E40_P20,7,17,unserved_MWh,0
E40_P20,7,17,discharge_MWh,0
E40_P20,7,17,total_cost_CNY,0
E40_P20,7,17,thermal_cost_CNY,0
E40_P20,7,17,curtailment_cost_CNY,0
E40_P20,7,17,load_shedding_cost_CNY,0
E40_P20,7,17,storage_variable_om_CNY,0
E40_P20,7,17,storage_investment_allocated_CNY,0
E40_P20,7,17,storage_fixed_om_CNY,0
E40_P20,7,18,renewable_available_MWh,0
E40_P20,7,18,renewable_used_MWh,0
E40_P20,7,18,curtailment_MWh,0
E40_P20,7,18,total_load_MWh,0
E40_P20,7,18,thermal_generation_MWh,0
E40_P20,7,18,unserved_MWh,0
E40_P20,7,18,discharge_MWh,0
E40_P20,7,18,total_cost_CNY,0
E40_P20,7,18,thermal_cost_CNY,0
E40_P20,7,18,curtailment_cost_CNY,0
E40_P20,7,18,load_shedding_cost_CNY,0
E40_P20,7,18,storage_variable_om_CNY,0
E40_P20,7,18,storage_investment_allocated_CNY,0
E40_P20,7,18,storage_fixed_om_CNY,0
E40_P20,7,19,renewable_available_MWh,0
E40_P20,7,19,renewable_used_MWh,0
E40_P20,7,19,curtailment_MWh,0
E40_P20,7,19,total_load_MWh,0
E40_P20,7,19,thermal_generation_MWh,0
E40_P20,7,19,unserved_MWh,0
E40_P20,7,19,discharge_MWh,0
E40_P20,7,19,total_cost_CNY,0
E40_P20,7,19,thermal_cost_CNY,0
E40_P20,7,19,curtailment_cost_CNY,0
E40_P20,7,19,load_shedding_cost_CNY,0
E40_P20,7,19,storage_variable_om_CNY,0
E40_P20,7,19,storage_investment_allocated_CNY,0
E40_P20,7,19,storage_fixed_om_CNY,0
E40_P20,7,20,renewable_available_MWh,0
E40_P20,7,20,renewable_used_MWh,0
E40_P20,7,20,curtailment_MWh,0
E40_P20,7,20,total_load_MWh,0
E40_P20,7,20,thermal_generation_MWh,0
E40_P20,7,20,unserved_MWh,0
E40_P20,7,20,discharge_MWh,0
E40_P20,7,20,total_cost_CNY,0
E40_P20,7,20,thermal_cost_CNY,0
E40_P20,7,20,curtailment_cost_CNY,0
E40_P20,7,20,load_shedding_cost_CNY,0
E40_P20,7,20,storage_variable_om_CNY,0
E40_P20,7,20,storage_investment_allocated_CNY,0
E40_P20,7,20,storage_fixed_om_CNY,0
E40_P20,7,21,renewable_available_MWh,0
E40_P20,7,21,renewable_used_MWh,0
E40_P20,7,21,curtailment_MWh,0
E40_P20,7,21,total_load_MWh,0
E40_P20,7,21,thermal_generation_MWh,0
E40_P20,7,21,unserved_MWh,0
E40_P20,7,21,discharge_MWh,0
E40_P20,7,21,total_cost_CNY,0
E40_P20,7,21,thermal_cost_CNY,0
E40_P20,7,21,curtailment_cost_CNY,0
E40_P20,7,21,load_shedding_cost_CNY,0
E40_P20,7,21,storage_variable_om_CNY,0
E40_P20,7,21,storage_investment_allocated_CNY,0
E40_P20,7,21,storage_fixed_om_CNY,0
E40_P20,7,22,renewable_available_MWh,0
E40_P20,7,22,renewable_used_MWh,0
E40_P20,7,22,curtailment_MWh,0
E40_P20,7,22,total_load_MWh,0
E40_P20,7,22,thermal_generation_MWh,0
E40_P20,7,22,unserved_MWh,0
E40_P20,7,22,discharge_MWh,0
E40_P20,7,22,total_cost_CNY,0
E40_P20,7,22,thermal_cost_CNY,0
E40_P20,7,22,curtailment_cost_CNY,0
E40_P20,7,22,load_shedding_cost_CNY,0
E40_P20,7,22,storage_variable_om_CNY,0
E40_P20,7,22,storage_investment_allocated_CNY,0
E40_P20,7,22,storage_fixed_om_CNY,0
E40_P20,7,23,renewable_available_MWh,0
E40_P20,7,23,renewable_used_MWh,0
E40_P20,7,23,curtailment_MWh,0
E40_P20,7,23,total_load_MWh,0
E40_P20,7,23,thermal_generation_MWh,0
E40_P20,7,23,unserved_MWh,0
E40_P20,7,23,discharge_MWh,0
E40_P20,7,23,total_cost_CNY,0
E40_P20,7,23,thermal_cost_CNY,0
E40_P20,7,23,curtailment_cost_CNY,0
E40_P20,7,23,load_shedding_cost_CNY,0
E40_P20,7,23,storage_variable_om_CNY,0
E40_P20,7,23,storage_investment_allocated_CNY,0
E40_P20,7,23,storage_fixed_om_CNY,0
E40_P20,7,24,renewable_available_MWh,0
E40_P20,7,24,renewable_used_MWh,0
E40_P20,7,24,curtailment_MWh,0
E40_P20,7,24,total_load_MWh,0
E40_P20,7,24,thermal_generation_MWh,0
E40_P20,7,24,unserved_MWh,0
E40_P20,7,24,discharge_MWh,0
E40_P20,7,24,total_cost_CNY,0
E40_P20,7,24,thermal_cost_CNY,0
E40_P20,7,24,curtailment_cost_CNY,0
E40_P20,7,24,load_shedding_cost_CNY,0
E40_P20,7,24,storage_variable_om_CNY,0
E40_P20,7,24,storage_investment_allocated_CNY,0
E40_P20,7,24,storage_fixed_om_CNY,0
E40_P20,7,25,renewable_available_MWh,0
E40_P20,7,25,renewable_used_MWh,0
E40_P20,7,25,curtailment_MWh,0
E40_P20,7,25,total_load_MWh,0
E40_P20,7,25,thermal_generation_MWh,0
E40_P20,7,25,unserved_MWh,0
E40_P20,7,25,discharge_MWh,0
E40_P20,7,25,total_cost_CNY,0
E40_P20,7,25,thermal_cost_CNY,0
E40_P20,7,25,curtailment_cost_CNY,0
E40_P20,7,25,load_shedding_cost_CNY,0
E40_P20,7,25,storage_variable_om_CNY,0
E40_P20,7,25,storage_investment_allocated_CNY,0
E40_P20,7,25,storage_fixed_om_CNY,0
E40_P20,7,26,renewable_available_MWh,0
E40_P20,7,26,renewable_used_MWh,0
E40_P20,7,26,curtailment_MWh,0
E40_P20,7,26,total_load_MWh,0
E40_P20,7,26,thermal_generation_MWh,0
E40_P20,7,26,unserved_MWh,0
E40_P20,7,26,discharge_MWh,0
E40_P20,7,26,total_cost_CNY,0
E40_P20,7,26,thermal_cost_CNY,0
E40_P20,7,26,curtailment_cost_CNY,0
E40_P20,7,26,load_shedding_cost_CNY,0
E40_P20,7,26,storage_variable_om_CNY,0
E40_P20,7,26,storage_investment_allocated_CNY,0
E40_P20,7,26,storage_fixed_om_CNY,0
E40_P20,7,27,renewable_available_MWh,0
E40_P20,7,27,renewable_used_MWh,0
E40_P20,7,27,curtailment_MWh,0
E40_P20,7,27,total_load_MWh,0
E40_P20,7,27,thermal_generation_MWh,0
E40_P20,7,27,unserved_MWh,0
E40_P20,7,27,discharge_MWh,0
E40_P20,7,27,total_cost_CNY,0
E40_P20,7,27,thermal_cost_CNY,0
E40_P20,7,27,curtailment_cost_CNY,0
E40_P20,7,27,load_shedding_cost_CNY,0
E40_P20,7,27,storage_variable_om_CNY,0
E40_P20,7,27,storage_investment_allocated_CNY,0
E40_P20,7,27,storage_fixed_om_CNY,0
E40_P20,7,28,renewable_available_MWh,0
E40_P20,7,28,renewable_used_MWh,0
E40_P20,7,28,curtailment_MWh,0
E40_P20,7,28,total_load_MWh,0
E40_P20,7,28,thermal_generation_MWh,0
E40_P20,7,28,unserved_MWh,0
E40_P20,7,28,discharge_MWh,0
E40_P20,7,28,total_cost_CNY,0
E40_P20,7,28,thermal_cost_CNY,0
E40_P20,7,28,curtailment_cost_CNY,0
E40_P20,7,28,load_shedding_cost_CNY,0
E40_P20,7,28,storage_variable_om_CNY,0
E40_P20,7,28,storage_investment_allocated_CNY,0
E40_P20,7,28,storage_fixed_om_CNY,0
E40_P20,7,29,renewable_available_MWh,0
E40_P20,7,29,renewable_used_MWh,0
E40_P20,7,29,curtailment_MWh,0
E40_P20,7,29,total_load_MWh,0
E40_P20,7,29,thermal_generation_MWh,0
E40_P20,7,29,unserved_MWh,0
E40_P20,7,29,discharge_MWh,0
E40_P20,7,29,total_cost_CNY,0
E40_P20,7,29,thermal_cost_CNY,0
E40_P20,7,29,curtailment_cost_CNY,0
E40_P20,7,29,load_shedding_cost_CNY,0
E40_P20,7,29,storage_variable_om_CNY,0
E40_P20,7,29,storage_investment_allocated_CNY,0
E40_P20,7,29,storage_fixed_om_CNY,0
E40_P20,7,30,renewable_available_MWh,0
E40_P20,7,30,renewable_used_MWh,0
E40_P20,7,30,curtailment_MWh,0
E40_P20,7,30,total_load_MWh,0
E40_P20,7,30,thermal_generation_MWh,0
E40_P20,7,30,unserved_MWh,0
E40_P20,7,30,discharge_MWh,0
E40_P20,7,30,total_cost_CNY,0
E40_P20,7,30,thermal_cost_CNY,0
E40_P20,7,30,curtailment_cost_CNY,0
E40_P20,7,30,load_shedding_cost_CNY,0
E40_P20,7,30,storage_variable_om_CNY,0
E40_P20,7,30,storage_investment_allocated_CNY,0
E40_P20,7,30,storage_fixed_om_CNY,0
E40_P20,7,31,renewable_available_MWh,0
E40_P20,7,31,renewable_used_MWh,0
E40_P20,7,31,curtailment_MWh,0
E40_P20,7,31,total_load_MWh,0
E40_P20,7,31,thermal_generation_MWh,0
E40_P20,7,31,unserved_MWh,0
E40_P20,7,31,discharge_MWh,0
E40_P20,7,31,total_cost_CNY,0
E40_P20,7,31,thermal_cost_CNY,0
E40_P20,7,31,curtailment_cost_CNY,0
E40_P20,7,31,load_shedding_cost_CNY,0
E40_P20,7,31,storage_variable_om_CNY,0
E40_P20,7,31,storage_investment_allocated_CNY,0
E40_P20,7,31,storage_fixed_om_CNY,0
E40_P20,7,32,renewable_available_MWh,0
E40_P20,7,32,renewable_used_MWh,0
E40_P20,7,32,curtailment_MWh,0
E40_P20,7,32,total_load_MWh,0
E40_P20,7,32,thermal_generation_MWh,0
E40_P20,7,32,unserved_MWh,0
E40_P20,7,32,discharge_MWh,0
E40_P20,7,32,total_cost_CNY,0
E40_P20,7,32,thermal_cost_CNY,0
E40_P20,7,32,curtailment_cost_CNY,0
E40_P20,7,32,load_shedding_cost_CNY,0
E40_P20,7,32,storage_variable_om_CNY,0
E40_P20,7,32,storage_investment_allocated_CNY,0
E40_P20,7,32,storage_fixed_om_CNY,0
E40_P20,7,33,renewable_available_MWh,0
E40_P20,7,33,renewable_used_MWh,0
E40_P20,7,33,curtailment_MWh,0
E40_P20,7,33,total_load_MWh,0
E40_P20,7,33,thermal_generation_MWh,0
E40_P20,7,33,unserved_MWh,0
E40_P20,7,33,discharge_MWh,0
E40_P20,7,33,total_cost_CNY,0
E40_P20,7,33,thermal_cost_CNY,0
E40_P20,7,33,curtailment_cost_CNY,0
E40_P20,7,33,load_shedding_cost_CNY,0
E40_P20,7,33,storage_variable_om_CNY,0
E40_P20,7,33,storage_investment_allocated_CNY,0
E40_P20,7,33,storage_fixed_om_CNY,0
E40_P20,7,34,renewable_available_MWh,0
E40_P20,7,34,renewable_used_MWh,0
E40_P20,7,34,curtailment_MWh,0
E40_P20,7,34,total_load_MWh,0
E40_P20,7,34,thermal_generation_MWh,0
E40_P20,7,34,unserved_MWh,0
E40_P20,7,34,discharge_MWh,0
E40_P20,7,34,total_cost_CNY,0
E40_P20,7,34,thermal_cost_CNY,0
E40_P20,7,34,curtailment_cost_CNY,0
E40_P20,7,34,load_shedding_cost_CNY,0
E40_P20,7,34,storage_variable_om_CNY,0
E40_P20,7,34,storage_investment_allocated_CNY,0
E40_P20,7,34,storage_fixed_om_CNY,0
E40_P20,7,35,renewable_available_MWh,0
E40_P20,7,35,renewable_used_MWh,0
E40_P20,7,35,curtailment_MWh,0
E40_P20,7,35,total_load_MWh,0
E40_P20,7,35,thermal_generation_MWh,0
E40_P20,7,35,unserved_MWh,0
E40_P20,7,35,discharge_MWh,0
E40_P20,7,35,total_cost_CNY,0
E40_P20,7,35,thermal_cost_CNY,0
E40_P20,7,35,curtailment_cost_CNY,0
E40_P20,7,35,load_shedding_cost_CNY,0
E40_P20,7,35,storage_variable_om_CNY,0
E40_P20,7,35,storage_investment_allocated_CNY,0
E40_P20,7,35,storage_fixed_om_CNY,0
E40_P20,7,36,renewable_available_MWh,0
E40_P20,7,36,renewable_used_MWh,0
E40_P20,7,36,curtailment_MWh,0
E40_P20,7,36,total_load_MWh,0
E40_P20,7,36,thermal_generation_MWh,0
E40_P20,7,36,unserved_MWh,0
E40_P20,7,36,discharge_MWh,0
E40_P20,7,36,total_cost_CNY,0
E40_P20,7,36,thermal_cost_CNY,0
E40_P20,7,36,curtailment_cost_CNY,0
E40_P20,7,36,load_shedding_cost_CNY,0
E40_P20,7,36,storage_variable_om_CNY,0
E40_P20,7,36,storage_investment_allocated_CNY,0
E40_P20,7,36,storage_fixed_om_CNY,0
E40_P20,7,37,renewable_available_MWh,0
E40_P20,7,37,renewable_used_MWh,0
E40_P20,7,37,curtailment_MWh,0
E40_P20,7,37,total_load_MWh,0
E40_P20,7,37,thermal_generation_MWh,0
E40_P20,7,37,unserved_MWh,0
E40_P20,7,37,discharge_MWh,0
E40_P20,7,37,total_cost_CNY,0
E40_P20,7,37,thermal_cost_CNY,0
E40_P20,7,37,curtailment_cost_CNY,0
E40_P20,7,37,load_shedding_cost_CNY,0
E40_P20,7,37,storage_variable_om_CNY,0
E40_P20,7,37,storage_investment_allocated_CNY,0
E40_P20,7,37,storage_fixed_om_CNY,0
E40_P20,7,38,renewable_available_MWh,0
E40_P20,7,38,renewable_used_MWh,0
E40_P20,7,38,curtailment_MWh,0
E40_P20,7,38,total_load_MWh,0
E40_P20,7,38,thermal_generation_MWh,0
E40_P20,7,38,unserved_MWh,0
E40_P20,7,38,discharge_MWh,0
E40_P20,7,38,total_cost_CNY,0
E40_P20,7,38,thermal_cost_CNY,0
E40_P20,7,38,curtailment_cost_CNY,0
E40_P20,7,38,load_shedding_cost_CNY,0
E40_P20,7,38,storage_variable_om_CNY,0
E40_P20,7,38,storage_investment_allocated_CNY,0
E40_P20,7,38,storage_fixed_om_CNY,0
E40_P20,7,39,renewable_available_MWh,0
E40_P20,7,39,renewable_used_MWh,0
E40_P20,7,39,curtailment_MWh,0
E40_P20,7,39,total_load_MWh,0
E40_P20,7,39,thermal_generation_MWh,0
E40_P20,7,39,unserved_MWh,0
E40_P20,7,39,discharge_MWh,0
E40_P20,7,39,total_cost_CNY,0
E40_P20,7,39,thermal_cost_CNY,0
E40_P20,7,39,curtailment_cost_CNY,0
E40_P20,7,39,load_shedding_cost_CNY,0
E40_P20,7,39,storage_variable_om_CNY,0
E40_P20,7,39,storage_investment_allocated_CNY,0
E40_P20,7,39,storage_fixed_om_CNY,0
E40_P20,7,40,renewable_available_MWh,0
E40_P20,7,40,renewable_used_MWh,0
E40_P20,7,40,curtailment_MWh,0
E40_P20,7,40,total_load_MWh,0
E40_P20,7,40,thermal_generation_MWh,0
E40_P20,7,40,unserved_MWh,0
E40_P20,7,40,discharge_MWh,0
E40_P20,7,40,total_cost_CNY,0
E40_P20,7,40,thermal_cost_CNY,0
E40_P20,7,40,curtailment_cost_CNY,0
E40_P20,7,40,load_shedding_cost_CNY,0
E40_P20,7,40,storage_variable_om_CNY,0
E40_P20,7,40,storage_investment_allocated_CNY,0
E40_P20,7,40,storage_fixed_om_CNY,0
E40_P20,7,41,renewable_available_MWh,0
E40_P20,7,41,renewable_used_MWh,0
E40_P20,7,41,curtailment_MWh,0
E40_P20,7,41,total_load_MWh,0
E40_P20,7,41,thermal_generation_MWh,0
E40_P20,7,41,unserved_MWh,0
E40_P20,7,41,discharge_MWh,0
E40_P20,7,41,total_cost_CNY,0
E40_P20,7,41,thermal_cost_CNY,0
E40_P20,7,41,curtailment_cost_CNY,0
E40_P20,7,41,load_shedding_cost_CNY,0
E40_P20,7,41,storage_variable_om_CNY,0
E40_P20,7,41,storage_investment_allocated_CNY,0
E40_P20,7,41,storage_fixed_om_CNY,0
E40_P20,7,42,renewable_available_MWh,0
E40_P20,7,42,renewable_used_MWh,0
E40_P20,7,42,curtailment_MWh,0
E40_P20,7,42,total_load_MWh,0
E40_P20,7,42,thermal_generation_MWh,0
E40_P20,7,42,unserved_MWh,0
E40_P20,7,42,discharge_MWh,0
E40_P20,7,42,total_cost_CNY,0
E40_P20,7,42,thermal_cost_CNY,0
E40_P20,7,42,curtailment_cost_CNY,0
E40_P20,7,42,load_shedding_cost_CNY,0
E40_P20,7,42,storage_variable_om_CNY,0
E40_P20,7,42,storage_investment_allocated_CNY,0
E40_P20,7,42,storage_fixed_om_CNY,0
E40_P20,7,43,renewable_available_MWh,0
E40_P20,7,43,renewable_used_MWh,0
E40_P20,7,43,curtailment_MWh,0
E40_P20,7,43,total_load_MWh,0
E40_P20,7,43,thermal_generation_MWh,0
E40_P20,7,43,unserved_MWh,0
E40_P20,7,43,discharge_MWh,0
E40_P20,7,43,total_cost_CNY,0
E40_P20,7,43,thermal_cost_CNY,0
E40_P20,7,43,curtailment_cost_CNY,0
E40_P20,7,43,load_shedding_cost_CNY,0
E40_P20,7,43,storage_variable_om_CNY,0
E40_P20,7,43,storage_investment_allocated_CNY,0
E40_P20,7,43,storage_fixed_om_CNY,0
E40_P20,7,44,renewable_available_MWh,0
E40_P20,7,44,renewable_used_MWh,0
E40_P20,7,44,curtailment_MWh,0
E40_P20,7,44,total_load_MWh,0
E40_P20,7,44,thermal_generation_MWh,0
E40_P20,7,44,unserved_MWh,0
E40_P20,7,44,discharge_MWh,0
E40_P20,7,44,total_cost_CNY,0
E40_P20,7,44,thermal_cost_CNY,0
E40_P20,7,44,curtailment_cost_CNY,0
E40_P20,7,44,load_shedding_cost_CNY,0
E40_P20,7,44,storage_variable_om_CNY,0
E40_P20,7,44,storage_investment_allocated_CNY,0
E40_P20,7,44,storage_fixed_om_CNY,0
E40_P20,7,45,renewable_available_MWh,0
E40_P20,7,45,renewable_used_MWh,0
E40_P20,7,45,curtailment_MWh,0
E40_P20,7,45,total_load_MWh,0
E40_P20,7,45,thermal_generation_MWh,0
E40_P20,7,45,unserved_MWh,0
E40_P20,7,45,discharge_MWh,0
E40_P20,7,45,total_cost_CNY,0
E40_P20,7,45,thermal_cost_CNY,0
E40_P20,7,45,curtailment_cost_CNY,0
E40_P20,7,45,load_shedding_cost_CNY,0
E40_P20,7,45,storage_variable_om_CNY,0
E40_P20,7,45,storage_investment_allocated_CNY,0
E40_P20,7,45,storage_fixed_om_CNY,0
E40_P20,7,46,renewable_available_MWh,0
E40_P20,7,46,renewable_used_MWh,0
E40_P20,7,46,curtailment_MWh,0
E40_P20,7,46,total_load_MWh,0
E40_P20,7,46,thermal_generation_MWh,0
E40_P20,7,46,unserved_MWh,0
E40_P20,7,46,discharge_MWh,0
E40_P20,7,46,total_cost_CNY,0
E40_P20,7,46,thermal_cost_CNY,0
E40_P20,7,46,curtailment_cost_CNY,0
E40_P20,7,46,load_shedding_cost_CNY,0
E40_P20,7,46,storage_variable_om_CNY,0
E40_P20,7,46,storage_investment_allocated_CNY,0
E40_P20,7,46,storage_fixed_om_CNY,0
E40_P20,7,47,renewable_available_MWh,0
E40_P20,7,47,renewable_used_MWh,0
E40_P20,7,47,curtailment_MWh,0
E40_P20,7,47,total_load_MWh,0
E40_P20,7,47,thermal_generation_MWh,0
E40_P20,7,47,unserved_MWh,0
E40_P20,7,47,discharge_MWh,0
E40_P20,7,47,total_cost_CNY,0
E40_P20,7,47,thermal_cost_CNY,0
E40_P20,7,47,curtailment_cost_CNY,0
E40_P20,7,47,load_shedding_cost_CNY,0
E40_P20,7,47,storage_variable_om_CNY,0
E40_P20,7,47,storage_investment_allocated_CNY,0
E40_P20,7,47,storage_fixed_om_CNY,0
E40_P20,2026,0,renewable_available_MWh,0
E40_P20,2026,0,renewable_used_MWh,0
E40_P20,2026,0,curtailment_MWh,0
E40_P20,2026,0,total_load_MWh,0
E40_P20,2026,0,thermal_generation_MWh,0
E40_P20,2026,0,unserved_MWh,0
E40_P20,2026,0,discharge_MWh,0
E40_P20,2026,0,total_cost_CNY,0
E40_P20,2026,0,thermal_cost_CNY,0
E40_P20,2026,0,curtailment_cost_CNY,0
E40_P20,2026,0,load_shedding_cost_CNY,0
E40_P20,2026,0,storage_variable_om_CNY,0
E40_P20,2026,0,storage_investment_allocated_CNY,0
E40_P20,2026,0,storage_fixed_om_CNY,0
E40_P20,2026,1,renewable_available_MWh,0
E40_P20,2026,1,renewable_used_MWh,0
E40_P20,2026,1,curtailment_MWh,0
E40_P20,2026,1,total_load_MWh,0
E40_P20,2026,1,thermal_generation_MWh,0
E40_P20,2026,1,unserved_MWh,0
E40_P20,2026,1,discharge_MWh,0
E40_P20,2026,1,total_cost_CNY,0
E40_P20,2026,1,thermal_cost_CNY,0
E40_P20,2026,1,curtailment_cost_CNY,0
E40_P20,2026,1,load_shedding_cost_CNY,0
E40_P20,2026,1,storage_variable_om_CNY,0
E40_P20,2026,1,storage_investment_allocated_CNY,0
E40_P20,2026,1,storage_fixed_om_CNY,0
E40_P20,2026,2,renewable_available_MWh,0
E40_P20,2026,2,renewable_used_MWh,0
E40_P20,2026,2,curtailment_MWh,0
E40_P20,2026,2,total_load_MWh,0
E40_P20,2026,2,thermal_generation_MWh,0
E40_P20,2026,2,unserved_MWh,0
E40_P20,2026,2,discharge_MWh,0
E40_P20,2026,2,total_cost_CNY,0
E40_P20,2026,2,thermal_cost_CNY,0
E40_P20,2026,2,curtailment_cost_CNY,0
E40_P20,2026,2,load_shedding_cost_CNY,0
E40_P20,2026,2,storage_variable_om_CNY,0
E40_P20,2026,2,storage_investment_allocated_CNY,0
E40_P20,2026,2,storage_fixed_om_CNY,0
E40_P20,2026,3,renewable_available_MWh,0
E40_P20,2026,3,renewable_used_MWh,0
E40_P20,2026,3,curtailment_MWh,0
E40_P20,2026,3,total_load_MWh,0
E40_P20,2026,3,thermal_generation_MWh,0
E40_P20,2026,3,unserved_MWh,0
E40_P20,2026,3,discharge_MWh,0
E40_P20,2026,3,total_cost_CNY,0
E40_P20,2026,3,thermal_cost_CNY,0
E40_P20,2026,3,curtailment_cost_CNY,0
E40_P20,2026,3,load_shedding_cost_CNY,0
E40_P20,2026,3,storage_variable_om_CNY,0
E40_P20,2026,3,storage_investment_allocated_CNY,0
E40_P20,2026,3,storage_fixed_om_CNY,0
E40_P20,2026,4,renewable_available_MWh,0
E40_P20,2026,4,renewable_used_MWh,0
E40_P20,2026,4,curtailment_MWh,0
E40_P20,2026,4,total_load_MWh,0
E40_P20,2026,4,thermal_generation_MWh,0
E40_P20,2026,4,unserved_MWh,0
E40_P20,2026,4,discharge_MWh,0
E40_P20,2026,4,total_cost_CNY,0
E40_P20,2026,4,thermal_cost_CNY,0
E40_P20,2026,4,curtailment_cost_CNY,0
E40_P20,2026,4,load_shedding_cost_CNY,0
E40_P20,2026,4,storage_variable_om_CNY,0
E40_P20,2026,4,storage_investment_allocated_CNY,0
E40_P20,2026,4,storage_fixed_om_CNY,0
E40_P20,2026,5,renewable_available_MWh,0
E40_P20,2026,5,renewable_used_MWh,0
E40_P20,2026,5,curtailment_MWh,0
E40_P20,2026,5,total_load_MWh,0
E40_P20,2026,5,thermal_generation_MWh,0
E40_P20,2026,5,unserved_MWh,0
E40_P20,2026,5,discharge_MWh,0
E40_P20,2026,5,total_cost_CNY,0
E40_P20,2026,5,thermal_cost_CNY,0
E40_P20,2026,5,curtailment_cost_CNY,0
E40_P20,2026,5,load_shedding_cost_CNY,0
E40_P20,2026,5,storage_variable_om_CNY,0
E40_P20,2026,5,storage_investment_allocated_CNY,0
E40_P20,2026,5,storage_fixed_om_CNY,0
E40_P20,2026,6,renewable_available_MWh,0
E40_P20,2026,6,renewable_used_MWh,0
E40_P20,2026,6,curtailment_MWh,0
E40_P20,2026,6,total_load_MWh,0
E40_P20,2026,6,thermal_generation_MWh,0
E40_P20,2026,6,unserved_MWh,0
E40_P20,2026,6,discharge_MWh,0
E40_P20,2026,6,total_cost_CNY,0
E40_P20,2026,6,thermal_cost_CNY,0
E40_P20,2026,6,curtailment_cost_CNY,0
E40_P20,2026,6,load_shedding_cost_CNY,0
E40_P20,2026,6,storage_variable_om_CNY,0
E40_P20,2026,6,storage_investment_allocated_CNY,0
E40_P20,2026,6,storage_fixed_om_CNY,0
E40_P20,2026,7,renewable_available_MWh,0
E40_P20,2026,7,renewable_used_MWh,0
E40_P20,2026,7,curtailment_MWh,0
E40_P20,2026,7,total_load_MWh,0
E40_P20,2026,7,thermal_generation_MWh,0
E40_P20,2026,7,unserved_MWh,0
E40_P20,2026,7,discharge_MWh,0
E40_P20,2026,7,total_cost_CNY,0
E40_P20,2026,7,thermal_cost_CNY,0
E40_P20,2026,7,curtailment_cost_CNY,0
E40_P20,2026,7,load_shedding_cost_CNY,0
E40_P20,2026,7,storage_variable_om_CNY,0
E40_P20,2026,7,storage_investment_allocated_CNY,0
E40_P20,2026,7,storage_fixed_om_CNY,0
E40_P20,2026,8,renewable_available_MWh,0
E40_P20,2026,8,renewable_used_MWh,0
E40_P20,2026,8,curtailment_MWh,0
E40_P20,2026,8,total_load_MWh,0
E40_P20,2026,8,thermal_generation_MWh,0
E40_P20,2026,8,unserved_MWh,0
E40_P20,2026,8,discharge_MWh,0
E40_P20,2026,8,total_cost_CNY,0
E40_P20,2026,8,thermal_cost_CNY,0
E40_P20,2026,8,curtailment_cost_CNY,0
E40_P20,2026,8,load_shedding_cost_CNY,0
E40_P20,2026,8,storage_variable_om_CNY,0
E40_P20,2026,8,storage_investment_allocated_CNY,0
E40_P20,2026,8,storage_fixed_om_CNY,0
E40_P20,2026,9,renewable_available_MWh,0
E40_P20,2026,9,renewable_used_MWh,0
E40_P20,2026,9,curtailment_MWh,0
E40_P20,2026,9,total_load_MWh,0
E40_P20,2026,9,thermal_generation_MWh,0
E40_P20,2026,9,unserved_MWh,0
E40_P20,2026,9,discharge_MWh,0
E40_P20,2026,9,total_cost_CNY,0
E40_P20,2026,9,thermal_cost_CNY,0
E40_P20,2026,9,curtailment_cost_CNY,0
E40_P20,2026,9,load_shedding_cost_CNY,0
E40_P20,2026,9,storage_variable_om_CNY,0
E40_P20,2026,9,storage_investment_allocated_CNY,0
E40_P20,2026,9,storage_fixed_om_CNY,0
E40_P20,2026,10,renewable_available_MWh,0
E40_P20,2026,10,renewable_used_MWh,0
E40_P20,2026,10,curtailment_MWh,0
E40_P20,2026,10,total_load_MWh,0
E40_P20,2026,10,thermal_generation_MWh,0
E40_P20,2026,10,unserved_MWh,0
E40_P20,2026,10,discharge_MWh,0
E40_P20,2026,10,total_cost_CNY,0
E40_P20,2026,10,thermal_cost_CNY,0
E40_P20,2026,10,curtailment_cost_CNY,0
E40_P20,2026,10,load_shedding_cost_CNY,0
E40_P20,2026,10,storage_variable_om_CNY,0
E40_P20,2026,10,storage_investment_allocated_CNY,0
E40_P20,2026,10,storage_fixed_om_CNY,0
E40_P20,2026,11,renewable_available_MWh,0
E40_P20,2026,11,renewable_used_MWh,0
E40_P20,2026,11,curtailment_MWh,0
E40_P20,2026,11,total_load_MWh,0
E40_P20,2026,11,thermal_generation_MWh,0
E40_P20,2026,11,unserved_MWh,0
E40_P20,2026,11,discharge_MWh,0
E40_P20,2026,11,total_cost_CNY,0
E40_P20,2026,11,thermal_cost_CNY,0
E40_P20,2026,11,curtailment_cost_CNY,0
E40_P20,2026,11,load_shedding_cost_CNY,0
E40_P20,2026,11,storage_variable_om_CNY,0
E40_P20,2026,11,storage_investment_allocated_CNY,0
E40_P20,2026,11,storage_fixed_om_CNY,0
E40_P20,2026,12,renewable_available_MWh,0
E40_P20,2026,12,renewable_used_MWh,0
E40_P20,2026,12,curtailment_MWh,0
E40_P20,2026,12,total_load_MWh,0
E40_P20,2026,12,thermal_generation_MWh,0
E40_P20,2026,12,unserved_MWh,0
E40_P20,2026,12,discharge_MWh,0
E40_P20,2026,12,total_cost_CNY,0
E40_P20,2026,12,thermal_cost_CNY,0
E40_P20,2026,12,curtailment_cost_CNY,0
E40_P20,2026,12,load_shedding_cost_CNY,0
E40_P20,2026,12,storage_variable_om_CNY,0
E40_P20,2026,12,storage_investment_allocated_CNY,0
E40_P20,2026,12,storage_fixed_om_CNY,0
E40_P20,2026,13,renewable_available_MWh,0
E40_P20,2026,13,renewable_used_MWh,0
E40_P20,2026,13,curtailment_MWh,0
E40_P20,2026,13,total_load_MWh,0
E40_P20,2026,13,thermal_generation_MWh,0
E40_P20,2026,13,unserved_MWh,0
E40_P20,2026,13,discharge_MWh,0
E40_P20,2026,13,total_cost_CNY,0
E40_P20,2026,13,thermal_cost_CNY,0
E40_P20,2026,13,curtailment_cost_CNY,0
E40_P20,2026,13,load_shedding_cost_CNY,0
E40_P20,2026,13,storage_variable_om_CNY,0
E40_P20,2026,13,storage_investment_allocated_CNY,0
E40_P20,2026,13,storage_fixed_om_CNY,0
E40_P20,2026,14,renewable_available_MWh,0
E40_P20,2026,14,renewable_used_MWh,0
E40_P20,2026,14,curtailment_MWh,0
E40_P20,2026,14,total_load_MWh,0
E40_P20,2026,14,thermal_generation_MWh,0
E40_P20,2026,14,unserved_MWh,0
E40_P20,2026,14,discharge_MWh,0
E40_P20,2026,14,total_cost_CNY,0
E40_P20,2026,14,thermal_cost_CNY,0
E40_P20,2026,14,curtailment_cost_CNY,0
E40_P20,2026,14,load_shedding_cost_CNY,0
E40_P20,2026,14,storage_variable_om_CNY,0
E40_P20,2026,14,storage_investment_allocated_CNY,0
E40_P20,2026,14,storage_fixed_om_CNY,0
E40_P20,2026,15,renewable_available_MWh,0
E40_P20,2026,15,renewable_used_MWh,0
E40_P20,2026,15,curtailment_MWh,0
E40_P20,2026,15,total_load_MWh,0
E40_P20,2026,15,thermal_generation_MWh,0
E40_P20,2026,15,unserved_MWh,0
E40_P20,2026,15,discharge_MWh,0
E40_P20,2026,15,total_cost_CNY,0
E40_P20,2026,15,thermal_cost_CNY,0
E40_P20,2026,15,curtailment_cost_CNY,0
E40_P20,2026,15,load_shedding_cost_CNY,0
E40_P20,2026,15,storage_variable_om_CNY,0
E40_P20,2026,15,storage_investment_allocated_CNY,0
E40_P20,2026,15,storage_fixed_om_CNY,0
E40_P20,2026,16,renewable_available_MWh,0
E40_P20,2026,16,renewable_used_MWh,0
E40_P20,2026,16,curtailment_MWh,0
E40_P20,2026,16,total_load_MWh,0
E40_P20,2026,16,thermal_generation_MWh,0
E40_P20,2026,16,unserved_MWh,0
E40_P20,2026,16,discharge_MWh,0
E40_P20,2026,16,total_cost_CNY,0
E40_P20,2026,16,thermal_cost_CNY,0
E40_P20,2026,16,curtailment_cost_CNY,0
E40_P20,2026,16,load_shedding_cost_CNY,0
E40_P20,2026,16,storage_variable_om_CNY,0
E40_P20,2026,16,storage_investment_allocated_CNY,0
E40_P20,2026,16,storage_fixed_om_CNY,0
E40_P20,2026,17,renewable_available_MWh,0
E40_P20,2026,17,renewable_used_MWh,0
E40_P20,2026,17,curtailment_MWh,0
E40_P20,2026,17,total_load_MWh,0
E40_P20,2026,17,thermal_generation_MWh,0
E40_P20,2026,17,unserved_MWh,0
E40_P20,2026,17,discharge_MWh,0
E40_P20,2026,17,total_cost_CNY,0
E40_P20,2026,17,thermal_cost_CNY,0
E40_P20,2026,17,curtailment_cost_CNY,0
E40_P20,2026,17,load_shedding_cost_CNY,0
E40_P20,2026,17,storage_variable_om_CNY,0
E40_P20,2026,17,storage_investment_allocated_CNY,0
E40_P20,2026,17,storage_fixed_om_CNY,0
E40_P20,2026,18,renewable_available_MWh,0
E40_P20,2026,18,renewable_used_MWh,0
E40_P20,2026,18,curtailment_MWh,0
E40_P20,2026,18,total_load_MWh,0
E40_P20,2026,18,thermal_generation_MWh,0
E40_P20,2026,18,unserved_MWh,0
E40_P20,2026,18,discharge_MWh,0
E40_P20,2026,18,total_cost_CNY,0
E40_P20,2026,18,thermal_cost_CNY,0
E40_P20,2026,18,curtailment_cost_CNY,0
E40_P20,2026,18,load_shedding_cost_CNY,0
E40_P20,2026,18,storage_variable_om_CNY,0
E40_P20,2026,18,storage_investment_allocated_CNY,0
E40_P20,2026,18,storage_fixed_om_CNY,0
E40_P20,2026,19,renewable_available_MWh,0
E40_P20,2026,19,renewable_used_MWh,0
E40_P20,2026,19,curtailment_MWh,0
E40_P20,2026,19,total_load_MWh,0
E40_P20,2026,19,thermal_generation_MWh,0
E40_P20,2026,19,unserved_MWh,0
E40_P20,2026,19,discharge_MWh,0
E40_P20,2026,19,total_cost_CNY,0
E40_P20,2026,19,thermal_cost_CNY,0
E40_P20,2026,19,curtailment_cost_CNY,0
E40_P20,2026,19,load_shedding_cost_CNY,0
E40_P20,2026,19,storage_variable_om_CNY,0
E40_P20,2026,19,storage_investment_allocated_CNY,0
E40_P20,2026,19,storage_fixed_om_CNY,0
E40_P20,2026,20,renewable_available_MWh,0
E40_P20,2026,20,renewable_used_MWh,0
E40_P20,2026,20,curtailment_MWh,0
E40_P20,2026,20,total_load_MWh,0
E40_P20,2026,20,thermal_generation_MWh,0
E40_P20,2026,20,unserved_MWh,0
E40_P20,2026,20,discharge_MWh,0
E40_P20,2026,20,total_cost_CNY,0
E40_P20,2026,20,thermal_cost_CNY,0
E40_P20,2026,20,curtailment_cost_CNY,0
E40_P20,2026,20,load_shedding_cost_CNY,0
E40_P20,2026,20,storage_variable_om_CNY,0
E40_P20,2026,20,storage_investment_allocated_CNY,0
E40_P20,2026,20,storage_fixed_om_CNY,0
E40_P20,2026,21,renewable_available_MWh,0
E40_P20,2026,21,renewable_used_MWh,0
E40_P20,2026,21,curtailment_MWh,0
E40_P20,2026,21,total_load_MWh,0
E40_P20,2026,21,thermal_generation_MWh,0
E40_P20,2026,21,unserved_MWh,0
E40_P20,2026,21,discharge_MWh,0
E40_P20,2026,21,total_cost_CNY,0
E40_P20,2026,21,thermal_cost_CNY,0
E40_P20,2026,21,curtailment_cost_CNY,0
E40_P20,2026,21,load_shedding_cost_CNY,0
E40_P20,2026,21,storage_variable_om_CNY,0
E40_P20,2026,21,storage_investment_allocated_CNY,0
E40_P20,2026,21,storage_fixed_om_CNY,0
E40_P20,2026,22,renewable_available_MWh,0
E40_P20,2026,22,renewable_used_MWh,0
E40_P20,2026,22,curtailment_MWh,0
E40_P20,2026,22,total_load_MWh,0
E40_P20,2026,22,thermal_generation_MWh,0
E40_P20,2026,22,unserved_MWh,0
E40_P20,2026,22,discharge_MWh,0
E40_P20,2026,22,total_cost_CNY,0
E40_P20,2026,22,thermal_cost_CNY,0
E40_P20,2026,22,curtailment_cost_CNY,0
E40_P20,2026,22,load_shedding_cost_CNY,0
E40_P20,2026,22,storage_variable_om_CNY,0
E40_P20,2026,22,storage_investment_allocated_CNY,0
E40_P20,2026,22,storage_fixed_om_CNY,0
E40_P20,2026,23,renewable_available_MWh,0
E40_P20,2026,23,renewable_used_MWh,0
E40_P20,2026,23,curtailment_MWh,0
E40_P20,2026,23,total_load_MWh,0
E40_P20,2026,23,thermal_generation_MWh,0
E40_P20,2026,23,unserved_MWh,0
E40_P20,2026,23,discharge_MWh,0
E40_P20,2026,23,total_cost_CNY,0
E40_P20,2026,23,thermal_cost_CNY,0
E40_P20,2026,23,curtailment_cost_CNY,0
E40_P20,2026,23,load_shedding_cost_CNY,0
E40_P20,2026,23,storage_variable_om_CNY,0
E40_P20,2026,23,storage_investment_allocated_CNY,0
E40_P20,2026,23,storage_fixed_om_CNY,0
E40_P20,2026,24,renewable_available_MWh,0
E40_P20,2026,24,renewable_used_MWh,0
E40_P20,2026,24,curtailment_MWh,0
E40_P20,2026,24,total_load_MWh,0
E40_P20,2026,24,thermal_generation_MWh,0
E40_P20,2026,24,unserved_MWh,0
E40_P20,2026,24,discharge_MWh,0
E40_P20,2026,24,total_cost_CNY,0
E40_P20,2026,24,thermal_cost_CNY,0
E40_P20,2026,24,curtailment_cost_CNY,0
E40_P20,2026,24,load_shedding_cost_CNY,0
E40_P20,2026,24,storage_variable_om_CNY,0
E40_P20,2026,24,storage_investment_allocated_CNY,0
E40_P20,2026,24,storage_fixed_om_CNY,0
E40_P20,2026,25,renewable_available_MWh,0
E40_P20,2026,25,renewable_used_MWh,0
E40_P20,2026,25,curtailment_MWh,0
E40_P20,2026,25,total_load_MWh,0
E40_P20,2026,25,thermal_generation_MWh,0
E40_P20,2026,25,unserved_MWh,0
E40_P20,2026,25,discharge_MWh,0
E40_P20,2026,25,total_cost_CNY,0
E40_P20,2026,25,thermal_cost_CNY,0
E40_P20,2026,25,curtailment_cost_CNY,0
E40_P20,2026,25,load_shedding_cost_CNY,0
E40_P20,2026,25,storage_variable_om_CNY,0
E40_P20,2026,25,storage_investment_allocated_CNY,0
E40_P20,2026,25,storage_fixed_om_CNY,0
E40_P20,2026,26,renewable_available_MWh,0
E40_P20,2026,26,renewable_used_MWh,0
E40_P20,2026,26,curtailment_MWh,0
E40_P20,2026,26,total_load_MWh,0
E40_P20,2026,26,thermal_generation_MWh,0
E40_P20,2026,26,unserved_MWh,0
E40_P20,2026,26,discharge_MWh,0
E40_P20,2026,26,total_cost_CNY,0
E40_P20,2026,26,thermal_cost_CNY,0
E40_P20,2026,26,curtailment_cost_CNY,0
E40_P20,2026,26,load_shedding_cost_CNY,0
E40_P20,2026,26,storage_variable_om_CNY,0
E40_P20,2026,26,storage_investment_allocated_CNY,0
E40_P20,2026,26,storage_fixed_om_CNY,0
E40_P20,2026,27,renewable_available_MWh,0
E40_P20,2026,27,renewable_used_MWh,0
E40_P20,2026,27,curtailment_MWh,0
E40_P20,2026,27,total_load_MWh,0
E40_P20,2026,27,thermal_generation_MWh,0
E40_P20,2026,27,unserved_MWh,0
E40_P20,2026,27,discharge_MWh,0
E40_P20,2026,27,total_cost_CNY,0
E40_P20,2026,27,thermal_cost_CNY,0
E40_P20,2026,27,curtailment_cost_CNY,0
E40_P20,2026,27,load_shedding_cost_CNY,0
E40_P20,2026,27,storage_variable_om_CNY,0
E40_P20,2026,27,storage_investment_allocated_CNY,0
E40_P20,2026,27,storage_fixed_om_CNY,0
E40_P20,2026,28,renewable_available_MWh,0
E40_P20,2026,28,renewable_used_MWh,0
E40_P20,2026,28,curtailment_MWh,0
E40_P20,2026,28,total_load_MWh,0
E40_P20,2026,28,thermal_generation_MWh,0
E40_P20,2026,28,unserved_MWh,0
E40_P20,2026,28,discharge_MWh,0
E40_P20,2026,28,total_cost_CNY,0
E40_P20,2026,28,thermal_cost_CNY,0
E40_P20,2026,28,curtailment_cost_CNY,0
E40_P20,2026,28,load_shedding_cost_CNY,0
E40_P20,2026,28,storage_variable_om_CNY,0
E40_P20,2026,28,storage_investment_allocated_CNY,0
E40_P20,2026,28,storage_fixed_om_CNY,0
E40_P20,2026,29,renewable_available_MWh,0
E40_P20,2026,29,renewable_used_MWh,0
E40_P20,2026,29,curtailment_MWh,0
E40_P20,2026,29,total_load_MWh,0
E40_P20,2026,29,thermal_generation_MWh,0
E40_P20,2026,29,unserved_MWh,0
E40_P20,2026,29,discharge_MWh,0
E40_P20,2026,29,total_cost_CNY,0
E40_P20,2026,29,thermal_cost_CNY,0
E40_P20,2026,29,curtailment_cost_CNY,0
E40_P20,2026,29,load_shedding_cost_CNY,0
E40_P20,2026,29,storage_variable_om_CNY,0
E40_P20,2026,29,storage_investment_allocated_CNY,0
E40_P20,2026,29,storage_fixed_om_CNY,0
E40_P20,2026,30,renewable_available_MWh,0
E40_P20,2026,30,renewable_used_MWh,0
E40_P20,2026,30,curtailment_MWh,0
E40_P20,2026,30,total_load_MWh,0
E40_P20,2026,30,thermal_generation_MWh,0
E40_P20,2026,30,unserved_MWh,0
E40_P20,2026,30,discharge_MWh,0
E40_P20,2026,30,total_cost_CNY,0
E40_P20,2026,30,thermal_cost_CNY,0
E40_P20,2026,30,curtailment_cost_CNY,0
E40_P20,2026,30,load_shedding_cost_CNY,0
E40_P20,2026,30,storage_variable_om_CNY,0
E40_P20,2026,30,storage_investment_allocated_CNY,0
E40_P20,2026,30,storage_fixed_om_CNY,0
E40_P20,2026,31,renewable_available_MWh,0
E40_P20,2026,31,renewable_used_MWh,0
E40_P20,2026,31,curtailment_MWh,0
E40_P20,2026,31,total_load_MWh,0
E40_P20,2026,31,thermal_generation_MWh,0
E40_P20,2026,31,unserved_MWh,0
E40_P20,2026,31,discharge_MWh,0
E40_P20,2026,31,total_cost_CNY,0
E40_P20,2026,31,thermal_cost_CNY,0
E40_P20,2026,31,curtailment_cost_CNY,0
E40_P20,2026,31,load_shedding_cost_CNY,0
E40_P20,2026,31,storage_variable_om_CNY,0
E40_P20,2026,31,storage_investment_allocated_CNY,0
E40_P20,2026,31,storage_fixed_om_CNY,0
E40_P20,2026,32,renewable_available_MWh,0
E40_P20,2026,32,renewable_used_MWh,0
E40_P20,2026,32,curtailment_MWh,0
E40_P20,2026,32,total_load_MWh,0
E40_P20,2026,32,thermal_generation_MWh,0
E40_P20,2026,32,unserved_MWh,0
E40_P20,2026,32,discharge_MWh,0
E40_P20,2026,32,total_cost_CNY,0
E40_P20,2026,32,thermal_cost_CNY,0
E40_P20,2026,32,curtailment_cost_CNY,0
E40_P20,2026,32,load_shedding_cost_CNY,0
E40_P20,2026,32,storage_variable_om_CNY,0
E40_P20,2026,32,storage_investment_allocated_CNY,0
E40_P20,2026,32,storage_fixed_om_CNY,0
E40_P20,2026,33,renewable_available_MWh,0
E40_P20,2026,33,renewable_used_MWh,0
E40_P20,2026,33,curtailment_MWh,0
E40_P20,2026,33,total_load_MWh,0
E40_P20,2026,33,thermal_generation_MWh,0
E40_P20,2026,33,unserved_MWh,0
E40_P20,2026,33,discharge_MWh,0
E40_P20,2026,33,total_cost_CNY,0
E40_P20,2026,33,thermal_cost_CNY,0
E40_P20,2026,33,curtailment_cost_CNY,0
E40_P20,2026,33,load_shedding_cost_CNY,0
E40_P20,2026,33,storage_variable_om_CNY,0
E40_P20,2026,33,storage_investment_allocated_CNY,0
E40_P20,2026,33,storage_fixed_om_CNY,0
E40_P20,2026,34,renewable_available_MWh,0
E40_P20,2026,34,renewable_used_MWh,0
E40_P20,2026,34,curtailment_MWh,0
E40_P20,2026,34,total_load_MWh,0
E40_P20,2026,34,thermal_generation_MWh,0
E40_P20,2026,34,unserved_MWh,0
E40_P20,2026,34,discharge_MWh,0
E40_P20,2026,34,total_cost_CNY,0
E40_P20,2026,34,thermal_cost_CNY,0
E40_P20,2026,34,curtailment_cost_CNY,0
E40_P20,2026,34,load_shedding_cost_CNY,0
E40_P20,2026,34,storage_variable_om_CNY,0
E40_P20,2026,34,storage_investment_allocated_CNY,0
E40_P20,2026,34,storage_fixed_om_CNY,0
E40_P20,2026,35,renewable_available_MWh,0
E40_P20,2026,35,renewable_used_MWh,0
E40_P20,2026,35,curtailment_MWh,0
E40_P20,2026,35,total_load_MWh,0
E40_P20,2026,35,thermal_generation_MWh,0
E40_P20,2026,35,unserved_MWh,0
E40_P20,2026,35,discharge_MWh,0
E40_P20,2026,35,total_cost_CNY,0
E40_P20,2026,35,thermal_cost_CNY,0
E40_P20,2026,35,curtailment_cost_CNY,0
E40_P20,2026,35,load_shedding_cost_CNY,0
E40_P20,2026,35,storage_variable_om_CNY,0
E40_P20,2026,35,storage_investment_allocated_CNY,0
E40_P20,2026,35,storage_fixed_om_CNY,0
E40_P20,2026,36,renewable_available_MWh,0
E40_P20,2026,36,renewable_used_MWh,0
E40_P20,2026,36,curtailment_MWh,0
E40_P20,2026,36,total_load_MWh,0
E40_P20,2026,36,thermal_generation_MWh,0
E40_P20,2026,36,unserved_MWh,0
E40_P20,2026,36,discharge_MWh,0
E40_P20,2026,36,total_cost_CNY,0
E40_P20,2026,36,thermal_cost_CNY,0
E40_P20,2026,36,curtailment_cost_CNY,0
E40_P20,2026,36,load_shedding_cost_CNY,0
E40_P20,2026,36,storage_variable_om_CNY,0
E40_P20,2026,36,storage_investment_allocated_CNY,0
E40_P20,2026,36,storage_fixed_om_CNY,0
E40_P20,2026,37,renewable_available_MWh,0
E40_P20,2026,37,renewable_used_MWh,0
E40_P20,2026,37,curtailment_MWh,0
E40_P20,2026,37,total_load_MWh,0
E40_P20,2026,37,thermal_generation_MWh,0
E40_P20,2026,37,unserved_MWh,0
E40_P20,2026,37,discharge_MWh,0
E40_P20,2026,37,total_cost_CNY,0
E40_P20,2026,37,thermal_cost_CNY,0
E40_P20,2026,37,curtailment_cost_CNY,0
E40_P20,2026,37,load_shedding_cost_CNY,0
E40_P20,2026,37,storage_variable_om_CNY,0
E40_P20,2026,37,storage_investment_allocated_CNY,0
E40_P20,2026,37,storage_fixed_om_CNY,0
E40_P20,2026,38,renewable_available_MWh,0
E40_P20,2026,38,renewable_used_MWh,0
E40_P20,2026,38,curtailment_MWh,0
E40_P20,2026,38,total_load_MWh,0
E40_P20,2026,38,thermal_generation_MWh,0
E40_P20,2026,38,unserved_MWh,0
E40_P20,2026,38,discharge_MWh,0
E40_P20,2026,38,total_cost_CNY,0
E40_P20,2026,38,thermal_cost_CNY,0
E40_P20,2026,38,curtailment_cost_CNY,0
E40_P20,2026,38,load_shedding_cost_CNY,0
E40_P20,2026,38,storage_variable_om_CNY,0
E40_P20,2026,38,storage_investment_allocated_CNY,0
E40_P20,2026,38,storage_fixed_om_CNY,0
E40_P20,2026,39,renewable_available_MWh,0
E40_P20,2026,39,renewable_used_MWh,0
E40_P20,2026,39,curtailment_MWh,0
E40_P20,2026,39,total_load_MWh,0
E40_P20,2026,39,thermal_generation_MWh,0
E40_P20,2026,39,unserved_MWh,0
E40_P20,2026,39,discharge_MWh,0
E40_P20,2026,39,total_cost_CNY,0
E40_P20,2026,39,thermal_cost_CNY,0
E40_P20,2026,39,curtailment_cost_CNY,0
E40_P20,2026,39,load_shedding_cost_CNY,0
E40_P20,2026,39,storage_variable_om_CNY,0
E40_P20,2026,39,storage_investment_allocated_CNY,0
E40_P20,2026,39,storage_fixed_om_CNY,0
E40_P20,2026,40,renewable_available_MWh,0
E40_P20,2026,40,renewable_used_MWh,0
E40_P20,2026,40,curtailment_MWh,0
E40_P20,2026,40,total_load_MWh,0
E40_P20,2026,40,thermal_generation_MWh,0
E40_P20,2026,40,unserved_MWh,0
E40_P20,2026,40,discharge_MWh,0
E40_P20,2026,40,total_cost_CNY,0
E40_P20,2026,40,thermal_cost_CNY,0
E40_P20,2026,40,curtailment_cost_CNY,0
E40_P20,2026,40,load_shedding_cost_CNY,0
E40_P20,2026,40,storage_variable_om_CNY,0
E40_P20,2026,40,storage_investment_allocated_CNY,0
E40_P20,2026,40,storage_fixed_om_CNY,0
E40_P20,2026,41,renewable_available_MWh,0
E40_P20,2026,41,renewable_used_MWh,0
E40_P20,2026,41,curtailment_MWh,0
E40_P20,2026,41,total_load_MWh,0
E40_P20,2026,41,thermal_generation_MWh,0
E40_P20,2026,41,unserved_MWh,0
E40_P20,2026,41,discharge_MWh,0
E40_P20,2026,41,total_cost_CNY,0
E40_P20,2026,41,thermal_cost_CNY,0
E40_P20,2026,41,curtailment_cost_CNY,0
E40_P20,2026,41,load_shedding_cost_CNY,0
E40_P20,2026,41,storage_variable_om_CNY,0
E40_P20,2026,41,storage_investment_allocated_CNY,0
E40_P20,2026,41,storage_fixed_om_CNY,0
E40_P20,2026,42,renewable_available_MWh,0
E40_P20,2026,42,renewable_used_MWh,0
E40_P20,2026,42,curtailment_MWh,0
E40_P20,2026,42,total_load_MWh,0
E40_P20,2026,42,thermal_generation_MWh,0
E40_P20,2026,42,unserved_MWh,0
E40_P20,2026,42,discharge_MWh,0
E40_P20,2026,42,total_cost_CNY,0
E40_P20,2026,42,thermal_cost_CNY,0
E40_P20,2026,42,curtailment_cost_CNY,0
E40_P20,2026,42,load_shedding_cost_CNY,0
E40_P20,2026,42,storage_variable_om_CNY,0
E40_P20,2026,42,storage_investment_allocated_CNY,0
E40_P20,2026,42,storage_fixed_om_CNY,0
E40_P20,2026,43,renewable_available_MWh,0
E40_P20,2026,43,renewable_used_MWh,0
E40_P20,2026,43,curtailment_MWh,0
E40_P20,2026,43,total_load_MWh,0
E40_P20,2026,43,thermal_generation_MWh,0
E40_P20,2026,43,unserved_MWh,0
E40_P20,2026,43,discharge_MWh,0
E40_P20,2026,43,total_cost_CNY,0
E40_P20,2026,43,thermal_cost_CNY,0
E40_P20,2026,43,curtailment_cost_CNY,0
E40_P20,2026,43,load_shedding_cost_CNY,0
E40_P20,2026,43,storage_variable_om_CNY,0
E40_P20,2026,43,storage_investment_allocated_CNY,0
E40_P20,2026,43,storage_fixed_om_CNY,0
E40_P20,2026,44,renewable_available_MWh,0
E40_P20,2026,44,renewable_used_MWh,0
E40_P20,2026,44,curtailment_MWh,0
E40_P20,2026,44,total_load_MWh,0
E40_P20,2026,44,thermal_generation_MWh,0
E40_P20,2026,44,unserved_MWh,0
E40_P20,2026,44,discharge_MWh,0
E40_P20,2026,44,total_cost_CNY,0
E40_P20,2026,44,thermal_cost_CNY,0
E40_P20,2026,44,curtailment_cost_CNY,0
E40_P20,2026,44,load_shedding_cost_CNY,0
E40_P20,2026,44,storage_variable_om_CNY,0
E40_P20,2026,44,storage_investment_allocated_CNY,0
E40_P20,2026,44,storage_fixed_om_CNY,0
E40_P20,2026,45,renewable_available_MWh,0
E40_P20,2026,45,renewable_used_MWh,0
E40_P20,2026,45,curtailment_MWh,0
E40_P20,2026,45,total_load_MWh,0
E40_P20,2026,45,thermal_generation_MWh,0
E40_P20,2026,45,unserved_MWh,0
E40_P20,2026,45,discharge_MWh,0
E40_P20,2026,45,total_cost_CNY,0
E40_P20,2026,45,thermal_cost_CNY,0
E40_P20,2026,45,curtailment_cost_CNY,0
E40_P20,2026,45,load_shedding_cost_CNY,0
E40_P20,2026,45,storage_variable_om_CNY,0
E40_P20,2026,45,storage_investment_allocated_CNY,0
E40_P20,2026,45,storage_fixed_om_CNY,0
E40_P20,2026,46,renewable_available_MWh,0
E40_P20,2026,46,renewable_used_MWh,0
E40_P20,2026,46,curtailment_MWh,0
E40_P20,2026,46,total_load_MWh,0
E40_P20,2026,46,thermal_generation_MWh,0
E40_P20,2026,46,unserved_MWh,0
E40_P20,2026,46,discharge_MWh,0
E40_P20,2026,46,total_cost_CNY,0
E40_P20,2026,46,thermal_cost_CNY,0
E40_P20,2026,46,curtailment_cost_CNY,0
E40_P20,2026,46,load_shedding_cost_CNY,0
E40_P20,2026,46,storage_variable_om_CNY,0
E40_P20,2026,46,storage_investment_allocated_CNY,0
E40_P20,2026,46,storage_fixed_om_CNY,0
E40_P20,2026,47,renewable_available_MWh,0
E40_P20,2026,47,renewable_used_MWh,0
E40_P20,2026,47,curtailment_MWh,0
E40_P20,2026,47,total_load_MWh,0
E40_P20,2026,47,thermal_generation_MWh,0
E40_P20,2026,47,unserved_MWh,0
E40_P20,2026,47,discharge_MWh,0
E40_P20,2026,47,total_cost_CNY,0
E40_P20,2026,47,thermal_cost_CNY,0
E40_P20,2026,47,curtailment_cost_CNY,0
E40_P20,2026,47,load_shedding_cost_CNY,0
E40_P20,2026,47,storage_variable_om_CNY,0
E40_P20,2026,47,storage_investment_allocated_CNY,0
E40_P20,2026,47,storage_fixed_om_CNY,0
E80_P20,42,0,renewable_available_MWh,0
E80_P20,42,0,renewable_used_MWh,0
E80_P20,42,0,curtailment_MWh,0
E80_P20,42,0,total_load_MWh,0
E80_P20,42,0,thermal_generation_MWh,0
E80_P20,42,0,unserved_MWh,0
E80_P20,42,0,discharge_MWh,0
E80_P20,42,0,total_cost_CNY,0
E80_P20,42,0,thermal_cost_CNY,0
E80_P20,42,0,curtailment_cost_CNY,0
E80_P20,42,0,load_shedding_cost_CNY,0
E80_P20,42,0,storage_variable_om_CNY,0
E80_P20,42,0,storage_investment_allocated_CNY,0
E80_P20,42,0,storage_fixed_om_CNY,0
E80_P20,42,1,renewable_available_MWh,0
E80_P20,42,1,renewable_used_MWh,0
E80_P20,42,1,curtailment_MWh,0
E80_P20,42,1,total_load_MWh,0
E80_P20,42,1,thermal_generation_MWh,0
E80_P20,42,1,unserved_MWh,0
E80_P20,42,1,discharge_MWh,0
E80_P20,42,1,total_cost_CNY,0
E80_P20,42,1,thermal_cost_CNY,0
E80_P20,42,1,curtailment_cost_CNY,0
E80_P20,42,1,load_shedding_cost_CNY,0
E80_P20,42,1,storage_variable_om_CNY,0
E80_P20,42,1,storage_investment_allocated_CNY,0
E80_P20,42,1,storage_fixed_om_CNY,0
E80_P20,42,2,renewable_available_MWh,0
E80_P20,42,2,renewable_used_MWh,0
E80_P20,42,2,curtailment_MWh,0
E80_P20,42,2,total_load_MWh,0
E80_P20,42,2,thermal_generation_MWh,0
E80_P20,42,2,unserved_MWh,0
E80_P20,42,2,discharge_MWh,0
E80_P20,42,2,total_cost_CNY,0
E80_P20,42,2,thermal_cost_CNY,0
E80_P20,42,2,curtailment_cost_CNY,0
E80_P20,42,2,load_shedding_cost_CNY,0
E80_P20,42,2,storage_variable_om_CNY,0
E80_P20,42,2,storage_investment_allocated_CNY,0
E80_P20,42,2,storage_fixed_om_CNY,0
E80_P20,42,3,renewable_available_MWh,0
E80_P20,42,3,renewable_used_MWh,0
E80_P20,42,3,curtailment_MWh,0
E80_P20,42,3,total_load_MWh,0
E80_P20,42,3,thermal_generation_MWh,0
E80_P20,42,3,unserved_MWh,0
E80_P20,42,3,discharge_MWh,0
E80_P20,42,3,total_cost_CNY,0
E80_P20,42,3,thermal_cost_CNY,0
E80_P20,42,3,curtailment_cost_CNY,0
E80_P20,42,3,load_shedding_cost_CNY,0
E80_P20,42,3,storage_variable_om_CNY,0
E80_P20,42,3,storage_investment_allocated_CNY,0
E80_P20,42,3,storage_fixed_om_CNY,0
E80_P20,42,4,renewable_available_MWh,0
E80_P20,42,4,renewable_used_MWh,0
E80_P20,42,4,curtailment_MWh,0
E80_P20,42,4,total_load_MWh,0
E80_P20,42,4,thermal_generation_MWh,0
E80_P20,42,4,unserved_MWh,0
E80_P20,42,4,discharge_MWh,0
E80_P20,42,4,total_cost_CNY,0
E80_P20,42,4,thermal_cost_CNY,0
E80_P20,42,4,curtailment_cost_CNY,0
E80_P20,42,4,load_shedding_cost_CNY,0
E80_P20,42,4,storage_variable_om_CNY,0
E80_P20,42,4,storage_investment_allocated_CNY,0
E80_P20,42,4,storage_fixed_om_CNY,0
E80_P20,42,5,renewable_available_MWh,0
E80_P20,42,5,renewable_used_MWh,0
E80_P20,42,5,curtailment_MWh,0
E80_P20,42,5,total_load_MWh,0
E80_P20,42,5,thermal_generation_MWh,0
E80_P20,42,5,unserved_MWh,0
E80_P20,42,5,discharge_MWh,0
E80_P20,42,5,total_cost_CNY,0
E80_P20,42,5,thermal_cost_CNY,0
E80_P20,42,5,curtailment_cost_CNY,0
E80_P20,42,5,load_shedding_cost_CNY,0
E80_P20,42,5,storage_variable_om_CNY,0
E80_P20,42,5,storage_investment_allocated_CNY,0
E80_P20,42,5,storage_fixed_om_CNY,0
E80_P20,42,6,renewable_available_MWh,0
E80_P20,42,6,renewable_used_MWh,0
E80_P20,42,6,curtailment_MWh,0
E80_P20,42,6,total_load_MWh,0
E80_P20,42,6,thermal_generation_MWh,0
E80_P20,42,6,unserved_MWh,0
E80_P20,42,6,discharge_MWh,0
E80_P20,42,6,total_cost_CNY,0
E80_P20,42,6,thermal_cost_CNY,0
E80_P20,42,6,curtailment_cost_CNY,0
E80_P20,42,6,load_shedding_cost_CNY,0
E80_P20,42,6,storage_variable_om_CNY,0
E80_P20,42,6,storage_investment_allocated_CNY,0
E80_P20,42,6,storage_fixed_om_CNY,0
E80_P20,42,7,renewable_available_MWh,0
E80_P20,42,7,renewable_used_MWh,0
E80_P20,42,7,curtailment_MWh,0
E80_P20,42,7,total_load_MWh,0
E80_P20,42,7,thermal_generation_MWh,0
E80_P20,42,7,unserved_MWh,0
E80_P20,42,7,discharge_MWh,0
E80_P20,42,7,total_cost_CNY,0
E80_P20,42,7,thermal_cost_CNY,0
E80_P20,42,7,curtailment_cost_CNY,0
E80_P20,42,7,load_shedding_cost_CNY,0
E80_P20,42,7,storage_variable_om_CNY,0
E80_P20,42,7,storage_investment_allocated_CNY,0
E80_P20,42,7,storage_fixed_om_CNY,0
E80_P20,42,8,renewable_available_MWh,0
E80_P20,42,8,renewable_used_MWh,0
E80_P20,42,8,curtailment_MWh,0
E80_P20,42,8,total_load_MWh,0
E80_P20,42,8,thermal_generation_MWh,0
E80_P20,42,8,unserved_MWh,0
E80_P20,42,8,discharge_MWh,0
E80_P20,42,8,total_cost_CNY,0
E80_P20,42,8,thermal_cost_CNY,0
E80_P20,42,8,curtailment_cost_CNY,0
E80_P20,42,8,load_shedding_cost_CNY,0
E80_P20,42,8,storage_variable_om_CNY,0
E80_P20,42,8,storage_investment_allocated_CNY,0
E80_P20,42,8,storage_fixed_om_CNY,0
E80_P20,42,9,renewable_available_MWh,0
E80_P20,42,9,renewable_used_MWh,0
E80_P20,42,9,curtailment_MWh,0
E80_P20,42,9,total_load_MWh,0
E80_P20,42,9,thermal_generation_MWh,0
E80_P20,42,9,unserved_MWh,0
E80_P20,42,9,discharge_MWh,0
E80_P20,42,9,total_cost_CNY,0
E80_P20,42,9,thermal_cost_CNY,0
E80_P20,42,9,curtailment_cost_CNY,0
E80_P20,42,9,load_shedding_cost_CNY,0
E80_P20,42,9,storage_variable_om_CNY,0
E80_P20,42,9,storage_investment_allocated_CNY,0
E80_P20,42,9,storage_fixed_om_CNY,0
E80_P20,42,10,renewable_available_MWh,0
E80_P20,42,10,renewable_used_MWh,0
E80_P20,42,10,curtailment_MWh,0
E80_P20,42,10,total_load_MWh,0
E80_P20,42,10,thermal_generation_MWh,0
E80_P20,42,10,unserved_MWh,0
E80_P20,42,10,discharge_MWh,0
E80_P20,42,10,total_cost_CNY,0
E80_P20,42,10,thermal_cost_CNY,0
E80_P20,42,10,curtailment_cost_CNY,0
E80_P20,42,10,load_shedding_cost_CNY,0
E80_P20,42,10,storage_variable_om_CNY,0
E80_P20,42,10,storage_investment_allocated_CNY,0
E80_P20,42,10,storage_fixed_om_CNY,0
E80_P20,42,11,renewable_available_MWh,0
E80_P20,42,11,renewable_used_MWh,0
E80_P20,42,11,curtailment_MWh,0
E80_P20,42,11,total_load_MWh,0
E80_P20,42,11,thermal_generation_MWh,0
E80_P20,42,11,unserved_MWh,0
E80_P20,42,11,discharge_MWh,0
E80_P20,42,11,total_cost_CNY,0
E80_P20,42,11,thermal_cost_CNY,0
E80_P20,42,11,curtailment_cost_CNY,0
E80_P20,42,11,load_shedding_cost_CNY,0
E80_P20,42,11,storage_variable_om_CNY,0
E80_P20,42,11,storage_investment_allocated_CNY,0
E80_P20,42,11,storage_fixed_om_CNY,0
E80_P20,42,12,renewable_available_MWh,0
E80_P20,42,12,renewable_used_MWh,0
E80_P20,42,12,curtailment_MWh,0
E80_P20,42,12,total_load_MWh,0
E80_P20,42,12,thermal_generation_MWh,0
E80_P20,42,12,unserved_MWh,0
E80_P20,42,12,discharge_MWh,0
E80_P20,42,12,total_cost_CNY,0
E80_P20,42,12,thermal_cost_CNY,0
E80_P20,42,12,curtailment_cost_CNY,0
E80_P20,42,12,load_shedding_cost_CNY,0
E80_P20,42,12,storage_variable_om_CNY,0
E80_P20,42,12,storage_investment_allocated_CNY,0
E80_P20,42,12,storage_fixed_om_CNY,0
E80_P20,42,13,renewable_available_MWh,0
E80_P20,42,13,renewable_used_MWh,0
E80_P20,42,13,curtailment_MWh,0
E80_P20,42,13,total_load_MWh,0
E80_P20,42,13,thermal_generation_MWh,0
E80_P20,42,13,unserved_MWh,0
E80_P20,42,13,discharge_MWh,0
E80_P20,42,13,total_cost_CNY,0
E80_P20,42,13,thermal_cost_CNY,0
E80_P20,42,13,curtailment_cost_CNY,0
E80_P20,42,13,load_shedding_cost_CNY,0
E80_P20,42,13,storage_variable_om_CNY,0
E80_P20,42,13,storage_investment_allocated_CNY,0
E80_P20,42,13,storage_fixed_om_CNY,0
E80_P20,42,14,renewable_available_MWh,0
E80_P20,42,14,renewable_used_MWh,0
E80_P20,42,14,curtailment_MWh,0
E80_P20,42,14,total_load_MWh,0
E80_P20,42,14,thermal_generation_MWh,0
E80_P20,42,14,unserved_MWh,0
E80_P20,42,14,discharge_MWh,0
E80_P20,42,14,total_cost_CNY,0
E80_P20,42,14,thermal_cost_CNY,0
E80_P20,42,14,curtailment_cost_CNY,0
E80_P20,42,14,load_shedding_cost_CNY,0
E80_P20,42,14,storage_variable_om_CNY,0
E80_P20,42,14,storage_investment_allocated_CNY,0
E80_P20,42,14,storage_fixed_om_CNY,0
E80_P20,42,15,renewable_available_MWh,0
E80_P20,42,15,renewable_used_MWh,0
E80_P20,42,15,curtailment_MWh,0
E80_P20,42,15,total_load_MWh,0
E80_P20,42,15,thermal_generation_MWh,0
E80_P20,42,15,unserved_MWh,0
E80_P20,42,15,discharge_MWh,0
E80_P20,42,15,total_cost_CNY,0
E80_P20,42,15,thermal_cost_CNY,0
E80_P20,42,15,curtailment_cost_CNY,0
E80_P20,42,15,load_shedding_cost_CNY,0
E80_P20,42,15,storage_variable_om_CNY,0
E80_P20,42,15,storage_investment_allocated_CNY,0
E80_P20,42,15,storage_fixed_om_CNY,0
E80_P20,42,16,renewable_available_MWh,0
E80_P20,42,16,renewable_used_MWh,0
E80_P20,42,16,curtailment_MWh,0
E80_P20,42,16,total_load_MWh,0
E80_P20,42,16,thermal_generation_MWh,0
E80_P20,42,16,unserved_MWh,0
E80_P20,42,16,discharge_MWh,0
E80_P20,42,16,total_cost_CNY,0
E80_P20,42,16,thermal_cost_CNY,0
E80_P20,42,16,curtailment_cost_CNY,0
E80_P20,42,16,load_shedding_cost_CNY,0
E80_P20,42,16,storage_variable_om_CNY,0
E80_P20,42,16,storage_investment_allocated_CNY,0
E80_P20,42,16,storage_fixed_om_CNY,0
E80_P20,42,17,renewable_available_MWh,0
E80_P20,42,17,renewable_used_MWh,0
E80_P20,42,17,curtailment_MWh,0
E80_P20,42,17,total_load_MWh,0
E80_P20,42,17,thermal_generation_MWh,0
E80_P20,42,17,unserved_MWh,0
E80_P20,42,17,discharge_MWh,0
E80_P20,42,17,total_cost_CNY,0
E80_P20,42,17,thermal_cost_CNY,0
E80_P20,42,17,curtailment_cost_CNY,0
E80_P20,42,17,load_shedding_cost_CNY,0
E80_P20,42,17,storage_variable_om_CNY,0
E80_P20,42,17,storage_investment_allocated_CNY,0
E80_P20,42,17,storage_fixed_om_CNY,0
E80_P20,42,18,renewable_available_MWh,0
E80_P20,42,18,renewable_used_MWh,0
E80_P20,42,18,curtailment_MWh,0
E80_P20,42,18,total_load_MWh,0
E80_P20,42,18,thermal_generation_MWh,0
E80_P20,42,18,unserved_MWh,0
E80_P20,42,18,discharge_MWh,0
E80_P20,42,18,total_cost_CNY,0
E80_P20,42,18,thermal_cost_CNY,0
E80_P20,42,18,curtailment_cost_CNY,0
E80_P20,42,18,load_shedding_cost_CNY,0
E80_P20,42,18,storage_variable_om_CNY,0
E80_P20,42,18,storage_investment_allocated_CNY,0
E80_P20,42,18,storage_fixed_om_CNY,0
E80_P20,42,19,renewable_available_MWh,0
E80_P20,42,19,renewable_used_MWh,0
E80_P20,42,19,curtailment_MWh,0
E80_P20,42,19,total_load_MWh,0
E80_P20,42,19,thermal_generation_MWh,0
E80_P20,42,19,unserved_MWh,0
E80_P20,42,19,discharge_MWh,0
E80_P20,42,19,total_cost_CNY,0
E80_P20,42,19,thermal_cost_CNY,0
E80_P20,42,19,curtailment_cost_CNY,0
E80_P20,42,19,load_shedding_cost_CNY,0
E80_P20,42,19,storage_variable_om_CNY,0
E80_P20,42,19,storage_investment_allocated_CNY,0
E80_P20,42,19,storage_fixed_om_CNY,0
E80_P20,42,20,renewable_available_MWh,0
E80_P20,42,20,renewable_used_MWh,0
E80_P20,42,20,curtailment_MWh,0
E80_P20,42,20,total_load_MWh,0
E80_P20,42,20,thermal_generation_MWh,0
E80_P20,42,20,unserved_MWh,0
E80_P20,42,20,discharge_MWh,0
E80_P20,42,20,total_cost_CNY,0
E80_P20,42,20,thermal_cost_CNY,0
E80_P20,42,20,curtailment_cost_CNY,0
E80_P20,42,20,load_shedding_cost_CNY,0
E80_P20,42,20,storage_variable_om_CNY,0
E80_P20,42,20,storage_investment_allocated_CNY,0
E80_P20,42,20,storage_fixed_om_CNY,0
E80_P20,42,21,renewable_available_MWh,0
E80_P20,42,21,renewable_used_MWh,0
E80_P20,42,21,curtailment_MWh,0
E80_P20,42,21,total_load_MWh,0
E80_P20,42,21,thermal_generation_MWh,0
E80_P20,42,21,unserved_MWh,0
E80_P20,42,21,discharge_MWh,0
E80_P20,42,21,total_cost_CNY,0
E80_P20,42,21,thermal_cost_CNY,0
E80_P20,42,21,curtailment_cost_CNY,0
E80_P20,42,21,load_shedding_cost_CNY,0
E80_P20,42,21,storage_variable_om_CNY,0
E80_P20,42,21,storage_investment_allocated_CNY,0
E80_P20,42,21,storage_fixed_om_CNY,0
E80_P20,42,22,renewable_available_MWh,0
E80_P20,42,22,renewable_used_MWh,0
E80_P20,42,22,curtailment_MWh,0
E80_P20,42,22,total_load_MWh,0
E80_P20,42,22,thermal_generation_MWh,0
E80_P20,42,22,unserved_MWh,0
E80_P20,42,22,discharge_MWh,0
E80_P20,42,22,total_cost_CNY,0
E80_P20,42,22,thermal_cost_CNY,0
E80_P20,42,22,curtailment_cost_CNY,0
E80_P20,42,22,load_shedding_cost_CNY,0
E80_P20,42,22,storage_variable_om_CNY,0
E80_P20,42,22,storage_investment_allocated_CNY,0
E80_P20,42,22,storage_fixed_om_CNY,0
E80_P20,42,23,renewable_available_MWh,0
E80_P20,42,23,renewable_used_MWh,0
E80_P20,42,23,curtailment_MWh,0
E80_P20,42,23,total_load_MWh,0
E80_P20,42,23,thermal_generation_MWh,0
E80_P20,42,23,unserved_MWh,0
E80_P20,42,23,discharge_MWh,0
E80_P20,42,23,total_cost_CNY,0
E80_P20,42,23,thermal_cost_CNY,0
E80_P20,42,23,curtailment_cost_CNY,0
E80_P20,42,23,load_shedding_cost_CNY,0
E80_P20,42,23,storage_variable_om_CNY,0
E80_P20,42,23,storage_investment_allocated_CNY,0
E80_P20,42,23,storage_fixed_om_CNY,0
E80_P20,42,24,renewable_available_MWh,0
E80_P20,42,24,renewable_used_MWh,0
E80_P20,42,24,curtailment_MWh,0
E80_P20,42,24,total_load_MWh,0
E80_P20,42,24,thermal_generation_MWh,0
E80_P20,42,24,unserved_MWh,0
E80_P20,42,24,discharge_MWh,0
E80_P20,42,24,total_cost_CNY,0
E80_P20,42,24,thermal_cost_CNY,0
E80_P20,42,24,curtailment_cost_CNY,0
E80_P20,42,24,load_shedding_cost_CNY,0
E80_P20,42,24,storage_variable_om_CNY,0
E80_P20,42,24,storage_investment_allocated_CNY,0
E80_P20,42,24,storage_fixed_om_CNY,0
E80_P20,42,25,renewable_available_MWh,0
E80_P20,42,25,renewable_used_MWh,0
E80_P20,42,25,curtailment_MWh,0
E80_P20,42,25,total_load_MWh,0
E80_P20,42,25,thermal_generation_MWh,0
E80_P20,42,25,unserved_MWh,0
E80_P20,42,25,discharge_MWh,0
E80_P20,42,25,total_cost_CNY,0
E80_P20,42,25,thermal_cost_CNY,0
E80_P20,42,25,curtailment_cost_CNY,0
E80_P20,42,25,load_shedding_cost_CNY,0
E80_P20,42,25,storage_variable_om_CNY,0
E80_P20,42,25,storage_investment_allocated_CNY,0
E80_P20,42,25,storage_fixed_om_CNY,0
E80_P20,42,26,renewable_available_MWh,0
E80_P20,42,26,renewable_used_MWh,0
E80_P20,42,26,curtailment_MWh,0
E80_P20,42,26,total_load_MWh,0
E80_P20,42,26,thermal_generation_MWh,0
E80_P20,42,26,unserved_MWh,0
E80_P20,42,26,discharge_MWh,0
E80_P20,42,26,total_cost_CNY,0
E80_P20,42,26,thermal_cost_CNY,0
E80_P20,42,26,curtailment_cost_CNY,0
E80_P20,42,26,load_shedding_cost_CNY,0
E80_P20,42,26,storage_variable_om_CNY,0
E80_P20,42,26,storage_investment_allocated_CNY,0
E80_P20,42,26,storage_fixed_om_CNY,0
E80_P20,42,27,renewable_available_MWh,0
E80_P20,42,27,renewable_used_MWh,0
E80_P20,42,27,curtailment_MWh,0
E80_P20,42,27,total_load_MWh,0
E80_P20,42,27,thermal_generation_MWh,0
E80_P20,42,27,unserved_MWh,0
E80_P20,42,27,discharge_MWh,0
E80_P20,42,27,total_cost_CNY,0
E80_P20,42,27,thermal_cost_CNY,0
E80_P20,42,27,curtailment_cost_CNY,0
E80_P20,42,27,load_shedding_cost_CNY,0
E80_P20,42,27,storage_variable_om_CNY,0
E80_P20,42,27,storage_investment_allocated_CNY,0
E80_P20,42,27,storage_fixed_om_CNY,0
E80_P20,42,28,renewable_available_MWh,0
E80_P20,42,28,renewable_used_MWh,0
E80_P20,42,28,curtailment_MWh,0
E80_P20,42,28,total_load_MWh,0
E80_P20,42,28,thermal_generation_MWh,0
E80_P20,42,28,unserved_MWh,0
E80_P20,42,28,discharge_MWh,0
E80_P20,42,28,total_cost_CNY,0
E80_P20,42,28,thermal_cost_CNY,0
E80_P20,42,28,curtailment_cost_CNY,0
E80_P20,42,28,load_shedding_cost_CNY,0
E80_P20,42,28,storage_variable_om_CNY,0
E80_P20,42,28,storage_investment_allocated_CNY,0
E80_P20,42,28,storage_fixed_om_CNY,0
E80_P20,42,29,renewable_available_MWh,0
E80_P20,42,29,renewable_used_MWh,0
E80_P20,42,29,curtailment_MWh,0
E80_P20,42,29,total_load_MWh,0
E80_P20,42,29,thermal_generation_MWh,0
E80_P20,42,29,unserved_MWh,0
E80_P20,42,29,discharge_MWh,0
E80_P20,42,29,total_cost_CNY,0
E80_P20,42,29,thermal_cost_CNY,0
E80_P20,42,29,curtailment_cost_CNY,0
E80_P20,42,29,load_shedding_cost_CNY,0
E80_P20,42,29,storage_variable_om_CNY,0
E80_P20,42,29,storage_investment_allocated_CNY,0
E80_P20,42,29,storage_fixed_om_CNY,0
E80_P20,42,30,renewable_available_MWh,0
E80_P20,42,30,renewable_used_MWh,0
E80_P20,42,30,curtailment_MWh,0
E80_P20,42,30,total_load_MWh,0
E80_P20,42,30,thermal_generation_MWh,0
E80_P20,42,30,unserved_MWh,0
E80_P20,42,30,discharge_MWh,0
E80_P20,42,30,total_cost_CNY,0
E80_P20,42,30,thermal_cost_CNY,0
E80_P20,42,30,curtailment_cost_CNY,0
E80_P20,42,30,load_shedding_cost_CNY,0
E80_P20,42,30,storage_variable_om_CNY,0
E80_P20,42,30,storage_investment_allocated_CNY,0
E80_P20,42,30,storage_fixed_om_CNY,0
E80_P20,42,31,renewable_available_MWh,0
E80_P20,42,31,renewable_used_MWh,0
E80_P20,42,31,curtailment_MWh,0
E80_P20,42,31,total_load_MWh,0
E80_P20,42,31,thermal_generation_MWh,0
E80_P20,42,31,unserved_MWh,0
E80_P20,42,31,discharge_MWh,0
E80_P20,42,31,total_cost_CNY,0
E80_P20,42,31,thermal_cost_CNY,0
E80_P20,42,31,curtailment_cost_CNY,0
E80_P20,42,31,load_shedding_cost_CNY,0
E80_P20,42,31,storage_variable_om_CNY,0
E80_P20,42,31,storage_investment_allocated_CNY,0
E80_P20,42,31,storage_fixed_om_CNY,0
E80_P20,42,32,renewable_available_MWh,0
E80_P20,42,32,renewable_used_MWh,0
E80_P20,42,32,curtailment_MWh,0
E80_P20,42,32,total_load_MWh,0
E80_P20,42,32,thermal_generation_MWh,0
E80_P20,42,32,unserved_MWh,0
E80_P20,42,32,discharge_MWh,0
E80_P20,42,32,total_cost_CNY,0
E80_P20,42,32,thermal_cost_CNY,0
E80_P20,42,32,curtailment_cost_CNY,0
E80_P20,42,32,load_shedding_cost_CNY,0
E80_P20,42,32,storage_variable_om_CNY,0
E80_P20,42,32,storage_investment_allocated_CNY,0
E80_P20,42,32,storage_fixed_om_CNY,0
E80_P20,42,33,renewable_available_MWh,0
E80_P20,42,33,renewable_used_MWh,0
E80_P20,42,33,curtailment_MWh,0
E80_P20,42,33,total_load_MWh,0
E80_P20,42,33,thermal_generation_MWh,0
E80_P20,42,33,unserved_MWh,0
E80_P20,42,33,discharge_MWh,0
E80_P20,42,33,total_cost_CNY,0
E80_P20,42,33,thermal_cost_CNY,0
E80_P20,42,33,curtailment_cost_CNY,0
E80_P20,42,33,load_shedding_cost_CNY,0
E80_P20,42,33,storage_variable_om_CNY,0
E80_P20,42,33,storage_investment_allocated_CNY,0
E80_P20,42,33,storage_fixed_om_CNY,0
E80_P20,42,34,renewable_available_MWh,0
E80_P20,42,34,renewable_used_MWh,0
E80_P20,42,34,curtailment_MWh,0
E80_P20,42,34,total_load_MWh,0
E80_P20,42,34,thermal_generation_MWh,0
E80_P20,42,34,unserved_MWh,0
E80_P20,42,34,discharge_MWh,0
E80_P20,42,34,total_cost_CNY,0
E80_P20,42,34,thermal_cost_CNY,0
E80_P20,42,34,curtailment_cost_CNY,0
E80_P20,42,34,load_shedding_cost_CNY,0
E80_P20,42,34,storage_variable_om_CNY,0
E80_P20,42,34,storage_investment_allocated_CNY,0
E80_P20,42,34,storage_fixed_om_CNY,0
E80_P20,42,35,renewable_available_MWh,0
E80_P20,42,35,renewable_used_MWh,0
E80_P20,42,35,curtailment_MWh,0
E80_P20,42,35,total_load_MWh,0
E80_P20,42,35,thermal_generation_MWh,0
E80_P20,42,35,unserved_MWh,0
E80_P20,42,35,discharge_MWh,0
E80_P20,42,35,total_cost_CNY,0
E80_P20,42,35,thermal_cost_CNY,0
E80_P20,42,35,curtailment_cost_CNY,0
E80_P20,42,35,load_shedding_cost_CNY,0
E80_P20,42,35,storage_variable_om_CNY,0
E80_P20,42,35,storage_investment_allocated_CNY,0
E80_P20,42,35,storage_fixed_om_CNY,0
E80_P20,42,36,renewable_available_MWh,0
E80_P20,42,36,renewable_used_MWh,0
E80_P20,42,36,curtailment_MWh,0
E80_P20,42,36,total_load_MWh,0
E80_P20,42,36,thermal_generation_MWh,0
E80_P20,42,36,unserved_MWh,0
E80_P20,42,36,discharge_MWh,0
E80_P20,42,36,total_cost_CNY,0
E80_P20,42,36,thermal_cost_CNY,0
E80_P20,42,36,curtailment_cost_CNY,0
E80_P20,42,36,load_shedding_cost_CNY,0
E80_P20,42,36,storage_variable_om_CNY,0
E80_P20,42,36,storage_investment_allocated_CNY,0
E80_P20,42,36,storage_fixed_om_CNY,0
E80_P20,42,37,renewable_available_MWh,0
E80_P20,42,37,renewable_used_MWh,0
E80_P20,42,37,curtailment_MWh,0
E80_P20,42,37,total_load_MWh,0
E80_P20,42,37,thermal_generation_MWh,0
E80_P20,42,37,unserved_MWh,0
E80_P20,42,37,discharge_MWh,0
E80_P20,42,37,total_cost_CNY,0
E80_P20,42,37,thermal_cost_CNY,0
E80_P20,42,37,curtailment_cost_CNY,0
E80_P20,42,37,load_shedding_cost_CNY,0
E80_P20,42,37,storage_variable_om_CNY,0
E80_P20,42,37,storage_investment_allocated_CNY,0
E80_P20,42,37,storage_fixed_om_CNY,0
E80_P20,42,38,renewable_available_MWh,0
E80_P20,42,38,renewable_used_MWh,0
E80_P20,42,38,curtailment_MWh,0
E80_P20,42,38,total_load_MWh,0
E80_P20,42,38,thermal_generation_MWh,0
E80_P20,42,38,unserved_MWh,0
E80_P20,42,38,discharge_MWh,0
E80_P20,42,38,total_cost_CNY,0
E80_P20,42,38,thermal_cost_CNY,0
E80_P20,42,38,curtailment_cost_CNY,0
E80_P20,42,38,load_shedding_cost_CNY,0
E80_P20,42,38,storage_variable_om_CNY,0
E80_P20,42,38,storage_investment_allocated_CNY,0
E80_P20,42,38,storage_fixed_om_CNY,0
E80_P20,42,39,renewable_available_MWh,0
E80_P20,42,39,renewable_used_MWh,0
E80_P20,42,39,curtailment_MWh,0
E80_P20,42,39,total_load_MWh,0
E80_P20,42,39,thermal_generation_MWh,0
E80_P20,42,39,unserved_MWh,0
E80_P20,42,39,discharge_MWh,0
E80_P20,42,39,total_cost_CNY,0
E80_P20,42,39,thermal_cost_CNY,0
E80_P20,42,39,curtailment_cost_CNY,0
E80_P20,42,39,load_shedding_cost_CNY,0
E80_P20,42,39,storage_variable_om_CNY,0
E80_P20,42,39,storage_investment_allocated_CNY,0
E80_P20,42,39,storage_fixed_om_CNY,0
E80_P20,42,40,renewable_available_MWh,0
E80_P20,42,40,renewable_used_MWh,0
E80_P20,42,40,curtailment_MWh,0
E80_P20,42,40,total_load_MWh,0
E80_P20,42,40,thermal_generation_MWh,0
E80_P20,42,40,unserved_MWh,0
E80_P20,42,40,discharge_MWh,0
E80_P20,42,40,total_cost_CNY,0
E80_P20,42,40,thermal_cost_CNY,0
E80_P20,42,40,curtailment_cost_CNY,0
E80_P20,42,40,load_shedding_cost_CNY,0
E80_P20,42,40,storage_variable_om_CNY,0
E80_P20,42,40,storage_investment_allocated_CNY,0
E80_P20,42,40,storage_fixed_om_CNY,0
E80_P20,42,41,renewable_available_MWh,0
E80_P20,42,41,renewable_used_MWh,0
E80_P20,42,41,curtailment_MWh,0
E80_P20,42,41,total_load_MWh,0
E80_P20,42,41,thermal_generation_MWh,0
E80_P20,42,41,unserved_MWh,0
E80_P20,42,41,discharge_MWh,0
E80_P20,42,41,total_cost_CNY,0
E80_P20,42,41,thermal_cost_CNY,0
E80_P20,42,41,curtailment_cost_CNY,0
E80_P20,42,41,load_shedding_cost_CNY,0
E80_P20,42,41,storage_variable_om_CNY,0
E80_P20,42,41,storage_investment_allocated_CNY,0
E80_P20,42,41,storage_fixed_om_CNY,0
E80_P20,42,42,renewable_available_MWh,0
E80_P20,42,42,renewable_used_MWh,0
E80_P20,42,42,curtailment_MWh,0
E80_P20,42,42,total_load_MWh,0
E80_P20,42,42,thermal_generation_MWh,0
E80_P20,42,42,unserved_MWh,0
E80_P20,42,42,discharge_MWh,0
E80_P20,42,42,total_cost_CNY,0
E80_P20,42,42,thermal_cost_CNY,0
E80_P20,42,42,curtailment_cost_CNY,0
E80_P20,42,42,load_shedding_cost_CNY,0
E80_P20,42,42,storage_variable_om_CNY,0
E80_P20,42,42,storage_investment_allocated_CNY,0
E80_P20,42,42,storage_fixed_om_CNY,0
E80_P20,42,43,renewable_available_MWh,0
E80_P20,42,43,renewable_used_MWh,0
E80_P20,42,43,curtailment_MWh,0
E80_P20,42,43,total_load_MWh,0
E80_P20,42,43,thermal_generation_MWh,0
E80_P20,42,43,unserved_MWh,0
E80_P20,42,43,discharge_MWh,0
E80_P20,42,43,total_cost_CNY,0
E80_P20,42,43,thermal_cost_CNY,0
E80_P20,42,43,curtailment_cost_CNY,0
E80_P20,42,43,load_shedding_cost_CNY,0
E80_P20,42,43,storage_variable_om_CNY,0
E80_P20,42,43,storage_investment_allocated_CNY,0
E80_P20,42,43,storage_fixed_om_CNY,0
E80_P20,42,44,renewable_available_MWh,0
E80_P20,42,44,renewable_used_MWh,0
E80_P20,42,44,curtailment_MWh,0
E80_P20,42,44,total_load_MWh,0
E80_P20,42,44,thermal_generation_MWh,0
E80_P20,42,44,unserved_MWh,0
E80_P20,42,44,discharge_MWh,0
E80_P20,42,44,total_cost_CNY,0
E80_P20,42,44,thermal_cost_CNY,0
E80_P20,42,44,curtailment_cost_CNY,0
E80_P20,42,44,load_shedding_cost_CNY,0
E80_P20,42,44,storage_variable_om_CNY,0
E80_P20,42,44,storage_investment_allocated_CNY,0
E80_P20,42,44,storage_fixed_om_CNY,0
E80_P20,42,45,renewable_available_MWh,0
E80_P20,42,45,renewable_used_MWh,0
E80_P20,42,45,curtailment_MWh,0
E80_P20,42,45,total_load_MWh,0
E80_P20,42,45,thermal_generation_MWh,0
E80_P20,42,45,unserved_MWh,0
E80_P20,42,45,discharge_MWh,0
E80_P20,42,45,total_cost_CNY,0
E80_P20,42,45,thermal_cost_CNY,0
E80_P20,42,45,curtailment_cost_CNY,0
E80_P20,42,45,load_shedding_cost_CNY,0
E80_P20,42,45,storage_variable_om_CNY,0
E80_P20,42,45,storage_investment_allocated_CNY,0
E80_P20,42,45,storage_fixed_om_CNY,0
E80_P20,42,46,renewable_available_MWh,0
E80_P20,42,46,renewable_used_MWh,0
E80_P20,42,46,curtailment_MWh,0
E80_P20,42,46,total_load_MWh,0
E80_P20,42,46,thermal_generation_MWh,0
E80_P20,42,46,unserved_MWh,0
E80_P20,42,46,discharge_MWh,0
E80_P20,42,46,total_cost_CNY,0
E80_P20,42,46,thermal_cost_CNY,0
E80_P20,42,46,curtailment_cost_CNY,0
E80_P20,42,46,load_shedding_cost_CNY,0
E80_P20,42,46,storage_variable_om_CNY,0
E80_P20,42,46,storage_investment_allocated_CNY,0
E80_P20,42,46,storage_fixed_om_CNY,0
E80_P20,42,47,renewable_available_MWh,0
E80_P20,42,47,renewable_used_MWh,0
E80_P20,42,47,curtailment_MWh,0
E80_P20,42,47,total_load_MWh,0
E80_P20,42,47,thermal_generation_MWh,0
E80_P20,42,47,unserved_MWh,0
E80_P20,42,47,discharge_MWh,0
E80_P20,42,47,total_cost_CNY,0
E80_P20,42,47,thermal_cost_CNY,0
E80_P20,42,47,curtailment_cost_CNY,0
E80_P20,42,47,load_shedding_cost_CNY,0
E80_P20,42,47,storage_variable_om_CNY,0
E80_P20,42,47,storage_investment_allocated_CNY,0
E80_P20,42,47,storage_fixed_om_CNY,0
E80_P20,7,0,renewable_available_MWh,0
E80_P20,7,0,renewable_used_MWh,0
E80_P20,7,0,curtailment_MWh,0
E80_P20,7,0,total_load_MWh,0
E80_P20,7,0,thermal_generation_MWh,0
E80_P20,7,0,unserved_MWh,0
E80_P20,7,0,discharge_MWh,0
E80_P20,7,0,total_cost_CNY,0
E80_P20,7,0,thermal_cost_CNY,0
E80_P20,7,0,curtailment_cost_CNY,0
E80_P20,7,0,load_shedding_cost_CNY,0
E80_P20,7,0,storage_variable_om_CNY,0
E80_P20,7,0,storage_investment_allocated_CNY,0
E80_P20,7,0,storage_fixed_om_CNY,0
E80_P20,7,1,renewable_available_MWh,0
E80_P20,7,1,renewable_used_MWh,0
E80_P20,7,1,curtailment_MWh,0
E80_P20,7,1,total_load_MWh,0
E80_P20,7,1,thermal_generation_MWh,0
E80_P20,7,1,unserved_MWh,0
E80_P20,7,1,discharge_MWh,0
E80_P20,7,1,total_cost_CNY,0
E80_P20,7,1,thermal_cost_CNY,0
E80_P20,7,1,curtailment_cost_CNY,0
E80_P20,7,1,load_shedding_cost_CNY,0
E80_P20,7,1,storage_variable_om_CNY,0
E80_P20,7,1,storage_investment_allocated_CNY,0
E80_P20,7,1,storage_fixed_om_CNY,0
E80_P20,7,2,renewable_available_MWh,0
E80_P20,7,2,renewable_used_MWh,0
E80_P20,7,2,curtailment_MWh,0
E80_P20,7,2,total_load_MWh,0
E80_P20,7,2,thermal_generation_MWh,0
E80_P20,7,2,unserved_MWh,0
E80_P20,7,2,discharge_MWh,0
E80_P20,7,2,total_cost_CNY,0
E80_P20,7,2,thermal_cost_CNY,0
E80_P20,7,2,curtailment_cost_CNY,0
E80_P20,7,2,load_shedding_cost_CNY,0
E80_P20,7,2,storage_variable_om_CNY,0
E80_P20,7,2,storage_investment_allocated_CNY,0
E80_P20,7,2,storage_fixed_om_CNY,0
E80_P20,7,3,renewable_available_MWh,0
E80_P20,7,3,renewable_used_MWh,0
E80_P20,7,3,curtailment_MWh,0
E80_P20,7,3,total_load_MWh,0
E80_P20,7,3,thermal_generation_MWh,0
E80_P20,7,3,unserved_MWh,0
E80_P20,7,3,discharge_MWh,0
E80_P20,7,3,total_cost_CNY,0
E80_P20,7,3,thermal_cost_CNY,0
E80_P20,7,3,curtailment_cost_CNY,0
E80_P20,7,3,load_shedding_cost_CNY,0
E80_P20,7,3,storage_variable_om_CNY,0
E80_P20,7,3,storage_investment_allocated_CNY,0
E80_P20,7,3,storage_fixed_om_CNY,0
E80_P20,7,4,renewable_available_MWh,0
E80_P20,7,4,renewable_used_MWh,0
E80_P20,7,4,curtailment_MWh,0
E80_P20,7,4,total_load_MWh,0
E80_P20,7,4,thermal_generation_MWh,0
E80_P20,7,4,unserved_MWh,0
E80_P20,7,4,discharge_MWh,0
E80_P20,7,4,total_cost_CNY,0
E80_P20,7,4,thermal_cost_CNY,0
E80_P20,7,4,curtailment_cost_CNY,0
E80_P20,7,4,load_shedding_cost_CNY,0
E80_P20,7,4,storage_variable_om_CNY,0
E80_P20,7,4,storage_investment_allocated_CNY,0
E80_P20,7,4,storage_fixed_om_CNY,0
E80_P20,7,5,renewable_available_MWh,0
E80_P20,7,5,renewable_used_MWh,0
E80_P20,7,5,curtailment_MWh,0
E80_P20,7,5,total_load_MWh,0
E80_P20,7,5,thermal_generation_MWh,0
E80_P20,7,5,unserved_MWh,0
E80_P20,7,5,discharge_MWh,0
E80_P20,7,5,total_cost_CNY,0
E80_P20,7,5,thermal_cost_CNY,0
E80_P20,7,5,curtailment_cost_CNY,0
E80_P20,7,5,load_shedding_cost_CNY,0
E80_P20,7,5,storage_variable_om_CNY,0
E80_P20,7,5,storage_investment_allocated_CNY,0
E80_P20,7,5,storage_fixed_om_CNY,0
E80_P20,7,6,renewable_available_MWh,0
E80_P20,7,6,renewable_used_MWh,0
E80_P20,7,6,curtailment_MWh,0
E80_P20,7,6,total_load_MWh,0
E80_P20,7,6,thermal_generation_MWh,0
E80_P20,7,6,unserved_MWh,0
E80_P20,7,6,discharge_MWh,0
E80_P20,7,6,total_cost_CNY,0
E80_P20,7,6,thermal_cost_CNY,0
E80_P20,7,6,curtailment_cost_CNY,0
E80_P20,7,6,load_shedding_cost_CNY,0
E80_P20,7,6,storage_variable_om_CNY,0
E80_P20,7,6,storage_investment_allocated_CNY,0
E80_P20,7,6,storage_fixed_om_CNY,0
E80_P20,7,7,renewable_available_MWh,0
E80_P20,7,7,renewable_used_MWh,0
E80_P20,7,7,curtailment_MWh,0
E80_P20,7,7,total_load_MWh,0
E80_P20,7,7,thermal_generation_MWh,0
E80_P20,7,7,unserved_MWh,0
E80_P20,7,7,discharge_MWh,0
E80_P20,7,7,total_cost_CNY,0
E80_P20,7,7,thermal_cost_CNY,0
E80_P20,7,7,curtailment_cost_CNY,0
E80_P20,7,7,load_shedding_cost_CNY,0
E80_P20,7,7,storage_variable_om_CNY,0
E80_P20,7,7,storage_investment_allocated_CNY,0
E80_P20,7,7,storage_fixed_om_CNY,0
E80_P20,7,8,renewable_available_MWh,0
E80_P20,7,8,renewable_used_MWh,0
E80_P20,7,8,curtailment_MWh,0
E80_P20,7,8,total_load_MWh,0
E80_P20,7,8,thermal_generation_MWh,0
E80_P20,7,8,unserved_MWh,0
E80_P20,7,8,discharge_MWh,0
E80_P20,7,8,total_cost_CNY,0
E80_P20,7,8,thermal_cost_CNY,0
E80_P20,7,8,curtailment_cost_CNY,0
E80_P20,7,8,load_shedding_cost_CNY,0
E80_P20,7,8,storage_variable_om_CNY,0
E80_P20,7,8,storage_investment_allocated_CNY,0
E80_P20,7,8,storage_fixed_om_CNY,0
E80_P20,7,9,renewable_available_MWh,0
E80_P20,7,9,renewable_used_MWh,0
E80_P20,7,9,curtailment_MWh,0
E80_P20,7,9,total_load_MWh,0
E80_P20,7,9,thermal_generation_MWh,0
E80_P20,7,9,unserved_MWh,0
E80_P20,7,9,discharge_MWh,0
E80_P20,7,9,total_cost_CNY,0
E80_P20,7,9,thermal_cost_CNY,0
E80_P20,7,9,curtailment_cost_CNY,0
E80_P20,7,9,load_shedding_cost_CNY,0
E80_P20,7,9,storage_variable_om_CNY,0
E80_P20,7,9,storage_investment_allocated_CNY,0
E80_P20,7,9,storage_fixed_om_CNY,0
E80_P20,7,10,renewable_available_MWh,0
E80_P20,7,10,renewable_used_MWh,0
E80_P20,7,10,curtailment_MWh,0
E80_P20,7,10,total_load_MWh,0
E80_P20,7,10,thermal_generation_MWh,0
E80_P20,7,10,unserved_MWh,0
E80_P20,7,10,discharge_MWh,0
E80_P20,7,10,total_cost_CNY,0
E80_P20,7,10,thermal_cost_CNY,0
E80_P20,7,10,curtailment_cost_CNY,0
E80_P20,7,10,load_shedding_cost_CNY,0
E80_P20,7,10,storage_variable_om_CNY,0
E80_P20,7,10,storage_investment_allocated_CNY,0
E80_P20,7,10,storage_fixed_om_CNY,0
E80_P20,7,11,renewable_available_MWh,0
E80_P20,7,11,renewable_used_MWh,0
E80_P20,7,11,curtailment_MWh,0
E80_P20,7,11,total_load_MWh,0
E80_P20,7,11,thermal_generation_MWh,0
E80_P20,7,11,unserved_MWh,0
E80_P20,7,11,discharge_MWh,0
E80_P20,7,11,total_cost_CNY,0
E80_P20,7,11,thermal_cost_CNY,0
E80_P20,7,11,curtailment_cost_CNY,0
E80_P20,7,11,load_shedding_cost_CNY,0
E80_P20,7,11,storage_variable_om_CNY,0
E80_P20,7,11,storage_investment_allocated_CNY,0
E80_P20,7,11,storage_fixed_om_CNY,0
E80_P20,7,12,renewable_available_MWh,0
E80_P20,7,12,renewable_used_MWh,0
E80_P20,7,12,curtailment_MWh,0
E80_P20,7,12,total_load_MWh,0
E80_P20,7,12,thermal_generation_MWh,0
E80_P20,7,12,unserved_MWh,0
E80_P20,7,12,discharge_MWh,0
E80_P20,7,12,total_cost_CNY,0
E80_P20,7,12,thermal_cost_CNY,0
E80_P20,7,12,curtailment_cost_CNY,0
E80_P20,7,12,load_shedding_cost_CNY,0
E80_P20,7,12,storage_variable_om_CNY,0
E80_P20,7,12,storage_investment_allocated_CNY,0
E80_P20,7,12,storage_fixed_om_CNY,0
E80_P20,7,13,renewable_available_MWh,0
E80_P20,7,13,renewable_used_MWh,0
E80_P20,7,13,curtailment_MWh,0
E80_P20,7,13,total_load_MWh,0
E80_P20,7,13,thermal_generation_MWh,0
E80_P20,7,13,unserved_MWh,0
E80_P20,7,13,discharge_MWh,0
E80_P20,7,13,total_cost_CNY,0
E80_P20,7,13,thermal_cost_CNY,0
E80_P20,7,13,curtailment_cost_CNY,0
E80_P20,7,13,load_shedding_cost_CNY,0
E80_P20,7,13,storage_variable_om_CNY,0
E80_P20,7,13,storage_investment_allocated_CNY,0
E80_P20,7,13,storage_fixed_om_CNY,0
E80_P20,7,14,renewable_available_MWh,0
E80_P20,7,14,renewable_used_MWh,0
E80_P20,7,14,curtailment_MWh,0
E80_P20,7,14,total_load_MWh,0
E80_P20,7,14,thermal_generation_MWh,0
E80_P20,7,14,unserved_MWh,0
E80_P20,7,14,discharge_MWh,0
E80_P20,7,14,total_cost_CNY,0
E80_P20,7,14,thermal_cost_CNY,0
E80_P20,7,14,curtailment_cost_CNY,0
E80_P20,7,14,load_shedding_cost_CNY,0
E80_P20,7,14,storage_variable_om_CNY,0
E80_P20,7,14,storage_investment_allocated_CNY,0
E80_P20,7,14,storage_fixed_om_CNY,0
E80_P20,7,15,renewable_available_MWh,0
E80_P20,7,15,renewable_used_MWh,0
E80_P20,7,15,curtailment_MWh,0
E80_P20,7,15,total_load_MWh,0
E80_P20,7,15,thermal_generation_MWh,0
E80_P20,7,15,unserved_MWh,0
E80_P20,7,15,discharge_MWh,0
E80_P20,7,15,total_cost_CNY,0
E80_P20,7,15,thermal_cost_CNY,0
E80_P20,7,15,curtailment_cost_CNY,0
E80_P20,7,15,load_shedding_cost_CNY,0
E80_P20,7,15,storage_variable_om_CNY,0
E80_P20,7,15,storage_investment_allocated_CNY,0
E80_P20,7,15,storage_fixed_om_CNY,0
E80_P20,7,16,renewable_available_MWh,0
E80_P20,7,16,renewable_used_MWh,0
E80_P20,7,16,curtailment_MWh,0
E80_P20,7,16,total_load_MWh,0
E80_P20,7,16,thermal_generation_MWh,0
E80_P20,7,16,unserved_MWh,0
E80_P20,7,16,discharge_MWh,0
E80_P20,7,16,total_cost_CNY,0
E80_P20,7,16,thermal_cost_CNY,0
E80_P20,7,16,curtailment_cost_CNY,0
E80_P20,7,16,load_shedding_cost_CNY,0
E80_P20,7,16,storage_variable_om_CNY,0
E80_P20,7,16,storage_investment_allocated_CNY,0
E80_P20,7,16,storage_fixed_om_CNY,0
E80_P20,7,17,renewable_available_MWh,0
E80_P20,7,17,renewable_used_MWh,0
E80_P20,7,17,curtailment_MWh,0
E80_P20,7,17,total_load_MWh,0
E80_P20,7,17,thermal_generation_MWh,0
E80_P20,7,17,unserved_MWh,0
E80_P20,7,17,discharge_MWh,0
E80_P20,7,17,total_cost_CNY,0
E80_P20,7,17,thermal_cost_CNY,0
E80_P20,7,17,curtailment_cost_CNY,0
E80_P20,7,17,load_shedding_cost_CNY,0
E80_P20,7,17,storage_variable_om_CNY,0
E80_P20,7,17,storage_investment_allocated_CNY,0
E80_P20,7,17,storage_fixed_om_CNY,0
E80_P20,7,18,renewable_available_MWh,0
E80_P20,7,18,renewable_used_MWh,0
E80_P20,7,18,curtailment_MWh,0
E80_P20,7,18,total_load_MWh,0
E80_P20,7,18,thermal_generation_MWh,0
E80_P20,7,18,unserved_MWh,0
E80_P20,7,18,discharge_MWh,0
E80_P20,7,18,total_cost_CNY,0
E80_P20,7,18,thermal_cost_CNY,0
E80_P20,7,18,curtailment_cost_CNY,0
E80_P20,7,18,load_shedding_cost_CNY,0
E80_P20,7,18,storage_variable_om_CNY,0
E80_P20,7,18,storage_investment_allocated_CNY,0
E80_P20,7,18,storage_fixed_om_CNY,0
E80_P20,7,19,renewable_available_MWh,0
E80_P20,7,19,renewable_used_MWh,0
E80_P20,7,19,curtailment_MWh,0
E80_P20,7,19,total_load_MWh,0
E80_P20,7,19,thermal_generation_MWh,0
E80_P20,7,19,unserved_MWh,0
E80_P20,7,19,discharge_MWh,0
E80_P20,7,19,total_cost_CNY,0
E80_P20,7,19,thermal_cost_CNY,0
E80_P20,7,19,curtailment_cost_CNY,0
E80_P20,7,19,load_shedding_cost_CNY,0
E80_P20,7,19,storage_variable_om_CNY,0
E80_P20,7,19,storage_investment_allocated_CNY,0
E80_P20,7,19,storage_fixed_om_CNY,0
E80_P20,7,20,renewable_available_MWh,0
E80_P20,7,20,renewable_used_MWh,0
E80_P20,7,20,curtailment_MWh,0
E80_P20,7,20,total_load_MWh,0
E80_P20,7,20,thermal_generation_MWh,0
E80_P20,7,20,unserved_MWh,0
E80_P20,7,20,discharge_MWh,0
E80_P20,7,20,total_cost_CNY,0
E80_P20,7,20,thermal_cost_CNY,0
E80_P20,7,20,curtailment_cost_CNY,0
E80_P20,7,20,load_shedding_cost_CNY,0
E80_P20,7,20,storage_variable_om_CNY,0
E80_P20,7,20,storage_investment_allocated_CNY,0
E80_P20,7,20,storage_fixed_om_CNY,0
E80_P20,7,21,renewable_available_MWh,0
E80_P20,7,21,renewable_used_MWh,0
E80_P20,7,21,curtailment_MWh,0
E80_P20,7,21,total_load_MWh,0
E80_P20,7,21,thermal_generation_MWh,0
E80_P20,7,21,unserved_MWh,0
E80_P20,7,21,discharge_MWh,0
E80_P20,7,21,total_cost_CNY,0
E80_P20,7,21,thermal_cost_CNY,0
E80_P20,7,21,curtailment_cost_CNY,0
E80_P20,7,21,load_shedding_cost_CNY,0
E80_P20,7,21,storage_variable_om_CNY,0
E80_P20,7,21,storage_investment_allocated_CNY,0
E80_P20,7,21,storage_fixed_om_CNY,0
E80_P20,7,22,renewable_available_MWh,0
E80_P20,7,22,renewable_used_MWh,0
E80_P20,7,22,curtailment_MWh,0
E80_P20,7,22,total_load_MWh,0
E80_P20,7,22,thermal_generation_MWh,0
E80_P20,7,22,unserved_MWh,0
E80_P20,7,22,discharge_MWh,0
E80_P20,7,22,total_cost_CNY,0
E80_P20,7,22,thermal_cost_CNY,0
E80_P20,7,22,curtailment_cost_CNY,0
E80_P20,7,22,load_shedding_cost_CNY,0
E80_P20,7,22,storage_variable_om_CNY,0
E80_P20,7,22,storage_investment_allocated_CNY,0
E80_P20,7,22,storage_fixed_om_CNY,0
E80_P20,7,23,renewable_available_MWh,0
E80_P20,7,23,renewable_used_MWh,0
E80_P20,7,23,curtailment_MWh,0
E80_P20,7,23,total_load_MWh,0
E80_P20,7,23,thermal_generation_MWh,0
E80_P20,7,23,unserved_MWh,0
E80_P20,7,23,discharge_MWh,0
E80_P20,7,23,total_cost_CNY,0
E80_P20,7,23,thermal_cost_CNY,0
E80_P20,7,23,curtailment_cost_CNY,0
E80_P20,7,23,load_shedding_cost_CNY,0
E80_P20,7,23,storage_variable_om_CNY,0
E80_P20,7,23,storage_investment_allocated_CNY,0
E80_P20,7,23,storage_fixed_om_CNY,0
E80_P20,7,24,renewable_available_MWh,0
E80_P20,7,24,renewable_used_MWh,0
E80_P20,7,24,curtailment_MWh,0
E80_P20,7,24,total_load_MWh,0
E80_P20,7,24,thermal_generation_MWh,0
E80_P20,7,24,unserved_MWh,0
E80_P20,7,24,discharge_MWh,0
E80_P20,7,24,total_cost_CNY,0
E80_P20,7,24,thermal_cost_CNY,0
E80_P20,7,24,curtailment_cost_CNY,0
E80_P20,7,24,load_shedding_cost_CNY,0
E80_P20,7,24,storage_variable_om_CNY,0
E80_P20,7,24,storage_investment_allocated_CNY,0
E80_P20,7,24,storage_fixed_om_CNY,0
E80_P20,7,25,renewable_available_MWh,0
E80_P20,7,25,renewable_used_MWh,0
E80_P20,7,25,curtailment_MWh,0
E80_P20,7,25,total_load_MWh,0
E80_P20,7,25,thermal_generation_MWh,0
E80_P20,7,25,unserved_MWh,0
E80_P20,7,25,discharge_MWh,0
E80_P20,7,25,total_cost_CNY,0
E80_P20,7,25,thermal_cost_CNY,0
E80_P20,7,25,curtailment_cost_CNY,0
E80_P20,7,25,load_shedding_cost_CNY,0
E80_P20,7,25,storage_variable_om_CNY,0
E80_P20,7,25,storage_investment_allocated_CNY,0
E80_P20,7,25,storage_fixed_om_CNY,0
E80_P20,7,26,renewable_available_MWh,0
E80_P20,7,26,renewable_used_MWh,0
E80_P20,7,26,curtailment_MWh,0
E80_P20,7,26,total_load_MWh,0
E80_P20,7,26,thermal_generation_MWh,0
E80_P20,7,26,unserved_MWh,0
E80_P20,7,26,discharge_MWh,0
E80_P20,7,26,total_cost_CNY,0
E80_P20,7,26,thermal_cost_CNY,0
E80_P20,7,26,curtailment_cost_CNY,0
E80_P20,7,26,load_shedding_cost_CNY,0
E80_P20,7,26,storage_variable_om_CNY,0
E80_P20,7,26,storage_investment_allocated_CNY,0
E80_P20,7,26,storage_fixed_om_CNY,0
E80_P20,7,27,renewable_available_MWh,0
E80_P20,7,27,renewable_used_MWh,0
E80_P20,7,27,curtailment_MWh,0
E80_P20,7,27,total_load_MWh,0
E80_P20,7,27,thermal_generation_MWh,0
E80_P20,7,27,unserved_MWh,0
E80_P20,7,27,discharge_MWh,0
E80_P20,7,27,total_cost_CNY,0
E80_P20,7,27,thermal_cost_CNY,0
E80_P20,7,27,curtailment_cost_CNY,0
E80_P20,7,27,load_shedding_cost_CNY,0
E80_P20,7,27,storage_variable_om_CNY,0
E80_P20,7,27,storage_investment_allocated_CNY,0
E80_P20,7,27,storage_fixed_om_CNY,0
E80_P20,7,28,renewable_available_MWh,0
E80_P20,7,28,renewable_used_MWh,0
E80_P20,7,28,curtailment_MWh,0
E80_P20,7,28,total_load_MWh,0
E80_P20,7,28,thermal_generation_MWh,0
E80_P20,7,28,unserved_MWh,0
E80_P20,7,28,discharge_MWh,0
E80_P20,7,28,total_cost_CNY,0
E80_P20,7,28,thermal_cost_CNY,0
E80_P20,7,28,curtailment_cost_CNY,0
E80_P20,7,28,load_shedding_cost_CNY,0
E80_P20,7,28,storage_variable_om_CNY,0
E80_P20,7,28,storage_investment_allocated_CNY,0
E80_P20,7,28,storage_fixed_om_CNY,0
E80_P20,7,29,renewable_available_MWh,0
E80_P20,7,29,renewable_used_MWh,0
E80_P20,7,29,curtailment_MWh,0
E80_P20,7,29,total_load_MWh,0
E80_P20,7,29,thermal_generation_MWh,0
E80_P20,7,29,unserved_MWh,0
E80_P20,7,29,discharge_MWh,0
E80_P20,7,29,total_cost_CNY,0
E80_P20,7,29,thermal_cost_CNY,0
E80_P20,7,29,curtailment_cost_CNY,0
E80_P20,7,29,load_shedding_cost_CNY,0
E80_P20,7,29,storage_variable_om_CNY,0
E80_P20,7,29,storage_investment_allocated_CNY,0
E80_P20,7,29,storage_fixed_om_CNY,0
E80_P20,7,30,renewable_available_MWh,0
E80_P20,7,30,renewable_used_MWh,0
E80_P20,7,30,curtailment_MWh,0
E80_P20,7,30,total_load_MWh,0
E80_P20,7,30,thermal_generation_MWh,0
E80_P20,7,30,unserved_MWh,0
E80_P20,7,30,discharge_MWh,0
E80_P20,7,30,total_cost_CNY,0
E80_P20,7,30,thermal_cost_CNY,0
E80_P20,7,30,curtailment_cost_CNY,0
E80_P20,7,30,load_shedding_cost_CNY,0
E80_P20,7,30,storage_variable_om_CNY,0
E80_P20,7,30,storage_investment_allocated_CNY,0
E80_P20,7,30,storage_fixed_om_CNY,0
E80_P20,7,31,renewable_available_MWh,0
E80_P20,7,31,renewable_used_MWh,0
E80_P20,7,31,curtailment_MWh,0
E80_P20,7,31,total_load_MWh,0
E80_P20,7,31,thermal_generation_MWh,0
E80_P20,7,31,unserved_MWh,0
E80_P20,7,31,discharge_MWh,0
E80_P20,7,31,total_cost_CNY,0
E80_P20,7,31,thermal_cost_CNY,0
E80_P20,7,31,curtailment_cost_CNY,0
E80_P20,7,31,load_shedding_cost_CNY,0
E80_P20,7,31,storage_variable_om_CNY,0
E80_P20,7,31,storage_investment_allocated_CNY,0
E80_P20,7,31,storage_fixed_om_CNY,0
E80_P20,7,32,renewable_available_MWh,0
E80_P20,7,32,renewable_used_MWh,0
E80_P20,7,32,curtailment_MWh,0
E80_P20,7,32,total_load_MWh,0
E80_P20,7,32,thermal_generation_MWh,0
E80_P20,7,32,unserved_MWh,0
E80_P20,7,32,discharge_MWh,0
E80_P20,7,32,total_cost_CNY,0
E80_P20,7,32,thermal_cost_CNY,0
E80_P20,7,32,curtailment_cost_CNY,0
E80_P20,7,32,load_shedding_cost_CNY,0
E80_P20,7,32,storage_variable_om_CNY,0
E80_P20,7,32,storage_investment_allocated_CNY,0
E80_P20,7,32,storage_fixed_om_CNY,0
E80_P20,7,33,renewable_available_MWh,0
E80_P20,7,33,renewable_used_MWh,0
E80_P20,7,33,curtailment_MWh,0
E80_P20,7,33,total_load_MWh,0
E80_P20,7,33,thermal_generation_MWh,0
E80_P20,7,33,unserved_MWh,0
E80_P20,7,33,discharge_MWh,0
E80_P20,7,33,total_cost_CNY,0
E80_P20,7,33,thermal_cost_CNY,0
E80_P20,7,33,curtailment_cost_CNY,0
E80_P20,7,33,load_shedding_cost_CNY,0
E80_P20,7,33,storage_variable_om_CNY,0
E80_P20,7,33,storage_investment_allocated_CNY,0
E80_P20,7,33,storage_fixed_om_CNY,0
E80_P20,7,34,renewable_available_MWh,0
E80_P20,7,34,renewable_used_MWh,0
E80_P20,7,34,curtailment_MWh,0
E80_P20,7,34,total_load_MWh,0
E80_P20,7,34,thermal_generation_MWh,0
E80_P20,7,34,unserved_MWh,0
E80_P20,7,34,discharge_MWh,0
E80_P20,7,34,total_cost_CNY,0
E80_P20,7,34,thermal_cost_CNY,0
E80_P20,7,34,curtailment_cost_CNY,0
E80_P20,7,34,load_shedding_cost_CNY,0
E80_P20,7,34,storage_variable_om_CNY,0
E80_P20,7,34,storage_investment_allocated_CNY,0
E80_P20,7,34,storage_fixed_om_CNY,0
E80_P20,7,35,renewable_available_MWh,0
E80_P20,7,35,renewable_used_MWh,0
E80_P20,7,35,curtailment_MWh,0
E80_P20,7,35,total_load_MWh,0
E80_P20,7,35,thermal_generation_MWh,0
E80_P20,7,35,unserved_MWh,0
E80_P20,7,35,discharge_MWh,0
E80_P20,7,35,total_cost_CNY,0
E80_P20,7,35,thermal_cost_CNY,0
E80_P20,7,35,curtailment_cost_CNY,0
E80_P20,7,35,load_shedding_cost_CNY,0
E80_P20,7,35,storage_variable_om_CNY,0
E80_P20,7,35,storage_investment_allocated_CNY,0
E80_P20,7,35,storage_fixed_om_CNY,0
E80_P20,7,36,renewable_available_MWh,0
E80_P20,7,36,renewable_used_MWh,0
E80_P20,7,36,curtailment_MWh,0
E80_P20,7,36,total_load_MWh,0
E80_P20,7,36,thermal_generation_MWh,0
E80_P20,7,36,unserved_MWh,0
E80_P20,7,36,discharge_MWh,0
E80_P20,7,36,total_cost_CNY,0
E80_P20,7,36,thermal_cost_CNY,0
E80_P20,7,36,curtailment_cost_CNY,0
E80_P20,7,36,load_shedding_cost_CNY,0
E80_P20,7,36,storage_variable_om_CNY,0
E80_P20,7,36,storage_investment_allocated_CNY,0
E80_P20,7,36,storage_fixed_om_CNY,0
E80_P20,7,37,renewable_available_MWh,0
E80_P20,7,37,renewable_used_MWh,0
E80_P20,7,37,curtailment_MWh,0
E80_P20,7,37,total_load_MWh,0
E80_P20,7,37,thermal_generation_MWh,0
E80_P20,7,37,unserved_MWh,0
E80_P20,7,37,discharge_MWh,0
E80_P20,7,37,total_cost_CNY,0
E80_P20,7,37,thermal_cost_CNY,0
E80_P20,7,37,curtailment_cost_CNY,0
E80_P20,7,37,load_shedding_cost_CNY,0
E80_P20,7,37,storage_variable_om_CNY,0
E80_P20,7,37,storage_investment_allocated_CNY,0
E80_P20,7,37,storage_fixed_om_CNY,0
E80_P20,7,38,renewable_available_MWh,0
E80_P20,7,38,renewable_used_MWh,0
E80_P20,7,38,curtailment_MWh,0
E80_P20,7,38,total_load_MWh,0
E80_P20,7,38,thermal_generation_MWh,0
E80_P20,7,38,unserved_MWh,0
E80_P20,7,38,discharge_MWh,0
E80_P20,7,38,total_cost_CNY,0
E80_P20,7,38,thermal_cost_CNY,0
E80_P20,7,38,curtailment_cost_CNY,0
E80_P20,7,38,load_shedding_cost_CNY,0
E80_P20,7,38,storage_variable_om_CNY,0
E80_P20,7,38,storage_investment_allocated_CNY,0
E80_P20,7,38,storage_fixed_om_CNY,0
E80_P20,7,39,renewable_available_MWh,0
E80_P20,7,39,renewable_used_MWh,0
E80_P20,7,39,curtailment_MWh,0
E80_P20,7,39,total_load_MWh,0
E80_P20,7,39,thermal_generation_MWh,0
E80_P20,7,39,unserved_MWh,0
E80_P20,7,39,discharge_MWh,0
E80_P20,7,39,total_cost_CNY,0
E80_P20,7,39,thermal_cost_CNY,0
E80_P20,7,39,curtailment_cost_CNY,0
E80_P20,7,39,load_shedding_cost_CNY,0
E80_P20,7,39,storage_variable_om_CNY,0
E80_P20,7,39,storage_investment_allocated_CNY,0
E80_P20,7,39,storage_fixed_om_CNY,0
E80_P20,7,40,renewable_available_MWh,0
E80_P20,7,40,renewable_used_MWh,0
E80_P20,7,40,curtailment_MWh,0
E80_P20,7,40,total_load_MWh,0
E80_P20,7,40,thermal_generation_MWh,0
E80_P20,7,40,unserved_MWh,0
E80_P20,7,40,discharge_MWh,0
E80_P20,7,40,total_cost_CNY,0
E80_P20,7,40,thermal_cost_CNY,0
E80_P20,7,40,curtailment_cost_CNY,0
E80_P20,7,40,load_shedding_cost_CNY,0
E80_P20,7,40,storage_variable_om_CNY,0
E80_P20,7,40,storage_investment_allocated_CNY,0
E80_P20,7,40,storage_fixed_om_CNY,0
E80_P20,7,41,renewable_available_MWh,0
E80_P20,7,41,renewable_used_MWh,0
E80_P20,7,41,curtailment_MWh,0
E80_P20,7,41,total_load_MWh,0
E80_P20,7,41,thermal_generation_MWh,0
E80_P20,7,41,unserved_MWh,0
E80_P20,7,41,discharge_MWh,0
E80_P20,7,41,total_cost_CNY,0
E80_P20,7,41,thermal_cost_CNY,0
E80_P20,7,41,curtailment_cost_CNY,0
E80_P20,7,41,load_shedding_cost_CNY,0
E80_P20,7,41,storage_variable_om_CNY,0
E80_P20,7,41,storage_investment_allocated_CNY,0
E80_P20,7,41,storage_fixed_om_CNY,0
E80_P20,7,42,renewable_available_MWh,0
E80_P20,7,42,renewable_used_MWh,0
E80_P20,7,42,curtailment_MWh,0
E80_P20,7,42,total_load_MWh,0
E80_P20,7,42,thermal_generation_MWh,0
E80_P20,7,42,unserved_MWh,0
E80_P20,7,42,discharge_MWh,0
E80_P20,7,42,total_cost_CNY,0
E80_P20,7,42,thermal_cost_CNY,0
E80_P20,7,42,curtailment_cost_CNY,0
E80_P20,7,42,load_shedding_cost_CNY,0
E80_P20,7,42,storage_variable_om_CNY,0
E80_P20,7,42,storage_investment_allocated_CNY,0
E80_P20,7,42,storage_fixed_om_CNY,0
E80_P20,7,43,renewable_available_MWh,0
E80_P20,7,43,renewable_used_MWh,0
E80_P20,7,43,curtailment_MWh,0
E80_P20,7,43,total_load_MWh,0
E80_P20,7,43,thermal_generation_MWh,0
E80_P20,7,43,unserved_MWh,0
E80_P20,7,43,discharge_MWh,0
E80_P20,7,43,total_cost_CNY,0
E80_P20,7,43,thermal_cost_CNY,0
E80_P20,7,43,curtailment_cost_CNY,0
E80_P20,7,43,load_shedding_cost_CNY,0
E80_P20,7,43,storage_variable_om_CNY,0
E80_P20,7,43,storage_investment_allocated_CNY,0
E80_P20,7,43,storage_fixed_om_CNY,0
E80_P20,7,44,renewable_available_MWh,0
E80_P20,7,44,renewable_used_MWh,0
E80_P20,7,44,curtailment_MWh,0
E80_P20,7,44,total_load_MWh,0
E80_P20,7,44,thermal_generation_MWh,0
E80_P20,7,44,unserved_MWh,0
E80_P20,7,44,discharge_MWh,0
E80_P20,7,44,total_cost_CNY,0
E80_P20,7,44,thermal_cost_CNY,0
E80_P20,7,44,curtailment_cost_CNY,0
E80_P20,7,44,load_shedding_cost_CNY,0
E80_P20,7,44,storage_variable_om_CNY,0
E80_P20,7,44,storage_investment_allocated_CNY,0
E80_P20,7,44,storage_fixed_om_CNY,0
E80_P20,7,45,renewable_available_MWh,0
E80_P20,7,45,renewable_used_MWh,0
E80_P20,7,45,curtailment_MWh,0
E80_P20,7,45,total_load_MWh,0
E80_P20,7,45,thermal_generation_MWh,0
E80_P20,7,45,unserved_MWh,0
E80_P20,7,45,discharge_MWh,0
E80_P20,7,45,total_cost_CNY,0
E80_P20,7,45,thermal_cost_CNY,0
E80_P20,7,45,curtailment_cost_CNY,0
E80_P20,7,45,load_shedding_cost_CNY,0
E80_P20,7,45,storage_variable_om_CNY,0
E80_P20,7,45,storage_investment_allocated_CNY,0
E80_P20,7,45,storage_fixed_om_CNY,0
E80_P20,7,46,renewable_available_MWh,0
E80_P20,7,46,renewable_used_MWh,0
E80_P20,7,46,curtailment_MWh,0
E80_P20,7,46,total_load_MWh,0
E80_P20,7,46,thermal_generation_MWh,0
E80_P20,7,46,unserved_MWh,0
E80_P20,7,46,discharge_MWh,0
E80_P20,7,46,total_cost_CNY,0
E80_P20,7,46,thermal_cost_CNY,0
E80_P20,7,46,curtailment_cost_CNY,0
E80_P20,7,46,load_shedding_cost_CNY,0
E80_P20,7,46,storage_variable_om_CNY,0
E80_P20,7,46,storage_investment_allocated_CNY,0
E80_P20,7,46,storage_fixed_om_CNY,0
E80_P20,7,47,renewable_available_MWh,0
E80_P20,7,47,renewable_used_MWh,0
E80_P20,7,47,curtailment_MWh,0
E80_P20,7,47,total_load_MWh,0
E80_P20,7,47,thermal_generation_MWh,0
E80_P20,7,47,unserved_MWh,0
E80_P20,7,47,discharge_MWh,0
E80_P20,7,47,total_cost_CNY,0
E80_P20,7,47,thermal_cost_CNY,0
E80_P20,7,47,curtailment_cost_CNY,0
E80_P20,7,47,load_shedding_cost_CNY,0
E80_P20,7,47,storage_variable_om_CNY,0
E80_P20,7,47,storage_investment_allocated_CNY,0
E80_P20,7,47,storage_fixed_om_CNY,0
E80_P20,2026,0,renewable_available_MWh,0
E80_P20,2026,0,renewable_used_MWh,0
E80_P20,2026,0,curtailment_MWh,0
E80_P20,2026,0,total_load_MWh,0
E80_P20,2026,0,thermal_generation_MWh,0
E80_P20,2026,0,unserved_MWh,0
E80_P20,2026,0,discharge_MWh,0
E80_P20,2026,0,total_cost_CNY,0
E80_P20,2026,0,thermal_cost_CNY,0
E80_P20,2026,0,curtailment_cost_CNY,0
E80_P20,2026,0,load_shedding_cost_CNY,0
E80_P20,2026,0,storage_variable_om_CNY,0
E80_P20,2026,0,storage_investment_allocated_CNY,0
E80_P20,2026,0,storage_fixed_om_CNY,0
E80_P20,2026,1,renewable_available_MWh,0
E80_P20,2026,1,renewable_used_MWh,0
E80_P20,2026,1,curtailment_MWh,0
E80_P20,2026,1,total_load_MWh,0
E80_P20,2026,1,thermal_generation_MWh,0
E80_P20,2026,1,unserved_MWh,0
E80_P20,2026,1,discharge_MWh,0
E80_P20,2026,1,total_cost_CNY,0
E80_P20,2026,1,thermal_cost_CNY,0
E80_P20,2026,1,curtailment_cost_CNY,0
E80_P20,2026,1,load_shedding_cost_CNY,0
E80_P20,2026,1,storage_variable_om_CNY,0
E80_P20,2026,1,storage_investment_allocated_CNY,0
E80_P20,2026,1,storage_fixed_om_CNY,0
E80_P20,2026,2,renewable_available_MWh,0
E80_P20,2026,2,renewable_used_MWh,0
E80_P20,2026,2,curtailment_MWh,0
E80_P20,2026,2,total_load_MWh,0
E80_P20,2026,2,thermal_generation_MWh,0
E80_P20,2026,2,unserved_MWh,0
E80_P20,2026,2,discharge_MWh,0
E80_P20,2026,2,total_cost_CNY,0
E80_P20,2026,2,thermal_cost_CNY,0
E80_P20,2026,2,curtailment_cost_CNY,0
E80_P20,2026,2,load_shedding_cost_CNY,0
E80_P20,2026,2,storage_variable_om_CNY,0
E80_P20,2026,2,storage_investment_allocated_CNY,0
E80_P20,2026,2,storage_fixed_om_CNY,0
E80_P20,2026,3,renewable_available_MWh,0
E80_P20,2026,3,renewable_used_MWh,0
E80_P20,2026,3,curtailment_MWh,0
E80_P20,2026,3,total_load_MWh,0
E80_P20,2026,3,thermal_generation_MWh,0
E80_P20,2026,3,unserved_MWh,0
E80_P20,2026,3,discharge_MWh,0
E80_P20,2026,3,total_cost_CNY,0
E80_P20,2026,3,thermal_cost_CNY,0
E80_P20,2026,3,curtailment_cost_CNY,0
E80_P20,2026,3,load_shedding_cost_CNY,0
E80_P20,2026,3,storage_variable_om_CNY,0
E80_P20,2026,3,storage_investment_allocated_CNY,0
E80_P20,2026,3,storage_fixed_om_CNY,0
E80_P20,2026,4,renewable_available_MWh,0
E80_P20,2026,4,renewable_used_MWh,0
E80_P20,2026,4,curtailment_MWh,0
E80_P20,2026,4,total_load_MWh,0
E80_P20,2026,4,thermal_generation_MWh,0
E80_P20,2026,4,unserved_MWh,0
E80_P20,2026,4,discharge_MWh,0
E80_P20,2026,4,total_cost_CNY,0
E80_P20,2026,4,thermal_cost_CNY,0
E80_P20,2026,4,curtailment_cost_CNY,0
E80_P20,2026,4,load_shedding_cost_CNY,0
E80_P20,2026,4,storage_variable_om_CNY,0
E80_P20,2026,4,storage_investment_allocated_CNY,0
E80_P20,2026,4,storage_fixed_om_CNY,0
E80_P20,2026,5,renewable_available_MWh,0
E80_P20,2026,5,renewable_used_MWh,0
E80_P20,2026,5,curtailment_MWh,0
E80_P20,2026,5,total_load_MWh,0
E80_P20,2026,5,thermal_generation_MWh,0
E80_P20,2026,5,unserved_MWh,0
E80_P20,2026,5,discharge_MWh,0
E80_P20,2026,5,total_cost_CNY,0
E80_P20,2026,5,thermal_cost_CNY,0
E80_P20,2026,5,curtailment_cost_CNY,0
E80_P20,2026,5,load_shedding_cost_CNY,0
E80_P20,2026,5,storage_variable_om_CNY,0
E80_P20,2026,5,storage_investment_allocated_CNY,0
E80_P20,2026,5,storage_fixed_om_CNY,0
E80_P20,2026,6,renewable_available_MWh,0
E80_P20,2026,6,renewable_used_MWh,0
E80_P20,2026,6,curtailment_MWh,0
E80_P20,2026,6,total_load_MWh,0
E80_P20,2026,6,thermal_generation_MWh,0
E80_P20,2026,6,unserved_MWh,0
E80_P20,2026,6,discharge_MWh,0
E80_P20,2026,6,total_cost_CNY,0
E80_P20,2026,6,thermal_cost_CNY,0
E80_P20,2026,6,curtailment_cost_CNY,0
E80_P20,2026,6,load_shedding_cost_CNY,0
E80_P20,2026,6,storage_variable_om_CNY,0
E80_P20,2026,6,storage_investment_allocated_CNY,0
E80_P20,2026,6,storage_fixed_om_CNY,0
E80_P20,2026,7,renewable_available_MWh,0
E80_P20,2026,7,renewable_used_MWh,0
E80_P20,2026,7,curtailment_MWh,0
E80_P20,2026,7,total_load_MWh,0
E80_P20,2026,7,thermal_generation_MWh,0
E80_P20,2026,7,unserved_MWh,0
E80_P20,2026,7,discharge_MWh,0
E80_P20,2026,7,total_cost_CNY,0
E80_P20,2026,7,thermal_cost_CNY,0
E80_P20,2026,7,curtailment_cost_CNY,0
E80_P20,2026,7,load_shedding_cost_CNY,0
E80_P20,2026,7,storage_variable_om_CNY,0
E80_P20,2026,7,storage_investment_allocated_CNY,0
E80_P20,2026,7,storage_fixed_om_CNY,0
E80_P20,2026,8,renewable_available_MWh,0
E80_P20,2026,8,renewable_used_MWh,0
E80_P20,2026,8,curtailment_MWh,0
E80_P20,2026,8,total_load_MWh,0
E80_P20,2026,8,thermal_generation_MWh,0
E80_P20,2026,8,unserved_MWh,0
E80_P20,2026,8,discharge_MWh,0
E80_P20,2026,8,total_cost_CNY,0
E80_P20,2026,8,thermal_cost_CNY,0
E80_P20,2026,8,curtailment_cost_CNY,0
E80_P20,2026,8,load_shedding_cost_CNY,0
E80_P20,2026,8,storage_variable_om_CNY,0
E80_P20,2026,8,storage_investment_allocated_CNY,0
E80_P20,2026,8,storage_fixed_om_CNY,0
E80_P20,2026,9,renewable_available_MWh,0
E80_P20,2026,9,renewable_used_MWh,0
E80_P20,2026,9,curtailment_MWh,0
E80_P20,2026,9,total_load_MWh,0
E80_P20,2026,9,thermal_generation_MWh,0
E80_P20,2026,9,unserved_MWh,0
E80_P20,2026,9,discharge_MWh,0
E80_P20,2026,9,total_cost_CNY,0
E80_P20,2026,9,thermal_cost_CNY,0
E80_P20,2026,9,curtailment_cost_CNY,0
E80_P20,2026,9,load_shedding_cost_CNY,0
E80_P20,2026,9,storage_variable_om_CNY,0
E80_P20,2026,9,storage_investment_allocated_CNY,0
E80_P20,2026,9,storage_fixed_om_CNY,0
E80_P20,2026,10,renewable_available_MWh,0
E80_P20,2026,10,renewable_used_MWh,0
E80_P20,2026,10,curtailment_MWh,0
E80_P20,2026,10,total_load_MWh,0
E80_P20,2026,10,thermal_generation_MWh,0
E80_P20,2026,10,unserved_MWh,0
E80_P20,2026,10,discharge_MWh,0
E80_P20,2026,10,total_cost_CNY,0
E80_P20,2026,10,thermal_cost_CNY,0
E80_P20,2026,10,curtailment_cost_CNY,0
E80_P20,2026,10,load_shedding_cost_CNY,0
E80_P20,2026,10,storage_variable_om_CNY,0
E80_P20,2026,10,storage_investment_allocated_CNY,0
E80_P20,2026,10,storage_fixed_om_CNY,0
E80_P20,2026,11,renewable_available_MWh,0
E80_P20,2026,11,renewable_used_MWh,0
E80_P20,2026,11,curtailment_MWh,0
E80_P20,2026,11,total_load_MWh,0
E80_P20,2026,11,thermal_generation_MWh,0
E80_P20,2026,11,unserved_MWh,0
E80_P20,2026,11,discharge_MWh,0
E80_P20,2026,11,total_cost_CNY,0
E80_P20,2026,11,thermal_cost_CNY,0
E80_P20,2026,11,curtailment_cost_CNY,0
E80_P20,2026,11,load_shedding_cost_CNY,0
E80_P20,2026,11,storage_variable_om_CNY,0
E80_P20,2026,11,storage_investment_allocated_CNY,0
E80_P20,2026,11,storage_fixed_om_CNY,0
E80_P20,2026,12,renewable_available_MWh,0
E80_P20,2026,12,renewable_used_MWh,0
E80_P20,2026,12,curtailment_MWh,0
E80_P20,2026,12,total_load_MWh,0
E80_P20,2026,12,thermal_generation_MWh,0
E80_P20,2026,12,unserved_MWh,0
E80_P20,2026,12,discharge_MWh,0
E80_P20,2026,12,total_cost_CNY,0
E80_P20,2026,12,thermal_cost_CNY,0
E80_P20,2026,12,curtailment_cost_CNY,0
E80_P20,2026,12,load_shedding_cost_CNY,0
E80_P20,2026,12,storage_variable_om_CNY,0
E80_P20,2026,12,storage_investment_allocated_CNY,0
E80_P20,2026,12,storage_fixed_om_CNY,0
E80_P20,2026,13,renewable_available_MWh,0
E80_P20,2026,13,renewable_used_MWh,0
E80_P20,2026,13,curtailment_MWh,0
E80_P20,2026,13,total_load_MWh,0
E80_P20,2026,13,thermal_generation_MWh,0
E80_P20,2026,13,unserved_MWh,0
E80_P20,2026,13,discharge_MWh,0
E80_P20,2026,13,total_cost_CNY,0
E80_P20,2026,13,thermal_cost_CNY,0
E80_P20,2026,13,curtailment_cost_CNY,0
E80_P20,2026,13,load_shedding_cost_CNY,0
E80_P20,2026,13,storage_variable_om_CNY,0
E80_P20,2026,13,storage_investment_allocated_CNY,0
E80_P20,2026,13,storage_fixed_om_CNY,0
E80_P20,2026,14,renewable_available_MWh,0
E80_P20,2026,14,renewable_used_MWh,0
E80_P20,2026,14,curtailment_MWh,0
E80_P20,2026,14,total_load_MWh,0
E80_P20,2026,14,thermal_generation_MWh,0
E80_P20,2026,14,unserved_MWh,0
E80_P20,2026,14,discharge_MWh,0
E80_P20,2026,14,total_cost_CNY,0
E80_P20,2026,14,thermal_cost_CNY,0
E80_P20,2026,14,curtailment_cost_CNY,0
E80_P20,2026,14,load_shedding_cost_CNY,0
E80_P20,2026,14,storage_variable_om_CNY,0
E80_P20,2026,14,storage_investment_allocated_CNY,0
E80_P20,2026,14,storage_fixed_om_CNY,0
E80_P20,2026,15,renewable_available_MWh,0
E80_P20,2026,15,renewable_used_MWh,0
E80_P20,2026,15,curtailment_MWh,0
E80_P20,2026,15,total_load_MWh,0
E80_P20,2026,15,thermal_generation_MWh,0
E80_P20,2026,15,unserved_MWh,0
E80_P20,2026,15,discharge_MWh,0
E80_P20,2026,15,total_cost_CNY,0
E80_P20,2026,15,thermal_cost_CNY,0
E80_P20,2026,15,curtailment_cost_CNY,0
E80_P20,2026,15,load_shedding_cost_CNY,0
E80_P20,2026,15,storage_variable_om_CNY,0
E80_P20,2026,15,storage_investment_allocated_CNY,0
E80_P20,2026,15,storage_fixed_om_CNY,0
E80_P20,2026,16,renewable_available_MWh,0
E80_P20,2026,16,renewable_used_MWh,0
E80_P20,2026,16,curtailment_MWh,0
E80_P20,2026,16,total_load_MWh,0
E80_P20,2026,16,thermal_generation_MWh,0
E80_P20,2026,16,unserved_MWh,0
E80_P20,2026,16,discharge_MWh,0
E80_P20,2026,16,total_cost_CNY,0
E80_P20,2026,16,thermal_cost_CNY,0
E80_P20,2026,16,curtailment_cost_CNY,0
E80_P20,2026,16,load_shedding_cost_CNY,0
E80_P20,2026,16,storage_variable_om_CNY,0
E80_P20,2026,16,storage_investment_allocated_CNY,0
E80_P20,2026,16,storage_fixed_om_CNY,0
E80_P20,2026,17,renewable_available_MWh,0
E80_P20,2026,17,renewable_used_MWh,0
E80_P20,2026,17,curtailment_MWh,0
E80_P20,2026,17,total_load_MWh,0
E80_P20,2026,17,thermal_generation_MWh,0
E80_P20,2026,17,unserved_MWh,0
E80_P20,2026,17,discharge_MWh,0
E80_P20,2026,17,total_cost_CNY,0
E80_P20,2026,17,thermal_cost_CNY,0
E80_P20,2026,17,curtailment_cost_CNY,0
E80_P20,2026,17,load_shedding_cost_CNY,0
E80_P20,2026,17,storage_variable_om_CNY,0
E80_P20,2026,17,storage_investment_allocated_CNY,0
E80_P20,2026,17,storage_fixed_om_CNY,0
E80_P20,2026,18,renewable_available_MWh,0
E80_P20,2026,18,renewable_used_MWh,0
E80_P20,2026,18,curtailment_MWh,0
E80_P20,2026,18,total_load_MWh,0
E80_P20,2026,18,thermal_generation_MWh,0
E80_P20,2026,18,unserved_MWh,0
E80_P20,2026,18,discharge_MWh,0
E80_P20,2026,18,total_cost_CNY,0
E80_P20,2026,18,thermal_cost_CNY,0
E80_P20,2026,18,curtailment_cost_CNY,0
E80_P20,2026,18,load_shedding_cost_CNY,0
E80_P20,2026,18,storage_variable_om_CNY,0
E80_P20,2026,18,storage_investment_allocated_CNY,0
E80_P20,2026,18,storage_fixed_om_CNY,0
E80_P20,2026,19,renewable_available_MWh,0
E80_P20,2026,19,renewable_used_MWh,0
E80_P20,2026,19,curtailment_MWh,0
E80_P20,2026,19,total_load_MWh,0
E80_P20,2026,19,thermal_generation_MWh,0
E80_P20,2026,19,unserved_MWh,0
E80_P20,2026,19,discharge_MWh,0
E80_P20,2026,19,total_cost_CNY,0
E80_P20,2026,19,thermal_cost_CNY,0
E80_P20,2026,19,curtailment_cost_CNY,0
E80_P20,2026,19,load_shedding_cost_CNY,0
E80_P20,2026,19,storage_variable_om_CNY,0
E80_P20,2026,19,storage_investment_allocated_CNY,0
E80_P20,2026,19,storage_fixed_om_CNY,0
E80_P20,2026,20,renewable_available_MWh,0
E80_P20,2026,20,renewable_used_MWh,0
E80_P20,2026,20,curtailment_MWh,0
E80_P20,2026,20,total_load_MWh,0
E80_P20,2026,20,thermal_generation_MWh,0
E80_P20,2026,20,unserved_MWh,0
E80_P20,2026,20,discharge_MWh,0
E80_P20,2026,20,total_cost_CNY,0
E80_P20,2026,20,thermal_cost_CNY,0
E80_P20,2026,20,curtailment_cost_CNY,0
E80_P20,2026,20,load_shedding_cost_CNY,0
E80_P20,2026,20,storage_variable_om_CNY,0
E80_P20,2026,20,storage_investment_allocated_CNY,0
E80_P20,2026,20,storage_fixed_om_CNY,0
E80_P20,2026,21,renewable_available_MWh,0
E80_P20,2026,21,renewable_used_MWh,0
E80_P20,2026,21,curtailment_MWh,0
E80_P20,2026,21,total_load_MWh,0
E80_P20,2026,21,thermal_generation_MWh,0
E80_P20,2026,21,unserved_MWh,0
E80_P20,2026,21,discharge_MWh,0
E80_P20,2026,21,total_cost_CNY,0
E80_P20,2026,21,thermal_cost_CNY,0
E80_P20,2026,21,curtailment_cost_CNY,0
E80_P20,2026,21,load_shedding_cost_CNY,0
E80_P20,2026,21,storage_variable_om_CNY,0
E80_P20,2026,21,storage_investment_allocated_CNY,0
E80_P20,2026,21,storage_fixed_om_CNY,0
E80_P20,2026,22,renewable_available_MWh,0
E80_P20,2026,22,renewable_used_MWh,0
E80_P20,2026,22,curtailment_MWh,0
E80_P20,2026,22,total_load_MWh,0
E80_P20,2026,22,thermal_generation_MWh,0
E80_P20,2026,22,unserved_MWh,0
E80_P20,2026,22,discharge_MWh,0
E80_P20,2026,22,total_cost_CNY,0
E80_P20,2026,22,thermal_cost_CNY,0
E80_P20,2026,22,curtailment_cost_CNY,0
E80_P20,2026,22,load_shedding_cost_CNY,0
E80_P20,2026,22,storage_variable_om_CNY,0
E80_P20,2026,22,storage_investment_allocated_CNY,0
E80_P20,2026,22,storage_fixed_om_CNY,0
E80_P20,2026,23,renewable_available_MWh,0
E80_P20,2026,23,renewable_used_MWh,0
E80_P20,2026,23,curtailment_MWh,0
E80_P20,2026,23,total_load_MWh,0
E80_P20,2026,23,thermal_generation_MWh,0
E80_P20,2026,23,unserved_MWh,0
E80_P20,2026,23,discharge_MWh,0
E80_P20,2026,23,total_cost_CNY,0
E80_P20,2026,23,thermal_cost_CNY,0
E80_P20,2026,23,curtailment_cost_CNY,0
E80_P20,2026,23,load_shedding_cost_CNY,0
E80_P20,2026,23,storage_variable_om_CNY,0
E80_P20,2026,23,storage_investment_allocated_CNY,0
E80_P20,2026,23,storage_fixed_om_CNY,0
E80_P20,2026,24,renewable_available_MWh,0
E80_P20,2026,24,renewable_used_MWh,0
E80_P20,2026,24,curtailment_MWh,0
E80_P20,2026,24,total_load_MWh,0
E80_P20,2026,24,thermal_generation_MWh,0
E80_P20,2026,24,unserved_MWh,0
E80_P20,2026,24,discharge_MWh,0
E80_P20,2026,24,total_cost_CNY,0
E80_P20,2026,24,thermal_cost_CNY,0
E80_P20,2026,24,curtailment_cost_CNY,0
E80_P20,2026,24,load_shedding_cost_CNY,0
E80_P20,2026,24,storage_variable_om_CNY,0
E80_P20,2026,24,storage_investment_allocated_CNY,0
E80_P20,2026,24,storage_fixed_om_CNY,0
E80_P20,2026,25,renewable_available_MWh,0
E80_P20,2026,25,renewable_used_MWh,0
E80_P20,2026,25,curtailment_MWh,0
E80_P20,2026,25,total_load_MWh,0
E80_P20,2026,25,thermal_generation_MWh,0
E80_P20,2026,25,unserved_MWh,0
E80_P20,2026,25,discharge_MWh,0
E80_P20,2026,25,total_cost_CNY,0
E80_P20,2026,25,thermal_cost_CNY,0
E80_P20,2026,25,curtailment_cost_CNY,0
E80_P20,2026,25,load_shedding_cost_CNY,0
E80_P20,2026,25,storage_variable_om_CNY,0
E80_P20,2026,25,storage_investment_allocated_CNY,0
E80_P20,2026,25,storage_fixed_om_CNY,0
E80_P20,2026,26,renewable_available_MWh,0
E80_P20,2026,26,renewable_used_MWh,0
E80_P20,2026,26,curtailment_MWh,0
E80_P20,2026,26,total_load_MWh,0
E80_P20,2026,26,thermal_generation_MWh,0
E80_P20,2026,26,unserved_MWh,0
E80_P20,2026,26,discharge_MWh,0
E80_P20,2026,26,total_cost_CNY,0
E80_P20,2026,26,thermal_cost_CNY,0
E80_P20,2026,26,curtailment_cost_CNY,0
E80_P20,2026,26,load_shedding_cost_CNY,0
E80_P20,2026,26,storage_variable_om_CNY,0
E80_P20,2026,26,storage_investment_allocated_CNY,0
E80_P20,2026,26,storage_fixed_om_CNY,0
E80_P20,2026,27,renewable_available_MWh,0
E80_P20,2026,27,renewable_used_MWh,0
E80_P20,2026,27,curtailment_MWh,0
E80_P20,2026,27,total_load_MWh,0
E80_P20,2026,27,thermal_generation_MWh,0
E80_P20,2026,27,unserved_MWh,0
E80_P20,2026,27,discharge_MWh,0
E80_P20,2026,27,total_cost_CNY,0
E80_P20,2026,27,thermal_cost_CNY,0
E80_P20,2026,27,curtailment_cost_CNY,0
E80_P20,2026,27,load_shedding_cost_CNY,0
E80_P20,2026,27,storage_variable_om_CNY,0
E80_P20,2026,27,storage_investment_allocated_CNY,0
E80_P20,2026,27,storage_fixed_om_CNY,0
E80_P20,2026,28,renewable_available_MWh,0
E80_P20,2026,28,renewable_used_MWh,0
E80_P20,2026,28,curtailment_MWh,0
E80_P20,2026,28,total_load_MWh,0
E80_P20,2026,28,thermal_generation_MWh,0
E80_P20,2026,28,unserved_MWh,0
E80_P20,2026,28,discharge_MWh,0
E80_P20,2026,28,total_cost_CNY,0
E80_P20,2026,28,thermal_cost_CNY,0
E80_P20,2026,28,curtailment_cost_CNY,0
E80_P20,2026,28,load_shedding_cost_CNY,0
E80_P20,2026,28,storage_variable_om_CNY,0
E80_P20,2026,28,storage_investment_allocated_CNY,0
E80_P20,2026,28,storage_fixed_om_CNY,0
E80_P20,2026,29,renewable_available_MWh,0
E80_P20,2026,29,renewable_used_MWh,0
E80_P20,2026,29,curtailment_MWh,0
E80_P20,2026,29,total_load_MWh,0
E80_P20,2026,29,thermal_generation_MWh,0
E80_P20,2026,29,unserved_MWh,0
E80_P20,2026,29,discharge_MWh,0
E80_P20,2026,29,total_cost_CNY,0
E80_P20,2026,29,thermal_cost_CNY,0
E80_P20,2026,29,curtailment_cost_CNY,0
E80_P20,2026,29,load_shedding_cost_CNY,0
E80_P20,2026,29,storage_variable_om_CNY,0
E80_P20,2026,29,storage_investment_allocated_CNY,0
E80_P20,2026,29,storage_fixed_om_CNY,0
E80_P20,2026,30,renewable_available_MWh,0
E80_P20,2026,30,renewable_used_MWh,0
E80_P20,2026,30,curtailment_MWh,0
E80_P20,2026,30,total_load_MWh,0
E80_P20,2026,30,thermal_generation_MWh,0
E80_P20,2026,30,unserved_MWh,0
E80_P20,2026,30,discharge_MWh,0
E80_P20,2026,30,total_cost_CNY,0
E80_P20,2026,30,thermal_cost_CNY,0
E80_P20,2026,30,curtailment_cost_CNY,0
E80_P20,2026,30,load_shedding_cost_CNY,0
E80_P20,2026,30,storage_variable_om_CNY,0
E80_P20,2026,30,storage_investment_allocated_CNY,0
E80_P20,2026,30,storage_fixed_om_CNY,0
E80_P20,2026,31,renewable_available_MWh,0
E80_P20,2026,31,renewable_used_MWh,0
E80_P20,2026,31,curtailment_MWh,0
E80_P20,2026,31,total_load_MWh,0
E80_P20,2026,31,thermal_generation_MWh,0
E80_P20,2026,31,unserved_MWh,0
E80_P20,2026,31,discharge_MWh,0
E80_P20,2026,31,total_cost_CNY,0
E80_P20,2026,31,thermal_cost_CNY,0
E80_P20,2026,31,curtailment_cost_CNY,0
E80_P20,2026,31,load_shedding_cost_CNY,0
E80_P20,2026,31,storage_variable_om_CNY,0
E80_P20,2026,31,storage_investment_allocated_CNY,0
E80_P20,2026,31,storage_fixed_om_CNY,0
E80_P20,2026,32,renewable_available_MWh,0
E80_P20,2026,32,renewable_used_MWh,0
E80_P20,2026,32,curtailment_MWh,0
E80_P20,2026,32,total_load_MWh,0
E80_P20,2026,32,thermal_generation_MWh,0
E80_P20,2026,32,unserved_MWh,0
E80_P20,2026,32,discharge_MWh,0
E80_P20,2026,32,total_cost_CNY,0
E80_P20,2026,32,thermal_cost_CNY,0
E80_P20,2026,32,curtailment_cost_CNY,0
E80_P20,2026,32,load_shedding_cost_CNY,0
E80_P20,2026,32,storage_variable_om_CNY,0
E80_P20,2026,32,storage_investment_allocated_CNY,0
E80_P20,2026,32,storage_fixed_om_CNY,0
E80_P20,2026,33,renewable_available_MWh,0
E80_P20,2026,33,renewable_used_MWh,0
E80_P20,2026,33,curtailment_MWh,0
E80_P20,2026,33,total_load_MWh,0
E80_P20,2026,33,thermal_generation_MWh,0
E80_P20,2026,33,unserved_MWh,0
E80_P20,2026,33,discharge_MWh,0
E80_P20,2026,33,total_cost_CNY,0
E80_P20,2026,33,thermal_cost_CNY,0
E80_P20,2026,33,curtailment_cost_CNY,0
E80_P20,2026,33,load_shedding_cost_CNY,0
E80_P20,2026,33,storage_variable_om_CNY,0
E80_P20,2026,33,storage_investment_allocated_CNY,0
E80_P20,2026,33,storage_fixed_om_CNY,0
E80_P20,2026,34,renewable_available_MWh,0
E80_P20,2026,34,renewable_used_MWh,0
E80_P20,2026,34,curtailment_MWh,0
E80_P20,2026,34,total_load_MWh,0
E80_P20,2026,34,thermal_generation_MWh,0
E80_P20,2026,34,unserved_MWh,0
E80_P20,2026,34,discharge_MWh,0
E80_P20,2026,34,total_cost_CNY,0
E80_P20,2026,34,thermal_cost_CNY,0
E80_P20,2026,34,curtailment_cost_CNY,0
E80_P20,2026,34,load_shedding_cost_CNY,0
E80_P20,2026,34,storage_variable_om_CNY,0
E80_P20,2026,34,storage_investment_allocated_CNY,0
E80_P20,2026,34,storage_fixed_om_CNY,0
E80_P20,2026,35,renewable_available_MWh,0
E80_P20,2026,35,renewable_used_MWh,0
E80_P20,2026,35,curtailment_MWh,0
E80_P20,2026,35,total_load_MWh,0
E80_P20,2026,35,thermal_generation_MWh,0
E80_P20,2026,35,unserved_MWh,0
E80_P20,2026,35,discharge_MWh,0
E80_P20,2026,35,total_cost_CNY,0
E80_P20,2026,35,thermal_cost_CNY,0
E80_P20,2026,35,curtailment_cost_CNY,0
E80_P20,2026,35,load_shedding_cost_CNY,0
E80_P20,2026,35,storage_variable_om_CNY,0
E80_P20,2026,35,storage_investment_allocated_CNY,0
E80_P20,2026,35,storage_fixed_om_CNY,0
E80_P20,2026,36,renewable_available_MWh,0
E80_P20,2026,36,renewable_used_MWh,0
E80_P20,2026,36,curtailment_MWh,0
E80_P20,2026,36,total_load_MWh,0
E80_P20,2026,36,thermal_generation_MWh,0
E80_P20,2026,36,unserved_MWh,0
E80_P20,2026,36,discharge_MWh,0
E80_P20,2026,36,total_cost_CNY,0
E80_P20,2026,36,thermal_cost_CNY,0
E80_P20,2026,36,curtailment_cost_CNY,0
E80_P20,2026,36,load_shedding_cost_CNY,0
E80_P20,2026,36,storage_variable_om_CNY,0
E80_P20,2026,36,storage_investment_allocated_CNY,0
E80_P20,2026,36,storage_fixed_om_CNY,0
E80_P20,2026,37,renewable_available_MWh,0
E80_P20,2026,37,renewable_used_MWh,0
E80_P20,2026,37,curtailment_MWh,0
E80_P20,2026,37,total_load_MWh,0
E80_P20,2026,37,thermal_generation_MWh,0
E80_P20,2026,37,unserved_MWh,0
E80_P20,2026,37,discharge_MWh,0
E80_P20,2026,37,total_cost_CNY,0
E80_P20,2026,37,thermal_cost_CNY,0
E80_P20,2026,37,curtailment_cost_CNY,0
E80_P20,2026,37,load_shedding_cost_CNY,0
E80_P20,2026,37,storage_variable_om_CNY,0
E80_P20,2026,37,storage_investment_allocated_CNY,0
E80_P20,2026,37,storage_fixed_om_CNY,0
E80_P20,2026,38,renewable_available_MWh,0
E80_P20,2026,38,renewable_used_MWh,0
E80_P20,2026,38,curtailment_MWh,0
E80_P20,2026,38,total_load_MWh,0
E80_P20,2026,38,thermal_generation_MWh,0
E80_P20,2026,38,unserved_MWh,0
E80_P20,2026,38,discharge_MWh,0
E80_P20,2026,38,total_cost_CNY,0
E80_P20,2026,38,thermal_cost_CNY,0
E80_P20,2026,38,curtailment_cost_CNY,0
E80_P20,2026,38,load_shedding_cost_CNY,0
E80_P20,2026,38,storage_variable_om_CNY,0
E80_P20,2026,38,storage_investment_allocated_CNY,0
E80_P20,2026,38,storage_fixed_om_CNY,0
E80_P20,2026,39,renewable_available_MWh,0
E80_P20,2026,39,renewable_used_MWh,0
E80_P20,2026,39,curtailment_MWh,0
E80_P20,2026,39,total_load_MWh,0
E80_P20,2026,39,thermal_generation_MWh,0
E80_P20,2026,39,unserved_MWh,0
E80_P20,2026,39,discharge_MWh,0
E80_P20,2026,39,total_cost_CNY,0
E80_P20,2026,39,thermal_cost_CNY,0
E80_P20,2026,39,curtailment_cost_CNY,0
E80_P20,2026,39,load_shedding_cost_CNY,0
E80_P20,2026,39,storage_variable_om_CNY,0
E80_P20,2026,39,storage_investment_allocated_CNY,0
E80_P20,2026,39,storage_fixed_om_CNY,0
E80_P20,2026,40,renewable_available_MWh,0
E80_P20,2026,40,renewable_used_MWh,0
E80_P20,2026,40,curtailment_MWh,0
E80_P20,2026,40,total_load_MWh,0
E80_P20,2026,40,thermal_generation_MWh,0
E80_P20,2026,40,unserved_MWh,0
E80_P20,2026,40,discharge_MWh,0
E80_P20,2026,40,total_cost_CNY,0
E80_P20,2026,40,thermal_cost_CNY,0
E80_P20,2026,40,curtailment_cost_CNY,0
E80_P20,2026,40,load_shedding_cost_CNY,0
E80_P20,2026,40,storage_variable_om_CNY,0
E80_P20,2026,40,storage_investment_allocated_CNY,0
E80_P20,2026,40,storage_fixed_om_CNY,0
E80_P20,2026,41,renewable_available_MWh,0
E80_P20,2026,41,renewable_used_MWh,0
E80_P20,2026,41,curtailment_MWh,0
E80_P20,2026,41,total_load_MWh,0
E80_P20,2026,41,thermal_generation_MWh,0
E80_P20,2026,41,unserved_MWh,0
E80_P20,2026,41,discharge_MWh,0
E80_P20,2026,41,total_cost_CNY,0
E80_P20,2026,41,thermal_cost_CNY,0
E80_P20,2026,41,curtailment_cost_CNY,0
E80_P20,2026,41,load_shedding_cost_CNY,0
E80_P20,2026,41,storage_variable_om_CNY,0
E80_P20,2026,41,storage_investment_allocated_CNY,0
E80_P20,2026,41,storage_fixed_om_CNY,0
E80_P20,2026,42,renewable_available_MWh,0
E80_P20,2026,42,renewable_used_MWh,0
E80_P20,2026,42,curtailment_MWh,0
E80_P20,2026,42,total_load_MWh,0
E80_P20,2026,42,thermal_generation_MWh,0
E80_P20,2026,42,unserved_MWh,0
E80_P20,2026,42,discharge_MWh,0
E80_P20,2026,42,total_cost_CNY,0
E80_P20,2026,42,thermal_cost_CNY,0
E80_P20,2026,42,curtailment_cost_CNY,0
E80_P20,2026,42,load_shedding_cost_CNY,0
E80_P20,2026,42,storage_variable_om_CNY,0
E80_P20,2026,42,storage_investment_allocated_CNY,0
E80_P20,2026,42,storage_fixed_om_CNY,0
E80_P20,2026,43,renewable_available_MWh,0
E80_P20,2026,43,renewable_used_MWh,0
E80_P20,2026,43,curtailment_MWh,0
E80_P20,2026,43,total_load_MWh,0
E80_P20,2026,43,thermal_generation_MWh,0
E80_P20,2026,43,unserved_MWh,0
E80_P20,2026,43,discharge_MWh,0
E80_P20,2026,43,total_cost_CNY,0
E80_P20,2026,43,thermal_cost_CNY,0
E80_P20,2026,43,curtailment_cost_CNY,0
E80_P20,2026,43,load_shedding_cost_CNY,0
E80_P20,2026,43,storage_variable_om_CNY,0
E80_P20,2026,43,storage_investment_allocated_CNY,0
E80_P20,2026,43,storage_fixed_om_CNY,0
E80_P20,2026,44,renewable_available_MWh,0
E80_P20,2026,44,renewable_used_MWh,0
E80_P20,2026,44,curtailment_MWh,0
E80_P20,2026,44,total_load_MWh,0
E80_P20,2026,44,thermal_generation_MWh,0
E80_P20,2026,44,unserved_MWh,0
E80_P20,2026,44,discharge_MWh,0
E80_P20,2026,44,total_cost_CNY,0
E80_P20,2026,44,thermal_cost_CNY,0
E80_P20,2026,44,curtailment_cost_CNY,0
E80_P20,2026,44,load_shedding_cost_CNY,0
E80_P20,2026,44,storage_variable_om_CNY,0
E80_P20,2026,44,storage_investment_allocated_CNY,0
E80_P20,2026,44,storage_fixed_om_CNY,0
E80_P20,2026,45,renewable_available_MWh,0
E80_P20,2026,45,renewable_used_MWh,0
E80_P20,2026,45,curtailment_MWh,0
E80_P20,2026,45,total_load_MWh,0
E80_P20,2026,45,thermal_generation_MWh,0
E80_P20,2026,45,unserved_MWh,0
E80_P20,2026,45,discharge_MWh,0
E80_P20,2026,45,total_cost_CNY,0
E80_P20,2026,45,thermal_cost_CNY,0
E80_P20,2026,45,curtailment_cost_CNY,0
E80_P20,2026,45,load_shedding_cost_CNY,0
E80_P20,2026,45,storage_variable_om_CNY,0
E80_P20,2026,45,storage_investment_allocated_CNY,0
E80_P20,2026,45,storage_fixed_om_CNY,0
E80_P20,2026,46,renewable_available_MWh,0
E80_P20,2026,46,renewable_used_MWh,0
E80_P20,2026,46,curtailment_MWh,0
E80_P20,2026,46,total_load_MWh,0
E80_P20,2026,46,thermal_generation_MWh,0
E80_P20,2026,46,unserved_MWh,0
E80_P20,2026,46,discharge_MWh,0
E80_P20,2026,46,total_cost_CNY,0
E80_P20,2026,46,thermal_cost_CNY,0
E80_P20,2026,46,curtailment_cost_CNY,0
E80_P20,2026,46,load_shedding_cost_CNY,0
E80_P20,2026,46,storage_variable_om_CNY,0
E80_P20,2026,46,storage_investment_allocated_CNY,0
E80_P20,2026,46,storage_fixed_om_CNY,0
E80_P20,2026,47,renewable_available_MWh,0
E80_P20,2026,47,renewable_used_MWh,0
E80_P20,2026,47,curtailment_MWh,0
E80_P20,2026,47,total_load_MWh,0
E80_P20,2026,47,thermal_generation_MWh,0
E80_P20,2026,47,unserved_MWh,0
E80_P20,2026,47,discharge_MWh,0
E80_P20,2026,47,total_cost_CNY,0
E80_P20,2026,47,thermal_cost_CNY,0
E80_P20,2026,47,curtailment_cost_CNY,0
E80_P20,2026,47,load_shedding_cost_CNY,0
E80_P20,2026,47,storage_variable_om_CNY,0
E80_P20,2026,47,storage_investment_allocated_CNY,0
E80_P20,2026,47,storage_fixed_om_CNY,0
