total_load_MWh,renewable_available_MWh,renewable_used_MWh,curtailment_MWh,thermal_generation_MWh,unserved_MWh,charge_MWh,discharge_MWh,renewable_utilization_pct,curtailment_rate_pct,operating_cost_CNY,scenario,energy_capacity_MWh,power_capacity_MW,num_steps,time_step_hours,load_shedding_MWh,storage_discharge_MWh,initial_inventory_supply_MWh,total_cost_CNY,thermal_cost_CNY,storage_cost_CNY,curtailment_cost_CNY,load_shedding_cost_CNY,simulation_hours,storage_capex_CNY,capital_recovery_factor,year_fraction,storage_annualized_investment_CNY_per_year,storage_annual_fixed_om_CNY_per_year,storage_investment_allocated_CNY,storage_fixed_om_CNY,storage_variable_om_CNY,storage_om_cost_CNY,operating_cost_excluding_investment_CNY,initial_inventory_thermal_value_CNY,storage_utilization_pct,solver_status,max_residual
2777.8000000000002,267.03999999999996,267.03999999999996,0,2459.1384210526317,58.189999999978724,67.368421052631575,60.800000000021285,100,0,1443206.4473682086,day_000,40,20,24,1,58.189999999978724,60.800000000021285,0,1455318.7951193079,860698.44736842113,12720.347751099627,0,581899.99999978719,24,38000000,0.09634228760924439,0.0027397260273972603,3661006.9291512868,760000,10030.155970277498,2082.1917808219177,608.00000000021282,2690.1917808221306,1445288.6391490304,0,50,Optimal,6.4090954765561037e-12
2924,302.55000000000001,302.55000000000001,0,2479.6142105263157,146.58639999998459,48.72421052631578,43.973600000015402,100,0,2334168.7096840562,day_001,40,20,24,1,146.58639999998459,43.973600000015402,0,2346281.0574351558,867864.97368421045,12552.08375109957,0,1465863.9999998459,24,38000000,0.09634228760924439,0.0027397260273972603,3661006.9291512868,760000,10030.155970277498,2082.1917808219177,439.73600000015404,2521.9277808220718,2336250.9014648786,0,45.833333333333329,Optimal,6.0449423244790523e-12
3070.1999999999998,406.37,406.37,0,2326.2075302631533,342.28999999998928,47.872105263157884,43.204575000015126,100,0,4237504.6813419973,day_002,40,20,24,1,342.28999999998928,43.204575000015126,0,4249617.029093096,814172.6355921037,12544.393501099566,0,3422899.9999998929,24,38000000,0.09634228760924439,0.0027397260273972603,3661006.9291512868,760000,10030.155970277498,2082.1917808219177,432.04575000015126,2514.2375308220689,4239586.8731228188,0,45.833333333333329,Optimal,6.1319838096096646e-12
2777.8000000000002,421,369.83487534625266,51.165124653747384,2262.3621052631524,152.81187499998899,73.936980609410512,66.728125000016348,87.846763740202533,12.153236259797477,2330845.7930227425,day_003,40,20,24,1,152.81187499998899,66.728125000016348,0,2342958.1407738421,791826.7368421033,12779.62900109958,10233.024930749476,1528118.7499998899,24,38000000,0.09634228760924439,0.0027397260273972603,3661006.9291512868,760000,10030.155970277498,2082.1917808219177,667.28125000016348,2749.4730308220815,2332927.9848035648,0,62.5,Optimal,7.3683281698322389e-12
2924,167.69999999999999,167.69999999999999,0,2512.1142105263157,247.46999999998934,33.684210526315788,30.400000000010643,100,0,3354243.9736841037,day_004,40,20,24,1,247.46999999998934,30.400000000010643,0,3366356.3214352033,879239.97368421045,12416.347751099522,0,2474699.9999998934,24,38000000,0.09634228760924439,0.0027397260273972603,3661006.9291512868,760000,10030.155970277498,2082.1917808219177,304.00000000010641,2386.1917808220242,3356326.1654649256,0,25,Optimal,5.822897719554021e-12
3070.1999999999998,598.48000000000002,495.66017499999009,102.81982500000996,2282.2521052631523,300.27999999998929,81.972105263157914,73.979825000025912,82.819839426545599,17.180160573454408,3822892.0000919984,day_005,40,20,24,1,300.27999999998929,73.979825000025912,0,3835004.347843098,798788.2368421033,12852.146001099674,20563.96500000199,3002799.9999998929,24,38000000,0.09634228760924439,0.0027397260273972603,3661006.9291512868,760000,10030.155970277498,2082.1917808219177,739.79825000025915,2821.9900308221768,3824974.1918728203,0,50,Optimal,7.3683281698322389e-12
2777.8000000000002,646.33999999999992,502.20212499998752,144.13787500001251,2209.3221052631525,77.621074999981047,116.36210526315791,105.01680000003678,77.699372621219112,22.300627378780909,1579351.2298419166,day_006,40,20,24,1,77.621074999981047,105.01680000003678,0,1591463.5775930162,773262.73684210342,13162.515751099783,28827.575000002504,776210.74999981048,24,38000000,0.09634228760924439,0.0027397260273972603,3661006.9291512868,760000,10030.155970277498,2082.1917808219177,1050.1680000003678,3132.3597808222858,1581433.4216227387,0,70.833333333333343,Optimal,6.6506800067145377e-12
2924,566.21000000000004,449.2995999999884,116.91040000001163,2260.5221052631523,222.69999999998939,87.402105263157864,78.880400000027592,79.352113173555466,20.647886826444537,3042353.620842,day_007,40,20,24,1,222.69999999998939,78.880400000027592,0,3054465.9685930992,791182.7368421033,12901.151751099691,23382.080000002326,2226999.9999998938,24,38000000,0.09634228760924439,0.0027397260273972603,3661006.9291512868,760000,10030.155970277498,2082.1917808219177,788.80400000027589,2870.9957808221934,3044435.8126228219,0,41.666666666666671,Optimal,7.3683281698322389e-12
3070.1999999999998,742.22000000000003,738.27421052631576,3.9457894736842229,2191.2791966758923,146.25999999998936,57.573407202213666,51.960000000016016,99.468380066060703,0.5316199339392933,2230856.4767311928,day_008,40,20,24,1,146.25999999998936,51.960000000016016,0,2242968.8244822924,766947.71883656236,12631.947751099575,789.15789473684458,1462599.9999998936,24,38000000,0.09634228760924439,0.0027397260273972603,3661006.9291512868,760000,10030.155970277498,2082.1917808219177,519.60000000016021,2601.7917808220782,2232938.6685120147,0,45.833333333333329,Optimal,5.74473801862041e-12
2777.8000000000002,502.44999999999999,464.42736052630931,38.022639473690653,2244.1921052631528,77.062074999986237,80.83631578947373,72.954775000025577,92.432552597533956,7.5674474024660467,1564422.0624867042,day_009,40,20,24,1,77.062074999986237,72.954775000025577,0,1576534.4102378036,785467.23684210354,12841.895501099671,7604.5278947381303,770620.7499998624,24,38000000,0.09634228760924439,0.0027397260273972603,3661006.9291512868,760000,10030.155970277498,2082.1917808219177,729.54775000025575,2811.7395308221735,1566504.2542675261,0,66.666666666666657,Optimal,6.7643668444361538e-12
2924,739.94000000000005,644.18872500001169,95.751274999988297,2201.6463157894364,89.029999999989386,111.43631578946301,100.57127500002557,87.059589291025176,12.94041070897482,1681032.1782761945,day_010,40,20,24,1,89.029999999989386,100.57127500002557,0,1693144.5260272939,770576.21052630269,13118.060501099671,19150.254999997658,890299.99999989383,24,38000000,0.09634228760924439,0.0027397260273972603,3661006.9291512868,760000,10030.155970277498,2082.1917808219177,1005.7127500002557,3087.9045308221735,1683114.3700570164,0,66.666666666666657,Optimal,7.3701045266716392e-12
3070.1999999999998,430.31,418.46562499999936,11.844375000000682,2337.0721052631525,319.78999999998928,52.592105263157904,47.464375000016616,97.247478561966801,2.7525214380332046,4018718.7555919965,day_011,40,20,24,1,319.78999999998928,47.464375000016616,0,4030831.1033430961,817975.23684210342,12586.991501099581,2368.8750000001364,3197899.9999998929,24,38000000,0.09634228760924439,0.0027397260273972603,3661006.9291512868,760000,10030.155970277498,2082.1917808219177,474.64375000016616,2556.8355308220839,4020800.9473728184,0,41.666666666666671,Optimal,7.3683281698322389e-12
2777.8000000000002,1520.77,1473.7384999999977,47.031500000002438,1306.4599999999946,0,24.599999999999994,22.201500000007773,96.907389020035751,3.0926109799642574,466889.31499999866,day_012,40,20,24,1,0,22.201500000007773,0,479001.66275109811,457260.99999999808,12334.362751099492,9406.3000000004868,0,24,38000000,0.09634228760924439,0.0027397260273972603,3661006.9291512868,760000,10030.155970277498,2082.1917808219177,222.01500000007772,2304.2067808219954,468971.50678082061,0,16.666666666666664,Optimal,5.60262947146839e-12
2924,2431.23,2077.0240997229685,354.20590027703156,856.08669999999142,0,93.444099722968417,84.333300000008521,85.430999935134423,14.569000064865584,371314.8580554034,day_013,40,20,24,1,0,84.333300000008521,0,383427.20580650278,299630.344999997,12955.6807510995,70841.180055406308,0,24,38000000,0.09634228760924439,0.0027397260273972603,3661006.9291512868,760000,10030.155970277498,2082.1917808219177,843.33300000008524,2925.5247808220029,373397.04983622528,0,70.833333333333343,Optimal,7.3736572403504397e-12
3070.1999999999998,836.28999999999996,718.82997499998487,117.46002500001502,2132.032105263158,227.25999999998933,81.252105263157901,73.330025000025685,85.954629972854491,14.045370027145491,3043036.542092002,day_014,40,20,24,1,227.25999999998933,73.330025000025685,0,3055148.8898431016,746211.23684210528,12845.648001099671,23492.005000003006,2272599.9999998934,24,38000000,0.09634228760924439,0.0027397260273972603,3661006.9291512868,760000,10030.155970277498,2082.1917808219177,733.30025000025682,2815.4920308221745,3045118.7338728243,0,70.833333333333343,Optimal,5.8140159353570198e-12
2777.8000000000002,423.44,383.4539355263131,39.986064473686909,2271.8321052631527,129.01489999998697,66.676315789473719,60.175375000021091,90.55685233476126,9.4431476652387385,2093889.2034867106,day_015,40,20,24,1,129.01489999998697,60.175375000021091,0,2106001.5512378099,795141.23684210342,12714.101501099627,7997.2128947373822,1290148.9999998696,24,38000000,0.09634228760924439,0.0027397260273972603,3661006.9291512868,760000,10030.155970277498,2082.1917808219177,601.75375000021086,2683.9455308221286,2095971.3952675324,0,66.666666666666657,Optimal,6.1799454442734714e-12
2924,518.37,422.74902499999052,95.620975000009523,2269.4621052631524,239.66999999998933,80.832105263157871,72.950975000025522,81.553528367766361,18.446471632233642,3210865.4415919986,day_016,40,20,24,1,239.66999999998933,72.950975000025522,0,3222977.7893430982,794311.7368421033,12841.85750109967,19124.195000001906,2396699.9999998934,24,38000000,0.09634228760924439,0.0027397260273972603,3661006.9291512868,760000,10030.155970277498,2082.1917808219177,729.50975000025528,2811.701530822173,3212947.6333728209,0,41.666666666666671,Optimal,7.3701045266716392e-12
3070.1999999999998,571.23000000000002,458.89287499998886,112.33712500001113,2283.6721052631524,335.98999999998932,85.692105263157885,77.337125000027072,80.334169248812003,19.665830751187986,4182426.0330919991,day_017,40,20,24,1,335.98999999998932,77.337125000027072,0,4194538.3808430983,799285.2368421033,12885.719001099686,22467.425000002226,3359899.9999998934,24,38000000,0.09634228760924439,0.0027397260273972603,3661006.9291512868,760000,10030.155970277498,2082.1917808219177,773.37125000027072,2855.5630308221885,4184508.224872821,0,50,Optimal,7.3683281698322389e-12
2777.8000000000002,586.02999999999997,450.10497499998837,135.92502500001163,2203.0021052631528,133.32187499998895,88.502105263157887,79.873150000027962,76.80579065917928,23.194209340820716,2132253.2233419954,day_018,40,20,24,1,133.32187499998895,79.873150000027962,0,2144365.571093095,771050.73684210342,12911.079251099694,27185.005000002326,1333218.7499998894,24,38000000,0.09634228760924439,0.0027397260273972603,3661006.9291512868,760000,10030.155970277498,2082.1917808219177,798.73150000027965,2880.9232808221973,2134335.4151228173,0,58.333333333333336,Optimal,6.6542327203933382e-12
2924,715.46000000000004,576.73447499998838,138.72552500001166,2204.8321052631527,151.49137499998764,92.902105263157907,83.844150000029359,80.610303161600697,19.389696838399303,2315188.5333419824,day_019,40,20,24,1,151.49137499998764,83.844150000029359,0,2327300.881093082,771691.23684210342,12950.789251099708,27745.105000002332,1514913.7499998764,24,38000000,0.09634228760924439,0.0027397260273972603,3661006.9291512868,760000,10030.155970277498,2082.1917808219177,838.44150000029356,2920.6332808222114,2317270.7251228048,0,62.5,Optimal,6.6542327203933382e-12
3070.1999999999998,240.84,240.84,0,2500.2842105263157,332.35999999998927,33.684210526315788,30.400000000010643,100,0,4199003.4736841032,day_020,40,20,24,1,332.35999999998927,30.400000000010643,0,4211115.8214352028,875099.47368421056,12416.347751099522,0,3323599.9999998929,24,38000000,0.09634228760924439,0.0027397260273972603,3661006.9291512868,760000,10030.155970277498,2082.1917808219177,304.00000000010641,2386.1917808220242,4201085.6654649256,0,16.666666666666664,Optimal,6.7714722717937548e-12
2777.8000000000002,339.68000000000001,339.68000000000001,0,2367.6949307479204,74.229999999989403,39.024930747920564,35.220000000010636,100,0,1571345.4257616664,day_021,40,20,24,1,74.229999999989403,35.220000000010636,0,1583457.7735127658,828693.22576177213,12464.547751099522,0,742299.99999989406,24,38000000,0.09634228760924439,0.0027397260273972603,3661006.9291512868,760000,10030.155970277498,2082.1917808219177,352.20000000010634,2434.391780822024,1573427.6175424883,0,29.166666666666668,Optimal,6.766143201275554e-12
2924,1316.51,1316.51,0,1610.507782588689,0,30.951616294346483,27.933833705657481,100,0,563957.06224309769,day_022,40,20,24,1,0,27.933833705657481,0,576069.40999419708,563677.72390604112,12391.68608815599,0,0,24,38000000,0.09634228760924439,0.0027397260273972603,3661006.9291512868,760000,10030.155970277498,2082.1917808219177,279.3383370565748,2361.5301178784925,566039.25402391958,0,41.666666666666671,Optimal,4.1708858589117881e-12
3070.1999999999998,1480.3099999999999,1038.9805401661895,441.32945983381057,2000.4713157894575,43.279999999989357,128.53185595566316,116.0000000000266,70.186686583633801,29.813313416366203,1222390.852492966,day_023,40,20,24,1,43.279999999989357,116.0000000000266,0,1234503.2002440656,700164.96052631014,13272.347751099682,88265.891966762108,432799.9999998936,24,38000000,0.09634228760924439,0.0027397260273972603,3661006.9291512868,760000,10030.155970277498,2082.1917808219177,1160.000000000266,3242.1917808221838,1224473.0442737881,0,70.833333333333343,Optimal,7.3709927050913393e-12
2777.8000000000002,716.17999999999995,524.00554016618412,192.17445983381586,2182.532105263158,83.498374999979674,125.49764542934737,113.26162500002566,73.166737435586612,26.833262564413396,1638437.4950586653,day_024,40,20,24,1,83.498374999979674,113.26162500002566,0,1650549.8428097649,763886.23684210528,13244.964001099672,38434.891966763171,834983.74999979674,24,38000000,0.09634228760924439,0.0027397260273972603,3661006.9291512868,760000,10030.155970277498,2082.1917808219177,1132.6162500002565,3214.8080308221743,1640519.6868394874,0,79.166666666666657,Optimal,7.3736572403504397e-12
2924,576.61000000000001,576.61000000000001,0,2323.6896398891909,28.509999999989361,49.329639889191185,44.520000000010633,100,0,1098836.5739611106,day_025,40,20,24,1,28.509999999989361,44.520000000010633,0,1110948.9217122099,813291.37396121677,12557.547751099522,0,285099.9999998936,24,38000000,0.09634228760924439,0.0027397260273972603,3661006.9291512868,760000,10030.155970277498,2082.1917808219177,445.20000000010634,2527.391780822024,1100918.7657419324,0,37.5,Optimal,5.7749360848902143e-12
3070.1999999999998,989.92000000000007,759.35741249999387,230.56258750000617,2125.8013157894525,196.63999999998939,118.96131578946839,107.3625875000328,76.708967643849377,23.291032356150613,2757616.6039012037,day_026,40,20,24,1,196.63999999998939,107.3625875000328,0,2769728.9516523033,744030.46052630839,13185.973626099743,46112.517500001231,1966399.9999998938,24,38000000,0.09634228760924439,0.0027397260273972603,3661006.9291512868,760000,10030.155970277498,2082.1917808219177,1073.6258750003281,3155.8176558222458,2759698.7956820261,0,79.166666666666657,Optimal,7.3718808835110394e-12
2777.8000000000002,716.64999999999998,505.02554016618944,211.62445983381059,2170.0621052631527,112.081874999989,96.097645429347352,86.728125000016348,70.470318867814058,29.529681132185946,1923532.6600587557,day_027,40,20,24,1,112.081874999989,86.728125000016348,0,1935645.007809855,759521.73684210342,12979.62900109958,42324.891966762116,1120818.7499998899,24,38000000,0.09634228760924439,0.0027397260273972603,3661006.9291512868,760000,10030.155970277498,2082.1917808219177,867.28125000016348,2949.4730308220815,1925614.8518395775,0,62.5,Optimal,7.3736572403504397e-12
2924,699.39999999999998,503.96848552630263,195.4315144736974,2207.5921052631525,221.44999999998939,92.416315789473686,83.405725000029207,72.057261299156792,27.942738700843208,3027077.5969867366,day_028,40,20,24,1,221.44999999998939,83.405725000029207,0,3039189.9447378363,772657.23684210342,12946.405001099707,39086.302894739478,2214499.9999998938,24,38000000,0.09634228760924439,0.0027397260273972603,3661006.9291512868,760000,10030.155970277498,2082.1917808219177,834.05725000029202,2916.2490308222095,3029159.7887675585,0,45.833333333333329,Optimal,7.2795103278622264e-12
3070.1999999999998,829.66000000000008,662.39421052630314,167.2657894736968,2224.4021052631524,192.2299999999893,90.526315789473685,81.700000000028609,79.839236618169267,20.160763381830723,2735110.8947367365,day_029,40,20,24,1,192.2299999999893,81.700000000028609,0,2747223.2424878357,778540.7368421033,12929.347751099702,33453.157894739357,1922299.9999998931,24,38000000,0.09634228760924439,0.0027397260273972603,3661006.9291512868,760000,10030.155970277498,2082.1917808219177,817.00000000028604,2899.1917808222038,2737193.0865175584,0,45.833333333333329,Optimal,7.3701045266716392e-12
2777.8000000000002,804.04999999999995,513.81554016618952,290.23445983381055,2140.0721052631525,133.28187499998899,96.097645429347352,86.728125000016348,63.903431399314663,36.096568600685352,2140758.1600587554,day_030,40,20,24,1,133.28187499998899,86.728125000016348,0,2152870.507809855,749025.23684210342,12979.62900109958,58046.891966762108,1332818.7499998899,24,38000000,0.09634228760924439,0.0027397260273972603,3661006.9291512868,760000,10030.155970277498,2082.1917808219177,867.28125000016348,2949.4730308220815,2142840.3518395778,0,75,Optimal,7.3718808835110394e-12
2924,1099.77,1078.7042105263158,21.06578947368423,1825.1399239228101,25.279999999989371,52.555225119302513,47.431090670187132,98.084527721825097,1.9154722781749121,896286.44217431592,day_031,40,20,24,1,25.279999999989371,47.431090670187132,0,908398.78992541542,638798.97337298351,12586.658657801287,4213.1578947368462,252799.99999989371,24,38000000,0.09634228760924439,0.0027397260273972603,3661006.9291512868,760000,10030.155970277498,2082.1917808219177,474.31090670187132,2556.5026875237891,898368.63395513792,0,41.666666666666671,Optimal,6.4055427628773032e-12
3070.1999999999998,179.59999999999999,179.59999999999999,0,2577.7342105263156,316.14999999998929,33.684210526315788,30.400000000010643,100,0,4064010.9736841032,day_032,40,20,24,1,316.14999999998929,30.400000000010643,0,4076123.3214352028,902206.97368421045,12416.347751099522,0,3161499.9999998929,24,38000000,0.09634228760924439,0.0027397260273972603,3661006.9291512868,760000,10030.155970277498,2082.1917808219177,304.00000000010641,2386.1917808220242,4066093.1654649256,0,20.833333333333336,Optimal,6.7359451350057498e-12
2777.8000000000002,485.89999999999998,428.03487534625265,57.865124653747401,2228.4621052631528,128.51187499998895,73.936980609410512,66.728125000016348,88.091145368646366,11.908854631353654,2077320.7930227427,day_033,40,20,24,1,128.51187499998895,66.728125000016348,0,2089433.1407738421,779961.73684210354,12779.62900109958,11573.02493074948,1285118.7499998894,24,38000000,0.09634228760924439,0.0027397260273972603,3661006.9291512868,760000,10030.155970277498,2082.1917808219177,667.28125000016348,2749.4730308220815,2079402.9848035646,0,58.333333333333336,Optimal,7.3683281698322389e-12
2924,401.40999999999997,399.84652327270214,1.5634767272978469,2291.7051670239935,237.38999999998936,50.68400304308733,45.742312746402334,99.610503792307668,0.38949620769234627,3176766.9269312145,day_034,40,20,24,1,237.38999999998936,45.742312746402334,0,3188879.2746823141,802096.80845839775,12569.770878563439,312.69534545956941,2373899.9999998934,24,38000000,0.09634228760924439,0.0027397260273972603,3661006.9291512868,760000,10030.155970277498,2082.1917808219177,457.42312746402331,2539.6149082859411,3178849.1187120369,0,50,Optimal,7.3683281698322389e-12
3070.1999999999998,226.86999999999998,226.87,0,2498.3742105263159,348.23999999998927,33.684210526315766,30.400000000010643,100.00000000000001,0,4357134.9736841032,day_035,40,20,24,1,348.23999999998927,30.400000000010643,0,4369247.3214352028,874430.97368421056,12416.347751099522,0,3482399.9999998924,24,38000000,0.09634228760924439,0.0027397260273972603,3661006.9291512868,760000,10030.155970277498,2082.1917808219177,304.00000000010641,2386.1917808220242,4359217.1654649256,0,29.166666666666668,Optimal,6.1675109463976696e-12
2777.8000000000002,232.16000000000003,232.16,0,2441.3142105263159,108.15697499998764,39.294210526315808,35.463025000012415,99.999999999999986,0,1936384.3539340871,day_036,40,20,24,1,108.15697499998764,35.463025000012415,0,1948496.7016851865,854459.97368421056,12466.97800109954,0,1081569.7499998764,24,38000000,0.09634228760924439,0.0027397260273972603,3661006.9291512868,760000,10030.155970277498,2082.1917808219177,354.63025000012414,2436.8220308220421,1938466.545714909,0,41.666666666666671,Optimal,6.0307314697638503e-12
2924,372.62,372.62,0,2366.1542105263156,188.50999999998939,33.684210526315788,30.400000000010643,100,0,2713557.9736841042,day_037,40,20,24,1,188.50999999998939,30.400000000010643,0,2725670.3214352038,828153.97368421045,12416.347751099522,0,1885099.9999998938,24,38000000,0.09634228760924439,0.0027397260273972603,3661006.9291512868,760000,10030.155970277498,2082.1917808219177,304.00000000010641,2386.1917808220242,2715640.1654649265,0,20.833333333333336,Optimal,6.1035621001792606e-12
3070.1999999999998,380.51999999999998,380.51999999999998,0,2530.7142105263156,163.58672499998497,47.394210526315824,42.773275000015005,100,0,2522044.9564340599,day_038,40,20,24,1,163.58672499998497,42.773275000015005,0,2534157.3041851595,885749.97368421045,12540.080501099565,0,1635867.2499998496,24,38000000,0.09634228760924439,0.0027397260273972603,3661006.9291512868,760000,10030.155970277498,2082.1917808219177,427.73275000015008,2509.9245308220679,2524127.1482148822,0,37.5,Optimal,7.3701045266716392e-12
2777.8000000000002,434.76999999999998,434.76999999999998,0,2312.7959833795007,33.689999999989354,35.445983379500774,31.990000000010646,100,0,1146698.4941827189,day_039,40,20,24,1,33.689999999989354,31.990000000010646,0,1158810.8419338183,809478.5941828253,12432.247751099521,0,336899.99999989354,24,38000000,0.09634228760924439,0.0027397260273972603,3661006.9291512868,760000,10030.155970277498,2082.1917808219177,319.90000000010644,2402.0917808220242,1148780.6859635408,0,37.5,Optimal,6.5343286337338213e-12
2924,214.47999999999999,214.47999999999999,0,2460.4542105263158,252.34999999998931,33.684210526315788,30.400000000010643,100,0,3384962.9736841032,day_040,40,20,24,1,252.34999999998931,30.400000000010643,0,3397075.3214352028,861158.97368421056,12416.347751099522,0,2523499.9999998929,24,38000000,0.09634228760924439,0.0027397260273972603,3661006.9291512868,760000,10030.155970277498,2082.1917808219177,304.00000000010641,2386.1917808220242,3387045.1654649256,0,33.333333333333329,Optimal,5.1034731995969196e-12
3070.1999999999998,248.5,248.5,0,2518.8942105263159,306.08999999998929,33.684210526315788,30.400000000010643,100,0,3942816.9736841032,day_041,40,20,24,1,306.08999999998929,30.400000000010643,0,3954929.3214352028,881612.97368421056,12416.347751099522,0,3060899.9999998929,24,38000000,0.09634228760924439,0.0027397260273972603,3661006.9291512868,760000,10030.155970277498,2082.1917808219177,304.00000000010641,2386.1917808220242,3944899.1654649256,0,20.833333333333336,Optimal,7.0539130092583946e-12
2777.8000000000002,1214.79,1214.79,0,1564.3369749999956,0,13.609999999999959,12.283025000004262,100,0,547640.77149999852,day_042,40,20,24,1,0,12.283025000004262,0,559753.11925109802,547517.94124999852,12235.178001099459,0,0,24,38000000,0.09634228760924439,0.0027397260273972603,3661006.9291512868,760000,10030.155970277498,2082.1917808219177,122.83025000004261,2205.0220308219605,549722.96328082052,0,29.166666666666668,Optimal,1.4850343177386094e-12
2924,1091.6099999999999,978.19113552629835,113.41886447370167,1938.4200026856754,16.229999999989364,90.678340635814422,81.837202423851167,89.609946366037178,10.390053633962832,864249.14585885883,day_043,40,20,24,1,16.229999999989364,81.837202423851167,0,876361.49360995833,678447.00093998644,12930.719775337926,22683.772894740334,162299.99999989363,24,38000000,0.09634228760924439,0.0027397260273972603,3661006.9291512868,760000,10030.155970277498,2082.1917808219177,818.3720242385117,2900.5638050604293,866331.33763968083,0,62.5,Optimal,6.6506800067145377e-12
3070.1999999999998,719.97000000000003,706.89421052631576,13.07578947368421,2235.4847095249252,135.98999999998935,83.783795397506879,75.614875346276435,98.183842455423928,1.8161575445760532,2145690.9549818169,day_044,40,20,24,1,135.98999999998935,75.614875346276435,0,2157803.3027329165,782419.64833372377,12868.496504562179,2615.1578947368421,1359899.9999998936,24,38000000,0.09634228760924439,0.0027397260273972603,3661006.9291512868,760000,10030.155970277498,2082.1917808219177,756.14875346276438,2838.3405342846822,2147773.1467626393,0,70.833333333333343,Optimal,6.8709482548001688e-12
2777.8000000000002,651.79999999999995,479.65554016618944,172.14445983381057,2169.4121052631526,138.10187499998898,96.097645429347352,86.728125000016348,73.589374066613914,26.410625933386097,2175609.1600587554,day_045,40,20,24,1,138.10187499998898,86.728125000016348,0,2187721.507809855,759294.23684210342,12979.62900109958,34428.891966762116,1381018.7499998899,24,38000000,0.09634228760924439,0.0027397260273972603,3661006.9291512868,760000,10030.155970277498,2082.1917808219177,867.28125000016348,2949.4730308220815,2177691.3518395778,0,62.5,Optimal,7.3736572403504397e-12
2924,233.84999999999999,233.84999999999999,0,2439.6042105263159,253.82999999998933,33.684210526315788,30.400000000010643,100,0,3392465.4736841042,day_046,40,20,24,1,253.82999999998933,30.400000000010643,0,3404577.8214352033,853861.47368421056,12416.347751099522,0,2538299.9999998934,24,38000000,0.09634228760924439,0.0027397260273972603,3661006.9291512868,760000,10030.155970277498,2082.1917808219177,304.00000000010641,2386.1917808220242,3394547.6654649256,0,20.833333333333336,Optimal,5.758948873335612e-12
3070.1999999999998,331.74000000000001,331.74000000000001,0,2400.8342105263159,340.90999999998928,33.68421052631578,30.400000000010639,100,0,4249695.9736841032,day_047,40,20,24,1,340.90999999998928,30.400000000010639,0,4261808.3214352028,840291.97368421056,12416.347751099522,0,3409099.9999998929,24,38000000,0.09634228760924439,0.0027397260273972603,3661006.9291512868,760000,10030.155970277498,2082.1917808219177,304.00000000010641,2386.1917808220242,4251778.1654649256,0,33.333333333333329,Optimal,7.3683281698322389e-12
2777.8000000000002,473.10000000000002,473.09999999999997,0,2307.3942105263159,0.58999999998935793,33.684210526315795,30.400000000010643,100,0,813791.97368410428,day_048,40,20,24,1,0.58999999998935793,30.400000000010643,0,825904.32143520366,807587.97368421056,12416.347751099522,0,5899.9999998935791,24,38000000,0.09634228760924439,0.0027397260273972603,3661006.9291512868,760000,10030.155970277498,2082.1917808219177,304.00000000010641,2386.1917808220242,815874.16546492616,0,33.333333333333329,Optimal,4.3307579744578106e-12
2924,1050.3399999999999,740.9924355263023,309.34756447369773,2060.1663157894577,135.05999999998937,125.32052631578415,113.10177500003479,70.547864075090189,29.452135924909815,2134658.7411709437,day_049,40,20,24,1,135.05999999998937,113.10177500003479,0,2146771.0889220433,721058.21052631026,13243.365501099763,61869.512894739542,1350599.9999998938,24,38000000,0.09634228760924439,0.0027397260273972603,3661006.9291512868,760000,10030.155970277498,2082.1917808219177,1131.0177500003479,3213.2095308222656,2136740.9329517661,0,83.333333333333343,Optimal,7.0254912998279906e-12
3070.1999999999998,1261.3600000000001,1018.0405401661948,243.31945983380521,2038.8513157894522,25.839999999989359,128.53185595566316,116.0000000000266,80.709752978229432,19.290247021770561,1021821.8524929632,day_050,40,20,24,1,25.839999999989359,116.0000000000266,0,1033934.2002440627,713597.96052630828,13272.347751099682,48663.891966761039,258399.9999998936,24,38000000,0.09634228760924439,0.0027397260273972603,3661006.9291512868,760000,10030.155970277498,2082.1917808219177,1160.000000000266,3242.1917808221838,1023904.0442737852,0,75,Optimal,7.3683281698322389e-12
2777.8000000000002,777.68000000000006,709.5248753462472,68.155124653752708,2040.3805540166111,37.60999999998937,99.645429362863709,89.93000000001598,91.236096510935994,8.7639034890639724,1104763.518836458,day_051,40,20,24,1,37.60999999998937,89.93000000001598,0,1116875.8665875576,714133.19390581385,13011.647751099576,13631.024930750542,376099.99999989371,24,38000000,0.09634228760924439,0.0027397260273972603,3661006.9291512868,760000,10030.155970277498,2082.1917808219177,899.3000000001598,2981.4917808220775,1106845.7106172801,0,66.666666666666657,Optimal,7.3701045266716392e-12
2924,168.14000000000001,168.14000000000001,0,2513.6342105263157,245.50999999998933,33.684210526315788,30.400000000010639,99.999999999999986,0,3335175.9736841037,day_052,40,20,24,1,245.50999999998933,30.400000000010639,0,3347288.3214352033,879771.97368421045,12416.347751099522,0,2455099.9999998934,24,38000000,0.09634228760924439,0.0027397260273972603,3661006.9291512868,760000,10030.155970277498,2082.1917808219177,304.00000000010641,2386.1917808220242,3337258.1654649256,0,20.833333333333336,Optimal,7.3683281698322389e-12
3070.1999999999998,159.41,159.41,0,2599.2642105263158,314.80999999998932,33.684210526315788,30.400000000010639,100,0,4058146.4736841042,day_053,40,20,24,1,314.80999999998932,30.400000000010639,0,4070258.8214352033,909742.47368421056,12416.347751099522,0,3148099.9999998934,24,38000000,0.09634228760924439,0.0027397260273972603,3661006.9291512868,760000,10030.155970277498,2082.1917808219177,304.00000000010641,2386.1917808220242,4060228.6654649256,0,25,Optimal,7.3683281698322389e-12
2777.8000000000002,806.59000000000003,755.19978552631051,51.390214473689447,1983.4121052631526,45.729999999989346,67.096315789473692,60.554425000021212,93.628706719189481,6.3712932808105043,1162377.8239867352,day_054,40,20,24,1,45.729999999989346,60.554425000021212,0,1174490.1717378343,694194.23684210342,12717.892001099626,10278.04289473789,457299.99999989348,24,38000000,0.09634228760924439,0.0027397260273972603,3661006.9291512868,760000,10030.155970277498,2082.1917808219177,605.54425000021206,2687.7360308221296,1164460.0157675568,0,41.666666666666671,Optimal,5.60262947146839e-12
2924,728.41000000000008,689.45421052631582,38.955789473684263,2163.1019697368342,77.099999999989379,58.012105263155703,52.355925000016349,94.651941973107981,5.3480580268920335,1536400.4065525227,day_055,40,20,24,1,77.099999999989379,52.355925000016349,0,1548512.7543036221,757085.68940789194,12635.907001099578,7791.1578947368525,770999.99999989383,24,38000000,0.09634228760924439,0.0027397260273972603,3661006.9291512868,760000,10030.155970277498,2082.1917808219177,523.5592500001635,2605.7510308220812,1538482.5983333446,0,50,Optimal,7.3683281698322389e-12
3070.1999999999998,1065.1200000000001,793.76694999998608,271.35305000001398,2118.7421052631526,166.93999999998931,94.862105263157886,85.613050000029958,74.523710943366567,25.476289056633426,2466086.4773419998,day_056,40,20,24,1,166.93999999998931,85.613050000029958,0,2478198.8250930989,741559.73684210342,12968.478251099714,54270.610000002795,1669399.9999998931,24,38000000,0.09634228760924439,0.0027397260273972603,3661006.9291512868,760000,10030.155970277498,2082.1917808219177,856.13050000029955,2938.3222808222172,2468168.6691228217,0,45.833333333333329,Optimal,6.6542327203933382e-12
2777.8000000000002,981.90000000000009,653.92554016618942,327.97445983381056,2065.1663157894577,71.239999999989379,128.53185595566316,116.0000000000266,66.597977407698281,33.402022592301712,1501963.1024929665,day_057,40,20,24,1,71.239999999989379,116.0000000000266,0,1514075.4502440658,722808.21052631026,13272.347751099682,65594.891966762108,712399.99999989383,24,38000000,0.09634228760924439,0.0027397260273972603,3661006.9291512868,760000,10030.155970277498,2082.1917808219177,1160.000000000266,3242.1917808221838,1504045.2942737883,0,75,Optimal,7.3665518129928387e-12
2924,398.61000000000001,398.61000000000001,0,2304.9394052631569,224.06999999998939,37.122105263157891,33.502700000011735,100,0,3047763.8188419989,day_058,40,20,24,1,224.06999999998939,33.502700000011735,0,3059876.1665930981,806728.79184210487,12447.374751099533,0,2240699.9999998938,24,38000000,0.09634228760924439,0.0027397260273972603,3661006.9291512868,760000,10030.155970277498,2082.1917808219177,335.02700000011737,2417.2187808220351,3049846.0106228208,0,29.166666666666668,Optimal,6.4375171859865077e-12
3070.1999999999998,862.01999999999998,806.02837499999589,55.991625000004092,2172.4346260387733,98.579999999989411,70.184626038778859,63.341625000020088,93.504602561425017,6.4953974385749866,1757983.8603634657,day_059,40,20,24,1,98.579999999989411,63.341625000020088,0,1770096.2081145651,760352.11911357066,12745.764001099617,11198.325000000819,985799.99999989406,24,38000000,0.09634228760924439,0.0027397260273972603,3661006.9291512868,760000,10030.155970277498,2082.1917808219177,633.41625000020088,2715.6080308221185,1760066.0521442876,0,54.166666666666664,Optimal,6.6684435751085402e-12
2777.8000000000002,581.36000000000001,494.01487534625267,87.345124653747348,2201.2121052631528,90.698374999986001,83.336980609410574,75.211625000019367,84.97572508364054,15.02427491635946,1695629.1280227131,day_060,40,20,24,1,90.698374999986001,75.211625000019367,0,1707741.4757738125,770424.23684210354,12864.464001099608,17469.024930749471,906983.74999985995,24,38000000,0.09634228760924439,0.0027397260273972603,3661006.9291512868,760000,10030.155970277498,2082.1917808219177,752.11625000019365,2834.3080308221115,1697711.319803535,0,70.833333333333343,Optimal,7.3683281698322389e-12
2924,590.95000000000005,561.53973552631294,29.410264473687114,2222.6521052631524,145.64999999998935,59.91631578947365,54.0744750000189,95.023222865946849,4.9767771340531537,2240851.0344867343,day_061,40,20,24,1,145.64999999998935,54.0744750000189,0,2252963.3822378339,777928.2368421033,12653.092501099603,5882.0528947374232,1456499.9999998934,24,38000000,0.09634228760924439,0.0027397260273972603,3661006.9291512868,760000,10030.155970277498,2082.1917808219177,540.74475000018901,2622.9365308221068,2242933.2262675567,0,37.5,Optimal,5.8548721426632255e-12
3070.1999999999998,987.08000000000004,748.2155401661895,238.86445983381049,2186.0521052631525,146.59472499998475,109.35764542934736,98.69527500002053,75.800901666145549,24.199098333854444,2279825.3315587132,day_062,40,20,24,1,146.59472499998475,98.69527500002053,0,2291937.6793098128,765118.23684210342,13099.30050109962,47772.891966762094,1465947.2499998475,24,38000000,0.09634228760924439,0.0027397260273972603,3661006.9291512868,760000,10030.155970277498,2082.1917808219177,986.95275000020524,3069.1445308221228,2281907.5233395351,0,66.666666666666657,Optimal,7.3709927050913393e-12
2777.8000000000002,907.20000000000005,612.91709724999384,294.28290275000614,2100.3547552631348,76.339999999989388,121.14720526314254,109.33535275002443,67.56140842702753,32.438591572972456,1558474.0984194926,day_063,40,20,24,1,76.339999999989388,109.33535275002443,0,1570586.446170592,735124.16434209724,13205.701278599659,58856.580550001228,763399.99999989383,24,38000000,0.09634228760924439,0.0027397260273972603,3661006.9291512868,760000,10030.155970277498,2082.1917808219177,1093.3535275002444,3175.5453083221619,1560556.2902003145,0,83.333333333333343,Optimal,7.3683281698322389e-12
2924,883,588.01554016618422,294.98445983381583,2183.1221052631577,162.10999999998936,94.847645429347367,85.600000000015967,66.592926406136371,33.407073593863629,2445045.6288087619,day_064,40,20,24,1,162.10999999998936,85.600000000015967,0,2457157.9765598616,764092.73684210517,12968.347751099574,58996.891966763164,1621099.9999998936,24,38000000,0.09634228760924439,0.0027397260273972603,3661006.9291512868,760000,10030.155970277498,2082.1917808219177,856.00000000015962,2938.1917808220774,2447127.8205895843,0,50,Optimal,7.3736572403504397e-12
3070.1999999999998,345.42000000000002,345.42000000000002,0,2409.0642105263159,318.99999999998931,33.684210526315788,30.400000000010639,100,0,4033476.4736841042,day_065,40,20,24,1,318.99999999998931,30.400000000010639,0,4045588.8214352033,843172.47368421056,12416.347751099522,0,3189999.9999998934,24,38000000,0.09634228760924439,0.0027397260273972603,3661006.9291512868,760000,10030.155970277498,2082.1917808219177,304.00000000010641,2386.1917808220242,4035558.6654649256,0,29.166666666666668,Optimal,7.3665518129928387e-12
2777.8000000000002,532.20000000000005,532.20000000000005,0,2184.1146646741454,66.289999999989348,49.278612042566344,44.473947368431695,100,0,1427784.8721095286,day_066,40,20,24,1,66.289999999989348,44.473947368431695,0,1439897.2198606282,764440.13263595093,12557.087224783732,0,662899.99999989348,24,38000000,0.09634228760924439,0.0027397260273972603,3661006.9291512868,760000,10030.155970277498,2082.1917808219177,444.73947368431698,2526.9312545062348,1429867.0638903507,0,58.333333333333336,Optimal,7.1249672828344046e-12
2924,818.56000000000006,635.85421052630329,182.7057894736968,2166.8021052631525,131.12549999998626,100.32631578947368,90.544500000031704,77.679609378213357,22.320390621786647,2107082.3397367056,day_067,40,20,24,1,131.12549999998626,90.544500000031704,0,2119194.6874878053,758380.73684210342,13017.792751099732,36541.157894739357,1311254.9999998626,24,38000000,0.09634228760924439,0.0027397260273972603,3661006.9291512868,760000,10030.155970277498,2082.1917808219177,905.44500000031701,2987.6367808222349,2109164.531517528,0,66.666666666666657,Optimal,6.7883476617680572e-12
3070.1999999999998,561.01999999999998,457.53472499999089,103.4852750000091,2300.2521052631523,320.14999999998929,79.352105263157924,71.615275000025093,81.554084524614254,18.445915475385743,4028001.4445919981,day_068,40,20,24,1,320.14999999998929,71.615275000025093,0,4040113.7923430977,805088.2368421033,12828.500501099667,20697.055000001819,3201499.9999998929,24,38000000,0.09634228760924439,0.0027397260273972603,3661006.9291512868,760000,10030.155970277498,2082.1917808219177,716.15275000025099,2798.344530822169,4030083.6363728205,0,41.666666666666671,Optimal,7.3665518129928387e-12
2777.8000000000002,1425.9200000000001,1389.1063157894737,36.813684210526361,1395.6601874999769,0,71.451315789468367,64.484812500017782,97.418250377964654,2.5817496220353426,496488.65059209737,day_069,40,20,24,1,0,64.484812500017782,0,508600.99834319676,488481.0656249919,12757.195876099593,7362.7368421052724,0,24,38000000,0.09634228760924439,0.0027397260273972603,3661006.9291512868,760000,10030.155970277498,2082.1917808219177,644.84812500017779,2727.0399058220955,498570.84237291926,0,62.5,Optimal,5.60262947146839e-12
2924,1943.5999999999999,935.15210526313263,1008.4478947368674,1882.0227700831003,118.50999999998935,119.84487534625822,108.16000000003592,48.114432252682278,51.885567747317737,2046579.1484763522,day_070,40,20,24,1,118.50999999998935,108.16000000003592,0,2058691.4962274518,658707.96952908509,13193.947751099775,201689.57894737349,1185099.9999998934,24,38000000,0.09634228760924439,0.0027397260273972603,3661006.9291512868,760000,10030.155970277498,2082.1917808219177,1081.6000000003592,3163.7917808222769,2048661.3402571743,0,62.5,Optimal,7.3701045266716392e-12
3070.1999999999998,1434.0900000000001,1086.0412999999778,348.04870000002217,1991.5162880886348,4.889999999989346,125.6162880886349,113.36870000003272,75.730344678505375,24.269655321494614,816674.12783092051,day_071,40,20,24,1,4.889999999989346,113.36870000003272,0,828786.47558201989,697030.70083102223,13246.034751099742,69609.740000004429,48899.999999893458,24,38000000,0.09634228760924439,0.0027397260273972603,3661006.9291512868,760000,10030.155970277498,2082.1917808219177,1133.6870000003271,3215.8787808222451,818756.31961174239,0,79.166666666666657,Optimal,7.3683281698322389e-12
2777.8000000000002,1771.01,807.02062499998169,963.9893750000183,1897.2663157894576,87.189999999989396,140.27631578946836,126.59937500003952,45.568383295406669,54.431616704593331,1730007.0792762083,day_072,40,20,24,1,87.189999999989396,126.59937500003952,0,1742119.4270273075,664043.21052631014,13378.341501099811,192797.87500000367,871899.99999989395,24,38000000,0.09634228760924439,0.0027397260273972603,3661006.9291512868,760000,10030.155970277498,2082.1917808219177,1265.9937500003953,3348.185530822313,1732089.27105703,0,75,Optimal,7.3683281698322389e-12
2924,1691.9200000000001,1421.8842105262979,270.03578947370215,1509.2999999999945,0,73.68421052631578,66.500000000023277,84.039683349466756,15.960316650533249,582927.15789473872,day_073,40,20,24,1,0,66.500000000023277,0,595039.5056458381,528254.99999999802,12777.347751099649,54007.157894740434,0,24,38000000,0.09634228760924439,0.0027397260273972603,3661006.9291512868,760000,10030.155970277498,2082.1917808219177,665.00000000023283,2747.1917808221506,585009.3496755606,0,41.666666666666671,Optimal,6.6542327203933382e-12
3070.1999999999998,1415.4899999999998,1263.6799999999926,151.81000000000734,1811.3069529085781,0,49.096952908578167,44.310000000007314,89.275092017604706,10.724907982395308,664762.53351800388,day_074,40,20,24,1,0,44.310000000007314,0,676874.88126910327,633957.43351800228,12555.447751099488,30362.000000001466,0,24,38000000,0.09634228760924439,0.0027397260273972603,3661006.9291512868,760000,10030.155970277498,2082.1917808219177,443.10000000007312,2525.2917808219909,666844.72529882577,0,41.666666666666671,Optimal,5.60262947146839e-12
2777.8000000000002,579.50999999999999,579.50999999999999,0,2142.6217728531856,58.959999999989364,33.761772853185555,30.470000000010632,100,0,1339822.3204985089,day_075,40,20,24,1,58.959999999989364,30.470000000010632,0,1351934.668249608,749917.62049861497,12417.047751099522,0,589599.9999998936,24,38000000,0.09634228760924439,0.0027397260273972603,3661006.9291512868,760000,10030.155970277498,2082.1917808219177,304.70000000010634,2386.891780822024,1341904.5122793305,0,29.166666666666668,Optimal,6.8265393338151625e-12
2924,221.44,221.44,0,2463.4542105263158,242.38999999998936,33.684210526315788,30.400000000010643,100,0,3286412.9736841042,day_076,40,20,24,1,242.38999999998936,30.400000000010643,0,3298525.3214352033,862208.97368421056,12416.347751099522,0,2423899.9999998934,24,38000000,0.09634228760924439,0.0027397260273972603,3661006.9291512868,760000,10030.155970277498,2082.1917808219177,304.00000000010641,2386.1917808220242,3288495.1654649256,0,20.833333333333336,Optimal,7.3008266099350294e-12
3070.1999999999998,199.43000000000001,199.43000000000001,0,2520.9542105263158,353.09999999998928,33.684210526315795,30.400000000010643,100,0,4413637.9736841032,day_077,40,20,24,1,353.09999999998928,30.400000000010643,0,4425750.3214352028,882333.97368421056,12416.347751099522,0,3530999.9999998929,24,38000000,0.09634228760924439,0.0027397260273972603,3661006.9291512868,760000,10030.155970277498,2082.1917808219177,304.00000000010641,2386.1917808220242,4415720.1654649256,0,29.166666666666668,Optimal,7.3701045266716392e-12
2777.8000000000002,176.44,176.44,0,2449.4442105263156,155.32187499998901,34.934210526315766,31.528125000011034,100,0,2410839.5049341004,day_078,40,20,24,1,155.32187499998901,31.528125000011034,0,2422951.8526852001,857305.47368421045,12427.629001099525,0,1553218.7499998901,24,38000000,0.09634228760924439,0.0027397260273972603,3661006.9291512868,760000,10030.155970277498,2082.1917808219177,315.28125000011033,2397.4730308220282,2412921.6967149228,0,37.5,Optimal,5.8761884247360285e-12
2924,165.25999999999999,165.25999999999999,0,2523.8442105263157,238.17999999998938,33.684210526315788,30.400000000010639,100,0,3265449.4736841042,day_079,40,20,24,1,238.17999999998938,30.400000000010639,0,3277561.8214352038,883345.47368421045,12416.347751099522,0,2381799.9999998938,24,38000000,0.09634228760924439,0.0027397260273972603,3661006.9291512868,760000,10030.155970277498,2082.1917808219177,304.00000000010641,2386.1917808220242,3267531.6654649265,0,25,Optimal,7.3683281698322389e-12
3070.1999999999998,517.69000000000005,517.69000000000005,0,2404.9542105263158,151.51274999998714,40.584210526315815,36.627250000012857,100,0,2357227.7461840818,day_080,40,20,24,1,151.51274999998714,36.627250000012857,0,2369340.0939351814,841733.97368421056,12478.620251099544,0,1515127.4999998715,24,38000000,0.09634228760924439,0.0027397260273972603,3661006.9291512868,760000,10030.155970277498,2082.1917808219177,366.27250000012856,2448.4642808220465,2359309.9379649041,0,50,Optimal,5.5351279115711804e-12
2777.8000000000002,732.97000000000003,732.97000000000003,0,2046.6873749999934,0,19.049999999994672,17.192625000001211,100,0,716512.50749999774,day_081,40,20,24,1,0,17.192625000001211,0,728624.85525109712,716340.58124999772,12284.274001099428,0,0,24,38000000,0.09634228760924439,0.0027397260273972603,3661006.9291512868,760000,10030.155970277498,2082.1917808219177,171.92625000001212,2254.11803082193,718594.69928081962,0,33.333333333333329,Optimal,1.8758328224066645e-12
2924,609.35000000000002,598.23504999999886,11.114950000001098,2207.8621052631524,124.01727499998665,62.712105263157881,56.597675000019805,98.17593337162532,1.8240666283746774,2015713.4535919703,day_082,40,20,24,1,124.01727499998665,56.597675000019805,0,2027825.8013430699,772751.7368421033,12678.324501099614,2222.9900000002194,1240172.7499998666,24,38000000,0.09634228760924439,0.0027397260273972603,3661006.9291512868,760000,10030.155970277498,2082.1917808219177,565.97675000019808,2648.1685308221158,2017795.6453727924,0,66.666666666666657,Optimal,5.60262947146839e-12
3070.1999999999998,444.97000000000003,443.05615533577719,1.9138446642228502,2303.5162708347684,328.61999999998932,51.204370980012335,46.211944809477316,99.569893551425309,0.43010644857470165,4093275.5831730012,day_083,40,20,24,1,328.61999999998932,46.211944809477316,0,4105387.9309241008,806230.69479216891,12574.467199194189,382.76893284457003,3286199.9999998934,24,38000000,0.09634228760924439,0.0027397260273972603,3661006.9291512868,760000,10030.155970277498,2082.1917808219177,462.11944809477313,2544.3112289166911,4095357.7749538235,0,50,Optimal,7.3683281698322389e-12
2777.8000000000002,923.87,634.68421052629776,289.18578947370219,2080.6422991689633,74.5299999999894,123.65650969527928,111.60000000002861,68.698432736889146,31.301567263110847,1532477.9626037718,day_084,40,20,24,1,74.5299999999894,111.60000000002861,0,1544590.3103548712,728224.80470913718,13228.347751099702,57837.157894740434,745299.99999989395,24,38000000,0.09634228760924439,0.0027397260273972603,3661006.9291512868,760000,10030.155970277498,2082.1917808219177,1116.000000000286,3198.1917808222038,1534560.1543845937,0,75,Optimal,7.198686091669515e-12
2924,626.57000000000005,521.53851052630773,105.03148947369225,2205.2621052631525,204.60999999998936,76.006315789473675,68.595700000023996,83.23707016395737,16.76292983604262,2839633.9917367361,day_085,40,20,24,1,204.60999999998936,68.595700000023996,0,2851746.3394878353,771841.73684210342,12798.304751099655,21006.297894738451,2046099.9999998936,24,38000000,0.09634228760924439,0.0027397260273972603,3661006.9291512868,760000,10030.155970277498,2082.1917808219177,685.95700000023999,2768.1487808221577,2841716.1835175576,0,41.666666666666671,Optimal,7.3701045266716392e-12
3070.1999999999998,447.81999999999994,440.63421052631577,7.1857894736842098,2306.5821052631527,327.90999999998928,50.526315789473678,45.60000000001596,98.395384423722888,1.6046155762771228,4088296.8947367333,day_086,40,20,24,1,327.90999999998928,45.60000000001596,0,4100409.2424878329,807303.73684210342,12568.347751099574,1437.1578947368421,3279099.9999998929,24,38000000,0.09634228760924439,0.0027397260273972603,3661006.9291512868,760000,10030.155970277498,2082.1917808219177,456.00000000015962,2538.1917808220774,4090379.0865175556,0,37.5,Optimal,7.3683281698322389e-12
2777.8000000000002,350.42000000000002,350.42000000000002,0,2283.8342105263159,146.95187499998897,34.93421052631578,31.528125000011034,100,0,2269176.0049341004,day_087,40,20,24,1,146.95187499998897,31.528125000011034,0,2281288.3526851996,799341.97368421056,12427.629001099525,0,1469518.7499998896,24,38000000,0.09634228760924439,0.0027397260273972603,3661006.9291512868,760000,10030.155970277498,2082.1917808219177,315.28125000011033,2397.4730308220282,2271258.1967149219,0,50,Optimal,4.8956394493870903e-12
2924,771.55999999999995,567.79388552630269,203.76611447369726,2146.6421052631526,218.51999999998935,91.856315789473683,82.900325000029028,73.590373467559587,26.409626532440416,2978106.9629867366,day_088,40,20,24,1,218.51999999998935,82.900325000029028,0,2990219.3107378362,751324.73684210342,12941.351001099705,40753.222894739454,2185199.9999998934,24,38000000,0.09634228760924439,0.0027397260273972603,3661006.9291512868,760000,10030.155970277498,2082.1917808219177,829.00325000029034,2911.1950308222081,2980189.1547675589,0,50,Optimal,7.1285199965132051e-12
3070.1999999999998,730.12,583.12004999998817,146.99995000001186,2220.0721052631525,275.58999999998929,88.022105263157883,79.439950000027807,79.866330192295536,20.133669807704468,3563119.626341999,day_089,40,20,24,1,275.58999999998929,79.439950000027807,0,3575231.9740930982,777025.23684210342,12906.747251099692,29399.990000002374,2755899.9999998929,24,38000000,0.09634228760924439,0.0027397260273972603,3661006.9291512868,760000,10030.155970277498,2082.1917808219177,794.39950000027807,2876.5912808221956,3565201.8181228209,0,41.666666666666671,Optimal,6.6826544298237422e-12
2777.8000000000002,1357.5799999999999,1034.7672105263018,322.81278947369827,1753.0168975069059,0,102.40110803323249,92.417000000024686,76.221453654760808,23.778546345239199,679042.64202215697,day_090,40,20,24,1,0,92.417000000024686,0,691154.98977325635,613555.91412741703,13036.517751099662,64562.557894739657,0,24,38000000,0.09634228760924439,0.0027397260273972603,3661006.9291512868,760000,10030.155970277498,2082.1917808219177,924.17000000024689,3006.3617808221647,681124.83380297886,0,66.666666666666657,Optimal,7.3701045266716392e-12
2924,2118.9299999999998,1587.7129374999906,531.21706250000943,1343.9571052631418,0,78.667105263152564,70.99706250002005,74.929938105552836,25.070061894447171,577338.36996710172,day_091,40,20,24,1,0,70.99706250002005,0,589450.71771820111,470384.98684209964,12822.318376099616,106243.41250000188,0,24,38000000,0.09634228760924439,0.0027397260273972603,3661006.9291512868,760000,10030.155970277498,2082.1917808219177,709.97062500020047,2792.1624058221182,579420.56174792361,0,50,Optimal,6.6542327203933382e-12
3070.1999999999998,1813.2600000000002,1539.234974999983,274.02502500001691,1539.6093429697648,0,88.659671484882494,80.015353515134478,84.887714668606975,15.112285331393009,594468.42857457243,day_092,40,20,24,1,0,80.015353515134478,0,606580.77632567182,538863.27003941766,12912.501286250761,54805.005000003381,0,24,38000000,0.09634228760924439,0.0027397260273972603,3661006.9291512868,760000,10030.155970277498,2082.1917808219177,800.15353515134484,2882.3453159732626,596550.62035539432,0,58.333333333333336,Optimal,7.3736572403504397e-12
2777.8000000000002,983.48000000000002,983.48000000000002,0,1794.8406833114304,0,5.3403416557152585,4.8196583442847238,100,0,628242.43574244354,day_093,40,20,24,1,0,4.8196583442847238,0,640354.78349354293,628194.23915900069,12160.544334542263,0,0,24,38000000,0.09634228760924439,0.0027397260273972603,3661006.9291512868,760000,10030.155970277498,2082.1917808219177,48.196583442847242,2130.3883642647652,630324.62752326543,0,12.5,Optimal,1.7905676941154525e-12
2924,1164.28,739.48210526313892,424.79789473686105,2119.6176454293582,75.399999999989376,107.68975069251587,97.190000000029599,63.514112177752686,36.485887822247314,1581797.6548475418,day_094,40,20,24,1,75.399999999989376,97.190000000029599,0,1593910.002598641,741866.17590027535,13084.247751099712,84959.578947372211,753999.99999989371,24,38000000,0.09634228760924439,0.0027397260273972603,3661006.9291512868,760000,10030.155970277498,2082.1917808219177,971.90000000029602,3054.0917808222139,1583879.8466283635,0,79.166666666666657,Optimal,7.3701045266716392e-12
3070.1999999999998,627.89999999999998,564.03204333113899,63.867956668860984,2208.0663102565823,304.35999999998933,64.188241925444316,57.929888337733772,89.828323511887092,10.171676488112915,3829776.0988068464,day_095,40,20,24,1,304.35999999998933,57.929888337733772,0,3841888.446557946,772823.20858980378,12691.646634476754,12773.591333772198,3043599.9999998934,24,38000000,0.09634228760924439,0.0027397260273972603,3661006.9291512868,760000,10030.155970277498,2082.1917808219177,579.29888337733769,2661.4906641992557,3831858.2905876683,0,45.833333333333329,Optimal,7.3683281698322389e-12
2777.8000000000002,1062.95,630.70707499997877,432.24292500002127,2070.0421052631577,87.001874999988956,102.06210526315786,92.111050000032208,59.335535537887836,40.664464462112164,1681903.1823419994,day_096,40,20,24,1,87.001874999988956,92.111050000032208,0,1694015.5300930985,724514.73684210517,13033.458251099737,86448.585000004256,870018.74999988952,24,38000000,0.09634228760924439,0.0027397260273972603,3661006.9291512868,760000,10030.155970277498,2082.1917808219177,921.11050000032208,3003.3022808222399,1683985.374122821,0,70.833333333333343,Optimal,6.6542327203933382e-12
2924,1058.21,714.50079999997774,343.70920000002224,2096.972105263158,122.85059999998865,105.88210526315791,95.558600000033479,67.519755058067659,32.480244941932341,2032143.6628419964,day_097,40,20,24,1,122.85059999998865,95.558600000033479,0,2044256.0105930958,733940.23684210528,13067.93375109975,68741.840000004449,1228505.9999998864,24,38000000,0.09634228760924439,0.0027397260273972603,3661006.9291512868,760000,10030.155970277498,2082.1917808219177,955.58600000033482,3037.7777808222527,2034225.8546228183,0,66.666666666666657,Optimal,6.7217342802905478e-12
3070.1999999999998,1129.1300000000001,742.89382499997828,386.23617500002172,2090.9021052631579,246.35999999998933,102.11210526315791,92.156175000032277,65.793471522320559,34.20652847767942,3273584.5335920034,day_098,40,20,24,1,246.35999999998933,92.156175000032277,0,3285696.8813431025,731815.73684210528,13033.909501099737,77247.235000004337,2463599.9999998934,24,38000000,0.09634228760924439,0.0027397260273972603,3661006.9291512868,760000,10030.155970277498,2082.1917808219177,921.56175000032272,3003.7535308222405,3275666.7253728248,0,58.333333333333336,Optimal,7.3718808835110394e-12
2777.8000000000002,1289.1700000000001,744.20409972296841,544.96590027703155,1975.8468144044257,69.299999999989353,118.47091412739417,106.92000000001067,57.72738271313856,42.272617286861433,1494608.7650968488,day_099,40,20,24,1,69.299999999989353,106.92000000001067,0,1506721.1128479484,691546.38504154899,13181.547751099522,108993.18005540631,692999.99999989348,24,38000000,0.09634228760924439,0.0027397260273972603,3661006.9291512868,760000,10030.155970277498,2082.1917808219177,1069.2000000001067,3151.3917808220244,1496690.9568776709,0,70.833333333333343,Optimal,7.3736572403504397e-12
2924,1241.53,1019.1234749999854,222.40652500001462,1914.0341274238058,0,93.924127423805999,84.766525000014596,82.086093368664919,17.913906631335099,715240.9148483352,day_100,40,20,24,1,0,84.766525000014596,0,727353.26259943459,669911.94459833205,12960.013001099562,44481.305000002925,0,24,38000000,0.09634228760924439,0.0027397260273972603,3661006.9291512868,760000,10030.155970277498,2082.1917808219177,847.66525000014599,2929.8570308220637,717323.10662915709,0,58.333333333333336,Optimal,6.6506800067145377e-12
3070.1999999999998,1024.98,802.80656052630115,222.17343947369878,2148.6035802631527,128.12999999998934,95.796315789473724,86.456175000030299,78.324119546361999,21.675880453638001,2078610.502736737,day_101,40,20,24,1,128.12999999998934,86.456175000030299,0,2090722.8504878362,752011.2530921034,12976.909501099719,44434.687894739756,1281299.9999998934,24,38000000,0.09634228760924439,0.0027397260273972603,3661006.9291512868,760000,10030.155970277498,2082.1917808219177,864.56175000030294,2946.7535308222205,2080692.6945175587,0,70.833333333333343,Optimal,6.6542327203933382e-12
2777.8000000000002,391.94999999999999,391.94999999999999,0,2294.4642105263156,95.554324999986463,42.754210526315795,38.585675000013524,100,0,1758991.5804340751,day_102,40,20,24,1,95.554324999986463,38.585675000013524,0,1771103.9281851747,803062.47368421045,12498.20450109955,0,955543.24999986461,24,38000000,0.09634228760924439,0.0027397260273972603,3661006.9291512868,760000,10030.155970277498,2082.1917808219177,385.85675000013521,2468.0485308220532,1761073.7722148972,0,58.333333333333336,Optimal,5.2153836804791354e-12
2924,1027.97,934.03859999999077,93.931400000009234,1892.5796675900208,105.5599999999894,83.879667590026287,75.701400000025245,90.862437619773999,9.1375623802260026,1737546.1776564035,day_103,40,20,24,1,105.5599999999894,75.701400000025245,0,1749658.5254075029,662402.88365650724,12869.361751099668,18786.280000001847,1055599.9999998941,24,38000000,0.09634228760924439,0.0027397260273972603,3661006.9291512868,760000,10030.155970277498,2082.1917808219177,757.01400000025251,2839.2057808221703,1739628.3694372254,0,58.333333333333336,Optimal,5.60262947146839e-12
3070.1999999999998,1640.3499999999999,1340.6955401661894,299.65445983381056,1738.7002493074622,0,94.315789473657105,85.120000000005334,81.732285193171535,18.267714806828458,669327.17922437401,day_104,40,20,24,1,0,85.120000000005334,0,681439.52697547339,608545.0872576118,12963.547751099468,59930.891966762116,0,24,38000000,0.09634228760924439,0.0027397260273972603,3661006.9291512868,760000,10030.155970277498,2082.1917808219177,851.20000000005336,2933.3917808219712,671409.37100519589,0,58.333333333333336,Optimal,7.3709927050913393e-12
2777.8000000000002,1485.55,969.25409972296848,516.29590027703159,1815.038476454286,5.3899999999894055,121.87257617725444,109.99000000001064,65.245471355590084,34.754528644409923,793522.54681430059,day_105,40,20,24,1,5.3899999999894055,109.99000000001064,0,805634.89456539997,635263.46675900009,13212.247751099521,103259.18005540632,53899.999999894055,24,38000000,0.09634228760924439,0.0027397260273972603,3661006.9291512868,760000,10030.155970277498,2082.1917808219177,1099.9000000001065,3182.0917808220242,795604.73859512247,0,75,Optimal,7.3727690619307396e-12
2924,2021.1900000000001,1049.4940997229685,971.69590027703157,1833.8493351800494,52.079999999989383,117.16343490301787,105.74000000001067,51.924564228151162,48.075435771848838,1358043.8473683174,day_106,40,20,24,1,52.079999999989383,105.74000000001067,0,1370156.1951194168,641847.26731301728,13169.747751099523,194339.18005540632,520799.99999989383,24,38000000,0.09634228760924439,0.0027397260273972603,3661006.9291512868,760000,10030.155970277498,2082.1917808219177,1057.4000000001067,3139.5917808220247,1360126.0391491393,0,75,Optimal,7.3736572403504397e-12
3070.1999999999998,494.91999999999996,494.91999999999996,0,2352.7342105263156,225.82999999998933,33.684210526315788,30.400000000010643,100,0,3082060.9736841037,day_107,40,20,24,1,225.82999999998933,30.400000000010643,0,3094173.3214352033,823456.97368421045,12416.347751099522,0,2258299.9999998934,24,38000000,0.09634228760924439,0.0027397260273972603,3661006.9291512868,760000,10030.155970277498,2082.1917808219177,304.00000000010641,2386.1917808220242,3084143.1654649256,0,25,Optimal,6.7679195581149543e-12
2777.8000000000002,834.24000000000001,569.58811572465993,264.65188427534008,2085.5943785877307,132.021874999989,96.455069870871611,87.050700558492096,68.276289284217967,31.72371071578204,2103977.6663662484,day_108,40,20,24,1,132.021874999989,87.050700558492096,0,2116090.014117348,729958.03250570572,12982.854756684337,52930.376855068018,1320218.7499998899,24,38000000,0.09634228760924439,0.0027397260273972603,3661006.9291512868,760000,10030.155970277498,2082.1917808219177,870.50700558492099,2952.6987864068387,2106059.8581470707,0,75,Optimal,7.3736572403504397e-12
2924,1128.8999999999999,761.10144999997738,367.7985500000226,2055.1121052631579,118.44827499998803,109.35210526315794,98.690275000034575,67.419740455308485,32.580259544691529,1978318.5995919905,day_109,40,20,24,1,118.44827499998803,98.690275000034575,0,1990430.9473430899,719289.23684210528,13099.250501099761,73559.710000004517,1184482.7499998803,24,38000000,0.09634228760924439,0.0027397260273972603,3661006.9291512868,760000,10030.155970277498,2082.1917808219177,986.9027500003458,3069.0945308222636,1980400.7913728124,0,75,Optimal,6.6542327203933382e-12
3070.1999999999998,1880.29,1336.5270427631422,543.7629572368578,1743.2971052631417,0,98.709210526310443,89.085062500026368,71.080899369945172,28.919100630054821,719797.42891447141,day_110,40,20,24,1,0,89.085062500026368,0,731909.7766655708,610153.98684209958,13003.198376099679,108752.59144737155,0,24,38000000,0.09634228760924439,0.0027397260273972603,3661006.9291512868,760000,10030.155970277498,2082.1917808219177,890.85062500026368,2973.0424058221815,721879.6206952933,0,54.166666666666664,Optimal,7.3701045266716392e-12
2777.8000000000002,736.63,736.63,0,2044.1139058171639,0,30.193905817163973,27.250000000000025,100,0,715712.36703600734,day_111,40,20,24,1,0,27.250000000000025,0,727824.71478710673,715439.86703600734,12384.847751099416,0,0,24,38000000,0.09634228760924439,0.0027397260273972603,3661006.9291512868,760000,10030.155970277498,2082.1917808219177,272.50000000000023,2354.6917808219177,717794.55881682923,0,25,Optimal,3.9825920339353615e-12
2924,414.12,414.12,0,2438.9638227146738,76.319999999989392,55.423822714673868,50.020000000010661,100,0,1617337.5379500301,day_112,40,20,24,1,76.319999999989392,50.020000000010661,0,1629449.8857011292,853637.33795013581,12612.547751099522,0,763199.99999989395,24,38000000,0.09634228760924439,0.0027397260273972603,3661006.9291512868,760000,10030.155970277498,2082.1917808219177,500.20000000010663,2582.3917808220244,1619419.7297308517,0,45.833333333333329,Optimal,7.3683281698322389e-12
3070.1999999999998,467.26999999999998,467.26999999999998,0,2446.9842105263156,159.72334999998768,38.744210526315818,34.966650000012258,100,0,2454027.6401840877,day_113,40,20,24,1,159.72334999998768,34.966650000012258,0,2466139.9879351868,856444.47368421045,12462.014251099537,0,1597233.4999998768,24,38000000,0.09634228760924439,0.0027397260273972603,3661006.9291512868,760000,10030.155970277498,2082.1917808219177,349.6665000001226,2431.8582808220403,2456109.8319649091,0,41.666666666666671,Optimal,5.2784443482778443e-12
2777.8000000000002,770.16999999999996,651.90554016618955,118.26445983381053,2060.9821052631523,75.04627499998648,103.93764542934736,93.803725000018815,84.644369446510453,15.355630553489561,1496397.4160587306,day_114,40,20,24,1,75.04627499998648,93.803725000018815,0,1508509.76380983,721343.7368421033,13050.385001099603,23652.891966762108,750462.74999986484,24,38000000,0.09634228760924439,0.0027397260273972603,3661006.9291512868,760000,10030.155970277498,2082.1917808219177,938.03725000018812,3020.2290308221059,1498479.6078395525,0,75,Optimal,7.3701045266716392e-12
2924,1279.26,850.58409972297363,428.6759002770263,2045.8063157894578,40.659999999989381,133.85041551244208,120.80000000002129,66.490322508557568,33.509677491442417,1209575.3905816094,day_115,40,20,24,1,40.659999999989381,120.80000000002129,0,1221687.7383327088,716032.21052631026,13320.347751099627,85735.180055405261,406599.99999989383,24,38000000,0.09634228760924439,0.0027397260273972603,3661006.9291512868,760000,10030.155970277498,2082.1917808219177,1208.0000000002128,3290.1917808221306,1211657.5823624313,0,83.333333333333343,Optimal,7.3736572403504397e-12
3070.1999999999998,677.54999999999995,637.112199999994,40.437800000006064,2201.4321052631581,237.13734999998823,56.2221052631579,50.740450000017766,94.031761493615818,5.9682385063841883,3150469.701341989,day_116,40,20,24,1,237.13734999998823,50.740450000017766,0,3162582.0490930881,770501.23684210528,12619.752251099593,8087.5600000012128,2371373.4999998822,24,38000000,0.09634228760924439,0.0027397260273972603,3661006.9291512868,760000,10030.155970277498,2082.1917808219177,507.40450000017768,2589.5962808220957,3152551.8931228109,0,41.666666666666671,Optimal,6.9881878062005853e-12
2777.8000000000002,1080.45,1080.4499999999998,0,1697.8589499999982,0,5.2200000000000024,4.7110500000016478,99.999999999999986,0,594297.74299999943,day_117,40,20,24,1,0,4.7110500000016478,0,606410.09075109882,594250.63249999937,12159.458251099431,0,0,24,38000000,0.09634228760924439,0.0027397260273972603,3661006.9291512868,760000,10030.155970277498,2082.1917808219177,47.110500000016479,2129.3022808219343,596379.93478082132,0,20.833333333333336,Optimal,1.2789769243681803e-12
2924,1132.8799999999999,749.71554016618938,383.1644598338105,2061.8721052631527,122.39514999998698,102.38764542934736,92.404850000018342,66.17784232806558,33.822157671934406,2023163.6773087357,day_118,40,20,24,1,122.39514999998698,92.404850000018342,0,2035276.0250598351,721655.23684210342,13036.396251099599,76632.891966762094,1223951.4999998698,24,38000000,0.09634228760924439,0.0027397260273972603,3661006.9291512868,760000,10030.155970277498,2082.1917808219177,924.04850000018337,3006.2402808221013,2025245.8690895576,0,70.833333333333343,Optimal,7.3683281698322389e-12
3070.1999999999998,1182.2,775.79432499997711,406.40567500002294,2077.9421052631578,226.78999999998933,105.91210526315793,95.585675000033476,65.622933936726199,34.377066063273809,3077416.7285920037,day_119,40,20,24,1,226.78999999998933,95.585675000033476,0,3089529.0763431028,727279.73684210528,13068.20450109975,81281.135000004593,2267899.9999998934,24,38000000,0.09634228760924439,0.0027397260273972603,3661006.9291512868,760000,10030.155970277498,2082.1917808219177,955.85675000033473,3038.0485308222524,3079498.9203728251,0,58.333333333333336,Optimal,7.3718808835110394e-12
2777.8000000000002,1657.0899999999999,1130.5940997229684,526.49590027703152,1656.360637119104,0,93.89473684207239,84.740000000000009,68.227682245561098,31.772317754438902,685872.80304709275,day_120,40,20,24,1,0,84.740000000000009,0,697985.15079819213,579726.22299168643,12959.747751099416,105299.18005540631,0,24,38000000,0.09634228760924439,0.0027397260273972603,3661006.9291512868,760000,10030.155970277498,2082.1917808219177,847.40000000000009,2929.5917808219178,687954.99482791463,0,58.333333333333336,Optimal,7.3736572403504397e-12
2924,1426.8099999999999,1307.4748753462472,119.33512465375267,1621.9699999999946,0,55.844875346252628,50.400000000010643,91.636228744279009,8.3637712557209909,592060.52493074874,day_121,40,20,24,1,0,50.400000000010643,0,604172.87268184812,567689.49999999814,12616.347751099522,23867.024930750533,0,24,38000000,0.09634228760924439,0.0027397260273972603,3661006.9291512868,760000,10030.155970277498,2082.1917808219177,504.00000000010641,2586.1917808220242,594142.71671157063,0,37.5,Optimal,7.3683281698322389e-12
3070.1999999999998,2274.4200000000001,1763.7801052631337,510.63989473686627,1317.4278499999882,0,112.90210526315791,101.89415000003568,77.548566459279002,22.451433540720984,564246.66794736939,day_122,40,20,24,1,0,101.89415000003568,0,576359.01569846889,461099.74749999586,13131.289251099772,102127.97894737325,0,24,38000000,0.09634228760924439,0.0027397260273972603,3661006.9291512868,760000,10030.155970277498,2082.1917808219177,1018.9415000003568,3101.1332808222746,566328.8597281914,0,66.666666666666657,Optimal,7.3683281698322389e-12
2777.8000000000002,1187.1900000000001,771.48343490303159,415.70656509696846,1953.1295567867016,61.51477499998883,85.412991689734312,77.085225000012201,64.98399033878583,35.016009661214163,1382655.2601446279,day_123,40,20,24,1,61.51477499998883,77.085225000012201,0,1394767.6078957273,683595.34487534559,12883.200001099536,83141.313019393696,615147.74999988836,24,38000000,0.09634228760924439,0.0027397260273972603,3661006.9291512868,760000,10030.155970277498,2082.1917808219177,770.85225000012201,2853.0440308220395,1384737.4519254498,0,75,Optimal,7.3736572403504397e-12
2924,1313.74,968.28421052629778,345.45578947370217,1934.2785872576121,31.829999999989369,106.59279778392788,96.200000000028581,73.704401976517261,26.295598023482743,1065350.6634347986,day_124,40,20,24,1,31.829999999989369,96.200000000028581,0,1077463.011185898,676997.50554016419,13074.3477510997,69091.157894740434,318299.99999989371,24,38000000,0.09634228760924439,0.0027397260273972603,3661006.9291512868,760000,10030.155970277498,2082.1917808219177,962.00000000028581,3044.1917808222033,1067432.8552156205,0,66.666666666666657,Optimal,6.6542327203933382e-12
3070.1999999999998,1278.49,1278.49,0,1792.0543152454768,0,3.5314384151589873,3.1871231696820979,100,0,627250.88156761369,day_125,40,20,24,1,0,3.1871231696820979,0,639363.22931871307,627219.01033591689,12144.218982796236,0,0,24,38000000,0.09634228760924439,0.0027397260273972603,3661006.9291512868,760000,10030.155970277498,2082.1917808219177,31.871231696820978,2114.0630125187386,629333.07334843557,0,16.666666666666664,Optimal,7.9580786405131221e-13
2777.8000000000002,1352.55,869.80409972296843,482.74590027703158,1900.9229085872548,17.629999999989387,108.2770083102232,97.720000000010643,64.308461773906203,35.691538226093797,939149.39806083939,day_126,40,20,24,1,17.629999999989387,97.720000000010643,0,951261.74581193889,665323.0180055392,13089.547751099522,96549.180055406323,176299.99999989386,24,38000000,0.09634228760924439,0.0027397260273972603,3661006.9291512868,760000,10030.155970277498,2082.1917808219177,977.20000000010646,3059.391780822024,941231.58984166139,0,70.833333333333343,Optimal,7.3718808835110394e-12
2924,1115.6099999999999,785.90482499997847,329.70517500002154,2049.1421052631581,100.13164999998529,114.65210526315791,103.47352500003625,70.446197595932134,29.553802404067874,1785492.0070919627,day_127,40,20,24,1,100.13164999998529,103.47352500003625,0,1797604.3548430623,717199.73684210528,13147.083001099778,65941.035000004311,1001316.4999998529,24,38000000,0.09634228760924439,0.0027397260273972603,3661006.9291512868,760000,10030.155970277498,2082.1917808219177,1034.7352500003624,3116.9270308222804,1787574.1988727849,0,79.166666666666657,Optimal,6.6506800067145377e-12
3070.1999999999998,1024.6699999999998,615.95409972296852,408.71590027703155,2172.4821052631578,291.52999999998929,100.16620498612632,90.400000000010635,60.112436171935222,39.887563828064799,3758315.9168974045,day_128,40,20,24,1,291.52999999998929,90.400000000010635,0,3770428.2646485041,760368.73684210528,13016.347751099522,81743.180055406308,2915299.9999998929,24,38000000,0.09634228760924439,0.0027397260273972603,3661006.9291512868,760000,10030.155970277498,2082.1917808219177,904.00000000010641,2986.1917808220242,3760398.1086782264,0,45.833333333333329,Optimal,7.3736572403504397e-12
2777.8000000000002,242.92999999999998,242.93000000000001,0,2395.5942105263157,142.68479999998897,34.964210526315789,31.555200000011038,100.00000000000001,0,2265621.5256841001,day_129,40,20,24,1,142.68479999998897,31.555200000011038,0,2277733.8734351997,838457.97368421045,12427.899751099525,0,1426847.9999998896,24,38000000,0.09634228760924439,0.0027397260273972603,3661006.9291512868,760000,10030.155970277498,2082.1917808219177,315.55200000011035,2397.7437808220279,2267703.717464922,0,41.666666666666671,Optimal,4.7997161800594768e-12
2924,615.03999999999996,615.03999999999996,0,2122.5148302631519,191.5299999999894,52.15210526315785,47.067275000016423,100,0,2658650.8633419978,day_130,40,20,24,1,191.5299999999894,47.067275000016423,0,2670763.211093097,742880.19059210317,12583.02050109958,0,1915299.9999998941,24,38000000,0.09634228760924439,0.0027397260273972603,3661006.9291512868,760000,10030.155970277498,2082.1917808219177,470.67275000016423,2552.8645308220821,2660733.0551228197,0,50,Optimal,5.872635711057228e-12
3070.1999999999998,1184.0699999999999,831.86448552629543,352.20551447370451,2115.4421052631578,133.09739999998723,104.65631578947369,94.452325000033085,70.254671220983184,29.745328779016827,2142764.3629867192,day_131,40,20,24,1,133.09739999998723,94.452325000033085,0,2154876.7107378184,740404.73684210528,13056.871001099746,70441.102894740907,1330973.9999998724,24,38000000,0.09634228760924439,0.0027397260273972603,3661006.9291512868,760000,10030.155970277498,2082.1917808219177,944.52325000033079,3026.7150308222485,2144846.5547675407,0,70.833333333333343,Optimal,7.3701045266716392e-12
2777.8000000000002,1002.77,727.27421052629791,275.49578947370213,2011.1831024930702,49.459999999989378,103.76731301938595,93.650000000028612,72.526522585069159,27.473477414930855,1254549.7437672091,day_132,40,20,24,1,49.459999999989378,93.650000000028612,0,1266662.0915183085,703914.08587257459,13048.847751099702,55099.157894740427,494599.99999989377,24,38000000,0.09634228760924439,0.0027397260273972603,3661006.9291512868,760000,10030.155970277498,2082.1917808219177,936.50000000028615,3018.6917808222038,1256631.935548031,0,70.833333333333343,Optimal,6.6542327203933382e-12
2924,1252.73,965.81421052629776,286.91578947370226,1946.1485595567808,22.469999999989369,107.00277008309672,96.570000000028585,77.09675752367211,22.903242476327879,964200.85373950773,day_133,40,20,24,1,22.469999999989369,96.570000000028585,0,976313.20149060711,681151.99584487325,13078.047751099701,57383.157894740449,224699.99999989368,24,38000000,0.09634228760924439,0.0027397260273972603,3661006.9291512868,760000,10030.155970277498,2082.1917808219177,965.70000000028585,3047.8917808222036,966283.04552032962,0,66.666666666666657,Optimal,7.3701045266716392e-12
3070.1999999999998,1315.55,901.10227499997904,414.44772500002085,2076.3721052631577,102.64839999998856,101.77210526315794,91.849325000032195,68.496239215535638,31.503760784464362,1837022.275091995,day_134,40,20,24,1,102.64839999998856,91.849325000032195,0,1849134.6228430946,726730.23684210517,13030.841001099738,82889.545000004175,1026483.9999998856,24,38000000,0.09634228760924439,0.0027397260273972603,3661006.9291512868,760000,10030.155970277498,2082.1917808219177,918.49325000032195,3000.6850308222397,1839104.4668728171,0,70.833333333333343,Optimal,6.6542327203933382e-12
2777.8000000000002,914.82999999999993,897.92842105263162,16.901578947368463,1820.1521052631419,67.929999999989349,84.210526315789465,76.000000000026603,98.152489648637641,1.8475103513623805,1320493.5526314671,day_135,40,20,24,1,67.929999999989349,76.000000000026603,0,1332605.9003825667,637053.23684209969,12872.347751099682,3380.3157894736928,679299.99999989348,24,38000000,0.09634228760924439,0.0027397260273972603,3661006.9291512868,760000,10030.155970277498,2082.1917808219177,760.00000000026603,2842.1917808221838,1322575.7444122892,0,62.5,Optimal,5.837108574269223e-12
2924,423.49000000000001,423.49000000000001,0,2299.6942105263156,204.09999999998934,33.68421052631578,30.400000000010643,100,0,2846196.9736841037,day_136,40,20,24,1,204.09999999998934,30.400000000010643,0,2858309.3214352033,804892.97368421045,12416.347751099522,0,2040999.9999998934,24,38000000,0.09634228760924439,0.0027397260273972603,3661006.9291512868,760000,10030.155970277498,2082.1917808219177,304.00000000010641,2386.1917808220242,2848279.1654649256,0,29.166666666666668,Optimal,5.6346038945775945e-12
3070.1999999999998,917.27999999999997,685.00554016618423,232.2744598338158,2130.4421052631578,263.99999999998931,94.847645429347352,85.600000000015953,74.677910797813567,25.32208920218644,3432965.6288087619,day_137,40,20,24,1,263.99999999998931,85.600000000015953,0,3445077.9765598616,745654.73684210528,12968.347751099574,46454.891966763156,2639999.9999998934,24,38000000,0.09634228760924439,0.0027397260273972603,3661006.9291512868,760000,10030.155970277498,2082.1917808219177,856.0000000001595,2938.1917808220774,3435047.8205895843,0,54.166666666666664,Optimal,7.3683281698322389e-12
2777.8000000000002,966.13999999999999,644.19735266618784,321.94264733381215,2068.4466677631467,76.689999999989368,118.29764542934737,106.76362500002338,66.67743315318566,33.322566846814347,1556312.4994337577,day_138,40,20,24,1,76.689999999989368,106.76362500002338,0,1568424.8471848571,723956.33371710137,13179.984001099649,64388.529466762426,766899.99999989371,24,38000000,0.09634228760924439,0.0027397260273972603,3661006.9291512868,760000,10030.155970277498,2082.1917808219177,1067.6362500002338,3149.8280308221515,1558394.6912145796,0,83.333333333333343,Optimal,7.3683281698322389e-12
2924,716.10000000000002,626.99835883880689,89.101641161193186,2154.2851302631507,151.11164999998908,86.103990789472974,77.708851687526561,87.557374506187244,12.442625493812761,2283713.7123411074,day_139,40,20,24,1,151.11164999998908,77.708851687526561,0,2295826.060092207,753999.79559210269,12889.436267974681,17820.328232238637,1511116.4999998908,24,38000000,0.09634228760924439,0.0027397260273972603,3661006.9291512868,760000,10030.155970277498,2082.1917808219177,777.08851687526567,2859.2802976971834,2285795.9041219298,0,70.833333333333343,Optimal,7.3701045266716392e-12
3070.1999999999998,1498.7,1498.7,0,1572.2011357340693,0,7.1911357340694995,6.4899999999999931,100,0,550335.29750692425,day_140,40,20,24,1,0,6.4899999999999931,0,562447.64525802364,550270.39750692423,12177.247751099416,0,0,24,38000000,0.09634228760924439,0.0027397260273972603,3661006.9291512868,760000,10030.155970277498,2082.1917808219177,64.899999999999935,2147.0917808219178,552417.48928774614,0,16.666666666666664,Optimal,2.3909763058327371e-12
2777.8000000000002,756.85000000000002,595.07261498027378,161.77738501972624,2080.32995020402,111.91999999998939,97.667335223732664,88.144770039449583,78.624907839106001,21.375092160893999,1880552.4072756406,day_141,40,20,24,1,111.91999999998939,88.144770039449583,0,1892664.75502674,728115.48257140699,12993.795451493912,32355.477003945249,1119199.9999998938,24,38000000,0.09634228760924439,0.0027397260273972603,3661006.9291512868,760000,10030.155970277498,2082.1917808219177,881.44770039449577,2963.6394812164135,1882634.5990564625,0,79.166666666666657,Optimal,6.6542327203933382e-12
2924,647.71000000000004,452.48421052629783,195.22578947370215,2251.0421052631577,229.29999999998935,90.526315789473685,81.700000000028609,69.859074358323596,30.140925641676386,3120726.8947367393,day_142,40,20,24,1,229.29999999998935,81.700000000028609,0,3132839.2424878385,787864.73684210517,12929.347751099702,39045.157894740427,2292999.9999998934,24,38000000,0.09634228760924439,0.0027397260273972603,3661006.9291512868,760000,10030.155970277498,2082.1917808219177,817.00000000028604,2899.1917808222038,3122809.0865175612,0,45.833333333333329,Optimal,6.7084116039950459e-12
3070.1999999999998,771.78999999999996,658.35367499999052,113.43632500000945,2134.6221052631527,285.0799999999893,80.572105263157852,72.716325000025421,85.302177405769768,14.697822594230226,3621332.1650919984,day_143,40,20,24,1,285.0799999999893,72.716325000025421,0,3633444.512843098,747117.73684210342,12839.511001099669,22687.265000001891,2850799.9999998929,24,38000000,0.09634228760924439,0.0027397260273972603,3661006.9291512868,760000,10030.155970277498,2082.1917808219177,727.16325000025427,2809.355030822172,3623414.3568728203,0,41.666666666666671,Optimal,7.3683281698322389e-12
2777.8000000000002,711,489.04632214190303,221.953677858097,2202.6796216889106,95.526724999987579,96.950449546993084,87.497780716191883,68.78288637720155,31.217113622798454,1771470.8309697756,day_144,40,20,24,1,95.526724999987579,87.497780716191883,0,1783583.1787208752,770937.86759111867,12987.325558261335,44390.7355716194,955267.24999987578,24,38000000,0.09634228760924439,0.0027397260273972603,3661006.9291512868,760000,10030.155970277498,2082.1917808219177,874.9778071619188,2957.1695879838367,1773553.0227505977,0,75,Optimal,6.6506800067145377e-12
2924,429.25999999999999,429.25999999999999,0,2401.6742105263156,97.92657499998424,49.854210526315804,44.993425000015755,100,0,1820301.6579340531,day_145,40,20,24,1,97.92657499998424,44.993425000015755,0,1832414.0056851525,840585.97368421045,12562.282001099573,0,979265.74999984237,24,38000000,0.09634228760924439,0.0027397260273972603,3661006.9291512868,760000,10030.155970277498,2082.1917808219177,449.93425000015753,2532.1260308220753,1822383.849714875,0,54.166666666666664,Optimal,5.4569682106375694e-12
3070.1999999999998,1178.74,824.93554016618418,353.80445983381588,2088.992105263158,165.5199999999893,94.847645429347367,85.600000000015967,69.98452077355347,30.015479226446534,2457964.1288087615,day_146,40,20,24,1,165.5199999999893,85.600000000015967,0,2470076.4765598611,731147.23684210528,12968.347751099574,70760.891966763171,1655199.9999998929,24,38000000,0.09634228760924439,0.0027397260273972603,3661006.9291512868,760000,10030.155970277498,2082.1917808219177,856.00000000015962,2938.1917808220774,2460046.3205895834,0,50,Optimal,7.3736572403504397e-12
2777.8000000000002,1096.53,673.52442499997892,423.00557500002094,2051.3821052631579,64.19587499998444,115.92210526315783,104.61970000003657,61.423255633678878,38.576744366321115,1445589.7988419542,day_147,40,20,24,1,64.19587499998444,104.61970000003657,0,1457702.1465930536,717983.73684210528,13158.54475109978,84601.115000004182,641958.74999984435,24,38000000,0.09634228760924439,0.0027397260273972603,3661006.9291512868,760000,10030.155970277498,2082.1917808219177,1046.1970000003657,3128.3887808222835,1447671.9906227761,0,79.166666666666657,Optimal,7.1072037144404021e-12
2924,1005.99,736.93111516618842,269.05888483381153,2078.9153802631449,120.01999999998935,121.70764542934737,109.84115000002444,73.254318150894974,26.745681849105015,1982730.5715587568,day_148,40,20,24,1,120.01999999998935,109.84115000002444,0,1994842.9193098564,727620.38309210073,13210.75925109966,53811.776966762307,1200199.9999998936,24,38000000,0.09634228760924439,0.0027397260273972603,3661006.9291512868,760000,10030.155970277498,2082.1917808219177,1098.4115000002444,3180.6032808221621,1984812.7633395789,0,79.166666666666657,Optimal,7.3674399914125388e-12
3070.1999999999998,948.26999999999998,925.89421052631576,22.375789473684222,2048.0971468143875,104.38999999998939,83.91135734070852,75.730000000015949,97.640356704980206,2.3596432950197963,1765966.4592796664,day_149,40,20,24,1,104.38999999998939,75.730000000015949,0,1778078.8070307658,716834.00138503569,12869.647751099576,4475.1578947368444,1043899.9999998938,24,38000000,0.09634228760924439,0.0027397260273972603,3661006.9291512868,760000,10030.155970277498,2082.1917808219177,757.30000000015946,2839.4917808220771,1768048.6510604883,0,54.166666666666664,Optimal,7.3683281698322389e-12
2777.8000000000002,723.7700000000001,649.08429508309246,74.685704916907483,2052.1711583752231,83.059999999989358,66.825163675138839,60.309710216833913,89.681016770948276,10.318983229051698,1564400.1435167715,day_150,40,20,24,1,83.059999999989358,60.309710216833913,0,1576512.4912678711,718259.90543132811,12715.444853267754,14937.140983381496,830599.9999998936,24,38000000,0.09634228760924439,0.0027397260273972603,3661006.9291512868,760000,10030.155970277498,2082.1917808219177,603.09710216833912,2685.2888829902568,1566482.3352975936,0,58.333333333333336,Optimal,7.3709927050913393e-12
2924,932.44999999999993,647.04458552629592,285.40541447370401,2090.6721052631578,195.67999999998932,96.376315789473693,86.979625000030467,69.391880050007614,30.608119949992389,2746486.1159867393,day_151,40,20,24,1,195.67999999998932,86.979625000030467,0,2758598.4637378389,731735.23684210528,12982.144001099719,57081.082894740801,1956799.9999998931,24,38000000,0.09634228760924439,0.0027397260273972603,3661006.9291512868,760000,10030.155970277498,2082.1917808219177,869.79625000030467,2951.9880308222223,2748568.3077675616,0,62.5,Optimal,6.6542327203933382e-12
3070.1999999999998,1151.9099999999999,1151.9099999999999,0,1922.6428645429207,0,44.644764542922829,40.291900000001959,100,0,673327.92159002228,day_152,40,20,24,1,0,40.291900000001959,0,685440.26934112166,672925.00259002228,12515.266751099434,0,0,24,38000000,0.09634228760924439,0.0027397260273972603,3661006.9291512868,760000,10030.155970277498,2082.1917808219177,402.91900000001959,2485.1107808219372,675410.11337084416,0,62.5,Optimal,4.0714098759053741e-12
2777.8000000000002,609.11000000000001,565.16969999999901,43.940300000001038,2151.1784210526239,67.32999999998934,60.288421052629388,54.410300000017074,92.78614700136248,7.2138529986375257,1435544.6103683119,day_153,40,20,24,1,67.32999999998934,54.410300000017074,0,1447656.9581194115,752912.44736841833,12656.450751099586,8788.0600000002069,673299.99999989336,24,38000000,0.09634228760924439,0.0027397260273972603,3661006.9291512868,760000,10030.155970277498,2082.1917808219177,544.10300000017071,2626.2947808220883,1437626.802149134,0,58.333333333333336,Optimal,6.5352168121535215e-12
2924,905.13000000000011,720.59612500000605,184.53387499999394,2153.1463157894364,62.549999999989367,126.07631578945231,113.78387500002056,79.61244517362212,20.387554826377858,1417145.8242761954,day_154,40,20,24,1,62.549999999989367,113.78387500002056,0,1429258.1720272948,753601.21052630269,13250.186501099621,36906.774999998786,625499.99999989371,24,38000000,0.09634228760924439,0.0027397260273972603,3661006.9291512868,760000,10030.155970277498,2082.1917808219177,1137.8387500002057,3220.0305308221232,1419228.0160570173,0,83.333333333333343,Optimal,7.3434591740806354e-12
3070.1999999999998,455.51999999999998,455.51999999999998,0,2386.4942105263158,231.46999999998934,33.68421052631578,30.400000000010639,100,0,3150276.9736841042,day_155,40,20,24,1,231.46999999998934,30.400000000010639,0,3162389.3214352033,835272.97368421056,12416.347751099522,0,2314699.9999998934,24,38000000,0.09634228760924439,0.0027397260273972603,3661006.9291512868,760000,10030.155970277498,2082.1917808219177,304.00000000010641,2386.1917808220242,3152359.1654649256,0,29.166666666666668,Optimal,5.1301185521879233e-12
2777.8000000000002,893.99000000000001,660.20474016619164,233.78525983380837,2021.054505263146,107.12999999998937,108.60764542934737,98.018400000020321,73.849230994327854,26.150769005672142,1826406.3128087565,day_156,40,20,24,1,107.12999999998937,98.018400000020321,0,1838518.6605598559,707369.07684210106,13092.531751099617,46757.051966761675,1071299.9999998936,24,38000000,0.09634228760924439,0.0027397260273972603,3661006.9291512868,760000,10030.155970277498,2082.1917808219177,980.18400000020324,3062.3757808221208,1828488.5045895784,0,79.166666666666657,Optimal,7.3718808835110394e-12
2924,673.98000000000002,580.04706052630911,93.93293947369088,2135.3321052631527,215.61999999998935,71.786315789473619,64.787150000022621,86.0629485335335,13.937051466466494,2923000.6962367352,day_157,40,20,24,1,215.61999999998935,64.787150000022621,0,2935113.0439878348,747366.23684210342,12760.219251099641,18786.587894738175,2156199.9999998934,24,38000000,0.09634228760924439,0.0027397260273972603,3661006.9291512868,760000,10030.155970277498,2082.1917808219177,647.87150000022621,2730.063280822144,2925082.8880175576,0,45.833333333333329,Optimal,7.0699002208129968e-12
3070.1999999999998,1277.1799999999998,914.38842302630223,362.79157697369772,2065.6513157894574,102.35999999998937,125.12552631578414,112.92578750003472,71.594326800161468,28.405673199838535,1820265.5337959437,day_158,40,20,24,1,102.35999999998937,112.92578750003472,0,1832377.8815470431,722977.96052631014,13241.605626099763,72558.315394739548,1023599.9999998937,24,38000000,0.09634228760924439,0.0027397260273972603,3661006.9291512868,760000,10030.155970277498,2082.1917808219177,1129.2578750003472,3211.449655822265,1822347.7255767656,0,87.5,Optimal,7.3683281698322389e-12
2777.8000000000002,1361.6599999999999,898.55409972296843,463.10590027703159,1866.576149584479,24.789999999989352,124.31024930744753,112.19000000001067,65.989608251910795,34.010391748089219,994944.73240986757,day_159,40,20,24,1,24.789999999989352,112.19000000001067,0,1007057.080160967,653301.65235456766,13234.247751099523,92621.180055406323,247899.99999989351,24,38000000,0.09634228760924439,0.0027397260273972603,3661006.9291512868,760000,10030.155970277498,2082.1917808219177,1121.9000000001067,3204.0917808220247,997026.92419068946,0,70.833333333333343,Optimal,7.3683281698322389e-12
2924,1197.01,698.46409972296851,498.54590027703159,2048.6821052631576,186.61999999998937,100.16620498612629,90.400000000010635,58.350732218023957,41.649267781976057,2683851.9168974054,day_160,40,20,24,1,186.61999999998937,90.400000000010635,0,2695964.2646485046,717038.73684210517,13016.347751099522,99709.180055406323,1866199.9999998938,24,38000000,0.09634228760924439,0.0027397260273972603,3661006.9291512868,760000,10030.155970277498,2082.1917808219177,904.00000000010641,2986.1917808220242,2685934.1086782273,0,70.833333333333343,Optimal,7.3736572403504397e-12
3070.1999999999998,685.31999999999994,564.28597499998318,121.03402500001687,2253.222105263158,261.15999999998934,86.85210526315791,78.384025000027464,82.339049641041143,17.660950358958861,3425218.3820920023,day_161,40,20,24,1,261.15999999998934,78.384025000027464,0,3437330.7298431019,788627.73684210528,12896.18800109969,24206.805000003373,2611599.9999998934,24,38000000,0.09634228760924439,0.0027397260273972603,3661006.9291512868,760000,10030.155970277498,2082.1917808219177,783.84025000027464,2866.0320308221926,3427300.5738728242,0,45.833333333333329,Optimal,7.3683281698322389e-12
2777.8000000000002,694.13,568.5111906261053,125.61880937389466,2093.7851538833943,124.90187499998899,96.391994969426179,86.993775459937567,81.902696991356848,18.097303008643145,2007837.2534884561,day_162,40,20,24,1,124.90187499998899,86.993775459937567,0,2019949.6012395555,732824.80385918799,12982.28550569879,25123.761874778931,1249018.7499998899,24,38000000,0.09634228760924439,0.0027397260273972603,3661006.9291512868,760000,10030.155970277498,2082.1917808219177,869.93775459937569,2952.1295354212934,2009919.445269278,0,75,Optimal,7.3647754561534384e-12
2924,737.95000000000005,605.2362999999915,132.71370000000854,2119.6321052631524,206.68999999998934,77.522105263157897,69.963700000024502,82.015895385865093,17.984104614134903,2836013.6138419984,day_163,40,20,24,1,206.68999999998934,69.963700000024502,0,2848125.961593098,741871.2368421033,12811.984751099661,26542.740000001708,2066899.9999998934,24,38000000,0.09634228760924439,0.0027397260273972603,3661006.9291512868,760000,10030.155970277498,2082.1917808219177,699.63700000024505,2781.828780822163,2838095.8056228207,0,50,Optimal,5.60262947146839e-12
3070.1999999999998,1000.29,679.2720749999794,321.01792500002057,2117.9621052631578,282.59999999998934,98.812105263157903,89.177925000031223,67.907514320844896,32.092485679155104,3632382.1010920028,day_164,40,20,24,1,282.59999999998934,89.177925000031223,0,3644494.4488431024,741286.73684210528,13004.127001099729,64203.58500000411,2825999.9999998934,24,38000000,0.09634228760924439,0.0027397260273972603,3661006.9291512868,760000,10030.155970277498,2082.1917808219177,891.77925000031223,2973.9710308222302,3634464.2928728247,0,50,Optimal,6.6542327203933382e-12
2777.8000000000002,729.25999999999999,593.49832499998649,135.7616750000135,2090.5421052631577,101.19999999998936,76.312105263157889,68.871675000024112,81.383638894219686,18.61636110578031,1771530.7885920017,day_165,40,20,24,1,101.19999999998936,68.871675000024112,0,1783643.136343101,731689.73684210517,12801.064501099656,27152.335000002699,1011999.9999998936,24,38000000,0.09634228760924439,0.0027397260273972603,3661006.9291512868,760000,10030.155970277498,2082.1917808219177,688.71675000024106,2770.9085308221588,1773612.9803728235,0,41.666666666666671,Optimal,6.4765970364533132e-12
2924,837.8900000000001,828.27421052631576,9.6157894736842238,2050.5321052631525,50.119999999989375,50.526315789473678,45.600000000015953,98.852380446874363,1.1476195531256159,1221265.3947367342,day_166,40,20,24,1,50.119999999989375,45.600000000015953,0,1233377.7424878336,717686.23684210342,12568.347751099574,1923.1578947368448,501199.99999989377,24,38000000,0.09634228760924439,0.0027397260273972603,3661006.9291512868,760000,10030.155970277498,2082.1917808219177,456.0000000001595,2538.1917808220774,1223347.5865175561,0,33.333333333333329,Optimal,7.3709927050913393e-12
3070.1999999999998,473.85000000000002,473.85000000000002,0,2373.3542105263159,226.27999999998934,33.684210526315788,30.400000000010643,100,0,3093777.9736841042,day_167,40,20,24,1,226.27999999998934,30.400000000010643,0,3105890.3214352033,830673.97368421056,12416.347751099522,0,2262799.9999998934,24,38000000,0.09634228760924439,0.0027397260273972603,3661006.9291512868,760000,10030.155970277498,2082.1917808219177,304.00000000010641,2386.1917808220242,3095860.1654649256,0,25,Optimal,5.8832938520936295e-12
2777.8000000000002,943.01999999999998,745.59554016618949,197.42445983381049,1974.0981717451434,68.349999999989393,105.06371191133825,94.820000000015952,79.064658243323521,20.935341756676472,1414867.4520774565,day_168,40,20,24,1,68.349999999989393,94.820000000015952,0,1426979.7998285559,690934.36011080025,13060.547751099575,39484.891966762094,683499.99999989395,24,38000000,0.09634228760924439,0.0027397260273972603,3661006.9291512868,760000,10030.155970277498,2082.1917808219177,948.20000000015955,3030.3917808220772,1416949.6438582784,0,66.666666666666657,Optimal,7.3709927050913393e-12
2924,498.20999999999998,498.20999999999998,0,2221.0942105263157,207.97999999998936,33.684210526315795,30.400000000010643,100,0,2857486.9736841042,day_169,40,20,24,1,207.97999999998936,30.400000000010643,0,2869599.3214352038,777382.97368421045,12416.347751099522,0,2079799.9999998936,24,38000000,0.09634228760924439,0.0027397260273972603,3661006.9291512868,760000,10030.155970277498,2082.1917808219177,304.00000000010641,2386.1917808220242,2859569.1654649265,0,29.166666666666668,Optimal,4.623856852958852e-12
3070.1999999999998,910.8599999999999,663.50554016618412,247.35445983381584,2121.9321052631576,294.0099999999893,94.847645429347381,85.600000000015967,72.843855275913327,27.156144724086673,3733103.128808761,day_170,40,20,24,1,294.0099999999893,85.600000000015967,0,3745215.4765598606,742676.23684210517,12968.347751099574,49470.891966763171,2940099.9999998929,24,38000000,0.09634228760924439,0.0027397260273972603,3661006.9291512868,760000,10030.155970277498,2082.1917808219177,856.00000000015962,2938.1917808220774,3735185.3205895834,0,50,Optimal,7.3683281698322389e-12
2777.8000000000002,690.10000000000002,499.21492499998533,190.88507500001469,2159.4421052631578,127.09137499998889,81.522105263157911,73.573700000025781,72.339505144179867,27.660494855820126,2065631.2388419975,day_171,40,20,24,1,127.09137499998889,73.573700000025781,0,2077743.5865930968,755804.73684210528,12848.084751099674,38177.015000002939,1270913.7499998889,24,38000000,0.09634228760924439,0.0027397260273972603,3661006.9291512868,760000,10030.155970277498,2082.1917808219177,735.73700000025781,2817.9287808221757,2067713.4306228193,0,70.833333333333343,Optimal,6.6542327203933382e-12
2924,475.88,474.78812642644755,1.0918735735524345,2261.7903575627574,192.55999999998934,52.702399889341933,47.563915900147741,99.770556952687144,0.22944304731285922,2717920.6390205706,day_172,40,20,24,1,192.55999999998934,47.563915900147741,0,2730032.9867716702,791626.62514696515,12587.986910100892,218.3747147104869,1925599.9999998934,24,38000000,0.09634228760924439,0.0027397260273972603,3661006.9291512868,760000,10030.155970277498,2082.1917808219177,475.63915900147742,2557.8309398233951,2720002.8308013929,0,45.833333333333329,Optimal,5.60262947146839e-12
3070.1999999999998,515.66000000000008,515.66000000000008,0,2269.3842105263157,288.43999999998931,33.684210526315773,30.400000000010643,100,0,3678988.4736841032,day_173,40,20,24,1,288.43999999998931,30.400000000010643,0,3691100.8214352028,794284.47368421045,12416.347751099522,0,2884399.9999998929,24,38000000,0.09634228760924439,0.0027397260273972603,3661006.9291512868,760000,10030.155970277498,2082.1917808219177,304.00000000010641,2386.1917808220242,3681070.6654649256,0,29.166666666666668,Optimal,6.1000093865004601e-12
2777.8000000000002,472.21999999999997,472.21999999999997,0,2228.3333594875307,81.559999999989387,44.239584487531332,39.926225000011009,100,0,1595915.9380705296,day_174,40,20,24,1,81.559999999989387,39.926225000011009,0,1608028.2858216292,779916.67582063575,12511.610001099525,0,815599.99999989383,24,38000000,0.09634228760924439,0.0027397260273972603,3661006.9291512868,760000,10030.155970277498,2082.1917808219177,399.2622500001101,2481.454030822028,1597998.1298513517,0,50,Optimal,7.1089800712798024e-12
2924,642.28999999999996,642.28999999999996,0,2184.8242105263157,100.69064999998764,39.024210526315798,35.219350000012334,100,0,1771947.167184087,day_175,40,20,24,1,100.69064999998764,35.219350000012334,0,1784059.5149351864,764688.47368421045,12464.541251099537,0,1006906.4999998764,24,38000000,0.09634228760924439,0.0027397260273972603,3661006.9291512868,760000,10030.155970277498,2082.1917808219177,352.19350000012332,2434.3852808220408,1774029.3589649089,0,58.333333333333336,Optimal,4.1184833321494807e-12
3070.1999999999998,1165.1799999999998,811.04730526313574,354.13269473686427,2038.5899999999999,230.65999999998928,103.5621052631579,93.464800000032739,69.607039707438844,30.392960292561177,3091867.6869472661,day_176,40,20,24,1,230.65999999998928,93.464800000032739,0,3103980.0346983653,713506.5,13046.995751099743,70826.538947372857,2306599.9999998929,24,38000000,0.09634228760924439,0.0027397260273972603,3661006.9291512868,760000,10030.155970277498,2082.1917808219177,934.64800000032733,3016.8397808222453,3093949.878728088,0,54.166666666666664,Optimal,6.6542327203933382e-12
2777.8000000000002,1693,1029.1540997229683,663.84590027703166,1757.9907756232583,0,95.844875346226814,86.499999999999986,60.788783208680947,39.211216791319053,748930.95152354671,day_177,40,20,24,1,0,86.499999999999986,0,761043.2992746461,615296.77146814042,12977.347751099416,132769.18005540632,0,24,38000000,0.09634228760924439,0.0027397260273972603,3661006.9291512868,760000,10030.155970277498,2082.1917808219177,864.99999999999989,2947.1917808219177,751013.1433043686,0,58.333333333333336,Optimal,7.3736572403504397e-12
2924,1889.0499999999997,1113.5040997229685,775.54590027703159,1807.8192243767246,14.259999999989372,118.80332409969324,107.2200000000107,58.945189366240633,41.054810633759388,931518.10858715372,day_178,40,20,24,1,14.259999999989372,107.2200000000107,0,943630.45633825322,632736.72853185365,13184.547751099522,155109.18005540632,142599.99999989371,24,38000000,0.09634228760924439,0.0027397260273972603,3661006.9291512868,760000,10030.155970277498,2082.1917808219177,1072.2000000001069,3154.3917808220249,933600.30036797572,0,70.833333333333343,Optimal,7.3736572403504397e-12
3070.1999999999998,1102.74,716.40409972296834,386.33590027703156,2123.9821052631578,239.5799999999893,100.16620498612632,90.400000000010635,64.96582147405266,35.034178525947326,3217364.9168974045,day_179,40,20,24,1,239.5799999999893,90.400000000010635,0,3229477.2646485041,743393.73684210528,13016.347751099522,77267.180055406308,2395799.9999998929,24,38000000,0.09634228760924439,0.0027397260273972603,3661006.9291512868,760000,10030.155970277498,2082.1917808219177,904.00000000010641,2986.1917808220242,3219447.1086782264,0,50,Optimal,7.3718808835110394e-12
2777.8000000000002,636.10000000000002,580.56027499999561,55.539725000004353,2086.1821052631526,117.57862499998858,66.882105263157868,60.361100000021104,91.268711680552684,8.7312883194473123,1917661.5428419902,day_180,40,20,24,1,117.57862499998858,60.361100000021104,0,1929773.8905930896,730163.73684210342,12715.958751099626,11107.945000000871,1175786.2499998857,24,38000000,0.09634228760924439,0.0027397260273972603,3661006.9291512868,760000,10030.155970277498,2082.1917808219177,603.61100000021099,2685.8027808221286,1919743.7346228121,0,66.666666666666657,Optimal,5.730527163905208e-12
2924,661.02999999999997,557.8623999999902,103.1676000000097,2165.7221052631526,208.35999999998936,81.482105263157862,73.537600000025705,84.392901986292642,15.607098013707351,2862971.6328419992,day_181,40,20,24,1,208.35999999998936,73.537600000025705,0,2875083.9805930983,758002.73684210342,12847.723751099673,20633.520000001939,2083599.9999998936,24,38000000,0.09634228760924439,0.0027397260273972603,3661006.9291512868,760000,10030.155970277498,2082.1917808219177,735.37600000025702,2817.5677808221749,2865053.8246228211,0,45.833333333333329,Optimal,7.3665518129928387e-12
3070.1999999999998,1044.3400000000001,812.78135533881073,231.55864466118922,2141.7873302631401,125.74999999998933,103.78139078946963,93.662705187529127,77.827274196029123,22.172725803970849,2054373.9215761055,day_182,40,20,24,1,125.74999999998933,93.662705187529127,0,2066486.2693272051,749625.5655920991,13048.974802974706,46311.728932237842,1257499.9999998934,24,38000000,0.09634228760924439,0.0027397260273972603,3661006.9291512868,760000,10030.155970277498,2082.1917808219177,936.62705187529127,3018.818832697209,2056456.1133569276,0,79.166666666666657,Optimal,7.3701045266716392e-12
2777.8000000000002,1273.8399999999999,915.72554016618415,358.11445983381583,1869.9090304709075,0,80.354570637096884,72.520000000005325,71.887014080746724,28.112985919253273,726816.25263158092,day_183,40,20,24,1,0,72.520000000005325,0,738928.60038268031,654468.16066481767,12837.547751099468,71622.891966763171,0,24,38000000,0.09634228760924439,0.0027397260273972603,3661006.9291512868,760000,10030.155970277498,2082.1917808219177,725.20000000005325,2807.3917808219712,728898.44441240281,0,54.166666666666664,Optimal,7.3736572403504397e-12
2924,744.80999999999995,673.6814149941149,71.128585005885128,2108.5139186665688,149.61709999998703,80.127524725084342,72.31509106441392,90.450103381280456,9.549896618719556,2249099.7394449906,day_184,40,20,24,1,149.61709999998703,72.31509106441392,0,2261212.0871960903,737979.8715332991,12835.498661743553,14225.717001177025,1496170.9999998703,24,38000000,0.09634228760924439,0.0027397260273972603,3661006.9291512868,760000,10030.155970277498,2082.1917808219177,723.15091064413923,2805.3426914660567,2251181.931225813,0,66.666666666666657,Optimal,6.9526606694125803e-12
3070.1999999999998,1495.1499999999999,1097.4640997229683,397.68590027703169,1961.2121052631578,21.599074999988304,103.33620498612633,93.260925000011667,73.401605171586013,26.598394828413987,982884.77614739467,day_185,40,20,24,1,21.599074999988304,93.260925000011667,0,994997.12389849406,686424.23684210528,13044.957001099532,79537.180055406337,215990.74999988303,24,38000000,0.09634228760924439,0.0027397260273972603,3661006.9291512868,760000,10030.155970277498,2082.1917808219177,932.60925000011662,3014.8010308220346,984966.96792821656,0,70.833333333333343,Optimal,7.3736572403504397e-12
2777.8000000000002,2292.0299999999997,1466.1862049861263,825.84379501387366,1321.3799999999894,0,100.16620498612632,90.400000000010635,63.968892422268759,36.031107577731255,628555.75900277111,day_186,40,20,24,1,0,90.400000000010635,0,640668.1067538705,462482.99999999627,13016.347751099522,165168.75900277472,0,24,38000000,0.09634228760924439,0.0027397260273972603,3661006.9291512868,760000,10030.155970277498,2082.1917808219177,904.00000000010641,2986.1917808220242,630637.950783593,0,45.833333333333329,Optimal,7.3709927050913393e-12
2924,1584.6600000000001,965.85409972296839,618.80590027703147,1907.6985041551213,61.119999999989389,109.46260387808984,98.790000000010664,60.950241674742109,39.049758325257876,1403643.5565095928,day_187,40,20,24,1,61.119999999989389,98.790000000010664,0,1415755.9042606922,667694.47645429242,13100.247751099521,123761.18005540629,611199.99999989395,24,38000000,0.09634228760924439,0.0027397260273972603,3661006.9291512868,760000,10030.155970277498,2082.1917808219177,987.90000000010662,3070.0917808220242,1405725.7482904147,0,70.833333333333343,Optimal,7.3736572403504397e-12
3070.1999999999998,862.58999999999992,730.4336249999875,132.1563750000125,2165.0221052631578,181.97799999998907,74.192105263157885,66.958375000023423,84.679120439604858,15.320879560395149,2604638.5955919987,day_188,40,20,24,1,181.97799999998907,66.958375000023423,0,2616750.9433430978,757757.73684210517,12781.931501099651,26431.275000002501,1819779.9999998906,24,38000000,0.09634228760924439,0.0027397260273972603,3661006.9291512868,760000,10030.155970277498,2082.1917808219177,669.5837500002342,2751.7755308221522,2606720.7873728201,0,62.5,Optimal,7.3665518129928387e-12
2777.8000000000002,1239.71,930.41501578946065,309.29498421053933,1842.4267867035931,14.649999999989365,99.403102493072168,89.711300000029041,75.051021270253571,24.948978729746418,854105.48518825939,day_189,40,20,24,1,14.649999999989365,89.711300000029041,0,866217.83293935889,644849.37534625758,13009.460751099705,61858.996842107867,146499.99999989365,24,38000000,0.09634228760924439,0.0027397260273972603,3661006.9291512868,760000,10030.155970277498,2082.1917808219177,897.11300000029041,2979.3047808222082,856187.6769690814,0,66.666666666666657,Optimal,7.0894401460463996e-12
2924,2054.7600000000002,1191.5523749999759,863.20762500002411,1743.3911743694387,0.559999999989368,117.98512173785984,106.48157236845579,57.989856479587679,42.010143520412313,789493.25175288657,day_190,40,20,24,1,0.559999999989368,106.48157236845579,0,801605.59950398607,610186.91102930356,13177.163474783974,172641.52500000483,5599.9999998936801,24,38000000,0.09634228760924439,0.0027397260273972603,3661006.9291512868,760000,10030.155970277498,2082.1917808219177,1064.815723684558,3147.0075045064759,791575.44353370857,0,83.333333333333343,Optimal,6.6542327203933382e-12
3070.1999999999998,1650.98,1055.2940997229684,595.68590027703158,1952.3695567866973,74.029999999989371,117.88365650966578,106.39000000001063,63.919254002045356,36.080745997954644,1543830.4249306442,day_191,40,20,24,1,74.029999999989371,106.39000000001063,0,1555942.7726817436,683329.34487534408,13176.247751099521,119137.18005540632,740299.99999989371,24,38000000,0.09634228760924439,0.0027397260273972603,3661006.9291512868,760000,10030.155970277498,2082.1917808219177,1063.9000000001063,3146.0917808220238,1545912.6167114661,0,79.166666666666657,Optimal,7.3736572403504397e-12
2777.8000000000002,1812.0599999999999,1145.2140997229685,666.84590027703155,1640.7099999999946,0,83.324099722968427,75.200000000005318,63.199568431672716,36.800431568327298,708369.68005540443,day_192,40,20,24,1,0,75.200000000005318,0,720482.02780650393,574248.49999999814,12864.347751099469,133369.18005540632,0,24,38000000,0.09634228760924439,0.0027397260273972603,3661006.9291512868,760000,10030.155970277498,2082.1917808219177,752.00000000005321,2834.191780821971,710451.87183622643,0,54.166666666666664,Optimal,7.3709927050913393e-12
2924,1368.8699999999999,743.06669043747843,625.80330956252158,2058.2825802631578,132.65217499998928,102.57893026315791,92.577484562532433,54.283218306886589,45.716781693113418,2173007.0898501277,day_193,40,20,24,1,132.65217499998928,92.577484562532433,0,2185119.4376012273,720398.90309210517,13038.122596724739,125160.66191250432,1326521.7499998929,24,38000000,0.09634228760924439,0.0027397260273972603,3661006.9291512868,760000,10030.155970277498,2082.1917808219177,925.77484562532436,3007.9666264472421,2175089.28163095,0,75,Optimal,6.6542327203933382e-12
3070.1999999999998,773.01999999999998,751.07421052631571,21.945789473684243,2178.5391552631522,145.54999999998932,50.906315789473695,45.94295000001609,97.161032124177353,2.8389678758226493,2222837.2917367336,day_194,40,20,24,1,145.54999999998932,45.94295000001609,0,2234949.6394878333,762488.70434210333,12571.777251099576,4389.1578947368489,1455499.9999998934,24,38000000,0.09634228760924439,0.0027397260273972603,3661006.9291512868,760000,10030.155970277498,2082.1917808219177,459.42950000016089,2541.6212808220785,2224919.4835175555,0,45.833333333333329,Optimal,5.60262947146839e-12
2777.8000000000002,696.15000000000009,542.32411535939332,153.82588464060677,2121.5468753025734,121.46187499998899,77.260160635690994,69.727294973735511,77.903342003791323,22.096657996208684,1988622.6062336492,day_195,40,20,24,1,121.46187499998899,69.727294973735511,0,2000734.9539847486,742541.40635590069,12809.620700836771,30765.176928121356,1214618.7499998899,24,38000000,0.09634228760924439,0.0027397260273972603,3661006.9291512868,760000,10030.155970277498,2082.1917808219177,697.27294973735513,2779.464730559273,1990704.7980144711,0,75,Optimal,7.3683281698322389e-12
2924,620.85000000000002,610.35764802631661,10.492351973683459,2169.9717927631505,149.35737499998837,58.326315789473696,52.63950000001843,98.31000209814232,1.6899979018576883,2255688.7428617231,day_196,40,20,24,1,149.35737499998837,52.63950000001843,0,2267801.0906128227,759490.1274671026,12638.742751099599,2098.4703947366916,1493573.7499998836,24,38000000,0.09634228760924439,0.0027397260273972603,3661006.9291512868,760000,10030.155970277498,2082.1917808219177,526.39500000018427,2608.5867808221019,2257770.9346425449,0,62.5,Optimal,5.60262947146839e-12
3070.1999999999998,729.95000000000005,692.5400712499976,37.409928750002464,2149.529355263151,234.28999999998928,63.17360526315678,57.014178750018949,94.8750011987119,5.1249988012880969,3103287.4018794964,day_197,40,20,24,1,234.28999999998928,57.014178750018949,0,3115399.7496305956,752335.27434210281,12682.489538599604,7481.9857500004928,2342899.9999998929,24,38000000,0.09634228760924439,0.0027397260273972603,3661006.9291512868,760000,10030.155970277498,2082.1917808219177,570.14178750018948,2652.3335683221071,3105369.5936603183,0,58.333333333333336,Optimal,5.60262947146839e-12
2777.8000000000002,695.85000000000002,574.94329025691445,120.90670974308551,2087.8493194550101,124.39187499998899,96.251125250708597,86.866640538794925,82.624601603350499,17.375398396649494,1999716.0201631484,day_198,40,20,24,1,124.39187499998899,86.866640538794925,0,2011828.367914248,730747.2618092536,12981.014156487365,24181.341948617104,1243918.7499998899,24,38000000,0.09634228760924439,0.0027397260273972603,3661006.9291512868,760000,10030.155970277498,2082.1917808219177,868.66640538794923,2950.8581862098672,2001798.2119439705,0,75,Optimal,7.3701045266716392e-12
2924,562.54999999999995,460.58487534625272,101.9651246537473,2240.6121052631524,229.88999999998939,72.686980609410526,65.600000000015967,81.874477885743985,18.125522114256032,3104163.2617727467,day_199,40,20,24,1,229.88999999998939,65.600000000015967,0,3116275.6095238463,784214.2368421033,12768.347751099574,20393.02493074946,2298899.9999998938,24,38000000,0.09634228760924439,0.0027397260273972603,3661006.9291512868,760000,10030.155970277498,2082.1917808219177,656.00000000015962,2738.1917808220774,3106245.4535535686,0,45.833333333333329,Optimal,7.3701045266716392e-12
3070.1999999999998,680.94000000000005,608.28093552630901,72.659064473691032,2220.8221052631525,248.1399999999893,72.23631578947365,65.19327500002278,89.329593727246007,10.670406272753992,3273871.4824867346,day_200,40,20,24,1,248.1399999999893,65.19327500002278,0,3285983.8302378342,777287.73684210342,12764.280501099644,14531.812894738207,2481399.9999998929,24,38000000,0.09634228760924439,0.0027397260273972603,3661006.9291512868,760000,10030.155970277498,2082.1917808219177,651.93275000022777,2734.1245308221455,3275953.6742675565,0,45.833333333333329,Optimal,7.2226669090014184e-12
2777.8000000000002,960.19000000000005,616.61484999997992,343.57515000002002,2083.1621052631576,87.965324999987871,101.97210526315781,92.029825000032147,64.218003728426652,35.781996271573334,1678395.3150919881,day_201,40,20,24,1,87.965324999987871,92.029825000032147,0,1690507.6628430877,729106.73684210517,13032.646001099736,68715.030000004001,879653.2499998787,24,38000000,0.09634228760924439,0.0027397260273972603,3661006.9291512868,760000,10030.155970277498,2082.1917808219177,920.29825000032145,3002.4900308222391,1680477.5068728102,0,75,Optimal,7.3701045266716392e-12
2924,558.52999999999997,509.24879659727554,49.281203402724415,2266.9083470502733,153.50972499998795,58.121729718513912,52.454861070977167,91.176623743984322,8.8233762560156865,2338895.9607587298,day_202,40,20,24,1,153.50972499998795,52.454861070977167,0,2351008.3085098295,793417.92146759562,12636.896361809188,9856.2406805448827,1535097.2499998796,24,38000000,0.09634228760924439,0.0027397260273972603,3661006.9291512868,760000,10030.155970277498,2082.1917808219177,524.54861070977165,2606.7403915316895,2340978.1525395522,0,62.5,Optimal,5.60262947146839e-12
3070.1999999999998,1016.76,775.52554016618421,241.23445983381586,2094.1021052631577,209.81999999998931,94.847645429347367,85.600000000015967,76.274198450586596,23.725801549413418,2880238.628808761,day_203,40,20,24,1,209.81999999998931,85.600000000015967,0,2892350.9765598606,732935.73684210517,12968.347751099574,48246.891966763171,2098199.9999998929,24,38000000,0.09634228760924439,0.0027397260273972603,3661006.9291512868,760000,10030.155970277498,2082.1917808219177,856.00000000015962,2938.1917808220774,2882320.8205895834,0,50,Optimal,7.3736572403504397e-12
2777.8000000000002,863.86000000000001,588.77901052629488,275.08098947370513,2093.8521052631577,105.17884999998847,102.66631578947369,92.656350000032447,68.156762730800693,31.843237269199307,1840579.4982367314,day_204,40,20,24,1,105.17884999998847,92.656350000032447,0,1852691.8459878308,732848.23684210517,13038.91125109974,55016.197894741024,1051788.4999998847,24,38000000,0.09634228760924439,0.0027397260273972603,3661006.9291512868,760000,10030.155970277498,2082.1917808219177,926.56350000032444,3008.7552808222422,1842661.6900175533,0,75,Optimal,7.3709927050913393e-12
2924,358.06,358.06,0,2379.8642105263157,189.35999999998938,33.684210526315788,30.400000000010643,100,0,2726856.4736841042,day_205,40,20,24,1,189.35999999998938,30.400000000010643,0,2738968.8214352038,832952.47368421045,12416.347751099522,0,1893599.9999998938,24,38000000,0.09634228760924439,0.0027397260273972603,3661006.9291512868,760000,10030.155970277498,2082.1917808219177,304.00000000010641,2386.1917808220242,2728938.6654649265,0,29.166666666666668,Optimal,5.2544635309459409e-12
3070.1999999999998,1088.26,788.40164999997967,299.85835000002038,2094.8921052631581,196.61354999998878,99.562105263157932,89.854800000031489,72.446074467496715,27.553925532503296,2760217.9548419975,day_206,40,20,24,1,196.61354999998878,89.854800000031489,0,2772330.3025930971,733212.23684210528,13010.89575109973,59971.670000004073,1966135.4999998878,24,38000000,0.09634228760924439,0.0027397260273972603,3661006.9291512868,760000,10030.155970277498,2082.1917808219177,898.54800000031491,2980.7397808222327,2762300.1466228198,0,70.833333333333343,Optimal,6.6542327203933382e-12
2777.8000000000002,1259.6300000000001,789.50409972296836,470.12590027703152,1955.8975900276942,43.999999999989363,118.99168975066266,107.39000000001066,62.677460819682629,37.322539180317357,1219663.2365649929,day_207,40,20,24,1,43.999999999989363,107.39000000001066,0,1231775.5843160923,684564.1565096929,13186.247751099521,94025.180055406308,439999.99999989365,24,38000000,0.09634228760924439,0.0027397260273972603,3661006.9291512868,760000,10030.155970277498,2082.1917808219177,1073.9000000001065,3156.0917808220242,1221745.4283458148,0,75,Optimal,7.3683281698322389e-12
2924,926.21000000000004,602.85239999997987,323.35760000002011,2181.032105263158,149.99829999998815,101.36210526315791,91.47930000003204,65.088090173932457,34.911909826067529,2328930.5498419912,day_208,40,20,24,1,149.99829999998815,91.47930000003204,0,2341042.8975930903,763361.23684210528,13027.140751099736,64671.52000000402,1499982.9999998815,24,38000000,0.09634228760924439,0.0027397260273972603,3661006.9291512868,760000,10030.155970277498,2082.1917808219177,914.79300000032038,2996.984780822238,2331012.741622813,0,75,Optimal,7.3701045266716392e-12
3070.1999999999998,719.82999999999993,633.97999999999297,85.850000000007043,2204.2421052631526,239.07999999998933,72.842105263157876,65.740000000023002,88.073572926940116,11.926427073059896,3180112.1368419984,day_209,40,20,24,1,239.07999999998933,65.740000000023002,0,3192224.4845930981,771484.73684210342,12769.747751099645,17170.000000001408,2390799.9999998934,24,38000000,0.09634228760924439,0.0027397260273972603,3661006.9291512868,760000,10030.155970277498,2082.1917808219177,657.40000000022997,2739.5917808221475,3182194.3286228208,0,45.833333333333329,Optimal,7.3683281698322389e-12
2777.8000000000002,645.25999999999999,577.74275970893427,67.517240291065718,2158.2084521751076,51.113149999984238,95.019096246728836,85.754734362702791,89.53642868129657,10.463571318703424,1280865.4536629701,day_210,40,20,24,1,51.113149999984238,85.754734362702791,0,1292977.8014140697,755372.95826128765,12969.895094726442,13503.448058213144,511131.49999984237,24,38000000,0.09634228760924439,0.0027397260273972603,3661006.9291512868,760000,10030.155970277498,2082.1917808219177,857.54734362702789,2939.7391244489454,1282947.6454437922,0,75,Optimal,7.3683281698322389e-12
2924,714.05000000000007,644.06624999999121,69.983750000008797,2118.8921052631526,168.69949999998929,78.542105263157907,70.884250000024835,90.199040683424286,9.8009593165756996,2443312.8293419983,day_211,40,20,24,1,168.69949999998929,70.884250000024835,0,2455425.1770930979,741612.23684210342,12821.190251099664,13996.750000001759,1686994.9999998929,24,38000000,0.09634228760924439,0.0027397260273972603,3661006.9291512868,760000,10030.155970277498,2082.1917808219177,708.84250000024838,2791.0342808221662,2445395.0211228207,0,62.5,Optimal,7.3718808835110394e-12
3070.1999999999998,1093.1399999999999,796.40004999997905,296.739950000021,2089.5621052631577,194.55062499998752,105.77210526315793,95.459325000033445,72.854350769341451,27.145649230658563,2737155.5700919847,day_212,40,20,24,1,194.55062499998752,95.459325000033445,0,2749267.9178430843,731346.73684210517,13066.941001099749,59347.990000004196,1945506.2499998752,24,38000000,0.09634228760924439,0.0027397260273972603,3661006.9291512868,760000,10030.155970277498,2082.1917808219177,954.59325000033448,3036.7850308222523,2739237.7618728066,0,70.833333333333343,Optimal,6.6506800067145377e-12
2777.8000000000002,1038.22,637.74287499997718,400.4771250000228,2026.5921052631579,123.89187499998899,106.94210526315787,96.515250000033774,61.426564215674638,38.573435784325362,2029286.5643420001,day_213,40,20,24,1,123.89187499998899,96.515250000033774,0,2041398.9120930994,709307.23684210528,13077.500251099753,80095.425000004558,1238918.7499998899,24,38000000,0.09634228760924439,0.0027397260273972603,3661006.9291512868,760000,10030.155970277498,2082.1917808219177,965.1525000003378,3047.3442808222553,2031368.7561228219,0,70.833333333333343,Optimal,6.6542327203933382e-12
2924,1039.9400000000001,677.3214249999786,362.61857500002139,2049.2921052631577,207.27999999998934,101.4721052631579,91.57857500003206,65.130817643323525,34.869182356676475,2863491.7375920028,day_214,40,20,24,1,207.27999999998934,91.57857500003206,0,2875604.0853431025,717252.23684210517,13028.133501099735,72523.715000004275,2072799.9999998934,24,38000000,0.09634228760924439,0.0027397260273972603,3661006.9291512868,760000,10030.155970277498,2082.1917808219177,915.7857500003206,2997.9775308222384,2865573.9293728247,0,58.333333333333336,Optimal,6.6542327203933382e-12
3070.1999999999998,1066.5500000000002,703.15962499997795,363.390375000022,2096.3921052631581,280.68999999998925,102.99210526315791,92.950375000032551,65.928425765316007,34.071574234683979,3614244.8155920021,day_215,40,20,24,1,280.68999999998925,92.950375000032551,0,3626357.1633431017,733737.23684210528,13041.85150109974,72678.075000004406,2806899.9999998924,24,38000000,0.09634228760924439,0.0027397260273972603,3661006.9291512868,760000,10030.155970277498,2082.1917808219177,929.50375000032545,3011.6955308222432,3616327.0073728245,0,50,Optimal,6.6542327203933382e-12
2777.8000000000002,1048.6300000000001,627.40409972296845,421.2259002770316,2044.2521052631578,116.18494999998849,102.98620498612632,92.945050000011548,59.830836398249943,40.16916360175005,1962512.3673973966,day_216,40,20,24,1,116.18494999998849,92.945050000011548,0,1974624.715148496,715488.23684210517,13041.798251099532,84245.180055406323,1161849.499999885,24,38000000,0.09634228760924439,0.0027397260273972603,3661006.9291512868,760000,10030.155970277498,2082.1917808219177,929.45050000011543,3011.6422808220332,1964594.5591782185,0,75,Optimal,7.3736572403504397e-12
2924,907.25,697.24648012498278,210.00351987501722,2089.9460302631569,146.33499999998742,97.718055263157112,88.19054487503017,76.852739611461317,23.147260388538687,2237713.720015733,day_217,40,20,24,1,146.33499999998742,88.19054487503017,0,2249826.0677668322,731481.11059210496,12994.253199849718,42000.703975003446,1463349.9999998743,24,38000000,0.09634228760924439,0.0027397260273972603,3661006.9291512868,760000,10030.155970277498,2082.1917808219177,881.90544875030173,2964.0972295722195,2239795.9117965549,0,79.166666666666657,Optimal,6.6542327203933382e-12
3070.1999999999998,1046.05,779.17554016618408,266.87445983381588,2118.8521052631577,182.13369999998696,102.16764542934736,92.206300000018274,74.487408839556821,25.512591160443183,2617232.1918087378,day_218,40,20,24,1,182.13369999998696,92.206300000018274,0,2629344.5395598374,741598.23684210517,13034.410751099598,53374.891966763178,1821336.9999998696,24,38000000,0.09634228760924439,0.0027397260273972603,3661006.9291512868,760000,10030.155970277498,2082.1917808219177,922.06300000018268,3004.2547808221007,2619314.3835895602,0,70.833333333333343,Optimal,7.3736572403504397e-12
2777.8000000000002,950.08999999999992,680.30740266618739,269.78259733381253,2031.7765177631479,77.019999999989409,115.93764542934734,104.63372500002261,71.6045219575185,28.395478042481507,1536324.6379337586,day_219,40,20,24,1,77.019999999989409,104.63372500002261,0,1548436.9856848579,711121.78121710173,13158.685001099642,53956.519466762504,770199.99999989406,24,38000000,0.09634228760924439,0.0027397260273972603,3661006.9291512868,760000,10030.155970277498,2082.1917808219177,1046.337250000226,3128.5290308221438,1538406.8297145804,0,83.333333333333343,Optimal,7.3709927050913393e-12
2924,1029.3499999999999,696.80397499997787,332.54602500002215,2068.3221052631579,168.97999999998936,103.65210526315789,93.546025000032756,67.693590615434772,32.306409384565228,2481157.4020920037,day_220,40,20,24,1,168.97999999998936,93.546025000032756,0,2493269.7498431029,723912.73684210528,13047.808001099744,66509.205000004426,1689799.9999998936,24,38000000,0.09634228760924439,0.0027397260273972603,3661006.9291512868,760000,10030.155970277498,2082.1917808219177,935.46025000032751,3017.6520308222453,2483239.5938728256,0,62.5,Optimal,6.6542327203933382e-12
3070.1999999999998,936.65999999999997,672.11579999997969,264.54420000002028,2117.2521052631578,290.35999999998933,97.7221052631579,88.194200000030889,71.756645954773305,28.243354045226688,3698429.0188420028,day_221,40,20,24,1,290.35999999998933,88.194200000030889,0,3710541.3665931025,741038.23684210517,12994.289751099725,52908.840000004056,2903599.9999998934,24,38000000,0.09634228760924439,0.0027397260273972603,3661006.9291512868,760000,10030.155970277498,2082.1917808219177,881.94200000030889,2964.1337808222265,3700511.2106228247,0,54.166666666666664,Optimal,7.1658234901406104e-12
2777.8000000000002,986.94999999999993,654.55109016618565,332.39890983381429,2041.5754552631531,91.89999999998939,104.8876454293474,94.661100000019161,66.320592752032596,33.679407247967404,1700977.8023087608,day_222,40,20,24,1,91.89999999998939,94.661100000019161,0,1713090.1500598602,714551.40934210364,13058.958751099606,66479.78196676285,918999.99999989395,24,38000000,0.09634228760924439,0.0027397260273972603,3661006.9291512868,760000,10030.155970277498,2082.1917808219177,946.61100000019155,3028.8027808221095,1703059.9940895827,0,79.166666666666657,Optimal,7.3709927050913393e-12
2924,966.5,646.27509999997994,320.22490000002011,2079.6621052631581,207.53999999998933,97.202105263157961,87.724900000030743,66.867573719604749,33.132426280395251,2868203.965842003,day_223,40,20,24,1,207.53999999998933,87.724900000030743,0,2880316.3135931026,727881.73684210528,12989.596751099722,64044.98000000402,2075399.9999998934,24,38000000,0.09634228760924439,0.0027397260273972603,3661006.9291512868,760000,10030.155970277498,2082.1917808219177,877.24900000030743,2959.440780822225,2870286.1576228254,0,58.333333333333336,Optimal,6.6542327203933382e-12
3070.1999999999998,815.13,652.21554016618416,162.91445983381581,2176.6421052631576,250.58999999998929,94.847645429347367,85.600000000015967,80.013683727280821,19.986316272719176,3301163.628808761,day_224,40,20,24,1,250.58999999998929,85.600000000015967,0,3313275.9765598606,761824.73684210517,12968.347751099574,32582.891966763164,2505899.9999998929,24,38000000,0.09634228760924439,0.0027397260273972603,3661006.9291512868,760000,10030.155970277498,2082.1917808219177,856.00000000015962,2938.1917808220774,3303245.8205895834,0,45.833333333333329,Optimal,7.3736572403504397e-12
2777.8000000000002,783.19999999999993,576.05554016618407,207.14445983381586,2082.012105263158,129.10187499998898,96.097645429347352,86.728125000016348,73.551524536029632,26.448475463970361,2062019.1600587585,day_225,40,20,24,1,129.10187499998898,86.728125000016348,0,2074131.5078098578,728704.23684210528,12979.62900109958,41428.891966763171,1291018.7499998899,24,38000000,0.09634228760924439,0.0027397260273972603,3661006.9291512868,760000,10030.155970277498,2082.1917808219177,867.28125000016348,2949.4730308220815,2064101.3518395803,0,70.833333333333343,Optimal,7.3736572403504397e-12
2924,873.36000000000001,616.55857499998024,256.80142500001978,2103.052105263158,213.76999999998935,96.212105263157909,86.831425000030407,70.596154506730358,29.403845493269646,2925996.8360920032,day_226,40,20,24,1,213.76999999998935,86.831425000030407,0,2938109.1838431023,736068.23684210528,12980.662001099719,51360.285000003954,2137699.9999998934,24,38000000,0.09634228760924439,0.0027397260273972603,3661006.9291512868,760000,10030.155970277498,2082.1917808219177,868.31425000030413,2950.5060308222219,2928079.027872825,0,54.166666666666664,Optimal,6.6542327203933382e-12
3070.1999999999998,942.86000000000001,664.36554016618413,278.49445983381588,2118.0621052631577,297.0199999999893,94.847645429347367,85.600000000015967,70.462798312176147,29.537201687823842,3768076.628808761,day_227,40,20,24,1,297.0199999999893,85.600000000015967,0,3780188.9765598606,741321.73684210517,12968.347751099574,55698.891966763178,2970199.9999998929,24,38000000,0.09634228760924439,0.0027397260273972603,3661006.9291512868,760000,10030.155970277498,2082.1917808219177,856.00000000015962,2938.1917808220774,3770158.8205895834,0,54.166666666666664,Optimal,7.3736572403504397e-12
2777.8000000000002,949.47000000000003,587.93094999997857,361.5390500000214,2073.3921052631576,126.47187499998898,102.51210526315786,92.517175000032353,61.922014386971526,38.077985613028467,2063638.9685919995,day_228,40,20,24,1,126.47187499998898,92.517175000032353,0,2075751.3163430989,725687.23684210517,13037.519501099738,72307.810000004276,1264718.7499998899,24,38000000,0.09634228760924439,0.0027397260273972603,3661006.9291512868,760000,10030.155970277498,2082.1917808219177,925.17175000032353,3007.363530822241,2065721.1603728214,0,70.833333333333343,Optimal,6.6542327203933382e-12
2924,880.26999999999998,641.57554016618406,238.69445983381593,2104.4021052631579,187.26999999998935,94.847645429347367,85.600000000015967,72.883949261724709,27.116050738275295,2657835.6288087619,day_229,40,20,24,1,187.26999999998935,85.600000000015967,0,2669947.9765598616,736540.73684210528,12968.347751099574,47738.891966763185,1872699.9999998936,24,38000000,0.09634228760924439,0.0027397260273972603,3661006.9291512868,760000,10030.155970277498,2082.1917808219177,856.00000000015962,2938.1917808220774,2659917.8205895843,0,66.666666666666657,Optimal,7.3701045266716392e-12
3070.1999999999998,943.36000000000001,670.42554016618942,272.93445983381054,2129.0321052631525,279.98999999998932,94.847645429347367,85.600000000015967,71.067836262528559,28.932163737471434,3600504.1288087592,day_230,40,20,24,1,279.98999999998932,85.600000000015967,0,3612616.4765598588,745161.23684210342,12968.347751099574,54586.891966762108,2799899.9999998934,24,38000000,0.09634228760924439,0.0027397260273972603,3661006.9291512868,760000,10030.155970277498,2082.1917808219177,856.00000000015962,2938.1917808220774,3602586.3205895815,0,54.166666666666664,Optimal,7.3718808835110394e-12
2777.8000000000002,975.33000000000004,623.12334999997847,352.20665000002157,2084.302105263158,81.280124999986228,111.85210526315788,100.94652500003534,63.888463391875412,36.111536608124588,1613757.7820919722,day_231,40,20,24,1,81.280124999986228,100.94652500003534,0,1625870.1298430716,729505.73684210528,13121.813001099768,70441.330000004309,812801.24999986228,24,38000000,0.09634228760924439,0.0027397260273972603,3661006.9291512868,760000,10030.155970277498,2082.1917808219177,1009.4652500003533,3091.6570308222708,1615839.9738727941,0,75,Optimal,6.6542327203933382e-12
2924,396.38,396.38,0,2337.9942105263158,192.90999999998937,33.68421052631578,30.400000000010639,100,0,2747701.9736841042,day_232,40,20,24,1,192.90999999998937,30.400000000010639,0,2759814.3214352038,818297.97368421056,12416.347751099522,0,1929099.9999998936,24,38000000,0.09634228760924439,0.0027397260273972603,3661006.9291512868,760000,10030.155970277498,2082.1917808219177,304.00000000010641,2386.1917808220242,2749784.1654649265,0,29.166666666666668,Optimal,7.2395422989757208e-12
3070.1999999999998,995.89999999999998,709.44547499998464,286.45452500001539,2086.7321052631523,283.67999999998932,99.052105263157898,89.394525000031308,71.236617632290859,28.763382367709145,3625341.0870920001,day_233,40,20,24,1,283.67999999998932,89.394525000031308,0,3637453.4348430997,730356.2368421033,13006.293001099728,57290.905000003077,2836799.9999998934,24,38000000,0.09634228760924439,0.0027397260273972603,3661006.9291512868,760000,10030.155970277498,2082.1917808219177,893.94525000031308,2976.1370308222308,3627423.2788728224,0,50,Optimal,6.6542327203933382e-12
2777.8000000000002,1056.8199999999999,643.71953837498575,413.10046162501419,2043.2140552631452,102.31999999998938,117.47275526315366,106.01916162503329,60.910991311196398,39.089008688803602,1822005.203283248,day_234,40,20,24,1,102.31999999998938,106.01916162503329,0,1834117.5510343472,715124.91934210085,13172.539367349749,82620.092325002843,1023199.9999998938,24,38000000,0.09634228760924439,0.0027397260273972603,3661006.9291512868,760000,10030.155970277498,2082.1917808219177,1060.191616250333,3142.3833970722508,1824087.3950640697,0,79.166666666666657,Optimal,6.6542327203933382e-12
2924,927.32999999999993,605.26827499997864,322.06172500002134,2120.1321052631579,208.45999999998935,101.13210526315792,91.271725000031978,65.269998274614082,34.730001725385932,2891971.2990920036,day_235,40,20,24,1,208.45999999998935,91.271725000031978,0,2904083.6468431028,742046.23684210528,13025.065001099734,64412.345000004265,2084599.9999998936,24,38000000,0.09634228760924439,0.0027397260273972603,3661006.9291512868,760000,10030.155970277498,2082.1917808219177,912.71725000031984,2994.9090308222376,2894053.4908728255,0,50,Optimal,6.6542327203933382e-12
3070.1999999999998,622.38,618.78029999999831,3.5997000000016897,2215.4521052631526,241.41999999998933,55.92210526315786,50.469700000017639,99.421623445483192,0.57837655451680481,3190832.8738419972,day_236,40,20,24,1,241.41999999998933,50.469700000017639,0,3202945.2215930969,775408.23684210342,12617.044751099591,719.94000000033793,2414199.9999998934,24,38000000,0.09634228760924439,0.0027397260273972603,3661006.9291512868,760000,10030.155970277498,2082.1917808219177,504.69700000017639,2586.8887808220943,3192915.0656228196,0,41.666666666666671,Optimal,6.1710636600764701e-12
2777.8000000000002,857.43000000000006,667.68037499999116,189.74962500000888,2055.5953185595445,64.189999999989368,99.135318559549631,89.469625000024863,77.869957314298674,22.130042685701326,1400202.9827457364,day_237,40,20,24,1,64.189999999989368,89.469625000024863,0,1412315.3304968358,719458.3614958406,13007.044001099664,37949.925000001778,641899.99999989371,24,38000000,0.09634228760924439,0.0027397260273972603,3661006.9291512868,760000,10030.155970277498,2082.1917808219177,894.6962500002486,2976.8880308221665,1402285.1745265583,0,70.833333333333343,Optimal,7.3709927050913393e-12
2924,1051.1100000000001,1051.1100000000001,0,1875.3242105263157,0.84999999998937403,33.684210526315802,30.400000000010643,100,0,665167.47368410428,day_238,40,20,24,1,0.84999999998937403,30.400000000010643,0,677279.82143520366,656363.47368421045,12416.347751099522,0,8499.9999998937401,24,38000000,0.09634228760924439,0.0027397260273972603,3661006.9291512868,760000,10030.155970277498,2082.1917808219177,304.00000000010641,2386.1917808220242,667249.66546492616,0,25,Optimal,5.780265155408415e-12
3070.1999999999998,1012.6800000000001,780.64409972296835,232.0359002770316,2109.0621052631577,190.25999999998933,100.1662049861263,90.40000000001065,77.086947478272336,22.913052521727653,2688082.9168974049,day_239,40,20,24,1,190.25999999998933,90.40000000001065,0,2700195.2646485046,738171.73684210517,13016.347751099522,46407.180055406323,1902599.9999998934,24,38000000,0.09634228760924439,0.0027397260273972603,3661006.9291512868,760000,10030.155970277498,2082.1917808219177,904.00000000010652,2986.1917808220242,2690165.1086782273,0,58.333333333333336,Optimal,7.3736572403504397e-12
2777.8000000000002,1043.6299999999999,798.61554016618425,245.01445983381583,1946.9331855955636,42.669999999989393,106.85872576175315,96.440000000015985,76.52286156647321,23.477138433526811,1158093.9069251046,day_240,40,20,24,1,42.669999999989393,96.440000000015985,0,1170206.2546762039,681426.61495844729,13076.747751099574,49002.891966763164,426699.99999989395,24,38000000,0.09634228760924439,0.0027397260273972603,3661006.9291512868,760000,10030.155970277498,2082.1917808219177,964.40000000015982,3046.5917808220775,1160176.0987059264,0,62.5,Optimal,7.3701045266716392e-12
2924,740.94000000000005,589.04232499998454,151.89767500001545,2136.6621052631576,206.35999999998936,82.712105263157852,74.647675000026084,79.499328555616444,20.500671444383546,2842557.7485920023,day_241,40,20,24,1,206.35999999998936,74.647675000026084,0,2854670.0963431015,747831.73684210517,12858.824501099676,30379.535000003092,2063599.9999998936,24,38000000,0.09634228760924439,0.0027397260273972603,3661006.9291512868,760000,10030.155970277498,2082.1917808219177,746.47675000026084,2828.6685308221786,2844639.9403728237,0,50,Optimal,6.6542327203933382e-12
3070.1999999999998,1139.3900000000001,729.51184999997702,409.87815000002303,2106.6921052631578,244.37999999998931,106.5021052631579,96.118150000033651,64.026527352353185,35.973472647646808,3264079.048342003,day_242,40,20,24,1,244.37999999998931,96.118150000033651,0,3276191.3960931026,737342.23684210528,13073.529251099751,81975.630000004603,2443799.9999998929,24,38000000,0.09634228760924439,0.0027397260273972603,3661006.9291512868,760000,10030.155970277498,2082.1917808219177,961.18150000033654,3043.3732808222544,3266161.2401228249,0,50,Optimal,6.8745009684789693e-12
2777.8000000000002,1247.0700000000002,751.78161222297194,495.28838777702805,2014.2195677631473,23.749999999989377,122.5762049861263,110.62502500001771,60.283834285402726,39.716165714597253,1042640.7765224011,day_243,40,20,24,1,23.749999999989377,110.62502500001771,0,1054753.1242735006,704976.84871710162,13218.598001099592,99057.677555405608,237499.99999989377,24,38000000,0.09634228760924439,0.0027397260273972603,3661006.9291512868,760000,10030.155970277498,2082.1917808219177,1106.2502500001772,3188.4420308220951,1044722.9683032231,0,87.5,Optimal,7.3736572403504397e-12
2924,837.49000000000001,600.64554016618945,236.84445983381048,2154.5021052631523,178.09999999998931,94.847645429347367,85.600000000015967,71.719726822551848,28.280273177448144,2583300.6288087587,day_244,40,20,24,1,178.09999999998931,85.600000000015967,0,2595412.9765598583,754075.7368421033,12968.347751099574,47368.891966762094,1780999.9999998931,24,38000000,0.09634228760924439,0.0027397260273972603,3661006.9291512868,760000,10030.155970277498,2082.1917808219177,856.00000000015962,2938.1917808220774,2585382.8205895806,0,50,Optimal,7.3683281698322389e-12
3070.1999999999998,398.81999999999999,398.81999999999999,0,2363.7042105263158,310.95999999998929,33.68421052631578,30.400000000010643,100,0,3937200.4736841032,day_245,40,20,24,1,310.95999999998929,30.400000000010643,0,3949312.8214352028,827296.47368421056,12416.347751099522,0,3109599.9999998929,24,38000000,0.09634228760924439,0.0027397260273972603,3661006.9291512868,760000,10030.155970277498,2082.1917808219177,304.00000000010641,2386.1917808220242,3939282.6654649256,0,33.333333333333329,Optimal,7.3701045266716392e-12
2777.8000000000002,764.96000000000004,623.91528107752004,141.04471892247994,2084.8232484957412,77.051874999988968,81.952867418216996,73.962462844966751,81.561817752238028,18.438182247761969,1529155.4553863446,day_246,40,20,24,1,77.051874999988968,73.962462844966751,0,1541267.8031374442,729688.13697350945,12851.972379549083,28208.94378449599,770518.74999988964,24,38000000,0.09634228760924439,0.0027397260273972603,3661006.9291512868,760000,10030.155970277498,2082.1917808219177,739.62462844966751,2821.8164092715851,1531237.6471671667,0,75,Optimal,6.6542327203933382e-12
2924,1027.6500000000001,701.43553552629578,326.21446447370414,2111.3421052631579,121.74419999998587,107.91631578947369,97.394475000034106,68.256267749359765,31.74373225064021,2022628.574486705,day_247,40,20,24,1,121.74419999998587,97.394475000034106,0,2034740.9222378046,738969.73684210528,13086.292501099757,65242.892894740828,1217441.9999998587,24,38000000,0.09634228760924439,0.0027397260273972603,3661006.9291512868,760000,10030.155970277498,2082.1917808219177,973.94475000034106,3056.1365308222589,2024710.7662675271,0,70.833333333333343,Optimal,7.3701045266716392e-12
3070.1999999999998,928.38,631.92554016618408,296.45445983381586,2169.3921052631576,278.12999999998931,94.847645429347367,85.600000000015967,68.06755209786769,31.932447902132299,3600734.128808761,day_248,40,20,24,1,278.12999999998931,85.600000000015967,0,3612846.4765598606,759287.23684210517,12968.347751099574,59290.891966763171,2781299.9999998929,24,38000000,0.09634228760924439,0.0027397260273972603,3661006.9291512868,760000,10030.155970277498,2082.1917808219177,856.00000000015962,2938.1917808220774,3602816.3205895834,0,45.833333333333329,Optimal,7.3709927050913393e-12
2777.8000000000002,958.08000000000004,585.40674999997839,372.6732500000216,2082.2321052631578,120.50414999998813,106.08210526315789,95.739100000033517,61.102073939543502,38.897926060456491,2009314.7778419913,day_249,40,20,24,1,120.50414999998813,95.739100000033517,0,2021427.1255930907,728781.23684210528,13069.738751099751,74534.650000004316,1205041.4999998813,24,38000000,0.09634228760924439,0.0027397260273972603,3661006.9291512868,760000,10030.155970277498,2082.1917808219177,957.39100000033523,3039.582780822253,2011396.9696228132,0,70.833333333333343,Optimal,6.6542327203933382e-12
2924,977.25999999999999,644.98209999997948,332.27790000002051,2107.8621052631579,180.90404999998887,99.982105263157905,90.233850000031595,65.999027894314665,34.000972105685335,2614150.1553419987,day_250,40,20,24,1,180.90404999998887,90.233850000031595,0,2626262.5030930978,737751.73684210528,13014.686251099731,66455.580000004105,1809040.4999998887,24,38000000,0.09634228760924439,0.0027397260273972603,3661006.9291512868,760000,10030.155970277498,2082.1917808219177,902.33850000031589,2984.5302808222336,2616232.3471228201,0,70.833333333333343,Optimal,6.6542327203933382e-12
3070.1999999999998,1034.3,730.65554016618421,303.64445983381586,2134.3621052631579,214.55772499998889,96.157645429347369,86.782275000016369,70.642515727176274,29.357484272823733,2954200.7015587576,day_251,40,20,24,1,214.55772499998889,86.782275000016369,0,2966313.0493098567,747026.73684210528,12980.170501099579,60728.891966763171,2145577.2499998887,24,38000000,0.09634228760924439,0.0027397260273972603,3661006.9291512868,760000,10030.155970277498,2082.1917808219177,867.82275000016375,2950.0145308220817,2956282.893339579,0,58.333333333333336,Optimal,7.3709927050913393e-12
2777.8000000000002,874.26999999999998,628.73117499998239,245.53882500001771,2062.7163711911312,96.339999999989345,102.43637119113126,92.448825000028322,71.914989076599042,28.085010923400976,1735382.9831667931,day_252,40,20,24,1,96.339999999989345,92.448825000028322,0,1747495.3309178925,721950.72991689597,13036.836001099698,49107.765000003543,963399.99999989348,24,38000000,0.09634228760924439,0.0027397260273972603,3661006.9291512868,760000,10030.155970277498,2082.1917808219177,924.48825000028319,3006.6800308222009,1737465.174947615,0,66.666666666666657,Optimal,6.8176575496181613e-12
2924,646.01999999999998,579.26829999999302,66.751700000006991,2231.2821052631525,122.2969499999837,90.742105263157896,81.894750000028679,89.667239404351733,10.332760595648276,2018087.524341942,day_253,40,20,24,1,122.2969499999837,81.894750000028679,0,2030199.8720930414,780948.73684210342,12931.295251099702,13350.340000001399,1222969.499999837,24,38000000,0.09634228760924439,0.0027397260273972603,3661006.9291512868,760000,10030.155970277498,2082.1917808219177,818.94750000028682,2901.1392808222045,2020169.7161227639,0,70.833333333333343,Optimal,6.1213256685732631e-12
3070.1999999999998,617.87,617.87,0,2400.0084210526315,58.889999999978656,67.368421052631547,60.800000000021292,100,0,1429510.9473682079,day_254,40,20,24,1,58.889999999978656,60.800000000021292,0,1441623.2951193072,840002.94736842101,12720.347751099627,0,588899.99999978661,24,38000000,0.09634228760924439,0.0027397260273972603,3661006.9291512868,760000,10030.155970277498,2082.1917808219177,608.00000000021294,2690.1917808221306,1431593.1391490297,0,50,Optimal,6.8940408937123721e-12
2777.8000000000002,656.19000000000005,619.09571052630554,37.094289473694403,2092.2094736842041,74.769999999989381,84.873684210519713,76.598500000020863,94.347019998217817,5.6529800017821668,1488158.1586841044,day_255,40,20,24,1,74.769999999989381,76.598500000020863,0,1500270.5064352038,732273.3157894715,12878.332751099624,7418.8578947388805,747699.99999989383,24,38000000,0.09634228760924439,0.0027397260273972603,3661006.9291512868,760000,10030.155970277498,2082.1917808219177,765.98500000020863,2848.1767808221266,1490240.3504649263,0,66.666666666666657,Optimal,7.0556893660977948e-12
2924,593.00999999999999,523.20784999999194,69.802150000008083,2200.8121052631527,207.39999999998935,76.102105263157867,68.682150000024023,88.229178260061715,11.770821739938295,2858931.4883419983,day_256,40,20,24,1,207.39999999998935,68.682150000024023,0,2871043.8360930979,770284.23684210342,12799.169251099655,13960.430000001617,2073999.9999998934,24,38000000,0.09634228760924439,0.0027397260273972603,3661006.9291512868,760000,10030.155970277498,2082.1917808219177,686.82150000024023,2769.0132808221579,2861013.6801228207,0,45.833333333333329,Optimal,5.8024696159009181e-12
3070.1999999999998,854.78999999999996,651.53554016618943,203.2544598338105,2158.4721052631526,269.43999999998931,94.847645429347367,85.600000000015967,76.221708275271055,23.778291724728941,3491372.1288087582,day_257,40,20,24,1,269.43999999998931,85.600000000015967,0,3503484.4765598578,755465.23684210342,12968.347751099574,40650.891966762101,2694399.9999998929,24,38000000,0.09634228760924439,0.0027397260273972603,3661006.9291512868,760000,10030.155970277498,2082.1917808219177,856.00000000015962,2938.1917808220774,3493454.3205895806,0,45.833333333333329,Optimal,7.3709927050913393e-12
2777.8000000000002,973.10000000000002,680.48554016618948,292.61445983381054,2048.4263157894579,61.419999999989372,128.53185595566316,116.0000000000266,69.929661922329615,30.070338077670385,1390832.1024929665,day_258,40,20,24,1,61.419999999989372,116.0000000000266,0,1402944.4502440658,716949.21052631026,13272.347751099682,58522.891966762108,614199.99999989371,24,38000000,0.09634228760924439,0.0027397260273972603,3661006.9291512868,760000,10030.155970277498,2082.1917808219177,1160.000000000266,3242.1917808221838,1392914.2942737883,0,75,Optimal,7.3665518129928387e-12
2924,983.53999999999996,723.25219016620088,260.28780983379909,2112.5921302631327,99.989999999989379,121.37764542934738,109.54332500002435,73.535615243528568,26.464384756471429,1792460.2408087505,day_259,40,20,24,1,99.989999999989379,109.54332500002435,0,1804572.5885598497,739407.24559209647,13207.781001099658,52057.561966759815,999899.99999989383,24,38000000,0.09634228760924439,0.0027397260273972603,3661006.9291512868,760000,10030.155970277498,2082.1917808219177,1095.4332500002436,3177.6250308221615,1794542.4325895722,0,79.166666666666657,Optimal,7.3683281698322389e-12
3070.1999999999998,861.42999999999995,657.37554016618412,204.05445983381586,2210.202105263158,211.86999999998937,94.847645429347367,85.600000000015967,76.312125206480403,23.687874793519597,2933937.6288087624,day_260,40,20,24,1,211.86999999998937,85.600000000015967,0,2946049.976559862,773570.73684210528,12968.347751099574,40810.891966763171,2118699.9999998938,24,38000000,0.09634228760924439,0.0027397260273972603,3661006.9291512868,760000,10030.155970277498,2082.1917808219177,856.00000000015962,2938.1917808220774,2936019.8205895843,0,50,Optimal,7.3718808835110394e-12
2777.8000000000002,1187.3499999999999,936.39421052629791,250.95578947370217,1841.7162049861386,11.569999999989381,121.8504155124544,109.97000000002861,78.864211102564369,21.135788897435649,811591.52963978308,day_261,40,20,24,1,11.569999999989381,109.97000000002861,0,823703.87739088247,644600.67174514849,13212.047751099701,50191.157894740434,115699.99999989381,24,38000000,0.09634228760924439,0.0027397260273972603,3661006.9291512868,760000,10030.155970277498,2082.1917808219177,1099.7000000002861,3181.8917808222041,813673.72142060497,0,70.833333333333343,Optimal,7.3701045266716392e-12
2924,683.28999999999996,683.28999999999996,0,2163.5542105263157,80.439999999989354,33.684210526315788,30.400000000010643,100,0,1561947.9736841042,day_262,40,20,24,1,80.439999999989354,30.400000000010643,0,1574060.3214352035,757243.97368421056,12416.347751099522,0,804399.99999989348,24,38000000,0.09634228760924439,0.0027397260273972603,3661006.9291512868,760000,10030.155970277498,2082.1917808219177,304.00000000010641,2386.1917808220242,1564030.165464926,0,33.333333333333329,Optimal,6.6968652845389443e-12
3070.1999999999998,308.83000000000004,308.83000000000004,0,2490.5242105263155,274.12999999998925,33.684210526315788,30.400000000010643,100,0,3613287.4736841028,day_263,40,20,24,1,274.12999999998925,30.400000000010643,0,3625399.8214352024,871683.47368421045,12416.347751099522,0,2741299.9999998924,24,38000000,0.09634228760924439,0.0027397260273972603,3661006.9291512868,760000,10030.155970277498,2082.1917808219177,304.00000000010641,2386.1917808220242,3615369.6654649246,0,16.666666666666664,Optimal,6.5512040237081237e-12
2777.8000000000002,329.13999999999999,329.13999999999999,0,2306.9442105263156,145.13454999998896,35.064210526315776,31.645450000011071,100,0,2259092.4281841,day_264,40,20,24,1,145.13454999998896,31.645450000011071,0,2271204.7759351996,807430.47368421045,12428.802251099525,0,1451345.4999998896,24,38000000,0.09634228760924439,0.0027397260273972603,3661006.9291512868,760000,10030.155970277498,2082.1917808219177,316.45450000011073,2398.6462808220285,2261174.6199649218,0,54.166666666666664,Optimal,4.8601123125990853e-12
2924,341.88,341.88,0,2426.5342105263157,158.93532499998918,34.354210526315768,31.004675000010849,100,0,2438950.2704341025,day_265,40,20,24,1,158.93532499998918,31.004675000010849,0,2451062.6181852017,849286.97368421056,12422.394501099523,0,1589353.2499998917,24,38000000,0.09634228760924439,0.0027397260273972603,3661006.9291512868,760000,10030.155970277498,2082.1917808219177,310.04675000010849,2392.2385308220264,2441032.4622149244,0,33.333333333333329,Optimal,6.3273830619436922e-12
3070.1999999999998,507.11000000000001,470.80878552631168,36.30121447368834,2313.2221052631526,292.35999999998933,63.496315789473698,57.305425000020072,92.841550260557213,7.1584497394427915,3741061.0339867342,day_266,40,20,24,1,292.35999999998933,57.305425000020072,0,3753173.3817378338,809627.73684210342,12685.402001099616,7260.2428947376684,2923599.9999998934,24,38000000,0.09634228760924439,0.0027397260273972603,3661006.9291512868,760000,10030.155970277498,2082.1917808219177,573.05425000020068,2655.2460308221184,3743143.2257675566,0,41.666666666666671,Optimal,7.3683281698322389e-12
2777.8000000000002,439.87,439.87,0,2275.2160110803247,68.079999999989397,55.03601108032494,49.67000000001066,100,0,1477622.3038780079,day_267,40,20,24,1,68.079999999989397,49.67000000001066,0,1489734.6516291071,796325.60387811367,12609.047751099522,0,680799.99999989395,24,38000000,0.09634228760924439,0.0027397260273972603,3661006.9291512868,760000,10030.155970277498,2082.1917808219177,496.70000000010657,2578.8917808220244,1479704.4956588296,0,45.833333333333329,Optimal,6.7892358401877573e-12
2924,363.44999999999999,363.44999999999999,0,2403.3242105263157,161.5064499999861,43.904210526315801,39.623550000013879,100,0,2456624.2091840715,day_268,40,20,24,1,161.5064499999861,39.623550000013879,0,2468736.5569351711,841163.47368421045,12508.583251099553,0,1615064.499999861,24,38000000,0.09634228760924439,0.0027397260273972603,3661006.9291512868,760000,10030.155970277498,2082.1917808219177,396.23550000013881,2478.4272808220567,2458706.4009648934,0,54.166666666666664,Optimal,5.574207762037986e-12
3070.1999999999998,519.64999999999998,514.4742105263158,5.175789473684226,2323.3321052631527,237.31999999998934,50.526315789473685,45.600000000015953,99.00398547605424,0.99601452394577628,3187857.3947367338,day_269,40,20,24,1,237.31999999998934,45.600000000015953,0,3199969.7424878334,813166.23684210342,12568.347751099574,1035.1578947368453,2373199.9999998934,24,38000000,0.09634228760924439,0.0027397260273972603,3661006.9291512868,760000,10030.155970277498,2082.1917808219177,456.0000000001595,2538.1917808220774,3189939.5865175556,0,37.5,Optimal,7.3114847509714309e-12
2777.8000000000002,535.25999999999999,486.12236815624919,49.137631843750839,2214.6138177631383,86.569999999989392,97.499342763153109,87.993156843776489,90.819857294819201,9.1801427051808169,1651522.2941541802,day_270,40,20,24,1,86.569999999989392,87.993156843776489,0,1663634.6419052798,775114.8362170984,12992.27931953718,9827.5263687501683,865699.99999989395,24,38000000,0.09634228760924439,0.0027397260273972603,3661006.9291512868,760000,10030.155970277498,2082.1917808219177,879.93156843776489,2962.1233492596825,1653604.4859350023,0,75,Optimal,6.8283156906545628e-12
2924,579.75999999999999,541.88719537006841,37.872804629931636,2263.9727927631416,125.54999999998935,75.999878289470004,68.589890156270698,93.467502996079148,6.5324970039208701,2056150.9372945421,day_271,40,20,24,1,125.54999999998935,68.589890156270698,0,2068263.2850456417,792390.47746709955,12798.246652662123,7574.5609259863268,1255499.9999998936,24,38000000,0.09634228760924439,0.0027397260273972603,3661006.9291512868,760000,10030.155970277498,2082.1917808219177,685.89890156270701,2768.0906823846249,2058233.1290753642,0,70.833333333333343,Optimal,6.1834981579522719e-12
3070.1999999999998,465.24000000000001,465.24000000000001,0,2387.3042105263157,220.93999999998931,33.684210526315766,30.400000000010643,100,0,3045260.4736841032,day_272,40,20,24,1,220.93999999998931,30.400000000010643,0,3057372.8214352028,835556.47368421056,12416.347751099522,0,2209399.9999998929,24,38000000,0.09634228760924439,0.0027397260273972603,3661006.9291512868,760000,10030.155970277498,2082.1917808219177,304.00000000010641,2386.1917808220242,3047342.6654649256,0,25,Optimal,7.2013506269286154e-12
2777.8000000000002,538.41000000000008,471.33202383508365,67.077976164916407,2207.8206597966596,106.61304999998752,81.699832120579572,73.734098488848872,87.541469109987489,12.458530890012518,1853020.6671465775,day_273,40,20,24,1,106.61304999998752,73.734098488848872,0,1865133.0148976771,772737.2309288308,12849.688735987904,13415.595232983282,1066130.4999998752,24,38000000,0.09634228760924439,0.0027397260273972603,3661006.9291512868,760000,10030.155970277498,2082.1917808219177,737.34098488848872,2819.5327657104062,1855102.8589273996,0,70.833333333333343,Optimal,7.3736572403504397e-12
2924,321.68000000000001,321.68000000000001,0,2420.8242105263157,184.87554999998903,34.664210526315813,31.284450000010963,100,0,2696356.818184101,day_274,40,20,24,1,184.87554999998903,31.284450000010963,0,2708469.1659352002,847288.47368421045,12425.192251099525,0,1848755.4999998903,24,38000000,0.09634228760924439,0.0027397260273972603,3661006.9291512868,760000,10030.155970277498,2082.1917808219177,312.84450000010963,2395.0362808220275,2698439.0099649224,0,33.333333333333329,Optimal,6.4543925759608101e-12
3070.1999999999998,282.48000000000002,282.48000000000002,0,2513.5342105263157,277.46999999998934,33.684210526315788,30.400000000010639,100,0,3654740.9736841042,day_275,40,20,24,1,277.46999999998934,30.400000000010639,0,3666853.3214352033,879736.97368421056,12416.347751099522,0,2774699.9999998934,24,38000000,0.09634228760924439,0.0027397260273972603,3661006.9291512868,760000,10030.155970277498,2082.1917808219177,304.00000000010641,2386.1917808220242,3656823.1654649256,0,25,Optimal,4.7286619064834667e-12
2777.8000000000002,415.13,415.13,0,2351.7042105263158,14.249999999989367,33.684210526315788,30.400000000010643,100,0,965900.47368410428,day_276,40,20,24,1,14.249999999989367,30.400000000010643,0,978012.82143520378,823096.47368421056,12416.347751099522,0,142499.99999989365,24,38000000,0.09634228760924439,0.0027397260273972603,3661006.9291512868,760000,10030.155970277498,2082.1917808219177,304.00000000010641,2386.1917808220242,967982.66546492628,0,29.166666666666668,Optimal,5.1034731995969196e-12
2924,968.66000000000008,886.66487534625253,81.995124653747368,2025.7827989123457,18.669999999989344,73.001787267802058,65.884113009214431,91.535200725357967,8.4647992746420169,912781.84568005602,day_277,40,20,24,1,18.669999999989344,65.884113009214431,0,924894.19343115529,709023.97961932095,12771.18888119156,16399.024930749474,186699.99999989342,24,38000000,0.09634228760924439,0.0027397260273972603,3661006.9291512868,760000,10030.155970277498,2082.1917808219177,658.84113009214434,2741.0329109140621,914864.03746087779,0,62.5,Optimal,7.3665518129928387e-12
3070.1999999999998,989.88999999999999,839.33487534624726,150.55512465375276,2134.5124653739517,106.03999999998938,99.357340720204505,89.670000000015946,84.79072173132846,15.209278268671545,1838487.0878115278,day_278,40,20,24,1,106.03999999998938,89.670000000015946,0,1850599.4355626272,747079.36288088316,13009.047751099575,30111.024930750551,1060399.9999998938,24,38000000,0.09634228760924439,0.0027397260273972603,3661006.9291512868,760000,10030.155970277498,2082.1917808219177,896.70000000015943,2978.8917808220772,1840569.2795923497,0,75,Optimal,7.3683281698322389e-12
2777.8000000000002,434.83000000000004,434.82999999999998,0,2278.2848476454283,68.219999999989383,36.254847645428448,32.720000000010629,99.999999999999986,0,1479926.8966757939,day_279,40,20,24,1,68.219999999989383,32.720000000010629,0,1492039.2444268933,797399.6966758999,12439.547751099522,0,682199.99999989383,24,38000000,0.09634228760924439,0.0027397260273972603,3661006.9291512868,760000,10030.155970277498,2082.1917808219177,327.20000000010629,2409.391780822024,1482009.0884566158,0,29.166666666666668,Optimal,6.8851591095153708e-12
2924,599.91999999999996,540.70259999999257,59.217400000007459,2210.9921052631526,179.93097499998811,78.212105263157866,70.58642500002469,90.129117215627517,9.8708827843724922,2585706.331091986,day_280,40,20,24,1,179.93097499998811,70.58642500002469,0,2597818.6788430857,773847.23684210342,12818.212001099662,11843.480000001491,1799309.749999881,24,38000000,0.09634228760924439,0.0027397260273972603,3661006.9291512868,760000,10030.155970277498,2082.1917808219177,705.8642500002469,2788.0560308221648,2587788.5228728084,0,62.5,Optimal,7.3523409582776367e-12
3070.1999999999998,580,511.23737499999066,68.762625000009308,2265.2621052631525,301.48999999998927,79.892105263157887,72.102625000025242,88.144374999998391,11.855625000001606,3822215.2880919976,day_281,40,20,24,1,301.48999999998927,72.102625000025242,0,3834327.6358430972,792841.73684210342,12833.374001099668,13752.525000001862,3014899.9999998924,24,38000000,0.09634228760924439,0.0027397260273972603,3661006.9291512868,760000,10030.155970277498,2082.1917808219177,721.02625000025239,2803.21803082217,3824297.47987282,0,50,Optimal,7.3665518129928387e-12
2777.8000000000002,254.18000000000001,254.18000000000001,0,2377.1242105263159,149.90187499998899,34.93421052631578,31.52812500001103,100,0,2331327.5049341004,day_282,40,20,24,1,149.90187499998899,31.52812500001103,0,2343439.8526852001,831993.47368421056,12427.629001099525,0,1499018.7499998899,24,38000000,0.09634228760924439,0.0027397260273972603,3661006.9291512868,760000,10030.155970277498,2082.1917808219177,315.28125000011028,2397.4730308220278,2333409.6967149228,0,41.666666666666671,Optimal,5.4249937875283649e-12
2924,707.81999999999994,511.78554016618955,196.03445983381047,2215.2221052631526,206.23999999998938,94.847645429347367,85.600000000015967,72.304475737643685,27.695524262356319,2877790.6288087592,day_283,40,20,24,1,206.23999999998938,85.600000000015967,0,2889902.9765598588,775327.73684210342,12968.347751099574,39206.891966762094,2062399.9999998938,24,38000000,0.09634228760924439,0.0027397260273972603,3661006.9291512868,760000,10030.155970277498,2082.1917808219177,856.00000000015962,2938.1917808220774,2879872.8205895815,0,45.833333333333329,Optimal,7.3718808835110394e-12
3070.1999999999998,427.36000000000001,427.36000000000001,0,2381.3942105263159,264.72999999998933,33.684210526315788,30.400000000010643,100,0,3481091.9736841042,day_284,40,20,24,1,264.72999999998933,30.400000000010643,0,3493204.3214352033,833487.97368421056,12416.347751099522,0,2647299.9999998934,24,38000000,0.09634228760924439,0.0027397260273972603,3661006.9291512868,760000,10030.155970277498,2082.1917808219177,304.00000000010641,2386.1917808220242,3483174.1654649256,0,25,Optimal,6.4659388954169117e-12
2777.8000000000002,539.33000000000004,460.98421052630283,78.345789473697167,2192.4021052631579,131.97054999998844,77.506315789473675,69.949450000024484,85.473496843547139,14.526503156452851,2103414.8892367291,day_285,40,20,24,1,131.97054999998844,69.949450000024484,0,2115527.2369878287,767340.73684210528,12811.842251099661,15669.157894739434,1319705.4999998843,24,38000000,0.09634228760924439,0.0027397260273972603,3661006.9291512868,760000,10030.155970277498,2082.1917808219177,699.4945000002449,2781.6862808221626,2105497.081017551,0,62.5,Optimal,7.1764816311770119e-12
2924,672.27999999999997,508.33144999998655,163.94855000001346,2186.9521052631526,237.78999999998936,93.062105263157889,83.988550000029392,75.613055572081066,24.386944427918941,3176962.8323420002,day_286,40,20,24,1,237.78999999998936,83.988550000029392,0,3189075.1800930994,765433.23684210342,12952.233251099709,32789.710000002691,2377899.9999998938,24,38000000,0.09634228760924439,0.0027397260273972603,3661006.9291512868,760000,10030.155970277498,2082.1917808219177,839.88550000029386,2922.0772808222118,3179045.0241228221,0,45.833333333333329,Optimal,7.3692163482519391e-12
3070.1999999999998,809.60000000000002,548.59247499998014,261.00752500001977,2199.722105263158,331.2699999999893,96.252105263157887,86.867525000030412,67.760928236163551,32.239071763836435,4135672.9170920025,day_287,40,20,24,1,331.2699999999893,86.867525000030412,0,4147785.2648431016,769902.73684210528,12981.023001099718,52201.505000003956,3312699.9999998929,24,38000000,0.09634228760924439,0.0027397260273972603,3661006.9291512868,760000,10030.155970277498,2082.1917808219177,868.67525000030412,2950.8670308222217,4137755.1088728243,0,45.833333333333329,Optimal,7.3701045266716392e-12
2777.8000000000002,850.32999999999993,542.54554016618408,307.7844598338159,2132.1121052631579,113.36109999998619,104.80764542934739,94.588900000019137,63.804116068606788,36.195883931393212,1942353.0178087305,day_288,40,20,24,1,113.36109999998619,94.588900000019137,0,1954465.3655598299,746239.23684210528,13058.236751099606,61556.891966763178,1133610.9999998619,24,38000000,0.09634228760924439,0.0027397260273972603,3661006.9291512868,760000,10030.155970277498,2082.1917808219177,945.88900000019134,3028.0807808221089,1944435.2095895524,0,70.833333333333343,Optimal,7.3736572403504397e-12
2924,1038.28,776.64421052629791,261.63578947370218,2060.7503047091304,98.419999999989386,121.17451523544632,109.36000000002859,74.80103734313461,25.198962656865408,1758883.3645428303,day_289,40,20,24,1,98.419999999989386,109.36000000002859,0,1770995.7122939297,721262.60664819565,13205.947751099702,52327.157894740434,984199.99999989383,24,38000000,0.09634228760924439,0.0027397260273972603,3661006.9291512868,760000,10030.155970277498,2082.1917808219177,1093.6000000002859,3175.7917808222037,1760965.5563236522,0,70.833333333333343,Optimal,7.3683281698322389e-12
3070.1999999999998,910,698.09554016618949,211.90445983381051,2212.3521052631527,171.29417499998189,118.37764542934738,106.83582500002342,76.713795622658182,23.286204377341814,2530714.2370586847,day_290,40,20,24,1,171.29417499998189,106.83582500002342,0,2542826.5848097838,774323.23684210342,13180.70600109965,42380.891966762101,1712941.7499998189,24,38000000,0.09634228760924439,0.0027397260273972603,3661006.9291512868,760000,10030.155970277498,2082.1917808219177,1068.3582500002342,3150.5500308221517,2532796.4288395066,0,66.666666666666657,Optimal,7.3709927050913393e-12
2777.8000000000002,1221.6599999999999,1221.6599999999999,0,1555.4181302631528,5.5999999999893593,50.032105263157845,45.153975000015762,100,0,600847.88534199714,day_291,40,20,24,1,5.5999999999893593,45.153975000015762,0,612960.23309309664,544396.34559210343,12563.887501099573,0,55999.999999893589,24,38000000,0.09634228760924439,0.0027397260273972603,3661006.9291512868,760000,10030.155970277498,2082.1917808219177,451.5397500001576,2533.7315308220755,602930.07712281914,0,54.166666666666664,Optimal,5.8051341511600185e-12
2924,1002.8600000000001,702.53431516618923,300.32568483381078,2105.8957802631426,127.91999999998937,126.6676454293474,114.31755000002605,70.053079708652163,29.946920291347819,2077471.8355587563,day_292,40,20,24,1,127.91999999998937,114.31755000002605,0,2089584.1833098554,737063.52309209993,13255.523251099676,60065.136966762155,1279199.9999998938,24,38000000,0.09634228760924439,0.0027397260273972603,3661006.9291512868,760000,10030.155970277498,2082.1917808219177,1143.1755000002604,3225.3672808221781,2079554.0273395779,0,79.166666666666657,Optimal,7.3683281698322389e-12
3070.1999999999998,760.1099999999999,520.96554016618427,239.1444598338158,2225.4321052631576,333.04999999998932,94.847645429347367,85.600000000015953,68.538177390928197,31.461822609071824,4158086.1288087619,day_293,40,20,24,1,333.04999999998932,85.600000000015953,0,4170198.4765598616,778901.23684210517,12968.347751099574,47828.891966763164,3330499.9999998934,24,38000000,0.09634228760924439,0.0027397260273972603,3661006.9291512868,760000,10030.155970277498,2082.1917808219177,856.0000000001595,2938.1917808220774,4160168.3205895843,0,45.833333333333329,Optimal,7.3709927050913393e-12
2777.8000000000002,756.57000000000005,484.44554016618412,272.12445983381588,2159.3221052631579,143.62807499998823,98.417645429347388,88.821925000017103,64.031819946096746,35.968180053903254,2247356.5980587509,day_294,40,20,24,1,143.62807499998823,88.821925000017103,0,2259468.9458098505,755762.73684210528,13000.567001099585,54424.891966763178,1436280.7499998822,24,38000000,0.09634228760924439,0.0027397260273972603,3661006.9291512868,760000,10030.155970277498,2082.1917808219177,888.21925000017109,2970.4110308220888,2249438.7898395732,0,62.5,Optimal,7.3736572403504397e-12
2924,800.13999999999999,567.02554016618421,233.11445983381583,2199.5021052631578,168.40967499998391,112.17764542934738,101.24032500002146,70.865791007346743,29.134208992653264,2501557.7820587079,day_295,40,20,24,1,168.40967499998391,101.24032500002146,0,2513670.1298098071,769825.73684210517,13124.75100109963,46622.891966763164,1684096.7499998391,24,38000000,0.09634228760924439,0.0027397260273972603,3661006.9291512868,760000,10030.155970277498,2082.1917808219177,1012.4032500002146,3094.5950308221322,2503639.9738395298,0,70.833333333333343,Optimal,7.3736572403504397e-12
3070.1999999999998,662.18999999999994,503.18554016618947,159.00445983381053,2249.1721052631524,327.08999999998935,94.847645429347367,85.600000000015967,75.988091056371957,24.011908943628043,4090767.1288087587,day_296,40,20,24,1,327.08999999998935,85.600000000015967,0,4102879.4765598583,787210.2368421033,12968.347751099574,31800.891966762105,3270899.9999998934,24,38000000,0.09634228760924439,0.0027397260273972603,3661006.9291512868,760000,10030.155970277498,2082.1917808219177,856.00000000015962,2938.1917808220774,4092849.3205895806,0,54.166666666666664,Optimal,7.3701045266716392e-12
2777.8000000000002,211.35000000000002,211.35000000000002,0,2415.5542105263157,154.30187499998902,34.934210526315766,31.528125000011027,100,0,2388778.0049341009,day_297,40,20,24,1,154.30187499998902,31.528125000011027,0,2400890.3526852005,845443.97368421056,12427.629001099525,0,1543018.7499998903,24,38000000,0.09634228760924439,0.0027397260273972603,3661006.9291512868,760000,10030.155970277498,2082.1917808219177,315.28125000011028,2397.4730308220278,2390860.1967149228,0,37.5,Optimal,6.2101435105432756e-12
2924,626.63,533.54487534625264,93.085124653747357,2252.0221052631528,147.59382499998267,93.956980609410522,84.796175000022686,85.145121578324151,14.854878421675846,2283610.9735226799,day_298,40,20,24,1,147.59382499998267,84.796175000022686,0,2295723.3212737795,788207.73684210342,12960.309501099642,18617.024930749471,1475938.2499998268,24,38000000,0.09634228760924439,0.0027397260273972603,3661006.9291512868,760000,10030.155970277498,2082.1917808219177,847.96175000022686,2930.1535308221446,2285693.1653035022,0,75,Optimal,7.3701045266716392e-12
3070.1999999999998,227.34,227.34,0,2524.1942105263156,321.9499999999893,33.684210526315788,30.400000000010643,100,0,4103271.9736841032,day_299,40,20,24,1,321.9499999999893,30.400000000010643,0,4115384.3214352028,883467.97368421045,12416.347751099522,0,3219499.9999998929,24,38000000,0.09634228760924439,0.0027397260273972603,3661006.9291512868,760000,10030.155970277498,2082.1917808219177,304.00000000010641,2386.1917808220242,4105354.1654649256,0,16.666666666666664,Optimal,6.4375171859865077e-12
2777.8000000000002,364.78999999999996,364.78999999999996,0,2264.8115802631555,152.361874999989,42.702105263157875,38.538650000013476,100.00000000000001,0,2316688.1895919945,day_300,40,20,24,1,152.361874999989,38.538650000013476,0,2328800.5373430937,792684.05309210438,12497.73425109955,0,1523618.7499998899,24,38000000,0.09634228760924439,0.0027397260273972603,3661006.9291512868,760000,10030.155970277498,2082.1917808219177,385.38650000013479,2467.5782808220524,2318770.3813728159,0,54.166666666666664,Optimal,6.0893512454640586e-12
2924,512.98000000000002,450.34487534625265,62.635124653747333,2235.0221052631528,245.71999999998934,72.686980609410526,65.600000000015967,87.78994801868545,12.210051981314541,3252640.7617727462,day_301,40,20,24,1,245.71999999998934,65.600000000015967,0,3264753.1095238458,782257.73684210342,12768.347751099574,12527.024930749467,2457199.9999998934,24,38000000,0.09634228760924439,0.0027397260273972603,3661006.9291512868,760000,10030.155970277498,2082.1917808219177,656.00000000015962,2738.1917808220774,3254722.9535535686,0,50,Optimal,7.3683281698322389e-12
3070.1999999999998,708.62,562.00632499998642,146.6136750000135,2240.0621052631527,277.20999999998935,93.1121052631579,84.033675000029433,79.309972199484406,20.69002780051558,3586284.8085919996,day_302,40,20,24,1,277.20999999998935,84.033675000029433,0,3598397.1563430992,784021.73684210342,12952.684501099709,29322.7350000027,2772099.9999998934,24,38000000,0.09634228760924439,0.0027397260273972603,3661006.9291512868,760000,10030.155970277498,2082.1917808219177,840.33675000029439,2922.5285308222119,3588367.0003728215,0,50,Optimal,7.3683281698322389e-12
2777.8000000000002,773.41000000000008,558.37554016618947,215.03445983381056,2164.4621052631528,66.114174999983192,114.37764542934737,103.22582500002214,72.196576222985144,27.803423777014846,1462742.6370586979,day_303,40,20,24,1,66.114174999983192,103.22582500002214,0,1474854.9848097973,757561.73684210354,13144.606001099637,43006.891966762108,661141.7499998319,24,38000000,0.09634228760924439,0.0027397260273972603,3661006.9291512868,760000,10030.155970277498,2082.1917808219177,1032.2582500002213,3114.4500308221391,1464824.8288395198,0,75,Optimal,7.3736572403504397e-12
2924,940.85000000000014,701.98554016618414,238.86445983381586,2163.3863157894734,71.159999999978723,128.53185595566316,116.0000000000266,74.611844626261785,25.388155373738197,1517718.1024928663,day_304,40,20,24,1,71.159999999978723,116.0000000000266,0,1529830.4502439657,757185.21052631573,13272.347751099682,47772.891966763171,711599.99999978719,24,38000000,0.09634228760924439,0.0027397260273972603,3661006.9291512868,760000,10030.155970277498,2082.1917808219177,1160.000000000266,3242.1917808221838,1519800.2942736882,0,70.833333333333343,Optimal,7.3736572403504397e-12
3070.1999999999998,786.35000000000002,557.74554016618947,228.60445983381055,2237.0821052631527,284.61999999998932,94.847645429347367,85.600000000015967,70.92840849064531,29.071591509354683,3675755.6288087592,day_305,40,20,24,1,284.61999999998932,85.600000000015967,0,3687867.9765598588,782978.73684210342,12968.347751099574,45720.891966762108,2846199.9999998934,24,38000000,0.09634228760924439,0.0027397260273972603,3661006.9291512868,760000,10030.155970277498,2082.1917808219177,856.00000000015962,2938.1917808220774,3677837.8205895815,0,45.833333333333329,Optimal,7.3727690619307396e-12
2777.8000000000002,867.44000000000005,813.01487534625267,54.425124653747346,1937.763933517997,34.97999999998936,81.628808864255063,73.670000000015989,93.725776462493386,6.27422353750661,1039639.1016619422,day_306,40,20,24,1,34.97999999998936,73.670000000015989,0,1051751.4494130416,678217.37673129898,12849.047751099575,10885.024930749469,349799.9999998936,24,38000000,0.09634228760924439,0.0027397260273972603,3661006.9291512868,760000,10030.155970277498,2082.1917808219177,736.70000000015989,2818.8917808220776,1041721.2934427641,0,54.166666666666664,Optimal,7.3674399914125388e-12
2924,263.70000000000005,263.70000000000005,0,2490.3742105263159,173.20999999998935,33.684210526315788,30.400000000010643,100,0,2604034.9736841042,day_307,40,20,24,1,173.20999999998935,30.400000000010643,0,2616147.3214352038,871630.97368421056,12416.347751099522,0,1732099.9999998936,24,38000000,0.09634228760924439,0.0027397260273972603,3661006.9291512868,760000,10030.155970277498,2082.1917808219177,304.00000000010641,2386.1917808220242,2606117.1654649265,0,25,Optimal,6.0076388308516471e-12
3070.1999999999998,856.06999999999994,856.06999999999994,0,2083.1154302631526,135.91999999998939,50.312105263157932,45.40667500001593,100.00000000000001,0,2088744.4673419974,day_308,40,20,24,1,135.91999999998939,45.40667500001593,0,2100856.8150930968,729090.40059210337,12566.414501099574,0,1359199.9999998938,24,38000000,0.09634228760924439,0.0027397260273972603,3661006.9291512868,760000,10030.155970277498,2082.1917808219177,454.06675000015929,2536.2585308220769,2090826.6591228193,0,37.5,Optimal,5.5306870194726798e-12
2777.8000000000002,785.97000000000003,500.98554016618414,284.98445983381589,2155.532105263158,130.70842499998881,96.677645429347379,87.251575000016544,63.741051206303567,36.258948793696433,2119389.8945587566,day_309,40,20,24,1,130.70842499998881,87.251575000016544,0,2131502.2423098562,754436.23684210528,12984.86350109958,56996.891966763178,1307084.249999888,24,38000000,0.09634228760924439,0.0027397260273972603,3661006.9291512868,760000,10030.155970277498,2082.1917808219177,872.51575000016544,2954.7075308220833,2121472.086339579,0,58.333333333333336,Optimal,7.3736572403504397e-12
2924,972.81000000000006,764.13032499998303,208.679675000017,2047.0336565096836,124.58999999998936,120.55365650968372,108.79967500002765,78.548773655696692,21.451226344303308,2005185.7115282866,day_310,40,20,24,1,124.58999999998936,108.79967500002765,0,2017298.059279386,716461.77977838926,13200.344501099691,41735.935000003403,1245899.9999998936,24,38000000,0.09634228760924439,0.0027397260273972603,3661006.9291512868,760000,10030.155970277498,2082.1917808219177,1087.9967500002765,3170.1885308221945,2007267.9033091085,0,70.833333333333343,Optimal,7.1320727101920056e-12
3070.1999999999998,654.63,569.6272249999912,85.002775000008825,2245.4921052631526,262.92669999998861,80.472105263157914,72.626075000025452,87.015142141360954,12.984857858639051,3432916.0525919916,day_311,40,20,24,1,262.92669999998861,72.626075000025452,0,3445028.4003430908,785922.23684210342,12838.60850109967,17000.555000001765,2629266.9999998859,24,38000000,0.09634228760924439,0.0027397260273972603,3661006.9291512868,760000,10030.155970277498,2082.1917808219177,726.26075000025457,2808.4525308221723,3434998.244372813,0,62.5,Optimal,7.3683281698322389e-12
2777.8000000000002,1093.76,1052.4093499999972,41.350650000002858,1729.5499999999893,0,42.660000000000004,38.500650000013479,96.219403708308704,3.780596291691309,613997.636499997,day_312,40,20,24,1,0,38.500650000013479,0,626109.98425109638,605342.49999999627,12497.35425109955,8270.1300000005722,0,24,38000000,0.09634228760924439,0.0027397260273972603,3661006.9291512868,760000,10030.155970277498,2082.1917808219177,385.00650000013479,2467.1982808220528,616079.82828081888,0,33.333333333333329,Optimal,5.60262947146839e-12
2924,560.69000000000005,560.69000000000005,0,2287.8142105263159,80.939624999982328,55.834210526315786,50.390375000017656,100,0,1610635.1274340341,day_313,40,20,24,1,80.939624999982328,50.390375000017656,0,1622747.4751851335,800734.97368421056,12616.251501099592,0,809396.24999982328,24,38000000,0.09634228760924439,0.0027397260273972603,3661006.9291512868,760000,10030.155970277498,2082.1917808219177,503.90375000017656,2586.0955308220941,1612717.319214856,0,58.333333333333336,Optimal,5.6843418860808015e-12
3070.1999999999998,1154.5800000000002,1154.5800000000002,0,1915.6199999999999,0,0,0,100,0,670467,day_314,40,20,24,1,0,0,0,682579.34775109938,670467,12112.347751099416,0,0,24,38000000,0.09634228760924439,0.0027397260273972603,3661006.9291512868,760000,10030.155970277498,2082.1917808219177,0,2082.1917808219177,672549.19178082189,0,0,Optimal,5.6843418860808015e-14
2777.8000000000002,1076.73,889.21421052629785,187.51578947370217,1886.1683102493046,12.039999999989369,98.69252077562038,89.070000000028585,82.584697233874579,17.415302766125414,818952.76648189104,day_315,40,20,24,1,12.039999999989369,89.070000000028585,0,831065.11423299043,660158.90858725656,13003.047751099701,37503.157894740434,120399.9999998937,24,38000000,0.09634228760924439,0.0027397260273972603,3661006.9291512868,760000,10030.155970277498,2082.1917808219177,890.70000000028585,2972.8917808222036,821034.95826271293,0,62.5,Optimal,7.3701045266716392e-12
2924,259.13,259.13,0,2413.484210526316,254.66999999998936,33.684210526315788,30.400000000010643,100,0,3391723.4736841042,day_316,40,20,24,1,254.66999999998936,30.400000000010643,0,3403835.8214352033,844719.47368421056,12416.347751099522,0,2546699.9999998934,24,38000000,0.09634228760924439,0.0027397260273972603,3661006.9291512868,760000,10030.155970277498,2082.1917808219177,304.00000000010641,2386.1917808220242,3393805.6654649256,0,20.833333333333336,Optimal,7.3328010330442339e-12
3070.1999999999998,557.58000000000004,467.46424999999221,90.115750000007836,2263.5621052631527,346.49999999998931,75.14210526315793,67.815750000023769,83.838059112592305,16.161940887407695,4275948.0443419991,day_317,40,20,24,1,346.49999999998931,67.815750000023769,0,4288060.3920930978,792246.73684210342,12790.505251099654,18023.150000001566,3464999.9999998934,24,38000000,0.09634228760924439,0.0027397260273972603,3661006.9291512868,760000,10030.155970277498,2082.1917808219177,678.15750000023763,2760.3492808221554,4278030.2361228205,0,41.666666666666671,Optimal,6.9881878062005853e-12
2777.8000000000002,541.34000000000003,541.34000000000003,0,2208.5693074792143,33.959999999989378,62.249307479214359,56.180000000010658,100,0,1113161.0576176189,day_318,40,20,24,1,33.959999999989378,56.180000000010658,0,1125273.4053687183,772999.25761772506,12674.147751099521,0,339599.99999989377,24,38000000,0.09634228760924439,0.0027397260273972603,3661006.9291512868,760000,10030.155970277498,2082.1917808219177,561.80000000010659,2643.9917808220243,1115243.2493984408,0,45.833333333333329,Optimal,5.9401372709544376e-12
2924,1211.23,659.77444999997908,551.45555000002093,2118.8421052631579,155.11999999998935,99.862105263157915,90.125550000031566,54.471442252914734,45.528557747085273,2403987.1023420035,day_319,40,20,24,1,155.11999999998935,90.125550000031566,0,2416099.4500931026,741594.73684210528,13013.603251099732,110291.11000000419,1551199.9999998934,24,38000000,0.09634228760924439,0.0027397260273972603,3661006.9291512868,760000,10030.155970277498,2082.1917808219177,901.25550000031569,2983.4472808222336,2406069.2941228254,0,66.666666666666657,Optimal,6.6542327203933382e-12
3070.1999999999998,803.52999999999997,578.4455401661894,225.08445983381057,2236.7321052631523,264.37822499998896,95.957645429347352,86.601775000016303,71.988045271015324,28.01195472898468,3472521.3965587551,day_320,40,20,24,1,264.37822499998896,86.601775000016303,0,3484633.7443098547,782856.2368421033,12978.365501099579,45016.891966762116,2643782.2499998896,24,38000000,0.09634228760924439,0.0027397260273972603,3661006.9291512868,760000,10030.155970277498,2082.1917808219177,866.01775000016301,2948.2095308220805,3474603.5883395774,0,62.5,Optimal,7.3709927050913393e-12
2777.8000000000002,747.75999999999999,571.37714016621032,176.38285983378967,2176.5497052631213,42.34999999998935,127.96764542934734,115.49080000002643,76.411835370467841,23.588164629532159,1221723.8768087439,day_321,40,20,24,1,42.34999999998935,115.49080000002643,0,1233836.2245598435,761792.39684209239,13267.255751099679,35276.571966757932,423499.99999989348,24,38000000,0.09634228760924439,0.0027397260273972603,3661006.9291512868,760000,10030.155970277498,2082.1917808219177,1154.9080000002643,3237.0997808221819,1223806.068589566,0,87.5,Optimal,7.3718808835110394e-12
2924,663.68000000000006,465.37429999998619,198.30570000001384,2232.0521052631525,235.76999999998935,94.322105263157894,85.125700000029809,70.120283871743325,29.879716128256664,3179430.6338419998,day_322,40,20,24,1,235.76999999998935,85.125700000029809,0,3191542.9815930994,781218.23684210342,12963.604751099712,39661.140000002772,2357699.9999998934,24,38000000,0.09634228760924439,0.0027397260273972603,3661006.9291512868,760000,10030.155970277498,2082.1917808219177,851.25700000029815,2933.4487808222157,3181512.8256228222,0,50,Optimal,7.3718808835110394e-12
3070.1999999999998,784.54000000000008,662.27927499998918,122.26072500001086,2244.7121052631524,174.16977499998055,112.42210526315793,101.46095000003555,84.41625347337154,15.583746526628451,2552813.7413419113,day_323,40,20,24,1,174.16977499998055,101.46095000003555,0,2564926.0890930109,785649.2368421033,13126.957251099771,24452.145000002172,1741697.7499998054,24,38000000,0.09634228760924439,0.0027397260273972603,3661006.9291512868,760000,10030.155970277498,2082.1917808219177,1014.6095000003555,3096.8012808222734,2554895.9331227336,0,79.166666666666657,Optimal,7.3736572403504397e-12
2777.8000000000002,721.31999999999994,530.94554016621066,190.3744598337893,2186.4563157894363,72.929999999989391,128.53185595566316,116.0000000000266,73.607489070899277,26.39251092910072,1533794.6024929548,day_324,40,20,24,1,72.929999999989391,116.0000000000266,0,1545906.9502440542,765259.71052630269,13272.347751099682,38074.891966757859,729299.99999989395,24,38000000,0.09634228760924439,0.0027397260273972603,3661006.9291512868,760000,10030.155970277498,2082.1917808219177,1160.000000000266,3242.1917808221838,1535876.7942737767,0,83.333333333333343,Optimal,7.3736572403504397e-12
2924,404.80000000000001,404.80000000000001,0,2297.9842105263156,224.49999999998934,33.684210526315788,30.400000000010643,100,0,3049598.4736841037,day_325,40,20,24,1,224.49999999998934,30.400000000010643,0,3061710.8214352033,804294.47368421045,12416.347751099522,0,2244999.9999998934,24,38000000,0.09634228760924439,0.0027397260273972603,3661006.9291512868,760000,10030.155970277498,2082.1917808219177,304.00000000010641,2386.1917808220242,3051680.6654649256,0,20.833333333333336,Optimal,5.1620929752971279e-12
3070.1999999999998,1836.9400000000001,1091.4540997229683,745.48590027703176,1913.3953462603779,77.84999999998935,128.19944598334638,115.7000000000106,59.416970599092416,40.583029400907584,1598442.5512464321,day_326,40,20,24,1,77.84999999998935,115.7000000000106,0,1610554.8989975317,669688.37119113223,13269.347751099522,149097.18005540635,778499.99999989348,24,38000000,0.09634228760924439,0.0027397260273972603,3661006.9291512868,760000,10030.155970277498,2082.1917808219177,1157.000000000106,3239.1917808220237,1600524.7430272542,0,70.833333333333343,Optimal,7.3736572403504397e-12
2777.8000000000002,825.33999999999992,691.59847500000797,133.74152499999198,2097.0990027700368,0,111.76900277005279,100.87152500000796,83.795584244070071,16.204415755929919,761741.67121951142,day_327,40,20,24,1,0,100.87152500000796,0,773854.01897061081,733984.65096951288,13121.063001099496,26748.304999998396,0,24,38000000,0.09634228760924439,0.0027397260273972603,3661006.9291512868,760000,10030.155970277498,2082.1917808219177,1008.7152500000797,3090.9070308219975,763823.86300033331,0,75,Optimal,7.3718808835110394e-12
2924,620.42999999999995,578.43963552630976,41.990364473690221,2257.1163157894684,98.50999999997876,103.24052631578948,93.174575000032632,93.232054466468384,6.7679455335316199,1784420.5291708398,day_328,40,20,24,1,98.50999999997876,93.174575000032632,0,1796532.8769219392,789990.71052631398,13044.093501099742,8398.0728947380449,985099.99999978754,24,38000000,0.09634228760924439,0.0027397260273972603,3661006.9291512868,760000,10030.155970277498,2082.1917808219177,931.74575000032632,3013.9375308222443,1786502.7209516617,0,66.666666666666657,Optimal,7.3256956056866329e-12
3070.1999999999998,375.46000000000004,375.46000000000004,0,2400.6842105263158,297.33999999998929,33.684210526315788,30.400000000010643,99.999999999999986,0,3813943.4736841032,day_329,40,20,24,1,297.33999999998929,30.400000000010643,0,3826055.8214352028,840239.47368421056,12416.347751099522,0,2973399.9999998929,24,38000000,0.09634228760924439,0.0027397260273972603,3661006.9291512868,760000,10030.155970277498,2082.1917808219177,304.00000000010641,2386.1917808220242,3816025.6654649256,0,20.833333333333336,Optimal,6.0751403907488566e-12
2777.8000000000002,564.83000000000004,420.68284999998747,144.14715000001252,2218.6221052631527,147.40187499998896,91.352105263157881,82.445275000028857,74.479551369436365,25.520448630563621,2280190.3695919956,day_330,40,20,24,1,147.40187499998896,82.445275000028857,0,2292302.7173430952,776517.73684210342,12936.800501099704,28829.430000002503,1474018.7499998896,24,38000000,0.09634228760924439,0.0027397260273972603,3661006.9291512868,760000,10030.155970277498,2082.1917808219177,824.45275000028857,2906.6445308222064,2282272.5613728175,0,58.333333333333336,Optimal,7.1658234901406104e-12
2924,759.23000000000002,564.5553141875057,194.67468581249437,2243.3640802631226,128.26999999998938,125.01943026314784,112.83003581253044,74.35893131034149,25.641068689658521,2107940.665612611,day_331,40,20,24,1,128.26999999998938,112.83003581253044,0,2120053.0133637101,785177.42809209286,13240.64810922472,38934.937162498878,1282699.9999998938,24,38000000,0.09634228760924439,0.0027397260273972603,3661006.9291512868,760000,10030.155970277498,2082.1917808219177,1128.3003581253045,3210.492138947222,2110022.8573934324,0,83.333333333333343,Optimal,7.3701045266716392e-12
3070.1999999999998,1734.3000000000002,1460.1942105263031,274.10578947369686,1617.6521052631524,1.1799999999893585,90.526315789473685,81.700000000028609,84.19501876989581,15.804981230104183,633616.39473673655,day_332,40,20,24,1,1.1799999999893585,81.700000000028609,0,645728.74248783605,566178.2368421033,12929.347751099702,54821.157894739372,11799.999999893584,24,38000000,0.09634228760924439,0.0027397260273972603,3661006.9291512868,760000,10030.155970277498,2082.1917808219177,817.00000000028604,2899.1917808222038,635698.58651755855,0,50,Optimal,6.6506800067145377e-12
2777.8000000000002,536.06999999999994,536.06999999999994,0,2200.8342105263155,44.179999999989363,33.684210526315788,30.400000000010643,100,0,1212395.9736841042,day_333,40,20,24,1,44.179999999989363,30.400000000010643,0,1224508.3214352035,770291.97368421045,12416.347751099522,0,441799.99999989365,24,38000000,0.09634228760924439,0.0027397260273972603,3661006.9291512868,760000,10030.155970277498,2082.1917808219177,304.00000000010641,2386.1917808220242,1214478.165464926,0,25,Optimal,5.716316309190006e-12
2924,524.25,454.78487534625265,69.465124653747353,2244.4021052631524,231.89999999998935,72.686980609410526,65.600000000015967,86.74961856867003,13.250381431329966,3119089.7617727462,day_334,40,20,24,1,231.89999999998935,65.600000000015967,0,3131202.1095238458,785540.7368421033,12768.347751099574,13893.024930749471,2318999.9999998934,24,38000000,0.09634228760924439,0.0027397260273972603,3661006.9291512868,760000,10030.155970277498,2082.1917808219177,656.00000000015962,2738.1917808220774,3121171.9535535686,0,50,Optimal,7.3683281698322389e-12
3070.1999999999998,479.89000000000004,466.40983552631337,13.480164473686649,2295.9721052631526,313.49999999998926,58.276315789473678,52.59437500001841,97.190988669552056,2.8090113304479463,3941812.2134867334,day_335,40,20,24,1,313.49999999998926,52.59437500001841,0,3953924.5612378325,803590.23684210342,12638.2915010996,2696.03289473733,3134999.9999998924,24,38000000,0.09634228760924439,0.0027397260273972603,3661006.9291512868,760000,10030.155970277498,2082.1917808219177,525.94375000018408,2608.1355308221018,3943894.4052675553,0,41.666666666666671,Optimal,6.3664629124104977e-12
2777.8000000000002,451.27999999999997,370.30487534625263,80.975124653747372,2261.3021052631525,153.40187499998899,73.936980609410512,66.728125000016348,82.056566953167149,17.943433046832869,2342336.7930227425,day_336,40,20,24,1,153.40187499998899,66.728125000016348,0,2354449.1407738421,791455.73684210342,12779.62900109958,16195.024930749474,1534018.7499998899,24,38000000,0.09634228760924439,0.0027397260273972603,3661006.9291512868,760000,10030.155970277498,2082.1917808219177,667.28125000016348,2749.4730308220815,2344418.9848035648,0,62.5,Optimal,7.3665518129928387e-12
2924,410.51999999999998,410.51999999999998,0,2294.1713052631567,223.00999999998939,37.962105263157881,34.26080000001199,100,0,3033402.5648419987,day_337,40,20,24,1,223.00999999998939,34.26080000001199,0,3045514.9125930984,802959.95684210479,12454.955751099535,0,2230099.9999998938,24,38000000,0.09634228760924439,0.0027397260273972603,3661006.9291512868,760000,10030.155970277498,2082.1917808219177,342.60800000011989,2424.7997808220375,3035484.7566228211,0,37.5,Optimal,7.3683281698322389e-12
3070.1999999999998,611.38999999999999,570.90798552631134,40.482014473688658,2204.9021052631524,300.68999999998925,64.616315789473688,58.31622500002041,93.378692083009426,6.6213079169905722,3787295.3019867335,day_338,40,20,24,1,300.68999999998925,58.31622500002041,0,3799407.6497378331,771715.7368421033,12695.510001099619,8096.4028947377319,3006899.9999998924,24,38000000,0.09634228760924439,0.0027397260273972603,3661006.9291512868,760000,10030.155970277498,2082.1917808219177,583.16225000020404,2665.3540308221218,3789377.4937675558,0,37.5,Optimal,6.3451466303376947e-12
2777.8000000000002,999.19000000000005,640.39372499998035,358.79627500001959,2139.2780886426499,10.139999999989346,123.19808864264974,111.18627500003029,64.091286442016056,35.908713557983923,923018.4487748252,day_339,40,20,24,1,10.139999999989346,111.18627500003029,0,935130.79652592458,748747.33102492744,13224.210501099718,71759.255000003919,101399.99999989347,24,38000000,0.09634228760924439,0.0027397260273972603,3661006.9291512868,760000,10030.155970277498,2082.1917808219177,1111.8627500003029,3194.0545308222208,925100.64055564709,0,79.166666666666657,Optimal,6.6542327203933382e-12
2924,1316.6799999999998,1127.2414249999952,189.43857500000499,1807.187950138474,0,106.96795013848994,96.538575000020955,85.612405823738143,14.387594176261889,671368.88329846715,day_340,40,20,24,1,0,96.538575000020955,0,683481.23104956653,632515.78254846588,13077.733501099625,37887.715000001001,0,24,38000000,0.09634228760924439,0.0027397260273972603,3661006.9291512868,760000,10030.155970277498,2082.1917808219177,965.38575000020955,3047.5775308221273,673451.07507928903,0,70.833333333333343,Optimal,7.3701045266716392e-12
3070.1999999999998,819.69000000000005,653.40974999998912,166.28025000001088,2230.4621052631524,195.1969499999874,90.962105263157909,82.093300000028748,79.714251729310973,20.285748270689027,2766708.2198419794,day_341,40,20,24,1,195.1969499999874,82.093300000028748,0,2778820.5675930791,780661.7368421033,12933.280751099703,33256.050000002178,1951969.499999874,24,38000000,0.09634228760924439,0.0027397260273972603,3661006.9291512868,760000,10030.155970277498,2082.1917808219177,820.93300000028751,2903.1247808222051,2768790.4116228018,0,58.333333333333336,Optimal,7.3683281698322389e-12
2777.8000000000002,465.86000000000001,465.86000000000001,0,2276.1104709141218,40.609999999989341,49.03047091412207,44.250000000010651,100,0,1203181.1648198362,day_342,40,20,24,1,40.609999999989341,44.250000000010651,0,1215293.5125709355,796638.66481994267,12554.847751099522,0,406099.99999989342,24,38000000,0.09634228760924439,0.0027397260273972603,3661006.9291512868,760000,10030.155970277498,2082.1917808219177,442.50000000010652,2524.6917808220242,1205263.356600658,0,41.666666666666671,Optimal,5.6896709565990022e-12
2924,939.86000000000001,910.71499999999969,29.145000000000366,2009.9979701523453,9.3399999999893613,62.081745152347139,56.028775000012899,96.899006234971139,3.1009937650288726,803288.5773032147,day_343,40,20,24,1,9.3399999999893613,56.028775000012899,0,815400.92505431408,703499.28955332085,12672.635501099545,5829.0000000000728,93399.999999893611,24,38000000,0.09634228760924439,0.0027397260273972603,3661006.9291512868,760000,10030.155970277498,2082.1917808219177,560.28775000012899,2642.4795308220469,805370.76908403658,0,50,Optimal,7.3683281698322389e-12
3070.1999999999998,1211.22,1017.9134349030315,193.30656509696846,1995.0539612188363,64.889999999989371,78.537396121867985,70.880000000010682,84.040342374055214,15.959657625944786,1386538.9994458801,day_344,40,20,24,1,64.889999999989371,70.880000000010682,0,1398651.3471969797,698268.88642659271,12821.147751099521,38661.313019393689,648899.99999989371,24,38000000,0.09634228760924439,0.0027397260273972603,3661006.9291512868,760000,10030.155970277498,2082.1917808219177,708.80000000010682,2790.9917808220243,1388621.1912267022,0,54.166666666666664,Optimal,7.3709927050913393e-12
2777.8000000000002,436.56,436.55999999999995,0,2281.9242105263156,63.03582499998798,38.154210526315801,34.434175000012054,99.999999999999986,0,1429376.0654340903,day_345,40,20,24,1,63.03582499998798,34.434175000012054,0,1441488.4131851899,798673.47368421045,12456.689501099536,0,630358.24999987986,24,38000000,0.09634228760924439,0.0027397260273972603,3661006.9291512868,760000,10030.155970277498,2082.1917808219177,344.34175000012056,2426.5335308220383,1431458.2572149124,0,45.833333333333329,Optimal,6.5423222395111225e-12
2924,173.69999999999999,173.69999999999999,0,2517.2042105263158,236.37999999998931,33.684210526315788,30.400000000010643,100,0,3245125.4736841032,day_346,40,20,24,1,236.37999999998931,30.400000000010643,0,3257237.8214352028,881021.47368421056,12416.347751099522,0,2363799.9999998929,24,38000000,0.09634228760924439,0.0027397260273972603,3661006.9291512868,760000,10030.155970277498,2082.1917808219177,304.00000000010641,2386.1917808220242,3247207.6654649256,0,20.833333333333336,Optimal,5.7553961596568115e-12
3070.1999999999998,1228.0300000000002,1227.0621052631579,0.96789473684212624,1844.7799999999945,0,16.84210526315789,15.200000000005319,99.921183135848295,0.078816864151700375,646018.57894736656,day_347,40,20,24,1,0,15.200000000005319,0,658130.92669846606,645672.99999999814,12264.347751099469,193.57894736842525,0,24,38000000,0.09634228760924439,0.0027397260273972603,3661006.9291512868,760000,10030.155970277498,2082.1917808219177,152.00000000005321,2234.191780821971,648100.77072818857,0,29.166666666666668,Optimal,1.7710277688820497e-12
2777.8000000000002,1624.05,1284.1840997229683,339.86590027703159,1502.9074882271368,0,95.298337950106074,86.006750000000849,79.072941086971966,20.927058913028024,594850.86843490414,day_348,40,20,24,1,0,86.006750000000849,0,606963.21618600353,526017.62087949784,12972.415251099424,67973.180055406323,0,24,38000000,0.09634228760924439,0.0027397260273972603,3661006.9291512868,760000,10030.155970277498,2082.1917808219177,860.06750000000852,2942.259280821926,596933.06021572603,0,62.5,Optimal,7.3736572403504397e-12
2924,654.41999999999996,654.41999999999996,0,2182.0642105263155,90.799999999989353,33.684210526315795,30.400000000010639,100,0,1672026.4736841039,day_349,40,20,24,1,90.799999999989353,30.400000000010639,0,1684138.8214352033,763722.47368421045,12416.347751099522,0,907999.99999989348,24,38000000,0.09634228760924439,0.0027397260273972603,3661006.9291512868,760000,10030.155970277498,2082.1917808219177,304.00000000010641,2386.1917808220242,1674108.6654649258,0,37.5,Optimal,7.3683281698322389e-12
3070.1999999999998,289.44999999999999,289.44999999999999,0,2492.9242105263156,291.10999999998933,33.684210526315795,30.400000000010643,100,0,3783927.4736841037,day_350,40,20,24,1,291.10999999998933,30.400000000010643,0,3796039.8214352033,872523.47368421045,12416.347751099522,0,2911099.9999998934,24,38000000,0.09634228760924439,0.0027397260273972603,3661006.9291512868,760000,10030.155970277498,2082.1917808219177,304.00000000010641,2386.1917808220242,3786009.6654649256,0,25,Optimal,7.3239192488472327e-12
2777.8000000000002,104.39,104.39,0,2554.2042105263158,123.60832499998577,45.154210526315836,40.751675000014309,100,0,2130462.2404340683,day_351,40,20,24,1,123.60832499998577,40.751675000014309,0,2142574.5881851679,893971.47368421056,12519.864501099559,0,1236083.2499998577,24,38000000,0.09634228760924439,0.0027397260273972603,3661006.9291512868,760000,10030.155970277498,2082.1917808219177,407.51675000014308,2489.7085308220608,2132544.4322148906,0,50,Optimal,5.4782844927103724e-12
2924,681.82999999999993,676.12647302632035,5.7035269736797174,2198.5913157894524,57.579999999989397,85.105526315784147,76.807737500022085,99.163497209908684,0.83650279009133033,1347215.7432959385,day_352,40,20,24,1,57.579999999989397,76.807737500022085,0,1359328.0910470379,769506.96052630839,12880.425126099635,1140.7053947359434,575799.99999989395,24,38000000,0.09634228760924439,0.0027397260273972603,3661006.9291512868,760000,10030.155970277498,2082.1917808219177,768.07737500022085,2850.2691558221386,1349297.9350767604,0,66.666666666666657,Optimal,7.3683281698322389e-12
3070.1999999999998,807.18000000000006,807.18000000000006,0,2167.4042105263156,98.899999999989376,33.684210526315788,30.400000000010639,99.999999999999986,0,1747895.4736841042,day_353,40,20,24,1,98.899999999989376,30.400000000010639,0,1760007.8214352038,758591.47368421045,12416.347751099522,0,988999.99999989371,24,38000000,0.09634228760924439,0.0027397260273972603,3661006.9291512868,760000,10030.155970277498,2082.1917808219177,304.00000000010641,2386.1917808220242,1749977.6654649263,0,25,Optimal,7.3683281698322389e-12
2777.8000000000002,1064.9400000000001,771.61588552630292,293.32411447369702,1951.7457894736726,65.019999999989366,108.52999999999389,97.948325000028774,72.45627786788954,27.543722132110446,1392955.332460419,day_354,40,20,24,1,65.019999999989366,97.948325000028774,0,1405067.6802115184,683111.02631578548,13091.831001099703,58664.822894739402,650199.99999989371,24,38000000,0.09634228760924439,0.0027397260273972603,3661006.9291512868,760000,10030.155970277498,2082.1917808219177,979.48325000028774,3061.6750308222054,1395037.5242412409,0,66.666666666666657,Optimal,6.8283156906545628e-12
2924,525.72000000000003,452.48402499999236,73.235975000007642,2267.2321052631523,211.5799999999893,74.832105263157871,67.535975000023626,86.069395305484349,13.930604694515642,2924653.7915919982,day_355,40,20,24,1,211.5799999999893,67.535975000023626,0,2936766.1393430973,793531.2368421033,12787.707501099652,14647.195000001528,2115799.9999998929,24,38000000,0.09634228760924439,0.0027397260273972603,3661006.9291512868,760000,10030.155970277498,2082.1917808219177,675.35975000023632,2757.5515308221538,2926735.9833728196,0,41.666666666666671,Optimal,7.3701045266716392e-12
3070.1999999999998,528.64999999999998,472.5848753462526,56.065124653747404,2285.6521052631524,319.04999999998932,72.686980609410526,65.600000000015967,89.394660994278368,10.605339005721632,4002347.2617727462,day_356,40,20,24,1,319.04999999998932,65.600000000015967,0,4014459.6095238458,799978.2368421033,12768.347751099574,11213.024930749481,3190499.9999998934,24,38000000,0.09634228760924439,0.0027397260273972603,3661006.9291512868,760000,10030.155970277498,2082.1917808219177,656.00000000015962,2738.1917808220774,4004429.4535535686,0,41.666666666666671,Optimal,7.3701045266716392e-12
2777.8000000000002,503.93000000000001,402.74497499998961,101.1850250000104,2242.1621052631526,141.38732499998815,87.122105263157934,78.627700000027573,79.920817375427077,20.079182624572933,2219653.268841987,day_357,40,20,24,1,141.38732499998815,78.627700000027573,0,2231765.6165930866,784756.73684210342,12898.624751099691,20237.005000002078,1413873.2499998815,24,38000000,0.09634228760924439,0.0027397260273972603,3661006.9291512868,760000,10030.155970277498,2082.1917808219177,786.27700000027573,2868.4687808221934,2221735.4606228089,0,66.666666666666657,Optimal,5.766054300693213e-12
2924,661.05999999999995,560.10462499999039,100.95537500000961,2257.6521052631524,116.67012499998116,106.94210526315791,96.515250000033802,84.728258403169221,15.27174159683079,1978035.7143419171,day_358,40,20,24,1,116.67012499998116,96.515250000033802,0,1990148.0620930167,790178.2368421033,13077.500251099753,20191.075000001922,1166701.2499998116,24,38000000,0.09634228760924439,0.0027397260273972603,3661006.9291512868,760000,10030.155970277498,2082.1917808219177,965.15250000033802,3047.3442808222558,1980117.9061227392,0,75,Optimal,7.3718808835110394e-12
3070.1999999999998,459.45999999999998,449.35532499999903,10.104675000000974,2302.8021052631525,323.2599999999893,53.51210526315792,48.29467500001693,97.800749793235326,2.1992502067646749,4041084.6185919968,day_359,40,20,24,1,323.2599999999893,48.29467500001693,0,4053196.966343096,805980.73684210342,12595.294501099585,2020.9350000001948,3232599.9999998929,24,38000000,0.09634228760924439,0.0027397260273972603,3661006.9291512868,760000,10030.155970277498,2082.1917808219177,482.94675000016929,2565.138530822087,4043166.8103728183,0,37.5,Optimal,5.7767124417296145e-12
2777.8000000000002,514.03999999999996,503.4742105263158,10.56578947368422,2178.5429085872465,102.27999999998939,66.637119113567792,60.140000000015981,97.944558891587391,2.0554411084126176,1788004.575900167,day_360,40,20,24,1,102.27999999998939,60.140000000015981,0,1800116.9236512664,762490.01800553629,12713.747751099574,2113.1578947368439,1022799.9999998938,24,38000000,0.09634228760924439,0.0027397260273972603,3661006.9291512868,760000,10030.155970277498,2082.1917808219177,601.40000000015982,2683.5917808220775,1790086.7676809889,0,54.166666666666664,Optimal,6.7927885538665578e-12
2924,320.69999999999999,320.69999999999999,0,2404.4442105263156,202.89659999998688,41.444210526315793,37.403400000013107,100,0,2870895.507684079,day_361,40,20,24,1,202.89659999998688,37.403400000013107,0,2883007.8554351786,841555.47368421045,12486.381751099547,0,2028965.9999998687,24,38000000,0.09634228760924439,0.0027397260273972603,3661006.9291512868,760000,10030.155970277498,2082.1917808219177,374.03400000013107,2456.2257808220488,2872977.6994649014,0,45.833333333333329,Optimal,6.9562133830913808e-12
3070.1999999999998,257.51999999999998,257.51999999999998,0,2478.8042105263157,337.15999999998928,33.684210526315788,30.400000000010643,100,0,4239485.4736841032,day_362,40,20,24,1,337.15999999998928,30.400000000010643,0,4251597.8214352028,867581.47368421056,12416.347751099522,0,3371599.9999998929,24,38000000,0.09634228760924439,0.0027397260273972603,3661006.9291512868,760000,10030.155970277498,2082.1917808219177,304.00000000010641,2386.1917808220242,4241567.6654649256,0,20.833333333333336,Optimal,7.3701045266716392e-12
2777.8000000000002,453.80000000000001,423.01451052630972,30.785489473690291,2235.6721052631528,126.02187499998897,70.856315789473712,63.947825000022412,93.216066665118944,6.7839333348810689,2049500.5629867315,day_363,40,20,24,1,126.02187499998897,63.947825000022412,0,2061612.9107378309,782485.23684210354,12751.826001099638,6157.0978947380581,1260218.7499998896,24,38000000,0.09634228760924439,0.0027397260273972603,3661006.9291512868,760000,10030.155970277498,2082.1917808219177,639.47825000022408,2721.6700308221416,2051582.7547675534,0,54.166666666666664,Optimal,6.3486993440164952e-12
2924,935.71000000000004,856.3548753462527,79.355124653747339,2002.9686980609342,72.389999999989328,79.113573407192192,71.40000000001595,91.519260812244454,8.4807391877555371,1441524.0692519699,day_364,40,20,24,1,72.389999999989328,71.40000000001595,0,1453636.4170030693,701039.044321327,12826.347751099574,15871.024930749467,723899.99999989325,24,38000000,0.09634228760924439,0.0027397260273972603,3661006.9291512868,760000,10030.155970277498,2082.1917808219177,714.0000000001595,2796.1917808220774,1443606.2610327918,0,50,Optimal,7.3736572403504397e-12
