hour,load,wind,solar
0,87.40,0.00,5.11
1,82.65,0.00,12.81
2,78.85,0.00,21.31
3,76.95,0.00,26.07
4,77.90,0.00,22.89
5,84.55,0.00,17.61
6,97.85,0.00,8.44
7,115.90,0.00,7.64
8,132.05,0.00,4.24
9,137.75,0.00,0.36
10,133.95,2.18,0.00
11,127.30,8.25,0.00
12,121.60,13.97,0.00
13,118.75,16.41,0.00
14,120.65,16.90,0.00
15,126.35,15.70,0.00
16,135.85,12.83,0.00
17,146.30,9.82,0.00
18,152.00,9.13,0.00
19,153.90,9.24,0.00
20,143.45,8.46,0.00
21,125.40,6.58,0.00
22,106.40,5.81,0.00
23,94.05,4.79,0.49
24,92.00,2.68,4.47
25,87.00,0.13,10.94
26,83.00,0.81,16.36
27,81.00,1.25,19.83
28,82.00,1.90,24.06
29,89.00,5.12,33.06
30,103.00,8.90,24.69
31,122.00,10.36,14.44
32,139.00,8.25,3.24
33,145.00,8.09,0.51
34,141.00,11.11,0.00
35,134.00,12.63,0.00
36,128.00,12.42,0.00
37,125.00,11.95,0.00
38,127.00,10.67,0.00
39,133.00,9.47,0.00
40,143.00,8.41,0.00
41,154.00,6.97,0.00
42,160.00,5.37,0.00
43,162.00,3.99,0.00
44,151.00,2.99,0.00
45,132.00,2.41,0.00
46,112.00,2.12,0.00
47,99.00,1.56,1.39
48,96.60,0.00,13.84
49,91.35,0.00,33.60
50,87.15,0.00,52.38
51,85.05,0.00,68.88
52,86.10,0.00,61.25
53,93.45,0.00,61.78
54,108.15,0.00,50.15
55,128.10,0.00,32.24
56,145.95,0.00,12.20
57,152.25,0.00,0.91
58,148.05,0.00,0.00
59,140.70,0.00,0.00
60,134.40,0.00,0.00
61,131.25,0.05,0.00
62,133.35,0.29,0.00
63,139.65,0.11,0.00
64,150.15,0.00,0.00
65,161.70,0.22,0.00
66,168.00,0.72,0.00
67,170.10,1.16,0.00
68,158.55,1.61,0.00
69,138.60,2.74,0.00
70,117.60,4.83,0.00
71,103.95,5.89,1.52
72,87.40,2.96,17.02
73,82.65,0.53,38.85
74,78.85,0.05,60.16
75,76.95,0.00,63.54
76,77.90,0.00,72.48
77,84.55,0.00,66.13
78,97.85,0.00,53.67
79,115.90,0.00,32.98
80,132.05,0.00,11.53
81,137.75,0.00,0.68
82,133.95,0.00,0.00
83,127.30,0.00,0.00
84,121.60,0.00,0.00
85,118.75,0.00,0.00
86,120.65,0.00,0.00
87,126.35,0.00,0.00
88,135.85,0.00,0.00
89,146.30,0.00,0.00
90,152.00,0.00,0.00
91,153.90,0.00,0.00
92,143.45,0.00,0.00
93,125.40,0.00,0.00
94,106.40,0.00,0.00
95,94.05,0.00,0.42
96,92.00,0.00,5.73
97,87.00,0.00,12.99
98,83.00,0.00,19.53
99,81.00,0.00,25.62
100,82.00,0.00,26.08
101,89.00,0.00,25.15
102,103.00,0.00,19.71
103,122.00,0.00,11.82
104,139.00,0.00,3.20
105,145.00,0.00,0.36
106,141.00,0.00,0.00
107,134.00,0.68,0.00
108,128.00,1.74,0.00
109,125.00,2.55,0.00
110,127.00,2.83,0.00
111,133.00,2.49,0.00
112,143.00,1.64,0.00
113,154.00,0.64,0.00
114,160.00,0.00,0.00
115,162.00,0.00,0.00
116,151.00,0.00,0.00
117,132.00,0.00,0.00
118,112.00,0.54,0.00
119,99.00,2.80,1.60
120,96.60,4.75,18.62
121,91.35,4.36,44.05
122,87.15,10.80,68.04
123,85.05,9.71,84.47
124,86.10,8.25,81.69
125,93.45,6.54,76.69
126,108.15,4.21,63.14
127,128.10,1.69,42.34
128,145.95,0.00,18.20
129,152.25,0.00,1.40
130,148.05,0.00,0.00
131,140.70,0.00,0.00
132,134.40,0.00,0.00
133,131.25,0.00,0.00
134,133.35,1.90,0.00
135,139.65,4.71,0.00
136,150.15,6.97,0.00
137,161.70,7.88,0.00
138,168.00,7.36,0.00
139,170.10,6.03,0.00
140,158.55,4.48,0.00
141,138.60,3.09,0.00
142,117.60,2.35,0.00
143,103.95,2.58,2.18
144,87.40,2.32,23.72
145,82.65,0.20,50.90
146,78.85,0.16,73.49
147,76.95,1.66,88.24
148,77.90,1.64,90.62
149,84.55,1.46,85.26
150,97.85,1.09,69.87
151,115.90,0.45,47.47
152,132.05,0.00,20.92
153,137.75,0.00,1.64
154,133.95,0.54,0.00
155,127.30,3.09,0.00
156,121.60,6.44,0.00
157,118.75,8.90,0.00
158,120.65,9.53,0.00
159,126.35,8.85,0.00
160,135.85,7.88,0.00
161,146.30,7.31,0.00
162,152.00,7.36,0.00
163,153.90,6.97,0.00
164,143.45,5.59,0.00
165,125.40,3.70,0.00
166,106.40,3.15,0.00
167,94.05,3.88,2.04
168,92.00,3.63,22.37
169,87.00,0.83,48.32
170,83.00,0.00,70.12
171,81.00,0.00,84.11
172,82.00,0.18,90.64
173,89.00,0.00,85.34
174,103.00,0.00,69.79
175,122.00,0.00,46.87
176,139.00,0.00,20.43
177,145.00,0.00,1.66
178,141.00,0.00,0.00
179,134.00,0.74,0.00
180,128.00,2.74,0.00
181,125.00,4.10,0.00
182,127.00,4.36,0.00
183,133.00,3.63,0.00
184,143.00,2.55,0.00
185,154.00,1.56,0.00
186,160.00,0.56,0.00
187,162.00,0.00,0.00
188,151.00,0.00,0.00
189,132.00,0.00,0.00
190,112.00,0.00,0.00
191,99.00,0.00,1.68
192,96.60,0.47,17.95
193,91.35,0.41,39.08
194,87.15,1.11,58.54
195,85.05,1.79,70.48
196,86.10,1.54,66.73
197,93.45,1.41,67.78
198,108.15,2.71,50.32
199,128.10,6.63,31.30
200,145.95,17.47,12.05
201,152.25,37.13,1.11
202,148.05,47.71,0.00
203,140.70,42.42,0.00
204,134.40,35.94,0.00
205,131.25,30.12,0.00
206,133.35,24.84,0.00
207,139.65,20.36,0.00
208,150.15,14.56,0.00
209,161.70,10.73,0.00
210,168.00,8.85,0.00
211,170.10,7.42,0.00
212,158.55,5.29,0.00
213,138.60,3.59,0.00
214,117.60,2.06,0.00
215,103.95,1.00,1.32
216,87.40,0.36,13.45
217,82.65,0.00,33.97
218,78.85,0.00,53.47
219,76.95,0.00,64.47
220,77.90,0.00,69.40
221,84.55,0.00,64.26
222,97.85,0.00,53.58
223,115.90,0.00,34.43
224,132.05,0.00,14.01
225,137.75,0.00,1.35
226,133.95,0.00,0.00
227,127.30,0.29,0.00
228,121.60,2.20,0.00
229,118.75,4.02,0.00
230,120.65,4.75,0.00
231,126.35,4.96,0.00
232,135.85,5.59,0.00
233,146.30,7.62,0.00
234,152.00,11.24,0.00
235,153.90,14.41,0.00
236,143.45,14.93,0.00
237,125.40,12.49,0.00
238,106.40,9.19,0.00
239,94.05,6.40,1.61
240,92.00,3.45,17.04
241,87.00,3.45,39.26
242,83.00,2.49,59.65
243,81.00,2.20,73.34
244,82.00,2.58,87.70
245,89.00,1.85,81.98
246,103.00,1.41,66.73
247,122.00,1.07,44.31
248,139.00,0.70,19.60
249,145.00,3.29,1.82
250,141.00,10.80,0.00
251,134.00,20.26,0.00
252,128.00,25.36,0.00
253,125.00,26.10,0.00
254,127.00,23.51,0.00
255,133.00,20.17,0.00
256,143.00,18.15,0.00
257,154.00,12.90,0.00
258,160.00,7.17,0.00
259,162.00,4.83,0.00
260,151.00,7.52,0.00
261,132.00,12.49,0.00
262,112.00,16.90,0.00
263,99.00,19.01,0.85
264,96.60,16.74,6.77
265,91.35,13.32,13.69
266,87.15,17.56,13.59
267,85.05,28.97,24.44
268,86.10,38.48,35.88
269,93.45,39.72,36.36
270,108.15,33.01,25.12
271,128.10,22.72,20.24
272,145.95,12.15,9.95
273,152.25,5.59,1.24
274,148.05,1.09,0.00
275,140.70,0.00,0.00
276,134.40,0.00,0.00
277,131.25,0.60,0.00
278,133.35,2.06,0.00
279,139.65,2.74,0.00
280,150.15,2.68,0.00
281,161.70,2.32,0.00
282,168.00,1.49,0.00
283,170.10,0.60,0.00
284,158.55,0.00,0.00
285,138.60,0.00,0.00
286,117.60,0.00,0.00
287,103.95,0.00,1.19
288,87.40,0.00,9.73
289,82.65,0.00,20.34
290,78.85,0.00,28.84
291,76.95,0.00,27.98
292,77.90,1.79,36.19
293,84.55,6.44,35.94
294,97.85,14.63,30.41
295,115.90,29.66,19.96
296,132.05,50.75,9.58
297,137.75,57.91,1.01
298,133.95,54.60,0.00
299,127.30,44.19,0.00
300,121.60,36.20,0.00
301,118.75,42.86,0.00
302,120.65,68.23,0.00
303,126.35,93.05,0.00
304,135.85,100.00,0.00
305,146.30,100.00,0.00
306,152.00,100.00,0.00
307,153.90,100.00,0.00
308,143.45,100.00,0.00
309,125.40,100.00,0.00
310,106.40,100.00,0.00
311,94.05,100.00,0.48
312,92.00,100.00,4.20
313,87.00,100.00,8.91
314,83.00,100.00,7.30
315,81.00,100.00,12.65
316,82.00,100.00,12.12
317,89.00,100.00,8.31
318,103.00,100.00,10.64
319,122.00,100.00,12.40
320,139.00,100.00,6.22
321,145.00,100.00,0.86
322,141.00,100.00,0.00
323,134.00,100.00,0.00
324,128.00,100.00,0.00
325,125.00,100.00,0.00
326,127.00,100.00,0.00
327,133.00,100.00,0.00
328,143.00,100.00,0.00
329,154.00,100.00,0.00
330,160.00,100.00,0.00
331,162.00,100.00,0.00
332,151.00,100.00,0.00
333,132.00,96.73,0.00
334,112.00,82.12,0.00
335,99.00,68.43,0.34
336,96.60,58.44,3.89
337,91.35,50.59,10.80
338,87.15,50.75,19.61
339,85.05,61.91,17.22
340,86.10,74.97,19.40
341,93.45,80.35,18.70
342,108.15,77.73,21.27
343,128.10,68.63,16.41
344,145.95,58.09,7.48
345,152.25,39.02,0.93
346,148.05,24.42,0.00
347,140.70,16.49,0.00
348,134.40,10.18,0.00
349,131.25,6.03,0.00
350,133.35,3.70,0.00
351,139.65,3.05,0.00
352,150.15,3.35,0.00
353,161.70,3.52,0.00
354,168.00,2.83,0.00
355,170.10,1.74,0.00
356,158.55,1.00,0.00
357,138.60,0.53,0.00
358,117.60,0.47,0.00
359,103.95,0.85,1.94
360,87.40,1.13,20.64
361,82.65,2.32,45.72
362,78.85,1.07,68.12
363,76.95,0.39,82.92
364,77.90,0.47,56.72
365,84.55,1.11,50.97
366,97.85,1.59,33.10
367,115.90,1.54,17.29
368,132.05,1.02,7.33
369,137.75,0.38,0.59
370,133.95,0.29,0.00
371,127.30,0.76,0.00
372,121.60,1.66,0.00
373,118.75,2.99,0.00
374,120.65,3.99,0.00
375,126.35,4.67,0.00
376,135.85,4.87,0.00
377,146.30,4.13,0.00
378,152.00,2.61,0.00
379,153.90,1.18,0.00
380,143.45,0.16,0.00
381,125.40,0.00,0.00
382,106.40,0.00,0.00
383,94.05,0.00,1.71
384,92.00,0.00,18.47
385,87.00,0.00,41.60
386,83.00,0.00,62.94
387,81.00,0.49,77.49
388,82.00,1.22,88.13
389,89.00,1.90,77.36
390,103.00,2.71,67.20
391,122.00,3.42,45.86
392,139.00,2.55,19.68
393,145.00,0.91,1.86
394,141.00,0.39,0.00
395,134.00,0.38,0.00
396,128.00,0.56,0.00
397,125.00,0.60,0.00
398,127.00,0.23,0.00
399,133.00,0.00,0.00
400,143.00,0.00,0.00
401,154.00,0.00,0.00
402,160.00,0.00,0.00
403,162.00,0.00,0.00
404,151.00,0.00,0.00
405,132.00,0.00,0.00
406,112.00,0.00,0.00
407,99.00,0.00,2.42
408,96.60,0.00,24.14
409,91.35,0.00,50.94
410,87.15,0.00,73.91
411,85.05,0.00,90.21
412,86.10,0.00,91.56
413,93.45,0.00,88.32
414,108.15,0.00,73.26
415,128.10,0.00,50.19
416,145.95,0.00,23.57
417,152.25,0.00,2.74
418,148.05,0.00,0.00
419,140.70,0.00,0.00
420,134.40,0.00,0.00
421,131.25,0.00,0.00
422,133.35,0.00,0.00
423,139.65,0.00,0.00
424,150.15,0.00,0.00
425,161.70,0.00,0.00
426,168.00,0.00,0.00
427,170.10,0.00,0.00
428,158.55,0.00,0.00
429,138.60,0.00,0.00
430,117.60,0.00,0.00
431,103.95,0.15,2.24
432,87.40,0.51,23.24
433,82.65,0.00,50.52
434,78.85,0.10,74.00
435,76.95,1.34,89.44
436,77.90,2.80,85.47
437,84.55,3.05,81.89
438,97.85,1.95,68.90
439,115.90,0.53,45.84
440,132.05,0.00,22.11
441,137.75,0.00,2.72
442,133.95,0.00,0.00
443,127.30,0.00,0.00
444,121.60,0.00,0.00
445,118.75,0.00,0.00
446,120.65,0.00,0.00
447,126.35,0.00,0.00
448,135.85,0.47,0.00
449,146.30,1.09,0.00
450,152.00,1.87,0.00
451,153.90,3.19,0.00
452,143.45,4.91,0.00
453,125.40,5.94,0.00
454,106.40,5.72,0.00
455,94.05,6.21,2.22
456,92.00,5.16,23.21
457,87.00,2.61,49.76
458,83.00,3.77,72.50
459,81.00,6.54,87.78
460,82.00,4.91,91.79
461,89.00,3.42,86.28
462,103.00,2.89,69.77
463,122.00,3.56,45.30
464,139.00,4.48,20.77
465,145.00,6.58,2.03
466,141.00,10.43,0.00
467,134.00,12.97,0.00
468,128.00,11.43,0.00
469,125.00,7.02,0.00
470,127.00,3.25,0.00
471,133.00,1.85,0.00
472,143.00,2.01,0.00
473,154.00,2.64,0.00
474,160.00,3.63,0.00
475,162.00,6.17,0.00
476,151.00,11.63,0.00
477,132.00,15.31,0.00
478,112.00,15.62,0.00
479,99.00,16.57,1.82
480,96.60,9.71,12.54
481,91.35,8.09,22.49
482,87.15,13.90,33.74
483,85.05,7.88,34.90
484,86.10,2.71,28.21
485,93.45,1.13,11.58
486,108.15,0.85,5.67
487,128.10,1.02,10.97
488,145.95,2.23,5.34
489,152.25,5.89,0.63
490,148.05,7.17,0.00
491,140.70,3.95,0.00
492,134.40,0.58,0.00
493,131.25,0.00,0.00
494,133.35,0.00,0.00
495,139.65,0.00,0.00
496,150.15,0.00,0.00
497,161.70,0.00,0.00
498,168.00,0.00,0.00
499,170.10,0.00,0.00
500,158.55,1.44,0.00
501,138.60,2.71,0.00
502,117.60,2.86,0.00
503,103.95,2.29,0.36
504,87.40,0.81,4.30
505,82.65,0.72,9.34
506,78.85,2.55,13.79
507,76.95,3.66,19.68
508,77.90,4.52,26.69
509,84.55,5.24,29.81
510,97.85,6.17,15.05
511,115.90,8.19,10.84
512,132.05,10.55,5.86
513,137.75,12.42,0.51
514,133.95,17.39,0.00
515,127.30,21.10,0.00
516,121.60,20.91,0.00
517,118.75,18.40,0.00
518,120.65,15.01,0.00
519,126.35,12.83,0.00
520,135.85,11.37,0.00
521,146.30,7.93,0.00
522,152.00,4.83,0.00
523,153.90,2.89,0.00
524,143.45,2.20,0.00
525,125.40,3.05,0.00
526,106.40,4.63,0.00
527,94.05,6.12,0.32
528,92.00,4.17,4.54
529,87.00,4.29,9.87
530,83.00,13.32,14.37
531,81.00,22.43,16.73
532,82.00,34.64,19.16
533,89.00,51.90,15.94
534,103.00,70.43,17.25
535,122.00,84.60,11.46
536,139.00,84.37,5.06
537,145.00,60.25,0.57
538,141.00,57.20,0.00
539,134.00,65.50,0.00
540,128.00,78.81,0.00
541,125.00,83.46,0.00
542,127.00,94.51,0.00
543,133.00,66.27,0.00
544,143.00,51.08,0.00
545,154.00,43.15,0.00
546,160.00,36.07,0.00
547,162.00,36.59,0.00
548,151.00,39.30,0.00
549,132.00,37.80,0.00
550,112.00,39.30,0.00
551,99.00,39.86,2.26
552,96.60,48.66,23.83
553,91.35,53.58,54.94
554,87.15,50.75,81.28
555,85.05,51.41,98.36
556,86.10,51.41,103.61
557,93.45,46.16,99.80
558,108.15,40.28,85.84
559,128.10,33.51,61.50
560,145.95,27.40,31.46
561,152.25,23.92,4.69
562,148.05,28.63,0.00
563,140.70,33.01,0.00
564,134.40,34.39,0.00
565,131.25,32.64,0.00
566,133.35,30.24,0.00
567,139.65,28.63,0.00
568,150.15,27.95,0.00
569,161.70,27.18,0.00
570,168.00,26.20,0.00
571,170.10,26.20,0.00
572,158.55,27.29,0.00
573,138.60,28.63,0.00
574,117.60,28.74,0.00
575,103.95,25.67,2.52
576,87.40,24.73,24.03
577,82.65,16.02,50.06
578,78.85,7.82,74.91
579,76.95,3.95,92.26
580,77.90,1.25,96.95
581,84.55,0.11,93.18
582,97.85,0.02,77.96
583,115.90,0.00,53.36
584,132.05,0.00,26.84
585,137.75,0.00,3.98
586,133.95,2.09,0.00
587,127.30,5.04,0.00
588,121.60,7.57,0.00
589,118.75,10.00,0.00
590,120.65,10.49,0.00
591,126.35,9.94,0.00
592,135.85,9.07,0.00
593,146.30,7.47,0.00
594,152.00,4.87,0.00
595,153.90,1.82,0.00
596,143.45,0.00,0.00
597,125.40,0.00,0.00
598,106.40,0.00,0.00
599,94.05,0.00,0.39
600,92.00,0.00,3.39
601,87.00,0.00,9.65
602,83.00,0.00,15.57
603,81.00,0.27,18.00
604,82.00,1.72,23.90
605,89.00,3.91,20.42
606,103.00,5.76,23.83
607,122.00,6.21,14.48
608,139.00,6.92,7.84
609,145.00,13.97,1.15
610,141.00,31.79,0.00
611,134.00,45.24,0.00
612,128.00,44.49,0.00
613,125.00,39.44,0.00
614,127.00,36.99,0.00
615,133.00,37.13,0.00
616,143.00,34.90,0.00
617,154.00,29.77,0.00
618,160.00,24.32,0.00
619,162.00,18.92,0.00
620,151.00,15.08,0.00
621,132.00,13.11,0.00
622,112.00,12.49,0.00
623,99.00,13.39,2.56
624,96.60,10.86,23.88
625,91.35,16.02,52.56
626,87.15,19.90,76.95
627,85.05,24.22,95.00
628,86.10,28.51,95.26
629,93.45,31.79,90.86
630,108.15,32.39,74.22
631,128.10,32.39,51.96
632,145.95,29.77,26.76
633,152.25,27.18,4.18
634,148.05,31.06,0.00
635,140.70,31.06,0.00
636,134.40,26.31,0.00
637,131.25,19.81,0.00
638,133.35,14.48,0.00
639,139.65,9.71,0.00
640,150.15,5.85,0.00
641,161.70,3.15,0.00
642,168.00,1.00,0.00
643,170.10,0.00,0.00
644,158.55,0.00,0.00
645,138.60,0.00,0.00
646,117.60,0.00,0.00
647,103.95,0.00,2.83
648,87.40,0.00,27.26
649,82.65,0.00,58.16
650,78.85,0.00,84.29
651,76.95,1.29,100.14
652,77.90,2.71,105.98
653,84.55,3.45,99.68
654,97.85,3.22,83.74
655,115.90,2.38,58.22
656,132.05,0.62,30.92
657,137.75,0.00,5.49
658,133.95,0.00,0.00
659,127.30,0.00,0.00
660,121.60,0.00,0.00
661,118.75,0.00,0.00
662,120.65,0.00,0.00
663,126.35,0.00,0.00
664,135.85,1.00,0.00
665,146.30,3.56,0.00
666,152.00,6.35,0.00
667,153.90,8.85,0.00
668,143.45,10.24,0.00
669,125.40,8.09,0.00
670,106.40,4.75,0.00
671,94.05,3.02,3.24
672,92.00,1.18,28.36
673,87.00,0.53,58.36
674,83.00,3.56,83.94
675,81.00,5.08,100.24
676,82.00,4.25,103.15
677,89.00,2.86,98.78
678,103.00,1.16,84.18
679,122.00,0.00,61.17
680,139.00,0.00,32.53
681,145.00,0.00,5.69
682,141.00,0.00,0.00
683,134.00,0.00,0.00
684,128.00,0.13,0.00
685,125.00,0.76,0.00
686,127.00,1.54,0.00
687,133.00,1.90,0.00
688,143.00,1.87,0.00
689,154.00,1.56,0.00
690,160.00,1.54,0.00
691,162.00,2.06,0.00
692,151.00,3.05,0.00
693,132.00,3.05,0.00
694,112.00,2.23,0.00
695,99.00,1.54,3.15
696,96.60,0.36,26.91
697,91.35,0.00,55.26
698,87.15,0.39,79.11
699,85.05,3.56,94.74
700,86.10,4.52,102.45
701,93.45,5.89,97.47
702,108.15,7.17,82.89
703,128.10,8.09,59.55
704,145.95,5.72,31.72
705,152.25,4.17,5.64
706,148.05,3.91,0.00
707,140.70,4.02,0.00
708,134.40,5.04,0.00
709,131.25,6.82,0.00
710,133.35,8.41,0.00
711,139.65,10.86,0.00
712,150.15,15.01,0.00
713,161.70,18.75,0.00
714,168.00,20.36,0.00
715,170.10,18.06,0.00
716,158.55,13.54,0.00
717,138.60,9.53,0.00
718,117.60,7.93,0.00
719,103.95,8.46,3.35
720,87.40,5.76,28.17
721,82.65,1.46,56.80
722,78.85,1.32,80.84
723,76.95,10.86,96.56
724,77.90,21.28,105.38
725,84.55,24.22,100.46
726,97.85,24.73,86.19
727,115.90,22.92,62.74
728,132.05,15.70,33.48
729,137.75,9.82,6.14
730,133.95,3.73,0.00
731,127.30,0.00,0.00
732,121.60,0.00,0.00
733,118.75,0.00,0.00
734,120.65,0.00,0.00
735,126.35,0.00,0.00
736,135.85,0.00,0.00
737,146.30,0.00,0.00
738,152.00,0.00,0.00
739,153.90,0.00,0.00
740,143.45,0.00,0.00
741,125.40,0.00,0.00
742,106.40,0.32,0.00
743,94.05,2.93,2.24
744,92.00,5.89,15.75
745,87.00,9.30,37.20
746,83.00,17.64,57.00
747,81.00,21.28,54.90
748,82.00,20.54,39.39
749,89.00,18.84,25.63
750,103.00,20.91,15.84
751,122.00,28.40,11.76
752,139.00,41.56,5.72
753,145.00,66.27,0.60
754,141.00,96.73,0.00
755,134.00,83.69,0.00
756,128.00,67.64,0.00
757,125.00,62.65,0.00
758,127.00,54.60,0.00
759,133.00,49.62,0.00
760,143.00,36.73,0.00
761,154.00,27.95,0.00
762,160.00,22.62,0.00
763,162.00,21.38,0.00
764,151.00,19.37,0.00
765,132.00,16.41,0.00
766,112.00,14.04,0.00
767,99.00,11.56,0.36
768,96.60,11.76,2.57
769,91.35,10.30,4.80
770,87.15,7.21,9.34
771,85.05,5.20,11.46
772,86.10,4.10,13.74
773,93.45,3.70,13.94
774,108.15,3.88,11.93
775,128.10,4.52,12.54
776,145.95,5.81,8.03
777,152.25,7.36,0.83
778,148.05,7.98,0.00
779,140.70,7.17,0.00
780,134.40,5.12,0.00
781,131.25,2.68,0.00
782,133.35,0.95,0.00
783,139.65,0.22,0.00
784,150.15,0.00,0.00
785,161.70,0.00,0.00
786,168.00,0.00,0.00
787,170.10,0.00,0.00
788,158.55,0.00,0.00
789,138.60,0.00,0.00
790,117.60,0.00,0.00
791,103.95,0.00,2.46
792,87.40,0.00,20.44
793,82.65,0.00,37.35
794,78.85,0.00,56.38
795,76.95,0.00,73.41
796,77.90,0.00,69.82
797,84.55,0.00,70.90
798,97.85,0.00,59.58
799,115.90,0.00,41.30
800,132.05,0.00,19.89
801,137.75,0.00,4.13
802,133.95,0.00,0.00
803,127.30,0.00,0.00
804,121.60,0.00,0.00
805,118.75,0.00,0.00
806,120.65,0.00,0.00
807,126.35,0.00,0.00
808,135.85,0.00,0.00
809,146.30,1.27,0.00
810,152.00,2.80,0.00
811,153.90,4.83,0.00
812,143.45,6.03,0.00
813,125.40,5.94,0.00
814,106.40,5.54,0.00
815,94.05,4.56,1.73
816,92.00,1.32,14.62
817,87.00,1.54,34.38
818,83.00,3.91,54.27
819,81.00,3.52,64.65
820,82.00,2.77,61.08
821,89.00,2.26,56.53
822,103.00,0.00,41.60
823,122.00,0.00,30.90
824,139.00,0.00,18.20
825,145.00,0.00,3.12
826,141.00,0.00,0.00
827,134.00,0.00,0.00
828,128.00,0.00,0.00
829,125.00,0.00,0.00
830,127.00,0.00,0.00
831,133.00,0.00,0.00
832,143.00,0.30,0.00
833,154.00,1.39,0.00
834,160.00,1.90,0.00
835,162.00,1.20,0.00
836,151.00,0.10,0.00
837,132.00,0.00,0.00
838,112.00,0.00,0.00
839,99.00,0.00,1.85
840,96.60,0.00,12.31
841,91.35,0.00,23.49
842,87.15,0.00,28.09
843,85.05,0.00,31.79
844,86.10,0.00,32.35
845,93.45,0.00,37.36
846,108.15,0.00,28.90
847,128.10,0.00,17.62
848,145.95,0.00,9.21
849,152.25,0.00,1.59
850,148.05,0.00,0.00
851,140.70,0.00,0.00
852,134.40,0.00,0.00
853,131.25,0.00,0.00
854,133.35,0.00,0.00
855,139.65,0.00,0.00
856,150.15,0.00,0.00
857,161.70,0.00,0.00
858,168.00,0.00,0.00
859,170.10,0.00,0.00
860,158.55,2.35,0.00
861,138.60,0.91,0.00
862,117.60,0.00,0.00
863,103.95,0.00,0.90
864,87.40,0.00,6.22
865,82.65,0.00,19.23
866,78.85,0.00,32.54
867,76.95,0.00,42.99
868,77.90,0.00,24.84
869,84.55,0.00,15.82
870,97.85,0.00,15.48
871,115.90,0.00,10.23
872,132.05,0.00,5.88
873,137.75,0.00,1.38
874,133.95,0.00,0.00
875,127.30,0.00,0.00
876,121.60,0.25,0.00
877,118.75,2.18,0.00
878,120.65,2.83,0.00
879,126.35,3.15,0.00
880,135.85,4.87,0.00
881,146.30,6.77,0.00
882,152.00,8.63,0.00
883,153.90,8.74,0.00
884,143.45,7.21,0.00
885,125.40,5.54,0.00
886,106.40,3.73,0.00
887,94.05,2.12,1.53
888,92.00,1.44,11.48
889,87.00,0.20,30.80
890,83.00,0.00,50.07
891,81.00,0.00,48.66
892,82.00,0.00,48.90
893,89.00,0.00,40.74
894,103.00,0.00,27.63
895,122.00,0.66,20.02
896,139.00,0.58,10.23
897,145.00,0.00,1.12
898,141.00,0.41,0.00
899,134.00,2.64,0.00
900,128.00,1.98,0.00
901,125.00,1.61,0.00
902,127.00,2.35,0.00
903,133.00,4.48,0.00
904,143.00,6.44,0.00
905,154.00,8.96,0.00
906,160.00,13.90,0.00
907,162.00,8.52,0.00
908,151.00,6.63,0.00
909,132.00,5.24,0.00
910,112.00,6.35,0.00
911,99.00,9.88,0.70
912,96.60,4.10,5.10
913,91.35,0.53,11.20
914,87.15,0.85,10.20
915,85.05,6.44,18.88
916,86.10,4.96,20.04
917,93.45,3.95,17.76
918,108.15,9.42,20.70
919,128.10,18.15,12.34
920,145.95,21.95,7.34
921,152.25,9.94,0.81
922,148.05,16.57,0.00
923,140.70,17.39,0.00
924,134.40,17.56,0.00
925,131.25,19.99,0.00
926,133.35,15.16,0.00
927,139.65,4.44,0.00
928,150.15,4.40,0.00
929,161.70,9.13,0.00
930,168.00,8.68,0.00
931,170.10,18.15,0.00
932,158.55,15.39,0.00
933,138.60,16.49,0.00
934,117.60,5.67,0.00
935,103.95,6.30,0.54
936,87.40,4.48,4.83
937,82.65,3.77,7.91
938,78.85,4.75,9.87
939,76.95,10.92,17.13
940,77.90,20.54,20.67
941,84.55,28.06,15.80
942,97.85,32.76,12.56
943,115.90,33.88,8.35
944,132.05,29.31,4.36
945,137.75,19.10,0.91
946,133.95,12.36,0.00
947,127.30,10.55,0.00
948,121.60,8.74,0.00
949,118.75,7.07,0.00
950,120.65,7.42,0.00
951,126.35,12.22,0.00
952,135.85,17.81,0.00
953,146.30,17.14,0.00
954,152.00,14.26,0.00
955,153.90,10.86,0.00
956,143.45,9.30,0.00
957,125.40,7.67,0.00
958,106.40,5.37,0.00
959,94.05,2.74,1.30
960,92.00,1.32,7.62
961,87.00,0.00,17.85
962,83.00,0.00,26.44
963,81.00,0.00,33.96
964,82.00,0.00,30.08
965,89.00,0.00,37.38
966,103.00,0.00,30.06
967,122.00,0.00,16.58
968,139.00,0.00,8.86
969,145.00,0.00,1.72
970,141.00,0.00,0.00
971,134.00,0.15,0.00
972,128.00,0.00,0.00
973,125.00,0.41,0.00
974,127.00,0.00,0.00
975,133.00,0.00,0.00
976,143.00,0.00,0.00
977,154.00,0.00,0.00
978,160.00,0.00,0.00
979,162.00,0.00,0.00
980,151.00,0.00,0.00
981,132.00,0.11,0.00
982,112.00,0.11,0.00
983,99.00,0.00,1.83
984,96.60,0.00,10.99
985,91.35,0.00,24.80
986,87.15,0.00,37.28
987,85.05,0.00,38.23
988,86.10,0.00,23.44
989,93.45,0.00,19.40
990,108.15,0.47,14.46
991,128.10,1.54,9.75
992,145.95,1.61,5.20
993,152.25,1.02,0.40
994,148.05,1.04,0.00
995,140.70,1.69,0.00
996,134.40,3.88,0.00
997,131.25,9.65,0.00
998,133.35,12.97,0.00
999,139.65,5.24,0.00
1000,150.15,0.79,0.00
1001,161.70,0.58,0.00
1002,168.00,1.07,0.00
1003,170.10,2.46,0.00
1004,158.55,4.40,0.00
1005,138.60,4.21,0.00
1006,117.60,4.71,0.00
1007,103.95,5.54,1.68
1008,87.40,4.63,9.67
1009,82.65,4.10,18.12
1010,78.85,3.29,23.80
1011,76.95,6.63,18.66
1012,77.90,16.82,23.57
1013,84.55,31.54,25.40
1014,97.85,42.28,9.53
1015,115.90,29.89,7.30
1016,132.05,16.41,6.03
1017,137.75,27.18,0.47
1018,133.95,41.13,0.00
1019,127.30,45.24,0.00
1020,121.60,30.59,0.00
1021,118.75,34.64,0.00
1022,120.65,52.57,0.00
1023,126.35,56.32,0.00
1024,135.85,59.52,0.00
1025,146.30,62.84,0.00
1026,152.00,78.60,0.00
1027,153.90,88.99,0.00
1028,143.45,95.99,0.00
1029,125.40,91.37,0.00
1030,106.40,77.73,0.00
1031,94.05,73.50,0.44
1032,92.00,75.18,3.12
1033,87.00,70.23,5.20
1034,83.00,61.72,6.87
1035,81.00,58.09,13.32
1036,82.00,60.43,15.51
1037,89.00,68.43,17.10
1038,103.00,78.81,8.64
1039,122.00,84.37,6.65
1040,139.00,81.45,2.88
1041,145.00,58.44,0.23
1042,141.00,34.90,0.00
1043,134.00,27.29,0.00
1044,128.00,23.31,0.00
1045,125.00,20.91,0.00
1046,127.00,20.82,0.00
1047,133.00,23.92,0.00
1048,143.00,26.20,0.00
1049,154.00,25.04,0.00
1050,160.00,25.25,0.00
1051,162.00,27.84,0.00
1052,151.00,22.24,0.00
1053,132.00,15.47,0.00
1054,112.00,10.80,0.00
1055,99.00,7.02,3.93
1056,96.60,3.66,24.70
1057,91.35,0.56,48.78
1058,87.15,0.00,72.54
1059,85.05,0.00,80.43
1060,86.10,0.39,61.70
1061,93.45,2.01,61.30
1062,108.15,4.17,52.43
1063,128.10,7.26,36.39
1064,145.95,11.37,23.92
1065,152.25,12.63,7.27
1066,148.05,14.34,0.00
1067,140.70,19.63,0.00
1068,134.40,24.94,0.00
1069,131.25,26.42,0.00
1070,133.35,23.61,0.00
1071,139.65,21.28,0.00
1072,150.15,18.40,0.00
1073,161.70,14.11,0.00
1074,168.00,10.67,0.00
1075,170.10,7.57,0.00
1076,158.55,5.33,0.00
1077,138.60,4.63,0.00
1078,117.60,5.50,0.00
1079,103.95,6.03,6.00
1080,87.40,2.15,32.61
1081,82.65,0.15,63.85
1082,78.85,0.00,88.84
1083,76.95,0.00,99.24
1084,77.90,0.00,87.51
1085,84.55,0.00,92.82
1086,97.85,0.00,76.26
1087,115.90,0.00,50.97
1088,132.05,0.00,29.47
1089,137.75,0.00,8.25
1090,133.95,0.00,0.00
1091,127.30,0.00,0.00
1092,121.60,0.00,0.00
1093,118.75,0.00,0.00
1094,120.65,0.00,0.00
1095,126.35,0.00,0.00
1096,135.85,0.00,0.00
1097,146.30,0.00,0.00
1098,152.00,0.00,0.00
1099,153.90,0.00,0.00
1100,143.45,1.87,0.00
1101,125.40,4.75,0.00
1102,106.40,5.89,0.00
1103,94.05,5.94,1.23
1104,92.00,3.35,14.10
1105,87.00,4.13,30.49
1106,83.00,2.68,49.41
1107,81.00,1.51,45.74
1108,82.00,0.49,28.33
1109,89.00,0.00,20.97
1110,103.00,0.00,14.30
1111,122.00,0.00,7.83
1112,139.00,0.00,3.38
1113,145.00,0.00,0.24
1114,141.00,0.00,0.00
1115,134.00,1.37,0.00
1116,128.00,2.09,0.00
1117,125.00,1.66,0.00
1118,127.00,0.87,0.00
1119,133.00,0.16,0.00
1120,143.00,0.00,0.00
1121,154.00,0.00,0.00
1122,160.00,0.00,0.00
1123,162.00,0.00,0.00
1124,151.00,0.00,0.00
1125,132.00,0.00,0.00
1126,112.00,0.00,0.00
1127,99.00,0.00,0.75
1128,96.60,0.00,7.06
1129,91.35,0.98,17.50
1130,87.15,6.40,30.05
1131,85.05,11.11,47.50
1132,86.10,12.49,51.55
1133,93.45,12.42,39.87
1134,108.15,11.37,30.74
1135,128.10,9.36,21.26
1136,145.95,6.07,10.48
1137,152.25,1.69,1.72
1138,148.05,0.00,0.00
1139,140.70,0.00,0.00
1140,134.40,0.00,0.00
1141,131.25,0.00,0.00
1142,133.35,0.43,0.00
1143,139.65,0.68,0.00
1144,150.15,0.32,0.00
1145,161.70,0.00,0.00
1146,168.00,0.00,0.00
1147,170.10,0.00,0.00
1148,158.55,0.00,0.00
1149,138.60,0.00,0.00
1150,117.60,0.00,0.00
1151,103.95,0.00,0.69
1152,87.40,0.00,4.00
1153,82.65,0.00,7.52
1154,78.85,0.00,16.26
1155,76.95,0.15,16.74
1156,77.90,2.89,20.10
1157,84.55,5.46,16.16
1158,97.85,6.63,10.95
1159,115.90,7.42,12.16
1160,132.05,5.98,7.02
1161,137.75,4.25,1.76
1162,133.95,2.58,0.00
1163,127.30,1.02,0.00
1164,121.60,0.00,0.00
1165,118.75,0.00,0.00
1166,120.65,1.11,0.00
1167,126.35,9.42,0.00
1168,135.85,21.47,0.00
1169,146.30,33.76,0.00
1170,152.00,47.55,0.00
1171,153.90,55.98,0.00
1172,143.45,52.23,0.00
1173,125.40,41.41,0.00
1174,106.40,32.27,0.00
1175,94.05,22.43,6.42
1176,92.00,23.31,33.45
1177,87.00,33.38,64.10
1178,83.00,26.74,91.64
1179,81.00,20.63,108.02
1180,82.00,19.99,100.71
1181,89.00,21.95,91.08
1182,103.00,23.81,78.92
1183,122.00,25.25,60.49
1184,139.00,23.92,36.39
1185,145.00,18.84,11.43
1186,141.00,19.28,0.00
1187,134.00,21.10,0.00
1188,128.00,20.36,0.00
1189,125.00,16.98,0.00
1190,127.00,12.56,0.00
1191,133.00,10.06,0.00
1192,143.00,7.62,0.00
1193,154.00,4.67,0.00
1194,160.00,2.43,0.00
1195,162.00,1.41,0.00
1196,151.00,1.29,0.00
1197,132.00,2.06,0.00
1198,112.00,3.52,0.00
1199,99.00,4.79,8.16
1200,96.60,2.86,37.96
1201,91.35,6.63,69.00
1202,87.15,11.95,94.40
1203,85.05,12.77,110.66
1204,86.10,11.05,113.30
1205,93.45,8.52,107.61
1206,108.15,7.42,92.06
1207,128.10,6.92,69.17
1208,145.95,6.12,38.94
1209,152.25,8.85,11.37
1210,148.05,22.14,0.00
1211,140.70,39.16,0.00
1212,134.40,44.79,0.00
1213,131.25,37.53,0.00
1214,133.35,30.24,0.00
1215,139.65,27.95,0.00
1216,150.15,30.00,0.00
1217,161.70,34.77,0.00
1218,168.00,32.03,0.00
1219,170.10,27.51,0.00
1220,158.55,27.95,0.00
1221,138.60,27.18,0.00
1222,117.60,26.31,0.00
1223,103.95,23.21,3.03
1224,87.40,29.42,14.97
1225,82.65,34.26,26.74
1226,78.85,32.27,31.71
1227,76.95,30.47,44.95
1228,77.90,28.97,43.26
1229,84.55,27.51,50.06
1230,97.85,26.96,43.40
1231,115.90,23.12,21.10
1232,132.05,18.15,11.25
1233,137.75,14.86,2.92
1234,133.95,22.43,0.00
1235,127.30,26.63,0.00
1236,121.60,22.24,0.00
1237,118.75,21.66,0.00
1238,120.65,22.43,0.00
1239,126.35,20.82,0.00
1240,135.85,17.56,0.00
1241,146.30,14.11,0.00
1242,152.00,11.37,0.00
1243,153.90,11.11,0.00
1244,143.45,11.05,0.00
1245,125.40,8.52,0.00
1246,106.40,5.89,0.00
1247,94.05,3.99,1.52
1248,92.00,2.26,5.80
1249,87.00,0.36,11.82
1250,83.00,0.00,11.17
1251,81.00,0.00,21.66
1252,82.00,0.00,26.85
1253,89.00,0.00,21.77
1254,103.00,0.00,25.65
1255,122.00,0.00,21.23
1256,139.00,0.00,13.71
1257,145.00,0.00,4.32
1258,141.00,0.00,0.00
1259,134.00,0.00,0.00
1260,128.00,0.00,0.00
1261,125.00,0.00,0.00
1262,127.00,0.00,0.00
1263,133.00,0.00,0.00
1264,143.00,0.00,0.00
1265,154.00,0.06,0.00
1266,160.00,0.00,0.00
1267,162.00,0.00,0.00
1268,151.00,0.00,0.00
1269,132.00,0.00,0.00
1270,112.00,0.00,0.00
1271,99.00,0.00,1.48
1272,96.60,0.00,4.72
1273,91.35,0.00,3.20
1274,87.15,0.00,8.68
1275,85.05,0.00,13.83
1276,86.10,0.00,16.75
1277,93.45,0.00,19.79
1278,108.15,0.00,16.32
1279,128.10,0.00,15.04
1280,145.95,0.00,5.86
1281,152.25,0.00,2.38
1282,148.05,0.00,0.00
1283,140.70,0.00,0.00
1284,134.40,0.10,0.00
1285,131.25,0.95,0.00
1286,133.35,1.90,0.00
1287,139.65,3.09,0.00
1288,150.15,4.52,0.00
1289,161.70,6.03,0.00
1290,168.00,6.03,0.00
1291,170.10,5.54,0.00
1292,158.55,5.76,0.00
1293,138.60,5.33,0.00
1294,117.60,4.40,0.00
1295,103.95,4.02,5.17
1296,87.40,5.00,23.64
1297,82.65,5.20,40.81
1298,78.85,4.91,60.51
1299,76.95,5.50,67.87
1300,77.90,7.42,70.18
1301,84.55,10.36,55.63
1302,97.85,14.26,56.15
1303,115.90,19.28,37.64
1304,132.05,23.02,23.38
1305,137.75,22.43,8.90
1306,133.95,27.29,0.00
1307,127.30,31.30,0.00
1308,121.60,29.42,0.00
1309,118.75,26.20,0.00
1310,120.65,21.10,0.00
1311,126.35,16.25,0.00
1312,135.85,13.25,0.00
1313,146.30,11.17,0.00
1314,152.00,9.82,0.00
1315,153.90,9.76,0.00
1316,143.45,11.37,0.00
1317,125.40,12.09,0.00
1318,106.40,11.17,0.00
1319,94.05,8.46,5.85
1320,92.00,3.42,25.99
1321,87.00,5.04,51.47
1322,83.00,5.00,77.84
1323,81.00,4.75,84.86
1324,82.00,4.96,51.23
1325,89.00,5.20,45.98
1326,103.00,5.59,33.57
1327,122.00,7.07,19.92
1328,139.00,10.00,15.31
1329,145.00,14.34,4.96
1330,141.00,24.32,0.00
1331,134.00,31.18,0.00
1332,128.00,29.89,0.00
1333,125.00,25.46,0.00
1334,127.00,20.08,0.00
1335,133.00,15.94,0.00
1336,143.00,12.63,0.00
1337,154.00,11.17,0.00
1338,160.00,11.76,0.00
1339,162.00,12.90,0.00
1340,151.00,14.04,0.00
1341,132.00,13.54,0.00
1342,112.00,11.50,0.00
1343,99.00,8.09,9.41
1344,96.60,10.92,39.34
1345,91.35,13.11,73.46
1346,87.15,7.77,98.90
1347,85.05,4.59,116.15
1348,86.10,3.22,116.91
1349,93.45,2.61,115.88
1350,108.15,2.46,100.89
1351,128.10,2.68,76.80
1352,145.95,2.93,46.38
1353,152.25,2.71,15.98
1354,148.05,3.02,0.00
1355,140.70,4.32,0.00
1356,134.40,6.49,0.00
1357,131.25,8.85,0.00
1358,133.35,10.73,0.00
1359,139.65,12.49,0.00
1360,150.15,13.97,0.00
1361,161.70,15.16,0.00
1362,168.00,16.49,0.00
1363,170.10,18.75,0.00
1364,158.55,21.85,0.00
1365,138.60,24.12,0.00
1366,117.60,24.84,0.00
1367,103.95,18.84,11.51
1368,87.40,7.57,43.23
1369,82.65,11.30,75.10
1370,78.85,6.26,100.64
1371,76.95,3.56,117.39
1372,77.90,2.04,124.50
1373,84.55,1.11,119.68
1374,97.85,0.58,104.58
1375,115.90,0.32,80.17
1376,132.05,0.38,49.11
1377,137.75,1.56,17.16
1378,133.95,5.54,0.00
1379,127.30,11.76,0.00
1380,121.60,14.93,0.00
1381,118.75,14.56,0.00
1382,120.65,13.54,0.00
1383,126.35,11.63,0.00
1384,135.85,8.30,0.00
1385,146.30,6.49,0.00
1386,152.00,5.81,0.00
1387,153.90,5.24,0.00
1388,143.45,4.75,0.00
1389,125.40,4.67,0.00
1390,106.40,4.29,0.00
1391,94.05,2.89,1.26
1392,92.00,0.32,14.59
1393,87.00,0.00,29.04
1394,83.00,0.98,50.67
1395,81.00,1.69,58.00
1396,82.00,2.04,58.35
1397,89.00,2.29,54.41
1398,103.00,2.26,44.64
1399,122.00,1.98,30.72
1400,139.00,1.51,18.64
1401,145.00,1.64,5.90
1402,141.00,2.15,0.00
1403,134.00,1.49,0.00
1404,128.00,0.27,0.00
1405,125.00,0.00,0.00
1406,127.00,0.00,0.00
1407,133.00,0.00,0.00
1408,143.00,0.00,0.00
1409,154.00,0.00,0.00
1410,160.00,0.54,0.00
1411,162.00,2.29,0.00
1412,151.00,3.42,0.00
1413,132.00,2.83,0.00
1414,112.00,1.74,0.00
1415,99.00,1.29,2.92
1416,96.60,0.85,15.06
1417,91.35,7.07,28.57
1418,87.15,17.81,45.99
1419,85.05,19.28,62.71
1420,86.10,19.72,69.17
1421,93.45,22.33,65.68
1422,108.15,27.18,49.85
1423,128.10,31.79,33.02
1424,145.95,32.39,18.57
1425,152.25,30.12,6.75
1426,148.05,32.03,0.00
1427,140.70,29.19,0.00
1428,134.40,23.92,0.00
1429,131.25,20.36,0.00
1430,133.35,18.40,0.00
1431,139.65,18.49,0.00
1432,150.15,19.01,0.00
1433,161.70,18.58,0.00
1434,168.00,19.10,0.00
1435,170.10,16.33,0.00
1436,158.55,13.90,0.00
1437,138.60,12.36,0.00
1438,117.60,7.36,0.00
1439,103.95,2.61,6.47
1440,87.40,1.49,20.23
1441,82.65,2.55,29.31
1442,78.85,2.64,51.16
1443,76.95,2.12,75.87
1444,77.90,1.13,88.42
1445,84.55,0.00,75.72
1446,97.85,0.00,74.46
1447,115.90,0.00,50.57
1448,132.05,0.00,30.50
1449,137.75,0.00,9.84
1450,133.95,0.00,0.00
1451,127.30,1.04,0.00
1452,121.60,2.77,0.00
1453,118.75,4.17,0.00
1454,120.65,4.71,0.00
1455,126.35,5.72,0.00
1456,135.85,6.54,0.00
1457,146.30,5.20,0.00
1458,152.00,5.00,0.00
1459,153.90,6.68,0.00
1460,143.45,6.73,0.00
1461,125.40,4.79,0.00
1462,106.40,2.80,0.00
1463,94.05,1.77,7.43
1464,92.00,0.11,23.42
1465,87.00,0.00,46.05
1466,83.00,0.00,60.37
1467,81.00,0.00,80.65
1468,82.00,0.00,66.61
1469,89.00,0.00,61.99
1470,103.00,0.00,53.84
1471,122.00,0.00,48.25
1472,139.00,0.00,27.85
1473,145.00,0.00,10.48
1474,141.00,0.00,0.00
1475,134.00,0.00,0.00
1476,128.00,1.09,0.00
1477,125.00,3.02,0.00
1478,127.00,5.24,0.00
1479,133.00,8.03,0.00
1480,143.00,11.17,0.00
1481,154.00,13.25,0.00
1482,160.00,13.75,0.00
1483,162.00,12.90,0.00
1484,151.00,11.17,0.00
1485,132.00,8.85,0.00
1486,112.00,6.77,0.00
1487,99.00,3.99,12.10
1488,96.60,1.66,40.52
1489,91.35,1.85,71.22
1490,87.15,3.32,96.78
1491,85.05,5.24,113.76
1492,86.10,5.41,111.11
1493,93.45,5.08,106.79
1494,108.15,4.17,91.57
1495,128.10,3.05,67.25
1496,145.95,2.01,39.13
1497,152.25,1.41,14.16
1498,148.05,3.12,0.48
1499,140.70,6.77,0.00
1500,134.40,11.76,0.00
1501,131.25,16.65,0.00
1502,133.35,20.54,0.00
1503,139.65,21.57,0.00
1504,150.15,20.82,0.00
1505,161.70,19.19,0.00
1506,168.00,17.39,0.00
1507,170.10,15.01,0.00
1508,158.55,12.36,0.00
1509,138.60,9.94,0.00
1510,117.60,7.77,0.00
1511,103.95,5.12,13.10
1512,87.40,0.62,41.92
1513,82.65,0.00,72.49
1514,78.85,2.68,97.66
1515,76.95,1.85,114.29
1516,77.90,1.34,120.95
1517,84.55,1.22,116.14
1518,97.85,1.18,100.82
1519,115.90,1.18,76.43
1520,132.05,1.22,46.15
1521,137.75,0.83,16.41
1522,133.95,0.93,0.56
1523,127.30,1.82,0.00
1524,121.60,4.06,0.00
1525,118.75,7.47,0.00
1526,120.65,10.06,0.00
1527,126.35,9.94,0.00
1528,135.85,7.21,0.00
1529,146.30,4.96,0.00
1530,152.00,4.36,0.00
1531,153.90,4.48,0.00
1532,143.45,4.67,0.00
1533,125.40,4.48,0.00
1534,106.40,5.16,0.00
1535,94.05,6.49,15.17
1536,92.00,3.22,45.89
1537,87.00,2.12,76.64
1538,83.00,6.77,100.50
1539,81.00,6.73,118.11
1540,82.00,5.98,120.84
1541,89.00,5.50,114.32
1542,103.00,5.24,84.41
1543,122.00,3.77,60.17
1544,139.00,1.32,34.39
1545,145.00,0.00,13.41
1546,141.00,0.00,0.45
1547,134.00,0.56,0.00
1548,128.00,1.79,0.00
1549,125.00,3.70,0.00
1550,127.00,6.82,0.00
1551,133.00,9.59,0.00
1552,143.00,11.82,0.00
1553,154.00,12.29,0.00
1554,160.00,10.80,0.00
1555,162.00,7.77,0.00
1556,151.00,3.49,0.00
1557,132.00,0.00,0.00
1558,112.00,0.00,0.00
1559,99.00,0.00,4.59
1560,96.60,0.16,15.48
1561,91.35,0.51,19.80
1562,87.15,1.25,23.39
1563,85.05,2.80,25.81
1564,86.10,2.64,49.37
1565,93.45,1.13,57.86
1566,108.15,0.10,50.18
1567,128.10,0.00,43.72
1568,145.95,0.00,24.88
1569,152.25,0.00,10.44
1570,148.05,0.00,0.44
1571,140.70,0.00,0.00
1572,134.40,0.00,0.00
1573,131.25,0.00,0.00
1574,133.35,0.00,0.00
1575,139.65,0.00,0.00
1576,150.15,0.00,0.00
1577,161.70,1.29,0.00
1578,168.00,1.90,0.00
1579,170.10,1.56,0.00
1580,158.55,1.18,0.00
1581,138.60,1.61,0.00
1582,117.60,1.77,0.00
1583,103.95,0.41,5.74
1584,87.40,0.00,18.19
1585,82.65,0.13,36.57
1586,78.85,0.23,45.42
1587,76.95,0.62,46.41
1588,77.90,0.79,49.84
1589,84.55,0.06,65.55
1590,97.85,0.00,51.17
1591,115.90,0.00,38.56
1592,132.05,0.00,23.16
1593,137.75,0.43,9.73
1594,133.95,7.26,0.60
1595,127.30,16.09,0.00
1596,121.60,22.04,0.00
1597,118.75,19.99,0.00
1598,120.65,14.56,0.00
1599,126.35,9.65,0.00
1600,135.85,7.07,0.00
1601,146.30,6.97,0.00
1602,152.00,7.36,0.00
1603,153.90,7.07,0.00
1604,143.45,6.54,0.00
1605,125.40,5.20,0.00
1606,106.40,4.40,0.00
1607,94.05,3.91,6.63
1608,92.00,2.38,23.17
1609,87.00,1.93,42.98
1610,83.00,0.89,74.94
1611,81.00,0.51,96.05
1612,82.00,0.16,105.58
1613,89.00,0.00,112.69
1614,103.00,0.00,96.70
1615,122.00,0.00,74.05
1616,139.00,0.00,44.64
1617,145.00,0.00,16.39
1618,141.00,1.87,0.71
1619,134.00,4.87,0.00
1620,128.00,8.14,0.00
1621,125.00,10.55,0.00
1622,127.00,11.11,0.00
1623,133.00,10.36,0.00
1624,143.00,9.24,0.00
1625,154.00,8.52,0.00
1626,160.00,8.41,0.00
1627,162.00,8.14,0.00
1628,151.00,8.19,0.00
1629,132.00,7.93,0.00
1630,112.00,6.54,0.00
1631,99.00,4.48,16.44
1632,96.60,1.07,45.15
1633,91.35,0.54,74.45
1634,87.15,0.89,91.68
1635,85.05,0.87,101.72
1636,86.10,1.34,78.67
1637,93.45,1.18,55.41
1638,108.15,0.00,39.56
1639,128.10,0.00,20.64
1640,145.95,0.00,13.56
1641,152.25,0.00,4.66
1642,148.05,1.98,0.35
1643,140.70,6.12,0.00
1644,134.40,6.73,0.00
1645,131.25,5.63,0.00
1646,133.35,3.12,0.00
1647,139.65,0.00,0.00
1648,150.15,0.00,0.00
1649,161.70,0.00,0.00
1650,168.00,0.00,0.00
1651,170.10,0.00,0.00
1652,158.55,0.00,0.00
1653,138.60,0.00,0.00
1654,117.60,0.00,0.18
1655,103.95,0.00,5.52
1656,87.40,0.00,14.55
1657,82.65,0.00,24.45
1658,78.85,0.00,45.85
1659,76.95,0.00,46.83
1660,77.90,0.00,65.99
1661,84.55,0.00,71.31
1662,97.85,0.64,58.98
1663,115.90,2.55,45.35
1664,132.05,2.89,25.70
1665,137.75,3.99,8.98
1666,133.95,5.46,0.54
1667,127.30,8.25,0.00
1668,121.60,25.15,0.00
1669,118.75,70.03,0.00
1670,120.65,100.00,0.00
1671,126.35,100.00,0.00
1672,135.85,100.00,0.00
1673,146.30,99.24,0.00
1674,152.00,81.90,0.00
1675,153.90,77.09,0.00
1676,143.45,71.45,0.00
1677,125.40,75.81,0.00
1678,106.40,84.14,0.42
1679,94.05,96.49,11.89
1680,92.00,100.00,32.48
1681,87.00,100.00,55.99
1682,83.00,100.00,94.11
1683,81.00,100.00,117.16
1684,82.00,100.00,117.04
1685,89.00,100.00,108.20
1686,103.00,100.00,95.61
1687,122.00,100.00,76.62
1688,139.00,97.73,46.15
1689,145.00,69.63,17.10
1690,141.00,46.31,0.86
1691,134.00,36.20,0.00
1692,128.00,28.06,0.00
1693,125.00,19.81,0.00
1694,127.00,13.97,0.00
1695,133.00,10.67,0.00
1696,143.00,9.36,0.00
1697,154.00,8.41,0.00
1698,160.00,7.21,0.00
1699,162.00,5.50,0.00
1700,151.00,3.25,0.00
1701,132.00,1.69,0.00
1702,112.00,1.34,0.75
1703,99.00,1.72,20.67
1704,96.60,3.09,55.32
1705,91.35,1.95,88.22
1706,87.15,0.64,113.48
1707,85.05,0.29,129.62
1708,86.10,0.47,136.01
1709,93.45,1.00,130.93
1710,108.15,2.06,114.89
1711,128.10,3.32,89.68
1712,145.95,4.79,57.84
1713,152.25,4.83,22.92
1714,148.05,5.94,1.10
1715,140.70,10.92,0.00
1716,134.40,19.72,0.00
1717,131.25,27.73,0.00
1718,133.35,33.88,0.00
1719,139.65,38.48,0.00
1720,150.15,39.58,0.00
1721,161.70,40.56,0.00
1722,168.00,40.00,0.00
1723,170.10,39.30,0.00
1724,158.55,39.72,0.00
1725,138.60,41.13,0.00
1726,117.60,43.01,0.81
1727,103.95,30.59,20.27
1728,87.40,29.19,53.86
1729,82.65,78.60,85.36
1730,78.85,96.49,110.61
1731,76.95,93.05,126.64
1732,77.90,88.06,132.30
1733,84.55,83.01,127.18
1734,97.85,74.97,111.14
1735,115.90,64.73,85.05
1736,132.05,54.60,52.35
1737,137.75,34.39,19.49
1738,133.95,26.74,0.98
1739,127.30,25.99,0.00
1740,121.60,25.25,0.00
1741,118.75,22.72,0.00
1742,120.65,17.81,0.00
1743,126.35,13.25,0.00
1744,135.85,9.71,0.00
1745,146.30,6.17,0.00
1746,152.00,2.71,0.00
1747,153.90,0.72,0.00
1748,143.45,0.00,0.00
1749,125.40,0.00,0.00
1750,106.40,0.00,0.80
1751,94.05,0.00,17.09
1752,92.00,1.32,48.15
1753,87.00,1.90,78.14
1754,83.00,2.29,102.27
1755,81.00,4.32,117.94
1756,82.00,7.42,113.89
1757,89.00,10.67,107.73
1758,103.00,12.90,90.48
1759,122.00,14.19,67.30
1760,139.00,16.90,40.48
1761,145.00,27.29,15.98
1762,141.00,56.67,0.91
1763,134.00,70.23,0.00
1764,128.00,65.12,0.00
1765,125.00,57.91,0.00
1766,127.00,67.84,0.00
1767,133.00,69.83,0.00
1768,143.00,60.07,0.00
1769,154.00,47.40,0.00
1770,160.00,44.04,0.00
1771,162.00,43.45,0.00
1772,151.00,53.74,0.00
1773,132.00,55.98,0.00
1774,112.00,53.91,0.68
1775,99.00,53.41,9.17
1776,96.60,69.03,26.63
1777,91.35,75.18,40.49
1778,87.15,66.47,51.25
1779,85.05,44.64,37.37
1780,86.10,19.72,29.99
1781,93.45,5.37,12.02
1782,108.15,0.00,19.63
1783,128.10,0.18,5.98
1784,145.95,10.30,5.03
1785,152.25,28.40,2.67
1786,148.05,41.41,0.37
1787,140.70,47.71,0.00
1788,134.40,64.35,0.00
1789,131.25,82.57,0.00
1790,133.35,79.03,0.00
1791,139.65,80.35,0.00
1792,150.15,86.66,0.00
1793,161.70,69.23,0.00
1794,168.00,55.28,0.00
1795,170.10,52.40,0.00
1796,158.55,53.07,0.00
1797,138.60,52.57,0.00
1798,117.60,51.41,0.29
1799,103.95,44.04,4.40
1800,87.40,31.91,12.17
1801,82.65,22.43,18.02
1802,78.85,17.89,20.27
1803,76.95,18.58,24.49
1804,77.90,24.12,23.16
1805,84.55,31.42,22.80
1806,97.85,35.29,22.99
1807,115.90,31.30,16.64
1808,132.05,23.41,17.62
1809,137.75,15.62,7.27
1810,133.95,13.39,0.49
1811,127.30,13.61,0.00
1812,121.60,14.19,0.00
1813,118.75,14.34,0.00
1814,120.65,13.39,0.00
1815,126.35,11.89,0.00
1816,135.85,9.82,0.00
1817,146.30,7.77,0.00
1818,152.00,7.62,0.00
1819,153.90,8.68,0.00
1820,143.45,8.25,0.00
1821,125.40,6.49,0.00
1822,106.40,4.25,0.39
1823,94.05,2.55,4.99
1824,92.00,1.61,16.87
1825,87.00,0.98,32.79
1826,83.00,0.68,41.91
1827,81.00,0.38,22.16
1828,82.00,0.00,32.52
1829,89.00,0.00,20.36
1830,103.00,0.00,13.13
1831,122.00,0.00,9.12
1832,139.00,0.00,15.61
1833,145.00,0.00,5.18
1834,141.00,0.00,0.42
1835,134.00,0.00,0.00
1836,128.00,0.00,0.00
1837,125.00,0.00,0.00
1838,127.00,0.00,0.00
1839,133.00,0.00,0.00
1840,143.00,0.00,0.00
1841,154.00,0.00,0.00
1842,160.00,0.00,0.00
1843,162.00,0.00,0.00
1844,151.00,0.00,0.00
1845,132.00,0.00,0.00
1846,112.00,0.00,0.48
1847,99.00,0.00,7.24
1848,96.60,0.00,20.16
1849,91.35,0.00,35.84
1850,87.15,0.00,33.88
1851,85.05,0.00,24.58
1852,86.10,0.00,21.17
1853,93.45,0.00,24.41
1854,108.15,0.00,15.34
1855,128.10,0.00,9.73
1856,145.95,0.00,4.77
1857,152.25,0.00,4.21
1858,148.05,0.00,0.22
1859,140.70,0.00,0.00
1860,134.40,0.00,0.00
1861,131.25,0.00,0.00
1862,133.35,0.00,0.00
1863,139.65,0.00,0.00
1864,150.15,0.00,0.00
1865,161.70,0.00,0.00
1866,168.00,0.00,0.00
1867,170.10,0.00,0.00
1868,158.55,0.00,0.00
1869,138.60,0.00,0.00
1870,117.60,0.00,0.62
1871,103.95,0.00,4.50
1872,87.40,0.00,11.79
1873,82.65,0.00,20.37
1874,78.85,0.00,24.14
1875,76.95,0.00,27.82
1876,77.90,0.00,28.25
1877,84.55,0.00,24.13
1878,97.85,0.00,16.35
1879,115.90,0.00,10.32
1880,132.05,0.00,7.56
1881,137.75,0.00,1.80
1882,133.95,0.00,0.34
1883,127.30,0.00,0.00
1884,121.60,0.00,0.00
1885,118.75,0.00,0.00
1886,120.65,0.00,0.00
1887,126.35,0.00,0.00
1888,135.85,0.00,0.00
1889,146.30,0.00,0.00
1890,152.00,0.00,0.00
1891,153.90,0.00,0.00
1892,143.45,0.00,0.00
1893,125.40,0.00,0.00
1894,106.40,0.00,0.39
1895,94.05,0.00,3.18
1896,92.00,0.00,6.15
1897,87.00,0.00,8.29
1898,83.00,0.00,14.05
1899,81.00,0.00,14.29
1900,82.00,0.00,22.25
1901,89.00,0.00,24.64
1902,103.00,0.00,14.23
1903,122.00,0.00,16.31
1904,139.00,0.00,8.94
1905,145.00,0.00,3.57
1906,141.00,0.00,0.26
1907,134.00,0.00,0.00
1908,128.00,0.00,0.00
1909,125.00,0.00,0.00
1910,127.00,0.00,0.00
1911,133.00,0.00,0.00
1912,143.00,0.47,0.00
1913,154.00,1.20,0.00
1914,160.00,2.23,0.00
1915,162.00,2.93,0.00
1916,151.00,2.83,0.00
1917,132.00,2.99,0.00
1918,112.00,4.75,0.57
1919,99.00,9.07,5.24
1920,96.60,13.18,11.86
1921,91.35,12.90,18.43
1922,87.15,8.09,33.47
1923,85.05,11.30,16.06
1924,86.10,19.45,21.42
1925,93.45,18.75,23.94
1926,108.15,14.71,22.45
1927,128.10,11.82,16.08
1928,145.95,12.22,16.25
1929,152.25,9.59,7.74
1930,148.05,12.29,0.74
1931,140.70,15.39,0.00
1932,134.40,16.74,0.00
1933,131.25,15.55,0.00
1934,133.35,13.61,0.00
1935,139.65,13.61,0.00
1936,150.15,14.04,0.00
1937,161.70,13.82,0.00
1938,168.00,12.70,0.00
1939,170.10,10.73,0.00
1940,158.55,10.73,0.00
1941,138.60,18.23,0.00
1942,117.60,12.15,0.97
1943,103.95,5.46,11.22
1944,87.40,0.72,23.09
1945,82.65,0.00,38.86
1946,78.85,1.00,55.31
1947,76.95,3.05,52.57
1948,77.90,3.66,40.37
1949,84.55,4.56,36.69
1950,97.85,6.40,33.68
1951,115.90,7.47,14.64
1952,132.05,7.02,12.58
1953,137.75,6.58,6.08
1954,133.95,9.53,0.43
1955,127.30,11.95,0.00
1956,121.60,12.63,0.00
1957,118.75,12.90,0.00
1958,120.65,7.07,0.00
1959,126.35,6.40,0.00
1960,135.85,12.83,0.00
1961,146.30,26.31,0.00
1962,152.00,54.25,0.00
1963,153.90,65.69,0.00
1964,143.45,57.38,0.00
1965,125.40,46.78,0.00
1966,106.40,25.78,0.76
1967,94.05,21.19,6.76
1968,92.00,23.92,14.10
1969,87.00,33.26,21.93
1970,83.00,17.64,37.05
1971,81.00,7.12,59.88
1972,82.00,6.03,57.04
1973,89.00,11.37,55.59
1974,103.00,18.15,33.95
1975,122.00,14.34,24.54
1976,139.00,10.24,12.54
1977,145.00,9.65,4.08
1978,141.00,11.30,0.34
1979,134.00,14.41,0.00
1980,128.00,13.25,0.00
1981,125.00,8.03,0.00
1982,127.00,3.73,0.00
1983,133.00,1.49,0.00
1984,143.00,0.95,0.00
1985,154.00,2.15,0.00
1986,160.00,6.68,0.00
1987,162.00,18.66,0.00
1988,151.00,19.19,0.00
1989,132.00,7.52,0.00
1990,112.00,7.12,0.81
1991,99.00,12.42,8.88
1992,96.60,10.92,19.61
1993,91.35,2.58,30.71
1994,87.15,0.00,60.99
1995,85.05,0.00,71.82
1996,86.10,0.00,69.92
1997,93.45,0.00,54.14
1998,108.15,0.00,37.06
1999,128.10,0.00,28.30
2000,145.95,0.00,22.46
2001,152.25,0.00,10.19
2002,148.05,0.00,1.03
2003,140.70,0.00,0.00
2004,134.40,0.00,0.00
2005,131.25,0.00,0.00
2006,133.35,0.00,0.00
2007,139.65,0.00,0.00
2008,150.15,0.00,0.00
2009,161.70,0.00,0.00
2010,168.00,0.00,0.00
2011,170.10,0.00,0.00
2012,158.55,0.00,0.00
2013,138.60,0.00,0.00
2014,117.60,0.00,2.09
2015,103.95,0.00,23.15
2016,87.40,0.29,55.27
2017,82.65,2.46,85.05
2018,78.85,3.19,109.73
2019,76.95,2.68,119.44
2020,77.90,1.64,115.04
2021,84.55,0.85,109.34
2022,97.85,1.29,81.45
2023,115.90,1.72,63.99
2024,132.05,2.41,37.71
2025,137.75,2.20,14.93
2026,133.95,5.08,1.14
2027,127.30,11.95,0.00
2028,121.60,15.47,0.00
2029,118.75,13.54,0.00
2030,120.65,9.71,0.00
2031,126.35,8.57,0.00
2032,135.85,8.03,0.00
2033,146.30,6.77,0.00
2034,152.00,6.17,0.00
2035,153.90,5.24,0.00
2036,143.45,3.91,0.00
2037,125.40,1.85,0.00
2038,106.40,0.34,1.61
2039,94.05,0.00,13.81
2040,92.00,0.00,34.59
2041,87.00,0.00,55.65
2042,83.00,0.00,77.19
2043,81.00,0.00,91.55
2044,82.00,0.00,90.76
2045,89.00,0.00,87.94
2046,103.00,0.00,57.13
2047,122.00,0.00,48.33
2048,139.00,0.00,29.85
2049,145.00,0.00,11.95
2050,141.00,0.00,1.28
2051,134.00,0.06,0.00
2052,128.00,0.85,0.00
2053,125.00,2.06,0.00
2054,127.00,2.99,0.00
2055,133.00,3.52,0.00
2056,143.00,3.39,0.00
2057,154.00,2.93,0.00
2058,160.00,2.86,0.00
2059,162.00,2.99,0.00
2060,151.00,2.93,0.00
2061,132.00,2.18,0.00
2062,112.00,1.74,1.20
2063,99.00,1.34,9.31
2064,96.60,0.05,23.18
2065,91.35,0.00,39.58
2066,87.15,0.00,55.00
2067,85.05,0.06,67.75
2068,86.10,0.20,67.03
2069,93.45,0.54,65.02
2070,108.15,0.91,49.97
2071,128.10,1.54,30.49
2072,145.95,2.04,18.04
2073,152.25,1.69,7.97
2074,148.05,1.34,0.65
2075,140.70,0.95,0.00
2076,134.40,0.54,0.00
2077,131.25,0.03,0.00
2078,133.35,0.00,0.00
2079,139.65,0.00,0.00
2080,150.15,0.20,0.00
2081,161.70,0.45,0.00
2082,168.00,0.49,0.00
2083,170.10,0.00,0.00
2084,158.55,0.00,0.00
2085,138.60,0.00,0.00
2086,117.60,0.00,1.14
2087,103.95,0.00,10.97
2088,87.40,1.11,24.53
2089,82.65,0.39,37.69
2090,78.85,0.00,45.34
2091,76.95,0.00,50.03
2092,77.90,0.00,49.11
2093,84.55,0.00,44.42
2094,97.85,0.00,39.99
2095,115.90,0.00,21.46
2096,132.05,0.00,12.54
2097,137.75,0.00,5.35
2098,133.95,0.00,0.67
2099,127.30,0.00,0.00
2100,121.60,0.00,0.00
2101,118.75,0.00,0.00
2102,120.65,0.00,0.00
2103,126.35,0.00,0.00
2104,135.85,0.00,0.00
2105,146.30,0.00,0.00
2106,152.00,0.00,0.00
2107,153.90,0.00,0.00
2108,143.45,0.00,0.00
2109,125.40,0.00,0.00
2110,106.40,0.00,1.65
2111,94.05,0.00,16.14
2112,92.00,0.00,36.56
2113,87.00,0.00,58.33
2114,83.00,0.00,80.60
2115,81.00,0.00,116.94
2116,82.00,0.00,111.80
2117,89.00,0.00,110.65
2118,103.00,0.00,89.54
2119,122.00,0.00,71.54
2120,139.00,0.00,44.46
2121,145.00,0.00,18.78
2122,141.00,0.00,1.66
2123,134.00,0.00,0.00
2124,128.00,0.00,0.00
2125,125.00,0.66,0.00
2126,127.00,1.59,0.00
2127,133.00,1.00,0.00
2128,143.00,0.00,0.00
2129,154.00,0.00,0.00
2130,160.00,0.00,0.00
2131,162.00,0.00,0.00
2132,151.00,0.54,0.00
2133,132.00,1.85,0.00
2134,112.00,5.00,1.37
2135,99.00,4.02,14.67
2136,96.60,1.37,32.55
2137,91.35,0.00,51.52
2138,87.15,0.00,80.05
2139,85.05,0.00,96.21
2140,86.10,0.00,106.34
2141,93.45,0.00,101.19
2142,108.15,0.00,77.55
2143,128.10,0.00,57.56
2144,145.95,0.00,34.23
2145,152.25,0.00,14.11
2146,148.05,1.87,1.53
2147,140.70,4.52,0.00
2148,134.40,7.93,0.00
2149,131.25,9.24,0.00
2150,133.35,7.62,0.00
2151,139.65,5.12,0.00
2152,150.15,2.80,0.00
2153,161.70,1.29,0.00
2154,168.00,0.87,0.00
2155,170.10,0.76,0.00
2156,158.55,0.87,0.00
2157,138.60,2.23,0.00
2158,117.60,3.70,2.79
2159,103.95,2.29,22.01
2160,87.40,0.58,51.62
2161,82.65,0.00,80.53
2162,78.85,0.00,104.10
2163,76.95,0.00,119.68
2164,77.90,0.00,130.03
2165,84.55,0.00,124.13
2166,97.85,0.00,108.15
2167,115.90,0.00,83.28
2168,132.05,0.56,52.96
2169,137.75,3.09,23.34
2170,133.95,10.43,2.13
2171,127.30,21.76,0.00
2172,121.60,30.47,0.00
2173,118.75,36.46,0.00
2174,120.65,40.84,0.00
2175,126.35,42.28,0.00
2176,135.85,39.30,0.00
2177,146.30,34.01,0.00
2178,152.00,28.74,0.00
2179,153.90,28.97,0.00
2180,143.45,33.63,0.00
2181,125.40,37.13,0.00
2182,106.40,35.81,3.71
2183,94.05,21.76,28.10
2184,92.00,27.51,59.30
2185,87.00,55.46,88.66
2186,83.00,58.09,108.11
2187,81.00,55.11,123.03
2188,82.00,52.90,108.08
2189,89.00,55.11,93.26
2190,103.00,49.94,22.59
2191,122.00,30.83,13.41
2192,139.00,23.02,8.75
2193,145.00,27.07,4.00
2194,141.00,49.78,0.48
2195,134.00,72.88,0.00
2196,128.00,64.73,0.00
2197,125.00,68.04,0.00
2198,127.00,93.30,0.00
2199,133.00,68.63,0.00
2200,143.00,100.00,0.00
2201,154.00,100.00,0.00
2202,160.00,92.09,0.00
2203,162.00,75.18,0.00
2204,151.00,64.54,0.00
2205,132.00,75.60,0.00
2206,112.00,67.25,0.65
2207,99.00,55.80,5.75
2208,96.60,47.24,11.01
2209,91.35,53.24,18.52
2210,87.15,72.26,23.89
2211,85.05,93.05,14.90
2212,86.10,100.00,41.70
2213,93.45,92.57,43.56
2214,108.15,81.01,40.99
2215,128.10,65.69,28.58
2216,145.95,52.73,15.69
2217,152.25,43.30,7.42
2218,148.05,85.51,0.74
2219,140.70,100.00,0.00
2220,134.40,100.00,0.00
2221,131.25,100.00,0.00
2222,133.35,82.12,0.00
2223,139.65,40.14,0.00
2224,150.15,35.03,0.00
2225,161.70,48.03,0.00
2226,168.00,59.16,0.00
2227,170.10,69.83,0.00
2228,158.55,60.25,0.00
2229,138.60,43.60,0.00
2230,117.60,7.07,1.40
2231,103.95,22.33,10.70
2232,87.40,6.77,21.74
2233,82.65,6.77,19.61
2234,78.85,10.61,21.33
2235,76.95,15.78,31.54
2236,77.90,12.77,22.27
2237,84.55,14.04,17.32
2238,97.85,16.49,13.00
2239,115.90,18.32,9.16
2240,132.05,24.32,17.32
2241,137.75,30.95,6.87
2242,133.95,38.48,0.75
2243,127.30,52.07,0.00
2244,121.60,50.43,0.00
2245,118.75,36.86,0.00
2246,120.65,38.34,0.00
2247,126.35,48.34,0.00
2248,135.85,51.57,0.00
2249,146.30,50.43,0.00
2250,152.00,57.73,0.00
2251,153.90,71.45,0.00
2252,143.45,46.93,0.00
2253,125.40,22.72,0.00
2254,106.40,22.92,3.56
2255,94.05,29.77,24.15
2256,92.00,29.08,52.68
2257,87.00,25.46,80.42
2258,83.00,24.53,109.60
2259,81.00,28.85,117.25
2260,82.00,34.64,117.28
2261,89.00,32.76,104.30
2262,103.00,22.72,74.92
2263,122.00,16.57,47.60
2264,139.00,20.36,29.70
2265,145.00,19.63,12.81
2266,141.00,12.97,1.08
2267,134.00,9.42,0.00
2268,128.00,10.92,0.00
2269,125.00,11.63,0.00
2270,127.00,11.11,0.00
2271,133.00,15.16,0.00
2272,143.00,19.10,0.00
2273,154.00,17.06,0.00
2274,160.00,13.47,0.00
2275,162.00,12.42,0.00
2276,151.00,9.24,0.00
2277,132.00,4.91,0.00
2278,112.00,1.90,2.06
2279,99.00,0.89,9.78
2280,96.60,4.10,19.74
2281,91.35,11.56,23.79
2282,87.15,17.64,37.05
2283,85.05,24.12,57.57
2284,86.10,25.46,68.64
2285,93.45,27.07,63.52
2286,108.15,29.08,45.45
2287,128.10,27.73,29.43
2288,145.95,23.41,22.11
2289,152.25,12.97,13.34
2290,148.05,3.56,2.06
2291,140.70,0.06,0.00
2292,134.40,0.00,0.00
2293,131.25,0.00,0.00
2294,133.35,0.00,0.00
2295,139.65,0.00,0.00
2296,150.15,0.00,0.00
2297,161.70,0.00,0.00
2298,168.00,0.00,0.00
2299,170.10,0.00,0.00
2300,158.55,0.00,0.00
2301,138.60,0.00,0.00
2302,117.60,0.00,5.40
2303,103.95,0.00,33.04
2304,87.40,0.00,66.07
2305,82.65,0.00,97.67
2306,78.85,0.00,121.28
2307,76.95,0.00,135.64
2308,77.90,0.00,139.93
2309,84.55,0.00,131.05
2310,97.85,0.05,113.97
2311,115.90,0.93,81.60
2312,132.05,1.46,49.04
2313,137.75,1.09,21.14
2314,133.95,0.30,1.70
2315,127.30,0.11,0.00
2316,121.60,0.00,0.00
2317,118.75,0.00,0.00
2318,120.65,0.23,0.00
2319,126.35,1.46,0.00
2320,135.85,3.70,0.00
2321,146.30,6.30,0.00
2322,152.00,8.96,0.00
2323,153.90,9.88,0.00
2324,143.45,10.18,0.00
2325,125.40,10.12,0.00
2326,106.40,11.05,4.42
2327,94.05,6.54,27.08
2328,92.00,8.03,58.47
2329,87.00,6.92,78.80
2330,83.00,4.48,99.92
2331,81.00,2.64,107.83
2332,82.00,1.59,132.28
2333,89.00,0.68,129.20
2334,103.00,0.10,112.81
2335,122.00,0.00,85.93
2336,139.00,0.00,56.06
2337,145.00,0.00,25.18
2338,141.00,0.00,2.76
2339,134.00,0.95,0.00
2340,128.00,2.71,0.00
2341,125.00,5.37,0.00
2342,127.00,8.79,0.00
2343,133.00,11.17,0.00
2344,143.00,12.02,0.00
2345,154.00,11.89,0.00
2346,160.00,11.24,0.00
2347,162.00,10.12,0.00
2348,151.00,10.18,0.00
2349,132.00,9.76,0.00
2350,112.00,8.63,5.59
2351,99.00,4.48,31.63
2352,96.60,2.29,63.04
2353,91.35,7.88,92.46
2354,87.15,6.92,115.79
2355,85.05,5.24,131.34
2356,86.10,3.77,138.21
2357,93.45,3.02,131.32
2358,108.15,3.02,114.06
2359,128.10,3.42,88.65
2360,145.95,3.73,57.49
2361,152.25,2.43,25.72
2362,148.05,0.53,2.92
2363,140.70,0.13,0.00
2364,134.40,0.79,0.00
2365,131.25,1.77,0.00
2366,133.35,2.58,0.00
2367,139.65,3.05,0.00
2368,150.15,3.49,0.00
2369,161.70,4.63,0.00
2370,168.00,6.49,0.00
2371,170.10,9.42,0.00
2372,158.55,11.63,0.00
2373,138.60,14.41,0.00
2374,117.60,18.49,5.13
2375,103.95,15.31,28.56
2376,87.40,10.55,59.44
2377,82.65,23.92,90.03
2378,78.85,32.64,108.64
2379,76.95,31.54,118.01
2380,77.90,29.54,128.44
2381,84.55,28.29,125.57
2382,97.85,28.85,106.94
2383,115.90,28.97,78.97
2384,132.05,25.99,50.24
2385,137.75,16.09,23.17
2386,133.95,11.50,2.78
2387,127.30,11.05,0.00
2388,121.60,12.70,0.00
2389,118.75,13.75,0.00
2390,120.65,11.50,0.00
2391,126.35,10.12,0.00
2392,135.85,10.43,0.00
2393,146.30,10.12,0.00
2394,152.00,7.42,0.00
2395,153.90,4.21,0.00
2396,143.45,2.93,0.00
2397,125.40,2.09,0.00
2398,106.40,1.13,5.18
2399,94.05,0.00,26.43
2400,92.00,0.00,54.34
2401,87.00,0.00,81.56
2402,83.00,0.00,106.45
2403,81.00,0.00,117.10
2404,82.00,0.00,115.29
2405,89.00,1.64,98.36
2406,103.00,3.95,72.06
2407,122.00,7.31,47.31
2408,139.00,10.06,28.78
2409,145.00,12.36,13.72
2410,141.00,22.82,1.63
2411,134.00,36.07,0.00
2412,128.00,36.07,0.00
2413,125.00,36.07,0.00
2414,127.00,39.16,0.00
2415,133.00,40.56,0.00
2416,143.00,44.34,0.00
2417,154.00,45.55,0.00
2418,160.00,37.66,0.00
2419,162.00,26.96,0.00
2420,151.00,22.82,0.00
2421,132.00,19.28,0.00
2422,112.00,17.39,4.88
2423,99.00,10.92,29.06
2424,96.60,9.94,58.05
2425,91.35,12.56,77.62
2426,87.15,11.24,98.02
2427,85.05,9.53,104.41
2428,86.10,7.72,96.29
2429,93.45,7.77,97.22
2430,108.15,8.41,74.60
2431,128.10,11.50,60.28
2432,145.95,11.56,38.20
2433,152.25,13.04,17.97
2434,148.05,26.96,2.43
2435,140.70,24.63,0.00
2436,134.40,4.75,0.00
2437,131.25,1.95,0.00
2438,133.35,3.95,0.00
2439,139.65,7.17,0.00
2440,150.15,15.31,0.00
2441,161.70,24.73,0.00
2442,168.00,25.04,0.00
2443,170.10,19.54,0.00
2444,158.55,14.11,0.00
2445,138.60,10.67,0.00
2446,117.60,8.25,1.29
2447,103.95,4.83,3.44
2448,87.40,3.45,5.72
2449,82.65,1.87,14.82
2450,78.85,0.43,29.79
2451,76.95,0.00,32.89
2452,77.90,0.00,51.06
2453,84.55,0.00,50.62
2454,97.85,0.00,50.73
2455,115.90,0.00,38.81
2456,132.05,0.41,22.71
2457,137.75,2.09,8.33
2458,133.95,3.49,0.99
2459,127.30,4.48,0.00
2460,121.60,4.59,0.00
2461,118.75,3.39,0.00
2462,120.65,2.09,0.00
2463,126.35,1.54,0.00
2464,135.85,1.09,0.00
2465,146.30,1.46,0.00
2466,152.00,3.25,0.00
2467,153.90,6.17,0.00
2468,143.45,9.82,0.00
2469,125.40,11.17,0.00
2470,106.40,9.76,1.72
2471,94.05,3.15,10.06
2472,92.00,3.59,21.44
2473,87.00,2.38,29.07
2474,83.00,5.76,47.77
2475,81.00,13.25,53.83
2476,82.00,17.64,56.84
2477,89.00,25.99,65.32
2478,103.00,42.57,59.09
2479,122.00,68.83,47.23
2480,139.00,84.83,30.52
2481,145.00,66.08,15.24
2482,141.00,58.09,2.16
2483,134.00,48.82,0.00
2484,128.00,34.39,0.00
2485,125.00,21.00,0.00
2486,127.00,14.34,0.00
2487,133.00,10.55,0.00
2488,143.00,8.74,0.00
2489,154.00,8.25,0.00
2490,160.00,9.76,0.00
2491,162.00,10.73,0.00
2492,151.00,7.62,0.00
2493,132.00,3.39,0.00
2494,112.00,1.74,5.60
2495,99.00,0.16,25.36
2496,96.60,0.00,51.04
2497,91.35,1.07,73.52
2498,87.15,2.86,88.26
2499,85.05,4.71,115.87
2500,86.10,6.82,136.46
2501,93.45,7.93,131.43
2502,108.15,11.89,115.94
2503,128.10,18.49,91.76
2504,145.95,25.04,59.82
2505,152.25,27.07,27.36
2506,148.05,35.03,3.47
2507,140.70,48.03,0.00
2508,134.40,56.67,0.00
2509,131.25,58.27,0.00
2510,133.35,56.85,0.00
2511,139.65,55.98,0.00
2512,150.15,57.56,0.00
2513,161.70,57.73,0.00
2514,168.00,43.30,0.00
2515,170.10,38.20,0.00
2516,158.55,34.14,0.00
2517,138.60,28.40,0.00
2518,117.60,20.91,7.37
2519,103.95,8.85,32.25
2520,87.40,12.09,62.27
2521,82.65,17.14,90.97
2522,78.85,19.37,113.77
2523,76.95,22.24,127.99
2524,77.90,22.43,137.21
2525,84.55,18.75,130.69
2526,97.85,12.77,114.72
2527,115.90,8.52,90.74
2528,132.05,6.68,61.23
2529,137.75,5.29,29.67
2530,133.95,7.12,4.17
2531,127.30,13.90,0.00
2532,121.60,22.82,0.00
2533,118.75,29.08,0.00
2534,120.65,28.97,0.00
2535,126.35,23.31,0.00
2536,135.85,17.89,0.00
2537,146.30,16.33,0.00
2538,152.00,18.23,0.00
2539,153.90,21.85,0.00
2540,143.45,27.51,0.00
2541,125.40,35.55,0.00
2542,106.40,38.48,9.96
2543,94.05,25.04,40.80
2544,92.00,17.14,73.65
2545,87.00,43.01,101.70
2546,83.00,100.00,117.05
2547,81.00,100.00,132.07
2548,82.00,100.00,136.85
2549,89.00,90.89,135.65
2550,103.00,77.30,116.03
2551,122.00,67.25,85.43
2552,139.00,48.03,54.06
2553,145.00,38.61,25.25
2554,141.00,39.30,3.68
2555,134.00,34.77,0.00
2556,128.00,29.66,0.00
2557,125.00,26.96,0.00
2558,127.00,25.88,0.00
2559,133.00,25.88,0.00
2560,143.00,24.63,0.00
2561,154.00,29.08,0.00
2562,160.00,14.93,0.00
2563,162.00,3.77,0.00
2564,151.00,16.74,0.00
2565,132.00,24.42,0.00
2566,112.00,22.62,3.63
2567,99.00,19.90,15.37
2568,96.60,18.66,30.37
2569,91.35,22.04,44.52
2570,87.15,18.84,47.74
2571,85.05,9.19,34.06
2572,86.10,1.69,23.81
2573,93.45,0.00,19.99
2574,108.15,0.39,27.96
2575,128.10,4.21,12.89
2576,145.95,4.44,9.48
2577,152.25,4.96,4.15
2578,148.05,9.88,0.94
2579,140.70,0.00,0.00
2580,134.40,0.00,0.00
2581,131.25,0.27,0.00
2582,133.35,1.82,0.00
2583,139.65,5.85,0.00
2584,150.15,9.94,0.00
2585,161.70,12.29,0.00
2586,168.00,15.39,0.00
2587,170.10,19.45,0.00
2588,158.55,20.63,0.00
2589,138.60,16.98,0.00
2590,117.60,9.65,5.63
2591,103.95,4.40,22.41
2592,87.40,8.63,43.12
2593,82.65,13.39,61.36
2594,78.85,10.30,84.05
2595,76.95,8.63,104.12
2596,77.90,7.93,102.49
2597,84.55,6.40,101.22
2598,97.85,5.08,91.34
2599,115.90,3.95,70.49
2600,132.05,2.38,42.34
2601,137.75,0.43,20.67
2602,133.95,0.00,3.20
2603,127.30,0.00,0.00
2604,121.60,0.00,0.00
2605,118.75,0.00,0.00
2606,120.65,0.00,0.00
2607,126.35,0.00,0.00
2608,135.85,0.00,0.00
2609,146.30,0.00,0.00
2610,152.00,0.00,0.00
2611,153.90,0.00,0.00
2612,143.45,0.00,0.00
2613,125.40,0.00,0.00
2614,106.40,0.00,8.34
2615,94.05,0.00,34.38
2616,92.00,0.00,63.12
2617,87.00,0.00,88.73
2618,83.00,0.00,110.32
2619,81.00,0.00,117.20
2620,82.00,0.87,137.97
2621,89.00,1.56,128.90
2622,103.00,1.82,113.88
2623,122.00,1.64,88.99
2624,139.00,1.32,58.52
2625,145.00,0.76,26.86
2626,141.00,1.02,3.80
2627,134.00,2.49,0.00
2628,128.00,4.44,0.00
2629,125.00,6.87,0.00
2630,127.00,9.42,0.00
2631,133.00,11.50,0.00
2632,143.00,13.25,0.00
2633,154.00,11.69,0.00
2634,160.00,8.41,0.00
2635,162.00,7.21,0.00
2636,151.00,9.47,0.00
2637,132.00,14.63,0.00
2638,112.00,19.90,6.76
2639,99.00,29.08,26.50
2640,96.60,61.17,52.28
2641,91.35,53.91,80.35
2642,87.15,41.13,103.99
2643,85.05,34.01,115.80
2644,86.10,31.18,137.91
2645,93.45,30.12,126.05
2646,108.15,29.89,101.98
2647,128.10,29.42,68.72
2648,145.95,29.66,40.43
2649,152.25,24.84,17.82
2650,148.05,20.36,2.77
2651,140.70,26.31,0.00
2652,134.40,35.81,0.00
2653,131.25,40.56,0.00
2654,133.35,50.91,0.00
2655,139.65,62.84,0.00
2656,150.15,78.38,0.00
2657,161.70,90.18,0.00
2658,168.00,66.08,0.00
2659,170.10,57.56,0.00
2660,158.55,40.14,0.00
2661,138.60,28.97,0.00
2662,117.60,29.89,1.58
2663,103.95,29.77,7.52
2664,87.40,33.38,13.06
2665,82.65,35.16,12.92
2666,78.85,32.64,7.61
2667,76.95,26.42,7.07
2668,77.90,20.82,13.53
2669,84.55,16.25,9.37
2670,97.85,12.09,12.33
2671,115.90,8.85,10.03
2672,132.05,13.61,6.40
2673,137.75,22.62,3.34
2674,133.95,30.47,0.92
2675,127.30,37.26,0.00
2676,121.60,42.42,0.00
2677,118.75,38.89,0.00
2678,120.65,33.76,0.00
2679,126.35,27.40,0.00
2680,135.85,21.38,0.00
2681,146.30,19.54,0.00
2682,152.00,21.19,0.00
2683,153.90,24.22,0.00
2684,143.45,29.54,0.00
2685,125.40,32.39,0.00
2686,106.40,30.71,1.29
2687,94.05,24.22,3.53
2688,92.00,15.31,7.71
2689,87.00,6.68,10.43
2690,83.00,2.89,14.49
2691,81.00,2.55,3.90
2692,82.00,3.49,13.35
2693,89.00,5.63,8.78
2694,103.00,7.26,9.38
2695,122.00,8.46,7.56
2696,139.00,10.55,3.26
2697,145.00,12.90,1.84
2698,141.00,15.62,1.21
2699,134.00,21.28,0.00
2700,128.00,27.84,0.00
2701,125.00,30.00,0.00
2702,127.00,24.63,0.00
2703,133.00,19.45,0.00
2704,143.00,14.71,0.00
2705,154.00,12.42,0.00
2706,160.00,11.69,0.00
2707,162.00,11.69,0.00
2708,151.00,12.77,0.00
2709,132.00,12.83,0.00
2710,112.00,14.86,2.19
2711,99.00,17.64,6.87
2712,96.60,16.02,14.40
2713,91.35,8.52,19.45
2714,87.15,3.63,31.72
2715,85.05,2.43,40.10
2716,86.10,3.42,28.69
2717,93.45,3.42,23.38
2718,108.15,2.38,17.79
2719,128.10,2.86,13.80
2720,145.95,8.14,4.80
2721,152.25,15.47,2.46
2722,148.05,15.24,0.34
2723,140.70,13.54,0.00
2724,134.40,15.70,0.00
2725,131.25,15.01,0.00
2726,133.35,12.49,0.00
2727,139.65,11.89,0.00
2728,150.15,13.18,0.00
2729,161.70,14.11,0.00
2730,168.00,14.78,0.00
2731,170.10,16.41,0.00
2732,158.55,17.56,0.00
2733,138.60,11.95,0.00
2734,117.60,8.30,3.42
2735,103.95,7.93,12.54
2736,87.40,7.36,22.63
2737,82.65,6.54,41.31
2738,78.85,6.87,66.55
2739,76.95,7.98,65.47
2740,77.90,8.74,64.93
2741,84.55,8.57,77.56
2742,97.85,7.07,82.50
2743,115.90,5.20,81.05
2744,132.05,3.52,57.09
2745,137.75,1.13,28.01
2746,133.95,0.00,5.11
2747,127.30,0.00,0.00
2748,121.60,0.00,0.00
2749,118.75,1.85,0.00
2750,120.65,5.63,0.00
2751,126.35,7.36,0.00
2752,135.85,7.36,0.00
2753,146.30,7.42,0.00
2754,152.00,7.47,0.00
2755,153.90,7.42,0.00
2756,143.45,6.92,0.00
2757,125.40,4.40,0.00
2758,106.40,1.74,13.76
2759,94.05,0.00,43.65
2760,92.00,0.00,75.42
2761,87.00,0.00,104.37
2762,83.00,0.00,126.81
2763,81.00,0.00,140.38
2764,82.00,0.00,146.03
2765,89.00,0.00,136.23
2766,103.00,0.00,119.25
2767,122.00,0.00,86.76
2768,139.00,0.56,57.44
2769,145.00,2.26,27.51
2770,141.00,5.04,4.82
2771,134.00,9.47,0.00
2772,128.00,14.48,0.00
2773,125.00,18.49,0.00
2774,127.00,20.08,0.00
2775,133.00,20.36,0.00
2776,143.00,20.72,0.00
2777,154.00,21.28,0.00
2778,160.00,21.28,0.00
2779,162.00,19.90,0.00
2780,151.00,16.65,0.00
2781,132.00,11.11,0.00
2782,112.00,9.65,9.35
2783,99.00,3.99,29.57
2784,96.60,6.92,53.87
2785,91.35,7.42,72.40
2786,87.15,6.82,79.36
2787,85.05,11.17,61.33
2788,86.10,10.55,42.88
2789,93.45,5.81,48.92
2790,108.15,5.76,50.11
2791,128.10,8.19,40.19
2792,145.95,9.13,29.20
2793,152.25,6.35,14.46
2794,148.05,4.79,3.11
2795,140.70,8.63,0.00
2796,134.40,13.54,0.00
2797,131.25,14.71,0.00
2798,133.35,10.24,0.00
2799,139.65,5.46,0.00
2800,150.15,2.80,0.00
2801,161.70,1.95,0.00
2802,168.00,2.38,0.00
2803,170.10,3.39,0.00
2804,158.55,4.52,0.00
2805,138.60,3.22,0.00
2806,117.60,0.27,7.57
2807,103.95,0.00,20.13
2808,87.40,0.00,34.40
2809,82.65,0.00,56.58
2810,78.85,0.00,50.14
2811,76.95,0.00,24.56
2812,77.90,1.79,36.15
2813,84.55,2.41,49.46
2814,97.85,3.56,31.71
2815,115.90,8.57,18.92
2816,132.05,30.71,9.39
2817,137.75,67.45,4.68
2818,133.95,93.54,0.74
2819,127.30,72.68,0.00
2820,121.60,33.51,0.00
2821,118.75,16.33,0.00
2822,120.65,22.53,0.00
2823,126.35,43.60,0.00
2824,135.85,62.47,0.00
2825,146.30,49.46,0.00
2826,152.00,58.27,0.00
2827,153.90,55.11,0.00
2828,143.45,49.46,0.00
2829,125.40,37.53,0.00
2830,106.40,23.51,4.84
2831,94.05,9.59,16.80
2832,92.00,14.86,31.69
2833,87.00,14.71,45.98
2834,83.00,12.70,74.21
2835,81.00,14.34,116.45
2836,82.00,14.86,143.08
2837,89.00,15.16,133.51
2838,103.00,9.71,126.38
2839,122.00,2.38,103.31
2840,139.00,0.18,71.25
2841,145.00,0.00,35.52
2842,141.00,0.00,6.34
2843,134.00,0.00,0.00
2844,128.00,3.42,0.00
2845,125.00,8.74,0.00
2846,127.00,10.80,0.00
2847,133.00,11.37,0.00
2848,143.00,10.86,0.00
2849,154.00,11.43,0.00
2850,160.00,12.42,0.00
2851,162.00,11.11,0.00
2852,151.00,7.72,0.00
2853,132.00,3.73,0.00
2854,112.00,1.20,13.89
2855,99.00,0.00,39.57
2856,96.60,0.00,65.77
2857,91.35,1.13,91.95
2858,87.15,2.55,111.02
2859,85.05,3.25,135.12
2860,86.10,3.42,146.80
2861,93.45,3.88,137.51
2862,108.15,3.63,123.27
2863,128.10,2.12,95.75
2864,145.95,0.51,64.51
2865,152.25,0.00,32.15
2866,148.05,0.00,5.86
2867,140.70,0.00,0.00
2868,134.40,0.00,0.00
2869,131.25,1.07,0.00
2870,133.35,3.15,0.00
2871,139.65,5.85,0.00
2872,150.15,8.52,0.00
2873,161.70,10.49,0.00
2874,168.00,11.30,0.00
2875,170.10,10.92,0.00
2876,158.55,10.43,0.00
2877,138.60,9.82,0.00
2878,117.60,8.90,16.92
2879,103.95,6.12,48.51
2880,87.40,3.56,82.04
2881,82.65,7.82,111.64
2882,78.85,10.86,134.26
2883,76.95,10.55,147.94
2884,77.90,9.88,83.11
2885,84.55,9.30,145.78
2886,97.85,9.88,128.69
2887,115.90,12.90,103.66
2888,132.05,18.66,71.97
2889,137.75,23.81,36.09
2890,133.95,36.73,6.91
2891,127.30,49.94,0.00
2892,121.60,53.41,0.00
2893,118.75,48.82,0.00
2894,120.65,40.00,0.00
2895,126.35,33.51,0.00
2896,135.85,28.63,0.00
2897,146.30,25.04,0.00
2898,152.00,24.22,0.00
2899,153.90,24.63,0.00
2900,143.45,25.04,0.00
2901,125.40,25.36,0.00
2902,106.40,21.95,10.36
2903,94.05,14.78,25.36
2904,92.00,9.36,44.00
2905,87.00,17.14,51.14
2906,83.00,35.55,52.03
2907,81.00,42.42,62.26
2908,82.00,36.99,58.85
2909,89.00,29.08,35.16
2910,103.00,22.62,40.16
2911,122.00,18.84,42.11
2912,139.00,21.38,23.20
2913,145.00,24.02,10.76
2914,141.00,22.04,1.38
2915,134.00,30.24,0.00
2916,128.00,39.72,0.00
2917,125.00,42.86,0.00
2918,127.00,43.45,0.00
2919,133.00,51.90,0.00
2920,143.00,68.83,0.00
2921,154.00,72.06,0.00
2922,160.00,63.59,0.00
2923,162.00,58.62,0.00
2924,151.00,83.69,0.00
2925,132.00,72.26,0.12
2926,112.00,55.63,1.14
2927,99.00,37.13,5.08
2928,96.60,51.90,3.57
2929,91.35,89.94,4.62
2930,87.15,100.00,9.20
2931,85.05,100.00,24.55
2932,86.10,100.00,70.34
2933,93.45,100.00,75.50
2934,108.15,100.00,65.61
2935,128.10,100.00,51.94
2936,145.95,95.50,33.25
2937,152.25,75.60,16.53
2938,148.05,67.45,3.82
2939,140.70,73.71,0.00
2940,134.40,75.81,0.00
2941,131.25,68.83,0.00
2942,133.35,55.63,0.00
2943,139.65,48.50,0.00
2944,150.15,46.47,0.00
2945,161.70,32.03,0.00
2946,168.00,44.64,0.00
2947,170.10,100.00,0.00
2948,158.55,100.00,0.00
2949,138.60,100.00,0.22
2950,117.60,90.18,5.30
2951,103.95,77.30,16.48
2952,87.40,67.45,31.62
2953,82.65,85.51,47.72
2954,78.85,93.30,63.51
2955,76.95,83.46,56.23
2956,77.90,65.50,57.66
2957,84.55,46.78,39.85
2958,97.85,30.95,25.72
2959,115.90,17.39,25.02
2960,132.05,7.21,26.83
2961,137.75,2.43,15.32
2962,133.95,0.00,2.49
2963,127.30,0.00,0.00
2964,121.60,0.00,0.00
2965,118.75,0.00,0.00
2966,120.65,1.09,0.00
2967,126.35,0.00,0.00
2968,135.85,0.00,0.00
2969,146.30,0.00,0.00
2970,152.00,7.42,0.00
2971,153.90,45.24,0.00
2972,143.45,91.37,0.00
2973,125.40,57.03,0.30
2974,106.40,30.24,8.30
2975,94.05,24.84,29.41
2976,92.00,20.54,51.95
2977,87.00,17.06,76.76
2978,83.00,16.65,99.52
2979,81.00,19.19,114.85
2980,82.00,20.26,110.39
2981,89.00,20.17,98.70
2982,103.00,20.36,88.44
2983,122.00,13.32,59.83
2984,139.00,7.02,38.63
2985,145.00,17.23,19.11
2986,141.00,21.47,3.77
2987,134.00,26.63,0.00
2988,128.00,34.14,0.00
2989,125.00,31.66,0.00
2990,127.00,30.83,0.00
2991,133.00,18.75,0.00
2992,143.00,20.17,0.00
2993,154.00,26.20,0.00
2994,160.00,34.90,0.00
2995,162.00,14.48,0.00
2996,151.00,12.02,0.00
2997,132.00,31.66,0.26
2998,112.00,30.59,6.15
2999,99.00,23.81,16.27
3000,96.60,13.97,16.86
3001,91.35,7.88,27.30
3002,87.15,5.98,31.41
3003,85.05,7.02,28.96
3004,86.10,16.82,18.13
3005,93.45,39.16,17.75
3006,108.15,48.34,12.65
3007,128.10,53.07,9.23
3008,145.95,89.23,7.72
3009,152.25,82.12,4.95
3010,148.05,64.54,1.58
3011,140.70,61.17,0.00
3012,134.40,58.27,0.00
3013,131.25,53.24,0.00
3014,133.35,49.62,0.00
3015,139.65,51.74,0.00
3016,150.15,57.73,0.00
3017,161.70,62.65,0.00
3018,168.00,58.27,0.00
3019,170.10,49.46,0.00
3020,158.55,42.86,0.00
3021,138.60,30.35,0.43
3022,117.60,27.84,10.15
3023,103.95,29.42,30.62
3024,87.40,28.51,49.83
3025,82.65,20.82,85.77
3026,78.85,9.76,120.39
3027,76.95,12.29,137.66
3028,77.90,17.64,136.77
3029,84.55,19.63,111.41
3030,97.85,22.14,96.02
3031,115.90,26.96,72.52
3032,132.05,31.18,48.83
3033,137.75,26.42,23.51
3034,133.95,15.16,5.21
3035,127.30,10.49,0.00
3036,121.60,12.02,0.00
3037,118.75,17.23,0.00
3038,120.65,21.76,0.00
3039,126.35,23.31,0.00
3040,135.85,22.43,0.00
3041,146.30,20.45,0.00
3042,152.00,18.23,0.00
3043,153.90,15.62,0.00
3044,143.45,13.32,0.00
3045,125.40,10.73,0.38
3046,106.40,8.90,8.33
3047,94.05,4.63,26.29
3048,92.00,7.62,50.94
3049,87.00,11.17,65.14
3050,83.00,8.25,98.56
3051,81.00,5.04,109.39
3052,82.00,3.02,121.97
3053,89.00,2.15,135.50
3054,103.00,2.49,113.38
3055,122.00,3.22,88.78
3056,139.00,3.66,62.26
3057,145.00,3.81,31.87
3058,141.00,4.44,7.22
3059,134.00,6.54,0.00
3060,128.00,9.88,0.00
3061,125.00,11.82,0.00
3062,127.00,11.24,0.00
3063,133.00,10.92,0.00
3064,143.00,11.11,0.00
3065,154.00,10.36,0.00
3066,160.00,9.47,0.00
3067,162.00,8.96,0.00
3068,151.00,9.24,0.00
3069,132.00,8.90,0.63
3070,112.00,7.42,13.93
3071,99.00,5.08,40.23
3072,96.60,8.74,69.46
3073,91.35,3.95,100.68
3074,87.15,1.16,124.07
3075,85.05,0.02,136.82
3076,86.10,0.00,145.53
3077,93.45,0.00,134.24
3078,108.15,0.00,112.36
3079,128.10,0.00,74.54
3080,145.95,0.00,42.74
3081,152.25,0.00,20.78
3082,148.05,0.03,4.39
3083,140.70,0.56,0.00
3084,134.40,0.95,0.00
3085,131.25,1.02,0.00
3086,133.35,1.56,0.00
3087,139.65,1.90,0.00
3088,150.15,1.95,0.00
3089,161.70,2.74,0.00
3090,168.00,3.12,0.00
3091,170.10,2.74,0.00
3092,158.55,1.87,0.00
3093,138.60,0.85,0.36
3094,117.60,0.93,6.31
3095,103.95,1.90,16.40
3096,87.40,3.70,12.58
3097,82.65,4.48,18.90
3098,78.85,1.72,25.38
3099,76.95,1.49,37.89
3100,77.90,0.00,26.34
3101,84.55,0.54,20.40
3102,97.85,0.89,20.20
3103,115.90,0.11,18.40
3104,132.05,0.00,13.62
3105,137.75,0.00,7.14
3106,133.95,0.00,0.92
3107,127.30,0.00,0.00
3108,121.60,0.00,0.00
3109,118.75,0.03,0.00
3110,120.65,0.00,0.00
3111,126.35,0.00,0.00
3112,135.85,0.00,0.00
3113,146.30,0.00,0.00
3114,152.00,0.00,0.00
3115,153.90,0.00,0.00
3116,143.45,0.53,0.00
3117,125.40,1.34,0.33
3118,106.40,1.39,6.50
3119,94.05,0.79,17.32
3120,92.00,0.45,31.97
3121,87.00,0.00,59.67
3122,83.00,0.00,72.85
3123,81.00,0.00,48.66
3124,82.00,0.10,54.27
3125,89.00,0.85,64.02
3126,103.00,1.39,59.65
3127,122.00,1.69,59.78
3128,139.00,1.90,42.02
3129,145.00,1.61,17.68
3130,141.00,0.83,4.24
3131,134.00,0.00,0.00
3132,128.00,0.00,0.00
3133,125.00,0.00,0.00
3134,127.00,0.00,0.00
3135,133.00,0.00,0.00
3136,143.00,0.00,0.00
3137,154.00,0.76,0.00
3138,160.00,2.49,0.00
3139,162.00,5.50,0.00
3140,151.00,9.19,0.00
3141,132.00,10.06,0.71
3142,112.00,6.73,13.74
3143,99.00,2.20,40.03
3144,96.60,3.09,71.00
3145,91.35,1.09,99.28
3146,87.15,0.00,118.64
3147,85.05,0.00,133.02
3148,86.10,0.00,135.51
3149,93.45,0.00,122.40
3150,108.15,0.00,102.24
3151,128.10,0.00,84.04
3152,145.95,0.00,50.47
3153,152.25,0.00,23.67
3154,148.05,0.43,6.12
3155,140.70,5.00,0.00
3156,134.40,10.55,0.00
3157,131.25,14.34,0.00
3158,133.35,16.90,0.00
3159,139.65,18.32,0.00
3160,150.15,19.81,0.00
3161,161.70,20.82,0.00
3162,168.00,20.45,0.00
3163,170.10,19.01,0.00
3164,158.55,16.49,0.00
3165,138.60,11.11,0.88
3166,117.60,7.31,13.42
3167,103.95,2.74,35.92
3168,87.40,2.96,62.49
3169,82.65,6.40,82.14
3170,78.85,8.30,102.28
3171,76.95,8.19,109.42
3172,77.90,7.98,100.01
3173,84.55,8.35,90.72
3174,97.85,8.79,76.00
3175,115.90,8.41,59.72
3176,132.05,7.42,41.02
3177,137.75,6.03,20.24
3178,133.95,6.49,5.06
3179,127.30,8.41,0.00
3180,121.60,10.73,0.00
3181,118.75,12.63,0.00
3182,120.65,12.15,0.00
3183,126.35,10.73,0.00
3184,135.85,9.30,0.00
3185,146.30,10.00,0.00
3186,152.00,11.82,0.00
3187,153.90,11.05,0.00
3188,143.45,9.47,0.00
3189,125.40,8.30,1.05
3190,106.40,6.54,13.54
3191,94.05,3.15,35.48
3192,92.00,1.61,60.50
3193,87.00,7.42,90.91
3194,83.00,8.85,102.97
3195,81.00,9.24,105.56
3196,82.00,9.82,104.43
3197,89.00,11.24,95.57
3198,103.00,13.11,95.07
3199,122.00,15.55,68.05
3200,139.00,16.98,47.42
3201,145.00,15.16,22.77
3202,141.00,18.40,5.62
3203,134.00,23.92,0.00
3204,128.00,24.84,0.00
3205,125.00,21.76,0.00
3206,127.00,21.00,0.00
3207,133.00,21.95,0.00
3208,143.00,22.92,0.00
3209,154.00,24.32,0.00
3210,160.00,24.53,0.00
3211,162.00,23.51,0.00
3212,151.00,21.85,0.00
3213,132.00,19.63,0.90
3214,112.00,16.17,13.35
3215,99.00,7.72,38.11
3216,96.60,6.30,62.29
3217,91.35,19.01,86.98
3218,87.15,18.40,107.67
3219,85.05,16.41,116.72
3220,86.10,15.86,132.02
3221,93.45,15.47,131.99
3222,108.15,15.70,108.05
3223,128.10,15.86,80.31
3224,145.95,16.09,55.90
3225,152.25,15.08,27.88
3226,148.05,15.31,6.58
3227,140.70,15.86,0.00
3228,134.40,14.78,0.00
3229,131.25,13.11,0.00
3230,133.35,12.15,0.00
3231,139.65,12.83,0.00
3232,150.15,14.56,0.00
3233,161.70,16.57,0.00
3234,168.00,18.84,0.00
3235,170.10,20.82,0.00
3236,158.55,21.66,0.00
3237,138.60,19.72,0.56
3238,117.60,15.70,6.56
3239,103.95,8.63,17.32
3240,87.40,4.63,31.75
3241,82.65,8.90,42.71
3242,78.85,17.31,48.48
3243,76.95,21.47,48.50
3244,77.90,19.10,35.07
3245,84.55,13.39,25.58
3246,97.85,13.90,21.55
3247,115.90,24.73,12.31
3248,132.05,36.46,7.55
3249,137.75,35.55,14.70
3250,133.95,38.89,2.82
3251,127.30,61.72,0.00
3252,121.60,95.00,0.00
3253,118.75,89.23,0.00
3254,120.65,52.73,0.00
3255,126.35,15.31,0.00
3256,135.85,1.29,0.00
3257,146.30,0.00,0.00
3258,152.00,3.99,0.00
3259,153.90,11.95,0.00
3260,143.45,15.94,0.00
3261,125.40,11.69,0.51
3262,106.40,6.68,5.28
3263,94.05,4.13,14.03
3264,92.00,2.89,21.40
3265,87.00,0.93,41.33
3266,83.00,0.00,40.56
3267,81.00,0.05,32.28
3268,82.00,0.60,29.84
3269,89.00,0.56,45.14
3270,103.00,0.36,51.20
3271,122.00,0.29,37.74
3272,139.00,0.32,24.30
3273,145.00,0.00,17.12
3274,141.00,0.00,5.71
3275,134.00,0.00,0.00
3276,128.00,0.00,0.00
3277,125.00,0.00,0.00
3278,127.00,0.00,0.00
3279,133.00,0.00,0.00
3280,143.00,0.00,0.00
3281,154.00,1.90,0.00
3282,160.00,3.29,0.00
3283,162.00,4.40,0.00
3284,151.00,4.36,0.00
3285,132.00,2.68,1.04
3286,112.00,0.36,13.93
3287,99.00,0.00,38.91
3288,96.60,0.00,63.02
3289,91.35,0.00,91.27
3290,87.15,0.00,111.58
3291,85.05,0.00,114.73
3292,86.10,0.00,98.61
3293,93.45,0.00,106.95
3294,108.15,0.16,84.10
3295,128.10,0.81,63.44
3296,145.95,1.51,41.26
3297,152.25,1.95,22.13
3298,148.05,1.72,5.88
3299,140.70,1.51,0.00
3300,134.40,1.77,0.00
3301,131.25,2.61,0.00
3302,133.35,2.68,0.00
3303,139.65,2.58,0.00
3304,150.15,1.98,0.00
3305,161.70,1.61,0.00
3306,168.00,2.52,0.00
3307,170.10,4.71,0.00
3308,158.55,8.30,0.00
3309,138.60,9.53,0.87
3310,117.60,11.17,11.12
3311,103.95,12.49,32.71
3312,87.40,10.86,56.42
3313,82.65,6.35,77.97
3314,78.85,3.63,94.57
3315,76.95,2.15,97.76
3316,77.90,0.45,131.05
3317,84.55,0.00,129.67
3318,97.85,0.00,105.38
3319,115.90,0.00,73.26
3320,132.05,0.00,50.87
3321,137.75,0.00,24.45
3322,133.95,0.89,6.41
3323,127.30,2.71,0.00
3324,121.60,4.71,0.00
3325,118.75,7.26,0.00
3326,120.65,9.24,0.00
3327,126.35,9.59,0.00
3328,135.85,8.30,0.00
3329,146.30,7.26,0.00
3330,152.00,6.12,0.00
3331,153.90,4.83,0.00
3332,143.45,2.74,0.00
3333,125.40,0.00,0.56
3334,106.40,0.00,8.56
3335,94.05,0.00,22.12
3336,92.00,0.00,36.65
3337,87.00,2.41,49.50
3338,83.00,6.40,64.00
3339,81.00,7.62,65.73
3340,82.00,6.44,82.26
3341,89.00,5.85,76.54
3342,103.00,5.12,77.30
3343,122.00,5.08,65.24
3344,139.00,5.89,37.00
3345,145.00,6.26,20.87
3346,141.00,6.87,5.30
3347,134.00,7.36,0.00
3348,128.00,6.35,0.00
3349,125.00,5.94,0.00
3350,127.00,6.87,0.00
3351,133.00,7.36,0.00
3352,143.00,6.40,0.00
3353,154.00,4.63,0.00
3354,160.00,3.63,0.00
3355,162.00,2.96,0.00
3356,151.00,2.23,0.00
3357,132.00,2.15,0.53
3358,112.00,1.98,4.95
3359,99.00,0.87,13.56
3360,96.60,0.49,23.43
3361,91.35,0.32,42.26
3362,87.15,0.00,45.75
3363,85.05,0.00,46.05
3364,86.10,0.00,35.32
3365,93.45,0.00,38.02
3366,108.15,0.00,18.23
3367,128.10,2.46,13.91
3368,145.95,11.17,8.29
3369,152.25,28.06,6.65
3370,148.05,51.24,0.91
3371,140.70,75.60,0.00
3372,134.40,100.00,0.00
3373,131.25,100.00,0.00
3374,133.35,100.00,0.00
3375,139.65,100.00,0.00
3376,150.15,100.00,0.00
3377,161.70,100.00,0.00
3378,168.00,100.00,0.00
3379,170.10,98.23,0.00
3380,158.55,69.63,0.00
3381,138.60,58.27,0.37
3382,117.60,56.15,3.23
3383,103.95,55.28,9.38
3384,87.40,46.16,15.40
3385,82.65,36.20,48.32
3386,78.85,27.84,61.22
3387,76.95,21.10,71.10
3388,77.90,17.14,53.29
3389,84.55,20.17,63.79
3390,97.85,23.12,52.28
3391,115.90,17.56,44.91
3392,132.05,15.01,25.23
3393,137.75,12.02,13.94
3394,133.95,8.30,3.48
3395,127.30,5.59,0.00
3396,121.60,3.70,0.00
3397,118.75,2.32,0.00
3398,120.65,0.89,0.00
3399,126.35,0.00,0.00
3400,135.85,0.00,0.00
3401,146.30,0.00,0.00
3402,152.00,0.00,0.00
3403,153.90,0.00,0.00
3404,143.45,0.00,0.00
3405,125.40,0.00,0.93
3406,106.40,0.76,11.61
3407,94.05,0.98,32.49
3408,92.00,1.56,54.60
3409,87.00,2.12,83.09
3410,83.00,2.89,101.68
3411,81.00,3.05,101.70
3412,82.00,2.20,93.38
3413,89.00,1.11,62.37
3414,103.00,0.29,53.03
3415,122.00,0.00,16.23
3416,139.00,0.00,9.86
3417,145.00,0.00,6.80
3418,141.00,0.00,2.07
3419,134.00,0.00,0.00
3420,128.00,0.18,0.00
3421,125.00,0.68,0.00
3422,127.00,0.00,0.00
3423,133.00,0.00,0.00
3424,143.00,0.00,0.00
3425,154.00,0.00,0.00
3426,160.00,0.00,0.00
3427,162.00,1.98,0.00
3428,151.00,5.46,0.00
3429,132.00,6.82,0.45
3430,112.00,6.54,5.35
3431,99.00,6.12,16.10
3432,96.60,6.30,33.53
3433,91.35,6.68,44.11
3434,87.15,6.97,58.35
3435,85.05,6.73,75.57
3436,86.10,5.63,91.57
3437,93.45,3.88,94.41
3438,108.15,2.09,93.54
3439,128.10,0.51,77.50
3440,145.95,0.00,50.30
3441,152.25,0.00,26.12
3442,148.05,0.00,8.36
3443,140.70,0.00,0.00
3444,134.40,0.00,0.00
3445,131.25,0.38,0.00
3446,133.35,1.69,0.00
3447,139.65,1.77,0.00
3448,150.15,1.82,0.00
3449,161.70,2.64,0.00
3450,168.00,4.06,0.00
3451,170.10,3.05,0.00
3452,158.55,0.00,0.00
3453,138.60,0.00,1.38
3454,117.60,0.00,16.30
3455,103.95,3.59,42.96
3456,87.40,7.17,71.12
3457,82.65,6.97,96.77
3458,78.85,3.73,102.98
3459,76.95,1.29,86.22
3460,77.90,0.25,89.52
3461,84.55,0.08,77.47
3462,97.85,0.00,47.93
3463,115.90,0.00,22.15
3464,132.05,0.00,19.39
3465,137.75,0.00,9.80
3466,133.95,0.00,1.27
3467,127.30,0.00,0.00
3468,121.60,0.00,0.00
3469,118.75,1.41,0.00
3470,120.65,3.70,0.00
3471,126.35,5.76,0.00
3472,135.85,6.77,0.00
3473,146.30,7.21,0.00
3474,152.00,6.92,0.00
3475,153.90,6.07,0.00
3476,143.45,4.52,0.00
3477,125.40,4.10,0.35
3478,106.40,4.36,3.11
3479,94.05,5.67,6.94
3480,92.00,6.92,7.55
3481,87.00,7.12,14.61
3482,83.00,7.88,32.47
3483,81.00,6.26,19.62
3484,82.00,4.52,19.14
3485,89.00,2.83,21.40
3486,103.00,2.18,19.30
3487,122.00,3.12,22.69
3488,139.00,5.89,23.30
3489,145.00,6.63,12.01
3490,141.00,9.24,3.77
3491,134.00,13.39,0.00
3492,128.00,13.61,0.00
3493,125.00,11.95,0.00
3494,127.00,10.61,0.00
3495,133.00,8.96,0.00
3496,143.00,8.19,0.00
3497,154.00,9.94,0.00
3498,160.00,10.06,0.00
3499,162.00,8.68,0.00
3500,151.00,9.88,0.00
3501,132.00,10.30,1.03
3502,112.00,6.49,11.97
3503,99.00,3.02,32.73
3504,96.60,7.42,54.77
3505,91.35,14.04,79.29
3506,87.15,17.64,95.30
3507,85.05,19.81,116.18
3508,86.10,21.57,121.12
3509,93.45,22.53,113.52
3510,108.15,22.53,94.57
3511,128.10,20.36,65.24
3512,145.95,16.82,45.94
3513,152.25,11.95,25.37
3514,148.05,5.98,7.20
3515,140.70,4.36,0.00
3516,134.40,5.98,0.00
3517,131.25,8.63,0.00
3518,133.35,11.50,0.00
3519,139.65,12.97,0.00
3520,150.15,13.75,0.00
3521,161.70,14.19,0.00
3522,168.00,13.68,0.00
3523,170.10,13.18,0.00
3524,158.55,13.18,0.00
3525,138.60,13.04,0.94
3526,117.60,11.05,10.25
3527,103.95,7.93,24.96
3528,87.40,10.00,43.16
3529,82.65,21.28,59.73
3530,78.85,28.29,87.16
3531,76.95,28.06,112.49
3532,77.90,22.92,133.72
3533,84.55,16.17,121.34
3534,97.85,9.82,104.92
3535,115.90,4.87,80.38
3536,132.05,1.41,54.52
3537,137.75,0.00,27.65
3538,133.95,0.00,8.62
3539,127.30,0.00,0.00
3540,121.60,0.00,0.00
3541,118.75,3.15,0.00
3542,120.65,8.19,0.00
3543,126.35,10.06,0.00
3544,135.85,8.57,0.00
3545,146.30,7.02,0.00
3546,152.00,6.58,0.00
3547,153.90,7.12,0.00
3548,143.45,7.72,0.00
3549,125.40,7.67,1.31
3550,106.40,4.71,12.68
3551,94.05,2.93,32.31
3552,92.00,0.29,48.57
3553,87.00,0.00,70.08
3554,83.00,0.00,93.28
3555,81.00,0.00,115.78
3556,82.00,0.00,129.64
3557,89.00,0.00,126.06
3558,103.00,0.00,105.26
3559,122.00,0.00,82.47
3560,139.00,0.00,53.55
3561,145.00,0.87,29.04
3562,141.00,3.84,8.41
3563,134.00,10.18,0.00
3564,128.00,16.02,0.00
3565,125.00,16.65,0.00
3566,127.00,14.19,0.00
3567,133.00,11.69,0.00
3568,143.00,9.53,0.00
3569,154.00,7.31,0.00
3570,160.00,5.41,0.00
3571,162.00,4.21,0.00
3572,151.00,3.15,0.00
3573,132.00,2.04,1.24
3574,112.00,0.51,10.94
3575,99.00,0.00,25.78
3576,96.60,0.00,41.44
3577,91.35,0.00,36.69
3578,87.15,1.85,39.40
3579,85.05,7.77,35.10
3580,86.10,16.49,44.98
3581,93.45,28.29,52.50
3582,108.15,36.59,74.91
3583,128.10,36.46,58.81
3584,145.95,31.79,35.10
3585,152.25,28.40,17.12
3586,148.05,26.96,6.00
3587,140.70,28.29,0.00
3588,134.40,28.51,0.00
3589,131.25,26.42,0.00
3590,133.35,24.73,0.00
3591,139.65,22.92,0.00
3592,150.15,20.54,0.00
3593,161.70,16.98,0.00
3594,168.00,14.56,0.00
3595,170.10,13.54,0.00
3596,158.55,13.32,0.00
3597,138.60,12.22,1.15
3598,117.60,9.42,14.87
3599,103.95,8.96,35.19
3600,87.40,5.89,61.88
3601,82.65,2.01,83.61
3602,78.85,0.00,76.20
3603,76.95,0.00,59.68
3604,77.90,0.00,51.86
3605,84.55,0.00,61.54
3606,97.85,0.54,63.05
3607,115.90,0.30,57.56
3608,132.05,0.70,39.39
3609,137.75,3.29,22.29
3610,133.95,7.36,7.98
3611,127.30,11.82,0.00
3612,121.60,14.86,0.00
3613,118.75,15.47,0.00
3614,120.65,14.48,0.00
3615,126.35,12.02,0.00
3616,135.85,8.41,0.00
3617,146.30,4.67,0.00
3618,152.00,2.61,0.00
3619,153.90,2.41,0.00
3620,143.45,2.52,0.00
3621,125.40,2.18,0.64
3622,106.40,0.91,6.96
3623,94.05,0.00,18.68
3624,92.00,0.00,55.59
3625,87.00,0.05,84.71
3626,83.00,0.27,104.91
3627,81.00,0.43,123.62
3628,82.00,1.22,107.61
3629,89.00,1.72,117.02
3630,103.00,2.20,99.97
3631,122.00,3.59,78.20
3632,139.00,6.03,58.42
3633,145.00,7.02,27.58
3634,141.00,5.98,8.83
3635,134.00,4.56,0.00
3636,128.00,2.55,0.00
3637,125.00,0.79,0.00
3638,127.00,0.00,0.00
3639,133.00,0.00,0.00
3640,143.00,0.00,0.00
3641,154.00,0.00,0.00
3642,160.00,0.00,0.00
3643,162.00,0.00,0.00
3644,151.00,0.00,0.00
3645,132.00,0.00,1.21
3646,112.00,0.00,9.37
3647,99.00,0.00,19.00
3648,96.60,0.00,27.81
3649,91.35,0.00,50.58
3650,87.15,0.15,61.93
3651,85.05,2.18,49.77
3652,86.10,4.06,56.43
3653,93.45,4.36,61.00
3654,108.15,3.77,67.14
3655,128.10,3.15,45.78
3656,145.95,4.02,24.27
3657,152.25,7.93,13.27
3658,148.05,18.23,4.80
3659,140.70,50.43,0.00
3660,134.40,80.79,0.00
3661,131.25,83.24,0.00
3662,133.35,68.23,0.00
3663,139.65,58.62,0.00
3664,150.15,38.89,0.00
3665,161.70,36.20,0.00
3666,168.00,45.70,0.00
3667,170.10,47.87,0.00
3668,158.55,45.70,0.00
3669,138.60,37.53,0.43
3670,117.60,23.41,3.69
3671,103.95,12.83,7.72
3672,87.40,3.19,12.99
3673,82.65,1.46,30.57
3674,78.85,1.18,57.33
3675,76.95,2.06,65.22
3676,77.90,1.41,87.18
3677,84.55,0.00,61.81
3678,97.85,0.00,52.73
3679,115.90,0.00,37.97
3680,132.05,2.26,22.70
3681,137.75,6.54,12.98
3682,133.95,8.68,4.16
3683,127.30,10.98,0.00
3684,121.60,12.70,0.00
3685,118.75,12.29,0.00
3686,120.65,11.69,0.00
3687,126.35,10.92,0.00
3688,135.85,10.30,0.00
3689,146.30,8.57,0.00
3690,152.00,6.07,0.00
3691,153.90,4.71,0.00
3692,143.45,4.13,0.00
3693,125.40,4.52,0.87
3694,106.40,5.20,9.00
3695,94.05,3.91,20.83
3696,92.00,1.66,36.91
3697,87.00,1.07,58.02
3698,83.00,1.09,82.60
3699,81.00,0.54,104.28
3700,82.00,0.00,107.58
3701,89.00,0.00,105.66
3702,103.00,0.00,77.80
3703,122.00,0.00,61.58
3704,139.00,0.27,27.48
3705,145.00,2.09,13.56
3706,141.00,5.46,4.53
3707,134.00,10.67,0.00
3708,128.00,15.78,0.00
3709,125.00,20.54,0.00
3710,127.00,18.92,0.00
3711,133.00,16.41,0.00
3712,143.00,15.47,0.00
3713,154.00,14.78,0.00
3714,160.00,15.16,0.00
3715,162.00,15.39,0.00
3716,151.00,16.25,0.00
3717,132.00,14.63,0.47
3718,112.00,12.97,3.66
3719,99.00,13.90,7.95
3720,96.60,16.57,12.20
3721,91.35,16.57,16.55
3722,87.15,10.18,37.23
3723,85.05,2.96,43.34
3724,86.10,1.85,32.24
3725,93.45,4.29,26.34
3726,108.15,6.73,26.34
3727,128.10,6.73,28.18
3728,145.95,6.87,20.62
3729,152.25,8.09,12.52
3730,148.05,8.90,5.22
3731,140.70,9.42,0.00
3732,134.40,8.63,0.00
3733,131.25,6.58,0.00
3734,133.35,5.59,0.00
3735,139.65,6.12,0.00
3736,150.15,7.31,0.00
3737,161.70,7.26,0.00
3738,168.00,5.81,0.00
3739,170.10,4.63,0.00
3740,158.55,3.91,0.00
3741,138.60,3.66,1.23
3742,117.60,2.35,9.77
3743,103.95,0.87,21.86
3744,87.40,0.20,37.40
3745,82.65,0.00,60.81
3746,78.85,0.00,78.97
3747,76.95,0.00,101.47
3748,77.90,0.00,110.40
3749,84.55,0.00,125.75
3750,97.85,0.00,102.92
3751,115.90,0.00,93.65
3752,132.05,0.00,68.87
3753,137.75,0.00,37.71
3754,133.95,0.02,13.14
3755,127.30,3.95,0.00
3756,121.60,6.54,0.00
3757,118.75,5.33,0.00
3758,120.65,2.89,0.00
3759,126.35,1.18,0.00
3760,135.85,0.32,0.00
3761,146.30,0.00,0.00
3762,152.00,0.05,0.00
3763,153.90,0.51,0.00
3764,143.45,1.00,0.00
3765,125.40,1.25,1.41
3766,106.40,0.70,11.02
3767,94.05,0.15,26.38
3768,92.00,0.27,43.36
3769,87.00,0.53,44.89
3770,83.00,1.37,51.76
3771,81.00,1.95,73.46
3772,82.00,2.04,94.52
3773,89.00,1.82,96.51
3774,103.00,1.22,70.02
3775,122.00,0.06,65.74
3776,139.00,0.00,39.39
3777,145.00,0.00,20.14
3778,141.00,0.00,7.67
3779,134.00,0.00,0.00
3780,128.00,0.00,0.00
3781,125.00,0.00,0.00
3782,127.00,0.00,0.00
3783,133.00,0.00,0.00
3784,143.00,0.00,0.00
3785,154.00,0.00,0.00
3786,160.00,0.00,0.00
3787,162.00,0.00,0.00
3788,151.00,0.00,0.00
3789,132.00,0.00,1.17
3790,112.00,0.00,14.86
3791,99.00,0.00,41.23
3792,96.60,0.00,67.94
3793,91.35,0.00,98.65
3794,87.15,0.60,124.26
3795,85.05,2.01,137.11
3796,86.10,4.17,143.34
3797,93.45,6.63,129.98
3798,108.15,8.74,98.77
3799,128.10,6.40,68.06
3800,145.95,5.50,44.72
3801,152.25,6.12,25.20
3802,148.05,10.86,9.02
3803,140.70,16.02,0.00
3804,134.40,18.75,0.00
3805,131.25,22.14,0.00
3806,133.35,26.96,0.00
3807,139.65,26.31,0.00
3808,150.15,21.47,0.00
3809,161.70,17.73,0.00
3810,168.00,14.63,0.00
3811,170.10,16.02,0.00
3812,158.55,13.25,0.00
3813,138.60,9.42,1.82
3814,117.60,4.21,20.37
3815,103.95,1.32,48.68
3816,87.40,1.90,78.39
3817,82.65,1.90,104.78
3818,78.85,1.64,125.06
3819,76.95,2.35,138.19
3820,77.90,2.83,143.38
3821,84.55,3.39,133.92
3822,97.85,3.84,112.40
3823,115.90,4.32,90.19
3824,132.05,3.77,58.46
3825,137.75,4.91,30.87
3826,133.95,7.82,10.62
3827,127.30,14.26,0.41
3828,121.60,23.31,0.00
3829,118.75,26.74,0.00
3830,120.65,25.78,0.00
3831,126.35,24.02,0.00
3832,135.85,20.54,0.00
3833,146.30,16.41,0.00
3834,152.00,13.11,0.00
3835,153.90,14.04,0.00
3836,143.45,16.90,0.00
3837,125.40,16.17,1.84
3838,106.40,9.30,20.18
3839,94.05,4.32,49.40
3840,92.00,6.87,80.01
3841,87.00,10.30,107.04
3842,83.00,11.24,127.84
3843,81.00,10.00,139.44
3844,82.00,8.96,142.74
3845,89.00,8.41,129.24
3846,103.00,7.57,116.07
3847,122.00,6.49,88.25
3848,139.00,5.33,63.73
3849,145.00,4.44,35.39
3850,141.00,3.84,11.62
3851,134.00,5.04,0.45
3852,128.00,5.16,0.00
3853,125.00,2.71,0.00
3854,127.00,0.30,0.00
3855,133.00,0.00,0.00
3856,143.00,0.00,0.00
3857,154.00,0.00,0.00
3858,160.00,0.27,0.00
3859,162.00,0.89,0.00
3860,151.00,0.98,0.00
3861,132.00,0.00,1.72
3862,112.00,0.00,16.62
3863,99.00,0.00,38.05
3864,96.60,0.00,59.88
3865,91.35,0.00,71.36
3866,87.15,0.00,77.39
3867,85.05,0.00,84.01
3868,86.10,0.00,79.65
3869,93.45,0.00,77.03
3870,108.15,0.11,62.72
3871,128.10,0.66,18.06
3872,145.95,1.25,15.18
3873,152.25,1.27,8.83
3874,148.05,1.27,3.56
3875,140.70,1.93,0.22
3876,134.40,3.32,0.00
3877,131.25,4.96,0.00
3878,133.35,7.21,0.00
3879,139.65,9.65,0.00
3880,150.15,9.36,0.00
3881,161.70,6.35,0.00
3882,168.00,4.79,0.00
3883,170.10,5.20,0.00
3884,158.55,6.63,0.00
3885,138.60,8.68,1.48
3886,117.60,6.26,13.49
3887,103.95,1.37,32.19
3888,87.40,0.00,50.83
3889,82.65,0.00,71.43
3890,78.85,0.00,83.65
3891,76.95,0.00,72.69
3892,77.90,0.00,84.28
3893,84.55,0.00,69.38
3894,97.85,0.00,87.75
3895,115.90,0.00,69.42
3896,132.05,0.00,50.74
3897,137.75,0.00,27.00
3898,133.95,0.00,9.38
3899,127.30,0.00,0.42
3900,121.60,0.00,0.00
3901,118.75,0.00,0.00
3902,120.65,0.00,0.00
3903,126.35,0.00,0.00
3904,135.85,0.00,0.00
3905,146.30,0.00,0.00
3906,152.00,0.00,0.00
3907,153.90,0.00,0.00
3908,143.45,0.00,0.00
3909,125.40,0.00,0.52
3910,106.40,0.00,5.74
3911,94.05,0.00,10.90
3912,92.00,0.00,9.22
3913,87.00,0.00,46.96
3914,83.00,0.00,57.31
3915,81.00,0.00,61.67
3916,82.00,0.00,103.34
3917,89.00,0.00,115.89
3918,103.00,0.00,93.12
3919,122.00,0.00,89.46
3920,139.00,0.00,63.80
3921,145.00,0.00,33.28
3922,141.00,0.00,10.81
3923,134.00,0.00,0.46
3924,128.00,0.00,0.00
3925,125.00,0.00,0.00
3926,127.00,0.00,0.00
3927,133.00,0.00,0.00
3928,143.00,0.00,0.00
3929,154.00,0.00,0.00
3930,160.00,0.00,0.00
3931,162.00,0.00,0.00
3932,151.00,0.00,0.00
3933,132.00,0.00,1.64
3934,112.00,0.00,15.62
3935,99.00,0.00,35.37
3936,96.60,0.00,59.55
3937,91.35,0.00,82.58
3938,87.15,0.00,104.94
3939,85.05,0.00,128.47
3940,86.10,0.00,140.51
3941,93.45,0.00,131.89
3942,108.15,0.00,109.62
3943,128.10,0.00,90.69
3944,145.95,0.00,57.98
3945,152.25,0.00,32.31
3946,148.05,0.00,10.96
3947,140.70,0.00,0.56
3948,134.40,0.30,0.00
3949,131.25,1.20,0.00
3950,133.35,1.82,0.00
3951,139.65,2.01,0.00
3952,150.15,1.79,0.00
3953,161.70,1.37,0.00
3954,168.00,0.51,0.00
3955,170.10,0.00,0.00
3956,158.55,0.00,0.00
3957,138.60,0.00,0.98
3958,117.60,0.00,11.70
3959,103.95,0.00,28.55
3960,87.40,0.00,49.00
3961,82.65,1.25,70.87
3962,78.85,3.81,88.47
3963,76.95,4.29,89.12
3964,77.90,3.77,78.56
3965,84.55,3.84,72.08
3966,97.85,3.91,55.24
3967,115.90,4.87,45.01
3968,132.05,7.07,33.96
3969,137.75,9.47,19.39
3970,133.95,9.82,6.87
3971,127.30,9.76,0.33
3972,121.60,8.35,0.00
3973,118.75,5.98,0.00
3974,120.65,2.55,0.00
3975,126.35,0.36,0.00
3976,135.85,0.00,0.00
3977,146.30,0.00,0.00
3978,152.00,0.00,0.00
3979,153.90,1.41,0.00
3980,143.45,4.48,0.00
3981,125.40,7.62,0.68
3982,106.40,6.77,5.57
3983,94.05,3.73,11.00
3984,92.00,3.49,15.58
3985,87.00,2.29,28.53
3986,83.00,1.20,49.23
3987,81.00,1.82,58.32
3988,82.00,4.56,72.95
3989,89.00,8.68,58.97
3990,103.00,13.90,43.01
3991,122.00,21.85,37.85
3992,139.00,29.19,22.55
3993,145.00,23.92,12.49
3994,141.00,21.10,5.31
3995,134.00,25.15,0.15
3996,128.00,30.95,0.00
3997,125.00,31.06,0.00
3998,127.00,27.07,0.00
3999,133.00,19.28,0.00
4000,143.00,15.55,0.00
4001,154.00,13.39,0.00
4002,160.00,15.86,0.00
4003,162.00,20.36,0.00
4004,151.00,24.32,0.00
4005,132.00,23.12,0.39
4006,112.00,21.00,2.20
4007,99.00,26.42,4.83
4008,96.60,26.20,9.50
4009,91.35,22.14,12.24
4010,87.15,16.41,11.70
4011,85.05,14.04,14.41
4012,86.10,14.26,17.96
4013,93.45,14.11,21.29
4014,108.15,13.39,33.28
4015,128.10,11.24,40.11
4016,145.95,7.31,24.09
4017,152.25,3.35,12.94
4018,148.05,1.18,5.42
4019,140.70,1.29,0.26
4020,134.40,3.59,0.00
4021,131.25,6.21,0.00
4022,133.35,8.09,0.00
4023,139.65,9.07,0.00
4024,150.15,9.24,0.00
4025,161.70,9.53,0.00
4026,168.00,11.56,0.00
4027,170.10,10.92,0.00
4028,158.55,8.57,0.00
4029,138.60,8.35,0.50
4030,117.60,8.14,7.97
4031,103.95,6.92,17.07
4032,87.40,10.92,26.45
4033,82.65,17.73,41.48
4034,78.85,21.19,63.74
4035,76.95,31.91,68.51
4036,77.90,43.45,44.70
4037,84.55,55.98,40.60
4038,97.85,69.83,25.45
4039,115.90,72.26,43.25
4040,132.05,55.28,24.38
4041,137.75,31.30,14.84
4042,133.95,21.28,4.91
4043,127.30,17.14,0.08
4044,121.60,15.08,0.00
4045,118.75,11.56,0.00
4046,120.65,8.30,0.00
4047,126.35,6.07,0.00
4048,135.85,6.68,0.00
4049,146.30,7.26,0.00
4050,152.00,7.88,0.00
4051,153.90,7.07,0.00
4052,143.45,6.12,0.00
4053,125.40,2.96,0.46
4054,106.40,0.89,4.77
4055,94.05,0.00,11.26
4056,92.00,0.00,21.13
4057,87.00,0.00,27.51
4058,83.00,0.00,47.08
4059,81.00,0.03,49.45
4060,82.00,0.30,42.40
4061,89.00,1.04,60.09
4062,103.00,1.93,63.42
4063,122.00,2.09,53.53
4064,139.00,1.13,45.42
4065,145.00,0.66,24.64
4066,141.00,1.04,8.13
4067,134.00,0.93,0.52
4068,128.00,0.00,0.00
4069,125.00,0.00,0.00
4070,127.00,0.00,0.00
4071,133.00,0.00,0.00
4072,143.00,0.00,0.00
4073,154.00,0.00,0.00
4074,160.00,0.00,0.00
4075,162.00,0.00,0.00
4076,151.00,0.00,0.00
4077,132.00,0.00,1.00
4078,112.00,0.00,12.04
4079,99.00,0.00,32.70
4080,96.60,0.00,57.76
4081,91.35,0.00,86.57
4082,87.15,0.00,106.71
4083,85.05,0.00,119.07
4084,86.10,0.00,120.34
4085,93.45,1.09,108.98
4086,108.15,1.34,90.72
4087,128.10,0.87,72.50
4088,145.95,0.00,50.87
4089,152.25,0.00,29.51
4090,148.05,0.00,10.88
4091,140.70,0.00,0.62
4092,134.40,0.00,0.00
4093,131.25,0.00,0.00
4094,133.35,0.00,0.00
4095,139.65,0.00,0.00
4096,150.15,0.00,0.00
4097,161.70,0.00,0.00
4098,168.00,0.00,0.00
4099,170.10,0.00,0.00
4100,158.55,0.00,0.00
4101,138.60,0.00,1.33
4102,117.60,0.00,14.15
4103,103.95,0.00,37.55
4104,87.40,0.00,57.52
4105,82.65,0.00,75.58
4106,78.85,0.91,93.21
4107,76.95,2.46,94.91
4108,77.90,2.35,96.14
4109,84.55,1.29,92.95
4110,97.85,0.34,55.80
4111,115.90,0.15,46.69
4112,132.05,0.22,29.83
4113,137.75,0.38,16.50
4114,133.95,0.36,6.42
4115,127.30,0.58,0.28
4116,121.60,0.68,0.00
4117,118.75,0.20,0.00
4118,120.65,0.00,0.00
4119,126.35,0.00,0.00
4120,135.85,0.00,0.00
4121,146.30,0.00,0.00
4122,152.00,0.00,0.00
4123,153.90,0.00,0.00
4124,143.45,0.00,0.00
4125,125.40,0.00,0.50
4126,106.40,0.34,3.83
4127,94.05,0.72,8.96
4128,92.00,1.13,13.32
4129,87.00,3.15,30.20
4130,83.00,5.67,40.40
4131,81.00,7.72,57.33
4132,82.00,9.53,59.67
4133,89.00,12.02,48.80
4134,103.00,12.49,37.23
4135,122.00,10.61,24.44
4136,139.00,8.90,17.29
4137,145.00,6.58,10.26
4138,141.00,2.99,3.79
4139,134.00,3.05,0.30
4140,128.00,4.32,0.00
4141,125.00,4.56,0.00
4142,127.00,3.77,0.00
4143,133.00,2.52,0.00
4144,143.00,1.37,0.00
4145,154.00,0.54,0.00
4146,160.00,0.83,0.00
4147,162.00,1.41,0.00
4148,151.00,2.23,0.00
4149,132.00,2.86,0.66
4150,112.00,2.15,5.78
4151,99.00,2.32,13.69
4152,96.60,3.39,23.29
4153,91.35,3.95,41.14
4154,87.15,5.08,61.09
4155,85.05,6.97,44.10
4156,86.10,8.19,42.74
4157,93.45,8.30,53.00
4158,108.15,7.26,41.71
4159,128.10,6.07,33.23
4160,145.95,4.32,28.28
4161,152.25,2.26,16.14
4162,148.05,1.82,6.52
4163,140.70,2.93,0.37
4164,134.40,1.93,0.00
4165,131.25,0.51,0.00
4166,133.35,0.00,0.00
4167,139.65,0.00,0.00
4168,150.15,0.00,0.00
4169,161.70,0.00,0.00
4170,168.00,0.00,0.00
4171,170.10,2.38,0.00
4172,158.55,5.72,0.00
4173,138.60,6.26,1.07
4174,117.60,5.46,9.09
4175,103.95,5.20,25.89
4176,87.40,3.56,41.20
4177,82.65,2.06,52.79
4178,78.85,1.27,59.17
4179,76.95,1.13,50.12
4180,77.90,1.04,37.28
4181,84.55,0.56,29.57
4182,97.85,0.25,35.95
4183,115.90,0.93,29.38
4184,132.05,2.77,15.96
4185,137.75,4.17,9.28
4186,133.95,6.17,3.68
4187,127.30,8.90,0.19
4188,121.60,8.96,0.00
4189,118.75,6.40,0.00
4190,120.65,4.91,0.00
4191,126.35,5.59,0.00
4192,135.85,5.50,0.00
4193,146.30,4.13,0.00
4194,152.00,3.19,0.00
4195,153.90,3.35,0.00
4196,143.45,4.25,0.00
4197,125.40,4.79,0.49
4198,106.40,4.56,4.50
4199,94.05,5.20,9.02
4200,92.00,5.37,18.40
4201,87.00,4.75,30.73
4202,83.00,4.02,41.52
4203,81.00,4.40,39.21
4204,82.00,5.29,52.31
4205,89.00,6.49,53.85
4206,103.00,8.41,58.52
4207,122.00,9.88,44.86
4208,139.00,9.59,34.90
4209,145.00,7.72,18.21
4210,141.00,5.29,6.87
4211,134.00,4.96,0.44
4212,128.00,5.98,0.00
4213,125.00,7.98,0.00
4214,127.00,9.36,0.00
4215,133.00,10.49,0.00
4216,143.00,11.82,0.00
4217,154.00,11.63,0.00
4218,160.00,11.30,0.00
4219,162.00,11.37,0.00
4220,151.00,11.17,0.00
4221,132.00,9.36,1.41
4222,112.00,4.63,15.86
4223,99.00,3.15,40.79
4224,96.60,1.72,65.45
4225,91.35,0.00,90.85
4226,87.15,0.00,110.09
4227,85.05,0.00,126.26
4228,86.10,0.00,142.54
4229,93.45,0.00,123.53
4230,108.15,0.34,123.28
4231,128.10,0.70,100.64
4232,145.95,0.58,72.56
4233,152.25,0.30,42.42
4234,148.05,0.70,15.10
4235,140.70,2.23,0.74
4236,134.40,3.88,0.00
4237,131.25,4.32,0.00
4238,133.35,4.29,0.00
4239,139.65,4.52,0.00
4240,150.15,4.56,0.00
4241,161.70,4.06,0.00
4242,168.00,4.13,0.00
4243,170.10,5.37,0.00
4244,158.55,7.67,0.00
4245,138.60,10.24,1.63
4246,117.60,9.65,19.95
4247,103.95,12.56,48.32
4248,87.40,21.00,78.07
4249,82.65,22.62,103.36
4250,78.85,24.63,124.80
4251,76.95,26.53,135.99
4252,77.90,28.97,141.06
4253,84.55,30.71,136.16
4254,97.85,29.42,121.24
4255,115.90,27.40,97.26
4256,132.05,27.84,68.66
4257,137.75,24.63,37.95
4258,133.95,16.65,12.90
4259,127.30,16.65,0.64
4260,121.60,20.17,0.00
4261,118.75,21.95,0.00
4262,120.65,22.33,0.00
4263,126.35,23.61,0.00
4264,135.85,26.74,0.00
4265,146.30,28.06,0.00
4266,152.00,27.40,0.00
4267,153.90,30.47,0.00
4268,143.45,31.18,0.00
4269,125.40,23.02,1.50
4270,106.40,16.33,15.31
4271,94.05,15.55,34.24
4272,92.00,40.28,59.45
4273,87.00,59.52,84.64
4274,83.00,69.63,112.56
4275,81.00,74.13,108.65
4276,82.00,79.25,112.91
4277,89.00,86.66,94.22
4278,103.00,84.83,87.24
4279,122.00,69.83,74.07
4280,139.00,51.24,45.46
4281,145.00,32.52,26.42
4282,141.00,25.36,10.28
4283,134.00,27.29,0.56
4284,128.00,30.24,0.00
4285,125.00,33.88,0.00
4286,127.00,38.20,0.00
4287,133.00,40.00,0.00
4288,143.00,30.71,0.00
4289,154.00,26.96,0.00
4290,160.00,26.31,0.00
4291,162.00,25.36,0.00
4292,151.00,23.71,0.00
4293,132.00,22.92,0.96
4294,112.00,16.98,10.30
4295,99.00,19.81,25.71
4296,96.60,37.53,44.07
4297,91.35,50.91,74.59
4298,87.15,58.44,82.15
4299,85.05,53.74,87.20
4300,86.10,47.55,83.41
4301,93.45,44.19,71.03
4302,108.15,37.26,53.07
4303,128.10,28.40,38.31
4304,145.95,16.74,27.33
4305,152.25,6.03,18.24
4306,148.05,0.89,6.03
4307,140.70,0.36,0.26
4308,134.40,0.23,0.00
4309,131.25,0.00,0.00
4310,133.35,0.00,0.00
4311,139.65,1.11,0.00
4312,150.15,2.55,0.00
4313,161.70,2.58,0.00
4314,168.00,3.09,0.00
4315,170.10,9.07,0.00
4316,158.55,27.73,0.00
4317,138.60,36.59,0.54
4318,117.60,22.53,6.59
4319,103.95,7.21,15.19
4320,87.40,0.00,23.72
4321,82.65,0.00,43.76
4322,78.85,0.00,35.10
4323,76.95,6.21,40.89
4324,77.90,15.16,46.50
4325,84.55,19.37,70.35
4326,97.85,16.02,79.74
4327,115.90,10.55,70.33
4328,132.05,6.49,59.64
4329,137.75,2.77,32.72
4330,133.95,0.58,11.90
4331,127.30,0.00,0.62
4332,121.60,0.00,0.00
4333,118.75,0.58,0.00
4334,120.65,1.37,0.00
4335,126.35,1.34,0.00
4336,135.85,0.30,0.00
4337,146.30,0.00,0.00
4338,152.00,0.00,0.00
4339,153.90,0.00,0.00
4340,143.45,0.00,0.00
4341,125.40,0.00,1.08
4342,106.40,0.00,11.12
4343,94.05,0.10,27.79
4344,92.00,0.98,37.32
4345,87.00,1.64,46.40
4346,83.00,1.44,61.98
4347,81.00,1.74,81.74
4348,82.00,2.18,84.91
4349,89.00,2.58,84.08
4350,103.00,1.79,77.91
4351,122.00,0.54,62.38
4352,139.00,0.20,35.50
4353,145.00,0.03,18.03
4354,141.00,0.00,6.11
4355,134.00,0.00,0.31
4356,128.00,0.00,0.00
4357,125.00,0.00,0.00
4358,127.00,0.18,0.00
4359,133.00,1.37,0.00
4360,143.00,3.56,0.00
4361,154.00,0.00,0.00
4362,160.00,0.00,0.00
4363,162.00,0.00,0.00
4364,151.00,1.79,0.00
4365,132.00,4.10,0.76
4366,112.00,4.71,8.42
4367,99.00,3.73,22.62
4368,96.60,2.93,36.66
4369,91.35,4.83,72.74
4370,87.15,9.30,86.36
4371,85.05,10.43,93.58
4372,86.10,10.06,113.73
4373,93.45,10.06,128.78
4374,108.15,10.30,86.36
4375,128.10,10.80,54.36
4376,145.95,11.43,37.49
4377,152.25,14.04,21.67
4378,148.05,16.02,8.20
4379,140.70,16.09,0.52
4380,134.40,15.39,0.00
4381,131.25,15.78,0.00
4382,133.35,17.14,0.00
4383,139.65,17.39,0.00
4384,150.15,16.82,0.00
4385,161.70,15.86,0.00
4386,168.00,14.11,0.00
4387,170.10,11.30,0.00
4388,158.55,8.35,0.00
4389,138.60,6.21,0.56
4390,117.60,5.81,6.86
4391,103.95,7.67,18.35
4392,87.40,18.15,35.46
4393,82.65,25.99,63.75
4394,78.85,25.99,76.84
4395,76.95,26.53,88.21
4396,77.90,26.20,108.70
4397,84.55,26.96,98.50
4398,97.85,28.74,91.78
4399,115.90,27.07,74.10
4400,132.05,21.57,52.58
4401,137.75,15.31,30.24
4402,133.95,13.32,11.50
4403,127.30,13.47,0.69
4404,121.60,13.90,0.00
4405,118.75,17.89,0.00
4406,120.65,21.85,0.00
4407,126.35,24.73,0.00
4408,135.85,25.36,0.00
4409,146.30,25.57,0.00
4410,152.00,25.88,0.00
4411,153.90,27.73,0.00
4412,143.45,27.18,0.00
4413,125.40,19.81,0.61
4414,106.40,11.76,6.90
4415,94.05,5.20,17.82
4416,92.00,1.95,31.54
4417,87.00,0.15,35.69
4418,83.00,0.00,45.18
4419,81.00,0.20,70.50
4420,82.00,3.22,75.22
4421,89.00,5.94,92.87
4422,103.00,6.82,83.53
4423,122.00,7.62,63.16
4424,139.00,8.19,45.01
4425,145.00,7.52,23.85
4426,141.00,6.30,8.89
4427,134.00,7.98,0.48
4428,128.00,10.80,0.00
4429,125.00,9.76,0.00
4430,127.00,6.40,0.00
4431,133.00,4.25,0.00
4432,143.00,3.32,0.00
4433,154.00,2.83,0.00
4434,160.00,2.71,0.00
4435,162.00,2.55,0.00
4436,151.00,2.01,0.00
4437,132.00,1.09,1.35
4438,112.00,0.03,18.55
4439,99.00,0.00,47.35
4440,96.60,0.00,78.10
4441,91.35,0.20,102.74
4442,87.15,0.29,122.08
4443,85.05,0.66,131.18
4444,86.10,1.07,132.54
4445,93.45,1.32,137.87
4446,108.15,1.41,121.52
4447,128.10,1.34,98.44
4448,145.95,1.87,62.82
4449,152.25,3.73,34.79
4450,148.05,6.21,13.11
4451,140.70,10.49,0.51
4452,134.40,14.78,0.00
4453,131.25,14.04,0.00
4454,133.35,12.02,0.00
4455,139.65,11.50,0.00
4456,150.15,16.74,0.00
4457,161.70,32.27,0.00
4458,168.00,43.89,0.00
4459,170.10,52.73,0.00
4460,158.55,50.75,0.00
4461,138.60,48.34,0.94
4462,117.60,35.68,16.23
4463,103.95,39.44,41.51
4464,87.40,61.54,70.84
4465,82.65,73.50,96.87
4466,78.85,78.16,110.36
4467,76.95,77.73,124.86
4468,77.90,76.87,122.61
4469,84.55,73.30,90.74
4470,97.85,66.66,78.53
4471,115.90,60.62,44.93
4472,132.05,54.42,30.93
4473,137.75,44.49,17.60
4474,133.95,39.16,6.51
4475,127.30,33.26,0.49
4476,121.60,35.03,0.00
4477,118.75,37.39,0.00
4478,120.65,45.55,0.00
4479,126.35,64.73,0.00
4480,135.85,66.86,0.00
4481,146.30,68.83,0.00
4482,152.00,69.43,0.00
4483,153.90,76.02,0.00
4484,143.45,72.26,0.00
4485,125.40,65.50,0.80
4486,106.40,62.28,8.38
4487,94.05,60.98,23.01
4488,92.00,81.01,38.73
4489,87.00,98.23,58.27
4490,83.00,97.23,71.08
4491,81.00,99.24,65.81
4492,82.00,98.74,66.48
4493,89.00,92.09,35.42
4494,103.00,80.13,51.58
4495,122.00,70.23,36.86
4496,139.00,59.52,29.50
4497,145.00,41.27,15.36
4498,141.00,27.84,6.64
4499,134.00,23.51,0.39
4500,128.00,18.66,0.00
4501,125.00,16.17,0.00
4502,127.00,14.71,0.00
4503,133.00,13.97,0.00
4504,143.00,13.32,0.00
4505,154.00,13.61,0.00
4506,160.00,14.41,0.00
4507,162.00,17.06,0.00
4508,151.00,20.08,0.00
4509,132.00,23.81,0.50
4510,112.00,25.25,6.58
4511,99.00,25.04,16.33
4512,96.60,30.00,28.81
4513,91.35,25.25,31.72
4514,87.15,27.07,40.66
4515,85.05,34.39,60.52
4516,86.10,42.71,68.88
4517,93.45,44.19,59.43
4518,108.15,38.48,39.68
4519,128.10,32.39,28.72
4520,145.95,24.73,18.26
4521,152.25,14.86,11.11
4522,148.05,9.24,3.99
4523,140.70,12.02,0.19
4524,134.40,14.63,0.00
4525,131.25,11.82,0.00
4526,133.35,9.82,0.00
4527,139.65,9.59,0.00
4528,150.15,9.07,0.00
4529,161.70,8.79,0.00
4530,168.00,9.82,0.00
4531,170.10,9.36,0.00
4532,158.55,9.02,0.00
4533,138.60,10.55,0.57
4534,117.60,9.65,7.06
4535,103.95,7.42,8.12
4536,87.40,12.22,23.84
4537,82.65,29.08,44.13
4538,78.85,36.46,65.74
4539,76.95,37.66,76.20
4540,77.90,37.26,80.40
4541,84.55,35.81,97.12
4542,97.85,31.91,88.43
4543,115.90,28.18,59.04
4544,132.05,24.94,44.30
4545,137.75,19.63,24.11
4546,133.95,15.31,8.52
4547,127.30,16.25,0.47
4548,121.60,16.74,0.00
4549,118.75,18.40,0.00
4550,120.65,22.62,0.00
4551,126.35,24.22,0.00
4552,135.85,24.32,0.00
4553,146.30,21.66,0.00
4554,152.00,16.02,0.00
4555,153.90,16.98,0.00
4556,143.45,15.94,0.00
4557,125.40,20.63,1.06
4558,106.40,20.26,16.74
4559,94.05,23.21,43.90
4560,92.00,40.28,71.50
4561,87.00,58.09,96.87
4562,83.00,67.84,119.49
4563,81.00,74.34,122.20
4564,82.00,74.55,130.78
4565,89.00,70.23,128.37
4566,103.00,64.35,105.40
4567,122.00,58.80,90.34
4568,139.00,52.90,69.15
4569,145.00,43.89,39.03
4570,141.00,34.01,13.23
4571,134.00,28.51,0.66
4572,128.00,32.39,0.00
4573,125.00,28.74,0.00
4574,127.00,25.04,0.00
4575,133.00,24.02,0.00
4576,143.00,24.94,0.00
4577,154.00,26.74,0.00
4578,160.00,25.04,0.00
4579,162.00,33.26,0.00
4580,151.00,33.88,0.00
4581,132.00,28.63,1.08
4582,112.00,26.74,16.17
4583,99.00,29.54,43.74
4584,96.60,46.78,74.26
4585,91.35,47.55,93.00
4586,87.15,43.89,111.16
4587,85.05,39.30,118.77
4588,86.10,35.94,134.42
4589,93.45,34.77,124.07
4590,108.15,36.07,99.65
4591,128.10,36.59,78.74
4592,145.95,31.54,57.89
4593,152.25,19.28,33.52
4594,148.05,16.90,11.81
4595,140.70,19.81,0.65
4596,134.40,21.10,0.00
4597,131.25,21.10,0.00
4598,133.35,20.82,0.00
4599,139.65,19.54,0.00
4600,150.15,18.40,0.00
4601,161.70,18.06,0.00
4602,168.00,19.54,0.00
4603,170.10,22.72,0.00
4604,158.55,25.46,0.00
4605,138.60,27.73,0.70
4606,117.60,24.22,10.80
4607,103.95,25.25,29.18
4608,87.40,50.75,51.65
4609,82.65,56.85,83.89
4610,78.85,47.87,109.44
4611,76.95,42.57,119.22
4612,77.90,44.19,105.92
4613,84.55,47.40,117.43
4614,97.85,47.55,103.68
4615,115.90,45.85,77.96
4616,132.05,42.86,48.44
4617,137.75,34.26,26.94
4618,133.95,23.41,9.68
4619,127.30,22.62,0.54
4620,121.60,26.74,0.00
4621,118.75,28.06,0.00
4622,120.65,27.84,0.00
4623,126.35,28.51,0.00
4624,135.85,46.93,0.00
4625,146.30,50.10,0.00
4626,152.00,48.66,0.00
4627,153.90,44.49,0.00
4628,143.45,31.91,0.00
4629,125.40,24.63,0.81
4630,106.40,22.24,12.82
4631,94.05,22.04,35.31
4632,92.00,45.85,60.74
4633,87.00,61.91,87.06
4634,83.00,63.03,101.29
4635,81.00,51.08,106.98
4636,82.00,42.86,122.03
4637,89.00,39.02,108.86
4638,103.00,34.52,99.57
4639,122.00,30.24,79.61
4640,139.00,25.46,50.54
4641,145.00,19.81,26.79
4642,141.00,11.89,9.18
4643,134.00,9.42,0.43
4644,128.00,7.62,0.00
4645,125.00,5.33,0.00
4646,127.00,2.96,0.00
4647,133.00,2.49,0.00
4648,143.00,2.71,0.00
4649,154.00,3.39,0.00
4650,160.00,5.20,0.00
4651,162.00,8.09,0.00
4652,151.00,9.36,0.00
4653,132.00,8.68,0.30
4654,112.00,6.21,3.87
4655,99.00,5.12,9.37
4656,96.60,2.86,14.60
4657,91.35,0.41,24.76
4658,87.15,0.00,43.77
4659,85.05,1.69,57.95
4660,86.10,6.26,77.47
4661,93.45,11.24,69.81
4662,108.15,14.34,69.62
4663,128.10,15.55,59.31
4664,145.95,15.86,49.19
4665,152.25,12.77,28.20
4666,148.05,8.19,11.02
4667,140.70,6.68,0.45
4668,134.40,6.63,0.00
4669,131.25,6.35,0.00
4670,133.35,6.58,0.00
4671,139.65,10.18,0.00
4672,150.15,17.56,0.00
4673,161.70,19.63,0.00
4674,168.00,17.89,0.00
4675,170.10,16.02,0.00
4676,158.55,15.55,0.00
4677,138.60,15.16,0.66
4678,117.60,10.80,7.00
4679,103.95,4.10,16.91
4680,87.40,1.02,29.96
4681,82.65,1.29,53.87
4682,78.85,1.95,71.28
4683,76.95,2.29,89.15
4684,77.90,2.38,106.08
4685,84.55,2.04,103.16
4686,97.85,1.25,72.84
4687,115.90,0.49,58.41
4688,132.05,0.00,41.96
4689,137.75,0.00,22.21
4690,133.95,0.00,7.28
4691,127.30,0.00,0.43
4692,121.60,0.00,0.00
4693,118.75,0.00,0.00
4694,120.65,0.00,0.00
4695,126.35,0.00,0.00
4696,135.85,0.00,0.00
4697,146.30,0.00,0.00
4698,152.00,0.00,0.00
4699,153.90,0.00,0.00
4700,143.45,1.69,0.00
4701,125.40,4.10,0.26
4702,106.40,4.21,3.46
4703,94.05,3.12,9.97
4704,92.00,6.17,15.86
4705,87.00,9.07,29.10
4706,83.00,8.79,43.95
4707,81.00,8.30,52.38
4708,82.00,7.93,58.43
4709,89.00,7.93,67.52
4710,103.00,8.63,65.63
4711,122.00,9.53,47.98
4712,139.00,10.73,33.62
4713,145.00,11.17,18.58
4714,141.00,8.19,7.16
4715,134.00,8.19,0.30
4716,128.00,8.63,0.00
4717,125.00,7.42,0.00
4718,127.00,5.29,0.00
4719,133.00,4.06,0.00
4720,143.00,3.32,0.00
4721,154.00,2.80,0.00
4722,160.00,2.43,0.00
4723,162.00,3.73,0.00
4724,151.00,4.67,0.00
4725,132.00,3.99,0.36
4726,112.00,2.93,6.03
4727,99.00,3.02,17.03
4728,96.60,3.91,31.12
4729,91.35,4.06,51.55
4730,87.15,3.32,62.37
4731,85.05,3.09,69.88
4732,86.10,3.84,79.79
4733,93.45,5.00,65.82
4734,108.15,6.44,72.44
4735,128.10,7.57,64.31
4736,145.95,8.85,42.42
4737,152.25,9.36,24.59
4738,148.05,8.46,9.05
4739,140.70,8.41,0.48
4740,134.40,8.68,0.00
4741,131.25,8.09,0.00
4742,133.35,6.63,0.00
4743,139.65,5.20,0.00
4744,150.15,4.40,0.00
4745,161.70,3.66,0.00
4746,168.00,2.55,0.00
4747,170.10,1.72,0.00
4748,158.55,0.95,0.00
4749,138.60,0.89,0.64
4750,117.60,0.70,10.37
4751,103.95,0.06,29.28
4752,87.40,0.00,48.93
4753,82.65,0.00,69.03
4754,78.85,0.00,79.05
4755,76.95,0.00,79.99
4756,77.90,0.00,74.18
4757,84.55,0.00,77.25
4758,97.85,0.00,86.13
4759,115.90,0.00,69.81
4760,132.05,0.00,49.86
4761,137.75,0.00,27.41
4762,133.95,0.00,10.03
4763,127.30,0.00,0.43
4764,121.60,0.00,0.00
4765,118.75,0.00,0.00
4766,120.65,0.00,0.00
4767,126.35,0.00,0.00
4768,135.85,0.00,0.00
4769,146.30,0.00,0.00
4770,152.00,0.00,0.00
4771,153.90,0.00,0.00
4772,143.45,0.00,0.00
4773,125.40,0.00,0.37
4774,106.40,0.00,6.65
4775,94.05,0.00,16.73
4776,92.00,0.00,28.36
4777,87.00,0.00,31.78
4778,83.00,0.00,55.68
4779,81.00,0.00,77.13
4780,82.00,0.00,103.70
4781,89.00,0.00,89.36
4782,103.00,0.00,72.44
4783,122.00,0.00,48.52
4784,139.00,0.00,28.51
4785,145.00,0.00,8.14
4786,141.00,0.00,3.50
4787,134.00,0.00,0.19
4788,128.00,0.18,0.00
4789,125.00,0.85,0.00
4790,127.00,1.02,0.00
4791,133.00,0.49,0.00
4792,143.00,0.00,0.00
4793,154.00,0.00,0.00
4794,160.00,0.00,0.00
4795,162.00,0.00,0.00
4796,151.00,0.00,0.00
4797,132.00,0.00,0.34
4798,112.00,0.00,4.23
4799,99.00,0.00,8.13
4800,96.60,0.00,7.63
4801,91.35,0.00,14.96
4802,87.15,0.00,48.58
4803,85.05,0.00,82.28
4804,86.10,0.72,81.69
4805,93.45,1.27,95.39
4806,108.15,1.37,74.87
4807,128.10,1.02,72.22
4808,145.95,0.38,46.33
4809,152.25,0.00,25.43
4810,148.05,0.00,8.84
4811,140.70,0.00,0.34
4812,134.40,0.38,0.00
4813,131.25,1.72,0.00
4814,133.35,3.77,0.00
4815,139.65,5.37,0.00
4816,150.15,5.98,0.00
4817,161.70,6.35,0.00
4818,168.00,6.58,0.00
4819,170.10,6.82,0.00
4820,158.55,7.42,0.00
4821,138.60,8.63,0.58
4822,117.60,8.57,12.39
4823,103.95,6.49,36.57
4824,87.40,6.49,65.72
4825,82.65,9.71,85.15
4826,78.85,11.82,96.12
4827,76.95,11.43,113.52
4828,77.90,10.06,116.71
4829,84.55,10.61,96.10
4830,97.85,11.30,92.38
4831,115.90,9.94,65.88
4832,132.05,7.62,51.70
4833,137.75,6.03,27.49
4834,133.95,3.77,9.74
4835,127.30,2.64,0.27
4836,121.60,2.29,0.00
4837,118.75,1.74,0.00
4838,120.65,1.64,0.00
4839,126.35,1.87,0.00
4840,135.85,1.77,0.00
4841,146.30,2.23,0.00
4842,152.00,3.77,0.00
4843,153.90,5.33,0.00
4844,143.45,5.89,0.00
4845,125.40,4.52,0.12
4846,106.40,1.74,1.57
4847,94.05,0.47,3.04
4848,92.00,0.54,3.49
4849,87.00,0.47,5.49
4850,83.00,0.38,16.60
4851,81.00,0.87,43.28
4852,82.00,1.59,83.13
4853,89.00,1.87,101.30
4854,103.00,1.74,67.70
4855,122.00,2.15,47.43
4856,139.00,3.52,38.93
4857,145.00,2.68,20.68
4858,141.00,0.62,7.39
4859,134.00,0.47,0.30
4860,128.00,2.43,0.00
4861,125.00,6.63,0.00
4862,127.00,9.88,0.00
4863,133.00,9.36,0.00
4864,143.00,7.21,0.00
4865,154.00,5.37,0.00
4866,160.00,4.79,0.00
4867,162.00,4.63,0.00
4868,151.00,4.59,0.00
4869,132.00,3.95,0.55
4870,112.00,1.82,11.22
4871,99.00,1.51,31.97
4872,96.60,1.59,58.12
4873,91.35,2.43,75.57
4874,87.15,2.35,94.91
4875,85.05,0.16,106.72
4876,86.10,0.00,116.35
4877,93.45,0.00,116.95
4878,108.15,0.00,107.49
4879,128.10,0.00,89.44
4880,145.95,0.00,60.80
4881,152.25,0.00,35.72
4882,148.05,0.00,12.54
4883,140.70,1.49,0.00
4884,134.40,4.25,0.00
4885,131.25,6.92,0.00
4886,133.35,9.59,0.00
4887,139.65,11.24,0.00
4888,150.15,10.98,0.00
4889,161.70,8.96,0.00
4890,168.00,7.12,0.00
4891,170.10,7.02,0.00
4892,158.55,7.12,0.00
4893,138.60,6.54,0.51
4894,117.60,4.17,11.89
4895,103.95,1.66,36.16
4896,87.40,1.46,65.22
4897,82.65,1.51,88.26
4898,78.85,0.93,96.89
4899,76.95,0.00,98.72
4900,77.90,0.00,104.71
4901,84.55,0.00,99.80
4902,97.85,0.00,99.46
4903,115.90,0.00,78.87
4904,132.05,0.00,55.32
4905,137.75,0.00,27.09
4906,133.95,0.00,9.88
4907,127.30,0.11,0.00
4908,121.60,0.23,0.00
4909,118.75,0.62,0.00
4910,120.65,1.64,0.00
4911,126.35,2.68,0.00
4912,135.85,2.52,0.00
4913,146.30,2.38,0.00
4914,152.00,2.23,0.00
4915,153.90,2.43,0.00
4916,143.45,2.83,0.00
4917,125.40,2.43,0.22
4918,106.40,0.87,4.10
4919,94.05,0.00,10.45
4920,92.00,0.00,19.08
4921,87.00,0.00,38.41
4922,83.00,0.00,28.92
4923,81.00,0.00,34.22
4924,82.00,0.00,38.23
4925,89.00,0.00,23.86
4926,103.00,0.00,14.92
4927,122.00,0.00,30.94
4928,139.00,0.00,24.30
4929,145.00,0.00,15.21
4930,141.00,0.11,6.63
4931,134.00,2.20,0.00
4932,128.00,3.63,0.00
4933,125.00,4.59,0.00
4934,127.00,4.83,0.00
4935,133.00,3.52,0.00
4936,143.00,2.38,0.00
4937,154.00,2.18,0.00
4938,160.00,2.52,0.00
4939,162.00,1.98,0.00
4940,151.00,1.98,0.00
4941,132.00,3.05,0.43
4942,112.00,3.15,10.72
4943,99.00,2.32,33.75
4944,96.60,2.18,61.59
4945,91.35,1.56,90.02
4946,87.15,0.89,108.80
4947,85.05,0.47,115.46
4948,86.10,0.15,128.55
4949,93.45,0.00,118.79
4950,108.15,0.00,110.98
4951,128.10,0.00,88.52
4952,145.95,0.00,56.89
4953,152.25,0.00,30.14
4954,148.05,1.13,10.90
4955,140.70,4.29,0.00
4956,134.40,9.13,0.00
4957,131.25,12.77,0.00
4958,133.35,13.61,0.00
4959,139.65,12.09,0.00
4960,150.15,8.57,0.00
4961,161.70,6.82,0.00
4962,168.00,6.54,0.00
4963,170.10,7.07,0.00
4964,158.55,7.72,0.00
4965,138.60,8.68,0.45
4966,117.60,7.12,12.28
4967,103.95,6.21,37.89
4968,87.40,7.42,66.78
4969,82.65,7.07,93.39
4970,78.85,9.02,118.53
4971,76.95,10.67,134.15
4972,77.90,9.59,140.36
4973,84.55,8.03,131.58
4974,97.85,5.85,115.07
4975,115.90,3.95,94.04
4976,132.05,3.22,63.99
4977,137.75,3.66,34.41
4978,133.95,4.21,11.62
4979,127.30,4.83,0.00
4980,121.60,6.21,0.00
4981,118.75,9.13,0.00
4982,120.65,13.39,0.00
4983,126.35,14.86,0.00
4984,135.85,14.04,0.00
4985,146.30,12.15,0.00
4986,152.00,10.43,0.00
4987,153.90,10.12,0.00
4988,143.45,10.36,0.00
4989,125.40,10.67,0.40
4990,106.40,8.52,12.56
4991,94.05,6.87,38.48
4992,92.00,5.04,66.84
4993,87.00,4.63,91.28
4994,83.00,4.75,107.61
4995,81.00,4.96,114.52
4996,82.00,5.20,127.03
4997,89.00,5.46,99.75
4998,103.00,5.04,80.57
4999,122.00,4.40,48.38
5000,139.00,5.12,23.90
5001,145.00,8.03,14.66
5002,141.00,12.22,5.85
5003,134.00,12.83,0.00
5004,128.00,9.36,0.00
5005,125.00,7.52,0.00
5006,127.00,6.82,0.00
5007,133.00,7.12,0.00
5008,143.00,5.54,0.00
5009,154.00,3.59,0.00
5010,160.00,1.44,0.00
5011,162.00,0.00,0.00
5012,151.00,0.00,0.00
5013,132.00,0.00,0.00
5014,112.00,0.00,7.42
5015,99.00,0.00,19.33
5016,96.60,0.02,33.40
5017,91.35,1.18,49.95
5018,87.15,1.85,67.41
5019,85.05,2.04,76.27
5020,86.10,2.32,95.48
5021,93.45,2.46,86.96
5022,108.15,3.15,72.62
5023,128.10,4.29,50.54
5024,145.95,4.52,34.27
5025,152.25,3.25,18.71
5026,148.05,2.49,6.48
5027,140.70,3.09,0.00
5028,134.40,4.32,0.00
5029,131.25,5.76,0.00
5030,133.35,6.63,0.00
5031,139.65,6.97,0.00
5032,150.15,6.54,0.00
5033,161.70,6.21,0.00
5034,168.00,6.77,0.00
5035,170.10,7.31,0.00
5036,158.55,7.02,0.00
5037,138.60,5.72,0.00
5038,117.60,2.20,8.74
5039,103.95,0.30,22.59
5040,87.40,0.00,40.28
5041,82.65,0.00,43.14
5042,78.85,0.76,50.70
5043,76.95,2.74,65.95
5044,77.90,5.16,60.20
5045,84.55,8.03,78.30
5046,97.85,7.47,73.13
5047,115.90,4.83,28.64
5048,132.05,2.77,28.25
5049,137.75,1.29,14.40
5050,133.95,0.00,5.30
5051,127.30,0.00,0.00
5052,121.60,0.27,0.00
5053,118.75,4.10,0.00
5054,120.65,8.57,0.00
5055,126.35,9.42,0.00
5056,135.85,6.58,0.00
5057,146.30,9.19,0.00
5058,152.00,11.37,0.00
5059,153.90,14.19,0.00
5060,143.45,13.25,0.00
5061,125.40,10.92,0.00
5062,106.40,9.94,5.18
5063,94.05,7.88,13.06
5064,92.00,4.79,26.58
5065,87.00,4.10,44.28
5066,83.00,6.03,57.66
5067,81.00,6.68,68.04
5068,82.00,6.92,71.49
5069,89.00,6.26,76.11
5070,103.00,4.36,80.02
5071,122.00,1.98,74.24
5072,139.00,0.08,56.27
5073,145.00,0.00,30.38
5074,141.00,0.00,10.47
5075,134.00,0.00,0.00
5076,128.00,2.23,0.00
5077,125.00,5.08,0.00
5078,127.00,7.12,0.00
5079,133.00,7.62,0.00
5080,143.00,6.44,0.00
5081,154.00,4.52,0.00
5082,160.00,2.89,0.00
5083,162.00,1.79,0.00
5084,151.00,1.32,0.00
5085,132.00,1.44,0.00
5086,112.00,1.77,9.04
5087,99.00,0.93,25.12
5088,96.60,0.91,60.29
5089,91.35,1.54,78.86
5090,87.15,1.95,102.02
5091,85.05,1.82,120.48
5092,86.10,1.25,133.66
5093,93.45,0.95,124.92
5094,108.15,0.89,104.23
5095,128.10,1.13,93.65
5096,145.95,2.06,66.82
5097,152.25,4.40,35.59
5098,148.05,7.57,10.26
5099,140.70,11.56,0.00
5100,134.40,14.86,0.00
5101,131.25,15.55,0.00
5102,133.35,14.34,0.00
5103,139.65,11.76,0.00
5104,150.15,9.07,0.00
5105,161.70,6.73,0.00
5106,168.00,4.59,0.00
5107,170.10,2.80,0.00
5108,158.55,1.02,0.00
5109,138.60,0.00,0.00
5110,117.60,0.00,11.40
5111,103.95,0.00,34.21
5112,87.40,0.00,64.26
5113,82.65,0.00,89.10
5114,78.85,0.00,107.72
5115,76.95,0.00,121.56
5116,77.90,0.00,136.52
5117,84.55,0.00,131.49
5118,97.85,0.00,118.72
5119,115.90,0.00,98.62
5120,132.05,0.00,71.35
5121,137.75,0.00,38.20
5122,133.95,0.00,11.33
5123,127.30,0.00,0.00
5124,121.60,0.00,0.00
5125,118.75,0.00,0.00
5126,120.65,0.00,0.00
5127,126.35,0.00,0.00
5128,135.85,0.00,0.00
5129,146.30,0.00,0.00
5130,152.00,0.00,0.00
5131,153.90,0.00,0.00
5132,143.45,0.00,0.00
5133,125.40,0.00,0.00
5134,106.40,0.00,11.73
5135,94.05,0.00,37.62
5136,92.00,0.00,67.70
5137,87.00,0.00,96.74
5138,83.00,0.00,109.81
5139,81.00,0.00,123.89
5140,82.00,0.00,132.22
5141,89.00,0.00,125.31
5142,103.00,0.00,112.77
5143,122.00,0.00,95.91
5144,139.00,0.00,69.22
5145,145.00,0.00,39.75
5146,141.00,0.00,12.32
5147,134.00,0.00,0.00
5148,128.00,0.00,0.00
5149,125.00,0.00,0.00
5150,127.00,0.00,0.00
5151,133.00,0.00,0.00
5152,143.00,0.00,0.00
5153,154.00,0.00,0.00
5154,160.00,0.00,0.00
5155,162.00,0.00,0.00
5156,151.00,0.00,0.00
5157,132.00,0.00,0.00
5158,112.00,0.00,13.00
5159,99.00,0.00,41.30
5160,96.60,0.00,72.11
5161,91.35,0.00,99.80
5162,87.15,0.00,120.08
5163,85.05,0.45,130.87
5164,86.10,0.56,132.38
5165,93.45,0.27,127.54
5166,108.15,0.00,113.47
5167,128.10,0.00,92.71
5168,145.95,0.00,65.55
5169,152.25,0.00,35.70
5170,148.05,0.38,10.38
5171,140.70,2.32,0.00
5172,134.40,3.77,0.00
5173,131.25,3.52,0.00
5174,133.35,1.95,0.00
5175,139.65,0.64,0.00
5176,150.15,0.00,0.00
5177,161.70,0.00,0.00
5178,168.00,0.00,0.00
5179,170.10,0.00,0.00
5180,158.55,0.00,0.00
5181,138.60,0.45,0.00
5182,117.60,0.85,11.35
5183,103.95,1.00,38.45
5184,87.40,3.05,70.13
5185,82.65,3.19,97.79
5186,78.85,1.90,117.66
5187,76.95,1.02,130.85
5188,77.90,0.70,131.88
5189,84.55,0.47,128.40
5190,97.85,0.05,111.68
5191,115.90,0.00,91.16
5192,132.05,0.00,65.58
5193,137.75,0.00,36.18
5194,133.95,0.00,10.11
5195,127.30,0.00,0.00
5196,121.60,0.00,0.00
5197,118.75,0.58,0.00
5198,120.65,1.64,0.00
5199,126.35,2.61,0.00
5200,135.85,2.86,0.00
5201,146.30,1.39,0.00
5202,152.00,0.00,0.00
5203,153.90,0.00,0.00
5204,143.45,0.00,0.00
5205,125.40,0.00,0.00
5206,106.40,0.00,9.77
5207,94.05,0.00,27.98
5208,92.00,0.00,52.58
5209,87.00,0.00,79.44
5210,83.00,0.00,98.08
5211,81.00,0.00,108.96
5212,82.00,0.00,118.98
5213,89.00,0.00,94.68
5214,103.00,0.00,79.50
5215,122.00,0.00,68.45
5216,139.00,0.00,47.55
5217,145.00,0.00,26.21
5218,141.00,0.64,7.46
5219,134.00,4.06,0.00
5220,128.00,7.02,0.00
5221,125.00,8.35,0.00
5222,127.00,9.65,0.00
5223,133.00,11.17,0.00
5224,143.00,6.63,0.00
5225,154.00,2.61,0.00
5226,160.00,2.29,0.00
5227,162.00,3.77,0.00
5228,151.00,5.08,0.00
5229,132.00,5.12,0.00
5230,112.00,8.57,9.47
5231,99.00,10.67,30.26
5232,96.60,8.68,56.25
5233,91.35,6.35,85.38
5234,87.15,3.77,101.93
5235,85.05,0.85,114.93
5236,86.10,0.00,120.79
5237,93.45,0.00,110.31
5238,108.15,0.00,101.87
5239,128.10,0.00,82.69
5240,145.95,0.00,57.78
5241,152.25,0.00,30.57
5242,148.05,0.00,7.74
5243,140.70,1.44,0.00
5244,134.40,7.07,0.00
5245,131.25,14.19,0.00
5246,133.35,17.73,0.00
5247,139.65,17.06,0.00
5248,150.15,14.11,0.00
5249,161.70,12.02,0.00
5250,168.00,9.82,0.00
5251,170.10,8.96,0.00
5252,158.55,7.82,0.00
5253,138.60,6.40,0.00
5254,117.60,3.73,8.11
5255,103.95,1.54,26.16
5256,87.40,0.00,50.06
5257,82.65,0.00,70.33
5258,78.85,0.00,96.14
5259,76.95,0.00,100.04
5260,77.90,0.00,122.70
5261,84.55,0.00,115.16
5262,97.85,0.00,105.56
5263,115.90,0.13,86.92
5264,132.05,0.62,61.21
5265,137.75,1.39,29.74
5266,133.95,2.26,7.72
5267,127.30,3.88,0.00
5268,121.60,5.94,0.00
5269,118.75,7.36,0.00
5270,120.65,7.88,0.00
5271,126.35,7.26,0.00
5272,135.85,6.21,0.00
5273,146.30,5.59,0.00
5274,152.00,5.16,0.00
5275,153.90,5.04,0.00
5276,143.45,4.36,0.00
5277,125.40,3.12,0.00
5278,106.40,1.34,8.64
5279,94.05,0.00,28.33
5280,92.00,0.00,55.03
5281,87.00,0.02,83.82
5282,83.00,0.18,96.06
5283,81.00,0.16,119.22
5284,82.00,0.20,133.01
5285,89.00,0.39,129.12
5286,103.00,0.89,116.70
5287,122.00,1.44,95.05
5288,139.00,1.98,66.72
5289,145.00,2.74,35.15
5290,141.00,3.12,8.84
5291,134.00,3.52,0.00
5292,128.00,4.32,0.00
5293,125.00,5.00,0.00
5294,127.00,5.08,0.00
5295,133.00,4.71,0.00
5296,143.00,4.44,0.00
5297,154.00,4.02,0.00
5298,160.00,3.32,0.00
5299,162.00,2.26,0.00
5300,151.00,1.29,0.00
5301,132.00,0.70,0.00
5302,112.00,0.34,9.15
5303,99.00,0.13,31.23
5304,96.60,0.22,56.35
5305,91.35,0.00,84.49
5306,87.15,0.00,104.32
5307,85.05,0.00,117.14
5308,86.10,0.00,120.69
5309,93.45,0.32,114.32
5310,108.15,0.66,106.09
5311,128.10,0.66,84.16
5312,145.95,0.51,59.60
5313,152.25,0.66,31.00
5314,148.05,0.98,7.62
5315,140.70,1.07,0.00
5316,134.40,0.70,0.00
5317,131.25,0.45,0.00
5318,133.35,0.64,0.00
5319,139.65,0.81,0.00
5320,150.15,0.56,0.00
5321,161.70,0.39,0.00
5322,168.00,0.34,0.00
5323,170.10,0.18,0.00
5324,158.55,0.16,0.00
5325,138.60,0.43,0.00
5326,117.60,0.36,9.49
5327,103.95,0.00,31.29
5328,87.40,0.00,58.04
5329,82.65,0.00,84.95
5330,78.85,0.00,103.63
5331,76.95,0.00,111.81
5332,77.90,0.00,122.50
5333,84.55,0.00,126.56
5334,97.85,0.00,109.10
5335,115.90,0.02,87.84
5336,132.05,0.47,58.11
5337,137.75,1.20,31.98
5338,133.95,2.46,8.32
5339,127.30,3.84,0.00
5340,121.60,3.99,0.00
5341,118.75,3.73,0.00
5342,120.65,3.32,0.00
5343,126.35,3.35,0.00
5344,135.85,3.52,0.00
5345,146.30,3.63,0.00
5346,152.00,3.56,0.00
5347,153.90,2.96,0.00
5348,143.45,2.29,0.00
5349,125.40,1.64,0.00
5350,106.40,0.76,9.62
5351,94.05,0.06,33.69
5352,92.00,0.03,60.09
5353,87.00,0.00,88.44
5354,83.00,0.00,107.60
5355,81.00,0.00,118.30
5356,82.00,0.00,126.71
5357,89.00,0.00,122.06
5358,103.00,0.00,106.67
5359,122.00,0.00,83.47
5360,139.00,0.00,56.83
5361,145.00,0.00,29.47
5362,141.00,0.00,7.18
5363,134.00,0.00,0.00
5364,128.00,0.00,0.00
5365,125.00,0.00,0.00
5366,127.00,0.00,0.00
5367,133.00,0.00,0.00
5368,143.00,0.00,0.00
5369,154.00,0.00,0.00
5370,160.00,0.00,0.00
5371,162.00,0.00,0.00
5372,151.00,0.89,0.00
5373,132.00,3.99,0.00
5374,112.00,9.24,7.17
5375,99.00,14.34,24.02
5376,96.60,11.89,48.09
5377,91.35,4.87,74.52
5378,87.15,0.91,90.23
5379,85.05,0.00,83.36
5380,86.10,0.00,96.44
5381,93.45,0.00,97.63
5382,108.15,0.00,84.37
5383,128.10,0.51,65.43
5384,145.95,1.18,38.06
5385,152.25,1.79,18.78
5386,148.05,2.46,4.21
5387,140.70,3.56,0.00
5388,134.40,5.29,0.00
5389,131.25,7.07,0.00
5390,133.35,8.19,0.00
5391,139.65,7.88,0.00
5392,150.15,6.73,0.00
5393,161.70,5.59,0.00
5394,168.00,4.44,0.00
5395,170.10,3.59,0.00
5396,158.55,3.19,0.00
5397,138.60,2.99,0.00
5398,117.60,2.09,6.27
5399,103.95,1.07,22.45
5400,87.40,0.30,44.49
5401,82.65,0.00,61.16
5402,78.85,0.00,85.75
5403,76.95,0.00,102.94
5404,77.90,0.00,99.29
5405,84.55,0.00,101.51
5406,97.85,0.00,95.63
5407,115.90,0.00,75.97
5408,132.05,0.00,50.91
5409,137.75,0.00,24.70
5410,133.95,0.00,6.12
5411,127.30,0.00,0.00
5412,121.60,0.00,0.00
5413,118.75,0.00,0.00
5414,120.65,0.00,0.00
5415,126.35,0.00,0.00
5416,135.85,0.00,0.00
5417,146.30,0.00,0.00
5418,152.00,0.00,0.00
5419,153.90,0.00,0.00
5420,143.45,0.00,0.00
5421,125.40,0.00,0.00
5422,106.40,0.00,7.47
5423,94.05,0.00,26.96
5424,92.00,0.00,51.62
5425,87.00,0.00,83.28
5426,83.00,0.00,99.45
5427,81.00,0.00,113.30
5428,82.00,0.00,106.95
5429,89.00,0.00,114.07
5430,103.00,0.00,98.70
5431,122.00,0.00,80.42
5432,139.00,0.00,52.61
5433,145.00,0.00,26.33
5434,141.00,0.00,5.83
5435,134.00,0.00,0.00
5436,128.00,0.00,0.00
5437,125.00,0.00,0.00
5438,127.00,0.00,0.00
5439,133.00,0.00,0.00
5440,143.00,0.00,0.00
5441,154.00,0.00,0.00
5442,160.00,0.00,0.00
5443,162.00,0.00,0.00
5444,151.00,0.00,0.00
5445,132.00,0.00,0.00
5446,112.00,0.00,8.27
5447,99.00,0.00,32.53
5448,96.60,0.00,61.65
5449,91.35,0.00,89.40
5450,87.15,0.00,110.09
5451,85.05,0.00,116.61
5452,86.10,0.00,123.35
5453,93.45,0.00,117.07
5454,108.15,0.00,105.92
5455,128.10,0.00,82.25
5456,145.95,0.00,56.86
5457,152.25,0.00,27.85
5458,148.05,0.00,5.98
5459,140.70,0.00,0.00
5460,134.40,0.00,0.00
5461,131.25,0.00,0.00
5462,133.35,0.00,0.00
5463,139.65,0.00,0.00
5464,150.15,0.32,0.00
5465,161.70,1.20,0.00
5466,168.00,1.44,0.00
5467,170.10,1.13,0.00
5468,158.55,0.83,0.00
5469,138.60,0.58,0.00
5470,117.60,0.32,8.06
5471,103.95,0.00,31.95
5472,87.40,0.00,58.69
5473,82.65,0.00,84.49
5474,78.85,0.00,109.82
5475,76.95,0.00,117.01
5476,77.90,0.00,130.33
5477,84.55,0.00,126.54
5478,97.85,0.00,109.82
5479,115.90,0.00,86.12
5480,132.05,0.05,57.80
5481,137.75,0.74,27.81
5482,133.95,1.04,6.01
5483,127.30,1.04,0.00
5484,121.60,0.66,0.00
5485,118.75,0.00,0.00
5486,120.65,0.00,0.00
5487,126.35,0.00,0.00
5488,135.85,0.00,0.00
5489,146.30,0.00,0.00
5490,152.00,0.00,0.00
5491,153.90,0.00,0.00
5492,143.45,0.00,0.00
5493,125.40,0.00,0.00
5494,106.40,0.00,6.81
5495,94.05,0.00,24.69
5496,92.00,0.00,47.89
5497,87.00,0.08,76.30
5498,83.00,0.32,98.32
5499,81.00,0.08,111.06
5500,82.00,0.00,114.15
5501,89.00,0.13,104.10
5502,103.00,0.53,103.59
5503,122.00,0.87,77.31
5504,139.00,1.79,52.34
5505,145.00,3.73,25.95
5506,141.00,7.57,5.22
5507,134.00,10.12,0.00
5508,128.00,6.77,0.00
5509,125.00,2.55,0.00
5510,127.00,0.10,0.00
5511,133.00,0.00,0.00
5512,143.00,0.00,0.00
5513,154.00,0.00,0.00
5514,160.00,0.00,0.00
5515,162.00,0.00,0.00
5516,151.00,0.00,0.00
5517,132.00,0.00,0.00
5518,112.00,0.00,6.42
5519,99.00,0.00,22.98
5520,96.60,0.00,45.73
5521,91.35,0.00,63.52
5522,87.15,0.00,102.18
5523,85.05,0.13,115.24
5524,86.10,0.95,132.94
5525,93.45,1.16,124.08
5526,108.15,1.11,112.88
5527,128.10,1.29,87.58
5528,145.95,1.69,61.49
5529,152.25,2.06,29.25
5530,148.05,3.32,5.41
5531,140.70,5.46,0.00
5532,134.40,5.37,0.00
5533,131.25,3.25,0.00
5534,133.35,1.20,0.00
5535,139.65,0.53,0.00
5536,150.15,0.30,0.00
5537,161.70,0.05,0.00
5538,168.00,0.00,0.00
5539,170.10,0.00,0.00
5540,158.55,0.00,0.00
5541,138.60,0.16,0.00
5542,117.60,0.11,6.92
5543,103.95,0.00,28.00
5544,87.40,0.00,56.02
5545,82.65,0.00,84.75
5546,78.85,0.00,109.03
5547,76.95,0.00,123.97
5548,77.90,0.00,126.22
5549,84.55,0.00,120.53
5550,97.85,0.00,106.27
5551,115.90,0.00,84.52
5552,132.05,0.00,55.87
5553,137.75,0.00,26.44
5554,133.95,0.00,4.46
5555,127.30,0.87,0.00
5556,121.60,2.35,0.00
5557,118.75,3.77,0.00
5558,120.65,4.83,0.00
5559,126.35,5.12,0.00
5560,135.85,4.87,0.00
5561,146.30,4.79,0.00
5562,152.00,4.91,0.00
5563,153.90,5.85,0.00
5564,143.45,7.57,0.00
5565,125.40,8.46,0.00
5566,106.40,7.36,2.05
5567,94.05,4.59,9.86
5568,92.00,4.59,18.06
5569,87.00,5.85,32.33
5570,83.00,7.42,43.63
5571,81.00,9.36,40.67
5572,82.00,11.76,41.52
5573,89.00,14.26,15.34
5574,103.00,13.75,12.12
5575,122.00,9.71,8.92
5576,139.00,5.24,4.83
5577,145.00,2.55,2.80
5578,141.00,1.56,0.74
5579,134.00,1.41,0.00
5580,128.00,1.20,0.00
5581,125.00,0.89,0.00
5582,127.00,1.56,0.00
5583,133.00,2.77,0.00
5584,143.00,4.25,0.00
5585,154.00,6.44,0.00
5586,160.00,8.03,0.00
5587,162.00,9.30,0.00
5588,151.00,9.65,0.00
5589,132.00,7.47,0.00
5590,112.00,4.44,5.90
5591,99.00,2.41,23.65
5592,96.60,2.26,47.49
5593,91.35,1.46,74.55
5594,87.15,0.98,92.68
5595,85.05,1.22,107.40
5596,86.10,2.09,135.06
5597,93.45,3.29,129.02
5598,108.15,4.56,115.66
5599,128.10,6.30,93.24
5600,145.95,8.96,65.38
5601,152.25,9.88,33.21
5602,148.05,6.58,5.90
5603,140.70,4.52,0.00
5604,134.40,2.55,0.00
5605,131.25,0.87,0.00
5606,133.35,0.00,0.00
5607,139.65,0.00,0.00
5608,150.15,0.00,0.00
5609,161.70,0.00,0.00
5610,168.00,0.00,0.00
5611,170.10,0.00,0.00
5612,158.55,0.00,0.00
5613,138.60,0.00,0.00
5614,117.60,0.00,7.98
5615,103.95,0.00,32.81
5616,87.40,0.00,59.63
5617,82.65,0.00,86.91
5618,78.85,0.02,114.43
5619,76.95,0.00,127.84
5620,77.90,0.00,140.35
5621,84.55,0.00,134.17
5622,97.85,0.00,119.67
5623,115.90,0.15,95.81
5624,132.05,0.22,66.53
5625,137.75,0.29,34.04
5626,133.95,1.13,5.82
5627,127.30,3.09,0.00
5628,121.60,4.71,0.00
5629,118.75,5.04,0.00
5630,120.65,4.59,0.00
5631,126.35,4.56,0.00
5632,135.85,3.63,0.00
5633,146.30,1.93,0.00
5634,152.00,0.41,0.00
5635,153.90,0.00,0.00
5636,143.45,0.00,0.00
5637,125.40,0.00,0.00
5638,106.40,0.00,8.01
5639,94.05,0.00,33.84
5640,92.00,0.00,64.29
5641,87.00,0.00,92.84
5642,83.00,0.00,113.53
5643,81.00,0.00,122.64
5644,82.00,0.00,118.93
5645,89.00,0.00,115.81
5646,103.00,0.00,100.15
5647,122.00,0.00,81.66
5648,139.00,0.00,53.83
5649,145.00,0.00,25.10
5650,141.00,0.00,3.96
5651,134.00,0.00,0.00
5652,128.00,0.00,0.00
5653,125.00,0.00,0.00
5654,127.00,0.00,0.00
5655,133.00,0.00,0.00
5656,143.00,0.00,0.00
5657,154.00,0.00,0.00
5658,160.00,0.56,0.00
5659,162.00,1.34,0.00
5660,151.00,2.09,0.00
5661,132.00,3.19,0.00
5662,112.00,3.70,3.74
5663,99.00,2.55,17.42
5664,96.60,2.49,34.04
5665,91.35,1.59,43.96
5666,87.15,0.68,61.14
5667,85.05,0.54,66.79
5668,86.10,0.93,53.90
5669,93.45,1.18,63.60
5670,108.15,1.25,67.58
5671,128.10,1.16,59.40
5672,145.95,0.45,36.67
5673,152.25,0.25,18.35
5674,148.05,1.22,2.68
5675,140.70,2.43,0.00
5676,134.40,2.99,0.00
5677,131.25,4.91,0.00
5678,133.35,9.76,0.00
5679,139.65,13.90,0.00
5680,150.15,11.50,0.00
5681,161.70,7.93,0.00
5682,168.00,5.89,0.00
5683,170.10,4.36,0.00
5684,158.55,4.17,0.00
5685,138.60,4.59,0.00
5686,117.60,3.88,4.58
5687,103.95,2.15,19.49
5688,87.40,1.25,40.60
5689,82.65,0.43,55.82
5690,78.85,0.16,83.47
5691,76.95,0.18,103.10
5692,77.90,0.64,108.45
5693,84.55,1.85,104.73
5694,97.85,3.81,82.29
5695,115.90,5.98,64.44
5696,132.05,8.09,39.73
5697,137.75,7.52,18.55
5698,133.95,7.72,2.73
5699,127.30,11.30,0.00
5700,121.60,12.36,0.00
5701,118.75,10.61,0.00
5702,120.65,8.74,0.00
5703,126.35,8.74,0.00
5704,135.85,8.46,0.00
5705,146.30,6.97,0.00
5706,152.00,6.58,0.00
5707,153.90,7.93,0.00
5708,143.45,6.97,0.00
5709,125.40,5.46,0.00
5710,106.40,5.76,1.98
5711,94.05,5.33,8.70
5712,92.00,8.79,12.68
5713,87.00,16.17,16.46
5714,83.00,25.04,21.78
5715,81.00,29.42,19.81
5716,82.00,27.62,18.17
5717,89.00,25.78,23.16
5718,103.00,24.84,26.06
5719,122.00,19.19,19.55
5720,139.00,9.65,11.22
5721,145.00,2.71,6.60
5722,141.00,4.32,1.12
5723,134.00,16.25,0.00
5724,128.00,38.61,0.00
5725,125.00,49.78,0.00
5726,127.00,52.57,0.00
5727,133.00,53.74,0.00
5728,143.00,55.28,0.00
5729,154.00,59.34,0.00
5730,160.00,61.54,0.00
5731,162.00,61.91,0.00
5732,151.00,61.17,0.00
5733,132.00,55.11,0.00
5734,112.00,48.82,2.11
5735,99.00,55.46,9.28
5736,96.60,58.09,18.32
5737,91.35,56.32,29.35
5738,87.15,54.77,45.62
5739,85.05,53.91,50.61
5740,86.10,49.94,55.49
5741,93.45,44.94,59.98
5742,108.15,39.02,61.28
5743,128.10,32.64,50.52
5744,145.95,26.85,29.61
5745,152.25,17.47,13.32
5746,148.05,10.86,1.84
5747,140.70,8.96,0.00
5748,134.40,8.25,0.00
5749,131.25,7.98,0.00
5750,133.35,7.88,0.00
5751,139.65,9.53,0.00
5752,150.15,11.69,0.00
5753,161.70,11.50,0.00
5754,168.00,9.65,0.00
5755,170.10,8.96,0.00
5756,158.55,8.90,0.00
5757,138.60,9.30,0.00
5758,117.60,8.74,6.12
5759,103.95,8.46,26.01
5760,87.40,12.97,51.22
5761,82.65,12.77,70.72
5762,78.85,11.50,84.14
5763,76.95,11.95,85.06
5764,77.90,14.19,81.92
5765,84.55,16.82,79.22
5766,97.85,19.63,85.98
5767,115.90,21.95,69.83
5768,132.05,23.21,44.45
5769,137.75,20.36,20.94
5770,133.95,16.33,3.03
5771,127.30,18.23,0.00
5772,121.60,20.26,0.00
5773,118.75,16.57,0.00
5774,120.65,13.11,0.00
5775,126.35,11.76,0.00
5776,135.85,11.50,0.00
5777,146.30,12.63,0.00
5778,152.00,12.56,0.00
5779,153.90,11.50,0.00
5780,143.45,10.24,0.00
5781,125.40,8.68,0.00
5782,106.40,7.02,4.46
5783,94.05,3.84,23.08
5784,92.00,7.12,45.21
5785,87.00,15.62,63.18
5786,83.00,13.25,75.43
5787,81.00,10.49,72.23
5788,82.00,9.07,98.91
5789,89.00,8.52,82.62
5790,103.00,8.35,58.87
5791,122.00,8.25,44.94
5792,139.00,8.09,30.68
5793,145.00,5.50,14.97
5794,141.00,3.59,1.93
5795,134.00,2.68,0.00
5796,128.00,2.18,0.00
5797,125.00,1.54,0.00
5798,127.00,0.98,0.00
5799,133.00,0.74,0.00
5800,143.00,0.76,0.00
5801,154.00,0.81,0.00
5802,160.00,0.81,0.00
5803,162.00,0.72,0.00
5804,151.00,0.62,0.00
5805,132.00,0.41,0.00
5806,112.00,0.32,6.92
5807,99.00,0.39,34.24
5808,96.60,2.15,65.84
5809,91.35,4.59,95.73
5810,87.15,5.63,118.53
5811,85.05,5.24,133.16
5812,86.10,4.29,140.18
5813,93.45,3.52,134.52
5814,108.15,3.09,117.42
5815,128.10,2.93,93.84
5816,145.95,2.89,63.27
5817,152.25,2.71,30.09
5818,148.05,2.29,3.68
5819,140.70,2.04,0.00
5820,134.40,1.54,0.00
5821,131.25,1.72,0.00
5822,133.35,3.49,0.00
5823,139.65,8.03,0.00
5824,150.15,12.22,0.00
5825,161.70,11.56,0.00
5826,168.00,6.97,0.00
5827,170.10,2.93,0.00
5828,158.55,1.61,0.00
5829,138.60,1.64,0.00
5830,117.60,2.06,8.10
5831,103.95,2.06,37.83
5832,87.40,4.17,70.53
5833,82.65,6.12,100.43
5834,78.85,7.67,123.47
5835,76.95,8.41,137.01
5836,77.90,8.46,142.54
5837,84.55,7.36,135.46
5838,97.85,5.59,118.76
5839,115.90,3.95,94.10
5840,132.05,2.96,62.45
5841,137.75,2.61,29.19
5842,133.95,2.80,3.34
5843,127.30,4.21,0.00
5844,121.60,5.85,0.00
5845,118.75,6.68,0.00
5846,120.65,7.17,0.00
5847,126.35,10.06,0.00
5848,135.85,13.11,0.00
5849,146.30,15.70,0.00
5850,152.00,16.90,0.00
5851,153.90,16.33,0.00
5852,143.45,15.31,0.00
5853,125.40,15.01,0.00
5854,106.40,13.82,3.88
5855,94.05,5.63,20.03
5856,92.00,5.24,41.38
5857,87.00,7.12,68.99
5858,83.00,7.98,86.27
5859,81.00,10.43,95.22
5860,82.00,12.22,110.22
5861,89.00,11.89,103.59
5862,103.00,10.36,79.16
5863,122.00,8.79,49.51
5864,139.00,8.14,30.81
5865,145.00,5.50,14.56
5866,141.00,3.77,1.15
5867,134.00,3.25,0.00
5868,128.00,3.12,0.00
5869,125.00,3.02,0.00
5870,127.00,2.68,0.00
5871,133.00,2.86,0.00
5872,143.00,3.09,0.00
5873,154.00,3.66,0.00
5874,160.00,4.17,0.00
5875,162.00,4.56,0.00
5876,151.00,5.08,0.00
5877,132.00,6.03,0.00
5878,112.00,6.40,1.78
5879,99.00,3.88,11.61
5880,96.60,2.80,22.93
5881,91.35,2.43,32.53
5882,87.15,1.02,47.90
5883,85.05,0.38,52.98
5884,86.10,0.47,55.32
5885,93.45,1.20,47.14
5886,108.15,2.04,31.76
5887,128.10,2.49,24.75
5888,145.95,2.89,18.86
5889,152.25,3.15,8.34
5890,148.05,3.49,0.89
5891,140.70,2.86,0.00
5892,134.40,0.89,0.00
5893,131.25,0.00,0.00
5894,133.35,0.00,0.00
5895,139.65,0.00,0.00
5896,150.15,0.00,0.00
5897,161.70,0.00,0.00
5898,168.00,0.54,0.00
5899,170.10,2.38,0.00
5900,158.55,3.56,0.00
5901,138.60,3.49,0.00
5902,117.60,2.71,2.10
5903,103.95,1.04,13.49
5904,87.40,1.09,29.58
5905,82.65,1.54,49.76
5906,78.85,1.44,72.50
5907,76.95,2.46,86.76
5908,77.90,5.00,91.27
5909,84.55,7.88,84.85
5910,97.85,9.94,72.42
5911,115.90,9.94,57.47
5912,132.05,7.52,36.70
5913,137.75,3.91,16.22
5914,133.95,0.93,1.91
5915,127.30,0.00,0.00
5916,121.60,0.00,0.00
5917,118.75,0.00,0.00
5918,120.65,0.06,0.00
5919,126.35,2.49,0.00
5920,135.85,5.12,0.00
5921,146.30,7.72,0.00
5922,152.00,9.88,0.00
5923,153.90,11.76,0.00
5924,143.45,12.90,0.00
5925,125.40,12.63,0.00
5926,106.40,10.00,5.90
5927,94.05,3.88,31.53
5928,92.00,3.84,64.43
5929,87.00,3.63,92.56
5930,83.00,3.70,113.82
5931,81.00,4.56,124.44
5932,82.00,5.08,112.33
5933,89.00,5.16,107.48
5934,103.00,5.16,89.01
5935,122.00,5.54,70.17
5936,139.00,6.30,39.05
5937,145.00,6.63,16.27
5938,141.00,6.35,1.38
5939,134.00,8.19,0.00
5940,128.00,10.49,0.00
5941,125.00,10.92,0.00
5942,127.00,9.71,0.00
5943,133.00,8.63,0.00
5944,143.00,7.72,0.00
5945,154.00,7.17,0.00
5946,160.00,7.26,0.00
5947,162.00,7.77,0.00
5948,151.00,7.98,0.00
5949,132.00,7.47,0.00
5950,112.00,5.85,5.90
5951,99.00,3.63,32.07
5952,96.60,5.46,63.90
5953,91.35,5.81,92.19
5954,87.15,5.67,113.02
5955,85.05,4.91,124.97
5956,86.10,3.70,113.23
5957,93.45,2.61,106.28
5958,108.15,1.77,83.92
5959,128.10,1.46,61.29
5960,145.95,1.54,36.90
5961,152.25,1.79,15.00
5962,148.05,2.32,1.31
5963,140.70,3.25,0.00
5964,134.40,3.59,0.00
5965,131.25,3.19,0.00
5966,133.35,2.41,0.00
5967,139.65,1.98,0.00
5968,150.15,2.09,0.00
5969,161.70,2.49,0.00
5970,168.00,3.15,0.00
5971,170.10,4.17,0.00
5972,158.55,5.54,0.00
5973,138.60,5.94,0.00
5974,117.60,5.29,4.65
5975,103.95,3.39,28.20
5976,87.40,4.87,58.78
5977,82.65,4.10,88.09
5978,78.85,3.15,110.46
5979,76.95,2.49,122.18
5980,77.90,2.09,125.40
5981,84.55,1.93,117.04
5982,97.85,1.95,103.30
5983,115.90,2.01,80.94
5984,132.05,1.93,51.26
5985,137.75,1.90,21.69
5986,133.95,2.38,1.81
5987,127.30,3.22,0.00
5988,121.60,2.80,0.00
5989,118.75,1.49,0.00
5990,120.65,0.11,0.00
5991,126.35,0.00,0.00
5992,135.85,0.00,0.00
5993,146.30,0.00,0.00
5994,152.00,0.00,0.00
5995,153.90,0.34,0.00
5996,143.45,1.11,0.00
5997,125.40,1.72,0.00
5998,106.40,1.72,5.29
5999,94.05,0.54,29.99
6000,92.00,0.08,60.89
6001,87.00,0.00,89.17
6002,83.00,0.06,110.98
6003,81.00,0.00,123.79
6004,82.00,0.00,130.21
6005,89.00,0.00,120.74
6006,103.00,0.00,104.95
6007,122.00,0.00,81.57
6008,139.00,0.00,50.99
6009,145.00,0.43,21.54
6010,141.00,2.55,1.69
6011,134.00,6.03,0.00
6012,128.00,7.77,0.00
6013,125.00,6.58,0.00
6014,127.00,4.06,0.00
6015,133.00,2.41,0.00
6016,143.00,1.49,0.00
6017,154.00,1.09,0.00
6018,160.00,1.16,0.00
6019,162.00,1.82,0.00
6020,151.00,2.52,0.00
6021,132.00,2.71,0.00
6022,112.00,2.61,5.42
6023,99.00,1.07,30.88
6024,96.60,0.00,61.52
6025,91.35,0.00,89.74
6026,87.15,0.00,111.76
6027,85.05,0.00,124.81
6028,86.10,0.00,129.34
6029,93.45,0.00,119.50
6030,108.15,0.00,105.45
6031,128.10,0.00,80.94
6032,145.95,0.20,51.08
6033,152.25,1.90,20.90
6034,148.05,6.82,1.54
6035,140.70,12.77,0.00
6036,134.40,13.68,0.00
6037,131.25,12.56,0.00
6038,133.35,11.69,0.00
6039,139.65,10.55,0.00
6040,150.15,8.79,0.00
6041,161.70,6.49,0.00
6042,168.00,3.99,0.00
6043,170.10,2.55,0.00
6044,158.55,3.02,0.00
6045,138.60,4.67,0.00
6046,117.60,4.75,4.88
6047,103.95,0.66,27.75
6048,87.40,0.00,55.56
6049,82.65,0.00,80.70
6050,78.85,0.00,91.73
6051,76.95,0.00,105.91
6052,77.90,0.00,120.88
6053,84.55,0.00,108.62
6054,97.85,0.00,80.58
6055,115.90,0.54,60.57
6056,132.05,1.54,36.36
6057,137.75,4.71,16.09
6058,133.95,12.56,1.30
6059,127.30,16.90,0.00
6060,121.60,15.39,0.00
6061,118.75,11.69,0.00
6062,120.65,9.30,0.00
6063,126.35,8.30,0.00
6064,135.85,3.95,0.00
6065,146.30,1.77,0.00
6066,152.00,2.41,0.00
6067,153.90,1.74,0.00
6068,143.45,0.29,0.00
6069,125.40,0.00,0.00
6070,106.40,0.00,3.20
6071,94.05,0.00,21.68
6072,92.00,0.00,41.80
6073,87.00,0.00,63.18
6074,83.00,0.00,75.84
6075,81.00,0.00,79.93
6076,82.00,0.00,66.95
6077,89.00,0.00,69.78
6078,103.00,0.00,49.88
6079,122.00,0.00,25.98
6080,139.00,0.00,15.27
6081,145.00,2.12,6.26
6082,141.00,11.95,0.59
6083,134.00,17.14,0.00
6084,128.00,14.19,0.00
6085,125.00,10.98,0.00
6086,127.00,9.71,0.00
6087,133.00,8.63,0.00
6088,143.00,8.25,0.00
6089,154.00,7.17,0.00
6090,160.00,6.35,0.00
6091,162.00,6.44,0.00
6092,151.00,8.25,0.00
6093,132.00,9.76,0.00
6094,112.00,9.94,1.75
6095,99.00,9.24,8.69
6096,96.60,12.42,16.29
6097,91.35,12.90,22.54
6098,87.15,10.30,31.37
6099,85.05,7.17,30.54
6100,86.10,5.37,29.36
6101,93.45,4.91,20.28
6102,108.15,6.26,15.83
6103,128.10,9.30,12.30
6104,145.95,10.92,8.03
6105,152.25,9.94,3.61
6106,148.05,14.78,0.36
6107,140.70,22.53,0.00
6108,134.40,30.71,0.00
6109,131.25,23.71,0.00
6110,133.35,22.33,0.00
6111,139.65,20.45,0.00
6112,150.15,22.24,0.00
6113,161.70,26.31,0.00
6114,168.00,28.63,0.00
6115,170.10,26.63,0.00
6116,158.55,23.61,0.00
6117,138.60,21.95,0.00
6118,117.60,22.33,0.88
6119,103.95,24.12,6.66
6120,87.40,27.40,16.45
6121,82.65,25.88,28.18
6122,78.85,22.53,40.31
6123,76.95,20.72,46.70
6124,77.90,21.00,47.06
6125,84.55,21.38,47.77
6126,97.85,19.81,45.88
6127,115.90,18.15,29.39
6128,132.05,14.86,17.20
6129,137.75,10.49,6.76
6130,133.95,10.86,0.52
6131,127.30,12.42,0.00
6132,121.60,12.56,0.00
6133,118.75,11.30,0.00
6134,120.65,9.02,0.00
6135,126.35,6.49,0.00
6136,135.85,4.59,0.00
6137,146.30,3.25,0.00
6138,152.00,3.25,0.00
6139,153.90,6.17,0.00
6140,143.45,9.07,0.00
6141,125.40,8.57,0.00
6142,106.40,6.87,2.80
6143,94.05,2.99,17.54
6144,92.00,1.44,33.33
6145,87.00,0.38,54.36
6146,83.00,0.00,69.84
6147,81.00,0.00,76.15
6148,82.00,0.00,78.60
6149,89.00,0.23,73.74
6150,103.00,0.64,67.36
6151,122.00,1.13,44.27
6152,139.00,1.93,25.06
6153,145.00,2.83,11.09
6154,141.00,4.52,0.74
6155,134.00,5.81,0.00
6156,128.00,5.08,0.00
6157,125.00,3.95,0.00
6158,127.00,2.52,0.00
6159,133.00,0.66,0.00
6160,143.00,0.00,0.00
6161,154.00,0.00,0.00
6162,160.00,0.00,0.00
6163,162.00,0.00,0.00
6164,151.00,0.00,0.00
6165,132.00,0.00,0.00
6166,112.00,0.00,3.86
6167,99.00,0.00,23.49
6168,96.60,0.00,47.07
6169,91.35,0.00,75.18
6170,87.15,0.00,94.34
6171,85.05,0.00,105.29
6172,86.10,0.00,110.74
6173,93.45,0.00,106.98
6174,108.15,0.00,93.95
6175,128.10,0.00,74.67
6176,145.95,0.00,46.22
6177,152.25,0.00,17.91
6178,148.05,0.00,0.91
6179,140.70,3.22,0.00
6180,134.40,8.14,0.00
6181,131.25,10.86,0.00
6182,133.35,9.76,0.00
6183,139.65,6.82,0.00
6184,150.15,4.02,0.00
6185,161.70,2.15,0.00
6186,168.00,1.16,0.00
6187,170.10,0.76,0.00
6188,158.55,0.66,0.00
6189,138.60,0.54,0.00
6190,117.60,0.30,4.40
6191,103.95,0.00,28.74
6192,87.40,0.00,55.44
6193,82.65,0.00,80.82
6194,78.85,0.00,96.71
6195,76.95,0.00,118.89
6196,77.90,0.00,122.05
6197,84.55,0.00,116.48
6198,97.85,0.00,92.67
6199,115.90,0.00,74.97
6200,132.05,0.00,43.88
6201,137.75,0.00,16.23
6202,133.95,3.59,0.77
6203,127.30,10.06,0.00
6204,121.60,14.48,0.00
6205,118.75,15.08,0.00
6206,120.65,13.18,0.00
6207,126.35,11.30,0.00
6208,135.85,9.88,0.00
6209,146.30,8.68,0.00
6210,152.00,7.67,0.00
6211,153.90,6.87,0.00
6212,143.45,6.58,0.00
6213,125.40,6.44,0.00
6214,106.40,5.76,4.36
6215,94.05,2.15,28.11
6216,92.00,1.49,56.69
6217,87.00,1.49,84.01
6218,83.00,1.37,99.91
6219,81.00,1.72,106.77
6220,82.00,2.15,118.20
6221,89.00,1.82,109.54
6222,103.00,1.18,91.26
6223,122.00,0.74,69.56
6224,139.00,0.93,42.04
6225,145.00,2.52,14.91
6226,141.00,7.88,0.68
6227,134.00,14.48,0.00
6228,128.00,16.82,0.00
6229,125.00,15.62,0.00
6230,127.00,13.61,0.00
6231,133.00,12.83,0.00
6232,143.00,12.09,0.00
6233,154.00,10.00,0.00
6234,160.00,7.77,0.00
6235,162.00,6.73,0.00
6236,151.00,7.21,0.00
6237,132.00,7.98,0.00
6238,112.00,7.98,3.60
6239,99.00,4.96,25.00
6240,96.60,5.81,52.38
6241,91.35,7.07,80.10
6242,87.15,4.52,93.04
6243,85.05,3.02,109.33
6244,86.10,3.12,109.17
6245,93.45,3.22,89.13
6246,108.15,2.77,63.32
6247,128.10,2.04,44.77
6248,145.95,1.93,21.16
6249,152.25,2.61,8.66
6250,148.05,3.73,0.44
6251,140.70,5.67,0.00
6252,134.40,7.88,0.00
6253,131.25,9.30,0.00
6254,133.35,9.47,0.00
6255,139.65,9.19,0.00
6256,150.15,9.07,0.00
6257,161.70,10.49,0.00
6258,168.00,13.11,0.00
6259,170.10,14.41,0.00
6260,158.55,13.25,0.00
6261,138.60,10.06,0.00
6262,117.60,8.14,1.84
6263,103.95,6.12,22.09
6264,87.40,3.49,42.00
6265,82.65,2.99,65.42
6266,78.85,4.21,84.23
6267,76.95,8.68,102.81
6268,77.90,11.95,113.81
6269,84.55,11.69,97.44
6270,97.85,12.56,88.21
6271,115.90,13.25,63.94
6272,132.05,12.49,36.21
6273,137.75,12.77,12.64
6274,133.95,18.58,0.49
6275,127.30,23.02,0.00
6276,121.60,22.33,0.00
6277,118.75,22.82,0.00
6278,120.65,24.22,0.00
6279,126.35,24.42,0.00
6280,135.85,21.19,0.00
6281,146.30,12.90,0.00
6282,152.00,14.41,0.00
6283,153.90,22.92,0.00
6284,143.45,28.63,0.00
6285,125.40,41.70,0.00
6286,106.40,47.87,0.64
6287,94.05,55.28,5.14
6288,92.00,53.74,10.64
6289,87.00,42.13,17.44
6290,83.00,26.74,29.60
6291,81.00,15.62,30.28
6292,82.00,10.30,28.15
6293,89.00,8.85,30.40
6294,103.00,9.24,18.74
6295,122.00,11.63,14.07
6296,139.00,18.66,8.52
6297,145.00,27.73,1.74
6298,141.00,33.01,0.14
6299,134.00,33.76,0.00
6300,128.00,32.52,0.00
6301,125.00,27.51,0.00
6302,127.00,17.47,0.00
6303,133.00,12.09,0.00
6304,143.00,11.69,0.00
6305,154.00,11.89,0.00
6306,160.00,11.11,0.00
6307,162.00,11.63,0.00
6308,151.00,13.75,0.00
6309,132.00,15.08,0.00
6310,112.00,15.47,0.50
6311,99.00,15.78,5.67
6312,96.60,16.74,14.93
6313,91.35,12.83,20.24
6314,87.15,9.65,20.79
6315,85.05,7.21,18.96
6316,86.10,5.12,16.00
6317,93.45,4.87,16.29
6318,108.15,7.02,15.79
6319,128.10,9.88,12.12
6320,145.95,10.49,13.71
6321,152.25,8.46,6.01
6322,148.05,7.36,0.00
6323,140.70,6.54,0.00
6324,134.40,5.81,0.00
6325,131.25,5.33,0.00
6326,133.35,4.79,0.00
6327,139.65,4.52,0.00
6328,150.15,4.63,0.00
6329,161.70,4.48,0.00
6330,168.00,3.45,0.00
6331,170.10,1.82,0.00
6332,158.55,0.64,0.00
6333,138.60,0.13,0.00
6334,117.60,0.00,1.60
6335,103.95,0.00,10.62
6336,87.40,0.00,23.03
6337,82.65,0.00,25.91
6338,78.85,0.00,49.26
6339,76.95,0.00,51.76
6340,77.90,0.00,39.76
6341,84.55,0.00,51.97
6342,97.85,0.00,32.72
6343,115.90,0.00,24.23
6344,132.05,0.00,12.87
6345,137.75,0.13,5.13
6346,133.95,0.76,0.00
6347,127.30,0.23,0.00
6348,121.60,0.00,0.00
6349,118.75,0.13,0.00
6350,120.65,0.32,0.00
6351,126.35,0.00,0.00
6352,135.85,0.00,0.00
6353,146.30,0.00,0.00
6354,152.00,0.00,0.00
6355,153.90,0.39,0.00
6356,143.45,0.18,0.00
6357,125.40,0.58,0.00
6358,106.40,2.23,0.63
6359,94.05,2.43,4.49
6360,92.00,2.29,11.46
6361,87.00,3.25,17.24
6362,83.00,3.39,32.92
6363,81.00,1.95,34.17
6364,82.00,0.20,30.66
6365,89.00,0.00,32.07
6366,103.00,0.00,27.35
6367,122.00,0.00,20.44
6368,139.00,0.00,11.74
6369,145.00,0.76,4.05
6370,141.00,5.85,0.00
6371,134.00,8.03,0.00
6372,128.00,6.77,0.00
6373,125.00,5.67,0.00
6374,127.00,6.35,0.00
6375,133.00,7.07,0.00
6376,143.00,8.25,0.00
6377,154.00,9.65,0.00
6378,160.00,8.90,0.00
6379,162.00,8.03,0.00
6380,151.00,7.31,0.00
6381,132.00,6.30,0.00
6382,112.00,5.24,1.76
6383,99.00,3.49,9.27
6384,96.60,1.87,21.34
6385,91.35,0.60,26.97
6386,87.15,0.00,46.46
6387,85.05,0.00,73.74
6388,86.10,0.00,83.90
6389,93.45,0.00,72.35
6390,108.15,0.00,58.23
6391,128.10,0.00,35.21
6392,145.95,0.00,20.80
6393,152.25,0.00,7.41
6394,148.05,0.00,0.00
6395,140.70,1.98,0.00
6396,134.40,4.59,0.00
6397,131.25,5.72,0.00
6398,133.35,4.87,0.00
6399,139.65,3.66,0.00
6400,150.15,3.22,0.00
6401,161.70,2.86,0.00
6402,168.00,2.86,0.00
6403,170.10,3.32,0.00
6404,158.55,4.21,0.00
6405,138.60,4.44,0.00
6406,117.60,3.99,1.54
6407,103.95,1.87,9.10
6408,87.40,0.27,19.39
6409,82.65,0.00,28.29
6410,78.85,0.00,44.30
6411,76.95,0.00,49.15
6412,77.90,0.00,52.25
6413,84.55,0.00,51.21
6414,97.85,0.00,33.78
6415,115.90,0.00,23.23
6416,132.05,0.00,12.51
6417,137.75,1.29,4.37
6418,133.95,6.77,0.00
6419,127.30,14.04,0.00
6420,121.60,15.47,0.00
6421,118.75,13.82,0.00
6422,120.65,11.11,0.00
6423,126.35,9.71,0.00
6424,135.85,8.79,0.00
6425,146.30,7.88,0.00
6426,152.00,6.82,0.00
6427,153.90,5.76,0.00
6428,143.45,5.00,0.00
6429,125.40,4.17,0.00
6430,106.40,3.12,1.09
6431,94.05,0.00,6.28
6432,92.00,0.00,16.71
6433,87.00,0.00,28.81
6434,83.00,0.00,35.42
6435,81.00,0.00,36.17
6436,82.00,0.00,37.45
6437,89.00,0.00,33.85
6438,103.00,0.00,31.51
6439,122.00,0.41,29.33
6440,139.00,2.55,13.92
6441,145.00,5.72,4.14
6442,141.00,10.36,0.00
6443,134.00,14.26,0.00
6444,128.00,13.25,0.00
6445,125.00,9.71,0.00
6446,127.00,6.40,0.00
6447,133.00,4.44,0.00
6448,143.00,3.81,0.00
6449,154.00,3.63,0.00
6450,160.00,3.66,0.00
6451,162.00,3.35,0.00
6452,151.00,2.52,0.00
6453,132.00,1.37,0.00
6454,112.00,0.00,1.62
6455,99.00,0.00,9.08
6456,96.60,0.00,21.85
6457,91.35,0.00,34.98
6458,87.15,0.00,54.16
6459,85.05,0.00,66.69
6460,86.10,0.00,68.67
6461,93.45,0.00,58.96
6462,108.15,0.00,41.57
6463,128.10,0.00,25.24
6464,145.95,0.00,15.39
6465,152.25,0.66,5.34
6466,148.05,5.20,0.00
6467,140.70,11.95,0.00
6468,134.40,13.18,0.00
6469,131.25,10.43,0.00
6470,133.35,7.26,0.00
6471,139.65,6.12,0.00
6472,150.15,6.54,0.00
6473,161.70,7.57,0.00
6474,168.00,8.68,0.00
6475,170.10,9.24,0.00
6476,158.55,9.07,0.00
6477,138.60,8.35,0.00
6478,117.60,7.57,1.23
6479,103.95,5.08,8.67
6480,87.40,3.15,21.89
6481,82.65,0.00,36.07
6482,78.85,0.00,51.05
6483,76.95,0.00,67.12
6484,77.90,0.00,80.11
6485,84.55,0.00,76.54
6486,97.85,0.00,55.19
6487,115.90,0.00,33.16
6488,132.05,0.00,19.68
6489,137.75,0.00,5.97
6490,133.95,2.20,0.00
6491,127.30,7.98,0.00
6492,121.60,11.76,0.00
6493,118.75,10.92,0.00
6494,120.65,8.25,0.00
6495,126.35,5.89,0.00
6496,135.85,4.44,0.00
6497,146.30,3.88,0.00
6498,152.00,3.59,0.00
6499,153.90,3.19,0.00
6500,143.45,2.80,0.00
6501,125.40,2.49,0.00
6502,106.40,2.80,1.70
6503,94.05,1.87,11.57
6504,92.00,0.00,21.91
6505,87.00,0.00,31.64
6506,83.00,0.00,43.08
6507,81.00,0.08,68.40
6508,82.00,0.83,95.82
6509,89.00,1.98,64.35
6510,103.00,2.93,48.77
6511,122.00,3.49,34.29
6512,139.00,4.48,18.72
6513,145.00,8.09,4.24
6514,141.00,15.55,0.00
6515,134.00,18.66,0.00
6516,128.00,16.09,0.00
6517,125.00,13.04,0.00
6518,127.00,9.36,0.00
6519,133.00,7.12,0.00
6520,143.00,6.21,0.00
6521,154.00,6.03,0.00
6522,160.00,5.81,0.00
6523,162.00,5.33,0.00
6524,151.00,4.67,0.00
6525,132.00,3.88,0.00
6526,112.00,3.63,0.86
6527,99.00,2.68,7.74
6528,96.60,2.52,16.87
6529,91.35,1.77,25.09
6530,87.15,1.25,31.10
6531,85.05,1.49,32.28
6532,86.10,2.61,47.98
6533,93.45,4.40,43.66
6534,108.15,6.49,34.35
6535,128.10,8.03,30.89
6536,145.95,10.43,16.47
6537,152.25,9.36,3.36
6538,148.05,8.03,0.00
6539,140.70,7.62,0.00
6540,134.40,6.87,0.00
6541,131.25,6.12,0.00
6542,133.35,7.36,0.00
6543,139.65,10.24,0.00
6544,150.15,10.18,0.00
6545,161.70,9.59,0.00
6546,168.00,9.02,0.00
6547,170.10,8.35,0.00
6548,158.55,9.19,0.00
6549,138.60,10.12,0.00
6550,117.60,10.67,1.20
6551,103.95,8.68,11.60
6552,87.40,9.47,25.02
6553,82.65,13.90,39.24
6554,78.85,14.19,58.97
6555,76.95,12.15,56.55
6556,77.90,10.06,68.11
6557,84.55,9.02,59.76
6558,97.85,7.02,43.52
6559,115.90,5.29,18.69
6560,132.05,5.16,10.74
6561,137.75,5.67,2.43
6562,133.95,5.54,0.00
6563,127.30,4.91,0.00
6564,121.60,3.45,0.00
6565,118.75,2.12,0.00
6566,120.65,1.41,0.00
6567,126.35,1.18,0.00
6568,135.85,1.39,0.00
6569,146.30,1.39,0.00
6570,152.00,1.85,0.00
6571,153.90,3.73,0.00
6572,143.45,6.35,0.00
6573,125.40,7.77,0.00
6574,106.40,8.35,0.69
6575,94.05,7.07,6.25
6576,92.00,8.68,13.25
6577,87.00,7.72,21.40
6578,83.00,5.67,39.12
6579,81.00,3.91,38.32
6580,82.00,2.74,28.68
6581,89.00,2.09,23.55
6582,103.00,1.61,19.94
6583,122.00,1.82,10.47
6584,139.00,3.39,6.40
6585,145.00,5.67,1.82
6586,141.00,7.88,0.00
6587,134.00,8.68,0.00
6588,128.00,7.62,0.00
6589,125.00,5.98,0.00
6590,127.00,4.29,0.00
6591,133.00,3.73,0.00
6592,143.00,3.77,0.00
6593,154.00,3.49,0.00
6594,160.00,3.12,0.00
6595,162.00,3.42,0.00
6596,151.00,4.32,0.00
6597,132.00,5.24,0.00
6598,112.00,5.46,0.56
6599,99.00,4.59,3.28
6600,96.60,2.99,8.14
6601,91.35,1.37,17.16
6602,87.15,0.66,28.96
6603,85.05,0.70,24.78
6604,86.10,1.00,24.97
6605,93.45,1.32,31.15
6606,108.15,1.85,22.92
6607,128.10,2.71,18.61
6608,145.95,4.13,9.00
6609,152.25,5.63,2.07
6610,148.05,7.98,0.00
6611,140.70,9.71,0.00
6612,134.40,8.46,0.00
6613,131.25,6.35,0.00
6614,133.35,4.32,0.00
6615,139.65,3.15,0.00
6616,150.15,2.74,0.00
6617,161.70,3.15,0.00
6618,168.00,4.25,0.00
6619,170.10,5.33,0.00
6620,158.55,5.00,0.00
6621,138.60,3.56,0.00
6622,117.60,2.12,0.64
6623,103.95,0.51,5.09
6624,87.40,0.00,10.96
6625,82.65,0.00,18.90
6626,78.85,0.05,15.23
6627,76.95,0.10,11.32
6628,77.90,0.30,13.03
6629,84.55,1.64,16.37
6630,97.85,5.20,11.35
6631,115.90,10.98,6.08
6632,132.05,17.56,3.22
6633,137.75,19.28,0.43
6634,133.95,19.01,0.00
6635,127.30,20.91,0.00
6636,121.60,21.00,0.00
6637,118.75,18.58,0.00
6638,120.65,15.55,0.00
6639,126.35,16.41,0.00
6640,135.85,17.47,0.00
6641,146.30,17.89,0.00
6642,152.00,18.15,0.00
6643,153.90,17.73,0.00
6644,143.45,17.23,0.00
6645,125.40,15.31,0.00
6646,106.40,13.97,1.15
6647,94.05,10.55,12.22
6648,92.00,13.82,27.38
6649,87.00,23.51,47.15
6650,83.00,28.51,61.75
6651,81.00,25.25,68.85
6652,82.00,19.10,46.16
6653,89.00,14.26,55.30
6654,103.00,12.83,47.01
6655,122.00,14.19,34.96
6656,139.00,18.84,17.01
6657,145.00,23.92,4.00
6658,141.00,33.38,0.00
6659,134.00,37.93,0.00
6660,128.00,28.97,0.00
6661,125.00,19.37,0.00
6662,127.00,19.10,0.00
6663,133.00,21.85,0.00
6664,143.00,23.81,0.00
6665,154.00,24.42,0.00
6666,160.00,24.22,0.00
6667,162.00,23.41,0.00
6668,151.00,25.88,0.00
6669,132.00,24.42,0.00
6670,112.00,22.04,1.66
6671,99.00,20.08,14.32
6672,96.60,24.63,33.01
6673,91.35,19.90,55.95
6674,87.15,13.11,79.75
6675,85.05,9.65,95.47
6676,86.10,7.98,99.74
6677,93.45,8.19,83.52
6678,108.15,11.63,62.64
6679,128.10,19.72,32.68
6680,145.95,24.32,21.59
6681,152.25,24.12,4.52
6682,148.05,25.57,0.00
6683,140.70,25.67,0.00
6684,134.40,22.72,0.00
6685,131.25,21.28,0.00
6686,133.35,20.36,0.00
6687,139.65,21.19,0.00
6688,150.15,20.72,0.00
6689,161.70,18.66,0.00
6690,168.00,17.31,0.00
6691,170.10,13.97,0.00
6692,158.55,10.12,0.00
6693,138.60,9.88,0.00
6694,117.60,11.69,0.60
6695,103.95,10.49,7.54
6696,87.40,8.09,15.24
6697,82.65,5.76,20.47
6698,78.85,4.40,30.50
6699,76.95,4.67,35.02
6700,77.90,6.73,23.90
6701,84.55,9.82,30.53
6702,97.85,13.61,22.76
6703,115.90,15.55,17.02
6704,132.05,15.24,12.39
6705,137.75,12.97,2.46
6706,133.95,14.11,0.00
6707,127.30,14.11,0.00
6708,121.60,11.50,0.00
6709,118.75,10.24,0.00
6710,120.65,8.90,0.00
6711,126.35,8.74,0.00
6712,135.85,8.46,0.00
6713,146.30,7.62,0.00
6714,152.00,6.49,0.00
6715,153.90,5.81,0.00
6716,143.45,5.50,0.00
6717,125.40,4.40,0.00
6718,106.40,2.52,1.71
6719,94.05,0.43,17.16
6720,92.00,0.00,39.55
6721,87.00,0.00,67.59
6722,83.00,0.00,77.63
6723,81.00,0.47,80.96
6724,82.00,0.51,75.69
6725,89.00,0.41,63.54
6726,103.00,0.76,45.63
6727,122.00,1.79,36.83
6728,139.00,3.22,20.58
6729,145.00,3.22,4.88
6730,141.00,3.52,0.00
6731,134.00,6.12,0.00
6732,128.00,9.24,0.00
6733,125.00,7.77,0.00
6734,127.00,4.59,0.00
6735,133.00,4.52,0.00
6736,143.00,6.17,0.00
6737,154.00,5.72,0.00
6738,160.00,3.66,0.00
6739,162.00,2.61,0.00
6740,151.00,2.09,0.00
6741,132.00,0.95,0.00
6742,112.00,1.49,1.45
6743,99.00,1.77,14.99
6744,96.60,0.85,32.87
6745,91.35,1.34,48.53
6746,87.15,2.18,70.91
6747,85.05,2.06,81.59
6748,86.10,1.27,77.06
6749,93.45,1.22,73.66
6750,108.15,1.85,65.15
6751,128.10,3.12,43.24
6752,145.95,4.29,20.64
6753,152.25,3.63,4.24
6754,148.05,2.99,0.00
6755,140.70,2.83,0.00
6756,134.40,3.29,0.00
6757,131.25,3.88,0.00
6758,133.35,3.88,0.00
6759,139.65,3.05,0.00
6760,150.15,1.59,0.00
6761,161.70,0.51,0.00
6762,168.00,0.47,0.00
6763,170.10,1.27,0.00
6764,158.55,1.93,0.00
6765,138.60,2.32,0.00
6766,117.60,2.46,0.73
6767,103.95,2.12,6.98
6768,87.40,0.68,13.36
6769,82.65,1.56,20.57
6770,78.85,2.43,31.58
6771,76.95,2.04,37.68
6772,77.90,1.04,30.96
6773,84.55,0.41,25.12
6774,97.85,0.47,25.74
6775,115.90,0.39,24.45
6776,132.05,0.54,12.16
6777,137.75,0.36,2.68
6778,133.95,0.00,0.00
6779,127.30,0.00,0.00
6780,121.60,0.00,0.00
6781,118.75,0.00,0.00
6782,120.65,0.00,0.00
6783,126.35,0.00,0.00
6784,135.85,0.00,0.00
6785,146.30,0.00,0.00
6786,152.00,0.00,0.00
6787,153.90,0.00,0.00
6788,143.45,0.00,0.00
6789,125.40,0.03,0.00
6790,106.40,0.23,1.50
6791,94.05,0.23,17.97
6792,92.00,0.00,43.73
6793,87.00,0.13,70.94
6794,83.00,1.22,91.42
6795,81.00,1.34,101.85
6796,82.00,0.87,105.83
6797,89.00,0.15,91.90
6798,103.00,0.00,75.27
6799,122.00,0.00,47.02
6800,139.00,0.00,22.45
6801,145.00,0.00,3.47
6802,141.00,0.25,0.00
6803,134.00,1.04,0.00
6804,128.00,2.04,0.00
6805,125.00,2.71,0.00
6806,127.00,3.88,0.00
6807,133.00,5.29,0.00
6808,143.00,5.81,0.00
6809,154.00,4.02,0.00
6810,160.00,1.93,0.00
6811,162.00,1.29,0.00
6812,151.00,2.68,0.00
6813,132.00,3.95,0.00
6814,112.00,3.49,1.10
6815,99.00,1.82,8.93
6816,96.60,0.13,22.75
6817,91.35,0.00,34.73
6818,87.15,0.00,39.59
6819,85.05,0.00,52.97
6820,86.10,0.00,53.44
6821,93.45,0.00,48.09
6822,108.15,0.00,31.00
6823,128.10,0.30,22.64
6824,145.95,1.49,11.60
6825,152.25,3.25,1.85
6826,148.05,5.94,0.00
6827,140.70,8.57,0.00
6828,134.40,9.30,0.00
6829,131.25,8.52,0.00
6830,133.35,7.42,0.00
6831,139.65,6.97,0.00
6832,150.15,7.21,0.00
6833,161.70,7.72,0.00
6834,168.00,6.77,0.00
6835,170.10,4.87,0.00
6836,158.55,3.35,0.00
6837,138.60,2.74,0.00
6838,117.60,2.77,1.53
6839,103.95,1.69,18.16
6840,87.40,0.11,43.95
6841,82.65,0.00,70.43
6842,78.85,0.00,85.65
6843,76.95,0.00,81.17
6844,77.90,0.00,65.69
6845,84.55,0.00,58.34
6846,97.85,0.36,42.48
6847,115.90,1.00,32.60
6848,132.05,1.39,15.94
6849,137.75,1.49,3.03
6850,133.95,1.59,0.00
6851,127.30,1.54,0.00
6852,121.60,1.29,0.00
6853,118.75,1.18,0.00
6854,120.65,1.20,0.00
6855,126.35,1.25,0.00
6856,135.85,1.46,0.00
6857,146.30,1.87,0.00
6858,152.00,1.79,0.00
6859,153.90,1.39,0.00
6860,143.45,1.09,0.00
6861,125.40,1.00,0.00
6862,106.40,0.76,1.31
6863,94.05,1.22,15.76
6864,92.00,0.93,36.99
6865,87.00,1.56,58.92
6866,83.00,0.58,87.39
6867,81.00,0.53,96.82
6868,82.00,1.37,94.68
6869,89.00,2.86,91.70
6870,103.00,4.40,74.38
6871,122.00,5.04,50.85
6872,139.00,4.36,25.79
6873,145.00,2.20,4.07
6874,141.00,0.39,0.00
6875,134.00,0.00,0.00
6876,128.00,0.00,0.00
6877,125.00,0.00,0.00
6878,127.00,0.00,0.00
6879,133.00,0.00,0.00
6880,143.00,0.00,0.00
6881,154.00,0.00,0.00
6882,160.00,0.00,0.00
6883,162.00,0.00,0.00
6884,151.00,0.00,0.00
6885,132.00,0.15,0.00
6886,112.00,0.49,1.77
6887,99.00,0.54,23.52
6888,96.60,0.00,54.64
6889,91.35,0.05,82.81
6890,87.15,1.04,103.91
6891,85.05,0.81,115.74
6892,86.10,0.68,119.00
6893,93.45,0.58,108.96
6894,108.15,0.60,90.79
6895,128.10,0.47,64.26
6896,145.95,0.03,33.14
6897,152.25,0.00,5.08
6898,148.05,0.00,0.00
6899,140.70,0.00,0.00
6900,134.40,0.00,0.00
6901,131.25,0.00,0.00
6902,133.35,0.00,0.00
6903,139.65,0.00,0.00
6904,150.15,0.00,0.00
6905,161.70,0.00,0.00
6906,168.00,0.00,0.00
6907,170.10,0.00,0.00
6908,158.55,0.00,0.00
6909,138.60,0.00,0.00
6910,117.60,0.00,1.87
6911,103.95,0.00,25.14
6912,87.40,0.00,56.97
6913,82.65,0.00,84.82
6914,78.85,0.00,105.55
6915,76.95,0.00,116.97
6916,77.90,0.00,118.14
6917,84.55,0.00,107.93
6918,97.85,0.00,88.75
6919,115.90,0.00,62.19
6920,132.05,0.00,31.39
6921,137.75,0.06,4.51
6922,133.95,1.69,0.00
6923,127.30,2.93,0.00
6924,121.60,3.56,0.00
6925,118.75,3.77,0.00
6926,120.65,3.63,0.00
6927,126.35,3.22,0.00
6928,135.85,2.68,0.00
6929,146.30,2.09,0.00
6930,152.00,1.72,0.00
6931,153.90,2.18,0.00
6932,143.45,3.42,0.00
6933,125.40,5.00,0.00
6934,106.40,6.58,1.54
6935,94.05,7.12,21.92
6936,92.00,2.68,51.20
6937,87.00,7.02,77.97
6938,83.00,10.80,98.02
6939,81.00,9.30,108.92
6940,82.00,7.07,115.33
6941,89.00,5.37,105.90
6942,103.00,4.59,86.85
6943,122.00,5.00,60.36
6944,139.00,7.07,29.98
6945,145.00,12.02,4.08
6946,141.00,20.91,0.00
6947,134.00,26.63,0.00
6948,128.00,27.51,0.00
6949,125.00,25.99,0.00
6950,127.00,23.21,0.00
6951,133.00,20.36,0.00
6952,143.00,17.14,0.00
6953,154.00,12.90,0.00
6954,160.00,8.79,0.00
6955,162.00,6.07,0.00
6956,151.00,4.40,0.00
6957,132.00,3.88,0.00
6958,112.00,4.17,1.44
6959,99.00,3.77,21.58
6960,96.60,0.51,50.21
6961,91.35,0.00,77.05
6962,87.15,0.00,97.20
6963,85.05,0.00,108.36
6964,86.10,0.00,110.16
6965,93.45,0.00,101.15
6966,108.15,0.00,82.22
6967,128.10,0.00,56.06
6968,145.95,0.00,27.42
6969,152.25,2.41,3.51
6970,148.05,8.96,0.00
6971,140.70,17.06,0.00
6972,134.40,21.85,0.00
6973,131.25,21.76,0.00
6974,133.35,18.92,0.00
6975,139.65,15.70,0.00
6976,150.15,12.02,0.00
6977,161.70,8.79,0.00
6978,168.00,7.21,0.00
6979,170.10,7.77,0.00
6980,158.55,9.24,0.00
6981,138.60,12.15,0.00
6982,117.60,12.77,0.90
6983,103.95,9.36,9.28
6984,87.40,4.96,21.83
6985,82.65,3.42,31.56
6986,78.85,2.18,40.46
6987,76.95,0.98,47.87
6988,77.90,0.30,52.18
6989,84.55,2.74,44.24
6990,97.85,18.75,28.62
6991,115.90,73.30,17.65
6992,132.05,100.00,7.47
6993,137.75,100.00,0.69
6994,133.95,100.00,0.00
6995,127.30,100.00,0.00
6996,121.60,100.00,0.00
6997,118.75,75.81,0.00
6998,120.65,42.57,0.00
6999,126.35,32.52,0.00
7000,135.85,29.08,0.00
7001,146.30,23.41,0.00
7002,152.00,20.45,0.00
7003,153.90,18.15,0.00
7004,143.45,17.64,0.00
7005,125.40,16.65,0.00
7006,106.40,15.47,1.11
7007,94.05,11.17,18.43
7008,92.00,10.49,48.64
7009,87.00,13.90,77.65
7010,83.00,13.75,98.85
7011,81.00,11.82,110.73
7012,82.00,11.24,113.73
7013,89.00,11.82,104.01
7014,103.00,13.04,85.04
7015,122.00,14.19,58.67
7016,139.00,14.11,28.46
7017,145.00,13.97,3.39
7018,141.00,17.23,0.00
7019,134.00,18.66,0.00
7020,128.00,17.64,0.00
7021,125.00,15.55,0.00
7022,127.00,13.97,0.00
7023,133.00,11.95,0.00
7024,143.00,9.02,0.00
7025,154.00,6.17,0.00
7026,160.00,4.10,0.00
7027,162.00,2.61,0.00
7028,151.00,1.54,0.00
7029,132.00,1.29,0.00
7030,112.00,1.59,1.27
7031,99.00,1.66,21.11
7032,96.60,0.22,51.40
7033,91.35,0.00,79.46
7034,87.15,0.00,98.79
7035,85.05,0.00,111.26
7036,86.10,0.00,117.47
7037,93.45,0.00,107.96
7038,108.15,0.00,85.71
7039,128.10,0.00,56.97
7040,145.95,0.00,26.62
7041,152.25,0.00,2.98
7042,148.05,0.00,0.00
7043,140.70,0.00,0.00
7044,134.40,0.00,0.00
7045,131.25,0.00,0.00
7046,133.35,0.22,0.00
7047,139.65,0.10,0.00
7048,150.15,0.00,0.00
7049,161.70,0.00,0.00
7050,168.00,0.00,0.00
7051,170.10,0.00,0.00
7052,158.55,0.00,0.00
7053,138.60,0.00,0.00
7054,117.60,0.00,1.11
7055,103.95,0.00,19.84
7056,87.40,0.00,50.46
7057,82.65,0.00,78.51
7058,78.85,0.00,99.06
7059,76.95,0.00,110.44
7060,77.90,0.00,113.36
7061,84.55,0.00,103.45
7062,97.85,0.00,84.34
7063,115.90,0.00,57.72
7064,132.05,0.00,27.23
7065,137.75,0.00,2.97
7066,133.95,0.00,0.00
7067,127.30,0.00,0.00
7068,121.60,0.72,0.00
7069,118.75,1.46,0.00
7070,120.65,1.51,0.00
7071,126.35,1.07,0.00
7072,135.85,0.60,0.00
7073,146.30,0.34,0.00
7074,152.00,0.29,0.00
7075,153.90,0.23,0.00
7076,143.45,0.15,0.00
7077,125.40,0.23,0.00
7078,106.40,0.45,1.12
7079,94.05,0.89,19.97
7080,92.00,0.08,49.46
7081,87.00,0.00,75.96
7082,83.00,0.00,95.96
7083,81.00,0.00,106.60
7084,82.00,0.00,111.25
7085,89.00,0.00,101.37
7086,103.00,0.00,81.93
7087,122.00,0.00,55.39
7088,139.00,0.00,25.54
7089,145.00,0.00,2.64
7090,141.00,3.05,0.00
7091,134.00,8.30,0.00
7092,128.00,12.42,0.00
7093,125.00,13.61,0.00
7094,127.00,11.30,0.00
7095,133.00,7.88,0.00
7096,143.00,5.59,0.00
7097,154.00,4.40,0.00
7098,160.00,3.49,0.00
7099,162.00,2.52,0.00
7100,151.00,1.61,0.00
7101,132.00,1.07,0.00
7102,112.00,0.70,0.92
7103,99.00,0.39,16.71
7104,96.60,0.00,43.62
7105,91.35,0.00,71.26
7106,87.15,0.00,90.83
7107,85.05,0.00,101.59
7108,86.10,0.00,99.81
7109,93.45,0.00,91.32
7110,108.15,0.00,73.63
7111,128.10,0.00,47.92
7112,145.95,0.00,21.00
7113,152.25,0.00,2.20
7114,148.05,0.00,0.00
7115,140.70,0.45,0.00
7116,134.40,1.07,0.00
7117,131.25,1.66,0.00
7118,133.35,2.23,0.00
7119,139.65,2.52,0.00
7120,150.15,2.29,0.00
7121,161.70,1.49,0.00
7122,168.00,0.30,0.00
7123,170.10,0.00,0.00
7124,158.55,0.00,0.00
7125,138.60,0.00,0.00
7126,117.60,0.00,0.48
7127,103.95,0.00,6.52
7128,87.40,0.00,14.73
7129,82.65,0.00,24.13
7130,78.85,0.00,30.19
7131,76.95,0.00,37.77
7132,77.90,0.00,27.58
7133,84.55,0.00,19.46
7134,97.85,0.00,19.09
7135,115.90,0.00,13.26
7136,132.05,0.00,6.80
7137,137.75,0.00,0.89
7138,133.95,0.00,0.00
7139,127.30,0.00,0.00
7140,121.60,0.00,0.00
7141,118.75,0.00,0.00
7142,120.65,0.32,0.00
7143,126.35,0.91,0.00
7144,135.85,0.87,0.00
7145,146.30,0.00,0.00
7146,152.00,0.00,0.00
7147,153.90,0.00,0.00
7148,143.45,0.00,0.00
7149,125.40,0.93,0.00
7150,106.40,0.87,0.67
7151,94.05,0.00,12.88
7152,92.00,0.00,32.17
7153,87.00,0.00,53.54
7154,83.00,0.00,72.04
7155,81.00,0.00,82.12
7156,82.00,0.00,93.85
7157,89.00,0.00,80.26
7158,103.00,0.00,57.30
7159,122.00,0.00,33.36
7160,139.00,0.91,15.90
7161,145.00,0.98,1.38
7162,141.00,1.82,0.00
7163,134.00,5.50,0.00
7164,128.00,11.63,0.00
7165,125.00,15.16,0.00
7166,127.00,14.48,0.00
7167,133.00,12.90,0.00
7168,143.00,11.05,0.00
7169,154.00,8.74,0.00
7170,160.00,6.30,0.00
7171,162.00,5.33,0.00
7172,151.00,4.13,0.00
7173,132.00,1.87,0.00
7174,112.00,0.16,0.21
7175,99.00,0.00,3.54
7176,96.60,0.00,8.51
7177,91.35,0.00,13.80
7178,87.15,0.00,24.94
7179,85.05,0.00,24.84
7180,86.10,0.00,34.48
7181,93.45,0.00,26.37
7182,108.15,0.00,28.60
7183,128.10,0.00,17.18
7184,145.95,0.00,8.49
7185,152.25,0.00,0.87
7186,148.05,1.27,0.00
7187,140.70,4.44,0.00
7188,134.40,5.81,0.00
7189,131.25,5.20,0.00
7190,133.35,4.52,0.00
7191,139.65,3.73,0.00
7192,150.15,2.89,0.00
7193,161.70,2.06,0.00
7194,168.00,1.07,0.00
7195,170.10,0.00,0.00
7196,158.55,0.00,0.00
7197,138.60,0.00,0.00
7198,117.60,0.00,0.47
7199,103.95,0.00,7.80
7200,87.40,0.00,22.46
7201,82.65,0.00,38.07
7202,78.85,0.00,41.80
7203,76.95,0.00,47.73
7204,77.90,0.00,58.48
7205,84.55,0.00,57.21
7206,97.85,0.00,46.41
7207,115.90,0.00,27.93
7208,132.05,0.00,11.44
7209,137.75,0.00,1.22
7210,133.95,0.00,0.00
7211,127.30,0.00,0.00
7212,121.60,0.00,0.00
7213,118.75,0.00,0.00
7214,120.65,0.00,0.00
7215,126.35,0.00,0.00
7216,135.85,0.00,0.00
7217,146.30,0.00,0.00
7218,152.00,0.00,0.00
7219,153.90,0.00,0.00
7220,143.45,0.00,0.00
7221,125.40,0.00,0.00
7222,106.40,0.00,0.59
7223,94.05,0.00,11.45
7224,92.00,0.00,32.92
7225,87.00,0.00,56.95
7226,83.00,0.00,75.28
7227,81.00,0.00,79.91
7228,82.00,0.00,73.10
7229,89.00,0.00,70.12
7230,103.00,0.00,54.91
7231,122.00,0.00,35.16
7232,139.00,0.00,16.32
7233,145.00,0.00,1.56
7234,141.00,0.00,0.00
7235,134.00,0.00,0.00
7236,128.00,0.00,0.00
7237,125.00,0.00,0.00
7238,127.00,0.00,0.00
7239,133.00,0.00,0.00
7240,143.00,0.00,0.00
7241,154.00,0.00,0.00
7242,160.00,0.00,0.00
7243,162.00,0.00,0.00
7244,151.00,0.00,0.00
7245,132.00,0.00,0.00
7246,112.00,0.00,0.64
7247,99.00,0.00,16.11
7248,96.60,0.00,42.74
7249,91.35,0.00,68.77
7250,87.15,0.00,88.22
7251,85.05,0.00,99.25
7252,86.10,0.00,98.45
7253,93.45,0.00,89.97
7254,108.15,0.00,72.19
7255,128.10,0.00,46.95
7256,145.95,0.00,20.18
7257,152.25,0.00,1.61
7258,148.05,0.00,0.00
7259,140.70,0.39,0.00
7260,134.40,2.43,0.00
7261,131.25,4.44,0.00
7262,133.35,5.76,0.00
7263,139.65,6.77,0.00
7264,150.15,8.03,0.00
7265,161.70,8.85,0.00
7266,168.00,9.02,0.00
7267,170.10,7.98,0.00
7268,158.55,6.21,0.00
7269,138.60,3.42,0.00
7270,117.60,1.09,0.60
7271,103.95,0.11,15.19
7272,87.40,0.00,42.03
7273,82.65,0.00,68.54
7274,78.85,0.00,88.80
7275,76.95,0.03,100.10
7276,77.90,0.39,105.20
7277,84.55,0.70,95.61
7278,97.85,0.49,76.77
7279,115.90,0.05,50.81
7280,132.05,0.00,21.95
7281,137.75,0.00,1.63
7282,133.95,0.00,0.00
7283,127.30,0.00,0.00
7284,121.60,2.41,0.00
7285,118.75,5.54,0.00
7286,120.65,8.57,0.00
7287,126.35,10.36,0.00
7288,135.85,10.49,0.00
7289,146.30,10.98,0.00
7290,152.00,11.82,0.00
7291,153.90,11.50,0.00
7292,143.45,9.94,0.00
7293,125.40,8.30,0.00
7294,106.40,7.31,0.60
7295,94.05,6.07,16.42
7296,92.00,1.46,45.96
7297,87.00,1.44,72.58
7298,83.00,6.58,92.65
7299,81.00,6.58,103.83
7300,82.00,5.16,107.62
7301,89.00,3.70,98.01
7302,103.00,2.68,79.13
7303,122.00,2.06,52.95
7304,139.00,1.79,23.07
7305,145.00,3.02,1.65
7306,141.00,6.92,0.00
7307,134.00,13.11,0.00
7308,128.00,19.10,0.00
7309,125.00,21.28,0.00
7310,127.00,20.08,0.00
7311,133.00,17.98,0.00
7312,143.00,16.49,0.00
7313,154.00,15.24,0.00
7314,160.00,14.11,0.00
7315,162.00,13.68,0.00
7316,151.00,13.82,0.00
7317,132.00,13.75,0.00
7318,112.00,13.82,0.55
7319,99.00,12.70,16.30
7320,96.60,5.12,44.62
7321,91.35,3.66,70.79
7322,87.15,18.58,90.57
7323,85.05,14.63,101.38
7324,86.10,11.11,102.91
7325,93.45,8.09,93.11
7326,108.15,5.37,74.03
7327,128.10,3.49,48.24
7328,145.95,1.93,20.28
7329,152.25,0.72,1.36
7330,148.05,0.81,0.00
7331,140.70,2.18,0.00
7332,134.40,5.12,0.00
7333,131.25,7.36,0.00
7334,133.35,7.93,0.00
7335,139.65,7.36,0.00
7336,150.15,6.40,0.00
7337,161.70,5.63,0.00
7338,168.00,4.63,0.00
7339,170.10,3.45,0.00
7340,158.55,1.98,0.00
7341,138.60,0.54,0.00
7342,117.60,0.00,0.47
7343,103.95,0.00,12.50
7344,87.40,0.00,36.32
7345,82.65,0.00,59.90
7346,78.85,0.00,71.52
7347,76.95,0.00,72.16
7348,77.90,0.00,70.63
7349,84.55,0.00,66.96
7350,97.85,0.00,47.14
7351,115.90,0.29,26.83
7352,132.05,12.02,9.77
7353,137.75,38.07,0.74
7354,133.95,61.35,0.00
7355,127.30,59.89,0.00
7356,121.60,47.71,0.00
7357,118.75,39.44,0.00
7358,120.65,32.89,0.00
7359,126.35,27.29,0.00
7360,135.85,20.08,0.00
7361,146.30,17.06,0.00
7362,152.00,15.78,0.00
7363,153.90,11.17,0.00
7364,143.45,7.26,0.00
7365,125.40,4.40,0.00
7366,106.40,3.84,0.00
7367,94.05,3.77,3.16
7368,92.00,3.73,10.17
7369,87.00,2.49,18.23
7370,83.00,0.00,16.09
7371,81.00,0.00,15.34
7372,82.00,0.00,13.36
7373,89.00,0.00,12.22
7374,103.00,0.00,7.06
7375,122.00,0.00,6.01
7376,139.00,0.02,2.67
7377,145.00,0.13,0.32
7378,141.00,0.27,0.00
7379,134.00,0.27,0.00
7380,128.00,0.58,0.00
7381,125.00,1.90,0.00
7382,127.00,2.68,0.00
7383,133.00,2.09,0.00
7384,143.00,2.32,0.00
7385,154.00,5.00,0.00
7386,160.00,12.22,0.00
7387,162.00,20.63,0.00
7388,151.00,27.29,0.00
7389,132.00,33.13,0.00
7390,112.00,25.67,0.00
7391,99.00,18.75,3.06
7392,96.60,10.67,4.64
7393,91.35,10.18,3.08
7394,87.15,17.06,4.41
7395,85.05,25.15,5.79
7396,86.10,44.04,6.89
7397,93.45,72.26,9.92
7398,108.15,85.28,5.57
7399,128.10,94.27,3.63
7400,145.95,100.00,1.54
7401,152.25,75.60,0.20
7402,148.05,53.58,0.00
7403,140.70,51.41,0.00
7404,134.40,39.72,0.00
7405,131.25,19.90,0.00
7406,133.35,12.70,0.00
7407,139.65,14.71,0.00
7408,150.15,16.33,0.00
7409,161.70,15.94,0.00
7410,168.00,14.11,0.00
7411,170.10,11.37,0.00
7412,158.55,6.58,0.00
7413,138.60,2.04,0.00
7414,117.60,0.00,0.00
7415,103.95,0.00,17.50
7416,87.40,0.64,46.64
7417,82.65,6.68,78.30
7418,78.85,6.26,98.59
7419,76.95,3.95,110.11
7420,77.90,2.64,108.91
7421,84.55,2.26,99.26
7422,97.85,2.04,79.95
7423,115.90,1.29,52.90
7424,132.05,0.18,22.16
7425,137.75,0.00,1.25
7426,133.95,0.00,0.00
7427,127.30,0.00,0.00
7428,121.60,0.00,0.00
7429,118.75,0.47,0.00
7430,120.65,0.76,0.00
7431,126.35,0.89,0.00
7432,135.85,1.07,0.00
7433,146.30,1.41,0.00
7434,152.00,2.09,0.00
7435,153.90,3.39,0.00
7436,143.45,5.59,0.00
7437,125.40,7.93,0.00
7438,106.40,10.30,0.00
7439,94.05,12.09,15.97
7440,92.00,6.92,43.57
7441,87.00,7.26,70.20
7442,83.00,10.18,90.05
7443,81.00,9.36,100.98
7444,82.00,8.41,104.49
7445,89.00,7.72,94.96
7446,103.00,7.21,76.46
7447,122.00,7.12,50.52
7448,139.00,8.68,20.97
7449,145.00,17.73,1.16
7450,141.00,35.81,0.00
7451,134.00,46.78,0.00
7452,128.00,40.14,0.00
7453,125.00,26.85,0.00
7454,127.00,16.02,0.00
7455,133.00,12.56,0.00
7456,143.00,9.65,0.00
7457,154.00,6.58,0.00
7458,160.00,4.75,0.00
7459,162.00,2.18,0.00
7460,151.00,1.00,0.00
7461,132.00,3.29,0.00
7462,112.00,5.72,0.00
7463,99.00,4.67,12.86
7464,96.60,1.56,37.18
7465,91.35,0.98,61.81
7466,87.15,0.25,81.30
7467,85.05,0.00,85.94
7468,86.10,0.00,87.04
7469,93.45,0.00,77.11
7470,108.15,0.00,65.43
7471,128.10,0.00,40.89
7472,145.95,0.00,16.18
7473,152.25,0.00,0.90
7474,148.05,1.13,0.00
7475,140.70,5.50,0.00
7476,134.40,10.30,0.00
7477,131.25,13.18,0.00
7478,133.35,13.54,0.00
7479,139.65,10.18,0.00
7480,150.15,6.35,0.00
7481,161.70,4.13,0.00
7482,168.00,3.32,0.00
7483,170.10,3.52,0.00
7484,158.55,4.48,0.00
7485,138.60,6.87,0.00
7486,117.60,5.50,0.00
7487,103.95,7.67,2.39
7488,87.40,8.63,6.24
7489,82.65,8.35,9.37
7490,78.85,7.77,13.17
7491,76.95,24.02,25.82
7492,77.90,46.01,19.96
7493,84.55,65.69,18.49
7494,97.85,81.67,9.80
7495,115.90,81.67,5.93
7496,132.05,75.60,2.38
7497,137.75,64.16,0.18
7498,133.95,57.38,0.00
7499,127.30,50.10,0.00
7500,121.60,40.28,0.00
7501,118.75,31.66,0.00
7502,120.65,19.45,0.00
7503,126.35,18.32,0.00
7504,135.85,27.07,0.00
7505,146.30,34.14,0.00
7506,152.00,40.84,0.00
7507,153.90,40.70,0.00
7508,143.45,38.75,0.00
7509,125.40,39.58,0.00
7510,106.40,39.16,0.00
7511,94.05,36.73,4.69
7512,92.00,34.64,12.24
7513,87.00,29.31,19.79
7514,83.00,22.24,27.51
7515,81.00,19.54,30.69
7516,82.00,15.55,31.48
7517,89.00,16.82,33.61
7518,103.00,22.62,8.41
7519,122.00,18.23,7.08
7520,139.00,10.61,3.81
7521,145.00,12.36,0.42
7522,141.00,15.24,0.00
7523,134.00,16.25,0.00
7524,128.00,15.08,0.00
7525,125.00,13.39,0.00
7526,127.00,11.43,0.00
7527,133.00,11.24,0.00
7528,143.00,12.36,0.00
7529,154.00,13.54,0.00
7530,160.00,13.54,0.00
7531,162.00,12.29,0.00
7532,151.00,11.63,0.00
7533,132.00,11.63,0.00
7534,112.00,11.11,0.00
7535,99.00,10.80,4.20
7536,96.60,10.12,12.26
7537,91.35,11.95,21.83
7538,87.15,14.48,11.66
7539,85.05,16.74,13.20
7540,86.10,9.36,13.41
7541,93.45,5.20,17.54
7542,108.15,19.01,9.77
7543,128.10,47.55,6.74
7544,145.95,72.47,3.45
7545,152.25,73.09,0.32
7546,148.05,71.24,0.00
7547,140.70,71.45,0.00
7548,134.40,66.86,0.00
7549,131.25,60.62,0.00
7550,133.35,55.28,0.00
7551,139.65,55.98,0.00
7552,150.15,60.07,0.00
7553,161.70,60.80,0.00
7554,168.00,58.27,0.00
7555,170.10,51.41,0.00
7556,158.55,42.71,0.00
7557,138.60,37.66,0.00
7558,117.60,34.77,0.00
7559,103.95,30.83,6.48
7560,87.40,33.88,20.75
7561,82.65,30.59,36.66
7562,78.85,22.24,52.98
7563,76.95,26.53,61.59
7564,77.90,36.33,57.44
7565,84.55,50.91,48.19
7566,97.85,58.80,49.16
7567,115.90,55.28,29.72
7568,132.05,54.77,10.31
7569,137.75,45.09,0.46
7570,133.95,39.30,0.00
7571,127.30,33.38,0.00
7572,121.60,27.95,0.00
7573,118.75,22.62,0.00
7574,120.65,18.66,0.00
7575,126.35,18.58,0.00
7576,135.85,18.92,0.00
7577,146.30,19.01,0.00
7578,152.00,18.66,0.00
7579,153.90,17.81,0.00
7580,143.45,17.73,0.00
7581,125.40,17.06,0.00
7582,106.40,12.22,0.00
7583,94.05,7.67,5.48
7584,92.00,6.82,17.39
7585,87.00,7.82,26.69
7586,83.00,6.92,33.50
7587,81.00,3.12,47.17
7588,82.00,0.81,26.52
7589,89.00,0.83,22.15
7590,103.00,0.79,18.44
7591,122.00,0.13,21.27
7592,139.00,0.00,8.50
7593,145.00,0.00,0.43
7594,141.00,0.00,0.00
7595,134.00,0.00,0.00
7596,128.00,0.00,0.00
7597,125.00,0.00,0.00
7598,127.00,0.00,0.00
7599,133.00,0.00,0.00
7600,143.00,0.00,0.00
7601,154.00,0.00,0.00
7602,160.00,0.00,0.00
7603,162.00,0.00,0.00
7604,151.00,0.00,0.00
7605,132.00,0.00,0.00
7606,112.00,0.00,0.00
7607,99.00,0.00,9.83
7608,96.60,0.00,33.03
7609,91.35,0.00,56.67
7610,87.15,0.00,76.02
7611,85.05,0.00,87.95
7612,86.10,0.00,92.13
7613,93.45,0.00,82.42
7614,108.15,0.00,65.34
7615,128.10,0.00,40.34
7616,145.95,0.00,14.51
7617,152.25,0.00,0.61
7618,148.05,0.00,0.00
7619,140.70,0.00,0.00
7620,134.40,0.00,0.00
7621,131.25,0.00,0.00
7622,133.35,0.00,0.00
7623,139.65,0.00,0.00
7624,150.15,0.08,0.00
7625,161.70,0.00,0.00
7626,168.00,0.00,0.00
7627,170.10,0.00,0.00
7628,158.55,0.00,0.00
7629,138.60,0.60,0.00
7630,117.60,1.20,0.00
7631,103.95,1.98,4.70
7632,87.40,1.34,15.58
7633,82.65,0.30,24.32
7634,78.85,0.02,25.14
7635,76.95,0.00,37.54
7636,77.90,0.00,43.04
7637,84.55,0.00,29.16
7638,97.85,0.00,25.79
7639,115.90,0.00,13.95
7640,132.05,0.00,5.83
7641,137.75,1.98,0.34
7642,133.95,9.82,0.00
7643,127.30,12.36,0.00
7644,121.60,15.47,0.00
7645,118.75,21.38,0.00
7646,120.65,30.24,0.00
7647,126.35,34.64,0.00
7648,135.85,30.24,0.00
7649,146.30,12.02,0.00
7650,152.00,6.54,0.00
7651,153.90,10.30,0.00
7652,143.45,22.43,0.00
7653,125.40,23.51,0.00
7654,106.40,36.33,0.00
7655,94.05,43.15,8.58
7656,92.00,33.38,33.29
7657,87.00,47.87,59.50
7658,83.00,73.71,84.05
7659,81.00,67.25,96.07
7660,82.00,63.40,97.30
7661,89.00,64.73,87.22
7662,103.00,64.92,67.44
7663,122.00,57.38,43.22
7664,139.00,35.81,16.21
7665,145.00,18.84,0.64
7666,141.00,12.42,0.00
7667,134.00,8.90,0.00
7668,128.00,5.08,0.00
7669,125.00,1.79,0.00
7670,127.00,0.08,0.00
7671,133.00,0.00,0.00
7672,143.00,0.29,0.00
7673,154.00,2.26,0.00
7674,160.00,6.26,0.00
7675,162.00,10.12,0.00
7676,151.00,11.82,0.00
7677,132.00,10.98,0.00
7678,112.00,9.19,0.00
7679,99.00,8.25,11.56
7680,96.60,4.32,39.87
7681,91.35,5.41,67.36
7682,87.15,17.81,87.14
7683,85.05,22.82,98.69
7684,86.10,15.86,98.72
7685,93.45,9.65,90.36
7686,108.15,6.92,70.81
7687,128.10,6.40,44.49
7688,145.95,5.85,16.41
7689,152.25,6.35,0.62
7690,148.05,7.52,0.00
7691,140.70,10.80,0.00
7692,134.40,13.25,0.00
7693,131.25,12.36,0.00
7694,133.35,8.03,0.00
7695,139.65,5.16,0.00
7696,150.15,3.66,0.00
7697,161.70,2.43,0.00
7698,168.00,1.51,0.00
7699,170.10,0.91,0.00
7700,158.55,1.02,0.00
7701,138.60,2.15,0.00
7702,117.60,3.70,0.00
7703,103.95,4.21,10.96
7704,87.40,2.38,38.75
7705,82.65,0.62,65.13
7706,78.85,1.00,85.42
7707,76.95,0.00,96.40
7708,77.90,0.00,97.95
7709,84.55,0.00,85.11
7710,97.85,0.00,65.77
7711,115.90,0.00,41.06
7712,132.05,0.00,15.04
7713,137.75,0.30,0.58
7714,133.95,3.32,0.00
7715,127.30,6.63,0.00
7716,121.60,9.07,0.00
7717,118.75,10.24,0.00
7718,120.65,10.61,0.00
7719,126.35,10.55,0.00
7720,135.85,9.59,0.00
7721,146.30,11.11,0.00
7722,152.00,12.02,0.00
7723,153.90,12.42,0.00
7724,143.45,13.61,0.00
7725,125.40,13.54,0.00
7726,106.40,11.56,0.00
7727,94.05,9.13,8.85
7728,92.00,4.06,35.03
7729,87.00,0.91,60.27
7730,83.00,8.30,82.50
7731,81.00,15.39,93.61
7732,82.00,11.30,97.06
7733,89.00,7.36,87.77
7734,103.00,4.10,69.39
7735,122.00,1.39,43.91
7736,139.00,0.00,15.99
7737,145.00,0.00,0.55
7738,141.00,0.00,0.00
7739,134.00,0.00,0.00
7740,128.00,0.00,0.00
7741,125.00,0.00,0.00
7742,127.00,0.00,0.00
7743,133.00,0.72,0.00
7744,143.00,1.49,0.00
7745,154.00,2.18,0.00
7746,160.00,2.29,0.00
7747,162.00,1.93,0.00
7748,151.00,1.41,0.00
7749,132.00,1.27,0.00
7750,112.00,1.64,0.00
7751,99.00,2.32,9.54
7752,96.60,1.51,35.96
7753,91.35,0.00,61.89
7754,87.15,0.49,81.67
7755,85.05,0.47,92.80
7756,86.10,0.00,97.14
7757,93.45,0.00,88.35
7758,108.15,0.00,70.37
7759,128.10,0.00,45.45
7760,145.95,0.00,17.05
7761,152.25,2.55,0.56
7762,148.05,8.14,0.00
7763,140.70,15.47,0.00
7764,134.40,21.28,0.00
7765,131.25,23.21,0.00
7766,133.35,21.95,0.00
7767,139.65,19.90,0.00
7768,150.15,17.31,0.00
7769,161.70,14.19,0.00
7770,168.00,10.98,0.00
7771,170.10,8.03,0.00
7772,158.55,5.85,0.00
7773,138.60,4.36,0.00
7774,117.60,3.66,0.00
7775,103.95,3.73,10.22
7776,87.40,2.26,37.93
7777,82.65,0.36,64.04
7778,78.85,0.62,83.88
7779,76.95,1.51,94.96
7780,77.90,1.85,98.65
7781,84.55,1.90,89.49
7782,97.85,1.54,71.18
7783,115.90,0.83,45.66
7784,132.05,0.00,18.35
7785,137.75,0.13,0.00
7786,133.95,2.12,0.00
7787,127.30,6.77,0.00
7788,121.60,13.39,0.00
7789,118.75,17.31,0.00
7790,120.65,15.08,0.00
7791,126.35,10.73,0.00
7792,135.85,7.57,0.00
7793,146.30,6.07,0.00
7794,152.00,5.63,0.00
7795,153.90,5.59,0.00
7796,143.45,5.29,0.00
7797,125.40,3.42,0.00
7798,106.40,1.49,0.00
7799,94.05,0.43,5.29
7800,92.00,0.00,19.01
7801,87.00,0.00,34.40
7802,83.00,0.00,46.18
7803,81.00,0.00,45.46
7804,82.00,0.00,39.72
7805,89.00,0.38,33.74
7806,103.00,0.34,27.00
7807,122.00,0.00,17.14
7808,139.00,0.00,7.37
7809,145.00,0.00,0.00
7810,141.00,0.00,0.00
7811,134.00,0.00,0.00
7812,128.00,0.00,0.00
7813,125.00,0.00,0.00
7814,127.00,0.00,0.00
7815,133.00,0.00,0.00
7816,143.00,0.00,0.00
7817,154.00,0.00,0.00
7818,160.00,1.04,0.00
7819,162.00,5.37,0.00
7820,151.00,13.32,0.00
7821,132.00,26.85,0.00
7822,112.00,35.42,0.00
7823,99.00,44.64,7.42
7824,96.60,60.62,32.51
7825,91.35,100.00,58.13
7826,87.15,100.00,79.51
7827,85.05,100.00,92.12
7828,86.10,100.00,92.10
7829,93.45,100.00,83.35
7830,108.15,100.00,65.49
7831,128.10,100.00,40.93
7832,145.95,63.03,15.83
7833,152.25,44.04,0.00
7834,148.05,47.24,0.00
7835,140.70,47.40,0.00
7836,134.40,46.31,0.00
7837,131.25,44.64,0.00
7838,133.35,41.13,0.00
7839,139.65,39.72,0.00
7840,150.15,35.16,0.00
7841,161.70,28.06,0.00
7842,168.00,21.57,0.00
7843,170.10,17.31,0.00
7844,158.55,12.97,0.00
7845,138.60,8.79,0.00
7846,117.60,6.35,0.00
7847,103.95,4.67,7.96
7848,87.40,3.49,33.33
7849,82.65,3.52,59.32
7850,78.85,2.12,79.11
7851,76.95,1.37,90.70
7852,77.90,1.09,87.92
7853,84.55,1.02,76.78
7854,97.85,1.27,59.36
7855,115.90,1.56,36.98
7856,132.05,1.39,14.28
7857,137.75,1.66,0.00
7858,133.95,4.32,0.00
7859,127.30,9.82,0.00
7860,121.60,16.65,0.00
7861,118.75,19.10,0.00
7862,120.65,22.14,0.00
7863,126.35,22.53,0.00
7864,135.85,20.26,0.00
7865,146.30,21.47,0.00
7866,152.00,23.12,0.00
7867,153.90,24.22,0.00
7868,143.45,25.04,0.00
7869,125.40,22.43,0.00
7870,106.40,17.81,0.00
7871,94.05,15.39,4.77
7872,92.00,10.49,21.32
7873,87.00,10.36,37.46
7874,83.00,10.06,58.90
7875,81.00,5.59,65.78
7876,82.00,2.26,71.91
7877,89.00,0.45,62.74
7878,103.00,0.00,47.94
7879,122.00,0.00,27.05
7880,139.00,0.00,8.49
7881,145.00,0.74,0.00
7882,141.00,5.54,0.00
7883,134.00,13.90,0.00
7884,128.00,24.22,0.00
7885,125.00,24.94,0.00
7886,127.00,18.06,0.00
7887,133.00,11.95,0.00
7888,143.00,11.05,0.00
7889,154.00,14.34,0.00
7890,160.00,17.06,0.00
7891,162.00,15.16,0.00
7892,151.00,10.61,0.00
7893,132.00,5.85,0.00
7894,112.00,2.64,0.00
7895,99.00,1.51,2.06
7896,96.60,0.93,12.18
7897,91.35,0.43,25.11
7898,87.15,0.29,38.33
7899,85.05,0.85,47.73
7900,86.10,1.13,52.96
7901,93.45,0.89,48.99
7902,108.15,0.32,40.00
7903,128.10,0.00,27.09
7904,145.95,0.00,12.03
7905,152.25,0.00,0.00
7906,148.05,0.00,0.00
7907,140.70,0.30,0.00
7908,134.40,1.51,0.00
7909,131.25,2.99,0.00
7910,133.35,4.52,0.00
7911,139.65,5.67,0.00
7912,150.15,6.35,0.00
7913,161.70,6.73,0.00
7914,168.00,6.87,0.00
7915,170.10,6.58,0.00
7916,158.55,6.21,0.00
7917,138.60,5.20,0.00
7918,117.60,3.70,0.00
7919,103.95,2.64,6.93
7920,87.40,0.98,30.33
7921,82.65,0.49,53.70
7922,78.85,1.04,72.00
7923,76.95,2.26,88.99
7924,77.90,2.74,89.97
7925,84.55,2.41,82.13
7926,97.85,1.56,64.50
7927,115.90,0.54,40.15
7928,132.05,0.00,15.12
7929,137.75,0.10,0.00
7930,133.95,0.34,0.00
7931,127.30,0.38,0.00
7932,121.60,0.18,0.00
7933,118.75,0.00,0.00
7934,120.65,0.00,0.00
7935,126.35,0.00,0.00
7936,135.85,0.00,0.00
7937,146.30,0.00,0.00
7938,152.00,0.00,0.00
7939,153.90,0.36,0.00
7940,143.45,1.66,0.00
7941,125.40,2.55,0.00
7942,106.40,2.01,0.00
7943,94.05,1.34,7.00
7944,92.00,1.59,33.04
7945,87.00,2.61,57.91
7946,83.00,12.02,77.35
7947,81.00,21.47,88.03
7948,82.00,17.98,91.57
7949,89.00,12.02,81.80
7950,103.00,8.68,63.83
7951,122.00,6.12,39.21
7952,139.00,4.06,14.25
7953,145.00,6.58,0.00
7954,141.00,11.89,0.00
7955,134.00,18.15,0.00
7956,128.00,19.54,0.00
7957,125.00,16.09,0.00
7958,127.00,12.09,0.00
7959,133.00,9.88,0.00
7960,143.00,8.63,0.00
7961,154.00,7.98,0.00
7962,160.00,6.26,0.00
7963,162.00,3.19,0.00
7964,151.00,0.39,0.00
7965,132.00,0.00,0.00
7966,112.00,0.00,0.00
7967,99.00,0.00,5.02
7968,96.60,0.00,23.84
7969,91.35,3.39,49.94
7970,87.15,26.85,61.01
7971,85.05,45.24,69.35
7972,86.10,50.59,69.59
7973,93.45,65.12,63.30
7974,108.15,94.51,47.41
7975,128.10,100.00,26.72
7976,145.95,100.00,8.86
7977,152.25,100.00,0.00
7978,148.05,100.00,0.00
7979,140.70,100.00,0.00
7980,134.40,95.25,0.00
7981,131.25,75.39,0.00
7982,133.35,56.50,0.00
7983,139.65,45.24,0.00
7984,150.15,41.56,0.00
7985,161.70,37.93,0.00
7986,168.00,38.20,0.00
7987,170.10,37.26,0.00
7988,158.55,33.38,0.00
7989,138.60,26.10,0.00
7990,117.60,21.76,0.00
7991,103.95,17.89,2.12
7992,87.40,18.06,7.79
7993,82.65,18.23,13.86
7994,78.85,15.39,17.81
7995,76.95,15.08,18.04
7996,77.90,18.58,8.38
7997,84.55,24.63,6.47
7998,97.85,33.01,5.43
7999,115.90,41.27,6.78
8000,132.05,45.09,2.57
8001,137.75,38.20,0.00
8002,133.95,28.74,0.00
8003,127.30,19.10,0.00
8004,121.60,14.93,0.00
8005,118.75,14.19,0.00
8006,120.65,14.41,0.00
8007,126.35,15.08,0.00
8008,135.85,14.56,0.00
8009,146.30,12.70,0.00
8010,152.00,10.98,0.00
8011,153.90,9.94,0.00
8012,143.45,8.74,0.00
8013,125.40,6.07,0.00
8014,106.40,3.73,0.00
8015,94.05,2.12,6.11
8016,92.00,0.29,34.78
8017,87.00,0.30,61.57
8018,83.00,0.41,81.97
8019,81.00,0.15,86.22
8020,82.00,0.53,69.62
8021,89.00,1.37,65.18
8022,103.00,2.23,49.26
8023,122.00,2.74,30.76
8024,139.00,2.64,11.79
8025,145.00,2.20,0.00
8026,141.00,1.98,0.00
8027,134.00,2.15,0.00
8028,128.00,2.12,0.00
8029,125.00,2.09,0.00
8030,127.00,1.95,0.00
8031,133.00,1.74,0.00
8032,143.00,1.51,0.00
8033,154.00,1.00,0.00
8034,160.00,0.53,0.00
8035,162.00,0.00,0.00
8036,151.00,0.00,0.00
8037,132.00,0.00,0.00
8038,112.00,0.00,0.00
8039,99.00,0.00,5.17
8040,96.60,0.00,27.01
8041,91.35,0.00,50.37
8042,87.15,0.00,67.65
8043,85.05,0.00,72.23
8044,86.10,0.00,67.87
8045,93.45,0.00,58.88
8046,108.15,0.00,50.61
8047,128.10,0.00,32.81
8048,145.95,0.00,12.82
8049,152.25,0.00,0.00
8050,148.05,0.00,0.00
8051,140.70,0.00,0.00
8052,134.40,0.00,0.00
8053,131.25,0.00,0.00
8054,133.35,1.37,0.00
8055,139.65,5.12,0.00
8056,150.15,8.14,0.00
8057,161.70,8.68,0.00
8058,168.00,6.87,0.00
8059,170.10,3.70,0.00
8060,158.55,1.56,0.00
8061,138.60,0.54,0.00
8062,117.60,0.00,0.00
8063,103.95,0.00,3.66
8064,87.40,0.00,19.63
8065,82.65,0.00,37.36
8066,78.85,0.00,54.06
8067,76.95,0.00,70.97
8068,77.90,0.00,84.08
8069,84.55,0.00,78.17
8070,97.85,0.00,57.64
8071,115.90,0.00,33.90
8072,132.05,0.00,11.62
8073,137.75,0.00,0.00
8074,133.95,0.00,0.00
8075,127.30,0.00,0.00
8076,121.60,0.00,0.00
8077,118.75,0.00,0.00
8078,120.65,0.00,0.00
8079,126.35,0.00,0.00
8080,135.85,0.00,0.00
8081,146.30,0.00,0.00
8082,152.00,0.00,0.00
8083,153.90,0.00,0.00
8084,143.45,0.00,0.00
8085,125.40,0.00,0.00
8086,106.40,0.00,0.00
8087,94.05,0.00,3.85
8088,92.00,1.04,19.91
8089,87.00,1.72,38.08
8090,83.00,1.85,54.47
8091,81.00,3.12,56.04
8092,82.00,4.36,51.83
8093,89.00,3.84,49.95
8094,103.00,1.72,42.36
8095,122.00,0.58,27.05
8096,139.00,0.00,11.69
8097,145.00,0.00,0.00
8098,141.00,0.00,0.00
8099,134.00,0.00,0.00
8100,128.00,1.25,0.00
8101,125.00,3.66,0.00
8102,127.00,6.12,0.00
8103,133.00,6.73,0.00
8104,143.00,4.52,0.00
8105,154.00,2.01,0.00
8106,160.00,0.60,0.00
8107,162.00,0.72,0.00
8108,151.00,1.25,0.00
8109,132.00,2.04,0.00
8110,112.00,2.93,0.00
8111,99.00,3.70,5.38
8112,96.60,2.96,29.75
8113,91.35,0.36,54.55
8114,87.15,1.04,74.12
8115,85.05,1.34,81.61
8116,86.10,0.20,71.44
8117,93.45,0.00,64.46
8118,108.15,0.00,52.51
8119,128.10,0.00,33.74
8120,145.95,0.00,12.77
8121,152.25,0.00,0.00
8122,148.05,0.00,0.00
8123,140.70,0.00,0.00
8124,134.40,0.00,0.00
8125,131.25,0.00,0.00
8126,133.35,0.11,0.00
8127,139.65,0.00,0.00
8128,150.15,0.00,0.00
8129,161.70,1.09,0.00
8130,168.00,4.83,0.00
8131,170.10,8.74,0.00
8132,158.55,15.47,0.00
8133,138.60,24.42,0.00
8134,117.60,32.52,0.00
8135,103.95,39.02,4.34
8136,87.40,31.79,27.82
8137,82.65,18.49,55.12
8138,78.85,45.55,79.52
8139,76.95,46.93,91.96
8140,77.90,34.90,91.32
8141,84.55,25.25,83.37
8142,97.85,17.73,66.13
8143,115.90,10.92,40.84
8144,132.05,4.06,14.94
8145,137.75,0.00,0.00
8146,133.95,0.00,0.00
8147,127.30,0.00,0.00
8148,121.60,0.06,0.00
8149,118.75,4.83,0.00
8150,120.65,11.56,0.00
8151,126.35,16.74,0.00
8152,135.85,19.63,0.00
8153,146.30,21.10,0.00
8154,152.00,22.62,0.00
8155,153.90,23.71,0.00
8156,143.45,23.51,0.00
8157,125.40,22.14,0.00
8158,106.40,21.10,0.00
8159,94.05,20.36,5.19
8160,92.00,12.15,30.66
8161,87.00,3.84,57.24
8162,83.00,8.63,78.08
8163,81.00,13.68,90.42
8164,82.00,18.15,93.74
8165,89.00,23.61,85.95
8166,103.00,28.51,68.74
8167,122.00,29.77,44.14
8168,139.00,24.02,17.05
8169,145.00,25.25,0.00
8170,141.00,31.06,0.00
8171,134.00,45.85,0.00
8172,128.00,60.80,0.00
8173,125.00,68.83,0.00
8174,127.00,67.05,0.00
8175,133.00,52.90,0.00
8176,143.00,44.19,0.00
8177,154.00,40.00,0.00
8178,160.00,35.16,0.00
8179,162.00,29.89,0.00
8180,151.00,24.94,0.00
8181,132.00,21.28,0.00
8182,112.00,18.84,0.00
8183,99.00,17.98,4.28
8184,96.60,11.43,26.78
8185,91.35,4.25,50.61
8186,87.15,4.17,70.37
8187,85.05,20.45,81.71
8188,86.10,33.26,79.16
8189,93.45,35.29,67.84
8190,108.15,30.47,49.79
8191,128.10,19.01,29.80
8192,145.95,12.02,12.46
8193,152.25,6.82,0.00
8194,148.05,4.87,0.00
8195,140.70,7.31,0.00
8196,134.40,11.43,0.00
8197,131.25,15.31,0.00
8198,133.35,15.31,0.00
8199,139.65,12.42,0.00
8200,150.15,9.76,0.00
8201,161.70,8.90,0.00
8202,168.00,9.88,0.00
8203,170.10,11.50,0.00
8204,158.55,13.61,0.00
8205,138.60,16.09,0.00
8206,117.60,17.47,0.00
8207,103.95,18.66,1.48
8208,87.40,14.11,10.73
8209,82.65,6.68,18.39
8210,78.85,7.88,24.96
8211,76.95,8.52,32.49
8212,77.90,5.76,40.42
8213,84.55,3.84,37.08
8214,97.85,2.83,28.43
8215,115.90,2.35,17.22
8216,132.05,3.19,5.61
8217,137.75,7.42,0.00
8218,133.95,13.68,0.00
8219,127.30,17.98,0.00
8220,121.60,17.81,0.00
8221,118.75,16.02,0.00
8222,120.65,13.68,0.00
8223,126.35,11.56,0.00
8224,135.85,10.49,0.00
8225,146.30,10.86,0.00
8226,152.00,12.36,0.00
8227,153.90,13.39,0.00
8228,143.45,13.39,0.00
8229,125.40,13.04,0.00
8230,106.40,12.42,0.00
8231,94.05,10.61,0.66
8232,92.00,7.98,3.65
8233,87.00,9.24,6.74
8234,83.00,12.97,9.07
8235,81.00,13.90,12.60
8236,82.00,13.97,13.71
8237,89.00,16.49,10.35
8238,103.00,18.58,9.92
8239,122.00,14.78,5.83
8240,139.00,11.24,2.02
8241,145.00,12.77,0.00
8242,141.00,19.72,0.00
8243,134.00,28.29,0.00
8244,128.00,27.73,0.00
8245,125.00,36.59,0.00
8246,127.00,32.27,0.00
8247,133.00,12.15,0.00
8248,143.00,5.00,0.00
8249,154.00,13.11,0.00
8250,160.00,62.09,0.00
8251,162.00,100.00,0.00
8252,151.00,100.00,0.00
8253,132.00,100.00,0.00
8254,112.00,100.00,0.00
8255,99.00,95.99,1.11
8256,96.60,95.25,7.42
8257,91.35,88.76,13.62
8258,87.15,73.71,9.75
8259,85.05,69.43,15.12
8260,86.10,84.37,17.44
8261,93.45,84.60,14.70
8262,108.15,68.83,8.05
8263,128.10,60.07,6.28
8264,145.95,54.08,3.07
8265,152.25,51.24,0.00
8266,148.05,51.57,0.00
8267,140.70,46.93,0.00
8268,134.40,38.48,0.00
8269,131.25,32.52,0.00
8270,133.35,29.19,0.00
8271,139.65,30.12,0.00
8272,150.15,30.59,0.00
8273,161.70,26.63,0.00
8274,168.00,22.14,0.00
8275,170.10,19.28,0.00
8276,158.55,18.06,0.00
8277,138.60,15.55,0.00
8278,117.60,12.15,0.00
8279,103.95,9.59,2.63
8280,87.40,5.20,15.91
8281,82.65,1.77,31.93
8282,78.85,0.15,45.18
8283,76.95,0.00,52.78
8284,77.90,0.00,46.96
8285,84.55,0.00,35.56
8286,97.85,0.00,27.90
8287,115.90,0.00,14.81
8288,132.05,0.00,4.88
8289,137.75,0.00,0.00
8290,133.95,0.00,0.00
8291,127.30,0.00,0.00
8292,121.60,0.00,0.00
8293,118.75,0.91,0.00
8294,120.65,2.96,0.00
8295,126.35,6.12,0.00
8296,135.85,9.19,0.00
8297,146.30,12.70,0.00
8298,152.00,16.90,0.00
8299,153.90,21.10,0.00
8300,143.45,22.14,0.00
8301,125.40,21.66,0.00
8302,106.40,20.63,0.00
8303,94.05,18.40,0.82
8304,92.00,19.10,4.68
8305,87.00,14.78,7.40
8306,83.00,8.74,13.86
8307,81.00,5.41,12.15
8308,82.00,3.39,13.10
8309,89.00,1.56,15.62
8310,103.00,0.16,12.46
8311,122.00,0.00,9.11
8312,139.00,0.00,4.22
8313,145.00,0.60,0.00
8314,141.00,3.66,0.00
8315,134.00,5.12,0.00
8316,128.00,4.40,0.00
8317,125.00,4.10,0.00
8318,127.00,2.58,0.00
8319,133.00,0.25,0.00
8320,143.00,0.00,0.00
8321,154.00,0.00,0.00
8322,160.00,0.00,0.00
8323,162.00,0.00,0.00
8324,151.00,0.47,0.00
8325,132.00,1.82,0.00
8326,112.00,2.43,0.00
8327,99.00,1.87,0.66
8328,96.60,0.00,3.53
8329,91.35,0.00,5.37
8330,87.15,0.00,6.15
8331,85.05,0.00,9.95
8332,86.10,0.00,10.29
8333,93.45,0.00,9.58
8334,108.15,0.10,9.38
8335,128.10,3.73,7.07
8336,145.95,17.39,3.75
8337,152.25,31.79,0.00
8338,148.05,36.73,0.00
8339,140.70,43.74,0.00
8340,134.40,50.10,0.00
8341,131.25,63.22,0.00
8342,133.35,93.30,0.00
8343,139.65,100.00,0.00
8344,150.15,91.61,0.00
8345,161.70,69.43,0.00
8346,168.00,89.70,0.00
8347,170.10,99.24,0.00
8348,158.55,94.03,0.00
8349,138.60,99.49,0.00
8350,117.60,97.98,0.00
8351,103.95,80.79,0.59
8352,87.40,86.43,3.95
8353,82.65,100.00,7.71
8354,78.85,87.36,10.38
8355,76.95,88.76,8.96
8356,77.90,100.00,12.19
8357,84.55,100.00,6.40
8358,97.85,100.00,6.28
8359,115.90,100.00,5.49
8360,132.05,100.00,3.38
8361,137.75,100.00,0.00
8362,133.95,100.00,0.00
8363,127.30,100.00,0.00
8364,121.60,84.37,0.00
8365,118.75,58.80,0.00
8366,120.65,43.74,0.00
8367,126.35,35.42,0.00
8368,135.85,32.64,0.00
8369,146.30,27.40,0.00
8370,152.00,23.21,0.00
8371,153.90,21.66,0.00
8372,143.45,20.91,0.00
8373,125.40,18.15,0.00
8374,106.40,14.56,0.00
8375,94.05,13.90,2.00
8376,92.00,13.82,11.85
8377,87.00,20.91,22.43
8378,83.00,22.14,26.07
8379,81.00,23.21,33.38
8380,82.00,29.66,21.83
8381,89.00,38.89,25.20
8382,103.00,44.94,18.86
8383,122.00,47.24,18.95
8384,139.00,41.13,7.48
8385,145.00,28.63,0.00
8386,141.00,22.24,0.00
8387,134.00,18.40,0.00
8388,128.00,14.48,0.00
8389,125.00,10.86,0.00
8390,127.00,9.36,0.00
8391,133.00,11.63,0.00
8392,143.00,14.04,0.00
8393,154.00,13.47,0.00
8394,160.00,12.02,0.00
8395,162.00,9.94,0.00
8396,151.00,7.62,0.00
8397,132.00,5.08,0.00
8398,112.00,3.32,0.00
8399,99.00,2.86,2.48
8400,96.60,2.68,15.23
8401,91.35,4.79,28.24
8402,87.15,4.67,36.58
8403,85.05,2.49,40.45
8404,86.10,1.22,27.78
8405,93.45,0.93,17.67
8406,108.15,1.20,15.81
8407,128.10,1.51,11.28
8408,145.95,1.72,4.36
8409,152.25,2.04,0.00
8410,148.05,3.32,0.00
8411,140.70,5.04,0.00
8412,134.40,5.50,0.00
8413,131.25,4.83,0.00
8414,133.35,4.13,0.00
8415,139.65,4.63,0.00
8416,150.15,5.08,0.00
8417,161.70,5.67,0.00
8418,168.00,6.58,0.00
8419,170.10,7.26,0.00
8420,158.55,6.40,0.00
8421,138.60,4.63,0.00
8422,117.60,3.22,0.00
8423,103.95,1.95,0.56
8424,87.40,0.47,3.04
8425,82.65,0.00,4.33
8426,78.85,0.00,4.76
8427,76.95,0.00,6.71
8428,77.90,0.15,9.09
8429,84.55,1.46,9.75
8430,97.85,2.71,8.29
8431,115.90,3.22,5.70
8432,132.05,2.89,2.01
8433,137.75,2.71,0.17
8434,133.95,3.35,0.00
8435,127.30,4.06,0.00
8436,121.60,4.21,0.00
8437,118.75,4.13,0.00
8438,120.65,4.13,0.00
8439,126.35,3.95,0.00
8440,135.85,3.59,0.00
8441,146.30,3.39,0.00
8442,152.00,2.52,0.00
8443,153.90,1.20,0.00
8444,143.45,0.10,0.00
8445,125.40,0.00,0.00
8446,106.40,0.00,0.00
8447,94.05,0.00,2.30
8448,92.00,0.00,18.54
8449,87.00,0.10,38.27
8450,83.00,0.43,55.89
8451,81.00,1.37,66.55
8452,82.00,2.86,67.75
8453,89.00,4.71,54.02
8454,103.00,6.77,45.75
8455,122.00,9.07,27.74
8456,139.00,10.06,9.42
8457,145.00,11.05,0.42
8458,141.00,16.09,0.00
8459,134.00,21.10,0.00
8460,128.00,22.72,0.00
8461,125.00,22.14,0.00
8462,127.00,20.45,0.00
8463,133.00,19.01,0.00
8464,143.00,15.78,0.00
8465,154.00,13.68,0.00
8466,160.00,15.31,0.00
8467,162.00,18.15,0.00
8468,151.00,19.10,0.00
8469,132.00,17.14,0.00
8470,112.00,15.31,0.00
8471,99.00,13.25,1.83
8472,96.60,8.63,15.69
8473,91.35,7.67,36.84
8474,87.15,5.59,51.39
8475,85.05,4.48,66.00
8476,86.10,5.59,48.30
8477,93.45,8.30,47.70
8478,108.15,13.32,38.26
8479,128.10,21.28,24.26
8480,145.95,30.59,9.31
8481,152.25,37.80,0.46
8482,148.05,40.98,0.00
8483,140.70,38.34,0.00
8484,134.40,35.03,0.00
8485,131.25,31.18,0.00
8486,133.35,25.88,0.00
8487,139.65,24.53,0.00
8488,150.15,23.51,0.00
8489,161.70,20.63,0.00
8490,168.00,16.82,0.00
8491,170.10,13.39,0.00
8492,158.55,11.50,0.00
8493,138.60,11.95,0.00
8494,117.60,13.75,0.00
8495,103.95,15.47,2.76
8496,87.40,13.75,23.32
8497,82.65,30.12,48.83
8498,78.85,34.64,71.37
8499,76.95,34.64,86.62
8500,77.90,35.81,83.60
8501,84.55,38.89,78.56
8502,97.85,42.86,63.24
8503,115.90,47.40,39.03
8504,132.05,47.87,14.86
8505,137.75,40.70,0.60
8506,133.95,37.66,0.00
8507,127.30,30.59,0.00
8508,121.60,24.32,0.00
8509,118.75,19.01,0.00
8510,120.65,15.55,0.00
8511,126.35,13.61,0.00
8512,135.85,12.56,0.00
8513,146.30,10.86,0.00
8514,152.00,7.77,0.00
8515,153.90,5.37,0.00
8516,143.45,3.05,0.00
8517,125.40,1.87,0.00
8518,106.40,1.66,0.00
8519,94.05,1.51,2.84
8520,92.00,1.79,23.17
8521,87.00,2.23,44.54
8522,83.00,1.11,61.13
8523,81.00,0.02,73.18
8524,82.00,0.00,81.86
8525,89.00,0.87,78.00
8526,103.00,2.38,60.05
8527,122.00,4.21,36.86
8528,139.00,4.83,14.36
8529,145.00,5.16,0.57
8530,141.00,6.07,0.00
8531,134.00,5.98,0.00
8532,128.00,4.71,0.00
8533,125.00,3.77,0.00
8534,127.00,2.99,0.00
8535,133.00,1.87,0.00
8536,143.00,1.34,0.00
8537,154.00,0.56,0.00
8538,160.00,0.00,0.00
8539,162.00,0.00,0.00
8540,151.00,0.00,0.00
8541,132.00,0.00,0.00
8542,112.00,0.00,0.00
8543,99.00,0.00,2.11
8544,96.60,0.00,20.01
8545,91.35,0.00,42.70
8546,87.15,0.00,64.58
8547,85.05,0.00,78.80
8548,86.10,0.00,87.24
8549,93.45,0.00,79.68
8550,108.15,0.00,60.67
8551,128.10,0.72,36.96
8552,145.95,1.44,13.06
8553,152.25,1.41,0.57
8554,148.05,1.09,0.00
8555,140.70,0.70,0.00
8556,134.40,0.25,0.00
8557,131.25,0.00,0.00
8558,133.35,0.00,0.00
8559,139.65,0.98,0.00
8560,150.15,2.41,0.00
8561,161.70,3.70,0.00
8562,168.00,4.02,0.00
8563,170.10,4.10,0.00
8564,158.55,4.48,0.00
8565,138.60,5.04,0.00
8566,117.60,5.63,0.00
8567,103.95,6.12,2.29
8568,87.40,3.49,19.66
8569,82.65,0.74,42.40
8570,78.85,1.79,62.95
8571,76.95,0.62,77.02
8572,77.90,0.10,83.90
8573,84.55,0.22,78.22
8574,97.85,0.47,62.11
8575,115.90,0.68,39.50
8576,132.05,0.85,14.96
8577,137.75,1.44,0.66
8578,133.95,2.23,0.00
8579,127.30,3.02,0.00
8580,121.60,2.71,0.00
8581,118.75,1.51,0.00
8582,120.65,0.27,0.00
8583,126.35,0.00,0.00
8584,135.85,0.00,0.00
8585,146.30,0.00,0.00
8586,152.00,0.00,0.00
8587,153.90,0.00,0.00
8588,143.45,0.00,0.00
8589,125.40,0.00,0.00
8590,106.40,0.00,0.00
8591,94.05,0.00,2.41
8592,92.00,0.00,22.52
8593,87.00,0.00,47.21
8594,83.00,0.00,68.35
8595,81.00,0.00,80.77
8596,82.00,0.00,89.31
8597,89.00,0.00,83.50
8598,103.00,0.00,64.88
8599,122.00,0.00,40.80
8600,139.00,0.58,15.98
8601,145.00,3.49,0.68
8602,141.00,8.25,0.00
8603,134.00,13.90,0.00
8604,128.00,16.82,0.00
8605,125.00,16.09,0.00
8606,127.00,13.04,0.00
8607,133.00,10.86,0.00
8608,143.00,11.37,0.00
8609,154.00,13.32,0.00
8610,160.00,8.46,0.00
8611,162.00,7.62,0.00
8612,151.00,5.16,0.00
8613,132.00,3.84,0.00
8614,112.00,5.00,0.00
8615,99.00,7.72,1.54
8616,96.60,7.26,17.42
8617,91.35,2.32,39.69
8618,87.15,0.49,54.27
8619,85.05,0.02,65.58
8620,86.10,0.00,73.37
8621,93.45,0.00,62.24
8622,108.15,0.00,48.38
8623,128.10,0.00,29.48
8624,145.95,0.00,11.22
8625,152.25,0.00,0.55
8626,148.05,0.00,0.00
8627,140.70,0.00,0.00
8628,134.40,0.23,0.00
8629,131.25,0.85,0.00
8630,133.35,1.00,0.00
8631,139.65,0.56,0.00
8632,150.15,0.03,0.00
8633,161.70,0.20,0.00
8634,168.00,1.54,0.00
8635,170.10,4.25,0.00
8636,158.55,8.25,0.00
8637,138.60,10.36,0.00
8638,117.60,9.53,0.00
8639,103.95,8.63,1.74
8640,87.40,5.33,16.19
8641,82.65,2.43,39.62
8642,78.85,1.07,54.72
8643,76.95,0.00,67.12
8644,77.90,0.00,62.40
8645,84.55,0.00,57.19
8646,97.85,0.00,43.53
8647,115.90,0.00,26.46
8648,132.05,3.39,9.17
8649,137.75,12.97,0.53
8650,133.95,24.02,0.00
8651,127.30,25.78,0.00
8652,121.60,21.10,0.00
8653,118.75,16.25,0.00
8654,120.65,11.56,0.00
8655,126.35,7.88,0.00
8656,135.85,3.88,0.00
8657,146.30,0.34,0.00
8658,152.00,0.00,0.00
8659,153.90,0.00,0.00
8660,143.45,0.00,0.00
8661,125.40,0.00,0.00
8662,106.40,0.00,0.00
8663,94.05,0.00,1.11
8664,92.00,0.00,9.18
8665,87.00,0.00,23.53
8666,83.00,0.00,37.35
8667,81.00,0.00,47.75
8668,82.00,0.00,44.57
8669,89.00,0.00,41.43
8670,103.00,0.00,32.70
8671,122.00,0.00,20.10
8672,139.00,0.00,7.48
8673,145.00,1.69,0.47
8674,141.00,6.03,0.00
8675,134.00,10.49,0.00
8676,128.00,11.63,0.00
8677,125.00,9.13,0.00
8678,127.00,5.12,0.00
8679,133.00,2.68,0.00
8680,143.00,1.34,0.00
8681,154.00,0.95,0.00
8682,160.00,1.09,0.00
8683,162.00,1.20,0.00
8684,151.00,1.18,0.00
8685,132.00,0.98,0.00
8686,112.00,0.72,0.00
8687,99.00,0.85,1.06
8688,96.60,0.64,9.14
8689,91.35,0.08,21.59
8690,87.15,0.00,34.65
8691,85.05,0.00,45.09
8692,86.10,0.00,49.10
8693,93.45,0.00,27.51
8694,108.15,0.00,25.99
8695,128.10,0.00,16.81
8696,145.95,0.64,5.02
8697,152.25,1.93,0.41
8698,148.05,2.86,0.00
8699,140.70,2.89,0.00
8700,134.40,2.61,0.00
8701,131.25,4.63,0.00
8702,133.35,3.42,0.00
8703,139.65,0.00,0.00
8704,150.15,0.00,0.00
8705,161.70,0.00,0.00
8706,168.00,0.00,0.00
8707,170.10,0.00,0.00
8708,158.55,0.20,0.00
8709,138.60,0.53,0.00
8710,117.60,0.25,0.00
8711,103.95,0.00,1.53
8712,87.40,0.00,14.10
8713,82.65,0.00,31.80
8714,78.85,0.00,49.00
8715,76.95,0.45,63.33
8716,77.90,1.79,64.98
8717,84.55,3.91,62.04
8718,97.85,4.75,50.28
8719,115.90,4.56,31.62
8720,132.05,3.88,12.36
8721,137.75,2.41,0.86
8722,133.95,0.00,0.00
8723,127.30,0.00,0.00
8724,121.60,0.00,0.00
8725,118.75,0.00,0.00
8726,120.65,0.00,0.00
8727,126.35,0.00,0.00
8728,135.85,0.00,0.00
8729,146.30,0.00,0.00
8730,152.00,2.29,0.00
8731,153.90,6.97,0.00
8732,143.45,9.02,0.00
8733,125.40,10.30,0.00
8734,106.40,10.98,0.00
8735,94.05,9.94,2.18
8736,92.00,4.48,22.10
8737,87.00,1.61,47.92
8738,83.00,1.32,70.26
8739,81.00,3.02,85.81
8740,82.00,3.77,82.90
8741,89.00,6.40,74.42
8742,103.00,14.11,61.19
8743,122.00,24.84,40.59
8744,139.00,30.12,16.51
8745,145.00,41.70,1.01
8746,141.00,51.57,0.00
8747,134.00,47.55,0.00
8748,128.00,37.80,0.00
8749,125.00,29.66,0.00
8750,127.00,24.12,0.00
8751,133.00,22.24,0.00
8752,143.00,20.91,0.00
8753,154.00,18.58,0.00
8754,160.00,14.56,0.00
8755,162.00,10.67,0.00
8756,151.00,8.19,0.00
8757,132.00,6.30,0.00
8758,112.00,4.44,0.00
8759,99.00,3.32,1.72
