metric,cluster,cluster_full,representative_value,replacement,adjustment,total,seed,day_set,day,date_UTC,days,effective_days
renewable_available_MWh,0,3139.1199999999999,1091.6099999999999,135.71000000000004,3.2770602231835255e-10,135.71000000032745,42,old,43,2023-02-13,3,3.0000000000003002
renewable_available_MWh,1,7200.7700000000004,714.05000000000007,-60.269999999999527,0,-60.269999999999527,42,old,211,2023-07-31,10,10
renewable_available_MWh,2,3282.1100000000001,302.55000000000001,348.49000000000024,-0.0028599990986277746,348.48714000090149,42,old,1,2023-01-02,12,11.999990547020001
renewable_available_MWh,3,18968,907.20000000000005,-824,-3.2230218494078146e-12,-824.00000000000364,42,old,63,2023-03-05,20,19.999999999999996
renewable_available_MWh,4,4174.7200000000003,1520.77,387.58999999999924,1663.3437770792889,2050.9337770792881,42,old,12,2023-01-13,3,4.0937510452463481
renewable_available_MWh,5,4316.71,1099.77,82.369999999999891,-4.8839599031680336e-13,82.369999999998981,42,old,31,2023-02-01,4,3.9999999999999996
renewable_available_MWh,6,11232.639999999999,708.62,-603.34000000000015,-5.3245631903564574e-10,-603.34000000053129,42,old,302,2023-10-30,15,14.999999999999249
renewable_available_MWh,7,3421.6000000000004,1584.6600000000001,-252.2800000000002,-3.5186520364050013e-13,-252.28000000000065,42,old,187,2023-07-07,2,1.9999999999999998
renewable_available_MWh,8,2313.9700000000003,1102.74,-108.49000000000024,-2.4485746763502903e-13,-108.49000000000069,42,old,179,2023-06-29,2,1.9999999999999998
renewable_available_MWh,9,12051.049999999999,566.21000000000004,-726.84999999999854,-0.0012447051009706201,-726.85124470509982,42,old,7,2023-01-08,20,19.999997801690007
renewable_available_MWh,10,2431.23,2431.23,0,-2.6992075241594194e-13,-4.5474735088646412e-13,42,old,13,2023-01-14,1,0.99999999999999989
renewable_available_MWh,11,6805.1099999999997,1273.8399999999999,-435.90999999999985,0,-435.90999999999985,42,old,183,2023-07-03,5,5
renewable_available_MWh,12,18907.650000000001,949.47000000000003,-1817.1900000000023,-8545.2151708889014,-10362.405170888904,42,old,228,2023-08-17,18,9.0000156183039994
renewable_available_MWh,13,10316.110000000001,453.80000000000001,-332.51000000000022,-3217.4925250841561,-3550.0025250841563,42,old,363,2023-12-30,22,14.909888662220899
renewable_available_MWh,14,7736.0100000000002,2021.1900000000001,348.75,8084.7600000000002,8433.5100000000002,42,old,106,2023-04-17,4,8
renewable_available_MWh,15,2118.9299999999998,2118.9299999999998,0,0,0,42,old,91,2023-04-02,1,1
renewable_available_MWh,16,4676.1900000000005,1051.1100000000001,-471.75,0,-471.75,42,old,238,2023-08-27,4,4
renewable_available_MWh,17,7942.2800000000007,729.25999999999999,808.83999999999833,3.4976501694927722e-10,808.84000000034939,42,old,165,2023-06-15,12,12.00000000000048
renewable_available_MWh,18,11763.379999999999,1485.55,121.02000000000044,0,121.02000000000044,42,old,105,2023-04-16,8,8
renewable_available_MWh,19,9377.5300000000007,447.81999999999994,-1316.7700000000023,-6.4752732953365908e-10,-1316.7700000006489,42,old,86,2023-03-28,18,17.999999999998554
renewable_available_MWh,20,1624.05,1624.05,0,-1.8030577031424854e-13,-2.2737367544323206e-13,42,old,348,2023-12-15,1,0.99999999999999989
renewable_available_MWh,21,2468.5899999999997,1151.9099999999999,-164.76999999999998,0,-164.76999999999998,42,old,152,2023-06-02,2,2
renewable_available_MWh,22,10370.48,1164.28,-1056.2399999999998,-1.0340883704884618e-12,-1056.2400000000016,42,old,94,2023-04-05,8,7.9999999999999991
renewable_available_MWh,23,5212.5599999999995,1640.3499999999999,-291.51000000000022,4.9171167137984639e-10,-291.50999999950818,42,old,104,2023-04-15,3,3.0000000000002998
renewable_available_MWh,24,3749.5799999999999,1278.49,85.890000000000327,1068.7483509825149,1154.6383509825155,42,old,125,2023-05-06,3,3.8359458040207706
renewable_available_MWh,25,4112.6599999999999,1076.73,194.26000000000022,-9.5632834984371586e-13,194.25999999999931,42,old,315,2023-11-12,4,3.9999999999999991
renewable_available_MWh,26,4087.6800000000003,1813.2600000000002,-461.15999999999985,-4.0262460032636232e-13,-461.16000000000031,42,old,92,2023-04-03,2,1.9999999999999998
renewable_available_MWh,27,2588.77,436.56,-405.9699999999998,-3.8774317090428667e-13,-405.97000000000025,42,old,345,2023-12-12,5,4.9999999999999991
renewable_available_MWh,28,7738.1899999999996,620.85000000000002,-287.98999999999887,2.9887265995398594e-10,-287.98999999970056,42,old,196,2023-07-16,12,12.000000000000481
renewable_available_MWh,29,1734.3000000000002,1734.3000000000002,0,0,0,42,old,332,2023-11-29,1,1
renewable_available_MWh,30,14436.709999999999,983.53999999999996,1299.9300000000003,-1.7471180058237223e-12,1299.9299999999985,42,old,259,2023-09-17,16,15.999999999999998
renewable_available_MWh,31,4184.8800000000001,862.58999999999992,128.06999999999971,0,128.06999999999971,42,old,188,2023-07-08,5,5
renewable_available_MWh,32,2758.29,683.28999999999996,-25.130000000000109,0,-25.130000000000109,42,old,262,2023-09-20,4,4
renewable_available_MWh,33,4520.7299999999996,259.13,-374.64999999999964,-4.6030734779378689e-13,-374.65000000000055,42,old,316,2023-11-13,16,15.999999999999998
renewable_available_MWh,34,8095.9000000000005,681.82999999999993,-1277.6000000000013,0,-1277.6000000000013,42,old,352,2023-12-19,10,10
renewable_available_MWh,35,1187.1900000000001,1187.1900000000001,0,-1.3180456726047397e-13,-2.2737367544323206e-13,42,old,123,2023-05-04,1,0.99999999999999989
renewable_available_MWh,36,2292.0299999999997,2292.0299999999997,0,-2.5446644791315973e-13,-4.5474735088646412e-13,42,old,186,2023-07-06,1,0.99999999999999989
renewable_available_MWh,37,1943.5999999999999,1943.5999999999999,0,0,0,42,old,70,2023-03-12,1,1
renewable_available_MWh,38,14333.6,716.64999999999998,-717.25,-4.0736836126598064e-10,-717.25000000040745,42,old,27,2023-01-28,19,18.999999999999432
renewable_available_MWh,39,7358.21,282.48000000000002,-1143.6499999999996,-6.2221374719229063e-10,-1143.6500000006217,42,old,275,2023-10-03,22,21.999999999997797
renewable_available_MWh,40,2023.73,414.12,-367.25,-1.8390622358310793e-13,-367.25000000000023,42,old,112,2023-04-23,4,3.9999999999999996
renewable_available_MWh,41,20176.809999999998,1088.26,500.13000000000102,11057.168354129679,11557.298354129682,42,old,206,2023-07-26,19,29.16041052150192
renewable_available_MWh,42,1415.4899999999998,1415.4899999999998,0,0,0,42,old,74,2023-03-16,1,1
renewable_available_MWh,43,1498.7,1498.7,0,0,0,42,old,140,2023-05-21,1,1
renewable_available_MWh,44,14229.59,1038.28,-731.95000000000073,-5.385518875300477e-10,-731.95000000053915,42,old,289,2023-10-17,13,12.999999999999481
renewable_available_MWh,45,939.86000000000001,939.86000000000001,0,-1.0434542119241996e-13,-1.1368683772161603e-13,42,old,343,2023-12-10,1,0.99999999999999989
renewable_available_MWh,46,2204.77,536.06999999999994,-60.490000000000236,4.7612580544864608e-13,-60.489999999999782,42,old,333,2023-11-30,4,4.0000000000000009
renewable_available_MWh,47,1949.8299999999999,856.06999999999994,-237.69000000000005,0,-237.69000000000005,42,old,308,2023-11-05,2,2
renewable_used_MWh,0,2714.9345454293148,978.19113552629835,219.63886114958041,2.9365719083774954e-10,219.63886114987417,42,old,43,2023-02-13,3,3.0000000000003002
renewable_used_MWh,1,6298.9720063016903,644.06624999999121,141.69049369822187,0,141.69049369822187,42,old,211,2023-07-31,10,10
renewable_used_MWh,2,3282.1100000000001,302.55000000000001,348.49000000000024,-0.0028599990986277746,348.48714000090149,42,old,1,2023-01-02,12,11.999990547020001
renewable_used_MWh,3,13097.976816016955,612.91709724999384,-839.63487101707869,-2.17751895537075e-12,-839.63487101708051,42,old,63,2023-03-05,20,19.999999999999996
renewable_used_MWh,4,4089.9069210526295,1473.7384999999977,331.30857894736346,1611.9030247947826,1943.2116037421465,42,old,12,2023-01-13,3,4.0937510452463481
renewable_used_MWh,5,4278.7426315789471,1078.7042105263158,36.074210526316165,-4.7904090051456719e-13,36.074210526315255,42,old,31,2023-02-01,4,3.9999999999999996
renewable_used_MWh,6,8966.6744080585304,562.00632499998642,-536.57953305873343,-4.2229095860156865e-10,-536.57953305915726,42,old,302,2023-10-30,15,14.999999999999249
renewable_used_MWh,7,2057.3081994459367,965.85409972296839,-125.59999999999991,-2.1446269198820831e-13,-125.60000000000014,42,old,187,2023-07-07,2,1.9999999999999998
renewable_used_MWh,8,1376.1785497229475,716.40409972296834,56.629649722989143,-1.5907366528965924e-13,56.629649722988916,42,old,179,2023-06-29,2,1.9999999999999998
renewable_used_MWh,9,9933.6961076275402,449.2995999999884,-947.70410762777283,-0.0009876998003992242,-947.70509532757205,42,old,7,2023-01-08,20,19.999997801690007
renewable_used_MWh,10,2077.0240997229685,2077.0240997229685,0,-2.3059599782137768e-13,-4.5474735088646412e-13,42,old,13,2023-01-14,1,0.99999999999999989
renewable_used_MWh,11,4670.7289208447828,915.72554016618415,-92.101220013862076,0,-92.101220013862076,42,old,183,2023-07-03,5,5
renewable_used_MWh,12,11976.588664932789,587.93094999997857,-1393.8315649331762,-5291.3693675154991,-6685.2009324486744,42,old,228,2023-08-17,18,9.0000156183039994
renewable_used_MWh,13,9815.4009047234795,423.01451052630972,-509.08167314466482,-2999.2199771276655,-3508.3016502723312,42,old,363,2023-12-30,22,14.909888662220899
renewable_used_MWh,14,4161.5711994458943,1049.4940997229685,36.405199445979633,4197.9763988918739,4234.3815983378536,42,old,106,2023-04-17,4,8
renewable_used_MWh,15,1587.7129374999906,1587.7129374999906,0,0,0,42,old,91,2023-04-02,1,1
renewable_used_MWh,16,4556.8548753462474,1051.1100000000001,-352.41487534624684,0,-352.41487534624684,42,old,238,2023-08-27,4,4
renewable_used_MWh,17,6451.5648695068103,593.49832499998649,670.4150304930281,2.8465149837230605e-10,670.41503049331186,42,old,165,2023-06-15,12,12.00000000000048
renewable_used_MWh,18,8096.4131088640952,969.25409972296848,-342.38031108034738,0,-342.38031108034738,42,old,105,2023-04-16,8,8
renewable_used_MWh,19,8858.3058938398735,440.63421052631577,-926.89010436618992,-6.3713700514331083e-10,-926.89010436682656,42,old,86,2023-03-28,18,17.999999999998554
renewable_used_MWh,20,1284.1840997229683,1284.1840997229683,0,-1.4257307553699675e-13,-2.2737367544323206e-13,42,old,348,2023-12-15,1,0.99999999999999989
renewable_used_MWh,21,2279.151424999995,1151.9099999999999,24.668575000004694,0,24.668575000004694,42,old,152,2023-06-02,2,2
renewable_used_MWh,22,6618.8813455619884,739.48210526313892,-703.02450345687703,-6.5679204764913639e-13,-703.02450345687794,42,old,94,2023-04-05,8,7.9999999999999991
renewable_used_MWh,23,4099.1067934556295,1340.6955401661894,-77.020172957061277,4.018871855802865e-10,-77.02017295665928,42,old,104,2023-04-15,3,3.0000000000002998
renewable_used_MWh,24,3749.5799999999999,1278.49,85.890000000000327,1068.7483509825149,1154.6383509825155,42,old,125,2023-05-06,3,3.8359458040207706
renewable_used_MWh,25,3340.464236218781,889.21421052629785,216.39260588641037,-7.8978087228014169e-13,216.39260588640946,42,old,315,2023-11-12,4,3.9999999999999991
renewable_used_MWh,26,3303.0150802631169,1539.234974999983,-224.5451302631509,-3.4177882191066167e-13,-224.54513026315135,42,old,92,2023-04-03,2,1.9999999999999998
renewable_used_MWh,27,2588.77,436.55999999999995,-405.97000000000025,-3.8774317090428662e-13,-405.97000000000071,42,old,345,2023-12-12,5,4.9999999999999991
renewable_used_MWh,28,7368.5685161827969,610.35764802631661,-44.276739866997559,2.9382171827153734e-10,-44.276739866703792,42,old,196,2023-07-16,12,12.000000000000481
renewable_used_MWh,29,1460.1942105263031,1460.1942105263031,0,0,0,42,old,332,2023-11-29,1,1
renewable_used_MWh,30,10467.521432479283,723.25219016620088,1104.5136101799308,-1.2847539746129415e-12,1104.5136101799289,42,old,259,2023-09-17,16,15.999999999999998
renewable_used_MWh,31,3534.5478930540799,730.4336249999875,117.62023194585754,0,117.62023194585754,42,old,188,2023-07-08,5,5
renewable_used_MWh,32,2690.1348753462471,683.28999999999996,43.025124653752755,0,43.025124653752755,42,old,262,2023-09-20,4,4
renewable_used_MWh,33,4520.7299999999996,259.13,-374.64999999999964,-4.6030734779378689e-13,-374.65000000000055,42,old,316,2023-11-13,16,15.999999999999998
renewable_used_MWh,34,7757.4377266966521,676.12647302632035,-996.17299643344904,0,-996.17299643344904,42,old,352,2023-12-19,10,10
renewable_used_MWh,35,771.48343490303159,771.48343490303159,0,-8.565186725462488e-14,-1.1368683772161603e-13,42,old,123,2023-05-04,1,0.99999999999999989
renewable_used_MWh,36,1466.1862049861263,1466.1862049861263,0,-1.6277936831633769e-13,-2.2737367544323206e-13,42,old,186,2023-07-06,1,0.99999999999999989
renewable_used_MWh,37,935.15210526313263,935.15210526313263,0,0,0,42,old,70,2023-03-12,1,1
renewable_used_MWh,38,10400.51846056857,505.02554016618944,-805.03319741097039,-2.8707378315072527e-10,-805.03319741125779,42,old,27,2023-01-28,19,18.999999999999432
renewable_used_MWh,39,7346.3656249999995,282.48000000000002,-1131.8056249999991,-6.2221374719229063e-10,-1131.8056250006211,42,old,275,2023-10-03,22,21.999999999997797
renewable_used_MWh,40,2023.73,414.12,-367.25,-1.8390622358310793e-13,-367.25000000000023,42,old,112,2023-04-23,4,3.9999999999999996
renewable_used_MWh,41,14053.902229535624,788.40164999997967,925.7291204639896,8010.4844198292676,8936.2135402932563,42,old,206,2023-07-26,19,29.16041052150192
renewable_used_MWh,42,1263.6799999999926,1263.6799999999926,0,0,0,42,old,74,2023-03-16,1,1
renewable_used_MWh,43,1498.7,1498.7,0,0,0,42,old,140,2023-05-21,1,1
renewable_used_MWh,44,10987.750618635029,776.64421052629791,-891.37588179315571,-4.0284239850350719e-10,-891.37588179355953,42,old,289,2023-10-17,13,12.999999999999481
renewable_used_MWh,45,910.71499999999969,910.71499999999969,0,-1.0110967618714991e-13,-1.1368683772161603e-13,42,old,343,2023-12-10,1,0.99999999999999989
renewable_used_MWh,46,2204.77,536.06999999999994,-60.490000000000236,4.7612580544864608e-13,-60.489999999999782,42,old,333,2023-11-30,4,4.0000000000000009
renewable_used_MWh,47,1908.4793499999971,856.06999999999994,-196.33934999999724,0,-196.33934999999724,42,old,308,2023-11-05,2,2
curtailment_MWh,0,424.18545457068512,113.41886447370167,-83.928861149580086,3.4048831480603037e-11,-83.928861149546037,42,old,43,2023-02-13,3,3.0000000000003002
curtailment_MWh,1,901.79799369830971,69.983750000008797,-201.96049369822174,0,-201.96049369822174,42,old,211,2023-07-31,10,10
curtailment_MWh,2,0,0,0,-0,0,42,old,1,2023-01-02,12,11.999990547020001
curtailment_MWh,3,5870.0231839830431,294.28290275000614,15.634871017079604,-1.0455028940370644e-12,15.634871017078694,42,old,63,2023-03-05,20,19.999999999999996
curtailment_MWh,4,84.813078947370926,47.031500000002438,56.281421052636389,51.440752284506289,107.72217333714268,42,old,12,2023-01-13,3,4.0937510452463481
curtailment_MWh,5,37.967368421052697,21.06578947368423,46.295789473684223,-9.3550898022361962e-15,46.295789473684209,42,old,31,2023-02-01,4,3.9999999999999996
curtailment_MWh,6,2265.9655919414695,146.6136750000135,-66.760466941267168,-1.1016536043407703e-10,-66.760466941377217,42,old,302,2023-10-30,15,14.999999999999249
curtailment_MWh,7,1364.2918005540632,618.80590027703147,-126.68000000000029,-1.3740251165229177e-13,-126.68000000000052,42,old,187,2023-07-07,2,1.9999999999999998
curtailment_MWh,8,937.79145027705249,386.33590027703156,-165.11964972298938,-8.5783802345369765e-14,-165.11964972298949,42,old,179,2023-06-29,2,1.9999999999999998
curtailment_MWh,9,2117.35389237246,116.91040000001163,220.85410762777246,-0.00025700530057139588,220.85385062247224,42,old,7,2023-01-08,20,19.999997801690007
curtailment_MWh,10,354.20590027703156,354.20590027703156,0,-3.9324754594564255e-14,-5.6843418860808015e-14,42,old,13,2023-01-14,1,0.99999999999999989
curtailment_MWh,11,2134.3810791552169,358.11445983381583,-343.80877998613778,0,-343.80877998613778,42,old,183,2023-07-03,5,5
curtailment_MWh,12,6931.0613350672102,361.5390500000214,-423.35843506682522,-3253.8458033734018,-3677.2042384402271,42,old,228,2023-08-17,18,9.0000156183039994
curtailment_MWh,13,500.70909527652134,30.785489473690291,176.57167314466506,-218.27254795649068,-41.700874811825656,42,old,363,2023-12-30,22,14.909888662220899
curtailment_MWh,14,3574.4388005541055,971.69590027703157,312.34480055402082,3886.7836011081263,4199.1284016621466,42,old,106,2023-04-17,4,8
curtailment_MWh,15,531.21706250000943,531.21706250000943,0,0,0,42,old,91,2023-04-02,1,1
curtailment_MWh,16,119.33512465375267,0,-119.33512465375267,0,-119.33512465375267,42,old,238,2023-08-27,4,4
curtailment_MWh,17,1490.7151304931895,135.7616750000135,138.4249695069725,6.5113518576971153e-11,138.42496950703753,42,old,165,2023-06-15,12,12.00000000000048
curtailment_MWh,18,3666.9668911359049,516.29590027703159,463.40031108034782,0,463.40031108034782,42,old,105,2023-04-16,8,8
curtailment_MWh,19,519.22410616012655,7.1857894736842098,-389.87989563381075,-1.0390324390348388e-11,-389.87989563382121,42,old,86,2023-03-28,18,17.999999999998554
curtailment_MWh,20,339.86590027703159,339.86590027703159,0,-3.7732694777251783e-14,-5.6843418860808015e-14,42,old,348,2023-12-15,1,0.99999999999999989
curtailment_MWh,21,189.43857500000499,0,-189.43857500000499,0,-189.43857500000499,42,old,152,2023-06-02,2,2
curtailment_MWh,22,3751.5986544380116,424.79789473686105,-353.21549654312321,-3.772963228393254e-13,-353.21549654312366,42,old,94,2023-04-05,8,7.9999999999999991
curtailment_MWh,23,1113.4532065443705,299.65445983381056,-214.48982704293871,8.982448579955988e-11,-214.4898270428489,42,old,104,2023-04-15,3,3.0000000000002998
curtailment_MWh,24,0,0,0,0,0,42,old,125,2023-05-06,3,3.8359458040207706
curtailment_MWh,25,772.19576378121894,187.51578947370217,-22.132605886410261,-1.6654747756357417e-13,-22.132605886410374,42,old,315,2023-11-12,4,3.9999999999999991
curtailment_MWh,26,784.66491973688312,274.02502500001691,-236.6148697368493,-6.0845778415700582e-14,-236.61486973684941,42,old,92,2023-04-03,2,1.9999999999999998
curtailment_MWh,27,0,0,0,-0,0,42,old,345,2023-12-12,5,4.9999999999999991
curtailment_MWh,28,369.62148381720243,10.492351973683459,-243.71326013300092,5.0509416824486262e-12,-243.71326013299588,42,old,196,2023-07-16,12,12.000000000000481
curtailment_MWh,29,274.10578947369686,274.10578947369686,0,0,0,42,old,332,2023-11-29,1,1
curtailment_MWh,30,3969.1885675207168,260.28780983379909,195.41638982006862,-4.6236403121078078e-13,195.41638982006771,42,old,259,2023-09-17,16,15.999999999999998
curtailment_MWh,31,650.33210694592003,132.1563750000125,10.44976805414251,0,10.44976805414251,42,old,188,2023-07-08,5,5
curtailment_MWh,32,68.155124653752708,0,-68.155124653752708,0,-68.155124653752708,42,old,262,2023-09-20,4,4
curtailment_MWh,33,0,0,0,-0,0,42,old,316,2023-11-13,16,15.999999999999998
curtailment_MWh,34,338.46227330334813,5.7035269736797174,-281.42700356655098,0,-281.42700356655098,42,old,352,2023-12-19,10,10
curtailment_MWh,35,415.70656509696846,415.70656509696846,0,-4.6152700005849086e-14,-5.6843418860808015e-14,42,old,123,2023-05-04,1,0.99999999999999989
curtailment_MWh,36,825.84379501387366,825.84379501387366,0,-9.1687079596822059e-14,-1.1368683772161603e-13,42,old,186,2023-07-06,1,0.99999999999999989
curtailment_MWh,37,1008.4478947368674,1008.4478947368674,0,0,0,42,old,70,2023-03-12,1,1
curtailment_MWh,38,3933.0815394314304,211.62445983381059,87.783197410970843,-1.2029457811525536e-10,87.783197410850335,42,old,27,2023-01-28,19,18.999999999999432
curtailment_MWh,39,11.844375000000682,0,-11.844375000000682,-0,-11.844375000000682,42,old,275,2023-10-03,22,21.999999999997797
curtailment_MWh,40,0,0,0,-0,0,42,old,112,2023-04-23,4,3.9999999999999996
curtailment_MWh,41,6122.9077704643751,299.85835000002038,-425.59912046398767,3046.6839343004121,2621.0848138364236,42,old,206,2023-07-26,19,29.16041052150192
curtailment_MWh,42,151.81000000000734,151.81000000000734,0,0,0,42,old,74,2023-03-16,1,1
curtailment_MWh,43,0,0,0,0,0,42,old,140,2023-05-21,1,1
curtailment_MWh,44,3241.83938136497,261.63578947370218,159.42588179315817,-1.3570948902654053e-10,159.42588179302265,42,old,289,2023-10-17,13,12.999999999999481
curtailment_MWh,45,29.145000000000366,29.145000000000366,0,-3.2357450052700593e-15,-3.5527136788005009e-15,42,old,343,2023-12-10,1,0.99999999999999989
curtailment_MWh,46,0,0,0,0,0,42,old,333,2023-11-30,4,4.0000000000000009
curtailment_MWh,47,41.350650000002858,0,-41.350650000002858,0,-41.350650000002858,42,old,308,2023-11-05,2,2
total_load_MWh,0,9064.3999999999996,2924,-292.39999999999964,8.7779739033067017e-10,-292.39999999912106,42,old,43,2023-02-13,3,3.0000000000003002
total_load_MWh,1,29532.400000000001,2924,-292.40000000000146,0,-292.40000000000146,42,old,211,2023-07-31,10,10
total_load_MWh,2,34357,2924,731,-0.027640513516402621,730.97235948648449,42,old,1,2023-01-02,12,11.999990547020001
total_load_MWh,3,56433.200000000004,2777.8000000000002,-877.20000000000437,-9.8687280569720321e-12,-877.20000000001164,42,old,63,2023-03-05,20,19.999999999999996
total_load_MWh,4,8625.7999999999993,2777.8000000000002,-292.39999999999782,3038.221653485306,2745.8216534853073,42,old,12,2023-01-13,3,4.0937510452463481
total_load_MWh,5,11257.400000000001,2924,438.59999999999854,-1.2985168496015831e-12,438.59999999999673,42,old,31,2023-02-01,4,3.9999999999999996
total_load_MWh,6,45906.799999999996,3070.1999999999998,146.20000000000437,-2.3069450350021723e-09,146.19999999769789,42,old,302,2023-10-30,15,14.999999999999249
total_load_MWh,7,5994.1999999999998,2924,-146.19999999999982,-6.4925842480079154e-13,-146.20000000000073,42,old,187,2023-07-07,2,1.9999999999999998
total_load_MWh,8,5994.1999999999998,3070.1999999999998,146.19999999999982,-6.8172134604083108e-13,146.19999999999891,42,old,179,2023-06-29,2,1.9999999999999998
total_load_MWh,9,57456.599999999999,2924,1023.4000000000015,-0.0064278584186752141,1023.3935721415837,42,old,7,2023-01-08,20,19.999997801690007
total_load_MWh,10,2924,2924,0,-3.2462921240039577e-13,-4.5474735088646412e-13,42,old,13,2023-01-14,1,0.99999999999999989
total_load_MWh,11,14181.400000000001,2777.8000000000002,-292.40000000000146,0,-292.40000000000146,42,old,183,2023-07-03,5,5
total_load_MWh,12,51170,2777.8000000000002,-1169.5999999999985,-25000.156615475153,-26169.756615475148,42,old,228,2023-08-17,18,9.0000156183039994
total_load_MWh,13,61842.600000000006,2777.8000000000002,-731,-19694.911274082788,-20425.911274082791,42,old,363,2023-12-30,22,14.909888662220899
total_load_MWh,14,11549.799999999999,2924,146.20000000000073,11696,11842.200000000001,42,old,106,2023-04-17,4,8
total_load_MWh,15,2924,2924,0,0,0,42,old,91,2023-04-02,1,1
total_load_MWh,16,11403.6,2924,292.39999999999964,0,292.39999999999964,42,old,238,2023-08-27,4,4
total_load_MWh,17,34064.599999999999,2777.8000000000002,-730.99999999999272,1.3322782876912243e-09,-730.99999999866122,42,old,165,2023-06-15,12,12.00000000000048
total_load_MWh,18,22953.400000000001,2777.8000000000002,-731,0,-731,42,old,105,2023-04-16,8,8
total_load_MWh,19,55117.399999999994,3070.1999999999998,146.20000000000437,-4.4393694054178919e-09,146.19999999556603,42,old,86,2023-03-28,18,17.999999999998554
total_load_MWh,20,2777.8000000000002,2777.8000000000002,0,-3.08397751780376e-13,-4.5474735088646412e-13,42,old,348,2023-12-15,1,0.99999999999999989
total_load_MWh,21,5994.1999999999998,3070.1999999999998,146.19999999999982,0,146.19999999999982,42,old,152,2023-06-02,2,2
total_load_MWh,22,23538.200000000001,2924,-146.20000000000073,-2.5970336992031662e-12,-146.20000000000437,42,old,94,2023-04-05,8,7.9999999999999991
total_load_MWh,23,9064.3999999999996,3070.1999999999998,146.19999999999891,9.2032381715512191e-10,146.20000000091932,42,old,104,2023-04-15,3,3.0000000000002998
total_load_MWh,24,9064.3999999999996,3070.1999999999998,146.19999999999891,2566.5208075045698,2712.7208075045692,42,old,125,2023-05-06,3,3.8359458040207706
total_load_MWh,25,11257.400000000001,2777.8000000000002,-146.20000000000073,-2.467182014243008e-12,-146.20000000000255,42,old,315,2023-11-12,4,3.9999999999999991
total_load_MWh,26,6140.3999999999996,3070.1999999999998,0,-6.8172134604083108e-13,-9.0949470177292824e-13,42,old,92,2023-04-03,2,1.9999999999999998
total_load_MWh,27,14035.200000000001,2777.8000000000002,-146.20000000000073,-2.467182014243008e-12,-146.20000000000255,42,old,345,2023-12-12,5,4.9999999999999991
total_load_MWh,28,34941.800000000003,2924,146.19999999999709,1.4075922649681161e-09,146.20000000140135,42,old,196,2023-07-16,12,12.000000000000481
total_load_MWh,29,3070.1999999999998,3070.1999999999998,0,0,0,42,old,332,2023-11-29,1,1
total_load_MWh,30,48246,2924,-1462,-5.1940673984063324e-12,-1462.0000000000073,42,old,259,2023-09-17,16,15.999999999999998
total_load_MWh,31,15351,3070.1999999999998,0,0,0,42,old,188,2023-07-08,5,5
total_load_MWh,32,11403.6,2924,292.39999999999964,0,292.39999999999964,42,old,262,2023-09-20,4,4
total_load_MWh,33,46053,2924,731,-5.1940673984063324e-12,730.99999999999272,42,old,316,2023-11-13,16,15.999999999999998
total_load_MWh,34,29386.200000000001,2924,-146.20000000000073,0,-146.20000000000073,42,old,352,2023-12-19,10,10
total_load_MWh,35,2777.8000000000002,2777.8000000000002,0,-3.08397751780376e-13,-4.5474735088646412e-13,42,old,123,2023-05-04,1,0.99999999999999989
total_load_MWh,36,2777.8000000000002,2777.8000000000002,0,-3.08397751780376e-13,-4.5474735088646412e-13,42,old,186,2023-07-06,1,0.99999999999999989
total_load_MWh,37,2924,2924,0,0,0,42,old,70,2023-03-12,1,1
total_load_MWh,38,53655.400000000001,2777.8000000000002,-877.19999999999709,-1.578996489115525e-09,-877.20000000157597,42,old,27,2023-01-28,19,18.999999999999432
total_load_MWh,39,67544.399999999994,3070.1999999999998,0,-6.7626757527250447e-09,-6.7666405811905861e-09,42,old,275,2023-10-03,22,21.999999999997797
total_load_MWh,40,11696,2924,0,-1.2985168496015831e-12,-1.8189894035458565e-12,42,old,112,2023-04-23,4,3.9999999999999996
total_load_MWh,41,58333.799999999996,3070.1999999999998,0,31194.49238311519,31194.49238311519,42,old,206,2023-07-26,19,29.16041052150192
total_load_MWh,42,3070.1999999999998,3070.1999999999998,0,0,0,42,old,74,2023-03-16,1,1
total_load_MWh,43,3070.1999999999998,3070.1999999999998,0,0,0,42,old,140,2023-05-21,1,1
total_load_MWh,44,38158.199999999997,2924,-146.19999999999709,-1.516667680334649e-09,-146.20000000151049,42,old,289,2023-10-17,13,12.999999999999481
total_load_MWh,45,2924,2924,0,-3.2462921240039577e-13,-4.5474735088646412e-13,42,old,343,2023-12-10,1,0.99999999999999989
total_load_MWh,46,11257.400000000001,2777.8000000000002,-146.20000000000073,2.467182014243008e-12,-146.19999999999891,42,old,333,2023-11-30,4,4.0000000000000009
total_load_MWh,47,5848,3070.1999999999998,292.39999999999964,0,292.39999999999964,42,old,308,2023-11-05,2,2
thermal_generation_MWh,0,6065.5060691676699,1938.4200026856754,-250.2460611106435,5.8192203136876082e-10,-250.24606111006142,42,old,43,2023-02-13,3,3.0000000000003002
thermal_generation_MWh,1,21368.333141034938,2118.8921052631526,-179.41208840341278,0,-179.41208840341278,42,old,211,2023-07-31,10,10
thermal_generation_MWh,2,29373.892354570628,2479.6142105263157,381.4781717451624,-0.023439743536770398,381.45473200162451,42,old,1,2023-01-02,12,11.999990547020001
thermal_generation_MWh,3,41420.343283379378,2100.3547552631348,586.7518218833211,-7.4619590693570176e-12,586.75182188331382,42,old,63,2023-03-05,20,19.999999999999996
thermal_generation_MWh,4,4546.9001874999658,1306.4599999999946,-627.52018749998206,1428.9419905725381,801.42180307255603,42,old,12,2023-01-13,3,4.0937510452463481
thermal_generation_MWh,5,6898.5691094491031,1825.1399239228101,401.9905862421374,-8.1052494668068414e-13,401.99058624213649,42,old,31,2023-02-01,4,3.9999999999999996
thermal_generation_MWh,6,33406.103124584362,2240.0621052631527,194.828454362927,-1.6831802982976171e-09,194.82845436124626,42,old,302,2023-10-30,15,14.999999999999249
thermal_generation_MWh,7,3821.0938504154992,1907.6985041551213,-5.6968421052565645,-4.2359416067119711e-13,-5.6968421052570193,42,old,187,2023-07-07,2,1.9999999999999998
thermal_generation_MWh,8,4242.8242105263162,2123.9821052631578,5.1399999999994179,-4.7161876743099413e-13,5.1399999999985084,42,old,179,2023-06-29,2,1.9999999999999998
thermal_generation_MWh,9,44523.823900796211,2260.5221052631523,686.61820446683851,-0.0049693283327350108,686.6132351385022,42,old,7,2023-01-08,20,19.999997801690007
thermal_generation_MWh,10,856.08669999999142,856.08669999999142,0,-9.5044716541535948e-14,-1.1368683772161603e-13,42,old,13,2023-01-14,1,0.99999999999999989
thermal_generation_MWh,11,9492.7952216066024,1869.9090304709075,-143.25006925206435,0,-143.25006925206435,42,old,183,2023-07-03,5,5
thermal_generation_MWh,12,37061.756142001352,2073.3921052631576,259.3017527354823,-18660.496564500208,-18401.194811764723,42,old,228,2023-08-17,18,9.0000156183039994
thermal_generation_MWh,13,49400.325583677179,2235.6721052631528,-215.53926788781973,-15851.164141082752,-16066.70340897057,42,old,363,2023-12-30,22,14.909888662220899
thermal_generation_MWh,14,7282.3260497156698,1833.8493351800494,53.071291004527666,7335.3973407201975,7388.4686317247251,42,old,106,2023-04-17,4,8
thermal_generation_MWh,15,1343.9571052631418,1343.9571052631418,0,0,0,42,old,91,2023-04-02,1,1
thermal_generation_MWh,16,6856.4718688377361,1875.3242105263157,644.82497326752673,0,644.82497326752673,42,old,238,2023-08-27,4,4
thermal_generation_MWh,17,25953.252095507785,2090.5421052631577,-866.74683234989061,1.0026581670193703e-09,-866.74683234889017,42,old,165,2023-06-15,12,12.00000000000048
thermal_generation_MWh,18,14847.517645429283,1815.038476454286,-327.20983379499557,0,-327.20983379499557,42,old,105,2023-04-16,8,8
thermal_generation_MWh,19,41163.973801097854,2306.5821052631527,354.50409363889048,-3.3352126992344577e-09,354.50409363555809,42,old,86,2023-03-28,18,17.999999999998554
thermal_generation_MWh,20,1502.9074882271368,1502.9074882271368,0,-1.6685624973113287e-13,-2.2737367544323206e-13,42,old,348,2023-12-15,1,0.99999999999999989
thermal_generation_MWh,21,3729.8308146813947,1922.6428645429207,115.45491440444675,0,115.45491440444675,42,old,152,2023-06-02,2,2
thermal_generation_MWh,22,16232.570031786667,2119.6176454293582,724.37113164819857,-1.8825986506859477e-12,724.37113164819493,42,old,94,2023-04-05,8,7.9999999999999991
thermal_generation_MWh,23,4991.2973545705981,1738.7002493074622,224.80339335178815,5.2119316341971401e-10,224.80339335230929,42,old,104,2023-04-15,3,3.0000000000002998
thermal_generation_MWh,24,5318.1820978341657,1792.0543152454768,57.980847902264941,1498.0602854067715,1556.041133309036,42,old,125,2023-05-06,3,3.8359458040207706
thermal_generation_MWh,25,7704.5919390581412,1886.1683102493046,-159.91869806092291,-1.6752539890856829e-12,-159.91869806092473,42,old,315,2023-11-12,4,3.9999999999999991
thermal_generation_MWh,26,2857.0371929697531,1539.6093429697648,222.18149296977663,-3.4186194829860846e-13,222.18149296977617,42,old,92,2023-04-03,2,1.9999999999999998
thermal_generation_MWh,27,11142.559314058155,2281.9242105263156,267.06173857342219,-2.0267558391807189e-12,267.06173857342037,42,old,345,2023-12-12,5,4.9999999999999991
thermal_generation_MWh,28,25958.227538147592,2169.9717927631505,81.433975010215363,1.0446085877881007e-09,81.433975011259463,42,old,196,2023-07-16,12,12.000000000000481
thermal_generation_MWh,29,1617.6521052631524,1617.6521052631524,0,0,0,42,old,332,2023-11-29,1,1
thermal_generation_MWh,30,34664.987634210476,2112.5921302631327,-863.51355000035255,-3.7527174794560607e-12,-863.51355000035983,42,old,259,2023-09-17,16,15.999999999999998
thermal_generation_MWh,31,10885.047252084823,2165.0221052631578,-59.936725769035547,0,-59.936725769035547,42,old,188,2023-07-08,5,5
thermal_generation_MWh,32,8535.8628808864069,2163.5542105263157,118.35396121885606,0,118.35396121885606,42,old,262,2023-09-20,4,4
thermal_generation_MWh,33,38595.167368421055,2413.484210526316,20.580000000001746,-4.2872091841529354e-12,20.57999999999447,42,old,316,2023-11-13,16,15.999999999999998
thermal_generation_MWh,34,20956.321043271,2198.5913157894524,1029.5921146235232,0,1029.5921146235232,42,old,352,2023-12-19,10,10
thermal_generation_MWh,35,1953.1295567867016,1953.1295567867016,0,-2.1684094040205233e-13,-2.2737367544323206e-13,42,old,123,2023-05-04,1,0.99999999999999989
thermal_generation_MWh,36,1321.3799999999894,1321.3799999999894,0,-1.4670265002791776e-13,-2.2737367544323206e-13,42,old,186,2023-07-06,1,0.99999999999999989
thermal_generation_MWh,37,1882.0227700831003,1882.0227700831003,0,0,0,42,old,70,2023-03-12,1,1
thermal_generation_MWh,38,40929.673210419147,2170.0621052631527,301.5067895807515,-1.2335374920344024e-09,301.50678957952186,42,old,27,2023-01-28,19,18.999999999999432
thermal_generation_MWh,39,54145.68052631578,2513.5342105263157,1152.0721052631634,-5.5365177705593131e-09,1152.0721052576264,42,old,275,2023-10-03,22,21.999999999997797
thermal_generation_MWh,40,9514.366094182813,2438.9638227146738,241.48919667588234,-1.0831175168822477e-12,241.48919667588052,42,old,112,2023-04-23,4,3.9999999999999996
thermal_generation_MWh,41,39986.837105263126,2094.8921052631581,-183.88710526312207,21284.963787727098,21101.07668246398,42,old,206,2023-07-26,19,29.16041052150192
thermal_generation_MWh,42,1811.3069529085781,1811.3069529085781,0,0,0,42,old,74,2023-03-16,1,1
thermal_generation_MWh,43,1572.2011357340693,1572.2011357340693,0,0,0,42,old,140,2023-05-21,1,1
thermal_generation_MWh,44,26442.565264196513,2060.7503047091304,347.18869702218217,-1.0689033462353345e-09,347.1886970211126,42,old,289,2023-10-17,13,12.999999999999481
thermal_generation_MWh,45,2009.9979701523453,2009.9979701523453,0,-2.2315460259129619e-13,-2.2737367544323206e-13,42,old,343,2023-12-10,1,0.99999999999999989
thermal_generation_MWh,46,8838.3161772853164,2200.8342105263155,-34.979335180054477,1.9547334511272356e-12,-34.979335180052658,42,old,333,2023-11-30,4,4.0000000000000009
thermal_generation_MWh,47,3812.6654302631418,2083.1154302631526,353.56543026316331,0,353.56543026316331,42,old,308,2023-11-05,2,2
unserved_MWh,0,308.37999999996805,16.229999999989364,-259.68999999999994,4.8723158840825716e-12,-259.68999999999511,42,old,43,2023-02-13,3,3.0000000000003002
unserved_MWh,1,1942.6545249998878,168.69949999998929,-255.65952499999503,0,-255.65952499999503,42,old,211,2023-07-31,10,10
unserved_MWh,2,1750.1212999998481,146.58639999998459,8.9154999999670963,-0.0013856783072915099,8.9141143216597811,42,old,1,2023-01-02,12,11.999990547020001
unserved_MWh,3,2129.23982499977,76.339999999989388,-602.43982499998219,-2.7121416223959254e-13,-602.43982499998242,42,old,63,2023-03-05,20,19.999999999999996
unserved_MWh,4,0,0,0,0,0,42,old,12,2023-01-13,3,4.0937510452463481
unserved_MWh,5,98.809999999968085,25.279999999989371,2.309999999989401,-1.1226575225004863e-14,2.3099999999893868,42,old,31,2023-02-01,4,3.9999999999999996
unserved_MWh,6,3671.8946999998302,277.20999999998935,486.25530000001027,-2.0829530100740266e-10,486.25529999980199,42,old,302,2023-10-30,15,14.999999999999249
unserved_MWh,7,138.96999999997874,61.119999999989389,-16.729999999999961,-1.3571366253015557e-14,-16.729999999999976,42,old,187,2023-07-07,2,1.9999999999999998
unserved_MWh,8,394.69999999997867,239.5799999999893,84.459999999999923,-5.3197446447936624e-14,84.459999999999866,42,old,179,2023-06-29,2,1.9999999999999998
unserved_MWh,9,3171.5077249997671,222.69999999998939,1282.492275000021,-0.00048956363537582144,1282.4917854363853,42,old,7,2023-01-08,20,19.999997801690007
unserved_MWh,10,0,0,0,-0,0,42,old,13,2023-01-14,1,0.99999999999999989
unserved_MWh,11,68.069999999968076,0,-68.069999999968076,0,-68.069999999968076,42,old,183,2023-07-03,5,5
unserved_MWh,12,2318.3877749997996,126.47187499998898,-41.894024999997782,-1138.2448997237098,-1180.1389247237075,42,old,228,2023-08-17,18,9.0000156183039994
unserved_MWh,13,2758.8014249997377,126.02187499998897,13.679825000019719,-893.50912474560243,-879.82929974558283,42,old,363,2023-12-30,22,14.909888662220899
unserved_MWh,14,154.08999999995751,52.079999999989383,54.230000000000018,208.31999999995753,262.54999999995755,42,old,106,2023-04-17,4,8
unserved_MWh,15,0,0,0,0,0,42,old,91,2023-04-02,1,1
unserved_MWh,16,0.84999999998937403,0.84999999998937403,2.5499999999681222,0,2.5499999999681222,42,old,238,2023-08-27,4,4
unserved_MWh,17,1757.9303249998616,101.19999999998936,-543.53032499998926,4.8537174279767338e-11,-543.53032499994083,42,old,165,2023-06-15,12,12.00000000000048
unserved_MWh,18,97.329074999945789,5.3899999999894055,-54.209075000030545,0,-54.209075000030545,42,old,105,2023-04-16,8,8
unserved_MWh,19,5195.2573499998061,327.90999999998928,707.12265000000116,-4.7414292936308168e-10,707.1226499995264,42,old,86,2023-03-28,18,17.999999999998554
unserved_MWh,20,0,0,0,-0,0,42,old,348,2023-12-15,1,0.99999999999999989
unserved_MWh,21,0,0,0,0,0,42,old,152,2023-06-02,2,2
unserved_MWh,22,772.24057499991397,75.399999999989376,-169.04057499999897,-6.6968652845380006e-14,-169.04057499999908,42,old,94,2023-04-05,8,7.9999999999999991
unserved_MWh,23,0,0,0,0,0,42,old,104,2023-04-15,3,3.0000000000002998
unserved_MWh,24,0,0,0,0,0,42,old,125,2023-05-06,3,3.8359458040207706
unserved_MWh,25,250.96999999995754,12.039999999989369,-202.81000000000006,-1.0693668173180066e-14,-202.81000000000006,42,old,315,2023-11-12,4,3.9999999999999991
unserved_MWh,26,0,0,0,-0,0,42,old,92,2023-04-03,2,1.9999999999999998
unserved_MWh,27,322.08582499995606,63.03582499998798,-6.9067000000161443,-5.5987059432982971e-14,-6.9067000000162011,42,old,345,2023-12-12,5,4.9999999999999991
unserved_MWh,28,1685.3936499998647,149.35737499998837,106.89484999999581,7.1899550535542375e-11,106.89485000006766,42,old,196,2023-07-16,12,12.000000000000481
unserved_MWh,29,1.1799999999893585,1.1799999999893585,0,0,0,42,old,332,2023-11-29,1,1
unserved_MWh,30,3271.7660749998054,99.989999999989379,-1671.9260749999753,-1.7761792037161218e-13,-1671.9260749999755,42,old,259,2023-09-17,16,15.999999999999998
unserved_MWh,31,970.37494999994453,181.97799999998907,-60.48494999999923,0,-60.48494999999923,42,old,188,2023-07-08,5,5
unserved_MWh,32,198.98962499996105,80.439999999989354,122.77037499999636,0,122.77037499999636,42,old,262,2023-09-20,4,4
unserved_MWh,33,2992.6013249998205,254.66999999998936,1082.1186750000093,-4.5238479629004288e-13,1082.1186750000088,42,old,316,2023-11-13,16,15.999999999999998
unserved_MWh,34,737.71999999989362,57.579999999989397,-161.91999999999962,0,-161.91999999999962,42,old,352,2023-12-19,10,10
unserved_MWh,35,61.51477499998883,61.51477499998883,0,-6.8295119559623563e-15,-7.1054273576010019e-15,42,old,123,2023-05-04,1,0.99999999999999989
unserved_MWh,36,0,0,0,-0,0,42,old,186,2023-07-06,1,0.99999999999999989
unserved_MWh,37,118.50999999998935,118.50999999998935,0,0,0,42,old,70,2023-03-12,1,1
unserved_MWh,38,2510.6457999997751,112.081874999989,-381.09017499998436,-6.3711169673291002e-11,-381.09017500004802,42,old,27,2023-01-28,19,18.999999999999432
unserved_MWh,39,6128.9528249997566,277.46999999998934,-24.612824999991062,-6.11178307963177e-10,-24.612825000602243,42,old,275,2023-10-03,22,21.999999999997797
unserved_MWh,40,177.96999999994677,76.319999999989392,127.3100000000108,-3.3892888495752068e-14,127.31000000001075,42,old,112,2023-04-23,4,3.9999999999999996
unserved_MWh,41,4481.2029999997894,196.61354999998878,-745.54555000000255,1997.6743820897298,1252.1288320897274,42,old,206,2023-07-26,19,29.16041052150192
unserved_MWh,42,0,0,0,0,0,42,old,74,2023-03-16,1,1
unserved_MWh,43,0,0,0,0,0,42,old,140,2023-05-21,1,1
unserved_MWh,44,872.89999999986173,98.419999999989386,406.56000000000029,-5.1050079719056107e-11,406.55999999994913,42,old,289,2023-10-17,13,12.999999999999481
unserved_MWh,45,9.3399999999893613,9.3399999999893613,0,-1.0369483049987151e-15,-1.7763568394002505e-15,42,old,343,2023-12-10,1,0.99999999999999989
unserved_MWh,46,227.62999999995742,44.179999999989363,-50.909999999999968,3.9239722582342085e-14,-50.90999999999994,42,old,333,2023-11-30,4,4.0000000000000009
unserved_MWh,47,135.91999999998939,135.91999999998939,135.91999999998939,0,135.91999999998939,42,old,308,2023-11-05,2,2
discharge_MWh,0,226.04722742388753,81.837202423851167,19.464379847665953,2.4567880547065439e-11,19.464379847690537,42,old,43,2023-02-13,3,3.0000000000003002
discharge_MWh,1,717.92414650212413,70.884250000024835,-9.0816465018757526,0,-9.0816465018757526,42,old,211,2023-07-31,10,10
discharge_MWh,2,454.70870000015185,43.973600000015402,72.974500000032947,-0.00041568156127404514,72.974084318471739,42,old,1,2023-01-02,12,11.999990547020001
discharge_MWh,3,1984.2034027505219,109.33535275002443,202.50365224996676,-3.8843720329148975e-13,202.50365224996631,42,old,63,2023-03-05,20,19.999999999999996
discharge_MWh,4,101.88631250003087,22.201500000007773,-35.281812500007547,24.282913831045299,-10.998898668962255,42,old,12,2023-01-13,3,4.0937510452463481
discharge_MWh,5,173.29611567023113,47.431090670187132,16.428247010517396,-2.106363557805008e-14,16.428247010517367,42,old,31,2023-02-01,4,3.9999999999999996
discharge_MWh,6,1276.2019483128756,84.033675000029433,-15.696823312434162,-6.3142814576999575e-11,-15.696823312497372,42,old,302,2023-10-30,15,14.999999999999249
discharge_MWh,7,214.49000000002127,98.790000000010664,-16.90999999999994,-2.1935786520546211e-14,-16.909999999999968,42,old,187,2023-07-07,2,1.9999999999999998
discharge_MWh,8,180.52555000004219,90.400000000010635,0.27444999997908326,-2.0072832285225192e-14,0.27444999997905484,42,old,179,2023-06-29,2,1.9999999999999998
discharge_MWh,9,1596.0618401567335,78.880400000027592,-18.453840156181741,-0.00017340357154878444,-18.454013559753321,42,old,7,2023-01-08,20,19.999997801690007
discharge_MWh,10,84.333300000008521,84.333300000008521,0,-9.3628771402630174e-15,-1.4210854715202004e-14,42,old,13,2023-01-14,1,0.99999999999999989
discharge_MWh,11,464.61757500009656,72.520000000005325,-102.01757500006994,0,-102.01757500006994,42,old,183,2023-07-03,5,5
discharge_MWh,12,1728.4733866254974,92.517175000032353,-63.16423662491502,-832.65313003892686,-895.81736666384188,42,old,228,2023-08-17,18,9.0000156183039994
discharge_MWh,13,1221.178890710572,63.947825000022412,185.67325928992113,-453.39719905897272,-267.72393976905164,42,old,363,2023-12-30,22,14.909888662220899
discharge_MWh,14,446.04094736851664,105.74000000001067,-23.080947368473971,422.96000000004267,399.8790526315687,42,old,106,2023-04-17,4,8
discharge_MWh,15,70.99706250002005,70.99706250002005,0,0,0,42,old,91,2023-04-02,1,1
discharge_MWh,16,97.902683344310276,30.400000000010643,23.697316655732294,0,23.697316655732294,42,old,238,2023-08-27,4,4
discharge_MWh,17,908.49158193195672,68.871675000024112,-82.031481931667372,3.3031981150355904e-11,-82.031481931634289,42,old,165,2023-06-15,12,12.00000000000048
discharge_MWh,18,813.26662500011162,109.99000000001064,66.653374999973494,0,66.653374999973494,42,old,105,2023-04-16,8,8
discharge_MWh,19,926.90956980977865,45.60000000001596,-106.1095698094914,-6.593552370761733e-11,-106.10956980955734,42,old,86,2023-03-28,18,17.999999999998554
discharge_MWh,20,86.006750000000849,86.006750000000849,0,-9.5486674123180625e-15,-1.4210854715202004e-14,42,old,348,2023-12-15,1,0.99999999999999989
discharge_MWh,21,136.83047500002291,40.291900000001959,-56.246675000018996,0,-56.246675000018996,42,old,152,2023-06-02,2,2
discharge_MWh,22,791.34858456267693,97.190000000029599,-13.828584562440142,-8.632206061068146e-14,-13.828584562440255,42,old,94,2023-04-05,8,7.9999999999999991
discharge_MWh,23,240.70506250005496,85.120000000005334,14.654937499961022,2.5515589641146797e-11,14.654937499986545,42,old,104,2023-04-15,3,3.0000000000002998
discharge_MWh,24,31.12095687533958,3.1871231696820979,-21.559587366293286,2.664262240593128,-18.895325125700158,42,old,125,2023-05-06,3,3.8359458040207706
discharge_MWh,25,357.53972500009854,89.070000000028585,-1.2597249999842006,-7.9110051842715543e-14,-1.2597249999842575,42,old,315,2023-11-12,4,3.9999999999999991
discharge_MWh,26,181.90950351517017,80.015353515134478,-21.878796484901216,-1.776697755920475e-14,-21.878796484901244,42,old,92,2023-04-03,2,1.9999999999999998
discharge_MWh,27,168.60680000004521,34.434175000012054,3.5640750000150661,-3.0583691135188266e-14,3.5640750000150376,42,old,345,2023-12-12,5,4.9999999999999991
discharge_MWh,28,651.55598111058907,52.63950000001843,-19.88198111036786,2.5340271214711043e-11,-19.881981110342622,42,old,196,2023-07-16,12,12.000000000000481
discharge_MWh,29,81.700000000028609,81.700000000028609,0,0,0,42,old,332,2023-11-29,1,1
discharge_MWh,30,1465.0596448753581,109.54332500002435,287.63355512503153,-1.945880345744377e-13,287.63355512503131,42,old,259,2023-09-17,16,15.999999999999998
discharge_MWh,31,360.72318833781668,66.958375000023423,-25.931313337699578,0,-25.931313337699578,42,old,188,2023-07-08,5,5
discharge_MWh,32,197.9703750000443,30.400000000010643,-76.370375000001729,0,-76.370375000001729,42,old,262,2023-09-20,4,4
discharge_MWh,33,513.71867500017981,30.400000000010643,-27.318675000009534,-5.4001247917786519e-14,-27.318675000009591,42,old,316,2023-11-13,16,15.999999999999998
discharge_MWh,34,604.2470758556251,76.807737500022085,163.83029914459576,0,163.83029914459576,42,old,352,2023-12-19,10,10
discharge_MWh,35,77.085225000012201,77.085225000012201,0,-8.5581791653424279e-15,-1.4210854715202004e-14,42,old,123,2023-05-04,1,0.99999999999999989
discharge_MWh,36,90.400000000010635,90.400000000010635,0,-1.0036416142612596e-14,-1.4210854715202004e-14,42,old,186,2023-07-06,1,0.99999999999999989
discharge_MWh,37,108.16000000003592,108.16000000003592,0,0,0,42,old,70,2023-03-12,1,1
discharge_MWh,38,1716.485308377554,86.728125000016348,-68.650933377243518,-4.9299231363884444e-11,-68.650933377292631,42,old,27,2023-01-28,19,18.999999999999432
discharge_MWh,39,709.03155000024833,30.400000000010639,-40.231550000014295,-6.6961547418055274e-11,-40.231550000081256,42,old,275,2023-10-03,22,21.999999999997797
discharge_MWh,40,185.74000000005321,50.020000000010661,14.339999999989431,-2.2213342276704867e-14,14.339999999989402,42,old,112,2023-04-23,4,3.9999999999999996
discharge_MWh,41,1741.5226375005,89.854800000031489,-34.281437499901585,912.96165532777059,878.680217827869,42,old,206,2023-07-26,19,29.16041052150192
discharge_MWh,42,44.310000000007314,44.310000000007314,0,0,0,42,old,74,2023-03-16,1,1
discharge_MWh,43,6.4899999999999931,6.4899999999999931,0,0,0,42,old,140,2023-05-21,1,1
discharge_MWh,44,1342.3265051878318,109.36000000002859,79.353494812539793,-5.6724616115403755e-11,79.353494812483177,42,old,289,2023-10-17,13,12.999999999999481
discharge_MWh,45,56.028775000012899,56.028775000012899,0,-6.2204436046556676e-15,-7.1054273576010019e-15,42,old,343,2023-12-10,1,0.99999999999999989
discharge_MWh,46,123.26000000004257,30.400000000010643,-1.6599999999999966,2.700062395889326e-14,-1.6599999999999682,42,old,333,2023-11-30,4,4.0000000000000009
discharge_MWh,47,83.907325000029402,45.40667500001593,6.9060250000024581,0,6.9060250000024581,42,old,308,2023-11-05,2,2
total_cost_CNY,0,5330161.7306500394,876361.49360995833,-2701077.2498201644,2.6308749387042055e-07,-2701077.2498199013,42,old,43,2023-02-13,3,3.0000000000003002
total_cost_CNY,1,27214124.167076785,2455425.1770930979,-2659872.3961458057,0,-2659872.3961458057,42,old,211,2023-07-31,10,10
total_cost_CNY,2,27931970.584111396,2346281.0574351558,223402.10511047393,-22.179347907426763,223379.92576256767,42,old,1,2023-01-02,12,11.999990547020001
total_cost_CNY,3,37225612.025026582,1570586.446170592,-5813883.1016147435,-5.5798439510489288e-09,-5813883.1016147472,42,old,63,2023-03-05,20,19.999999999999996
total_cost_CNY,4,1645733.5877927609,479001.66275109811,-208728.59953946667,523908.56930875231,315179.96976928576,42,old,12,2023-01-13,3,4.0937510452463481
total_cost_CNY,5,3460375.0141521776,908398.78992541542,173220.14554948406,-4.0341010084673075e-10,173220.1455494836,42,old,31,2023-02-01,4,3.9999999999999996
total_cost_CNY,6,49058723.447740741,3598397.1563430992,4917233.8974057436,-2.7038318200090057e-06,4917233.8974030465,42,old,302,2023-10-30,15,14.999999999999249
total_cost_CNY,7,3026310.8032582239,1415755.9042606922,-194798.99473683955,-3.1436096043184585e-10,-194798.99473684002,42,old,187,2023-07-07,2,1.9999999999999998
total_cost_CNY,8,5645576.7147416063,3229477.2646485041,813377.81455540191,-7.1708800334324787e-10,813377.81455540098,42,old,179,2023-06-29,2,1.9999999999999998
total_cost_CNY,9,47980093.967174388,3054465.9685930992,13109225.404687591,-6.7146630611416196,13109218.690024532,42,old,7,2023-01-08,20,19.999997801690007
total_cost_CNY,10,383427.20580650278,383427.20580650278,0,-4.256897121540679e-11,-5.8207660913467407e-11,42,old,13,2023-01-14,1,0.99999999999999989
total_cost_CNY,11,4495262.457898533,738928.60038268031,-800619.45598513167,0,-800619.45598513167,42,old,183,2023-07-03,5,5
total_cost_CNY,12,37777011.660097957,2075751.3163430989,-413487.96592217684,-18681729.427372806,-19095217.393294983,42,old,228,2023-08-17,18,9.0000156183039994
total_cost_CNY,13,45256953.462770984,2061612.9107378309,98530.573461294174,-14617065.072534069,-14518534.499072772,42,old,363,2023-12-30,22,14.909888662220899
total_cost_CNY,14,4857511.6779889632,1370156.1951194168,623113.10248870403,5480624.7804776672,6103737.8829663713,42,old,106,2023-04-17,4,8
total_cost_CNY,15,589450.71771820111,589450.71771820111,0,0,0,42,old,91,2023-04-02,1,1
total_cost_CNY,16,2481560.5968616926,677279.82143520366,227558.68887912203,0,227558.68887912203,42,old,238,2023-08-27,4,4
total_cost_CNY,17,27115517.598357491,1783643.136343101,-5711799.9622402787,8.5546440475894284e-07,-5711799.9622394219,42,old,165,2023-06-15,12,12.00000000000048
total_cost_CNY,18,7008346.7523856843,805634.89456539997,-563267.59586248454,0,-563267.59586248454,42,old,105,2023-04-16,8,8
total_cost_CNY,19,66691100.506832227,4100409.2424878329,7116265.8579487652,-5.9290050618178755e-06,7116265.8579428345,42,old,86,2023-03-28,18,17.999999999998554
total_cost_CNY,20,606963.21618600353,606963.21618600353,0,-6.7386453771023761e-11,-1.1641532182693481e-10,42,old,348,2023-12-15,1,0.99999999999999989
total_cost_CNY,21,1368921.5003906882,685440.26934112166,1959.0382915551309,0,1959.0382915551309,42,old,152,2023-06-02,2,2
total_cost_CNY,22,14258937.259866498,1593910.002598641,-1507657.2390773706,-1.4156764672522834e-09,-1507657.2390773725,42,old,94,2023-04-05,8,7.9999999999999991
total_cost_CNY,23,2008388.8092868822,681439.52697547339,35929.771639537998,2.0426846023921842e-07,35929.77163974219,42,old,104,2023-04-15,3,3.0000000000002998
total_cost_CNY,24,1898011.9870640095,639363.22931871307,20077.70089212968,534473.00879414787,554550.70968627743,42,old,125,2023-05-06,3,3.8359458040207706
total_cost_CNY,25,5412771.1196805676,831065.11423299043,-2088510.6627486059,-7.3813409982736149e-10,-2088510.6627486069,42,old,315,2023-11-12,4,3.9999999999999991
total_cost_CNY,26,1182939.7920241407,606580.77632567182,30221.760627202922,-1.3468798883435258e-10,30221.76062720269,42,old,92,2023-04-03,2,1.9999999999999998
total_cost_CNY,27,7183001.8166754125,1441488.4131851899,24440.249250537716,-1.2802989008388632e-09,24440.249250535853,42,old,345,2023-12-12,5,4.9999999999999991
total_cost_CNY,28,26165104.167938046,2267801.0906128227,1048508.9194158241,1.0917028979592569e-06,1048508.9194169194,42,old,196,2023-07-16,12,12.000000000000481
total_cost_CNY,29,645728.74248783605,645728.74248783605,0,0,0,42,old,332,2023-11-29,1,1
total_cost_CNY,30,45852692.29594221,1804572.5885598497,-16979530.878984615,-3.2055648598825031e-09,-16979530.878984619,42,old,259,2023-09-17,16,15.999999999999998
total_cost_CNY,31,13707751.430257192,2616750.9433430978,-623996.7135417033,0,-623996.7135417033,42,old,188,2023-07-08,5,5
total_cost_CNY,32,5041508.3779950012,1574060.3214352035,1254732.907745813,0,1254732.907745813,42,old,262,2023-09-20,4,4
total_cost_CNY,33,43633256.579713166,3403835.8214352033,10828116.563250087,-6.0464270416019931e-09,10828116.56325008,42,old,316,2023-11-13,16,15.999999999999998
total_cost_CNY,34,14906770.768074006,1359328.0910470379,-1313489.8576036282,0,-1313489.8576036282,42,old,352,2023-12-19,10,10
total_cost_CNY,35,1394767.6078957273,1394767.6078957273,0,-1.5485031122871887e-10,-2.3283064365386963e-10,42,old,123,2023-05-04,1,0.99999999999999989
total_cost_CNY,36,640668.1067538705,640668.1067538705,0,-7.1128448326115478e-11,-1.1641532182693481e-10,42,old,186,2023-07-06,1,0.99999999999999989
total_cost_CNY,37,2058691.4962274518,2058691.4962274518,0,0,0,42,old,70,2023-03-12,1,1
total_cost_CNY,38,40465759.3918854,1935645.007809855,-3688504.243498154,-1.1002867994476759e-06,-3688504.2434992567,42,old,27,2023-01-28,19,18.999999999999432
total_cost_CNY,39,80516447.275232285,3666853.3214352033,154325.79634219408,-8.0769135709950956e-06,154325.79633411765,42,old,275,2023-10-03,22,21.999999999997797
total_cost_CNY,40,5160034.9239678504,1629449.8857011292,1357764.6188366665,-7.2362111223128932e-10,1357764.6188366655,42,old,112,2023-04-23,4,3.9999999999999996
total_cost_CNY,41,60279554.374578759,2772330.3025930971,-7605278.6253099144,28168013.975545503,20562735.350235596,42,old,206,2023-07-26,19,29.16041052150192
total_cost_CNY,42,676874.88126910327,676874.88126910327,0,0,0,42,old,74,2023-03-16,1,1
total_cost_CNY,43,562447.64525802364,562447.64525802364,0,0,0,42,old,140,2023-05-21,1,1
total_cost_CNY,44,18803149.504556563,1770995.7122939297,4219794.7552645244,-9.1860874105589732e-07,4219794.7552636042,42,old,289,2023-10-17,13,12.999999999999481
total_cost_CNY,45,815400.92505431408,815400.92505431408,0,-9.0527688129595116e-11,-1.1641532182693481e-10,42,old,343,2023-12-10,1,0.99999999999999989
total_cost_CNY,46,5419392.6530538332,1224508.3214352035,-521359.367313019,1.0875818658419721e-09,-521359.36731301807,42,old,333,2023-11-30,4,4.0000000000000009
total_cost_CNY,47,2726966.7993441932,2100856.8150930968,1474746.8308420004,0,1474746.8308420004,42,old,308,2023-11-05,2,2
thermal_cost_CNY,0,2122927.1242086845,678447.00093998644,-87586.121388725238,2.0367271097906628e-07,-87586.121388521511,42,old,43,2023-02-13,3,3.0000000000003002
thermal_cost_CNY,1,7478916.5993622281,741612.23684210342,-62794.23094119411,0,-62794.23094119411,42,old,211,2023-07-31,10,10
thermal_cost_CNY,2,10280862.32409972,867864.97368421045,133517.3601108063,-8.2039102378696391,133509.15620056726,42,old,1,2023-01-02,12,11.999990547020001
thermal_cost_CNY,3,14497120.149182782,735124.16434209724,205363.13765916228,-2.6116856742749563e-09,205363.13765916042,42,old,63,2023-03-05,20,19.999999999999996
thermal_cost_CNY,4,1591415.0656249882,457260.99999999808,-219632.06562499399,500129.69670038827,280497.63107539434,42,old,12,2023-01-13,3,4.0937510452463481
thermal_cost_CNY,5,2414499.1883071861,638798.97337298351,140696.70518474793,-2.8368373133823944e-10,140696.70518474746,42,old,31,2023-02-01,4,3.9999999999999996
thermal_cost_CNY,6,11692136.093604527,784021.73684210342,68189.959027023986,-5.89113104404166e-07,68189.95902643539,42,old,302,2023-10-30,15,14.999999999999249
thermal_cost_CNY,7,1337382.8476454248,667694.47645429242,-1993.894736839924,-1.4825795623491898e-10,-1993.8947368401568,42,old,187,2023-07-07,2,1.9999999999999998
thermal_cost_CNY,8,1484988.4736842106,743393.73684210528,1799,-1.6506656860084796e-10,1798.9999999997672,42,old,179,2023-06-29,2,1.9999999999999998
thermal_cost_CNY,9,15583338.365278672,791182.7368421033,240316.37156339362,-1.7392649164572538,240314.63229847699,42,old,7,2023-01-08,20,19.999997801690007
thermal_cost_CNY,10,299630.344999997,299630.344999997,0,-3.3265650789537582e-11,-5.8207660913467407e-11,42,old,13,2023-01-14,1,0.99999999999999989
thermal_cost_CNY,11,3322478.3275623107,654468.16066481767,-50137.524238222279,0,-50137.524238222279,42,old,183,2023-07-03,5,5
thermal_cost_CNY,12,12971614.649700472,725687.23684210517,90755.613457420841,-6531173.7975750733,-6440418.1841176525,42,old,228,2023-08-17,18,9.0000156183039994
thermal_cost_CNY,13,17290113.954287011,782485.23684210354,-75438.743760734797,-5547907.4493789636,-5623346.1931396965,42,old,363,2023-12-30,22,14.909888662220899
thermal_cost_CNY,14,2548814.1174004846,641847.26731301728,18574.951851584483,2567389.0692520691,2585964.0211036536,42,old,106,2023-04-17,4,8
thermal_cost_CNY,15,470384.98684209964,470384.98684209964,0,0,0,42,old,91,2023-04-02,1,1
thermal_cost_CNY,16,2399765.1540932078,656363.47368421045,225688.740643634,0,225688.740643634,42,old,238,2023-08-27,4,4
thermal_cost_CNY,17,9083638.2334277239,731689.73684210517,-303361.39132246189,3.5093035845677957e-07,-303361.39132211171,42,old,165,2023-06-15,12,12.00000000000048
thermal_cost_CNY,18,5196631.1759002497,635263.46675900009,-114523.44182824902,0,-114523.44182824902,42,old,105,2023-04-16,8,8
thermal_cost_CNY,19,14407390.830384251,807303.73684210342,124076.43277361058,-1.1673244447320603e-06,124076.4327724427,42,old,86,2023-03-28,18,17.999999999998554
thermal_cost_CNY,20,526017.62087949784,526017.62087949784,0,-5.8399687405896499e-11,-1.1641532182693481e-10,42,old,348,2023-12-15,1,0.99999999999999989
thermal_cost_CNY,21,1305440.7851384883,672925.00259002228,40409.220041556284,0,40409.220041556284,42,old,152,2023-06-02,2,2
thermal_cost_CNY,22,5681399.5111253336,741866.17590027535,253529.89607686922,-6.5890952774008169e-10,253529.89607686829,42,old,94,2023-04-05,8,7.9999999999999991
thermal_cost_CNY,23,1746954.0740997093,608545.0872576118,78681.187673126115,1.8241760719689992e-07,78681.187673308421,42,old,104,2023-04-15,3,3.0000000000002998
thermal_cost_CNY,24,1861363.734241958,627219.01033591689,20293.296765792649,524321.09989237005,544614.39665816282,42,old,125,2023-05-06,3,3.8359458040207706
thermal_cost_CNY,25,2696607.1786703495,660158.90858725656,-55971.544321323279,-5.8633889617998897e-10,-55971.544321323745,42,old,315,2023-11-12,4,3.9999999999999991
thermal_cost_CNY,26,999963.01753941353,538863.27003941766,77763.5225394218,-1.1965168190451296e-10,77763.522539421567,42,old,92,2023-04-03,2,1.9999999999999998
thermal_cost_CNY,27,3899895.759920354,798673.47368421045,93471.608500698116,-7.0936454371325159e-10,93471.60850069765,42,old,345,2023-12-12,5,4.9999999999999991
thermal_cost_CNY,28,9085379.6383516565,759490.1274671026,28501.891253575683,3.6561300572583518e-07,28501.891253940761,42,old,196,2023-07-16,12,12.000000000000481
thermal_cost_CNY,29,566178.2368421033,566178.2368421033,0,0,0,42,old,332,2023-11-29,1,1
thermal_cost_CNY,30,12132745.671973668,739407.24559209647,-302229.7425001245,-1.3134511178096213e-09,-302229.74250012636,42,old,259,2023-09-17,16,15.999999999999998
thermal_cost_CNY,31,3809766.5382296881,757757.73684210517,-20977.854019162245,0,-20977.854019162245,42,old,188,2023-07-08,5,5
thermal_cost_CNY,32,2987552.0083102426,757243.97368421056,41423.886426599696,0,41423.886426599696,42,old,262,2023-09-20,4,4
thermal_cost_CNY,33,13508308.578947369,844719.47368421056,7203,-1.5005232144535273e-09,7202.9999999981374,42,old,316,2023-11-13,16,15.999999999999998
thermal_cost_CNY,34,7334712.3651448507,769506.96052630839,360357.24011823349,0,360357.24011823349,42,old,352,2023-12-19,10,10
thermal_cost_CNY,35,683595.34487534559,683595.34487534559,0,-7.5894329140718318e-11,-1.1641532182693481e-10,42,old,123,2023-05-04,1,0.99999999999999989
thermal_cost_CNY,36,462482.99999999627,462482.99999999627,0,-5.1345927509771214e-11,-5.8207660913467407e-11,42,old,186,2023-07-06,1,0.99999999999999989
thermal_cost_CNY,37,658707.96952908509,658707.96952908509,0,0,0,42,old,70,2023-03-12,1,1
thermal_cost_CNY,38,14325385.623646701,759521.73684210342,105527.37635326385,-4.3173812221204082e-07,105527.37635283172,42,old,27,2023-01-28,19,18.999999999999432
thermal_cost_CNY,39,18950988.184210524,879736.97368421056,403225.23684210703,-1.9377812196957597e-06,403225.23684016988,42,old,275,2023-10-03,22,21.999999999997797
thermal_cost_CNY,40,3330028.1329639843,853637.33795013581,84521.218836558983,-3.7909113090878668e-10,84521.218836558517,42,old,112,2023-04-23,4,3.9999999999999996
thermal_cost_CNY,41,13995392.986842096,733212.23684210528,-64360.486842095852,7449737.3257044842,7385376.8388623893,42,old,206,2023-07-26,19,29.16041052150192
thermal_cost_CNY,42,633957.43351800228,633957.43351800228,0,0,0,42,old,74,2023-03-16,1,1
thermal_cost_CNY,43,550270.39750692423,550270.39750692423,0,0,0,42,old,140,2023-05-21,1,1
thermal_cost_CNY,44,9254897.8424687795,721262.60664819565,121516.04395776428,-3.7411617118236709e-07,121516.04395738989,42,old,289,2023-10-17,13,12.999999999999481
thermal_cost_CNY,45,703499.28955332085,703499.28955332085,0,-7.8104110906953667e-11,-1.1641532182693481e-10,42,old,343,2023-12-10,1,0.99999999999999989
thermal_cost_CNY,46,3093410.6620498612,770291.97368421045,-12242.767313019373,6.8415670789453249e-10,-12242.767313018907,42,old,333,2023-11-30,4,4.0000000000000009
thermal_cost_CNY,47,1334432.9005920996,729090.40059210337,123747.90059210709,0,123747.90059210709,42,old,308,2023-11-05,2,2
curtailment_cost_CNY,0,84837.090914137021,22683.772894740334,-16785.772229916023,6.8097662961206075e-09,-16785.772229909213,42,old,43,2023-02-13,3,3.0000000000003002
curtailment_cost_CNY,1,180359.59873966195,13996.750000001759,-40392.098739644367,0,-40392.098739644367,42,old,211,2023-07-31,10,10
curtailment_cost_CNY,2,0,0,0,-0,0,42,old,1,2023-01-02,12,11.999990547020001
curtailment_cost_CNY,3,1174004.6367966086,58856.580550001228,3126.9742034159135,-2.0910057880741287e-10,3126.9742034156807,42,old,63,2023-03-05,20,19.999999999999996
curtailment_cost_CNY,4,16962.615789474185,9406.3000000004868,11256.284210527276,10288.150456901258,21544.434667428533,42,old,12,2023-01-13,3,4.0937510452463481
curtailment_cost_CNY,5,7593.4736842105394,4213.1578947368462,9259.1578947368453,-1.8710179604472393e-12,9259.1578947368416,42,old,31,2023-02-01,4,3.9999999999999996
curtailment_cost_CNY,6,453193.11838829395,29322.7350000027,-13352.093388253474,-2.2033072086815407e-08,-13352.093388275476,42,old,302,2023-10-30,15,14.999999999999249
curtailment_cost_CNY,7,272858.36011081265,123761.18005540629,-25336.000000000058,-2.7480502330458355e-11,-25336.000000000087,42,old,187,2023-07-07,2,1.9999999999999998
curtailment_cost_CNY,8,187558.2900554105,77267.180055406308,-33023.929944597883,-1.7156760469073952e-11,-33023.929944597912,42,old,179,2023-06-29,2,1.9999999999999998
curtailment_cost_CNY,9,423470.77847449196,23382.080000002326,44170.82152555458,-0.051401060114279175,44170.770124494447,42,old,7,2023-01-08,20,19.999997801690007
curtailment_cost_CNY,10,70841.180055406308,70841.180055406308,0,-7.8649509189128506e-12,-1.4551915228366852e-11,42,old,13,2023-01-14,1,0.99999999999999989
curtailment_cost_CNY,11,426876.21583104337,71622.891966763171,-68761.755997227505,0,-68761.755997227505,42,old,183,2023-07-03,5,5
curtailment_cost_CNY,12,1386212.267013442,72307.810000004276,-84671.687013365095,-650769.16067468037,-735440.84768804535,42,old,228,2023-08-17,18,9.0000156183039994
curtailment_cost_CNY,13,100141.81905530427,6157.0978947380581,35314.334628933007,-43654.509591298141,-8340.1749623651267,42,old,363,2023-12-30,22,14.909888662220899
curtailment_cost_CNY,14,714887.76011082111,194339.18005540632,62468.960110804182,777356.72022162529,839825.68033242947,42,old,106,2023-04-17,4,8
curtailment_cost_CNY,15,106243.41250000188,106243.41250000188,0,0,0,42,old,91,2023-04-02,1,1
curtailment_cost_CNY,16,23867.024930750533,0,-23867.024930750533,0,-23867.024930750533,42,old,238,2023-08-27,4,4
curtailment_cost_CNY,17,298143.0260986379,27152.335000002699,27684.993901394482,1.302270371539423e-08,27684.993901407521,42,old,165,2023-06-15,12,12.00000000000048
curtailment_cost_CNY,18,733393.37822718092,103259.18005540632,92680.062216069666,0,92680.062216069666,42,old,105,2023-04-16,8,8
curtailment_cost_CNY,19,103844.82123202531,1437.1578947368421,-77975.979126762148,-2.0780648780696777e-09,-77975.979126764229,42,old,86,2023-03-28,18,17.999999999998554
curtailment_cost_CNY,20,67973.180055406323,67973.180055406323,0,-7.5465389554503573e-12,-1.4551915228366852e-11,42,old,348,2023-12-15,1,0.99999999999999989
curtailment_cost_CNY,21,37887.715000001001,0,-37887.715000001001,0,-37887.715000001001,42,old,152,2023-06-02,2,2
curtailment_cost_CNY,22,750319.73088760232,84959.578947372211,-70643.099308624631,-7.5459264567865079e-11,-70643.099308624747,42,old,94,2023-04-05,8,7.9999999999999991
curtailment_cost_CNY,23,222690.6413088741,59930.891966762116,-42897.965408587741,1.7964897159911975e-08,-42897.965408569784,42,old,104,2023-04-15,3,3.0000000000002998
curtailment_cost_CNY,24,0,0,0,0,0,42,old,125,2023-05-06,3,3.8359458040207706
curtailment_cost_CNY,25,154439.15275624377,37503.157894740434,-4426.521177282033,-3.3309495512714834e-11,-4426.5211772820621,42,old,315,2023-11-12,4,3.9999999999999991
curtailment_cost_CNY,26,156932.98394737663,54805.005000003381,-47322.973947369872,-1.2169155683140116e-11,-47322.973947369886,42,old,92,2023-04-03,2,1.9999999999999998
curtailment_cost_CNY,27,0,0,0,-0,0,42,old,345,2023-12-12,5,4.9999999999999991
curtailment_cost_CNY,28,73924.296763440492,2098.4703947366916,-48742.65202660019,1.0101883364897251e-09,-48742.652026599186,42,old,196,2023-07-16,12,12.000000000000481
curtailment_cost_CNY,29,54821.157894739372,54821.157894739372,0,0,0,42,old,332,2023-11-29,1,1
curtailment_cost_CNY,30,793837.71350414329,52057.561966759815,39083.277964013745,-9.2472806242156151e-11,39083.277964013629,42,old,259,2023-09-17,16,15.999999999999998
curtailment_cost_CNY,31,130066.42138918402,26431.275000002501,2089.9536108284956,0,2089.9536108284956,42,old,188,2023-07-08,5,5
curtailment_cost_CNY,32,13631.024930750542,0,-13631.024930750542,0,-13631.024930750542,42,old,262,2023-09-20,4,4
curtailment_cost_CNY,33,0,0,0,-0,0,42,old,316,2023-11-13,16,15.999999999999998
curtailment_cost_CNY,34,67692.454660669624,1140.7053947359434,-56285.400713310191,0,-56285.400713310191,42,old,352,2023-12-19,10,10
curtailment_cost_CNY,35,83141.313019393696,83141.313019393696,0,-9.2305400011698175e-12,-1.4551915228366852e-11,42,old,123,2023-05-04,1,0.99999999999999989
curtailment_cost_CNY,36,165168.75900277472,165168.75900277472,0,-1.8337415919364411e-11,-2.9103830456733704e-11,42,old,186,2023-07-06,1,0.99999999999999989
curtailment_cost_CNY,37,201689.57894737349,201689.57894737349,0,0,0,42,old,70,2023-03-12,1,1
curtailment_cost_CNY,38,786616.30788628606,42324.891966762116,17556.639482194092,-2.4058915623051072e-08,17556.639482170111,42,old,27,2023-01-28,19,18.999999999999432
curtailment_cost_CNY,39,2368.8750000001364,0,-2368.8750000001364,-0,-2368.8750000001364,42,old,275,2023-10-03,22,21.999999999997797
curtailment_cost_CNY,40,0,0,0,-0,0,42,old,112,2023-04-23,4,3.9999999999999996
curtailment_cost_CNY,41,1224581.554092875,59971.670000004073,-85119.824092797702,609336.78686008241,524216.96276728483,42,old,206,2023-07-26,19,29.16041052150192
curtailment_cost_CNY,42,30362.000000001466,30362.000000001466,0,0,0,42,old,74,2023-03-16,1,1
curtailment_cost_CNY,43,0,0,0,0,0,42,old,140,2023-05-21,1,1
curtailment_cost_CNY,44,648367.87627299398,52327.157894740434,31885.176358631696,-2.7141897805308104e-08,31885.176358604571,42,old,289,2023-10-17,13,12.999999999999481
curtailment_cost_CNY,45,5829.0000000000728,5829.0000000000728,0,-6.4714900105401183e-13,-9.0949470177292824e-13,42,old,343,2023-12-10,1,0.99999999999999989
curtailment_cost_CNY,46,0,0,0,0,0,42,old,333,2023-11-30,4,4.0000000000000009
curtailment_cost_CNY,47,8270.1300000005722,0,-8270.1300000005722,0,-8270.1300000005722,42,old,308,2023-11-05,2,2
load_shedding_cost_CNY,0,3083799.9999996806,162299.99999989363,-2596899.9999999995,4.8723158840825714e-08,-2596899.9999999511,42,old,43,2023-02-13,3,3.0000000000003002
load_shedding_cost_CNY,1,19426545.249998879,1686994.9999998929,-2556595.2499999516,0,-2556595.2499999516,42,old,211,2023-07-31,10,10
load_shedding_cost_CNY,2,17501212.99999848,1465863.9999998459,89154.999999672174,-13.8567830729151,89141.143216598779,42,old,1,2023-01-02,12,11.999990547020001
load_shedding_cost_CNY,3,21292398.249997701,763399.99999989383,-6024398.2499998249,-2.7121416223959252e-09,-6024398.2499998268,42,old,63,2023-03-05,20,19.999999999999996
load_shedding_cost_CNY,4,0,0,0,0,0,42,old,12,2023-01-13,3,4.0937510452463481
load_shedding_cost_CNY,5,988099.99999968079,252799.99999989371,23099.999999894062,-1.1226575225004863e-10,23099.999999893946,42,old,31,2023-02-01,4,3.9999999999999996
load_shedding_cost_CNY,6,36718946.999998301,2772099.9999998934,4862553.0000000969,-2.0829530100740267e-06,4862552.9999980181,42,old,302,2023-10-30,15,14.999999999999249
load_shedding_cost_CNY,7,1389699.9999997874,611199.99999989395,-167299.99999999953,-1.3571366253015559e-10,-167299.99999999977,42,old,187,2023-07-07,2,1.9999999999999998
load_shedding_cost_CNY,8,3946999.9999997863,2395799.9999998929,844599.99999999953,-5.3197446447936623e-10,844599.9999999986,42,old,179,2023-06-29,2,1.9999999999999998
load_shedding_cost_CNY,9,31715077.249997672,2226999.9999998938,12824922.750000205,-4.8956363537582144,12824917.854363848,42,old,7,2023-01-08,20,19.999997801690007
load_shedding_cost_CNY,10,0,0,0,-0,0,42,old,13,2023-01-14,1,0.99999999999999989
load_shedding_cost_CNY,11,680699.99999968067,0,-680699.99999968067,0,-680699.99999968067,42,old,183,2023-07-03,5,5
load_shedding_cost_CNY,12,23183877.749997996,1264718.7499998899,-418940.24999997765,-11382448.997237097,-11801389.247237075,42,old,228,2023-08-17,18,9.0000156183039994
load_shedding_cost_CNY,13,27588014.249997377,1260218.7499998896,136798.25000019372,-8935091.2474560235,-8798292.9974558279,42,old,363,2023-12-30,22,14.909888662220899
load_shedding_cost_CNY,14,1540899.9999995751,520799.99999989383,542300.00000000023,2083199.9999995753,2625499.9999995753,42,old,106,2023-04-17,4,8
load_shedding_cost_CNY,15,0,0,0,0,0,42,old,91,2023-04-02,1,1
load_shedding_cost_CNY,16,8499.9999998937401,8499.9999998937401,25499.999999681218,0,25499.999999681218,42,old,238,2023-08-27,4,4
load_shedding_cost_CNY,17,17579303.249998614,1011999.9999998936,-5435303.249999892,4.853717427976734e-07,-5435303.2499994058,42,old,165,2023-06-15,12,12.00000000000048
load_shedding_cost_CNY,18,973290.74999945785,53899.999999894055,-542090.75000030547,0,-542090.75000030547,42,old,105,2023-04-16,8,8
load_shedding_cost_CNY,19,51952573.499998063,3279099.9999998929,7071226.5000000075,-4.7414292936308171e-06,7071226.4999952689,42,old,86,2023-03-28,18,17.999999999998554
load_shedding_cost_CNY,20,0,0,0,-0,0,42,old,348,2023-12-15,1,0.99999999999999989
load_shedding_cost_CNY,21,0,0,0,0,0,42,old,152,2023-06-02,2,2
load_shedding_cost_CNY,22,7722405.7499991404,753999.99999989371,-1690405.7499999907,-6.6968652845380002e-10,-1690405.7499999916,42,old,94,2023-04-05,8,7.9999999999999991
load_shedding_cost_CNY,23,0,0,0,0,0,42,old,104,2023-04-15,3,3.0000000000002998
load_shedding_cost_CNY,24,0,0,0,0,0,42,old,125,2023-05-06,3,3.8359458040207706
load_shedding_cost_CNY,25,2509699.9999995753,120399.9999998937,-2028100.0000000005,-1.0693668173180066e-10,-2028100.0000000007,42,old,315,2023-11-12,4,3.9999999999999991
load_shedding_cost_CNY,26,0,0,0,-0,0,42,old,92,2023-04-03,2,1.9999999999999998
load_shedding_cost_CNY,27,3220858.2499995604,630358.24999987986,-69067.000000161119,-5.5987059432982976e-10,-69067.000000161584,42,old,345,2023-12-12,5,4.9999999999999991
load_shedding_cost_CNY,28,16853936.499998648,1493573.7499998836,1068948.4999999553,7.1899550535542373e-07,1068948.5000006743,42,old,196,2023-07-16,12,12.000000000000481
load_shedding_cost_CNY,29,11799.999999893584,11799.999999893584,0,0,0,42,old,332,2023-11-29,1,1
load_shedding_cost_CNY,30,32717660.749998052,999899.99999989383,-16719260.74999975,-1.7761792037161218e-09,-16719260.749999752,42,old,259,2023-09-17,16,15.999999999999998
load_shedding_cost_CNY,31,9703749.4999994449,1819779.9999998906,-604849.49999999255,0,-604849.49999999255,42,old,188,2023-07-08,5,5
load_shedding_cost_CNY,32,1989896.2499996105,804399.99999989348,1227703.7499999634,0,1227703.7499999634,42,old,262,2023-09-20,4,4
load_shedding_cost_CNY,33,29926013.249998201,2546699.9999998934,10821186.750000093,-4.5238479629004284e-09,10821186.750000086,42,old,316,2023-11-13,16,15.999999999999998
load_shedding_cost_CNY,34,7377199.9999989364,575799.99999989395,-1619199.9999999972,0,-1619199.9999999972,42,old,352,2023-12-19,10,10
load_shedding_cost_CNY,35,615147.74999988836,615147.74999988836,0,-6.8295119559623569e-11,-1.1641532182693481e-10,42,old,123,2023-05-04,1,0.99999999999999989
load_shedding_cost_CNY,36,0,0,0,-0,0,42,old,186,2023-07-06,1,0.99999999999999989
load_shedding_cost_CNY,37,1185099.9999998934,1185099.9999998934,0,0,0,42,old,70,2023-03-12,1,1
load_shedding_cost_CNY,38,25106457.99999775,1120818.7499998899,-3810901.7499998435,-6.3711169673291006e-07,-3810901.7500004806,42,old,27,2023-01-28,19,18.999999999999432
load_shedding_cost_CNY,39,61289528.249997564,2774699.9999998934,-246128.24999991059,-6.1117830796317703e-06,-246128.25000602007,42,old,275,2023-10-03,22,21.999999999997797
load_shedding_cost_CNY,40,1779699.9999994677,763199.99999989395,1273100.000000108,-3.3892888495752069e-10,1273100.0000001076,42,old,112,2023-04-23,4,3.9999999999999996
load_shedding_cost_CNY,41,44812029.999997899,1966135.4999998878,-7455455.5000000298,19976743.820897296,12521288.320897266,42,old,206,2023-07-26,19,29.16041052150192
load_shedding_cost_CNY,42,0,0,0,0,0,42,old,74,2023-03-16,1,1
load_shedding_cost_CNY,43,0,0,0,0,0,42,old,140,2023-05-21,1,1
load_shedding_cost_CNY,44,8728999.9999986179,984199.99999989383,4065600.0000000019,-5.1050079719056108e-07,4065599.9999994915,42,old,289,2023-10-17,13,12.999999999999481
load_shedding_cost_CNY,45,93399.999999893611,93399.999999893611,0,-1.0369483049987151e-11,-1.4551915228366852e-11,42,old,343,2023-12-10,1,0.99999999999999989
load_shedding_cost_CNY,46,2276299.9999995744,441799.99999989365,-509099.99999999977,3.9239722582342087e-10,-509099.9999999993,42,old,333,2023-11-30,4,4.0000000000000009
load_shedding_cost_CNY,47,1359199.9999998938,1359199.9999998938,1359199.9999998938,0,1359199.9999998938,42,old,308,2023-11-05,2,2
storage_variable_om_CNY,0,2260.4722742388753,818.3720242385117,194.64379847665987,2.4567880547065442e-10,194.64379847690543,42,old,43,2023-02-13,3,3.0000000000003002
storage_variable_om_CNY,1,7179.2414650212413,708.84250000024838,-90.816465018757299,0,-90.816465018757299,42,old,211,2023-07-31,10,10
storage_variable_om_CNY,2,4547.0870000015184,439.73600000015404,729.74500000033004,-0.0041568156127404516,729.74084318471705,42,old,1,2023-01-02,12,11.999990547020001
storage_variable_om_CNY,3,19842.034027505219,1093.3535275002444,2025.0365224996676,-3.8843720329148978e-12,2025.036522499664,42,old,63,2023-03-05,20,19.999999999999996
storage_variable_om_CNY,4,1018.8631250003087,222.01500000007772,-352.81812500007561,242.82913831045298,-109.98898668962261,42,old,12,2023-01-13,3,4.0937510452463481
storage_variable_om_CNY,5,1732.9611567023114,474.31090670187132,164.28247010517384,-2.106363557805008e-13,164.28247010517362,42,old,31,2023-02-01,4,3.9999999999999996
storage_variable_om_CNY,6,12762.019483128755,840.33675000029439,-156.96823312434026,-6.3142814576999583e-10,-156.96823312497145,42,old,302,2023-10-30,15,14.999999999999249
storage_variable_om_CNY,7,2144.9000000002125,987.90000000010662,-169.09999999999923,-2.193578652054621e-13,-169.09999999999945,42,old,187,2023-07-07,2,1.9999999999999998
storage_variable_om_CNY,8,1805.2555000004222,904.00000000010641,2.7444999997906052,-2.0072832285225193e-13,2.7444999997903778,42,old,179,2023-06-29,2,1.9999999999999998
storage_variable_om_CNY,9,15960.618401567335,788.80400000027589,-184.53840156181832,-0.0017340357154878444,-184.54013559753366,42,old,7,2023-01-08,20,19.999997801690007
storage_variable_om_CNY,10,843.33300000008524,843.33300000008524,0,-9.3628771402630177e-14,-1.1368683772161603e-13,42,old,13,2023-01-14,1,0.99999999999999989
storage_variable_om_CNY,11,4646.1757500009662,725.20000000005325,-1020.1757500006997,0,-1020.1757500006997,42,old,183,2023-07-03,5,5
storage_variable_om_CNY,12,17284.733866254974,925.17175000032353,-631.64236624915065,-8326.5313003892679,-8958.1736666384186,42,old,228,2023-08-17,18,9.0000156183039994
storage_variable_om_CNY,13,12211.788907105718,639.47825000022408,1856.7325928992122,-4533.9719905897273,-2677.239397690515,42,old,363,2023-12-30,22,14.909888662220899
storage_variable_om_CNY,14,4460.4094736851666,1057.4000000001067,-230.80947368473971,4229.6000000004269,3998.7905263156872,42,old,106,2023-04-17,4,8
storage_variable_om_CNY,15,709.97062500020047,709.97062500020047,0,0,0,42,old,91,2023-04-02,1,1
storage_variable_om_CNY,16,979.02683344310265,304.00000000010641,236.973166557323,0,236.973166557323,42,old,238,2023-08-27,4,4
storage_variable_om_CNY,17,9084.9158193195672,688.71675000024106,-820.3148193166744,3.30319811503559e-10,-820.31481931634335,42,old,165,2023-06-15,12,12.00000000000048
storage_variable_om_CNY,18,8132.6662500011171,1099.9000000001065,666.53374999973494,0,666.53374999973494,42,old,105,2023-04-16,8,8
storage_variable_om_CNY,19,9269.0956980977862,456.00000000015962,-1061.0956980949122,-6.5935523707617335e-10,-1061.0956980955725,42,old,86,2023-03-28,18,17.999999999998554
storage_variable_om_CNY,20,860.06750000000852,860.06750000000852,0,-9.5486674123180628e-14,-1.1368683772161603e-13,42,old,348,2023-12-15,1,0.99999999999999989
storage_variable_om_CNY,21,1368.3047500002292,402.91900000001959,-562.46675000019002,0,-562.46675000019002,42,old,152,2023-06-02,2,2
storage_variable_om_CNY,22,7913.4858456267693,971.90000000029602,-138.28584562440119,-8.6322060610681463e-13,-138.2858456244021,42,old,94,2023-04-05,8,7.9999999999999991
storage_variable_om_CNY,23,2407.0506250005501,851.20000000005336,146.54937499960988,2.5515589641146795e-10,146.54937499986499,42,old,104,2023-04-15,3,3.0000000000002998
storage_variable_om_CNY,24,311.20956875339579,31.871231696820978,-215.59587366293286,26.642622405931281,-188.95325125700157,42,old,125,2023-05-06,3,3.8359458040207706
storage_variable_om_CNY,25,3575.3972500009859,890.70000000028585,-12.597249999842461,-7.9110051842715543e-13,-12.59724999984337,42,old,315,2023-11-12,4,3.9999999999999991
storage_variable_om_CNY,26,1819.0950351517017,800.15353515134484,-218.78796484901204,-1.7766977559204752e-13,-218.78796484901227,42,old,92,2023-04-03,2,1.9999999999999998
storage_variable_om_CNY,27,1686.068000000452,344.34175000012056,35.640750000150774,-3.0583691135188267e-13,35.640750000150547,42,old,345,2023-12-12,5,4.9999999999999991
storage_variable_om_CNY,28,6515.5598111058898,526.39500000018427,-198.81981110367815,2.5340271214711039e-10,-198.81981110342531,42,old,196,2023-07-16,12,12.000000000000481
storage_variable_om_CNY,29,817.00000000028604,817.00000000028604,0,0,0,42,old,332,2023-11-29,1,1
storage_variable_om_CNY,30,14650.596448753582,1095.4332500002436,2876.3355512503149,-1.9458803457443771e-12,2876.3355512503113,42,old,259,2023-09-17,16,15.999999999999998
storage_variable_om_CNY,31,3607.2318833781669,669.5837500002342,-259.31313337699567,0,-259.31313337699567,42,old,188,2023-07-08,5,5
storage_variable_om_CNY,32,1979.7037500004431,304.00000000010641,-763.70375000001741,0,-763.70375000001741,42,old,262,2023-09-20,4,4
storage_variable_om_CNY,33,5137.1867500017979,304.00000000010641,-273.18675000009534,-5.4001247917786516e-13,-273.18675000009625,42,old,316,2023-11-13,16,15.999999999999998
storage_variable_om_CNY,34,6042.470758556251,768.07737500022085,1638.3029914459576,0,1638.3029914459576,42,old,352,2023-12-19,10,10
storage_variable_om_CNY,35,770.85225000012201,770.85225000012201,0,-8.5581791653424279e-14,-1.1368683772161603e-13,42,old,123,2023-05-04,1,0.99999999999999989
storage_variable_om_CNY,36,904.00000000010641,904.00000000010641,0,-1.0036416142612597e-13,-1.1368683772161603e-13,42,old,186,2023-07-06,1,0.99999999999999989
storage_variable_om_CNY,37,1081.6000000003592,1081.6000000003592,0,0,0,42,old,70,2023-03-12,1,1
storage_variable_om_CNY,38,17164.853083775539,867.28125000016348,-686.509333772432,-4.9299231363884447e-10,-686.50933377292677,42,old,27,2023-01-28,19,18.999999999999432
storage_variable_om_CNY,39,7090.3155000024826,304.00000000010641,-402.31550000014158,-6.6961547418055282e-10,-402.31550000081097,42,old,275,2023-10-03,22,21.999999999997797
storage_variable_om_CNY,40,1857.4000000005324,500.20000000010663,143.39999999989413,-2.2213342276704867e-13,143.39999999989391,42,old,112,2023-04-23,4,3.9999999999999996
storage_variable_om_CNY,41,17415.226375005001,898.54800000031491,-342.81437499901585,9129.6165532777068,8786.8021782786891,42,old,206,2023-07-26,19,29.16041052150192
storage_variable_om_CNY,42,443.10000000007312,443.10000000007312,0,0,0,42,old,74,2023-03-16,1,1
storage_variable_om_CNY,43,64.899999999999935,64.899999999999935,0,0,0,42,old,140,2023-05-21,1,1
storage_variable_om_CNY,44,13423.265051878318,1093.6000000002859,793.53494812539975,-5.6724616115403755e-10,793.53494812483223,42,old,289,2023-10-17,13,12.999999999999481
storage_variable_om_CNY,45,560.28775000012899,560.28775000012899,0,-6.2204436046556676e-14,-1.1368683772161603e-13,42,old,343,2023-12-10,1,0.99999999999999989
storage_variable_om_CNY,46,1232.6000000004256,304.00000000010641,-16.599999999999909,2.7000623958893258e-13,-16.599999999999682,42,old,333,2023-11-30,4,4.0000000000000009
storage_variable_om_CNY,47,839.07325000029414,454.06675000015929,69.060250000024439,0,69.060250000024439,42,old,308,2023-11-05,2,2
storage_investment_allocated_CNY,0,30090.467910832493,10030.155970277498,0,3.0110960107110733e-09,3.0122464522719383e-09,42,old,43,2023-02-13,3,3.0000000000003002
storage_investment_allocated_CNY,1,100301.55970277498,10030.155970277498,0,0,0,42,old,211,2023-07-31,10,10
storage_investment_allocated_CNY,2,120361.87164332997,10030.155970277498,0,-0.094814863771573735,-0.094814863768988289,42,old,1,2023-01-02,12,11.999990547020001
storage_investment_allocated_CNY,3,200603.11940554995,10030.155970277498,0,-3.5634272316107376e-11,-2.9103830456733704e-11,42,old,63,2023-03-05,20,19.999999999999996
storage_investment_allocated_CNY,4,30090.467910832493,10030.155970277498,0,10970.493576474912,10970.49357647491,42,old,12,2023-01-13,3,4.0937510452463481
storage_investment_allocated_CNY,5,40120.62388110999,10030.155970277498,0,-4.454284039513422e-12,-7.2759576141834259e-12,42,old,31,2023-02-01,4,3.9999999999999996
storage_investment_allocated_CNY,6,150452.33955416246,10030.155970277498,0,-7.5366485948567105e-09,-7.5378920882940292e-09,42,old,302,2023-10-30,15,14.999999999999249
storage_investment_allocated_CNY,7,20060.311940554995,10030.155970277498,0,-2.227142019756711e-12,-3.637978807091713e-12,42,old,187,2023-07-07,2,1.9999999999999998
storage_investment_allocated_CNY,8,20060.311940554995,10030.155970277498,0,-2.227142019756711e-12,-3.637978807091713e-12,42,old,179,2023-06-29,2,1.9999999999999998
storage_investment_allocated_CNY,9,200603.11940554995,10030.155970277498,0,-0.022049392097870612,-0.022049392107874155,42,old,7,2023-01-08,20,19.999997801690007
storage_investment_allocated_CNY,10,10030.155970277498,10030.155970277498,0,-1.1135710098783555e-12,-1.8189894035458565e-12,42,old,13,2023-01-14,1,0.99999999999999989
storage_investment_allocated_CNY,11,50150.779851387488,10030.155970277498,0,0,0,42,old,183,2023-07-03,5,5
storage_investment_allocated_CNY,12,180542.80746499496,10030.155970277498,0,-90271.24707847237,-90271.24707847237,42,old,228,2023-08-17,18,9.0000156183039994
storage_investment_allocated_CNY,13,220663.43134610495,10030.155970277498,0,-71114.92256455723,-71114.92256455723,42,old,363,2023-12-30,22,14.909888662220899
storage_investment_allocated_CNY,14,40120.62388110999,10030.155970277498,0,40120.62388110999,40120.62388110999,42,old,106,2023-04-17,4,8
storage_investment_allocated_CNY,15,10030.155970277498,10030.155970277498,0,0,0,42,old,91,2023-04-02,1,1
storage_investment_allocated_CNY,16,40120.62388110999,10030.155970277498,0,0,0,42,old,238,2023-08-27,4,4
storage_investment_allocated_CNY,17,120361.87164332997,10030.155970277498,0,4.8106267626744958e-09,4.8166839405894279e-09,42,old,165,2023-06-15,12,12.00000000000048
storage_investment_allocated_CNY,18,80241.24776221998,10030.155970277498,0,0,0,42,old,105,2023-04-16,8,8
storage_investment_allocated_CNY,19,180542.80746499496,10030.155970277498,0,-1.4503148832655703e-08,-1.4493707567453384e-08,42,old,86,2023-03-28,18,17.999999999998554
storage_investment_allocated_CNY,20,10030.155970277498,10030.155970277498,0,-1.1135710098783555e-12,-1.8189894035458565e-12,42,old,348,2023-12-15,1,0.99999999999999989
storage_investment_allocated_CNY,21,20060.311940554995,10030.155970277498,0,0,0,42,old,152,2023-06-02,2,2
storage_investment_allocated_CNY,22,80241.24776221998,10030.155970277498,0,-8.908568079026844e-12,-1.4551915228366852e-11,42,old,94,2023-04-05,8,7.9999999999999991
storage_investment_allocated_CNY,23,30090.467910832493,10030.155970277498,0,3.00664172667156e-09,3.0049704946577549e-09,42,old,104,2023-04-15,3,3.0000000000002998
storage_investment_allocated_CNY,24,30090.467910832493,10030.155970277498,0,8384.6667970273556,8384.6667970273556,42,old,125,2023-05-06,3,3.8359458040207706
storage_investment_allocated_CNY,25,40120.62388110999,10030.155970277498,0,-8.908568079026844e-12,-7.2759576141834259e-12,42,old,315,2023-11-12,4,3.9999999999999991
storage_investment_allocated_CNY,26,20060.311940554995,10030.155970277498,0,-2.227142019756711e-12,-3.637978807091713e-12,42,old,92,2023-04-03,2,1.9999999999999998
storage_investment_allocated_CNY,27,50150.779851387488,10030.155970277498,0,-8.908568079026844e-12,-7.2759576141834259e-12,42,old,345,2023-12-12,5,4.9999999999999991
storage_investment_allocated_CNY,28,120361.87164332997,10030.155970277498,0,4.8284438988325499e-09,4.8312358558177948e-09,42,old,196,2023-07-16,12,12.000000000000481
storage_investment_allocated_CNY,29,10030.155970277498,10030.155970277498,0,0,0,42,old,332,2023-11-29,1,1
storage_investment_allocated_CNY,30,160482.49552443996,10030.155970277498,0,-1.7817136158053688e-11,-2.9103830456733704e-11,42,old,259,2023-09-17,16,15.999999999999998
storage_investment_allocated_CNY,31,50150.779851387488,10030.155970277498,0,0,0,42,old,188,2023-07-08,5,5
storage_investment_allocated_CNY,32,40120.62388110999,10030.155970277498,0,0,0,42,old,262,2023-09-20,4,4
storage_investment_allocated_CNY,33,160482.49552443996,10030.155970277498,0,-1.7817136158053688e-11,-2.9103830456733704e-11,42,old,316,2023-11-13,16,15.999999999999998
storage_investment_allocated_CNY,34,100301.55970277498,10030.155970277498,0,0,0,42,old,352,2023-12-19,10,10
storage_investment_allocated_CNY,35,10030.155970277498,10030.155970277498,0,-1.1135710098783555e-12,-1.8189894035458565e-12,42,old,123,2023-05-04,1,0.99999999999999989
storage_investment_allocated_CNY,36,10030.155970277498,10030.155970277498,0,-1.1135710098783555e-12,-1.8189894035458565e-12,42,old,186,2023-07-06,1,0.99999999999999989
storage_investment_allocated_CNY,37,10030.155970277498,10030.155970277498,0,0,0,42,old,70,2023-03-12,1,1
storage_investment_allocated_CNY,38,190572.96343527245,10030.155970277498,0,-5.7014835705771802e-09,-5.7043507695198059e-09,42,old,27,2023-01-28,19,18.999999999999432
storage_investment_allocated_CNY,39,220663.43134610495,10030.155970277498,0,-2.2093248835986573e-08,-2.2089807316660881e-08,42,old,275,2023-10-03,22,21.999999999997797
storage_investment_allocated_CNY,40,40120.62388110999,10030.155970277498,0,-4.454284039513422e-12,-7.2759576141834259e-12,42,old,112,2023-04-23,4,3.9999999999999996
storage_investment_allocated_CNY,41,190572.96343527245,10030.155970277498,0,101910.50225271279,101910.50225271279,42,old,206,2023-07-26,19,29.16041052150192
storage_investment_allocated_CNY,42,10030.155970277498,10030.155970277498,0,0,0,42,old,74,2023-03-16,1,1
storage_investment_allocated_CNY,43,10030.155970277498,10030.155970277498,0,0,0,42,old,140,2023-05-21,1,1
storage_investment_allocated_CNY,44,130392.02761360747,10030.155970277498,0,-5.2026037581516769e-09,-5.2095856517553329e-09,42,old,289,2023-10-17,13,12.999999999999481
storage_investment_allocated_CNY,45,10030.155970277498,10030.155970277498,0,-1.1135710098783555e-12,-1.8189894035458565e-12,42,old,343,2023-12-10,1,0.99999999999999989
storage_investment_allocated_CNY,46,40120.62388110999,10030.155970277498,0,8.908568079026844e-12,7.2759576141834259e-12,42,old,333,2023-11-30,4,4.0000000000000009
storage_investment_allocated_CNY,47,20060.311940554995,10030.155970277498,0,0,0,42,old,308,2023-11-05,2,2
storage_fixed_om_CNY,0,6246.5753424657532,2082.1917808219177,0,6.250829382262141e-10,6.248228601180017e-10,42,old,43,2023-02-13,3,3.0000000000003002
storage_fixed_om_CNY,1,20821.917808219179,2082.1917808219177,0,0,0,42,old,211,2023-07-31,10,10
storage_fixed_om_CNY,2,24986.301369863013,2082.1917808219177,0,-0.019682917257712262,-0.01968291725643212,42,old,1,2023-01-02,12,11.999990547020001
storage_fixed_om_CNY,3,41643.835616438359,2082.1917808219177,0,-7.3974312216120017e-12,-1.4551915228366852e-11,42,old,63,2023-03-05,20,19.999999999999996
storage_fixed_om_CNY,4,6246.5753424657532,2082.1917808219177,0,2277.3994366773277,2277.3994366773268,42,old,12,2023-01-13,3,4.0937510452463481
storage_fixed_om_CNY,5,8328.767123287671,2082.1917808219177,0,-9.2467890270150021e-13,-1.8189894035458565e-12,42,old,31,2023-02-01,4,3.9999999999999996
storage_fixed_om_CNY,6,31232.876712328765,2082.1917808219177,0,-1.5645567033709384e-09,-1.5643308870494366e-09,42,old,302,2023-10-30,15,14.999999999999249
storage_fixed_om_CNY,7,4164.3835616438355,2082.1917808219177,0,-4.6233945135075011e-13,-9.0949470177292824e-13,42,old,187,2023-07-07,2,1.9999999999999998
storage_fixed_om_CNY,8,4164.3835616438355,2082.1917808219177,0,-4.6233945135075011e-13,-9.0949470177292824e-13,42,old,179,2023-06-29,2,1.9999999999999998
storage_fixed_om_CNY,9,41643.835616438359,2082.1917808219177,0,-0.0045773029985131672,-0.0045773029996780679,42,old,7,2023-01-08,20,19.999997801690007
storage_fixed_om_CNY,10,2082.1917808219177,2082.1917808219177,0,-2.3116972567537505e-13,-4.5474735088646412e-13,42,old,13,2023-01-14,1,0.99999999999999989
storage_fixed_om_CNY,11,10410.95890410959,2082.1917808219177,0,0,0,42,old,183,2023-07-03,5,5
storage_fixed_om_CNY,12,37479.452054794521,2082.1917808219177,0,-18739.693507093041,-18739.693507093045,42,old,228,2023-08-17,18,9.0000156183039994
storage_fixed_om_CNY,13,45808.219178082189,2082.1917808219177,0,-14762.971552635936,-14762.971552635932,42,old,363,2023-12-30,22,14.909888662220899
storage_fixed_om_CNY,14,8328.767123287671,2082.1917808219177,0,8328.767123287671,8328.767123287671,42,old,106,2023-04-17,4,8
storage_fixed_om_CNY,15,2082.1917808219177,2082.1917808219177,0,0,0,42,old,91,2023-04-02,1,1
storage_fixed_om_CNY,16,8328.767123287671,2082.1917808219177,0,0,0,42,old,238,2023-08-27,4,4
storage_fixed_om_CNY,17,24986.301369863013,2082.1917808219177,0,9.9865321491762027e-10,1.0004441719502211e-09,42,old,165,2023-06-15,12,12.00000000000048
storage_fixed_om_CNY,18,16657.534246575342,2082.1917808219177,0,0,0,42,old,105,2023-04-16,8,8
storage_fixed_om_CNY,19,37479.452054794521,2082.1917808219177,0,-3.0107545071960846e-09,-3.0122464522719383e-09,42,old,86,2023-03-28,18,17.999999999998554
storage_fixed_om_CNY,20,2082.1917808219177,2082.1917808219177,0,-2.3116972567537505e-13,-4.5474735088646412e-13,42,old,348,2023-12-15,1,0.99999999999999989
storage_fixed_om_CNY,21,4164.3835616438355,2082.1917808219177,0,0,0,42,old,152,2023-06-02,2,2
storage_fixed_om_CNY,22,16657.534246575342,2082.1917808219177,0,-1.8493578054030004e-12,-3.637978807091713e-12,42,old,94,2023-04-05,8,7.9999999999999991
storage_fixed_om_CNY,23,6246.5753424657532,2082.1917808219177,0,6.2415825932351262e-10,6.2391336541622877e-10,42,old,104,2023-04-15,3,3.0000000000002998
storage_fixed_om_CNY,24,6246.5753424657532,2082.1917808219177,0,1740.5994823446181,1740.5994823446181,42,old,125,2023-05-06,3,3.8359458040207706
storage_fixed_om_CNY,25,8328.767123287671,2082.1917808219177,0,-1.8493578054030004e-12,-1.8189894035458565e-12,42,old,315,2023-11-12,4,3.9999999999999991
storage_fixed_om_CNY,26,4164.3835616438355,2082.1917808219177,0,-4.6233945135075011e-13,-9.0949470177292824e-13,42,old,92,2023-04-03,2,1.9999999999999998
storage_fixed_om_CNY,27,10410.95890410959,2082.1917808219177,0,-1.8493578054030004e-12,-3.637978807091713e-12,42,old,345,2023-12-12,5,4.9999999999999991
storage_fixed_om_CNY,28,24986.301369863013,2082.1917808219177,0,1.0023519305284262e-09,1.0040821507573128e-09,42,old,196,2023-07-16,12,12.000000000000481
storage_fixed_om_CNY,29,2082.1917808219177,2082.1917808219177,0,0,0,42,old,332,2023-11-29,1,1
storage_fixed_om_CNY,30,33315.068493150684,2082.1917808219177,0,-3.6987156108060009e-12,-7.2759576141834259e-12,42,old,259,2023-09-17,16,15.999999999999998
storage_fixed_om_CNY,31,10410.95890410959,2082.1917808219177,0,0,0,42,old,188,2023-07-08,5,5
storage_fixed_om_CNY,32,8328.767123287671,2082.1917808219177,0,0,0,42,old,262,2023-09-20,4,4
storage_fixed_om_CNY,33,33315.068493150684,2082.1917808219177,0,-3.6987156108060009e-12,-7.2759576141834259e-12,42,old,316,2023-11-13,16,15.999999999999998
storage_fixed_om_CNY,34,20821.917808219179,2082.1917808219177,0,0,0,42,old,352,2023-12-19,10,10
storage_fixed_om_CNY,35,2082.1917808219177,2082.1917808219177,0,-2.3116972567537505e-13,-4.5474735088646412e-13,42,old,123,2023-05-04,1,0.99999999999999989
storage_fixed_om_CNY,36,2082.1917808219177,2082.1917808219177,0,-2.3116972567537505e-13,-4.5474735088646412e-13,42,old,186,2023-07-06,1,0.99999999999999989
storage_fixed_om_CNY,37,2082.1917808219177,2082.1917808219177,0,0,0,42,old,70,2023-03-12,1,1
storage_fixed_om_CNY,38,39561.643835616436,2082.1917808219177,0,-1.1835889954579204e-09,-1.1859810911118984e-09,42,old,27,2023-01-28,19,18.999999999999432
storage_fixed_om_CNY,39,45808.219178082189,2082.1917808219177,0,-4.5864073573994413e-09,-4.5838532969355583e-09,42,old,275,2023-10-03,22,21.999999999997797
storage_fixed_om_CNY,40,8328.767123287671,2082.1917808219177,0,-9.2467890270150021e-13,-1.8189894035458565e-12,42,old,112,2023-04-23,4,3.9999999999999996
storage_fixed_om_CNY,41,39561.643835616436,2082.1917808219177,0,21155.923277647831,21155.923277647831,42,old,206,2023-07-26,19,29.16041052150192
storage_fixed_om_CNY,42,2082.1917808219177,2082.1917808219177,0,0,0,42,old,74,2023-03-16,1,1
storage_fixed_om_CNY,43,2082.1917808219177,2082.1917808219177,0,0,0,42,old,140,2023-05-21,1,1
storage_fixed_om_CNY,44,27068.493150684932,2082.1917808219177,0,-1.0800249583553523e-09,-1.0804797057062387e-09,42,old,289,2023-10-17,13,12.999999999999481
storage_fixed_om_CNY,45,2082.1917808219177,2082.1917808219177,0,-2.3116972567537505e-13,-4.5474735088646412e-13,42,old,343,2023-12-10,1,0.99999999999999989
storage_fixed_om_CNY,46,8328.767123287671,2082.1917808219177,0,1.8493578054030004e-12,1.8189894035458565e-12,42,old,333,2023-11-30,4,4.0000000000000009
storage_fixed_om_CNY,47,4164.3835616438355,2082.1917808219177,0,0,0,42,old,308,2023-11-05,2,2
renewable_available_MWh,0,3139.1199999999999,1211.22,494.53999999999996,3.6307556960935017e-10,494.54000000036331,42,new,344,2023-12-11,3,3.0000000000002998
renewable_available_MWh,1,7200.7700000000004,737.95000000000005,178.72999999999956,0,178.72999999999956,42,new,163,2023-06-13,10,10
renewable_available_MWh,2,3282.1100000000001,302.55000000000001,348.49000000000024,-0.0022741049725199859,348.48772589502732,42,new,1,2023-01-02,12,11.999992483540002
renewable_available_MWh,3,18968,1115.6099999999999,3344.1999999999971,0,3344.1999999999971,42,new,127,2023-05-08,20,20
renewable_available_MWh,4,4174.7200000000003,1228.0300000000002,-490.62999999999965,3.686598937235886e-10,-490.62999999963085,42,new,347,2023-12-14,3,3.0000000000003002
renewable_available_MWh,5,4316.71,1099.77,82.369999999999891,8.3110316368451004e-05,82.370083110316045,42,new,31,2023-02-01,4,4.0000000755706342
renewable_available_MWh,6,11232.639999999999,719.82999999999993,-435.19000000000051,-2156.9043699941453,-2592.0943699941454,42,new,209,2023-07-29,15,12.003592000897232
renewable_available_MWh,7,3421.6000000000004,1584.6600000000001,-252.2800000000002,-3.5186520364050013e-13,-252.28000000000065,42,new,187,2023-07-07,2,1.9999999999999998
renewable_available_MWh,8,2313.9700000000003,1102.74,-108.49000000000024,-2.4485746763502903e-13,-108.49000000000069,42,new,179,2023-06-29,2,1.9999999999999998
renewable_available_MWh,9,12051.049999999999,626.63,481.55000000000109,0,481.55000000000109,42,new,298,2023-10-26,20,20
renewable_available_MWh,10,2431.23,2431.23,0,-2.6992075241594194e-13,-4.5474735088646412e-13,42,new,13,2023-01-14,1,0.99999999999999989
renewable_available_MWh,11,6805.1099999999997,1239.71,-606.55999999999949,0,-606.55999999999949,42,new,189,2023-07-09,5,5
renewable_available_MWh,12,18907.650000000001,949.47000000000003,-1817.1900000000023,-1.3695171929839489e-09,-1817.1900000013702,42,new,228,2023-08-17,18,17.999999999998558
renewable_available_MWh,13,10316.110000000001,485.89999999999998,373.68999999999869,6418.7196268146308,6792.4096268146313,42,new,33,2023-02-03,22,35.209960129274812
renewable_available_MWh,14,7736.0100000000002,2021.1900000000001,348.75,-8.9758867005684808e-13,348.74999999999909,42,new,106,2023-04-17,4,3.9999999999999996
renewable_available_MWh,15,2118.9299999999998,2118.9299999999998,0,0,0,42,new,91,2023-04-02,1,1
renewable_available_MWh,16,4676.1900000000005,983.48000000000002,-742.27000000000044,543.59808863659123,-198.67191136340898,42,new,93,2023-04-04,4,4.5527291746009997
renewable_available_MWh,17,7942.2800000000007,646.01999999999998,-190.04000000000087,3.1213687634590315e-10,-190.03999999968892,42,new,253,2023-09-11,12,12.000000000000483
renewable_available_MWh,18,11763.379999999999,1485.55,121.02000000000044,11488.745946060528,11609.76594606053,42,new,105,2023-04-16,8,15.733664936259654
renewable_available_MWh,19,9377.5300000000007,515.66000000000008,-95.649999999999636,-4640.9084316119315,-4736.5584316119312,42,new,173,2023-06-23,18,9.0000612193849996
renewable_available_MWh,20,1624.05,1624.05,0,-1.8030577031424854e-13,-2.2737367544323206e-13,42,new,348,2023-12-15,1,0.99999999999999989
renewable_available_MWh,21,2468.5899999999997,1151.9099999999999,-164.76999999999998,0,-164.76999999999998,42,new,152,2023-06-02,2,2
renewable_available_MWh,22,10370.48,1315.55,153.92000000000007,0,153.92000000000007,42,new,134,2023-05-15,8,8
renewable_available_MWh,23,5212.5599999999995,1880.29,428.3100000000004,5.644711542629466e-10,428.3100000005652,42,new,110,2023-04-21,3,3.0000000000003002
renewable_available_MWh,24,3749.5799999999999,1278.49,85.890000000000327,3.8324043938331442e-10,85.890000000383225,42,new,125,2023-05-06,3,3.0000000000002998
renewable_available_MWh,25,4112.6599999999999,1064.9400000000001,147.10000000000036,-2.0793737443929319e-05,147.09997920626301,42,new,354,2023-12-21,4,3.9999999804742639
renewable_available_MWh,26,4087.6800000000003,1813.2600000000002,-461.15999999999985,-4.0262460032636232e-13,-461.16000000000031,42,new,92,2023-04-03,2,1.9999999999999998
renewable_available_MWh,27,2588.77,436.56,-405.9699999999998,-3.8774317090428667e-13,-405.97000000000025,42,new,345,2023-12-12,5,4.9999999999999991
renewable_available_MWh,28,7738.1899999999996,773.01999999999998,1538.0500000000002,3.7075302827815903e-10,1538.0500000003713,42,new,194,2023-07-14,12,12.00000000000048
renewable_available_MWh,29,1734.3000000000002,1734.3000000000002,0,0,0,42,new,332,2023-11-29,1,1
renewable_available_MWh,30,14436.709999999999,861.42999999999995,-653.82999999999993,3.0604141443291153e-12,-653.82999999999629,42,new,260,2023-09-18,16,16.000000000000004
renewable_available_MWh,31,4184.8800000000001,1012.6800000000001,878.52000000000044,-8.9944052206192288e-13,878.51999999999953,42,new,239,2023-08-28,5,4.9999999999999991
renewable_available_MWh,32,2758.29,777.68000000000006,352.43000000000029,0,352.43000000000029,42,new,51,2023-02-21,4,4
renewable_available_MWh,33,4520.7299999999996,372.62,1441.1900000000005,0,1441.1900000000005,42,new,37,2023-02-07,16,16
renewable_available_MWh,34,8095.9000000000005,681.82999999999993,-1277.6000000000013,0,-1277.6000000000013,42,new,352,2023-12-19,10,10
renewable_available_MWh,35,1187.1900000000001,1187.1900000000001,0,-1.3180456726047397e-13,-2.2737367544323206e-13,42,new,123,2023-05-04,1,0.99999999999999989
renewable_available_MWh,36,2292.0299999999997,2292.0299999999997,0,-2.5446644791315973e-13,-4.5474735088646412e-13,42,new,186,2023-07-06,1,0.99999999999999989
renewable_available_MWh,37,1943.5999999999999,1943.5999999999999,0,0,0,42,new,70,2023-03-12,1,1
renewable_available_MWh,38,14333.6,651.79999999999995,-1949.4000000000015,-3.7050540413474664e-10,-1949.4000000003725,42,new,45,2023-02-15,19,18.999999999999432
renewable_available_MWh,39,7358.21,282.48000000000002,-1143.6499999999996,-6.2221374719229063e-10,-1143.6500000006217,42,new,275,2023-10-03,22,21.999999999997797
renewable_available_MWh,40,2023.73,576.61000000000001,282.71000000000004,5.1213255858328922e-13,282.71000000000049,42,new,25,2023-01-26,4,4.0000000000000009
renewable_available_MWh,41,20176.809999999998,1139.3900000000001,1471.6000000000058,-10824.205000000002,-9352.6049999999959,42,new,242,2023-08-31,19,9.5
renewable_available_MWh,42,1415.4899999999998,1415.4899999999998,0,0,0,42,new,74,2023-03-16,1,1
renewable_available_MWh,43,1498.7,1498.7,0,0,0,42,new,140,2023-05-21,1,1
renewable_available_MWh,44,14229.59,905.13000000000011,-2462.8999999999978,-4.6948748888553386e-10,-2462.9000000004689,42,new,154,2023-06-04,13,12.999999999999481
renewable_available_MWh,45,939.86000000000001,939.86000000000001,0,-1.0434542119241996e-13,-1.1368683772161603e-13,42,new,343,2023-12-10,1,0.99999999999999989
renewable_available_MWh,46,2204.77,579.50999999999999,113.26999999999998,0,113.26999999999998,42,new,75,2023-03-17,4,4
renewable_available_MWh,47,1949.8299999999999,856.06999999999994,-237.69000000000005,0,-237.69000000000005,42,new,308,2023-11-05,2,2
renewable_used_MWh,0,2714.9345454293148,1017.9134349030315,338.80575927977998,3.0512995177624902e-10,338.80575928008511,42,new,344,2023-12-11,3,3.0000000000002998
renewable_used_MWh,1,6298.9720063016903,605.2362999999915,-246.60900630177548,0,-246.60900630177548,42,new,163,2023-06-13,10,10
renewable_used_MWh,2,3282.1100000000001,302.55000000000001,348.49000000000024,-0.0022741049725199859,348.48772589502732,42,new,1,2023-01-02,12,11.999992483540002
renewable_used_MWh,3,13097.976816016955,785.90482499997847,2620.1196839826152,0,2620.1196839826152,42,new,127,2023-05-08,20,20
renewable_used_MWh,4,4089.9069210526295,1227.0621052631579,-408.72060526315545,3.6836932755597065e-10,-408.7206052627871,42,new,347,2023-12-14,3,3.0000000000003002
renewable_used_MWh,5,4278.7426315789471,1078.7042105263158,36.074210526316165,8.1518361298109866e-05,36.07429204467735,42,new,31,2023-02-01,4,4.0000000755706342
renewable_used_MWh,6,8966.6744080585304,633.97999999999297,543.02559194136484,-1899.6627432711518,-1356.6371513297881,42,new,209,2023-07-29,15,12.003592000897232
renewable_used_MWh,7,2057.3081994459367,965.85409972296839,-125.59999999999991,-2.1446269198820831e-13,-125.60000000000014,42,new,187,2023-07-07,2,1.9999999999999998
renewable_used_MWh,8,1376.1785497229475,716.40409972296834,56.629649722989143,-1.5907366528965924e-13,56.629649722988916,42,new,179,2023-06-29,2,1.9999999999999998
renewable_used_MWh,9,9933.6961076275402,533.54487534625264,737.20139929751167,0,737.20139929751167,42,new,298,2023-10-26,20,20
renewable_used_MWh,10,2077.0240997229685,2077.0240997229685,0,-2.3059599782137768e-13,-4.5474735088646412e-13,42,new,13,2023-01-14,1,0.99999999999999989
renewable_used_MWh,11,4670.7289208447828,930.41501578946065,-18.653841897479651,0,-18.653841897479651,42,new,189,2023-07-09,5,5
renewable_used_MWh,12,11976.588664932789,587.93094999997857,-1393.8315649331762,-8.4803263327156948e-10,-1393.8315649340238,42,new,228,2023-08-17,18,17.999999999998558
renewable_used_MWh,13,9815.4009047234795,428.03487534625265,-398.63364710592214,5654.3236372631118,5255.6899901571906,42,new,33,2023-02-03,22,35.209960129274812
renewable_used_MWh,14,4161.5711994458943,1049.4940997229685,36.405199445979633,-4.6606900548827589e-13,36.405199445978724,42,new,106,2023-04-17,4,3.9999999999999996
renewable_used_MWh,15,1587.7129374999906,1587.7129374999906,0,0,0,42,new,91,2023-04-02,1,1
renewable_used_MWh,16,4556.8548753462474,983.48000000000002,-622.93487534624728,543.59808863659123,-79.336786709655826,42,new,93,2023-04-04,4,4.5527291746009997
renewable_used_MWh,17,6451.5648695068103,579.26829999999302,499.6547304931064,2.7988452018234627e-10,499.65473049338561,42,new,253,2023-09-11,12,12.000000000000483
renewable_used_MWh,18,8096.4131088640952,969.25409972296848,-342.38031108034738,7495.8864453534388,7153.5061342730914,42,new,105,2023-04-16,8,15.733664936259654
renewable_used_MWh,19,8858.3058938398735,515.66000000000008,423.57410616012749,-4640.9084316119315,-4217.334325451804,42,new,173,2023-06-23,18,9.0000612193849996
renewable_used_MWh,20,1284.1840997229683,1284.1840997229683,0,-1.4257307553699675e-13,-2.2737367544323206e-13,42,new,348,2023-12-15,1,0.99999999999999989
renewable_used_MWh,21,2279.151424999995,1151.9099999999999,24.668575000004694,0,24.668575000004694,42,new,152,2023-06-02,2,2
renewable_used_MWh,22,6618.8813455619884,901.10227499997904,589.93685443784398,0,589.93685443784398,42,new,134,2023-05-15,8,8
renewable_used_MWh,23,4099.1067934556295,1336.5270427631422,-89.525665166202998,4.0123117313401307e-10,-89.525665165801911,42,new,110,2023-04-21,3,3.0000000000003002
renewable_used_MWh,24,3749.5799999999999,1278.49,85.890000000000327,3.8324043938331442e-10,85.890000000383225,42,new,125,2023-05-06,3,3.0000000000002998
renewable_used_MWh,25,3340.464236218781,771.61588552630292,-254.00069411356935,-1.5066368181492819e-05,-254.00070917993753,42,new,354,2023-12-21,4,3.9999999804742639
renewable_used_MWh,26,3303.0150802631169,1539.234974999983,-224.5451302631509,-3.4177882191066167e-13,-224.54513026315135,42,new,92,2023-04-03,2,1.9999999999999998
renewable_used_MWh,27,2588.77,436.55999999999995,-405.97000000000025,-3.8774317090428662e-13,-405.97000000000071,42,new,345,2023-12-12,5,4.9999999999999991
renewable_used_MWh,28,7368.5685161827969,751.07421052631571,1644.3220101329916,3.6022746890670241e-10,1644.3220101333518,42,new,194,2023-07-14,12,12.00000000000048
renewable_used_MWh,29,1460.1942105263031,1460.1942105263031,0,0,0,42,new,332,2023-11-29,1,1
renewable_used_MWh,30,10467.521432479283,657.37554016618412,50.487210179662725,2.3354670736572705e-12,50.487210179664544,42,new,260,2023-09-18,16,16.000000000000004
renewable_used_MWh,31,3534.5478930540799,780.64409972296835,368.67260556076189,-6.93351242840173e-13,368.67260556076099,42,new,239,2023-08-28,5,4.9999999999999991
renewable_used_MWh,32,2690.1348753462471,709.5248753462472,147.9646260387417,0,147.9646260387417,42,new,51,2023-02-21,4,4
renewable_used_MWh,33,4520.7299999999996,372.62,1441.1900000000005,0,1441.1900000000005,42,new,37,2023-02-07,16,16
renewable_used_MWh,34,7757.4377266966521,676.12647302632035,-996.17299643344904,0,-996.17299643344904,42,new,352,2023-12-19,10,10
renewable_used_MWh,35,771.48343490303159,771.48343490303159,0,-8.565186725462488e-14,-1.1368683772161603e-13,42,new,123,2023-05-04,1,0.99999999999999989
renewable_used_MWh,36,1466.1862049861263,1466.1862049861263,0,-1.6277936831633769e-13,-2.2737367544323206e-13,42,new,186,2023-07-06,1,0.99999999999999989
renewable_used_MWh,37,935.15210526313263,935.15210526313263,0,0,0,42,new,70,2023-03-12,1,1
renewable_used_MWh,38,10400.51846056857,479.65554016618944,-1287.063197410971,-2.7265260778573829e-10,-1287.0631974112439,42,new,45,2023-02-15,19,18.999999999999432
renewable_used_MWh,39,7346.3656249999995,282.48000000000002,-1131.8056249999991,-6.2221374719229063e-10,-1131.8056250006211,42,new,275,2023-10-03,22,21.999999999997797
renewable_used_MWh,40,2023.73,576.61000000000001,282.71000000000004,5.1213255858328922e-13,282.71000000000049,42,new,25,2023-01-26,4,4.0000000000000009
renewable_used_MWh,41,14053.902229535624,729.51184999997702,-193.17707953606077,-6930.3625749997818,-7123.5396545358426,42,new,242,2023-08-31,19,9.5
renewable_used_MWh,42,1263.6799999999926,1263.6799999999926,0,0,0,42,new,74,2023-03-16,1,1
renewable_used_MWh,43,1498.7,1498.7,0,0,0,42,new,140,2023-05-21,1,1
renewable_used_MWh,44,10987.750618635029,720.59612500000605,-1620.0009936349506,-3.7377046968601094e-10,-1620.0009936353235,42,new,154,2023-06-04,13,12.999999999999481
renewable_used_MWh,45,910.71499999999969,910.71499999999969,0,-1.0110967618714991e-13,-1.1368683772161603e-13,42,new,343,2023-12-10,1,0.99999999999999989
renewable_used_MWh,46,2204.77,579.50999999999999,113.26999999999998,0,113.26999999999998,42,new,75,2023-03-17,4,4
renewable_used_MWh,47,1908.4793499999971,856.06999999999994,-196.33934999999724,0,-196.33934999999724,42,new,308,2023-11-05,2,2
curtailment_MWh,0,424.18545457068512,193.30656509696846,155.73424072022021,5.7945617833101133e-11,155.73424072027819,42,new,344,2023-12-11,3,3.0000000000002998
curtailment_MWh,1,901.79799369830971,132.71370000000854,425.33900630177573,0,425.33900630177573,42,new,163,2023-06-13,10,10
curtailment_MWh,2,0,0,0,-0,0,42,new,1,2023-01-02,12,11.999992483540002
curtailment_MWh,3,5870.0231839830431,329.70517500002154,724.0803160173873,0,724.0803160173873,42,new,127,2023-05-08,20,20
curtailment_MWh,4,84.813078947370926,0.96789473684212624,-81.909394736844547,2.9056616761792382e-13,-81.909394736844263,42,new,347,2023-12-14,3,3.0000000000003002
curtailment_MWh,5,37.967368421052697,21.06578947368423,46.295789473684223,1.5919550703411453e-06,46.295791065639293,42,new,31,2023-02-01,4,4.0000000755706342
curtailment_MWh,6,2265.9655919414695,85.850000000007043,-978.21559194136375,-257.24162672299377,-1235.4572186643577,42,new,209,2023-07-29,15,12.003592000897232
curtailment_MWh,7,1364.2918005540632,618.80590027703147,-126.68000000000029,-1.3740251165229177e-13,-126.68000000000052,42,new,187,2023-07-07,2,1.9999999999999998
curtailment_MWh,8,937.79145027705249,386.33590027703156,-165.11964972298938,-8.5783802345369765e-14,-165.11964972298949,42,new,179,2023-06-29,2,1.9999999999999998
curtailment_MWh,9,2117.35389237246,93.085124653747357,-255.65139929751285,0,-255.65139929751285,42,new,298,2023-10-26,20,20
curtailment_MWh,10,354.20590027703156,354.20590027703156,0,-3.9324754594564255e-14,-5.6843418860808015e-14,42,new,13,2023-01-14,1,0.99999999999999989
curtailment_MWh,11,2134.3810791552169,309.29498421053933,-587.90615810252029,0,-587.90615810252029,42,new,189,2023-07-09,5,5
curtailment_MWh,12,6931.0613350672102,361.5390500000214,-423.35843506682522,-5.2148455971237936e-10,-423.35843506734636,42,new,228,2023-08-17,18,17.999999999998558
curtailment_MWh,13,500.70909527652134,57.865124653747401,772.32364710592151,764.39598955152007,1536.7196366574417,42,new,33,2023-02-03,22,35.209960129274812
curtailment_MWh,14,3574.4388005541055,971.69590027703157,312.34480055402082,-4.3151966456857219e-13,312.34480055402037,42,new,106,2023-04-17,4,3.9999999999999996
curtailment_MWh,15,531.21706250000943,531.21706250000943,0,0,0,42,new,91,2023-04-02,1,1
curtailment_MWh,16,119.33512465375267,0,-119.33512465375267,0,-119.33512465375267,42,new,93,2023-04-04,4,4.5527291746009997
curtailment_MWh,17,1490.7151304931895,66.751700000006991,-689.69473049310557,3.2252356163556867e-11,-689.69473049307328,42,new,253,2023-09-11,12,12.000000000000483
curtailment_MWh,18,3666.9668911359049,516.29590027703159,463.40031108034782,3992.8595007070903,4456.2598117874377,42,new,105,2023-04-16,8,15.733664936259654
curtailment_MWh,19,519.22410616012655,0,-519.22410616012655,-0,-519.22410616012655,42,new,173,2023-06-23,18,9.0000612193849996
curtailment_MWh,20,339.86590027703159,339.86590027703159,0,-3.7732694777251783e-14,-5.6843418860808015e-14,42,new,348,2023-12-15,1,0.99999999999999989
curtailment_MWh,21,189.43857500000499,0,-189.43857500000499,0,-189.43857500000499,42,new,152,2023-06-02,2,2
curtailment_MWh,22,3751.5986544380116,414.44772500002085,-436.01685443784481,0,-436.01685443784481,42,new,134,2023-05-15,8,8
curtailment_MWh,23,1113.4532065443705,543.7629572368578,517.83566516620294,1.632399811289335e-10,517.8356651663662,42,new,110,2023-04-21,3,3.0000000000003002
curtailment_MWh,24,0,0,0,0,0,42,new,125,2023-05-06,3,3.0000000000002998
curtailment_MWh,25,772.19576378121894,293.32411447369702,401.10069411356915,-5.7273692624364965e-06,401.10068838619998,42,new,354,2023-12-21,4,3.9999999804742639
curtailment_MWh,26,784.66491973688312,274.02502500001691,-236.6148697368493,-6.0845778415700582e-14,-236.61486973684941,42,new,92,2023-04-03,2,1.9999999999999998
curtailment_MWh,27,0,0,0,-0,0,42,new,345,2023-12-12,5,4.9999999999999991
curtailment_MWh,28,369.62148381720243,21.945789473684243,-106.27201013299151,1.0525559371456598e-11,-106.27201013298099,42,new,194,2023-07-14,12,12.00000000000048
curtailment_MWh,29,274.10578947369686,274.10578947369686,0,0,0,42,new,332,2023-11-29,1,1
curtailment_MWh,30,3969.1885675207168,204.05445983381586,-704.31721017966311,7.2494707067184498e-13,-704.3172101796622,42,new,260,2023-09-18,16,16.000000000000004
curtailment_MWh,31,650.33210694592003,232.0359002770316,509.84739443923786,-2.0608927922174978e-13,509.84739443923786,42,new,239,2023-08-28,5,4.9999999999999991
curtailment_MWh,32,68.155124653752708,68.155124653752708,204.46537396125814,0,204.46537396125814,42,new,51,2023-02-21,4,4
curtailment_MWh,33,0,0,0,0,0,42,new,37,2023-02-07,16,16
curtailment_MWh,34,338.46227330334813,5.7035269736797174,-281.42700356655098,0,-281.42700356655098,42,new,352,2023-12-19,10,10
curtailment_MWh,35,415.70656509696846,415.70656509696846,0,-4.6152700005849086e-14,-5.6843418860808015e-14,42,new,123,2023-05-04,1,0.99999999999999989
curtailment_MWh,36,825.84379501387366,825.84379501387366,0,-9.1687079596822059e-14,-1.1368683772161603e-13,42,new,186,2023-07-06,1,0.99999999999999989
curtailment_MWh,37,1008.4478947368674,1008.4478947368674,0,0,0,42,new,70,2023-03-12,1,1
curtailment_MWh,38,3933.0815394314304,172.14445983381057,-662.3368025890295,-9.785279634900835e-11,-662.33680258912727,42,new,45,2023-02-15,19,18.999999999999432
curtailment_MWh,39,11.844375000000682,0,-11.844375000000682,-0,-11.844375000000682,42,new,275,2023-10-03,22,21.999999999997797
curtailment_MWh,40,0,0,0,0,0,42,new,25,2023-01-26,4,4.0000000000000009
curtailment_MWh,41,6122.9077704643751,409.87815000002303,1664.777079536062,-3893.8424250002186,-2229.0653454641565,42,new,242,2023-08-31,19,9.5
curtailment_MWh,42,151.81000000000734,151.81000000000734,0,0,0,42,new,74,2023-03-16,1,1
curtailment_MWh,43,0,0,0,0,0,42,new,140,2023-05-21,1,1
curtailment_MWh,44,3241.83938136497,184.53387499999394,-842.89900636504899,-9.5717019199522877e-11,-842.89900636514449,42,new,154,2023-06-04,13,12.999999999999481
curtailment_MWh,45,29.145000000000366,29.145000000000366,0,-3.2357450052700593e-15,-3.5527136788005009e-15,42,new,343,2023-12-10,1,0.99999999999999989
curtailment_MWh,46,0,0,0,0,0,42,new,75,2023-03-17,4,4
curtailment_MWh,47,41.350650000002858,0,-41.350650000002858,0,-41.350650000002858,42,new,308,2023-11-05,2,2
total_load_MWh,0,9064.3999999999996,3070.1999999999998,146.19999999999891,9.2032381715512191e-10,146.20000000091932,42,new,344,2023-12-11,3,3.0000000000002998
total_load_MWh,1,29532.400000000001,2924,-292.40000000000146,0,-292.40000000000146,42,new,163,2023-06-13,10,10
total_load_MWh,2,34357,2924,731,-0.021978129035360894,730.97802187096386,42,new,1,2023-01-02,12,11.999992483540002
total_load_MWh,3,56433.200000000004,2924,2046.7999999999956,0,2046.7999999999956,42,new,127,2023-05-08,20,20
total_load_MWh,4,8625.7999999999993,3070.1999999999998,584.79999999999927,9.2168725984720366e-10,584.8000000009215,42,new,347,2023-12-14,3,3.0000000000003002
total_load_MWh,5,11257.400000000001,2924,438.59999999999854,0.00022096853438569042,438.60022096853208,42,new,31,2023-02-01,4,4.0000000755706342
total_load_MWh,6,45906.799999999996,3070.1999999999998,146.20000000000437,-9199.5718388453188,-9053.3718388453199,42,new,209,2023-07-29,15,12.003592000897232
total_load_MWh,7,5994.1999999999998,2924,-146.19999999999982,-6.4925842480079154e-13,-146.20000000000073,42,new,187,2023-07-07,2,1.9999999999999998
total_load_MWh,8,5994.1999999999998,3070.1999999999998,146.19999999999982,-6.8172134604083108e-13,146.19999999999891,42,new,179,2023-06-29,2,1.9999999999999998
total_load_MWh,9,57456.599999999999,2924,1023.4000000000015,0,1023.4000000000015,42,new,298,2023-10-26,20,20
total_load_MWh,10,2924,2924,0,-3.2462921240039577e-13,-4.5474735088646412e-13,42,new,13,2023-01-14,1,0.99999999999999989
total_load_MWh,11,14181.400000000001,2777.8000000000002,-292.40000000000146,0,-292.40000000000146,42,new,189,2023-07-09,5,5
total_load_MWh,12,51170,2777.8000000000002,-1169.5999999999985,-4.0067035911306449e-09,-1169.6000000040003,42,new,228,2023-08-17,18,17.999999999998558
total_load_MWh,13,61842.600000000006,2777.8000000000002,-731,36694.627247099575,35963.627247099575,42,new,33,2023-02-03,22,35.209960129274812
total_load_MWh,14,11549.799999999999,2924,146.20000000000073,-1.2985168496015831e-12,146.19999999999891,42,new,106,2023-04-17,4,3.9999999999999996
total_load_MWh,15,2924,2924,0,0,0,42,new,91,2023-04-02,1,1
total_load_MWh,16,11403.6,2777.8000000000002,-292.39999999999964,1535.3711012066569,1242.9711012066582,42,new,93,2023-04-04,4,4.5527291746009997
total_load_MWh,17,34064.599999999999,2924,1023.4000000000015,1.4127863323665224e-09,1023.400000001413,42,new,253,2023-09-11,12,12.000000000000483
total_load_MWh,18,22953.400000000001,2777.8000000000002,-731,21482.574459942069,20751.574459942065,42,new,105,2023-04-16,8,15.733664936259654
total_load_MWh,19,55117.399999999994,3070.1999999999998,146.20000000000437,-27631.612044244172,-27485.412044244171,42,new,173,2023-06-23,18,9.0000612193849996
total_load_MWh,20,2777.8000000000002,2777.8000000000002,0,-3.08397751780376e-13,-4.5474735088646412e-13,42,new,348,2023-12-15,1,0.99999999999999989
total_load_MWh,21,5994.1999999999998,3070.1999999999998,146.19999999999982,0,146.19999999999982,42,new,152,2023-06-02,2,2
total_load_MWh,22,23538.200000000001,3070.1999999999998,1023.3999999999978,0,1023.3999999999978,42,new,134,2023-05-15,8,8
total_load_MWh,23,9064.3999999999996,3070.1999999999998,146.19999999999891,9.2168725984720366e-10,146.20000000092114,42,new,110,2023-04-21,3,3.0000000000003002
total_load_MWh,24,9064.3999999999996,3070.1999999999998,146.19999999999891,9.2032381715512191e-10,146.20000000091932,42,new,125,2023-05-06,3,3.0000000000002998
total_load_MWh,25,11257.400000000001,2777.8000000000002,-146.20000000000073,-5.4238589847077639e-05,-146.20005423859038,42,new,354,2023-12-21,4,3.9999999804742639
total_load_MWh,26,6140.3999999999996,3070.1999999999998,0,-6.8172134604083108e-13,-9.0949470177292824e-13,42,new,92,2023-04-03,2,1.9999999999999998
total_load_MWh,27,14035.200000000001,2777.8000000000002,-146.20000000000073,-2.467182014243008e-12,-146.20000000000255,42,new,345,2023-12-12,5,4.9999999999999991
total_load_MWh,28,34941.800000000003,3070.1999999999998,1900.5999999999913,1.4725181074481952e-09,1900.6000000014683,42,new,194,2023-07-14,12,12.00000000000048
total_load_MWh,29,3070.1999999999998,3070.1999999999998,0,0,0,42,new,332,2023-11-29,1,1
total_load_MWh,30,48246,3070.1999999999998,877.19999999999709,1.0907541536653297e-11,877.20000000000437,42,new,260,2023-09-18,16,16.000000000000004
total_load_MWh,31,15351,3070.1999999999998,0,-2.7268853841633243e-12,-3.637978807091713e-12,42,new,239,2023-08-28,5,4.9999999999999991
total_load_MWh,32,11403.6,2777.8000000000002,-292.39999999999964,0,-292.39999999999964,42,new,51,2023-02-21,4,4
total_load_MWh,33,46053,2924,731,0,731,42,new,37,2023-02-07,16,16
total_load_MWh,34,29386.200000000001,2924,-146.20000000000073,0,-146.20000000000073,42,new,352,2023-12-19,10,10
total_load_MWh,35,2777.8000000000002,2777.8000000000002,0,-3.08397751780376e-13,-4.5474735088646412e-13,42,new,123,2023-05-04,1,0.99999999999999989
total_load_MWh,36,2777.8000000000002,2777.8000000000002,0,-3.08397751780376e-13,-4.5474735088646412e-13,42,new,186,2023-07-06,1,0.99999999999999989
total_load_MWh,37,2924,2924,0,0,0,42,new,70,2023-03-12,1,1
total_load_MWh,38,53655.400000000001,2777.8000000000002,-877.19999999999709,-1.578996489115525e-09,-877.20000000157597,42,new,45,2023-02-15,19,18.999999999999432
total_load_MWh,39,67544.399999999994,3070.1999999999998,0,-6.7626757527250447e-09,-6.7666405811905861e-09,42,new,275,2023-10-03,22,21.999999999997797
total_load_MWh,40,11696,2924,0,2.5970336992031662e-12,1.8189894035458565e-12,42,new,25,2023-01-26,4,4.0000000000000009
total_load_MWh,41,58333.799999999996,3070.1999999999998,0,-29166.899999999998,-29166.899999999998,42,new,242,2023-08-31,19,9.5
total_load_MWh,42,3070.1999999999998,3070.1999999999998,0,0,0,42,new,74,2023-03-16,1,1
total_load_MWh,43,3070.1999999999998,3070.1999999999998,0,0,0,42,new,140,2023-05-21,1,1
total_load_MWh,44,38158.199999999997,2924,-146.19999999999709,-1.516667680334649e-09,-146.20000000151049,42,new,154,2023-06-04,13,12.999999999999481
total_load_MWh,45,2924,2924,0,-3.2462921240039577e-13,-4.5474735088646412e-13,42,new,343,2023-12-10,1,0.99999999999999989
total_load_MWh,46,11257.400000000001,2777.8000000000002,-146.20000000000073,0,-146.20000000000073,42,new,75,2023-03-17,4,4
total_load_MWh,47,5848,3070.1999999999998,292.39999999999964,0,292.39999999999964,42,new,308,2023-11-05,2,2
thermal_generation_MWh,0,6065.5060691676699,1995.0539612188363,-80.344185511161413,5.9803780764098956e-10,-80.344185510562966,42,new,344,2023-12-11,3,3.0000000000002998
thermal_generation_MWh,1,21368.333141034938,2119.6321052631524,-172.01208840341496,0,-172.01208840341496,42,new,163,2023-06-13,10,10
thermal_generation_MWh,2,29373.892354570628,2479.6142105263157,381.4781717451624,-0.018637921024918569,381.45953382413427,42,new,1,2023-01-02,12,11.999992483540002
thermal_generation_MWh,3,41420.343283379378,2049.1421052631581,-437.50117811621749,0,-437.50117811621749,42,new,127,2023-05-08,20,20
thermal_generation_MWh,4,4546.9001874999658,1844.7799999999945,987.43981250001798,5.5381089936190455e-10,987.43981250057186,42,new,347,2023-12-14,3,3.0000000000003002
thermal_generation_MWh,5,6898.5691094491031,1825.1399239228101,401.9905862421374,0.00013792698154515521,401.99072416911895,42,new,31,2023-02-01,4,4.0000000755706342
thermal_generation_MWh,6,33406.103124584362,2204.2421052631526,-342.47154563707591,-6604.8086761696359,-6947.2802218067118,42,new,209,2023-07-29,15,12.003592000897232
thermal_generation_MWh,7,3821.0938504154992,1907.6985041551213,-5.6968421052565645,-4.2359416067119711e-13,-5.6968421052570193,42,new,187,2023-07-07,2,1.9999999999999998
thermal_generation_MWh,8,4242.8242105263162,2123.9821052631578,5.1399999999994179,-4.7161876743099413e-13,5.1399999999985084,42,new,179,2023-06-29,2,1.9999999999999998
thermal_generation_MWh,9,44523.823900796211,2252.0221052631528,516.61820446684578,0,516.61820446684578,42,new,298,2023-10-26,20,20
thermal_generation_MWh,10,856.08669999999142,856.08669999999142,0,-9.5044716541535948e-14,-1.1368683772161603e-13,42,new,13,2023-01-14,1,0.99999999999999989
thermal_generation_MWh,11,9492.7952216066024,1842.4267867035931,-280.66128808863687,0,-280.66128808863687,42,new,189,2023-07-09,5,5
thermal_generation_MWh,12,37061.756142001352,2073.3921052631576,259.3017527354823,-2.9906644085174674e-09,259.30175273249188,42,new,228,2023-08-17,18,17.999999999998558
thermal_generation_MWh,13,49400.325583677179,2228.4621052631528,-374.15926788781508,29437.895560126057,29063.736292238238,42,new,33,2023-02-03,22,35.209960129274812
thermal_generation_MWh,14,7282.3260497156698,1833.8493351800494,53.071291004527666,-8.1439270224417076e-13,53.071291004526756,42,new,106,2023-04-17,4,3.9999999999999996
thermal_generation_MWh,15,1343.9571052631418,1343.9571052631418,0,0,0,42,new,91,2023-04-02,1,1
thermal_generation_MWh,16,6856.4718688377361,1794.8406833114304,322.89086440798565,992.06080942702124,1314.9516738350067,42,new,93,2023-04-04,4,4.5527291746009997
thermal_generation_MWh,17,25953.252095507785,2231.2821052631525,822.13316765004492,1.0780864781018407e-09,822.13316765112177,42,new,253,2023-09-11,12,12.000000000000483
thermal_generation_MWh,18,14847.517645429283,1815.038476454286,-327.20983379499557,14036.899423316654,13709.68958952166,42,new,105,2023-04-16,8,15.733664936259654
thermal_generation_MWh,19,41163.973801097854,2269.3842105263157,-315.05801162416901,-20424.318964431146,-20739.376976055319,42,new,173,2023-06-23,18,9.0000612193849996
thermal_generation_MWh,20,1502.9074882271368,1502.9074882271368,0,-1.6685624973113287e-13,-2.2737367544323206e-13,42,new,348,2023-12-15,1,0.99999999999999989
thermal_generation_MWh,21,3729.8308146813947,1922.6428645429207,115.45491440444675,0,115.45491440444675,42,new,152,2023-06-02,2,2
thermal_generation_MWh,22,16232.570031786667,2076.3721052631577,378.40681031859458,0,378.40681031859458,42,new,134,2023-05-15,8,8
thermal_generation_MWh,23,4991.2973545705981,1743.2971052631417,238.59396121882673,5.2334529739090196e-10,238.5939612193506,42,new,110,2023-04-21,3,3.0000000000003002
thermal_generation_MWh,24,5318.1820978341657,1792.0543152454768,57.980847902264941,5.371865897843872e-10,57.980847902801543,42,new,125,2023-05-06,3,3.0000000000002998
thermal_generation_MWh,25,7704.5919390581412,1951.7457894736726,102.39121883654934,-3.8109273295782005e-05,102.39118072727615,42,new,354,2023-12-21,4,3.9999999804742639
thermal_generation_MWh,26,2857.0371929697531,1539.6093429697648,222.18149296977663,-3.4186194829860846e-13,222.18149296977617,42,new,92,2023-04-03,2,1.9999999999999998
thermal_generation_MWh,27,11142.559314058155,2281.9242105263156,267.06173857342219,-2.0267558391807189e-12,267.06173857342037,42,new,345,2023-12-12,5,4.9999999999999991
thermal_generation_MWh,28,25958.227538147592,2178.5391552631522,184.24232501023653,1.0448629906552951e-09,184.24232501128063,42,new,194,2023-07-14,12,12.00000000000048
thermal_generation_MWh,29,1617.6521052631524,1617.6521052631524,0,0,0,42,new,332,2023-11-29,1,1
thermal_generation_MWh,30,34664.987634210476,2210.202105263158,698.24605000005249,7.8522152522820862e-12,698.24605000005977,42,new,260,2023-09-18,16,16.000000000000004
thermal_generation_MWh,31,10885.047252084823,2109.0621052631577,-339.73672576903482,-1.8732234477020506e-12,-339.73672576903664,42,new,239,2023-08-28,5,4.9999999999999991
thermal_generation_MWh,32,8535.8628808864069,2040.3805540166111,-374.34066481996251,0,-374.34066481996251,42,new,51,2023-02-21,4,4
thermal_generation_MWh,33,38595.167368421055,2366.1542105263156,-736.70000000000437,0,-736.70000000000437,42,new,37,2023-02-07,16,16
thermal_generation_MWh,34,20956.321043271,2198.5913157894524,1029.5921146235232,0,1029.5921146235232,42,new,352,2023-12-19,10,10
thermal_generation_MWh,35,1953.1295567867016,1953.1295567867016,0,-2.1684094040205233e-13,-2.2737367544323206e-13,42,new,123,2023-05-04,1,0.99999999999999989
thermal_generation_MWh,36,1321.3799999999894,1321.3799999999894,0,-1.4670265002791776e-13,-2.2737367544323206e-13,42,new,186,2023-07-06,1,0.99999999999999989
thermal_generation_MWh,37,1882.0227700831003,1882.0227700831003,0,0,0,42,new,70,2023-03-12,1,1
thermal_generation_MWh,38,40929.673210419147,2169.4121052631526,289.15678958075296,-1.2331680098118071e-09,289.15678957952332,42,new,45,2023-02-15,19,18.999999999999432
thermal_generation_MWh,39,54145.68052631578,2513.5342105263157,1152.0721052631634,-5.5365177705593131e-09,1152.0721052576264,42,new,275,2023-10-03,22,21.999999999997797
thermal_generation_MWh,40,9514.366094182813,2323.6896398891909,-219.60753462604953,2.0638509922303346e-12,-219.60753462604771,42,new,25,2023-01-26,4,4.0000000000000009
thermal_generation_MWh,41,39986.837105263126,2106.6921052631578,40.312894736875023,-20013.575000000001,-19973.262105263126,42,new,242,2023-08-31,19,9.5
thermal_generation_MWh,42,1811.3069529085781,1811.3069529085781,0,0,0,42,new,74,2023-03-16,1,1
thermal_generation_MWh,43,1572.2011357340693,1572.2011357340693,0,0,0,42,new,140,2023-05-21,1,1
thermal_generation_MWh,44,26442.565264196513,2153.1463157894364,1548.3368410661606,-1.1168288058103488e-09,1548.3368410650437,42,new,154,2023-06-04,13,12.999999999999481
thermal_generation_MWh,45,2009.9979701523453,2009.9979701523453,0,-2.2315460259129619e-13,-2.2737367544323206e-13,42,new,343,2023-12-10,1,0.99999999999999989
thermal_generation_MWh,46,8838.3161772853164,2142.6217728531856,-267.82908587257407,0,-267.82908587257407,42,new,75,2023-03-17,4,4
thermal_generation_MWh,47,3812.6654302631418,2083.1154302631526,353.56543026316331,0,353.56543026316331,42,new,308,2023-11-05,2,2
unserved_MWh,0,308.37999999996805,64.889999999989371,-113.70999999999992,1.9451440458336944e-11,-113.70999999998048,42,new,344,2023-12-11,3,3.0000000000002998
unserved_MWh,1,1942.6545249998878,206.68999999998934,124.2454750000054,0,124.2454750000054,42,new,163,2023-06-13,10,10
unserved_MWh,2,1750.1212999998481,146.58639999998459,8.9154999999670963,-0.0011018108119113159,8.9143981891550084,42,new,1,2023-01-02,12,11.999992483540002
unserved_MWh,3,2129.23982499977,100.13164999998529,-126.60682500006442,0,-126.60682500006442,42,new,127,2023-05-08,20,20
unserved_MWh,4,0,0,0,0,0,42,new,347,2023-12-14,3,3.0000000000003002
unserved_MWh,5,98.809999999968085,25.279999999989371,2.309999999989401,1.9104256324445642e-06,2.3100019104150391,42,new,31,2023-02-01,4,4.0000000755706342
unserved_MWh,6,3671.8946999998302,239.07999999998933,-85.694699999990462,-716.38122442545784,-802.07592442544819,42,new,209,2023-07-29,15,12.003592000897232
unserved_MWh,7,138.96999999997874,61.119999999989389,-16.729999999999961,-1.3571366253015557e-14,-16.729999999999976,42,new,187,2023-07-07,2,1.9999999999999998
unserved_MWh,8,394.69999999997867,239.5799999999893,84.459999999999923,-5.3197446447936624e-14,84.459999999999866,42,new,179,2023-06-29,2,1.9999999999999998
unserved_MWh,9,3171.5077249997671,147.59382499998267,-219.63122500011377,0,-219.63122500011377,42,new,298,2023-10-26,20,20
unserved_MWh,10,0,0,0,-0,0,42,new,13,2023-01-14,1,0.99999999999999989
unserved_MWh,11,68.069999999968076,14.649999999989365,5.1799999999787474,0,5.1799999999787474,42,new,189,2023-07-09,5,5
unserved_MWh,12,2318.3877749997996,126.47187499998898,-41.894024999997782,-1.8242325428017924e-10,-41.894025000180136,42,new,228,2023-08-17,18,17.999999999998558
unserved_MWh,13,2758.8014249997377,128.51187499998895,68.459825000019009,1697.6367448882024,1766.0965698882219,42,new,33,2023-02-03,22,35.209960129274812
unserved_MWh,14,154.08999999995751,52.079999999989383,54.230000000000018,-2.3128166048986546e-14,54.22999999999999,42,new,106,2023-04-17,4,3.9999999999999996
unserved_MWh,15,0,0,0,0,0,42,new,91,2023-04-02,1,1
unserved_MWh,16,0.84999999998937403,0,-0.84999999998937403,0,-0.84999999998937403,42,new,93,2023-04-04,4,4.5527291746009997
unserved_MWh,17,1757.9303249998616,122.2969499999837,-290.36692500005711,5.9090102411111124e-11,-290.36692499999822,42,new,253,2023-09-11,12,12.000000000000483
unserved_MWh,18,97.329074999945789,5.3899999999894055,-54.209075000030545,41.684454006357598,-12.52462099367294,42,new,105,2023-04-16,8,15.733664936259654
unserved_MWh,19,5195.2573499998061,288.43999999998931,-3.337349999998878,-2595.9423418804945,-2599.2796918804929,42,new,173,2023-06-23,18,9.0000612193849996
unserved_MWh,20,0,0,0,-0,0,42,new,348,2023-12-15,1,0.99999999999999989
unserved_MWh,21,0,0,0,0,0,42,new,152,2023-06-02,2,2
unserved_MWh,22,772.24057499991397,102.64839999998856,48.946624999994469,0,48.946624999994469,42,new,134,2023-05-15,8,8
unserved_MWh,23,0,0,0,0,0,42,new,110,2023-04-21,3,3.0000000000003002
unserved_MWh,24,0,0,0,0,0,42,new,125,2023-05-06,3,3.0000000000002998
unserved_MWh,25,250.96999999995754,65.019999999989366,9.1099999999999284,-1.2695633637613978e-06,9.1099987304365584,42,new,354,2023-12-21,4,3.9999999804742639
unserved_MWh,26,0,0,0,-0,0,42,new,92,2023-04-03,2,1.9999999999999998
unserved_MWh,27,322.08582499995606,63.03582499998798,-6.9067000000161443,-5.5987059432982971e-14,-6.9067000000162011,42,new,345,2023-12-12,5,4.9999999999999991
unserved_MWh,28,1685.3936499998647,145.54999999998932,61.206350000007205,6.9808159253165625e-11,61.206350000077009,42,new,194,2023-07-14,12,12.00000000000048
unserved_MWh,29,1.1799999999893585,1.1799999999893585,0,0,0,42,new,332,2023-11-29,1,1
unserved_MWh,30,3271.7660749998054,211.86999999998937,118.15392500002463,7.5271344712742438e-13,118.15392500002554,42,new,260,2023-09-18,16,16.000000000000004
unserved_MWh,31,970.37494999994453,190.25999999998933,-19.074949999997898,-1.6898482613213635e-13,-19.074949999998012,42,new,239,2023-08-28,5,4.9999999999999991
unserved_MWh,32,198.98962499996105,37.60999999998937,-48.549625000003573,0,-48.549625000003573,42,new,51,2023-02-21,4,4
unserved_MWh,33,2992.6013249998205,188.50999999998939,23.558675000009771,0,23.558675000009771,42,new,37,2023-02-07,16,16
unserved_MWh,34,737.71999999989362,57.579999999989397,-161.91999999999962,0,-161.91999999999962,42,new,352,2023-12-19,10,10
unserved_MWh,35,61.51477499998883,61.51477499998883,0,-6.8295119559623563e-15,-7.1054273576010019e-15,42,new,123,2023-05-04,1,0.99999999999999989
unserved_MWh,36,0,0,0,-0,0,42,new,186,2023-07-06,1,0.99999999999999989
unserved_MWh,37,118.50999999998935,118.50999999998935,0,0,0,42,new,70,2023-03-12,1,1
unserved_MWh,38,2510.6457999997751,138.10187499998898,113.2898250000153,-7.8501827260873238e-11,113.28982499993708,42,new,45,2023-02-15,19,18.999999999999432
unserved_MWh,39,6128.9528249997566,277.46999999998934,-24.612824999991062,-6.11178307963177e-10,-24.612825000602243,42,new,275,2023-10-03,22,21.999999999997797
unserved_MWh,40,177.96999999994677,28.509999999989361,-63.92999999998932,2.5321966745641121e-14,-63.929999999989292,42,new,25,2023-01-26,4,4.0000000000000009
unserved_MWh,41,4481.2029999997894,244.37999999998931,162.0170000000071,-2321.6099999998983,-2159.5929999998912,42,new,242,2023-08-31,19,9.5
unserved_MWh,42,0,0,0,0,0,42,new,74,2023-03-16,1,1
unserved_MWh,43,0,0,0,0,0,42,new,140,2023-05-21,1,1
unserved_MWh,44,872.89999999986173,62.549999999989367,-59.75,-3.24444471289043e-11,-59.750000000032401,42,new,154,2023-06-04,13,12.999999999999481
unserved_MWh,45,9.3399999999893613,9.3399999999893613,0,-1.0369483049987151e-15,-1.7763568394002505e-15,42,new,343,2023-12-10,1,0.99999999999999989
unserved_MWh,46,227.62999999995742,58.959999999989364,8.2100000000000364,0,8.2100000000000364,42,new,75,2023-03-17,4,4
unserved_MWh,47,135.91999999998939,135.91999999998939,135.91999999998939,0,135.91999999998939,42,new,308,2023-11-05,2,2
discharge_MWh,0,226.04722742388753,70.880000000010682,-13.407227423855488,2.1247004156069598e-11,-13.407227423834229,42,new,344,2023-12-11,3,3.0000000000002998
discharge_MWh,1,717.92414650212413,69.963700000024502,-18.287146501879079,0,-18.287146501879079,42,new,163,2023-06-13,10,10
discharge_MWh,2,454.70870000015185,43.973600000015402,72.974500000032947,-0.00033052580538634895,72.974169474227608,42,new,1,2023-01-02,12,11.999992483540002
discharge_MWh,3,1984.2034027505219,103.47352500003625,85.267097250202823,0,85.267097250202823,42,new,127,2023-05-08,20,20
discharge_MWh,4,101.88631250003087,15.200000000005319,-56.286312500014908,4.5631054490529607e-12,-56.286312500010347,42,new,347,2023-12-14,3,3.0000000000003002
discharge_MWh,5,173.29611567023113,47.431090670187132,16.428247010517396,3.5843976024986474e-06,16.428250594914999,42,new,31,2023-02-01,4,4.0000000755706342
discharge_MWh,6,1276.2019483128756,65.740000000023002,-290.10194831253057,-196.9838618610849,-487.08581017361553,42,new,209,2023-07-29,15,12.003592000897232
discharge_MWh,7,214.49000000002127,98.790000000010664,-16.90999999999994,-2.1935786520546211e-14,-16.909999999999968,42,new,187,2023-07-07,2,1.9999999999999998
discharge_MWh,8,180.52555000004219,90.400000000010635,0.27444999997908326,-2.0072832285225192e-14,0.27444999997905484,42,new,179,2023-06-29,2,1.9999999999999998
discharge_MWh,9,1596.0618401567335,84.796175000022686,99.86165984372019,0,99.86165984372019,42,new,298,2023-10-26,20,20
discharge_MWh,10,84.333300000008521,84.333300000008521,0,-9.3628771402630174e-15,-1.4210854715202004e-14,42,new,13,2023-01-14,1,0.99999999999999989
discharge_MWh,11,464.61757500009656,89.711300000029041,-16.061074999951359,0,-16.061074999951359,42,new,189,2023-07-09,5,5
discharge_MWh,12,1728.4733866254974,92.517175000032353,-63.16423662491502,-1.3344693545751743e-10,-63.164236625048488,42,new,228,2023-08-17,18,17.999999999998558
discharge_MWh,13,1221.178890710572,66.728125000016348,246.83985928978768,881.47587075148181,1128.3157300412695,42,new,33,2023-02-03,22,35.209960129274812
discharge_MWh,14,446.04094736851664,105.74000000001067,-23.080947368473971,-4.6957993049550358e-14,-23.080947368474028,42,new,106,2023-04-17,4,3.9999999999999996
discharge_MWh,15,70.99706250002005,70.99706250002005,0,0,0,42,new,91,2023-04-02,1,1
discharge_MWh,16,97.902683344310276,4.8196583442847238,-78.624049967171374,2.6639657784953163,-75.960084188676063,42,new,93,2023-04-04,4,4.5527291746009997
discharge_MWh,17,908.49158193195672,81.894750000028679,74.24541806838738,3.956900940239869e-11,74.245418068427057,42,new,253,2023-09-11,12,12.000000000000483
discharge_MWh,18,813.26662500011162,109.99000000001064,66.653374999973494,850.62580633928155,917.27918133925505,42,new,105,2023-04-16,8,15.733664936259654
discharge_MWh,19,926.90956980977865,30.400000000010643,-379.70956980958704,-273.59813893079178,-653.30770874037887,42,new,173,2023-06-23,18,9.0000612193849996
discharge_MWh,20,86.006750000000849,86.006750000000849,0,-9.5486674123180625e-15,-1.4210854715202004e-14,42,new,348,2023-12-15,1,0.99999999999999989
discharge_MWh,21,136.83047500002291,40.291900000001959,-56.246675000018996,0,-56.246675000018996,42,new,152,2023-06-02,2,2
discharge_MWh,22,791.34858456267693,91.849325000032195,-56.553984562419373,0,-56.553984562419373,42,new,134,2023-05-15,8,8
discharge_MWh,23,240.70506250005496,89.085062500026368,26.550125000024138,2.6743719350194183e-11,26.550125000050855,42,new,110,2023-04-21,3,3.0000000000003002
discharge_MWh,24,31.12095687533958,3.1871231696820979,-21.559587366293286,9.5537273183029119e-13,-21.55958736629233,42,new,125,2023-05-06,3,3.0000000000002998
discharge_MWh,25,357.53972500009854,97.948325000028774,34.253575000016554,-1.9125131492133418e-06,34.253573087503412,42,new,354,2023-12-21,4,3.9999999804742639
discharge_MWh,26,181.90950351517017,80.015353515134478,-21.878796484901216,-1.776697755920475e-14,-21.878796484901244,42,new,92,2023-04-03,2,1.9999999999999998
discharge_MWh,27,168.60680000004521,34.434175000012054,3.5640750000150661,-3.0583691135188266e-14,3.5640750000150376,42,new,345,2023-12-12,5,4.9999999999999991
discharge_MWh,28,651.55598111058907,45.94295000001609,-100.24058111039596,2.2034989832783124e-11,-100.24058111037391,42,new,194,2023-07-14,12,12.00000000000048
discharge_MWh,29,81.700000000028609,81.700000000028609,0,0,0,42,new,332,2023-11-29,1,1
discharge_MWh,30,1465.0596448753581,85.600000000015967,-95.45964487510264,3.0411229090537961e-13,-95.459644875102413,42,new,260,2023-09-18,16,16.000000000000004
discharge_MWh,31,360.72318833781668,90.40000000001065,91.276811662236582,-8.029132914090078e-14,91.276811662236469,42,new,239,2023-08-28,5,4.9999999999999991
discharge_MWh,32,197.9703750000443,89.93000000001598,161.74962500001962,0,161.74962500001962,42,new,51,2023-02-21,4,4
discharge_MWh,33,513.71867500017981,30.400000000010643,-27.318675000009534,0,-27.318675000009534,42,new,37,2023-02-07,16,16
discharge_MWh,34,604.2470758556251,76.807737500022085,163.83029914459576,0,163.83029914459576,42,new,352,2023-12-19,10,10
discharge_MWh,35,77.085225000012201,77.085225000012201,0,-8.5581791653424279e-15,-1.4210854715202004e-14,42,new,123,2023-05-04,1,0.99999999999999989
discharge_MWh,36,90.400000000010635,90.400000000010635,0,-1.0036416142612596e-14,-1.4210854715202004e-14,42,new,186,2023-07-06,1,0.99999999999999989
discharge_MWh,37,108.16000000003592,108.16000000003592,0,0,0,42,new,70,2023-03-12,1,1
discharge_MWh,38,1716.485308377554,86.728125000016348,-68.650933377243518,-4.9299231363884444e-11,-68.650933377292631,42,new,45,2023-02-15,19,18.999999999999432
discharge_MWh,39,709.03155000024833,30.400000000010639,-40.231550000014295,-6.6961547418055274e-11,-40.231550000081256,42,new,275,2023-10-03,22,21.999999999997797
discharge_MWh,40,185.74000000005321,44.520000000010633,-7.6600000000106832,3.9541703245059019e-14,-7.6600000000106547,42,new,25,2023-01-26,4,4.0000000000000009
discharge_MWh,41,1741.5226375005,96.118150000033651,84.722212500139449,-913.12242500031971,-828.40021250018026,42,new,242,2023-08-31,19,9.5
discharge_MWh,42,44.310000000007314,44.310000000007314,0,0,0,42,new,74,2023-03-16,1,1
discharge_MWh,43,6.4899999999999931,6.4899999999999931,0,0,0,42,new,140,2023-05-21,1,1
discharge_MWh,44,1342.3265051878318,113.78387500002056,136.8638698124355,-5.9019263254366906e-11,136.86386981237638,42,new,154,2023-06-04,13,12.999999999999481
discharge_MWh,45,56.028775000012899,56.028775000012899,0,-6.2204436046556676e-15,-7.1054273576010019e-15,42,new,343,2023-12-10,1,0.99999999999999989
discharge_MWh,46,123.26000000004257,30.470000000010632,-1.3800000000000381,0,-1.3800000000000381,42,new,75,2023-03-17,4,4
discharge_MWh,47,83.907325000029402,45.40667500001593,6.9060250000024581,0,6.9060250000024581,42,new,308,2023-11-05,2,2
total_cost_CNY,0,5330161.7306500394,1398651.3471969797,-1134207.6890591001,4.1926003085189181e-07,-1134207.689058681,42,new,344,2023-12-11,3,3.0000000000002998
total_cost_CNY,1,27214124.167076785,2848125.961593098,1267135.4488541968,0,1267135.4488541968,42,new,163,2023-06-13,10,10
total_cost_CNY,2,27931970.584111396,2346281.0574351558,223402.10511047393,-17.635727713246531,223384.46938275918,42,new,1,2023-01-02,12,11.999992483540002
total_cost_CNY,3,37225612.025026582,1797604.3548430623,-1273524.9281653389,0,-1273524.9281653389,42,new,127,2023-05-08,20,20
total_cost_CNY,4,1645733.5877927609,658130.92669846606,328659.19230263727,1.9757373801361801e-07,328659.19230283494,42,new,347,2023-12-14,3,3.0000000000003002
total_cost_CNY,5,3460375.0141521776,908398.78992541542,173220.14554948406,0.068648272656482115,173220.21419775672,42,new,31,2023-02-01,4,4.0000000755706342
total_cost_CNY,6,49058723.447740741,3192224.4845930981,-1175356.1788442731,-9565206.98056647,-10740563.159410737,42,new,209,2023-07-29,15,12.003592000897232
total_cost_CNY,7,3026310.8032582239,1415755.9042606922,-194798.99473683955,-3.1436096043184585e-10,-194798.99473684002,42,new,187,2023-07-07,2,1.9999999999999998
total_cost_CNY,8,5645576.7147416063,3229477.2646485041,813377.81455540191,-7.1708800334324787e-10,813377.81455540098,42,new,179,2023-06-29,2,1.9999999999999998
total_cost_CNY,9,47980093.967174388,2295723.3212737795,-2065627.5416987985,0,-2065627.5416987985,42,new,298,2023-10-26,20,20
total_cost_CNY,10,383427.20580650278,383427.20580650278,0,-4.256897121540679e-11,-5.8207660913467407e-11,42,new,13,2023-01-14,1,0.99999999999999989
total_cost_CNY,11,4495262.457898533,866217.83293935889,-164173.29320173897,0,-164173.29320173897,42,new,189,2023-07-09,5,5
total_cost_CNY,12,37777011.660097957,2075751.3163430989,-413487.96592217684,-2.9940673387162711e-06,-413487.96592517197,42,new,228,2023-08-17,18,17.999999999998558
total_cost_CNY,13,45256953.462770984,2089433.1407738421,710575.6342535466,27601328.482407898,28311904.116661444,42,new,33,2023-02-03,22,35.209960129274812
total_cost_CNY,14,4857511.6779889632,1370156.1951194168,623113.10248870403,-6.0847158206175003e-10,623113.10248870309,42,new,106,2023-04-17,4,3.9999999999999996
total_cost_CNY,15,589450.71771820111,589450.71771820111,0,0,0,42,new,91,2023-04-02,1,1
total_cost_CNY,16,2481560.5968616926,640354.78349354293,79858.537112479098,353942.77093218785,433801.30804466689,42,new,93,2023-04-04,4,4.5527291746009997
total_cost_CNY,17,27115517.598357491,2030199.8720930414,-2753119.1332409941,9.8092976445462077e-07,-2753119.1332400143,42,new,253,2023-09-11,12,12.000000000000483
total_cost_CNY,18,7008346.7523856843,805634.89456539997,-563267.59586248454,6230510.3355276771,5667242.7396651926,42,new,105,2023-04-16,8,15.733664936259654
total_cost_CNY,19,66691100.506832227,3691100.8214352028,-251285.72099857777,-33219681.425994568,-33470967.146993142,42,new,173,2023-06-23,18,9.0000612193849996
total_cost_CNY,20,606963.21618600353,606963.21618600353,0,-6.7386453771023761e-11,-1.1641532182693481e-10,42,new,348,2023-12-15,1,0.99999999999999989
total_cost_CNY,21,1368921.5003906882,685440.26934112166,1959.0382915551309,0,1959.0382915551309,42,new,152,2023-06-02,2,2
total_cost_CNY,22,14258937.259866498,1849134.6228430946,534139.72287825868,0,534139.72287825868,42,new,134,2023-05-15,8,8
total_cost_CNY,23,2008388.8092868822,731909.7766655708,187340.52070983034,2.1972246645504162e-07,187340.52071005013,42,new,110,2023-04-21,3,3.0000000000003002
total_cost_CNY,24,1898011.9870640095,639363.22931871307,20077.70089212968,1.9165566013784888e-07,20077.7008923213,42,new,125,2023-05-06,3,3.0000000000002998
total_cost_CNY,25,5412771.1196805676,1405067.6802115184,207499.60116550606,-0.02743498078132961,207499.57373052556,42,new,354,2023-12-21,4,3.9999999804742639
total_cost_CNY,26,1182939.7920241407,606580.77632567182,30221.760627202922,-1.3468798883435258e-10,30221.76062720269,42,new,92,2023-04-03,2,1.9999999999999998
total_cost_CNY,27,7183001.8166754125,1441488.4131851899,24440.249250537716,-1.2802989008388632e-09,24440.249250535853,42,new,345,2023-12-12,5,4.9999999999999991
total_cost_CNY,28,26165104.167938046,2234949.6394878333,654291.50591595471,1.071918381011221e-06,654291.50591702387,42,new,194,2023-07-14,12,12.00000000000048
total_cost_CNY,29,645728.74248783605,645728.74248783605,0,0,0,42,new,332,2023-11-29,1,1
total_cost_CNY,30,45852692.29594221,2946049.976559862,1284107.3290155828,1.0466472050154117e-08,1284107.3290155903,42,new,260,2023-09-18,16,16.000000000000004
total_cost_CNY,31,13707751.430257192,2700195.2646485046,-206775.10701466911,-2.3982551630372702e-09,-206775.10701467097,42,new,239,2023-08-28,5,4.9999999999999991
total_cost_CNY,32,5041508.3779950012,1116875.8665875576,-574004.91164477076,0,-574004.91164477076,42,new,51,2023-02-21,4,4
total_cost_CNY,33,43633256.579713166,2725670.3214352038,-22531.436749905348,0,-22531.436749905348,42,new,37,2023-02-07,16,16
total_cost_CNY,34,14906770.768074006,1359328.0910470379,-1313489.8576036282,0,-1313489.8576036282,42,new,352,2023-12-19,10,10
total_cost_CNY,35,1394767.6078957273,1394767.6078957273,0,-1.5485031122871887e-10,-2.3283064365386963e-10,42,new,123,2023-05-04,1,0.99999999999999989
total_cost_CNY,36,640668.1067538705,640668.1067538705,0,-7.1128448326115478e-11,-1.1641532182693481e-10,42,new,186,2023-07-06,1,0.99999999999999989
total_cost_CNY,37,2058691.4962274518,2058691.4962274518,0,0,0,42,new,70,2023-03-12,1,1
total_cost_CNY,38,40465759.3918854,2187721.507809855,1100949.256501846,-1.2435757001923406e-06,1100949.2565006018,42,new,45,2023-02-15,19,18.999999999999432
total_cost_CNY,39,80516447.275232285,3666853.3214352033,154325.79634219408,-8.0769135709950956e-06,154325.79633411765,42,new,275,2023-10-03,22,21.999999999997797
total_cost_CNY,40,5160034.9239678504,1110948.9217122099,-716239.23711901065,9.8672085765390877e-10,-716239.23711900972,42,new,25,2023-01-26,4,4.0000000000000009
total_cost_CNY,41,60279554.374578759,3276191.3960931026,1968082.1511901915,-31123818.262884475,-29155736.111694284,42,new,242,2023-08-31,19,9.5
total_cost_CNY,42,676874.88126910327,676874.88126910327,0,0,0,42,new,74,2023-03-16,1,1
total_cost_CNY,43,562447.64525802364,562447.64525802364,0,0,0,42,new,140,2023-05-21,1,1
total_cost_CNY,44,18803149.504556563,1429258.1720272948,-222793.26820173115,-7.4135077851162036e-07,-222793.26820247248,42,new,154,2023-06-04,13,12.999999999999481
total_cost_CNY,45,815400.92505431408,815400.92505431408,0,-9.0527688129595116e-11,-1.1641532182693481e-10,42,new,343,2023-12-10,1,0.99999999999999989
total_cost_CNY,46,5419392.6530538332,1351934.668249608,-11653.980055401102,0,-11653.980055401102,42,new,75,2023-03-17,4,4
total_cost_CNY,47,2726966.7993441932,2100856.8150930968,1474746.8308420004,0,1474746.8308420004,42,new,308,2023-11-05,2,2
thermal_cost_CNY,0,2122927.1242086845,698268.88642659271,-28120.464928906411,2.0931323267434634e-07,-28120.464928697096,42,new,344,2023-12-11,3,3.0000000000002998
thermal_cost_CNY,1,7478916.5993622281,741871.2368421033,-60204.230941195041,0,-60204.230941195041,42,new,163,2023-06-13,10,10
thermal_cost_CNY,2,10280862.32409972,867864.97368421045,133517.3601108063,-6.5232723587214991,133510.83683844656,42,new,1,2023-01-02,12,11.999992483540002
thermal_cost_CNY,3,14497120.149182782,717199.73684210528,-153125.41234067641,0,-153125.41234067641,42,new,127,2023-05-08,20,20
thermal_cost_CNY,4,1591415.0656249882,645672.99999999814,345603.93437500624,1.9383381477666661e-07,345603.93437520019,42,new,347,2023-12-14,3,3.0000000000003002
thermal_cost_CNY,5,2414499.1883071861,638798.97337298351,140696.70518474793,0.048274443540804325,140696.75345919142,42,new,31,2023-02-01,4,4.0000000755706342
thermal_cost_CNY,6,11692136.093604527,771484.73684210342,-119865.04097297601,-2311683.0366593725,-2431548.077632349,42,new,209,2023-07-29,15,12.003592000897232
thermal_cost_CNY,7,1337382.8476454248,667694.47645429242,-1993.894736839924,-1.4825795623491898e-10,-1993.8947368401568,42,new,187,2023-07-07,2,1.9999999999999998
thermal_cost_CNY,8,1484988.4736842106,743393.73684210528,1799,-1.6506656860084796e-10,1798.9999999997672,42,new,179,2023-06-29,2,1.9999999999999998
thermal_cost_CNY,9,15583338.365278672,788207.73684210342,180816.37156339549,0,180816.37156339549,42,new,298,2023-10-26,20,20
thermal_cost_CNY,10,299630.344999997,299630.344999997,0,-3.3265650789537582e-11,-5.8207660913467407e-11,42,new,13,2023-01-14,1,0.99999999999999989
thermal_cost_CNY,11,3322478.3275623107,644849.37534625758,-98231.450831023045,0,-98231.450831023045,42,new,189,2023-07-09,5,5
thermal_cost_CNY,12,12971614.649700472,725687.23684210517,90755.613457420841,-1.0467325429811136e-06,90755.613456374034,42,new,228,2023-08-17,18,17.999999999998558
thermal_cost_CNY,13,17290113.954287011,779961.73684210354,-130955.7437607348,10303263.446044121,10172307.702283386,42,new,33,2023-02-03,22,35.209960129274812
thermal_cost_CNY,14,2548814.1174004846,641847.26731301728,18574.951851584483,-2.8503744578545977e-10,18574.951851584017,42,new,106,2023-04-17,4,3.9999999999999996
thermal_cost_CNY,15,470384.98684209964,470384.98684209964,0,0,0,42,new,91,2023-04-02,1,1
thermal_cost_CNY,16,2399765.1540932078,628194.23915900069,113011.80254279496,347221.28329945746,460233.08584225224,42,new,93,2023-04-04,4,4.5527291746009997
thermal_cost_CNY,17,9083638.2334277239,780948.73684210342,287746.60867751762,3.7733026733564424e-07,287746.60867789388,42,new,253,2023-09-11,12,12.000000000000483
thermal_cost_CNY,18,5196631.1759002497,635263.46675900009,-114523.44182824902,4912914.7981608296,4798391.3563325806,42,new,105,2023-04-16,8,15.733664936259654
thermal_cost_CNY,19,14407390.830384251,794284.47368421045,-110270.30406846292,-7148511.6375509007,-7258781.9416193627,42,new,173,2023-06-23,18,9.0000612193849996
thermal_cost_CNY,20,526017.62087949784,526017.62087949784,0,-5.8399687405896499e-11,-1.1641532182693481e-10,42,new,348,2023-12-15,1,0.99999999999999989
thermal_cost_CNY,21,1305440.7851384883,672925.00259002228,40409.220041556284,0,40409.220041556284,42,new,152,2023-06-02,2,2
thermal_cost_CNY,22,5681399.5111253336,726730.23684210517,132442.38361150771,0,132442.38361150771,42,new,134,2023-05-15,8,8
thermal_cost_CNY,23,1746954.0740997093,610153.98684209958,83507.886426589452,1.8317085408681568e-07,83507.886426772689,42,new,110,2023-04-21,3,3.0000000000003002
thermal_cost_CNY,24,1861363.734241958,627219.01033591689,20293.296765792649,1.8801530642453551e-07,20293.296765980776,42,new,125,2023-05-06,3,3.0000000000002998
thermal_cost_CNY,25,2696607.1786703495,683111.02631578548,35836.926592792384,-0.013338245653523704,35836.913254546933,42,new,354,2023-12-21,4,3.9999999804742639
thermal_cost_CNY,26,999963.01753941353,538863.27003941766,77763.5225394218,-1.1965168190451296e-10,77763.522539421567,42,new,92,2023-04-03,2,1.9999999999999998
thermal_cost_CNY,27,3899895.759920354,798673.47368421045,93471.608500698116,-7.0936454371325159e-10,93471.60850069765,42,new,345,2023-12-12,5,4.9999999999999991
thermal_cost_CNY,28,9085379.6383516565,762488.70434210333,64484.813753582537,3.6570204672935329e-07,64484.813753949478,42,new,194,2023-07-14,12,12.00000000000048
thermal_cost_CNY,29,566178.2368421033,566178.2368421033,0,0,0,42,new,332,2023-11-29,1,1
thermal_cost_CNY,30,12132745.671973668,773570.73684210528,244386.11750001647,2.7482753382987301e-09,244386.11750001833,42,new,260,2023-09-18,16,16.000000000000004
thermal_cost_CNY,31,3809766.5382296881,738171.73684210517,-118907.85401916225,-6.5562820669571768e-10,-118907.85401916271,42,new,239,2023-08-28,5,4.9999999999999991
thermal_cost_CNY,32,2987552.0083102426,714133.19390581385,-131019.23268698715,0,-131019.23268698715,42,new,51,2023-02-21,4,4
thermal_cost_CNY,33,13508308.578947369,828153.97368421045,-257845.00000000186,0,-257845.00000000186,42,new,37,2023-02-07,16,16
thermal_cost_CNY,34,7334712.3651448507,769506.96052630839,360357.24011823349,0,360357.24011823349,42,new,352,2023-12-19,10,10
thermal_cost_CNY,35,683595.34487534559,683595.34487534559,0,-7.5894329140718318e-11,-1.1641532182693481e-10,42,new,123,2023-05-04,1,0.99999999999999989
thermal_cost_CNY,36,462482.99999999627,462482.99999999627,0,-5.1345927509771214e-11,-5.8207660913467407e-11,42,new,186,2023-07-06,1,0.99999999999999989
thermal_cost_CNY,37,658707.96952908509,658707.96952908509,0,0,0,42,new,70,2023-03-12,1,1
thermal_cost_CNY,38,14325385.623646701,759294.23684210342,101204.87635326385,-4.3160880343413248e-07,101204.87635283172,42,new,45,2023-02-15,19,18.999999999999432
thermal_cost_CNY,39,18950988.184210524,879736.97368421056,403225.23684210703,-1.9377812196957597e-06,403225.23684016988,42,new,275,2023-10-03,22,21.999999999997797
thermal_cost_CNY,40,3330028.1329639843,813291.37396121677,-76862.637119117193,7.2234784728061709e-10,-76862.637119116262,42,new,25,2023-01-26,4,4.0000000000000009
thermal_cost_CNY,41,13995392.986842096,737342.23684210528,14109.513157904148,-7004751.25,-6990641.7368420959,42,new,242,2023-08-31,19,9.5
thermal_cost_CNY,42,633957.43351800228,633957.43351800228,0,0,0,42,new,74,2023-03-16,1,1
thermal_cost_CNY,43,550270.39750692423,550270.39750692423,0,0,0,42,new,140,2023-05-21,1,1
thermal_cost_CNY,44,9254897.8424687795,753601.21052630269,541917.89437315613,-3.9089008203362208e-07,541917.89437276497,42,new,154,2023-06-04,13,12.999999999999481
thermal_cost_CNY,45,703499.28955332085,703499.28955332085,0,-7.8104110906953667e-11,-1.1641532182693481e-10,42,new,343,2023-12-10,1,0.99999999999999989
thermal_cost_CNY,46,3093410.6620498612,749917.62049861497,-93740.180055401288,0,-93740.180055401288,42,new,75,2023-03-17,4,4
thermal_cost_CNY,47,1334432.9005920996,729090.40059210337,123747.90059210709,0,123747.90059210709,42,new,308,2023-11-05,2,2
curtailment_cost_CNY,0,84837.090914137021,38661.313019393689,31146.848144044052,1.1589123566620225e-08,31146.848144055635,42,new,344,2023-12-11,3,3.0000000000002998
curtailment_cost_CNY,1,180359.59873966195,26542.740000001708,85067.801260355132,0,85067.801260355132,42,new,163,2023-06-13,10,10
curtailment_cost_CNY,2,0,0,0,-0,0,42,new,1,2023-01-02,12,11.999992483540002
curtailment_cost_CNY,3,1174004.6367966086,65941.035000004311,144816.06320347777,0,144816.06320347777,42,new,127,2023-05-08,20,20
curtailment_cost_CNY,4,16962.615789474185,193.57894736842525,-16381.878947368908,5.8113233523584757e-11,-16381.87894736885,42,new,347,2023-12-14,3,3.0000000000003002
curtailment_cost_CNY,5,7593.4736842105394,4213.1578947368462,9259.1578947368453,0.00031839101406822907,9259.158213127861,42,new,31,2023-02-01,4,4.0000000755706342
curtailment_cost_CNY,6,453193.11838829395,17170.000000001408,-195643.11838827282,-51448.32534459875,-247091.44373287159,42,new,209,2023-07-29,15,12.003592000897232
curtailment_cost_CNY,7,272858.36011081265,123761.18005540629,-25336.000000000058,-2.7480502330458355e-11,-25336.000000000087,42,new,187,2023-07-07,2,1.9999999999999998
curtailment_cost_CNY,8,187558.2900554105,77267.180055406308,-33023.929944597883,-1.7156760469073952e-11,-33023.929944597912,42,new,179,2023-06-29,2,1.9999999999999998
curtailment_cost_CNY,9,423470.77847449196,18617.024930749471,-51130.279859502567,0,-51130.279859502567,42,new,298,2023-10-26,20,20
curtailment_cost_CNY,10,70841.180055406308,70841.180055406308,0,-7.8649509189128506e-12,-1.4551915228366852e-11,42,new,13,2023-01-14,1,0.99999999999999989
curtailment_cost_CNY,11,426876.21583104337,61858.996842107867,-117581.23162050406,0,-117581.23162050406,42,new,189,2023-07-09,5,5
curtailment_cost_CNY,12,1386212.267013442,72307.810000004276,-84671.687013365095,-1.0429691194247587e-07,-84671.687013469404,42,new,228,2023-08-17,18,17.999999999998558
curtailment_cost_CNY,13,100141.81905530427,11573.02493074948,154464.72942118428,152879.19791030401,307343.92733148829,42,new,33,2023-02-03,22,35.209960129274812
curtailment_cost_CNY,14,714887.76011082111,194339.18005540632,62468.960110804182,-8.6303932913714442e-11,62468.960110804066,42,new,106,2023-04-17,4,3.9999999999999996
curtailment_cost_CNY,15,106243.41250000188,106243.41250000188,0,0,0,42,new,91,2023-04-02,1,1
curtailment_cost_CNY,16,23867.024930750533,0,-23867.024930750533,0,-23867.024930750533,42,new,93,2023-04-04,4,4.5527291746009997
curtailment_cost_CNY,17,298143.0260986379,13350.340000001399,-137938.94609862112,6.450471232711373e-09,-137938.94609861466,42,new,253,2023-09-11,12,12.000000000000483
curtailment_cost_CNY,18,733393.37822718092,103259.18005540632,92680.062216069666,798571.9001414181,891251.96235748765,42,new,105,2023-04-16,8,15.733664936259654
curtailment_cost_CNY,19,103844.82123202531,0,-103844.82123202531,-0,-103844.82123202531,42,new,173,2023-06-23,18,9.0000612193849996
curtailment_cost_CNY,20,67973.180055406323,67973.180055406323,0,-7.5465389554503573e-12,-1.4551915228366852e-11,42,new,348,2023-12-15,1,0.99999999999999989
curtailment_cost_CNY,21,37887.715000001001,0,-37887.715000001001,0,-37887.715000001001,42,new,152,2023-06-02,2,2
curtailment_cost_CNY,22,750319.73088760232,82889.545000004175,-87203.370887568919,0,-87203.370887568919,42,new,134,2023-05-15,8,8
curtailment_cost_CNY,23,222690.6413088741,108752.59144737155,103567.13303324059,3.2647996225786698e-08,103567.13303327319,42,new,110,2023-04-21,3,3.0000000000003002
curtailment_cost_CNY,24,0,0,0,0,0,42,new,125,2023-05-06,3,3.0000000000002998
curtailment_cost_CNY,25,154439.15275624377,58664.822894739402,80220.138822713838,-0.0011454738524872992,80220.137677239982,42,new,354,2023-12-21,4,3.9999999804742639
curtailment_cost_CNY,26,156932.98394737663,54805.005000003381,-47322.973947369872,-1.2169155683140116e-11,-47322.973947369886,42,new,92,2023-04-03,2,1.9999999999999998
curtailment_cost_CNY,27,0,0,0,-0,0,42,new,345,2023-12-12,5,4.9999999999999991
curtailment_cost_CNY,28,73924.296763440492,4389.1578947368489,-21254.402026598305,2.1051118742913198e-09,-21254.402026596203,42,new,194,2023-07-14,12,12.00000000000048
curtailment_cost_CNY,29,54821.157894739372,54821.157894739372,0,0,0,42,new,332,2023-11-29,1,1
curtailment_cost_CNY,30,793837.71350414329,40810.891966763171,-140863.44203593256,1.44989414134369e-10,-140863.44203593244,42,new,260,2023-09-18,16,16.000000000000004
curtailment_cost_CNY,31,130066.42138918402,46407.180055406323,101969.4788878476,-4.1217855844349958e-11,101969.47888784757,42,new,239,2023-08-28,5,4.9999999999999991
curtailment_cost_CNY,32,13631.024930750542,13631.024930750542,40893.074792251624,0,40893.074792251624,42,new,51,2023-02-21,4,4
curtailment_cost_CNY,33,0,0,0,0,0,42,new,37,2023-02-07,16,16
curtailment_cost_CNY,34,67692.454660669624,1140.7053947359434,-56285.400713310191,0,-56285.400713310191,42,new,352,2023-12-19,10,10
curtailment_cost_CNY,35,83141.313019393696,83141.313019393696,0,-9.2305400011698175e-12,-1.4551915228366852e-11,42,new,123,2023-05-04,1,0.99999999999999989
curtailment_cost_CNY,36,165168.75900277472,165168.75900277472,0,-1.8337415919364411e-11,-2.9103830456733704e-11,42,new,186,2023-07-06,1,0.99999999999999989
curtailment_cost_CNY,37,201689.57894737349,201689.57894737349,0,0,0,42,new,70,2023-03-12,1,1
curtailment_cost_CNY,38,786616.30788628606,34428.891966762116,-132467.36051780591,-1.9570559269801671e-08,-132467.36051782547,42,new,45,2023-02-15,19,18.999999999999432
curtailment_cost_CNY,39,2368.8750000001364,0,-2368.8750000001364,-0,-2368.8750000001364,42,new,275,2023-10-03,22,21.999999999997797
curtailment_cost_CNY,40,0,0,0,0,0,42,new,25,2023-01-26,4,4.0000000000000009
curtailment_cost_CNY,41,1224581.554092875,81975.630000004603,332955.41590721253,-778768.48500004376,-445813.06909283123,42,new,242,2023-08-31,19,9.5
curtailment_cost_CNY,42,30362.000000001466,30362.000000001466,0,0,0,42,new,74,2023-03-16,1,1
curtailment_cost_CNY,43,0,0,0,0,0,42,new,140,2023-05-21,1,1
curtailment_cost_CNY,44,648367.87627299398,36906.774999998786,-168579.80127300974,-1.9143403839904574e-08,-168579.80127302889,42,new,154,2023-06-04,13,12.999999999999481
curtailment_cost_CNY,45,5829.0000000000728,5829.0000000000728,0,-6.4714900105401183e-13,-9.0949470177292824e-13,42,new,343,2023-12-10,1,0.99999999999999989
curtailment_cost_CNY,46,0,0,0,0,0,42,new,75,2023-03-17,4,4
curtailment_cost_CNY,47,8270.1300000005722,0,-8270.1300000005722,0,-8270.1300000005722,42,new,308,2023-11-05,2,2
load_shedding_cost_CNY,0,3083799.9999996806,648899.99999989371,-1137099.9999999995,1.9451440458336943e-07,-1137099.9999998049,42,new,344,2023-12-11,3,3.0000000000002998
load_shedding_cost_CNY,1,19426545.249998879,2066899.9999998934,1242454.7500000559,0,1242454.7500000559,42,new,163,2023-06-13,10,10
load_shedding_cost_CNY,2,17501212.99999848,1465863.9999998459,89154.999999672174,-11.018108119113158,89143.981891550124,42,new,1,2023-01-02,12,11.999992483540002
load_shedding_cost_CNY,3,21292398.249997701,1001316.4999998529,-1266068.2500006445,0,-1266068.2500006445,42,new,127,2023-05-08,20,20
load_shedding_cost_CNY,4,0,0,0,0,0,42,new,347,2023-12-14,3,3.0000000000003002
load_shedding_cost_CNY,5,988099.99999968079,252799.99999989371,23099.999999894062,0.019104256324445641,23100.019104150357,42,new,31,2023-02-01,4,4.0000000755706342
load_shedding_cost_CNY,6,36718946.999998301,2390799.9999998934,-856946.99999990314,-7163812.2442545788,-8020759.244254481,42,new,209,2023-07-29,15,12.003592000897232
load_shedding_cost_CNY,7,1389699.9999997874,611199.99999989395,-167299.99999999953,-1.3571366253015559e-10,-167299.99999999977,42,new,187,2023-07-07,2,1.9999999999999998
load_shedding_cost_CNY,8,3946999.9999997863,2395799.9999998929,844599.99999999953,-5.3197446447936623e-10,844599.9999999986,42,new,179,2023-06-29,2,1.9999999999999998
load_shedding_cost_CNY,9,31715077.249997672,1475938.2499998268,-2196312.2500011362,0,-2196312.2500011362,42,new,298,2023-10-26,20,20
load_shedding_cost_CNY,10,0,0,0,-0,0,42,new,13,2023-01-14,1,0.99999999999999989
load_shedding_cost_CNY,11,680699.99999968067,146499.99999989365,51799.999999787542,0,51799.999999787542,42,new,189,2023-07-09,5,5
load_shedding_cost_CNY,12,23183877.749997996,1264718.7499998899,-418940.24999997765,-1.8242325428017924e-06,-418940.25000180304,42,new,228,2023-08-17,18,17.999999999998558
load_shedding_cost_CNY,13,27588014.249997377,1285118.7499998894,684598.25000018999,16976367.448882025,17660965.698882215,42,new,33,2023-02-03,22,35.209960129274812
load_shedding_cost_CNY,14,1540899.9999995751,520799.99999989383,542300.00000000023,-2.3128166048986546e-10,542300,42,new,106,2023-04-17,4,3.9999999999999996
load_shedding_cost_CNY,15,0,0,0,0,0,42,new,91,2023-04-02,1,1
load_shedding_cost_CNY,16,8499.9999998937401,0,-8499.9999998937401,0,-8499.9999998937401,42,new,93,2023-04-04,4,4.5527291746009997
load_shedding_cost_CNY,17,17579303.249998614,1222969.499999837,-2903669.25000057,5.9090102411111128e-07,-2903669.2499999795,42,new,253,2023-09-11,12,12.000000000000483
load_shedding_cost_CNY,18,973290.74999945785,53899.999999894055,-542090.75000030547,416844.54006357602,-125246.2099367294,42,new,105,2023-04-16,8,15.733664936259654
load_shedding_cost_CNY,19,51952573.499998063,2884399.9999998929,-33373.499999992549,-25959423.418804944,-25992796.918804932,42,new,173,2023-06-23,18,9.0000612193849996
load_shedding_cost_CNY,20,0,0,0,-0,0,42,new,348,2023-12-15,1,0.99999999999999989
load_shedding_cost_CNY,21,0,0,0,0,0,42,new,152,2023-06-02,2,2
load_shedding_cost_CNY,22,7722405.7499991404,1026483.9999998856,489466.24999994412,0,489466.24999994412,42,new,134,2023-05-15,8,8
load_shedding_cost_CNY,23,0,0,0,0,0,42,new,110,2023-04-21,3,3.0000000000003002
load_shedding_cost_CNY,24,0,0,0,0,0,42,new,125,2023-05-06,3,3.0000000000002998
load_shedding_cost_CNY,25,2509699.9999995753,650199.99999989371,91099.999999999534,-0.01269563363761398,91099.987304365728,42,new,354,2023-12-21,4,3.9999999804742639
load_shedding_cost_CNY,26,0,0,0,-0,0,42,new,92,2023-04-03,2,1.9999999999999998
load_shedding_cost_CNY,27,3220858.2499995604,630358.24999987986,-69067.000000161119,-5.5987059432982976e-10,-69067.000000161584,42,new,345,2023-12-12,5,4.9999999999999991
load_shedding_cost_CNY,28,16853936.499998648,1455499.9999998934,612063.50000007078,6.9808159253165629e-07,612063.50000077114,42,new,194,2023-07-14,12,12.00000000000048
load_shedding_cost_CNY,29,11799.999999893584,11799.999999893584,0,0,0,42,new,332,2023-11-29,1,1
load_shedding_cost_CNY,30,32717660.749998052,2118699.9999998938,1181539.2500002496,7.5271344712742441e-09,1181539.250000257,42,new,260,2023-09-18,16,16.000000000000004
load_shedding_cost_CNY,31,9703749.4999994449,1902599.9999998934,-190749.49999997765,-1.6898482613213636e-09,-190749.49999997951,42,new,239,2023-08-28,5,4.9999999999999991
load_shedding_cost_CNY,32,1989896.2499996105,376099.99999989371,-485496.25000003562,0,-485496.25000003562,42,new,51,2023-02-21,4,4
load_shedding_cost_CNY,33,29926013.249998201,1885099.9999998938,235586.75000010058,0,235586.75000010058,42,new,37,2023-02-07,16,16
load_shedding_cost_CNY,34,7377199.9999989364,575799.99999989395,-1619199.9999999972,0,-1619199.9999999972,42,new,352,2023-12-19,10,10
load_shedding_cost_CNY,35,615147.74999988836,615147.74999988836,0,-6.8295119559623569e-11,-1.1641532182693481e-10,42,new,123,2023-05-04,1,0.99999999999999989
load_shedding_cost_CNY,36,0,0,0,-0,0,42,new,186,2023-07-06,1,0.99999999999999989
load_shedding_cost_CNY,37,1185099.9999998934,1185099.9999998934,0,0,0,42,new,70,2023-03-12,1,1
load_shedding_cost_CNY,38,25106457.99999775,1381018.7499998899,1132898.2500001565,-7.8501827260873251e-07,1132898.2499993742,42,new,45,2023-02-15,19,18.999999999999432
load_shedding_cost_CNY,39,61289528.249997564,2774699.9999998934,-246128.24999991059,-6.1117830796317703e-06,-246128.25000602007,42,new,275,2023-10-03,22,21.999999999997797
load_shedding_cost_CNY,40,1779699.9999994677,285099.9999998936,-639299.99999989336,2.532196674564112e-10,-639299.99999989313,42,new,25,2023-01-26,4,4.0000000000000009
load_shedding_cost_CNY,41,44812029.999997899,2443799.9999998929,1620170.0000000671,-23216099.999998983,-21595929.999998916,42,new,242,2023-08-31,19,9.5
load_shedding_cost_CNY,42,0,0,0,0,0,42,new,74,2023-03-16,1,1
load_shedding_cost_CNY,43,0,0,0,0,0,42,new,140,2023-05-21,1,1
load_shedding_cost_CNY,44,8728999.9999986179,625499.99999989371,-597500,-3.2444447128904304e-07,-597500.0000003241,42,new,154,2023-06-04,13,12.999999999999481
load_shedding_cost_CNY,45,93399.999999893611,93399.999999893611,0,-1.0369483049987151e-11,-1.4551915228366852e-11,42,new,343,2023-12-10,1,0.99999999999999989
load_shedding_cost_CNY,46,2276299.9999995744,589599.9999998936,82100,0,82100,42,new,75,2023-03-17,4,4
load_shedding_cost_CNY,47,1359199.9999998938,1359199.9999998938,1359199.9999998938,0,1359199.9999998938,42,new,308,2023-11-05,2,2
storage_variable_om_CNY,0,2260.4722742388753,708.80000000010682,-134.07227423855466,2.1247004156069599e-10,-134.07227423834229,42,new,344,2023-12-11,3,3.0000000000002998
storage_variable_om_CNY,1,7179.2414650212413,699.63700000024505,-182.87146501879033,0,-182.87146501879033,42,new,163,2023-06-13,10,10
storage_variable_om_CNY,2,4547.0870000015184,439.73600000015404,729.74500000033004,-0.0033052580538634893,729.7416947422762,42,new,1,2023-01-02,12,11.999992483540002
storage_variable_om_CNY,3,19842.034027505219,1034.7352500003624,852.67097250203005,0,852.67097250203005,42,new,127,2023-05-08,20,20
storage_variable_om_CNY,4,1018.8631250003087,152.00000000005321,-562.86312500014913,4.5631054490529609e-11,-562.86312500010354,42,new,347,2023-12-14,3,3.0000000000003002
storage_variable_om_CNY,5,1732.9611567023114,474.31090670187132,164.28247010517384,3.5843976024986475e-05,164.28250594914994,42,new,31,2023-02-01,4,4.0000000755706342
storage_variable_om_CNY,6,12762.019483128755,657.40000000022997,-2901.0194831253066,-1969.8386186108489,-4870.8581017361548,42,new,209,2023-07-29,15,12.003592000897232
storage_variable_om_CNY,7,2144.9000000002125,987.90000000010662,-169.09999999999923,-2.193578652054621e-13,-169.09999999999945,42,new,187,2023-07-07,2,1.9999999999999998
storage_variable_om_CNY,8,1805.2555000004222,904.00000000010641,2.7444999997906052,-2.0072832285225193e-13,2.7444999997903778,42,new,179,2023-06-29,2,1.9999999999999998
storage_variable_om_CNY,9,15960.618401567335,847.96175000022686,998.6165984372019,0,998.6165984372019,42,new,298,2023-10-26,20,20
storage_variable_om_CNY,10,843.33300000008524,843.33300000008524,0,-9.3628771402630177e-14,-1.1368683772161603e-13,42,new,13,2023-01-14,1,0.99999999999999989
storage_variable_om_CNY,11,4646.1757500009662,897.11300000029041,-160.61074999951416,0,-160.61074999951416,42,new,189,2023-07-09,5,5
storage_variable_om_CNY,12,17284.733866254974,925.17175000032353,-631.64236624915065,-1.3344693545751745e-09,-631.64236625048579,42,new,228,2023-08-17,18,17.999999999998558
storage_variable_om_CNY,13,12211.788907105718,667.28125000016348,2468.3985928978782,8814.7587075148185,11283.157300412695,42,new,33,2023-02-03,22,35.209960129274812
storage_variable_om_CNY,14,4460.4094736851666,1057.4000000001067,-230.80947368473971,-4.6957993049550361e-13,-230.80947368474062,42,new,106,2023-04-17,4,3.9999999999999996
storage_variable_om_CNY,15,709.97062500020047,709.97062500020047,0,0,0,42,new,91,2023-04-02,1,1
storage_variable_om_CNY,16,979.02683344310265,48.196583442847242,-786.24049967171368,26.639657784953165,-759.60084188676046,42,new,93,2023-04-04,4,4.5527291746009997
storage_variable_om_CNY,17,9084.9158193195672,818.94750000028682,742.45418068387517,3.9569009402398697e-10,742.45418068426989,42,new,253,2023-09-11,12,12.000000000000483
storage_variable_om_CNY,18,8132.6662500011171,1099.9000000001065,666.53374999973494,8506.2580633928173,9172.7918133925505,42,new,105,2023-04-16,8,15.733664936259654
storage_variable_om_CNY,19,9269.0956980977862,304.00000000010641,-3797.0956980958708,-2735.9813893079177,-6533.077087403788,42,new,173,2023-06-23,18,9.0000612193849996
storage_variable_om_CNY,20,860.06750000000852,860.06750000000852,0,-9.5486674123180628e-14,-1.1368683772161603e-13,42,new,348,2023-12-15,1,0.99999999999999989
storage_variable_om_CNY,21,1368.3047500002292,402.91900000001959,-562.46675000019002,0,-562.46675000019002,42,new,152,2023-06-02,2,2
storage_variable_om_CNY,22,7913.4858456267693,918.49325000032195,-565.53984562419373,0,-565.53984562419373,42,new,134,2023-05-15,8,8
storage_variable_om_CNY,23,2407.0506250005501,890.85062500026368,265.50125000024082,2.6743719350194181e-10,265.50125000050821,42,new,110,2023-04-21,3,3.0000000000003002
storage_variable_om_CNY,24,311.20956875339579,31.871231696820978,-215.59587366293286,9.5537273183029107e-12,-215.59587366292328,42,new,125,2023-05-06,3,3.0000000000002998
storage_variable_om_CNY,25,3575.3972500009859,979.48325000028774,342.53575000016508,-1.9125131492133419e-05,342.53573087503355,42,new,354,2023-12-21,4,3.9999999804742639
storage_variable_om_CNY,26,1819.0950351517017,800.15353515134484,-218.78796484901204,-1.7766977559204752e-13,-218.78796484901227,42,new,92,2023-04-03,2,1.9999999999999998
storage_variable_om_CNY,27,1686.068000000452,344.34175000012056,35.640750000150774,-3.0583691135188267e-13,35.640750000150547,42,new,345,2023-12-12,5,4.9999999999999991
storage_variable_om_CNY,28,6515.5598111058898,459.42950000016089,-1002.4058111039594,2.2034989832783124e-10,-1002.4058111037384,42,new,194,2023-07-14,12,12.00000000000048
storage_variable_om_CNY,29,817.00000000028604,817.00000000028604,0,0,0,42,new,332,2023-11-29,1,1
storage_variable_om_CNY,30,14650.596448753582,856.00000000015962,-954.59644875102822,3.0411229090537959e-12,-954.59644875102458,42,new,260,2023-09-18,16,16.000000000000004
storage_variable_om_CNY,31,3607.2318833781669,904.00000000010652,912.76811662236605,-8.0291329140900782e-13,912.76811662236514,42,new,239,2023-08-28,5,4.9999999999999991
storage_variable_om_CNY,32,1979.7037500004431,899.3000000001598,1617.4962500001961,0,1617.4962500001961,42,new,51,2023-02-21,4,4
storage_variable_om_CNY,33,5137.1867500017979,304.00000000010641,-273.18675000009534,0,-273.18675000009534,42,new,37,2023-02-07,16,16
storage_variable_om_CNY,34,6042.470758556251,768.07737500022085,1638.3029914459576,0,1638.3029914459576,42,new,352,2023-12-19,10,10
storage_variable_om_CNY,35,770.85225000012201,770.85225000012201,0,-8.5581791653424279e-14,-1.1368683772161603e-13,42,new,123,2023-05-04,1,0.99999999999999989
storage_variable_om_CNY,36,904.00000000010641,904.00000000010641,0,-1.0036416142612597e-13,-1.1368683772161603e-13,42,new,186,2023-07-06,1,0.99999999999999989
storage_variable_om_CNY,37,1081.6000000003592,1081.6000000003592,0,0,0,42,new,70,2023-03-12,1,1
storage_variable_om_CNY,38,17164.853083775539,867.28125000016348,-686.509333772432,-4.9299231363884447e-10,-686.50933377292677,42,new,45,2023-02-15,19,18.999999999999432
storage_variable_om_CNY,39,7090.3155000024826,304.00000000010641,-402.31550000014158,-6.6961547418055282e-10,-402.31550000081097,42,new,275,2023-10-03,22,21.999999999997797
storage_variable_om_CNY,40,1857.4000000005324,445.20000000010634,-76.600000000107002,3.954170324505902e-13,-76.600000000106547,42,new,25,2023-01-26,4,4.0000000000000009
storage_variable_om_CNY,41,17415.226375005001,961.18150000033654,847.22212500139358,-9131.2242500031971,-8284.0021250018035,42,new,242,2023-08-31,19,9.5
storage_variable_om_CNY,42,443.10000000007312,443.10000000007312,0,0,0,42,new,74,2023-03-16,1,1
storage_variable_om_CNY,43,64.899999999999935,64.899999999999935,0,0,0,42,new,140,2023-05-21,1,1
storage_variable_om_CNY,44,13423.265051878318,1137.8387500002057,1368.6386981243559,-5.9019263254366914e-10,1368.6386981237665,42,new,154,2023-06-04,13,12.999999999999481
storage_variable_om_CNY,45,560.28775000012899,560.28775000012899,0,-6.2204436046556676e-14,-1.1368683772161603e-13,42,new,343,2023-12-10,1,0.99999999999999989
storage_variable_om_CNY,46,1232.6000000004256,304.70000000010634,-13.800000000000182,0,-13.800000000000182,42,new,75,2023-03-17,4,4
storage_variable_om_CNY,47,839.07325000029414,454.06675000015929,69.060250000024439,0,69.060250000024439,42,new,308,2023-11-05,2,2
storage_investment_allocated_CNY,0,30090.467910832493,10030.155970277498,0,3.00664172667156e-09,3.0049704946577549e-09,42,new,344,2023-12-11,3,3.0000000000002998
storage_investment_allocated_CNY,1,100301.55970277498,10030.155970277498,0,0,0,42,new,163,2023-06-13,10,10
storage_investment_allocated_CNY,2,120361.87164332997,10030.155970277498,0,-0.075391266128438536,-0.075391266131191514,42,new,1,2023-01-02,12,11.999992483540002
storage_investment_allocated_CNY,3,200603.11940554995,10030.155970277498,0,0,0,42,new,127,2023-05-08,20,20
storage_investment_allocated_CNY,4,30090.467910832493,10030.155970277498,0,3.0110960107110733e-09,3.0122464522719383e-09,42,new,347,2023-12-14,3,3.0000000000003002
storage_investment_allocated_CNY,5,40120.62388110999,10030.155970277498,0,0.0007579852477469566,0.00075798524630954489,42,new,31,2023-02-01,4,4.0000000755706342
storage_investment_allocated_CNY,6,150452.33955416246,10030.155970277498,0,-30054.439581587882,-30054.439581587882,42,new,209,2023-07-29,15,12.003592000897232
storage_investment_allocated_CNY,7,20060.311940554995,10030.155970277498,0,-2.227142019756711e-12,-3.637978807091713e-12,42,new,187,2023-07-07,2,1.9999999999999998
storage_investment_allocated_CNY,8,20060.311940554995,10030.155970277498,0,-2.227142019756711e-12,-3.637978807091713e-12,42,new,179,2023-06-29,2,1.9999999999999998
storage_investment_allocated_CNY,9,200603.11940554995,10030.155970277498,0,0,0,42,new,298,2023-10-26,20,20
storage_investment_allocated_CNY,10,10030.155970277498,10030.155970277498,0,-1.1135710098783555e-12,-1.8189894035458565e-12,42,new,13,2023-01-14,1,0.99999999999999989
storage_investment_allocated_CNY,11,50150.779851387488,10030.155970277498,0,0,0,42,new,189,2023-07-09,5,5
storage_investment_allocated_CNY,12,180542.80746499496,10030.155970277498,0,-1.4467514560339595e-08,-1.4464603736996651e-08,42,new,228,2023-08-17,18,17.999999999998558
storage_investment_allocated_CNY,13,220663.43134610495,10030.155970277498,0,132497.96045777347,132497.96045777347,42,new,33,2023-02-03,22,35.209960129274812
storage_investment_allocated_CNY,14,40120.62388110999,10030.155970277498,0,-4.454284039513422e-12,-7.2759576141834259e-12,42,new,106,2023-04-17,4,3.9999999999999996
storage_investment_allocated_CNY,15,10030.155970277498,10030.155970277498,0,0,0,42,new,91,2023-04-02,1,1
storage_investment_allocated_CNY,16,40120.62388110999,10030.155970277498,0,5543.9598305707705,5543.9598305707696,42,new,93,2023-04-04,4,4.5527291746009997
storage_investment_allocated_CNY,17,120361.87164332997,10030.155970277498,0,4.8462610349906032e-09,4.8457877710461617e-09,42,new,253,2023-09-11,12,12.000000000000483
storage_investment_allocated_CNY,18,80241.24776221998,10030.155970277498,0,77569.86553255051,77569.865532550524,42,new,105,2023-04-16,8,15.733664936259654
storage_investment_allocated_CNY,19,180542.80746499496,10030.155970277498,0,-90270.78969251753,-90270.78969251753,42,new,173,2023-06-23,18,9.0000612193849996
storage_investment_allocated_CNY,20,10030.155970277498,10030.155970277498,0,-1.1135710098783555e-12,-1.8189894035458565e-12,42,new,348,2023-12-15,1,0.99999999999999989
storage_investment_allocated_CNY,21,20060.311940554995,10030.155970277498,0,0,0,42,new,152,2023-06-02,2,2
storage_investment_allocated_CNY,22,80241.24776221998,10030.155970277498,0,0,0,42,new,134,2023-05-15,8,8
storage_investment_allocated_CNY,23,30090.467910832493,10030.155970277498,0,3.0110960107110733e-09,3.0122464522719383e-09,42,new,110,2023-04-21,3,3.0000000000003002
storage_investment_allocated_CNY,24,30090.467910832493,10030.155970277498,0,3.00664172667156e-09,3.0049704946577549e-09,42,new,125,2023-05-06,3,3.0000000000002998
storage_investment_allocated_CNY,25,40120.62388110999,10030.155970277498,0,-0.00019584617890924406,-0.00019584617984946817,42,new,354,2023-12-21,4,3.9999999804742639
storage_investment_allocated_CNY,26,20060.311940554995,10030.155970277498,0,-2.227142019756711e-12,-3.637978807091713e-12,42,new,92,2023-04-03,2,1.9999999999999998
storage_investment_allocated_CNY,27,50150.779851387488,10030.155970277498,0,-8.908568079026844e-12,-7.2759576141834259e-12,42,new,345,2023-12-12,5,4.9999999999999991
storage_investment_allocated_CNY,28,120361.87164332997,10030.155970277498,0,4.8106267626744958e-09,4.8166839405894279e-09,42,new,194,2023-07-14,12,12.00000000000048
storage_investment_allocated_CNY,29,10030.155970277498,10030.155970277498,0,0,0,42,new,332,2023-11-29,1,1
storage_investment_allocated_CNY,30,160482.49552443996,10030.155970277498,0,3.5634272316107376e-11,2.9103830456733704e-11,42,new,260,2023-09-18,16,16.000000000000004
storage_investment_allocated_CNY,31,50150.779851387488,10030.155970277498,0,-8.908568079026844e-12,-7.2759576141834259e-12,42,new,239,2023-08-28,5,4.9999999999999991
storage_investment_allocated_CNY,32,40120.62388110999,10030.155970277498,0,0,0,42,new,51,2023-02-21,4,4
storage_investment_allocated_CNY,33,160482.49552443996,10030.155970277498,0,0,0,42,new,37,2023-02-07,16,16
storage_investment_allocated_CNY,34,100301.55970277498,10030.155970277498,0,0,0,42,new,352,2023-12-19,10,10
storage_investment_allocated_CNY,35,10030.155970277498,10030.155970277498,0,-1.1135710098783555e-12,-1.8189894035458565e-12,42,new,123,2023-05-04,1,0.99999999999999989
storage_investment_allocated_CNY,36,10030.155970277498,10030.155970277498,0,-1.1135710098783555e-12,-1.8189894035458565e-12,42,new,186,2023-07-06,1,0.99999999999999989
storage_investment_allocated_CNY,37,10030.155970277498,10030.155970277498,0,0,0,42,new,70,2023-03-12,1,1
storage_investment_allocated_CNY,38,190572.96343527245,10030.155970277498,0,-5.7014835705771802e-09,-5.7043507695198059e-09,42,new,45,2023-02-15,19,18.999999999999432
storage_investment_allocated_CNY,39,220663.43134610495,10030.155970277498,0,-2.2093248835986573e-08,-2.2089807316660881e-08,42,new,275,2023-10-03,22,21.999999999997797
storage_investment_allocated_CNY,40,40120.62388110999,10030.155970277498,0,8.908568079026844e-12,7.2759576141834259e-12,42,new,25,2023-01-26,4,4.0000000000000009
storage_investment_allocated_CNY,41,190572.96343527245,10030.155970277498,0,-95286.481717636227,-95286.481717636227,42,new,242,2023-08-31,19,9.5
storage_investment_allocated_CNY,42,10030.155970277498,10030.155970277498,0,0,0,42,new,74,2023-03-16,1,1
storage_investment_allocated_CNY,43,10030.155970277498,10030.155970277498,0,0,0,42,new,140,2023-05-21,1,1
storage_investment_allocated_CNY,44,130392.02761360747,10030.155970277498,0,-5.2026037581516769e-09,-5.2095856517553329e-09,42,new,154,2023-06-04,13,12.999999999999481
storage_investment_allocated_CNY,45,10030.155970277498,10030.155970277498,0,-1.1135710098783555e-12,-1.8189894035458565e-12,42,new,343,2023-12-10,1,0.99999999999999989
storage_investment_allocated_CNY,46,40120.62388110999,10030.155970277498,0,0,0,42,new,75,2023-03-17,4,4
storage_investment_allocated_CNY,47,20060.311940554995,10030.155970277498,0,0,0,42,new,308,2023-11-05,2,2
storage_fixed_om_CNY,0,6246.5753424657532,2082.1917808219177,0,6.2415825932351262e-10,6.2391336541622877e-10,42,new,344,2023-12-11,3,3.0000000000002998
storage_fixed_om_CNY,1,20821.917808219179,2082.1917808219177,0,0,0,42,new,163,2023-06-13,10,10
storage_fixed_om_CNY,2,24986.301369863013,2082.1917808219177,0,-0.015650711229573185,-0.015650711229682202,42,new,1,2023-01-02,12,11.999992483540002
storage_fixed_om_CNY,3,41643.835616438359,2082.1917808219177,0,0,0,42,new,127,2023-05-08,20,20
storage_fixed_om_CNY,4,6246.5753424657532,2082.1917808219177,0,6.250829382262141e-10,6.248228601180017e-10,42,new,347,2023-12-14,3,3.0000000000003002
storage_fixed_om_CNY,5,8328.767123287671,2082.1917808219177,0,0.00015735255339198014,0.00015735255328763742,42,new,31,2023-02-01,4,4.0000000755706342
storage_fixed_om_CNY,6,31232.876712328765,2082.1917808219177,0,-6239.0961077208322,-6239.0961077208303,42,new,209,2023-07-29,15,12.003592000897232
storage_fixed_om_CNY,7,4164.3835616438355,2082.1917808219177,0,-4.6233945135075011e-13,-9.0949470177292824e-13,42,new,187,2023-07-07,2,1.9999999999999998
storage_fixed_om_CNY,8,4164.3835616438355,2082.1917808219177,0,-4.6233945135075011e-13,-9.0949470177292824e-13,42,new,179,2023-06-29,2,1.9999999999999998
storage_fixed_om_CNY,9,41643.835616438359,2082.1917808219177,0,0,0,42,new,298,2023-10-26,20,20
storage_fixed_om_CNY,10,2082.1917808219177,2082.1917808219177,0,-2.3116972567537505e-13,-4.5474735088646412e-13,42,new,13,2023-01-14,1,0.99999999999999989
storage_fixed_om_CNY,11,10410.95890410959,2082.1917808219177,0,0,0,42,new,189,2023-07-09,5,5
storage_fixed_om_CNY,12,37479.452054794521,2082.1917808219177,0,-3.0033570759744727e-09,-3.0049704946577549e-09,42,new,228,2023-08-17,18,17.999999999998558
storage_fixed_om_CNY,13,45808.219178082189,2082.1917808219177,0,27505.670406161251,27505.670406161255,42,new,33,2023-02-03,22,35.209960129274812
storage_fixed_om_CNY,14,8328.767123287671,2082.1917808219177,0,-9.2467890270150021e-13,-1.8189894035458565e-12,42,new,106,2023-04-17,4,3.9999999999999996
storage_fixed_om_CNY,15,2082.1917808219177,2082.1917808219177,0,0,0,42,new,91,2023-04-02,1,1
storage_fixed_om_CNY,16,8328.767123287671,2082.1917808219177,0,1150.8881443746843,1150.888144374685,42,new,93,2023-04-04,4,4.5527291746009997
storage_fixed_om_CNY,17,24986.301369863013,2082.1917808219177,0,1.0060506461392322e-09,1.0077201295644045e-09,42,new,253,2023-09-11,12,12.000000000000483
storage_fixed_om_CNY,18,16657.534246575342,2082.1917808219177,0,16102.973565910512,16102.97356591051,42,new,105,2023-04-16,8,15.733664936259654
storage_fixed_om_CNY,19,37479.452054794521,2082.1917808219177,0,-18739.598556896988,-18739.598556896988,42,new,173,2023-06-23,18,9.0000612193849996
storage_fixed_om_CNY,20,2082.1917808219177,2082.1917808219177,0,-2.3116972567537505e-13,-4.5474735088646412e-13,42,new,348,2023-12-15,1,0.99999999999999989
storage_fixed_om_CNY,21,4164.3835616438355,2082.1917808219177,0,0,0,42,new,152,2023-06-02,2,2
storage_fixed_om_CNY,22,16657.534246575342,2082.1917808219177,0,0,0,42,new,134,2023-05-15,8,8
storage_fixed_om_CNY,23,6246.5753424657532,2082.1917808219177,0,6.250829382262141e-10,6.248228601180017e-10,42,new,110,2023-04-21,3,3.0000000000003002
storage_fixed_om_CNY,24,6246.5753424657532,2082.1917808219177,0,6.2415825932351262e-10,6.2391336541622877e-10,42,new,125,2023-05-06,3,3.0000000000002998
storage_fixed_om_CNY,25,8328.767123287671,2082.1917808219177,0,-4.0656327303245791e-05,-4.0656326746102422e-05,42,new,354,2023-12-21,4,3.9999999804742639
storage_fixed_om_CNY,26,4164.3835616438355,2082.1917808219177,0,-4.6233945135075011e-13,-9.0949470177292824e-13,42,new,92,2023-04-03,2,1.9999999999999998
storage_fixed_om_CNY,27,10410.95890410959,2082.1917808219177,0,-1.8493578054030004e-12,-3.637978807091713e-12,42,new,345,2023-12-12,5,4.9999999999999991
storage_fixed_om_CNY,28,24986.301369863013,2082.1917808219177,0,9.9865321491762027e-10,1.0004441719502211e-09,42,new,194,2023-07-14,12,12.00000000000048
storage_fixed_om_CNY,29,2082.1917808219177,2082.1917808219177,0,0,0,42,new,332,2023-11-29,1,1
storage_fixed_om_CNY,30,33315.068493150684,2082.1917808219177,0,7.3974312216120017e-12,7.2759576141834259e-12,42,new,260,2023-09-18,16,16.000000000000004
storage_fixed_om_CNY,31,10410.95890410959,2082.1917808219177,0,-1.8493578054030004e-12,-3.637978807091713e-12,42,new,239,2023-08-28,5,4.9999999999999991
storage_fixed_om_CNY,32,8328.767123287671,2082.1917808219177,0,0,0,42,new,51,2023-02-21,4,4
storage_fixed_om_CNY,33,33315.068493150684,2082.1917808219177,0,0,0,42,new,37,2023-02-07,16,16
storage_fixed_om_CNY,34,20821.917808219179,2082.1917808219177,0,0,0,42,new,352,2023-12-19,10,10
storage_fixed_om_CNY,35,2082.1917808219177,2082.1917808219177,0,-2.3116972567537505e-13,-4.5474735088646412e-13,42,new,123,2023-05-04,1,0.99999999999999989
storage_fixed_om_CNY,36,2082.1917808219177,2082.1917808219177,0,-2.3116972567537505e-13,-4.5474735088646412e-13,42,new,186,2023-07-06,1,0.99999999999999989
storage_fixed_om_CNY,37,2082.1917808219177,2082.1917808219177,0,0,0,42,new,70,2023-03-12,1,1
storage_fixed_om_CNY,38,39561.643835616436,2082.1917808219177,0,-1.1835889954579204e-09,-1.1859810911118984e-09,42,new,45,2023-02-15,19,18.999999999999432
storage_fixed_om_CNY,39,45808.219178082189,2082.1917808219177,0,-4.5864073573994413e-09,-4.5838532969355583e-09,42,new,275,2023-10-03,22,21.999999999997797
storage_fixed_om_CNY,40,8328.767123287671,2082.1917808219177,0,1.8493578054030004e-12,1.8189894035458565e-12,42,new,25,2023-01-26,4,4.0000000000000009
storage_fixed_om_CNY,41,39561.643835616436,2082.1917808219177,0,-19780.821917808218,-19780.821917808218,42,new,242,2023-08-31,19,9.5
storage_fixed_om_CNY,42,2082.1917808219177,2082.1917808219177,0,0,0,42,new,74,2023-03-16,1,1
storage_fixed_om_CNY,43,2082.1917808219177,2082.1917808219177,0,0,0,42,new,140,2023-05-21,1,1
storage_fixed_om_CNY,44,27068.493150684932,2082.1917808219177,0,-1.0800249583553523e-09,-1.0804797057062387e-09,42,new,154,2023-06-04,13,12.999999999999481
storage_fixed_om_CNY,45,2082.1917808219177,2082.1917808219177,0,-2.3116972567537505e-13,-4.5474735088646412e-13,42,new,343,2023-12-10,1,0.99999999999999989
storage_fixed_om_CNY,46,8328.767123287671,2082.1917808219177,0,0,0,42,new,75,2023-03-17,4,4
storage_fixed_om_CNY,47,4164.3835616438355,2082.1917808219177,0,0,0,42,new,308,2023-11-05,2,2
renewable_available_MWh,0,12887.02,714.05000000000007,679.93000000000029,-4.0842724757794719e-10,679.92999999959284,7,old,211,2023-07-31,19,18.999999999999428
renewable_available_MWh,1,5102.5799999999999,1064.9400000000001,222.1200000000008,0,222.1200000000008,7,old,354,2023-12-21,5,5
renewable_available_MWh,2,15920.289999999999,1128.8999999999999,-1244.5900000000001,-5.8555613691169126e-10,-1244.5900000005859,7,old,109,2023-04-20,13,12.999999999999481
renewable_available_MWh,3,5867.2200000000003,414.12,-483.65999999999985,-2.1406684425073763e-10,-483.6600000002145,7,old,112,2023-04-23,13,12.999999999999483
renewable_available_MWh,4,1813.2600000000002,1813.2600000000002,0,-2.0131230016318116e-13,-2.2737367544323206e-13,7,old,92,2023-04-03,1,0.99999999999999989
renewable_available_MWh,5,2477.9200000000001,1426.8099999999999,375.69999999999982,-6.3363092550616782e-13,375.69999999999936,7,old,121,2023-05-02,2,1.9999999999999996
renewable_available_MWh,6,9548.0699999999997,2054.7600000000002,725.73000000000138,10273.800000000001,10999.530000000002,7,old,190,2023-07-10,5,10
renewable_available_MWh,7,10110.809999999999,580,329.19000000000051,-8.3659301708394196e-10,329.18999999916377,7,old,281,2023-10-09,18,17.999999999998558
renewable_available_MWh,8,1949.8299999999999,856.06999999999994,-237.69000000000005,0,-237.69000000000005,7,old,308,2023-11-05,2,2
renewable_available_MWh,9,3421.6000000000004,1584.6600000000001,-252.2800000000002,-3.5186520364050013e-13,-252.28000000000065,7,old,187,2023-07-07,2,1.9999999999999998
renewable_available_MWh,10,12569.02,1261.3600000000001,-1216.7799999999988,3624.3395744588065,2407.5595744588063,7,old,50,2023-02-20,9,11.873358576820896
renewable_available_MWh,11,22838.580000000002,651.79999999999995,-3284.5800000000017,-6446.2938707814174,-9730.8738707814209,7,old,45,2023-02-15,30,20.110012471952412
renewable_available_MWh,12,1734.3000000000002,1734.3000000000002,0,-1.9254597916074092e-13,-2.2737367544323206e-13,7,old,332,2023-11-29,1,0.99999999999999989
renewable_available_MWh,13,1498.7,1498.7,0,-1.6638912470057222e-13,-2.2737367544323206e-13,7,old,140,2023-05-21,1,0.99999999999999989
renewable_available_MWh,14,9906.1900000000005,681.82999999999993,-1724.2300000000014,3.2822798701204191e-10,-1724.2299999996731,7,old,352,2023-12-19,12,12.000000000000481
renewable_available_MWh,15,14293.639999999999,880.26999999999998,-209.31999999999971,0,-209.31999999999971,7,old,229,2023-08-18,16,16
renewable_available_MWh,16,6581.3199999999997,259.13,-880.46000000000004,-0.0049286785125080713,-880.46492867851248,7,old,316,2023-11-13,22,21.999980979900002
renewable_available_MWh,17,2431.23,2431.23,0,0,0,7,old,13,2023-01-14,1,1
renewable_available_MWh,18,3139.1199999999999,1091.6099999999999,135.71000000000004,3.2722125009598807e-10,135.710000000327,7,old,43,2023-02-13,3,3.0000000000002998
renewable_available_MWh,19,2014.5999999999999,1099.77,184.94000000000005,0,184.94000000000005,7,old,31,2023-02-01,2,2
renewable_available_MWh,20,17597.93,910,602.06999999999971,0,602.06999999999971,7,old,290,2023-10-18,20,20
renewable_available_MWh,21,4857.8199999999997,331.74000000000001,-876.9399999999996,1.5969721545161521e-10,-876.93999999983998,7,old,47,2023-02-17,12,12.000000000000481
renewable_available_MWh,22,3963.5900000000001,1520.77,598.71999999999935,4562.271657000877,5160.9916570008772,7,old,12,2023-01-13,3,5.9999747871149989
renewable_available_MWh,23,3749.5799999999999,1278.49,85.890000000000327,3.8267267576941322e-10,85.89000000038277,7,old,125,2023-05-06,3,3.0000000000002993
renewable_available_MWh,24,7403.9499999999998,1164.28,-418.26999999999953,-1.3980874769004004e-09,-418.27000000139833,7,old,94,2023-04-05,6,5.9999999999987992
renewable_available_MWh,25,2118.9299999999998,2118.9299999999998,0,0,0,7,old,91,2023-04-02,1,1
renewable_available_MWh,26,18046.369999999999,525.72000000000003,-2274.7699999999986,-119.47215534589587,-2394.2421553458935,7,old,355,2023-12-22,30,29.772745652921905
renewable_available_MWh,27,939.86000000000001,939.86000000000001,0,0,0,7,old,343,2023-12-10,1,1
renewable_available_MWh,28,4963.0599999999995,579.50999999999999,-326.97999999999956,-5.1470827600041957e-13,-326.98000000000047,7,old,75,2023-03-17,8,7.9999999999999991
renewable_available_MWh,29,1206.0700000000002,473.10000000000002,-259.87000000000012,0,-259.87000000000012,7,old,48,2023-02-18,2,2
renewable_available_MWh,30,1943.5999999999999,1943.5999999999999,0,0,0,7,old,70,2023-03-12,1,1
renewable_available_MWh,31,1187.1900000000001,1187.1900000000001,0,0,0,7,old,123,2023-05-04,1,1
renewable_available_MWh,32,1624.05,1624.05,0,0,0,7,old,348,2023-12-15,1,1
renewable_available_MWh,33,6486.6199999999999,1693,285.38000000000011,0,285.38000000000011,7,old,177,2023-06-27,4,4
renewable_available_MWh,34,1415.4899999999998,1415.4899999999998,0,0,0,7,old,74,2023-03-16,1,1
renewable_available_MWh,35,3008.5999999999999,1691.9200000000001,375.24000000000024,-3.7568170796475899e-13,375.23999999999978,7,old,73,2023-03-15,2,1.9999999999999998
renewable_available_MWh,36,10499.530000000001,453.80000000000001,-515.93000000000029,-3.4210610814966456e-05,-515.93003421061076,7,old,363,2023-12-30,22,21.999999924613022
renewable_available_MWh,37,4189.2399999999998,1102.74,221.72000000000025,0,221.72000000000025,7,old,179,2023-06-29,4,4
renewable_available_MWh,38,2063.9300000000003,983.48000000000002,-96.970000000000255,0,-96.970000000000255,7,old,93,2023-04-04,2,2
renewable_available_MWh,39,19449.639999999999,986.94999999999993,289.36000000000058,0,289.36000000000058,7,old,222,2023-08-11,20,20
renewable_available_MWh,40,1221.6599999999999,1221.6599999999999,0,0,0,7,old,291,2023-10-19,1,1
renewable_available_MWh,41,2292.0299999999997,2292.0299999999997,0,0,0,7,old,186,2023-07-06,1,1
renewable_available_MWh,42,2274.4200000000001,2274.4200000000001,0,0,0,7,old,122,2023-05-03,1,1
renewable_available_MWh,43,22014.759999999998,1000.29,-1008.6699999999983,-756.29165431503668,-1764.9616543150369,7,old,164,2023-06-14,21,20.243927606679026
renewable_available_MWh,44,3217.79,165.25999999999999,-904.15000000000009,4.6089034810847806e-11,-904.14999999995416,7,old,79,2023-03-21,14,14.000000000000279
renewable_available_MWh,45,1151.9099999999999,1151.9099999999999,0,0,0,7,old,152,2023-06-02,1,1
renewable_available_MWh,46,1425.9200000000001,1425.9200000000001,0,0,0,7,old,69,2023-03-11,1,1
renewable_available_MWh,47,4993.0500000000002,1239.71,-34.210000000000036,0,-34.210000000000036,7,old,189,2023-07-09,4,4
renewable_used_MWh,0,11758.513236451585,644.06624999999121,478.74551354824871,-3.6839745920502261e-10,478.74551354787945,7,old,211,2023-07-31,19,18.999999999999428
renewable_used_MWh,1,4099.8216487187747,771.61588552630292,-241.74222108726008,0,-241.74222108726008,7,old,354,2023-12-21,5,5
renewable_used_MWh,2,10840.232759833536,761.10144999997738,-945.91390983383099,-3.9478042772599303e-10,-945.91390983422571,7,old,109,2023-04-20,13,12.999999999999481
renewable_used_MWh,3,5867.2200000000003,414.12,-483.65999999999985,-2.1406684425073763e-10,-483.6600000002145,7,old,112,2023-04-23,13,12.999999999999483
renewable_used_MWh,4,1539.234974999983,1539.234974999983,0,-1.7088941095533084e-13,-2.2737367544323206e-13,7,old,92,2023-04-03,1,0.99999999999999989
renewable_used_MWh,5,2358.5848753462474,1307.4748753462472,256.36487534624712,-5.8063548429132405e-13,256.36487534624666,7,old,121,2023-05-02,2,1.9999999999999996
renewable_used_MWh,6,5306.7852991688633,1191.5523749999759,650.97657583101591,5957.7618749998792,6608.7384508308951,7,old,190,2023-07-10,5,10
renewable_used_MWh,7,9049.8259333135065,511.23737499999066,152.4468166863262,-7.374096862022704e-10,152.44681668558769,7,old,281,2023-10-09,18,17.999999999998558
renewable_used_MWh,8,1908.4793499999971,856.06999999999994,-196.33934999999724,0,-196.33934999999724,7,old,308,2023-11-05,2,2
renewable_used_MWh,9,2057.3081994459367,965.85409972296839,-125.59999999999991,-2.1446269198820831e-13,-125.60000000000014,7,old,187,2023-07-07,2,1.9999999999999998
renewable_used_MWh,10,9705.6877402006849,1018.0405401661948,-543.32287870493201,2925.1955176379142,2381.8726389329822,7,old,50,2023-02-20,9,11.873358576820896
renewable_used_MWh,11,16795.515929452078,479.65554016618944,-2405.8497244663959,-4743.7873100025427,-7149.6370344689367,7,old,45,2023-02-15,30,20.110012471952412
renewable_used_MWh,12,1460.1942105263031,1460.1942105263031,0,-1.6211412329506548e-13,-2.2737367544323206e-13,7,old,332,2023-11-29,1,0.99999999999999989
renewable_used_MWh,13,1498.7,1498.7,0,-1.6638912470057222e-13,-2.2737367544323206e-13,7,old,140,2023-05-21,1,0.99999999999999989
renewable_used_MWh,14,9489.3603122229633,676.12647302632035,-1375.8426359071191,3.2548235074282563e-10,-1375.8426359067935,7,old,352,2023-12-19,12,12.000000000000481
renewable_used_MWh,15,10092.573183033292,641.57554016618406,172.63545962565331,0,172.63545962565331,7,old,229,2023-08-18,16,16
renewable_used_MWh,16,6581.3199999999997,259.13,-880.46000000000004,-0.0049286785125080713,-880.46492867851248,7,old,316,2023-11-13,22,21.999980979900002
renewable_used_MWh,17,2077.0240997229685,2077.0240997229685,0,0,0,7,old,13,2023-01-14,1,1
renewable_used_MWh,18,2714.9345454293148,978.19113552629835,219.63886114958041,2.9322278670929129e-10,219.63886114987372,7,old,43,2023-02-13,3,3.0000000000002998
renewable_used_MWh,19,1976.6326315789474,1078.7042105263158,180.7757894736842,0,180.7757894736842,7,old,31,2023-02-01,2,2
renewable_used_MWh,20,13552.917488925787,698.09554016618949,408.99331439800335,0,408.99331439800335,7,old,290,2023-10-18,20,20
renewable_used_MWh,21,4782.1076683311385,331.74000000000001,-801.22766833113837,1.5969721545161521e-10,-801.22766833097876,7,old,47,2023-02-17,12,12.000000000000481
renewable_used_MWh,22,3915.5906052631553,1473.7384999999977,505.62489473683763,4421.1783428006711,4926.8032375375087,7,old,12,2023-01-13,3,5.9999747871149989
renewable_used_MWh,23,3749.5799999999999,1278.49,85.890000000000327,3.8267267576941322e-10,85.89000000038277,7,old,125,2023-05-06,3,3.0000000000002993
renewable_used_MWh,24,4662.4849708390411,739.48210526313892,-225.59233926020715,-8.8798284842163242e-10,-225.59233926109573,7,old,94,2023-04-05,6,5.9999999999987992
renewable_used_MWh,25,1587.7129374999906,1587.7129374999906,0,0,0,7,old,91,2023-04-02,1,1
renewable_used_MWh,26,15336.310841508441,452.48402499999236,-1761.7900915086702,-102.82896166464148,-1864.6190531733118,7,old,355,2023-12-22,30,29.772745652921905
renewable_used_MWh,27,910.71499999999969,910.71499999999969,0,0,0,7,old,343,2023-12-10,1,1
renewable_used_MWh,28,4894.9048753462466,579.50999999999999,-258.8248753462467,-5.1470827600041957e-13,-258.82487534624761,7,old,75,2023-03-17,8,7.9999999999999991
renewable_used_MWh,29,1206.0699999999999,473.09999999999997,-259.87,0,-259.87,7,old,48,2023-02-18,2,2
renewable_used_MWh,30,935.15210526313263,935.15210526313263,0,0,0,7,old,70,2023-03-12,1,1
renewable_used_MWh,31,771.48343490303159,771.48343490303159,0,0,0,7,old,123,2023-05-04,1,1
renewable_used_MWh,32,1284.1840997229683,1284.1840997229683,0,0,0,7,old,348,2023-12-15,1,1
renewable_used_MWh,33,4184.2963988918737,1029.1540997229683,-67.680000000000291,0,-67.680000000000291,7,old,177,2023-06-27,4,4
renewable_used_MWh,34,1263.6799999999926,1263.6799999999926,0,0,0,7,old,74,2023-03-16,1,1
renewable_used_MWh,35,2549.1256355262931,1421.8842105262979,294.64278552630276,-3.1572171777545186e-13,294.6427855263023,7,old,73,2023-03-15,2,1.9999999999999998
renewable_used_MWh,36,10007.294577018622,423.01451052630972,-700.97534543980692,-3.188978578382352e-05,-700.97537732959427,7,old,363,2023-12-30,22,21.999999924613022
renewable_used_MWh,37,2887.2562744459033,716.40409972296834,-21.639875554029913,0,-21.639875554029913,7,old,179,2023-06-29,4,4
renewable_used_MWh,38,2063.9299999999998,983.48000000000002,-96.9699999999998,0,-96.9699999999998,7,old,93,2023-04-04,2,2
renewable_used_MWh,39,12715.702552729896,654.55109016618565,375.31925059381683,0,375.31925059381683,7,old,222,2023-08-11,20,20
renewable_used_MWh,40,1221.6599999999999,1221.6599999999999,0,0,0,7,old,291,2023-10-19,1,1
renewable_used_MWh,41,1466.1862049861263,1466.1862049861263,0,0,0,7,old,186,2023-07-06,1,1
renewable_used_MWh,42,1763.7801052631337,1763.7801052631337,0,0,0,7,old,122,2023-05-03,1,1
renewable_used_MWh,43,15007.990480539727,679.2720749999794,-743.27690554016044,-513.5788634613383,-1256.8557690014986,7,old,164,2023-06-14,21,20.243927606679026
renewable_used_MWh,44,3217.79,165.25999999999999,-904.15000000000009,4.6089034810847806e-11,-904.14999999995416,7,old,79,2023-03-21,14,14.000000000000279
renewable_used_MWh,45,1151.9099999999999,1151.9099999999999,0,0,0,7,old,152,2023-06-02,1,1
renewable_used_MWh,46,1389.1063157894737,1389.1063157894737,0,0,0,7,old,69,2023-03-11,1,1
renewable_used_MWh,47,3525.5148211218147,930.41501578946065,196.14524203602787,0,196.14524203602787,7,old,189,2023-07-09,4,4
curtailment_MWh,0,1128.5067635484149,69.983750000008797,201.18448645175226,-4.0029788372924514e-11,201.18448645171225,7,old,211,2023-07-31,19,18.999999999999428
curtailment_MWh,1,1002.758351281225,293.32411447369702,463.8622210872602,0,463.8622210872602,7,old,354,2023-12-21,5,5
curtailment_MWh,2,5080.0572401664631,367.7985500000226,-298.67609016616916,-1.9077570918569826e-10,-298.67609016636015,7,old,109,2023-04-20,13,12.999999999999481
curtailment_MWh,3,0,0,0,-0,0,7,old,112,2023-04-23,13,12.999999999999483
curtailment_MWh,4,274.02502500001691,274.02502500001691,0,-3.0422889207850291e-14,-5.6843418860808015e-14,7,old,92,2023-04-03,1,0.99999999999999989
curtailment_MWh,5,119.33512465375267,119.33512465375267,119.33512465375267,-5.2995441214843751e-14,119.33512465375262,7,old,121,2023-05-02,2,1.9999999999999996
curtailment_MWh,6,4241.2847008311373,863.20762500002411,74.753424168983656,4316.038125000121,4390.7915491691047,7,old,190,2023-07-10,5,10
curtailment_MWh,7,1060.9840666864932,68.762625000009308,176.74318331367431,-9.918333088167152e-11,176.74318331357517,7,old,281,2023-10-09,18,17.999999999998558
curtailment_MWh,8,41.350650000002858,0,-41.350650000002858,0,-41.350650000002858,7,old,308,2023-11-05,2,2
curtailment_MWh,9,1364.2918005540632,618.80590027703147,-126.68000000000029,-1.3740251165229177e-13,-126.68000000000052,7,old,187,2023-07-07,2,1.9999999999999998
curtailment_MWh,10,2863.3322597993151,243.31945983380521,-673.45712129506819,699.14405682089182,25.686935525823628,7,old,50,2023-02-20,9,11.873358576820896
curtailment_MWh,11,6043.0640705479218,172.14445983381057,-878.73027553360498,-1702.5065607788754,-2581.2368363124801,7,old,45,2023-02-15,30,20.110012471952412
curtailment_MWh,12,274.10578947369686,274.10578947369686,0,-3.0431855865675412e-14,-5.6843418860808015e-14,7,old,332,2023-11-29,1,0.99999999999999989
curtailment_MWh,13,0,0,0,-0,0,7,old,140,2023-05-21,1,0.99999999999999989
curtailment_MWh,14,416.82968777703644,5.7035269736797174,-348.38736409287981,2.7456362692163401e-12,-348.38736409287708,7,old,352,2023-12-19,12,12.000000000000481
curtailment_MWh,15,4201.0668169667078,238.69445983381593,-381.95545962565302,0,-381.95545962565302,7,old,229,2023-08-18,16,16
curtailment_MWh,16,0,0,0,-0,0,7,old,316,2023-11-13,22,21.999980979900002
curtailment_MWh,17,354.20590027703156,354.20590027703156,0,0,0,7,old,13,2023-01-14,1,1
curtailment_MWh,18,424.18545457068512,113.41886447370167,-83.928861149580086,3.399846338669682e-11,-83.928861149546094,7,old,43,2023-02-13,3,3.0000000000002998
curtailment_MWh,19,37.967368421052697,21.06578947368423,4.1642105263157632,0,4.1642105263157632,7,old,31,2023-02-01,2,2
curtailment_MWh,20,4045.0125110742138,211.90445983381051,193.07668560199636,0,193.07668560199636,7,old,290,2023-10-18,20,20
curtailment_MWh,21,75.712331668861665,0,-75.712331668861665,0,-75.712331668861665,7,old,47,2023-02-17,12,12.000000000000481
curtailment_MWh,22,47.999394736844565,47.031500000002438,93.09510526316275,141.09331420020638,234.18841946336914,7,old,12,2023-01-13,3,5.9999747871149989
curtailment_MWh,23,0,0,0,0,0,7,old,125,2023-05-06,3,3.0000000000002993
curtailment_MWh,24,2741.4650291609596,424.79789473686105,-192.67766073979328,-5.1010462847876799e-10,-192.67766074030351,7,old,94,2023-04-05,6,5.9999999999987992
curtailment_MWh,25,531.21706250000943,531.21706250000943,0,0,0,7,old,91,2023-04-02,1,1
curtailment_MWh,26,2710.0591584915592,73.235975000007642,-512.97990849132975,-16.643193681254392,-529.62310217258437,7,old,355,2023-12-22,30,29.772745652921905
curtailment_MWh,27,29.145000000000366,29.145000000000366,0,0,0,7,old,343,2023-12-10,1,1
curtailment_MWh,28,68.155124653752708,0,-68.155124653752708,-0,-68.155124653752708,7,old,75,2023-03-17,8,7.9999999999999991
curtailment_MWh,29,0,0,0,0,0,7,old,48,2023-02-18,2,2
curtailment_MWh,30,1008.4478947368674,1008.4478947368674,0,0,0,7,old,70,2023-03-12,1,1
curtailment_MWh,31,415.70656509696846,415.70656509696846,0,0,0,7,old,123,2023-05-04,1,1
curtailment_MWh,32,339.86590027703159,339.86590027703159,0,0,0,7,old,348,2023-12-15,1,1
curtailment_MWh,33,2302.3236011081262,663.84590027703166,353.0600000000004,0,353.0600000000004,7,old,177,2023-06-27,4,4
curtailment_MWh,34,151.81000000000734,151.81000000000734,0,0,0,7,old,74,2023-03-16,1,1
curtailment_MWh,35,459.47436447370717,270.03578947370215,80.597214473697136,-5.9959990189307122e-14,80.597214473697022,7,old,73,2023-03-15,2,1.9999999999999998
curtailment_MWh,36,492.23542298137812,30.785489473690291,185.04534543980827,-2.3208250311429378e-06,185.04534311898323,7,old,363,2023-12-30,22,21.999999924613022
curtailment_MWh,37,1301.9837255540965,386.33590027703156,243.35987555402971,0,243.35987555402971,7,old,179,2023-06-29,4,4
curtailment_MWh,38,0,0,0,0,0,7,old,93,2023-04-04,2,2
curtailment_MWh,39,6733.9374472701047,332.39890983381429,-85.959250593818979,0,-85.959250593818979,7,old,222,2023-08-11,20,20
curtailment_MWh,40,0,0,0,0,0,7,old,291,2023-10-19,1,1
curtailment_MWh,41,825.84379501387366,825.84379501387366,0,0,0,7,old,186,2023-07-06,1,1
curtailment_MWh,42,510.63989473686627,510.63989473686627,0,0,0,7,old,122,2023-05-03,1,1
curtailment_MWh,43,7006.7695194602729,321.01792500002057,-265.39309445984145,-242.71279085369838,-508.10588531353915,7,old,164,2023-06-14,21,20.243927606679026
curtailment_MWh,44,0,0,0,0,0,7,old,79,2023-03-21,14,14.000000000000279
curtailment_MWh,45,0,0,0,0,0,7,old,152,2023-06-02,1,1
curtailment_MWh,46,36.813684210526361,36.813684210526361,0,0,0,7,old,69,2023-03-11,1,1
curtailment_MWh,47,1467.5351788781854,309.29498421053933,-230.35524203602813,0,-230.35524203602813,7,old,189,2023-07-09,4,4
total_load_MWh,0,56140.800000000003,2924,-584.80000000000291,-1.672489702286839e-09,-584.80000000167638,7,old,211,2023-07-31,19,18.999999999999428
total_load_MWh,1,14327.6,2777.8000000000002,-438.60000000000036,0,-438.60000000000036,7,old,354,2023-12-21,5,5
total_load_MWh,2,38304.400000000001,2924,-292.40000000000146,-1.516667680334649e-09,-292.40000000151485,7,old,109,2023-04-20,13,12.999999999999481
total_load_MWh,3,37719.599999999999,2924,292.40000000000146,-1.5114736129362427e-09,292.39999999848806,7,old,112,2023-04-23,13,12.999999999999483
total_load_MWh,4,3070.1999999999998,3070.1999999999998,0,-3.4086067302041554e-13,-4.5474735088646412e-13,7,old,92,2023-04-03,1,0.99999999999999989
total_load_MWh,5,5848,2924,0,-1.2985168496015831e-12,-9.0949470177292824e-13,7,old,121,2023-05-02,2,1.9999999999999996
total_load_MWh,6,14327.6,2924,292.39999999999964,14620,14912.4,7,old,190,2023-07-10,5,10
total_load_MWh,7,55263.599999999999,3070.1999999999998,0,-4.4284618638812388e-09,-4.4310581870377064e-09,7,old,281,2023-10-09,18,17.999999999998558
total_load_MWh,8,5848,3070.1999999999998,292.39999999999964,0,292.39999999999964,7,old,308,2023-11-05,2,2
total_load_MWh,9,5994.1999999999998,2924,-146.19999999999982,-6.4925842480079154e-13,-146.20000000000073,7,old,187,2023-07-07,2,1.9999999999999998
total_load_MWh,10,26608.400000000001,3070.1999999999998,1023.3999999999978,8821.7855025555164,9845.1855025555124,7,old,50,2023-02-20,9,11.873358576820896
total_load_MWh,11,84503.600000000006,2777.8000000000002,-1169.6000000000058,-27472.407355410589,-28642.007355410591,7,old,45,2023-02-15,30,20.110012471952412
total_load_MWh,12,3070.1999999999998,3070.1999999999998,0,-3.4086067302041554e-13,-4.5474735088646412e-13,7,old,332,2023-11-29,1,0.99999999999999989
total_load_MWh,13,3070.1999999999998,3070.1999999999998,0,-3.4086067302041554e-13,-4.5474735088646412e-13,7,old,140,2023-05-21,1,0.99999999999999989
total_load_MWh,14,35526.599999999999,2924,-438.59999999999854,1.4075922649681161e-09,-438.59999999859428,7,old,352,2023-12-19,12,12.000000000000481
total_load_MWh,15,47661.199999999997,2924,-877.19999999999709,0,-877.19999999999709,7,old,229,2023-08-18,16,16
total_load_MWh,16,64181.800000000003,2924,146.19999999999709,-0.055614772394449119,146.14438522760611,7,old,316,2023-11-13,22,21.999980979900002
total_load_MWh,17,2924,2924,0,0,0,7,old,13,2023-01-14,1,1
total_load_MWh,18,9064.3999999999996,2924,-292.39999999999964,8.7649887348106859e-10,-292.39999999912288,7,old,43,2023-02-13,3,3.0000000000002998
total_load_MWh,19,5701.8000000000002,2924,146.19999999999982,0,146.19999999999982,7,old,31,2023-02-01,2,2
total_load_MWh,20,60526.799999999996,3070.1999999999998,877.20000000000437,0,877.20000000000437,7,old,290,2023-10-18,20,20
total_load_MWh,21,36842.399999999994,3070.1999999999998,0,1.4779718782165218e-09,1.4842953532934189e-09,7,old,47,2023-02-17,12,12.000000000000481
total_load_MWh,22,8625.7999999999993,2777.8000000000002,-292.39999999999782,8333.3299636480442,8040.9299636480464,7,old,12,2023-01-13,3,5.9999747871149989
total_load_MWh,23,9064.3999999999996,3070.1999999999998,146.19999999999891,9.1896037446304027e-10,146.20000000091932,7,old,125,2023-05-06,3,3.0000000000002993
total_load_MWh,24,17397.799999999999,2924,146.20000000000073,-3.5111895613226807e-09,146.19999999649008,7,old,94,2023-04-05,6,5.9999999999987992
total_load_MWh,25,2924,2924,0,0,0,7,old,91,2023-04-02,1,1
total_load_MWh,26,85819.400000000009,2924,1900.5999999999913,-664.4917108563485,1236.1082891436381,7,old,355,2023-12-22,30,29.772745652921905
total_load_MWh,27,2924,2924,0,0,0,7,old,343,2023-12-10,1,1
total_load_MWh,28,22661,2777.8000000000002,-438.59999999999854,-2.467182014243008e-12,-438.60000000000218,7,old,75,2023-03-17,8,7.9999999999999991
total_load_MWh,29,5555.6000000000004,2777.8000000000002,0,0,0,7,old,48,2023-02-18,2,2
total_load_MWh,30,2924,2924,0,0,0,7,old,70,2023-03-12,1,1
total_load_MWh,31,2777.8000000000002,2777.8000000000002,0,0,0,7,old,123,2023-05-04,1,1
total_load_MWh,32,2777.8000000000002,2777.8000000000002,0,0,0,7,old,348,2023-12-15,1,1
total_load_MWh,33,11403.6,2777.8000000000002,-292.39999999999964,0,-292.39999999999964,7,old,177,2023-06-27,4,4
total_load_MWh,34,3070.1999999999998,3070.1999999999998,0,0,0,7,old,74,2023-03-16,1,1
total_load_MWh,35,5848,2924,0,-6.4925842480079154e-13,-9.0949470177292824e-13,7,old,73,2023-03-15,2,1.9999999999999998
total_load_MWh,36,61988.800000000003,2777.8000000000002,-877.19999999999709,-0.00020940994870386476,-877.20020940994436,7,old,363,2023-12-30,22,21.999999924613022
total_load_MWh,37,12134.599999999999,3070.1999999999998,146.20000000000073,0,146.20000000000073,7,old,179,2023-06-29,4,4
total_load_MWh,38,5555.6000000000004,2777.8000000000002,0,0,0,7,old,93,2023-04-04,2,2
total_load_MWh,39,55702.200000000004,2777.8000000000002,-146.20000000000437,0,-146.20000000000437,7,old,222,2023-08-11,20,20
total_load_MWh,40,2777.8000000000002,2777.8000000000002,0,0,0,7,old,291,2023-10-19,1,1
total_load_MWh,41,2777.8000000000002,2777.8000000000002,0,0,0,7,old,186,2023-07-06,1,1
total_load_MWh,42,3070.1999999999998,3070.1999999999998,0,0,0,7,old,122,2023-05-03,1,1
total_load_MWh,43,63743.199999999997,3070.1999999999998,731,-2321.2934619740531,-1590.2934619740554,7,old,164,2023-06-14,21,20.243927606679026
total_load_MWh,44,41813.199999999997,2924,-877.19999999999709,8.1546858154979418e-10,-877.19999999918218,7,old,79,2023-03-21,14,14.000000000000279
total_load_MWh,45,3070.1999999999998,3070.1999999999998,0,0,0,7,old,152,2023-06-02,1,1
total_load_MWh,46,2777.8000000000002,2777.8000000000002,0,0,0,7,old,69,2023-03-11,1,1
total_load_MWh,47,11403.6,2777.8000000000002,-292.39999999999964,0,-292.39999999999964,7,old,189,2023-07-09,4,4
thermal_generation_MWh,0,41018.062003216757,2118.8921052631526,-759.11200321685465,-1.2119785315695978e-09,-759.11200321806973,7,old,211,2023-07-31,19,18.999999999999428
thermal_generation_MWh,1,9830.3932548475932,1951.7457894736726,-71.664307479230047,0,-71.664307479230047,7,old,354,2023-12-21,5,5
thermal_generation_MWh,2,26483.017781059487,2055.1121052631579,233.43958736156492,-1.0659788336241897e-09,233.43958736049899,7,old,109,2023-04-20,13,12.999999999999481
thermal_generation_MWh,3,30888.490914127389,2438.9638227146738,818.03878116337,-1.2607487896509364e-09,818.03878116211126,7,old,112,2023-04-23,13,12.999999999999483
thermal_generation_MWh,4,1539.6093429697648,1539.6093429697648,0,-1.7093097414930423e-13,-2.2737367544323206e-13,7,old,92,2023-04-03,1,0.99999999999999989
thermal_generation_MWh,5,3497.2942105263101,1621.9699999999946,-253.35421052632091,-7.2029937570050365e-13,-253.35421052632182,7,old,121,2023-05-02,2,1.9999999999999996
thermal_generation_MWh,6,8923.0360497156653,1743.3911743694387,-206.08017786847267,8716.9558718471926,8510.8756939787199,7,old,190,2023-07-10,5,10
thermal_generation_MWh,7,40987.797485308372,2265.2621052631525,-213.07959057162952,-3.2674180329793499e-09,-213.07959057489643,7,old,281,2023-10-09,18,17.999999999998558
thermal_generation_MWh,8,3812.6654302631418,2083.1154302631526,353.56543026316331,0,353.56543026316331,7,old,308,2023-11-05,2,2
thermal_generation_MWh,9,3821.0938504154992,1907.6985041551213,-5.6968421052565645,-4.2359416067119711e-13,-5.6968421052570193,7,old,187,2023-07-07,2,1.9999999999999998
thermal_generation_MWh,10,16901.559335179933,2038.8513157894522,1448.1025069251373,5858.3509150861928,7306.453422011331,7,old,50,2023-02-20,9,11.873358576820896
thermal_generation_MWh,11,64139.930491042018,2169.4121052631526,942.43266685256094,-21455.458664248039,-20513.025997395482,7,old,45,2023-02-15,30,20.110012471952412
thermal_generation_MWh,12,1617.6521052631524,1617.6521052631524,0,-1.7959546130965092e-13,-2.2737367544323206e-13,7,old,332,2023-11-29,1,0.99999999999999989
thermal_generation_MWh,13,1572.2011357340693,1572.2011357340693,0,-1.7454939002337847e-13,-2.2737367544323206e-13,7,old,140,2023-05-21,1,0.99999999999999989
thermal_generation_MWh,14,25176.852816124163,2198.5913157894524,1206.2429733492681,1.0583858173499678e-09,1206.2429733503232,7,old,352,2023-12-19,12,12.000000000000481
thermal_generation_MWh,15,34248.327634210487,2104.4021052631579,-577.89394999996148,0,-577.89394999996148,7,old,229,2023-08-18,16,16
thermal_generation_MWh,16,53078.35263157895,2413.484210526316,18.30000000000291,-0.045904711028049862,18.254095288975805,7,old,316,2023-11-13,22,21.999980979900002
thermal_generation_MWh,17,856.08669999999142,856.08669999999142,0,0,0,7,old,13,2023-01-14,1,1
thermal_generation_MWh,18,6065.5060691676699,1938.4200026856754,-250.2460611106435,5.810611999614105e-10,-250.24606111006233,7,old,43,2023-02-13,3,3.0000000000002998
thermal_generation_MWh,19,3645.2920291859518,1825.1399239228101,4.9878186596683918,0,4.9878186596683918,7,old,31,2023-02-01,2,2
thermal_generation_MWh,20,43592.101012118954,2212.3521052631527,654.94109314410161,0,654.94109314410161,7,old,290,2023-10-18,20,20
thermal_generation_MWh,21,28521.180520782895,2400.8342105263159,288.83000553289457,1.1557440712064555e-09,288.83000553405145,7,old,47,2023-02-17,12,12.000000000000481
thermal_generation_MWh,22,4715.5769749999845,1306.4599999999946,-796.19697500000075,3919.3470603742453,3123.1500853742446,7,old,12,2023-01-13,3,5.9999747871149989
thermal_generation_MWh,23,5318.1820978341657,1792.0543152454768,57.980847902264941,5.3639075779952144e-10,57.980847902801543,7,old,125,2023-05-06,3,3.0000000000002993
thermal_generation_MWh,24,12203.828369736812,2119.6176454293582,513.87750283933747,-2.5452733757274012e-09,513.8775028367927,7,old,94,2023-04-05,6,5.9999999999987992
thermal_generation_MWh,25,1343.9571052631418,1343.9571052631418,0,0,0,7,old,91,2023-04-02,1,1
thermal_generation_MWh,26,66441.500356741191,2267.2321052631523,1575.4628011533787,-515.23835175607144,1060.2244493973121,7,old,355,2023-12-22,30,29.772745652921905
thermal_generation_MWh,27,2009.9979701523453,2009.9979701523453,0,0,0,7,old,343,2023-12-10,1,1
thermal_generation_MWh,28,17374.179058171725,2142.6217728531856,-233.20487534624044,-1.9030304202278231e-12,-233.20487534624408,7,old,75,2023-03-17,8,7.9999999999999991
thermal_generation_MWh,29,4354.081585526309,2307.3942105263159,260.70683552632272,0,260.70683552632272,7,old,48,2023-02-18,2,2
thermal_generation_MWh,30,1882.0227700831003,1882.0227700831003,0,0,0,7,old,70,2023-03-12,1,1
thermal_generation_MWh,31,1953.1295567867016,1953.1295567867016,0,0,0,7,old,123,2023-05-04,1,1
thermal_generation_MWh,32,1502.9074882271368,1502.9074882271368,0,0,0,7,old,348,2023-12-15,1,1
thermal_generation_MWh,33,7181.7594459833454,1757.9907756232583,-149.79634349031221,0,-149.79634349031221,7,old,177,2023-06-27,4,4
thermal_generation_MWh,34,1811.3069529085781,1811.3069529085781,0,0,0,7,old,74,2023-03-16,1,1
thermal_generation_MWh,35,3316.4879501384685,1509.2999999999945,-297.88795013847948,-3.3513192221334853e-13,-297.88795013847994,7,old,73,2023-03-15,2,1.9999999999999998
thermal_generation_MWh,36,49310.188527100843,2235.6721052631528,-125.40221131148428,-0.0001685405647929362,-125.40237985204294,7,old,363,2023-12-30,22,21.999999924613022
thermal_generation_MWh,37,8516.9084210526307,2123.9821052631578,-20.979999999999563,0,-20.979999999999563,7,old,179,2023-06-29,4,4
thermal_generation_MWh,38,3492.6996333114284,1794.8406833114304,96.981733311432436,0,96.981733311432436,7,old,93,2023-04-04,2,2
thermal_generation_MWh,39,41320.893320221476,2041.5754552631531,-489.38421495841612,0,-489.38421495841612,7,old,222,2023-08-11,20,20
thermal_generation_MWh,40,1555.4181302631528,1555.4181302631528,0,0,0,7,old,291,2023-10-19,1,1
thermal_generation_MWh,41,1321.3799999999894,1321.3799999999894,0,0,0,7,old,186,2023-07-06,1,1
thermal_generation_MWh,42,1317.4278499999882,1317.4278499999882,0,0,0,7,old,122,2023-05-03,1,1
thermal_generation_MWh,43,44037.632105263147,2117.9621052631578,439.57210526317067,-1601.3326778894436,-1161.7605726262773,7,old,164,2023-06-14,21,20.243927606679026
thermal_generation_MWh,44,35169.878947368423,2523.8442105263157,163.93999999999505,7.0386992421701601e-10,163.94000000070082,7,old,79,2023-03-21,14,14.000000000000279
thermal_generation_MWh,45,1922.6428645429207,1922.6428645429207,0,0,0,7,old,152,2023-06-02,1,1
thermal_generation_MWh,46,1395.6601874999769,1395.6601874999769,0,0,0,7,old,69,2023-03-11,1,1
thermal_generation_MWh,47,7852.0852216066078,1842.4267867035931,-482.37807479223557,0,-482.37807479223557,7,old,189,2023-07-09,4,4
unserved_MWh,0,3489.3508999997871,168.69949999998929,-284.06039999999075,-9.6493904422339498e-11,-284.06040000008716,7,old,211,2023-07-31,19,18.999999999999428
unserved_MWh,1,447.60999999994692,65.019999999989366,-122.5100000000001,0,-122.5100000000001,7,old,354,2023-12-21,5,5
unserved_MWh,2,1123.6705499998493,118.44827499998803,416.15702499999497,-6.1438669796126014e-11,416.15702499993358,7,old,109,2023-04-20,13,12.999999999999481
unserved_MWh,3,1025.929399999827,76.319999999989392,-33.76939999996489,-3.9451322209055409e-11,-33.769400000004339,7,old,112,2023-04-23,13,12.999999999999483
unserved_MWh,4,0,0,0,-0,0,7,old,92,2023-04-03,1,0.99999999999999989
unserved_MWh,5,0.84999999998937403,0,-0.84999999998937403,-0,-0.84999999998937403,7,old,121,2023-05-02,2,1.9999999999999996
unserved_MWh,6,154.08999999995751,0.559999999989368,-151.29000000001068,2.7999999999468401,-148.49000000006384,7,old,190,2023-07-10,5,10
unserved_MWh,7,5345.8309999998037,301.48999999998927,80.989000000003216,-4.3486970469073909e-10,80.988999999568478,7,old,281,2023-10-09,18,17.999999999998558
unserved_MWh,8,135.91999999998939,135.91999999998939,135.91999999998939,0,135.91999999998939,7,old,308,2023-11-05,2,2
unserved_MWh,9,138.96999999997874,61.119999999989389,-16.729999999999961,-1.3571366253015557e-14,-16.729999999999976,7,old,187,2023-07-07,2,1.9999999999999998
unserved_MWh,10,96.599999999946817,25.839999999989359,135.9599999999574,74.247585625021387,210.20758562497883,7,old,50,2023-02-20,9,11.873358576820896
unserved_MWh,11,3854.2395249996548,138.10187499998898,288.81672500001469,-1365.825821349878,-1077.0090963498633,7,old,45,2023-02-15,30,20.110012471952412
unserved_MWh,12,1.1799999999893585,1.1799999999893585,0,-1.3100631690458702e-16,-2.2204460492503131e-16,7,old,332,2023-11-29,1,0.99999999999999989
unserved_MWh,13,0,0,0,-0,0,7,old,140,2023-05-21,1,0.99999999999999989
unserved_MWh,14,940.68999999987238,57.579999999989397,-249.72999999999968,2.7718591866227496e-11,-249.72999999997194,7,old,352,2023-12-19,12,12.000000000000481
unserved_MWh,15,3473.7774999998228,187.26999999998935,-477.45749999999316,0,-477.45749999999316,7,old,229,2023-08-18,16,16
unserved_MWh,16,4597.3313249997564,254.66999999998936,1005.4086750000097,-0.0048438488665163357,1005.4038311511431,7,old,316,2023-11-13,22,21.999980979900002
unserved_MWh,17,0,0,0,0,0,7,old,13,2023-01-14,1,1
unserved_MWh,18,308.37999999996805,16.229999999989364,-259.68999999999994,4.8651083162067101e-12,-259.68999999999511,7,old,43,2023-02-13,3,3.0000000000002998
unserved_MWh,19,93.20999999997872,25.279999999989371,-42.649999999999977,0,-42.649999999999977,7,old,31,2023-02-01,2,2
unserved_MWh,20,3588.6065749997497,171.29417499998189,-162.72307500011175,0,-162.72307500011175,7,old,290,2023-10-18,20,20
unserved_MWh,21,3583.3399999998715,340.90999999998928,507.57999999999993,1.641115865424984e-10,507.58000000016409,7,old,47,2023-02-17,12,12.000000000000481
unserved_MWh,22,0,0,0,0,0,7,old,12,2023-01-13,3,5.9999747871149989
unserved_MWh,23,0,0,0,0,0,7,old,125,2023-05-06,3,3.0000000000002993
unserved_MWh,24,595.56217499993602,75.399999999989376,-143.16217499999976,-9.0541618646953772e-11,-143.16217500009031,7,old,94,2023-04-05,6,5.9999999999987992
unserved_MWh,25,0,0,0,0,0,7,old,91,2023-04-02,1,1
unserved_MWh,26,4292.3412249996472,211.5799999999893,2055.0587750000313,-48.082474754780812,2006.976300245251,7,old,355,2023-12-22,30,29.772745652921905
unserved_MWh,27,9.3399999999893613,9.3399999999893613,0,0,0,7,old,343,2023-12-10,1,1
unserved_MWh,28,426.61962499991847,58.959999999989364,45.060374999996441,-5.2366999625509937e-14,45.060374999996384,7,old,75,2023-03-17,8,7.9999999999999991
unserved_MWh,29,0.58999999998935793,0.58999999998935793,0.58999999998935793,0,0.58999999998935793,7,old,48,2023-02-18,2,2
unserved_MWh,30,118.50999999998935,118.50999999998935,0,0,0,7,old,70,2023-03-12,1,1
unserved_MWh,31,61.51477499998883,61.51477499998883,0,0,0,7,old,123,2023-05-04,1,1
unserved_MWh,32,0,0,0,0,0,7,old,348,2023-12-15,1,1
unserved_MWh,33,79.419999999978771,0,-79.419999999978771,0,-79.419999999978771,7,old,177,2023-06-27,4,4
unserved_MWh,34,0,0,0,0,0,7,old,74,2023-03-16,1,1
unserved_MWh,35,0,0,0,-0,0,7,old,73,2023-03-15,2,1.9999999999999998
unserved_MWh,36,2799.0194999997393,126.02187499998897,-26.538249999981872,-9.5004083732855309e-06,-26.538259500390268,7,old,363,2023-12-30,22,21.999999924613022
unserved_MWh,37,766.93799999995701,239.5799999999893,191.38200000000018,0,191.38200000000018,7,old,179,2023-06-29,4,4
unserved_MWh,38,0,0,0,0,0,7,old,93,2023-04-04,2,2
unserved_MWh,39,1884.6459999997705,91.89999999998939,-46.645999999982678,0,-46.645999999982678,7,old,222,2023-08-11,20,20
unserved_MWh,40,5.5999999999893593,5.5999999999893593,0,0,0,7,old,291,2023-10-19,1,1
unserved_MWh,41,0,0,0,0,0,7,old,186,2023-07-06,1,1
unserved_MWh,42,0,0,0,0,0,7,old,122,2023-05-03,1,1
unserved_MWh,43,4903.05964999977,282.59999999998934,1031.5403500000057,-213.66605835249908,817.87429164750665,7,old,164,2023-06-14,21,20.243927606679026
unserved_MWh,44,3474.0947249998421,238.17999999998938,-139.57472499999085,6.6425549505308254e-11,-139.57472499992446,7,old,79,2023-03-21,14,14.000000000000279
unserved_MWh,45,0,0,0,0,0,7,old,152,2023-06-02,1,1
unserved_MWh,46,0,0,0,0,0,7,old,69,2023-03-11,1,1
unserved_MWh,47,68.069999999968076,14.649999999989365,-9.4700000000106144,0,-9.4700000000106144,7,old,189,2023-07-09,4,4
discharge_MWh,0,1158.2188825732369,70.884250000024835,188.58186742723501,-4.0544862578443026e-11,188.58186742719431,7,old,211,2023-07-31,19,18.999999999999428
discharge_MWh,1,464.90231250013136,97.948325000028774,24.839312500012511,0,24.839312500012511,7,old,354,2023-12-21,5,5
discharge_MWh,2,1319.2336875003245,98.690275000034575,-36.260112499875049,-5.1190270333752068e-11,-36.260112499926208,7,old,109,2023-04-20,13,12.999999999999481
discharge_MWh,3,574.27060000017298,50.020000000010661,75.989399999965599,-2.5856330410084466e-11,75.989399999939792,7,old,112,2023-04-23,13,12.999999999999483
discharge_MWh,4,80.015353515134478,80.015353515134478,0,-8.8834887796023752e-15,-1.4210854715202004e-14,7,old,92,2023-04-03,1,0.99999999999999989
discharge_MWh,5,80.800000000021285,50.400000000010643,20,-2.2382096176447882e-14,19.999999999999972,7,old,121,2023-05-02,2,1.9999999999999996
discharge_MWh,6,521.24094736852203,106.48157236845579,11.166914473756947,532.40786184227898,543.57477631603592,7,old,190,2023-07-10,5,10
discharge_MWh,7,1109.4216698098426,72.102625000025242,188.42558019061175,-1.0400095273869513e-10,188.42558019050784,7,old,281,2023-10-09,18,17.999999999998558
discharge_MWh,8,83.907325000029402,45.40667500001593,6.9060250000024581,0,6.9060250000024581,7,old,308,2023-11-05,2,2
discharge_MWh,9,214.49000000002127,98.790000000010664,-16.90999999999994,-2.1935786520546211e-14,-16.909999999999968,7,old,187,2023-07-07,2,1.9999999999999998
discharge_MWh,10,883.49728750021609,116.0000000000266,160.50271250002334,333.30959491130045,493.81230741132367,7,old,50,2023-02-20,9,11.873358576820896
discharge_MWh,11,2648.1288800926732,86.728125000016348,-46.285130092182953,-857.74007458111384,-904.02520467329668,7,old,45,2023-02-15,30,20.110012471952412
discharge_MWh,12,81.700000000028609,81.700000000028609,0,-9.0705221111907052e-15,-1.4210854715202004e-14,7,old,332,2023-11-29,1,0.99999999999999989
discharge_MWh,13,6.4899999999999931,6.4899999999999931,0,-7.2053474298172583e-16,-8.8817841970012523e-16,7,old,140,2023-05-21,1,0.99999999999999989
discharge_MWh,14,743.31870085566106,76.807737500022085,178.37414914460396,3.6974684403123323e-11,178.37414914464091,7,old,352,2023-12-19,12,12.000000000000481
discharge_MWh,15,1420.6582698753848,85.600000000015967,-51.058269875129326,0,-51.058269875129326,7,old,229,2023-08-18,16,16
discharge_MWh,16,696.11867500024368,30.400000000010643,-27.318675000009534,-0.0005782110399424915,-27.319253211049499,7,old,316,2023-11-13,22,21.999980979900002
discharge_MWh,17,84.333300000008521,84.333300000008521,0,0,0,7,old,13,2023-01-14,1,1
discharge_MWh,18,226.04722742388753,81.837202423851167,19.464379847665953,2.4531537528504693e-11,19.464379847690509,7,old,43,2023-02-13,3,3.0000000000002998
discharge_MWh,19,123.43109067021373,47.431090670187132,-28.568909329839471,0,-28.568909329839471,7,old,31,2023-02-01,2,2
discharge_MWh,20,1914.4577551879718,106.83582500002342,222.25874481249662,0,222.25874481249662,7,old,290,2023-10-18,20,20
discharge_MWh,21,409.39426333785678,30.400000000010639,-44.594263337729103,1.4634338185720144e-11,-44.594263337714494,7,old,47,2023-02-17,12,12.000000000000481
discharge_MWh,22,49.684525000017352,22.201500000007773,16.919975000005969,66.603940236156959,83.523915236162935,7,old,12,2023-01-13,3,5.9999747871149989
discharge_MWh,23,31.12095687533958,3.1871231696820979,-21.559587366293286,9.5395736482017215e-13,-21.559587366292334,7,old,125,2023-05-06,3,3.0000000000002993
discharge_MWh,24,593.10925956263407,97.190000000029599,-9.9692595624565001,-1.1670742594564134e-10,-9.9692595625731428,7,old,94,2023-04-05,6,5.9999999999987992
discharge_MWh,25,70.99706250002005,70.99706250002005,0,0,0,7,old,91,2023-04-02,1,1
discharge_MWh,26,2321.0673023926934,67.535975000023626,-294.98805239198464,-15.347843902912887,-310.33589629489757,7,old,355,2023-12-22,30,29.772745652921905
discharge_MWh,27,56.028775000012899,56.028775000012899,0,0,0,7,old,343,2023-12-10,1,1
discharge_MWh,28,321.23037500008684,30.470000000010632,-77.470375000001781,-2.7062796448272259e-14,-77.470375000001809,7,old,75,2023-03-17,8,7.9999999999999991
discharge_MWh,29,47.59262500001185,30.400000000010643,13.207375000009435,0,13.207375000009435,7,old,48,2023-02-18,2,2
discharge_MWh,30,108.16000000003592,108.16000000003592,0,0,0,7,old,70,2023-03-12,1,1
discharge_MWh,31,77.085225000012201,77.085225000012201,0,0,0,7,old,123,2023-05-04,1,1
discharge_MWh,32,86.006750000000849,86.006750000000849,0,0,0,7,old,348,2023-12-15,1,1
discharge_MWh,33,387.62000000002126,86.499999999999986,-41.620000000021321,0,-41.620000000021321,7,old,177,2023-06-27,4,4
discharge_MWh,34,44.310000000007314,44.310000000007314,0,0,0,7,old,74,2023-03-16,1,1
discharge_MWh,35,163.03857500004423,66.500000000023277,-30.038574999997678,-1.4765966227519751e-14,-30.038574999997707,7,old,73,2023-03-15,2,1.9999999999999998
discharge_MWh,36,1182.0676945435614,63.947825000022412,224.78445545693171,-4.8208333044057933e-06,224.78445063609843,7,old,363,2023-12-30,22,21.999999924613022
discharge_MWh,37,337.88392500007626,90.400000000010635,23.716074999966281,0,23.716074999966281,7,old,179,2023-06-29,4,4
discharge_MWh,38,9.5307083442863707,4.8196583442847238,0.10860834428307697,0,0.10860834428307697,7,old,93,2023-04-04,2,2
discharge_MWh,39,2027.5414393755484,94.661100000019161,-134.3194393751653,0,-134.3194393751653,7,old,222,2023-08-11,20,20
discharge_MWh,40,45.153975000015762,45.153975000015762,0,0,0,7,old,291,2023-10-19,1,1
discharge_MWh,41,90.400000000010635,90.400000000010635,0,0,0,7,old,186,2023-07-06,1,1
discharge_MWh,42,101.89415000003568,101.89415000003568,0,0,0,7,old,122,2023-05-03,1,1
discharge_MWh,43,1902.0278750005541,89.177925000031223,-29.291449999898305,-67.424967186171898,-96.716417186070203,7,old,164,2023-06-14,21,20.243927606679026
discharge_MWh,44,449.52527500015742,30.400000000010639,-23.925275000008469,8.478195923092482e-12,-23.925274999999999,7,old,79,2023-03-21,14,14.000000000000279
discharge_MWh,45,40.291900000001959,40.291900000001959,0,0,0,7,old,152,2023-06-02,1,1
discharge_MWh,46,64.484812500017782,64.484812500017782,0,0,0,7,old,69,2023-03-11,1,1
discharge_MWh,47,389.41757500009123,89.711300000029041,-30.572374999975068,0,-30.572374999975068,7,old,189,2023-07-09,4,4
total_cost_CNY,0,49717248.849930041,2455425.1770930979,-3064170.4851611778,-1.4044710408426964e-06,-3064170.485162586,7,old,211,2023-07-31,19,18.999999999999428
total_cost_CNY,1,8182500.071332871,1405067.6802115184,-1157161.6702752793,0,-1157161.6702752793,7,old,354,2023-12-21,5,5
total_cost_CNY,2,21692426.029041901,1990430.9473430899,4183176.2864182666,-1.0324289629867107e-06,4183176.2864172347,7,old,109,2023-04-20,13,12.999999999999481
total_cost_CNY,3,21233469.04670715,1629449.8857011292,-50620.532592471689,-8.4229497463722071e-07,-50620.532593313605,7,old,112,2023-04-23,13,12.999999999999483
total_cost_CNY,4,606580.77632567182,606580.77632567182,0,-6.7343994417176291e-11,-1.1641532182693481e-10,7,old,92,2023-04-03,1,0.99999999999999989
total_cost_CNY,5,1281452.6941170518,604172.87268184812,-73106.948753355537,-2.6830665364212441e-10,-73106.948753355769,7,old,121,2023-05-02,2,1.9999999999999996
total_cost_CNY,6,5577993.7057954678,801605.59950398607,-1569965.7082755375,4008027.9975199304,2438062.2892443929,7,old,190,2023-07-10,5,10
total_cost_CNY,7,68245352.409411147,3834327.6358430972,772545.03576460481,-5.5306409057901984e-06,772545.03575907648,7,old,281,2023-10-09,18,17.999999999998558
total_cost_CNY,8,2726966.7993441932,2100856.8150930968,1474746.8308420004,0,1474746.8308420004,7,old,308,2023-11-05,2,2
total_cost_CNY,9,3026310.8032582239,1415755.9042606922,-194798.99473683955,-3.1436096043184585e-10,-194798.99473684002,7,old,187,2023-07-07,2,1.9999999999999998
total_cost_CNY,10,7572058.3219072055,1033934.2002440627,1733349.4802893586,2970863.702139732,4704213.1824290901,7,old,50,2023-02-20,9,11.873358576820896
total_cost_CNY,11,62589835.457304746,2187721.507809855,3041809.7769909054,-21636538.427080929,-18594728.650090024,7,old,45,2023-02-15,30,20.110012471952412
total_cost_CNY,12,645728.74248783605,645728.74248783605,0,-7.1690291757224417e-11,-1.1641532182693481e-10,7,old,332,2023-11-29,1,0.99999999999999989
total_cost_CNY,13,562447.64525802364,562447.64525802364,0,-6.2444232591166009e-11,-1.1641532182693481e-10,7,old,140,2023-05-21,1,0.99999999999999989
total_cost_CNY,14,18454945.783219337,1359328.0910470379,-2143008.6906548832,6.5437062466199912e-07,-2143008.6906542294,7,old,352,2023-12-19,12,12.000000000000481
total_cost_CNY,15,47772907.18208158,2669947.9765598616,-5053739.5571237952,0,-5053739.5571237952,7,old,229,2023-08-18,16,16
total_cost_CNY,16,64824169.508324385,3403835.8214352033,10060218.563250095,-64.74129770081791,10060153.821952388,7,old,316,2023-11-13,22,21.999980979900002
total_cost_CNY,17,383427.20580650278,383427.20580650278,0,0,0,7,old,13,2023-01-14,1,1
total_cost_CNY,18,5330161.7306500394,876361.49360995833,-2701077.2498201644,2.6269831118718031e-07,-2701077.2498199018,7,old,43,2023-02-13,3,3.0000000000002998
total_cost_CNY,19,2241004.6903079823,908398.78992541542,-424207.11045715143,0,-424207.11045715143,7,old,31,2023-02-01,2,2
total_cost_CNY,20,52213695.139027841,2542826.5848097838,-1357163.4428321645,0,-1357163.4428321645,7,old,290,2023-10-18,20,20
total_cost_CNY,21,45980397.764253072,4261808.3214352028,5161302.0929693654,2.0516034295584616e-06,5161302.0929714143,7,old,47,2023-02-17,12,12.000000000000481
total_cost_CNY,22,1696885.7087006622,479001.66275109811,-259880.72044736799,1436992.9112394559,1177112.1907920882,7,old,12,2023-01-13,3,5.9999747871149989
total_cost_CNY,23,1898011.9870640095,639363.22931871307,20077.70089212968,1.9137172582653354e-07,20077.700892321067,7,old,125,2023-05-06,3,3.0000000000002993
total_cost_CNY,24,10853859.864341659,1593910.002598641,-1290399.8487498146,-1.913994583725087e-06,-1290399.8487517275,7,old,94,2023-04-05,6,5.9999999999987992
total_cost_CNY,25,589450.71771820111,589450.71771820111,0,0,0,7,old,91,2023-04-02,1,1
total_cost_CNY,26,67106530.312111109,2936766.1393430973,20996453.86818181,-667392.87151747209,20329060.996664345,7,old,355,2023-12-22,30,29.772745652921905
total_cost_CNY,27,815400.92505431408,815400.92505431408,0,0,0,7,old,343,2023-12-10,1,1
total_cost_CNY,28,10460901.031048834,1351934.668249608,354576.31494802982,-1.2007591971837499e-09,354576.31494802795,7,old,75,2023-03-17,8,7.9999999999999991
total_cost_CNY,29,1554529.1766863009,825904.32143520366,97279.466184106423,0,97279.466184106423,7,old,48,2023-02-18,2,2
total_cost_CNY,30,2058691.4962274518,2058691.4962274518,0,0,0,7,old,70,2023-03-12,1,1
total_cost_CNY,31,1394767.6078957273,1394767.6078957273,0,0,0,7,old,123,2023-05-04,1,1
total_cost_CNY,32,606963.21618600353,606963.21618600353,0,0,0,7,old,348,2023-12-15,1,1
total_cost_CNY,33,3820606.1173199816,761043.2992746461,-776432.92022139719,0,-776432.92022139719,7,old,177,2023-06-27,4,4
total_cost_CNY,34,676874.88126910327,676874.88126910327,0,0,0,7,old,74,2023-03-16,1,1
total_cost_CNY,35,1278520.7366954046,595039.5056458381,-88441.725403728429,-1.3212531194591606e-10,-88441.725403728662,7,old,73,2023-03-15,2,1.9999999999999998
total_cost_CNY,36,45625500.396548584,2061612.9107378309,-270016.36031630635,-0.15541876804839602,-270016.51573507488,7,old,363,2023-12-30,22,21.999999924613022
total_cost_CNY,37,10962522.92273321,3229477.2646485041,1955386.1358608063,0,1955386.1358608063,7,old,179,2023-06-29,4,4
total_cost_CNY,38,1246764.8742446417,640354.78349354293,33944.692742444109,0,33944.692742444109,7,old,93,2023-04-04,2,2
total_cost_CNY,39,34918082.520944983,1713090.1500598602,-656279.51974777877,0,-656279.51974777877,7,old,222,2023-08-11,20,20
total_cost_CNY,40,612960.23309309664,612960.23309309664,0,0,0,7,old,291,2023-10-19,1,1
total_cost_CNY,41,640668.1067538705,640668.1067538705,0,0,0,7,old,186,2023-07-06,1,1
total_cost_CNY,42,576359.01569846889,576359.01569846889,0,0,0,7,old,122,2023-05-03,1,1
total_cost_CNY,43,66118501.222254947,3644494.4488431024,10415882.203450203,-2755501.640381807,7660380.5630683899,7,old,164,2023-06-14,21,20.243927606679026
total_cost_CNY,44,47224473.002842762,3277561.8214352038,-1338607.5027499124,9.1407273921597992e-07,-1338607.502748996,7,old,79,2023-03-21,14,14.000000000000279
total_cost_CNY,45,685440.26934112166,685440.26934112166,0,0,0,7,old,152,2023-06-02,1,1
total_cost_CNY,46,508600.99834319676,508600.99834319676,0,0,0,7,old,69,2023-03-11,1,1
total_cost_CNY,47,3774780.4300920293,866217.83293935889,-309909.0983345937,0,-309909.0983345937,7,old,189,2023-07-09,4,4
thermal_cost_CNY,0,14356321.701125864,741612.23684210342,-265689.20112589933,-4.2419248604935921e-07,-265689.20112632401,7,old,211,2023-07-31,19,18.999999999999428
thermal_cost_CNY,1,3440637.639196658,683111.02631578548,-25082.507617730647,0,-25082.507617730647,7,old,354,2023-12-21,5,5
thermal_cost_CNY,2,9269056.2233708203,719289.23684210528,81703.855576548725,-3.730925917684664e-07,81703.855576176196,7,old,109,2023-04-20,13,12.999999999999481
thermal_cost_CNY,3,10810971.819944587,853637.33795013581,286313.57340717874,-4.4126207637782771e-07,286313.5734067373,7,old,112,2023-04-23,13,12.999999999999483
thermal_cost_CNY,4,538863.27003941766,538863.27003941766,0,-5.9825840952256478e-11,-1.1641532182693481e-10,7,old,92,2023-04-03,1,0.99999999999999989
thermal_cost_CNY,5,1224052.9736842085,567689.49999999814,-88673.973684212193,-2.5210478149517629e-10,-88673.973684212426,7,old,121,2023-05-02,2,1.9999999999999996
thermal_cost_CNY,6,3123062.6174004828,610186.91102930356,-72128.062253965065,3050934.5551465177,2978806.4928925526,7,old,190,2023-07-10,5,10
thermal_cost_CNY,7,14345729.11985793,792841.73684210342,-74577.85670006834,-1.1435963115427726e-06,-74577.856701212004,7,old,281,2023-10-09,18,17.999999999998558
thermal_cost_CNY,8,1334432.9005920996,729090.40059210337,123747.90059210709,0,123747.90059210709,7,old,308,2023-11-05,2,2
thermal_cost_CNY,9,1337382.8476454248,667694.47645429242,-1993.894736839924,-1.4825795623491898e-10,-1993.8947368401568,7,old,187,2023-07-07,2,1.9999999999999998
thermal_cost_CNY,10,5915545.7673129765,713597.96052630828,506835.87742379773,2050422.8202801675,2557258.6977039659,7,old,50,2023-02-20,9,11.873358576820896
thermal_cost_CNY,11,22448975.671864707,759294.23684210342,329851.43339839578,-7509410.5324868141,-7179559.0990884192,7,old,45,2023-02-15,30,20.110012471952412
thermal_cost_CNY,12,566178.2368421033,566178.2368421033,0,-6.2858411458377817e-11,-1.1641532182693481e-10,7,old,332,2023-11-29,1,0.99999999999999989
thermal_cost_CNY,13,550270.39750692423,550270.39750692423,0,-6.1092286508182462e-11,-1.1641532182693481e-10,7,old,140,2023-05-21,1,0.99999999999999989
thermal_cost_CNY,14,8811898.4856434576,769506.96052630839,422185.04067224264,3.7043503607248873e-07,422185.04067261331,7,old,352,2023-12-19,12,12.000000000000481
thermal_cost_CNY,15,11986914.671973672,736540.73684210528,-202262.88249998726,0,-202262.88249998726,7,old,229,2023-08-18,16,16
thermal_cost_CNY,16,18577423.421052631,844719.47368421056,6405,-16.066648859817448,6388.9333511404693,7,old,316,2023-11-13,22,21.999980979900002
thermal_cost_CNY,17,299630.344999997,299630.344999997,0,0,0,7,old,13,2023-01-14,1,1
thermal_cost_CNY,18,2122927.1242086845,678447.00093998644,-87586.121388725238,2.0337141998649371e-07,-87586.121388521977,7,old,43,2023-02-13,3,3.0000000000002998
thermal_cost_CNY,19,1275852.2102150833,638798.97337298351,1745.7365308837034,0,1745.7365308837034,7,old,31,2023-02-01,2,2
thermal_cost_CNY,20,15257235.354241636,774323.23684210342,229229.38260043226,0,229229.38260043226,7,old,290,2023-10-18,20,20
thermal_cost_CNY,21,9982413.1822740119,840291.97368421056,101090.50193651579,4.0451042492225939e-07,101090.50193691999,7,old,47,2023-02-17,12,12.000000000000481
thermal_cost_CNY,22,1650451.9412499948,457260.99999999808,-278668.94125000061,1371771.4711309858,1093102.5298809854,7,old,12,2023-01-13,3,5.9999747871149989
thermal_cost_CNY,23,1861363.734241958,627219.01033591689,20293.296765792649,1.8773676522983249e-07,20293.296765980311,7,old,125,2023-05-06,3,3.0000000000002993
thermal_cost_CNY,24,4271339.9294078844,741866.17590027535,179857.12599376775,-8.9084568150459046e-07,179857.12599287648,7,old,94,2023-04-05,6,5.9999999999987992
thermal_cost_CNY,25,470384.98684209964,470384.98684209964,0,0,0,7,old,91,2023-04-02,1,1
thermal_cost_CNY,26,23254525.124859419,793531.2368421033,551411.98040368035,-180333.42311462501,371078.55728905648,7,old,355,2023-12-22,30,29.772745652921905
thermal_cost_CNY,27,703499.28955332085,703499.28955332085,0,0,0,7,old,343,2023-12-10,1,1
thermal_cost_CNY,28,6080962.6703601032,749917.62049861497,-81621.706371183507,-6.6606064707973808e-10,-81621.706371184438,7,old,75,2023-03-17,8,7.9999999999999991
thermal_cost_CNY,29,1523928.5549342083,807587.97368421056,91247.392434212845,0,91247.392434212845,7,old,48,2023-02-18,2,2
thermal_cost_CNY,30,658707.96952908509,658707.96952908509,0,0,0,7,old,70,2023-03-12,1,1
thermal_cost_CNY,31,683595.34487534559,683595.34487534559,0,0,0,7,old,123,2023-05-04,1,1
thermal_cost_CNY,32,526017.62087949784,526017.62087949784,0,0,0,7,old,348,2023-12-15,1,1
thermal_cost_CNY,33,2513615.806094171,615296.77146814042,-52428.720221609343,0,-52428.720221609343,7,old,177,2023-06-27,4,4
thermal_cost_CNY,34,633957.43351800228,633957.43351800228,0,0,0,7,old,74,2023-03-16,1,1
thermal_cost_CNY,35,1160770.7825484639,528254.99999999802,-104260.78254846786,-1.1729617277467197e-10,-104260.78254846809,7,old,73,2023-03-15,2,1.9999999999999998
thermal_cost_CNY,36,17258565.984485295,782485.23684210354,-43890.77395901829,-0.058989197677527673,-43890.832948215306,7,old,363,2023-12-30,22,21.999999924613022
thermal_cost_CNY,37,2980917.9473684207,743393.73684210528,-7342.9999999995343,0,-7342.9999999995343,7,old,179,2023-06-29,4,4
thermal_cost_CNY,38,1222444.8716589999,628194.23915900069,33943.606659001438,0,33943.606659001438,7,old,93,2023-04-04,2,2
thermal_cost_CNY,39,14462312.662077516,714551.40934210364,-171284.47523544356,0,-171284.47523544356,7,old,222,2023-08-11,20,20
thermal_cost_CNY,40,544396.34559210343,544396.34559210343,0,0,0,7,old,291,2023-10-19,1,1
thermal_cost_CNY,41,462482.99999999627,462482.99999999627,0,0,0,7,old,186,2023-07-06,1,1
thermal_cost_CNY,42,461099.74749999586,461099.74749999586,0,0,0,7,old,122,2023-05-03,1,1
thermal_cost_CNY,43,15413171.236842101,741286.73684210528,153850.23684210889,-560466.43726130528,-406616.200419195,7,old,164,2023-06-14,21,20.243927606679026
thermal_cost_CNY,44,12309457.631578946,883345.47368421045,57379,2.463544734759556e-07,57379.000000245869,7,old,79,2023-03-21,14,14.000000000000279
thermal_cost_CNY,45,672925.00259002228,672925.00259002228,0,0,0,7,old,152,2023-06-02,1,1
thermal_cost_CNY,46,488481.0656249919,488481.0656249919,0,0,0,7,old,69,2023-03-11,1,1
thermal_cost_CNY,47,2748229.8275623126,644849.37534625758,-168832.32617728226,0,-168832.32617728226,7,old,189,2023-07-09,4,4
curtailment_cost_CNY,0,225701.35270968298,13996.750000001759,40236.897290350433,-8.0059576745849026e-09,40236.897290342458,7,old,211,2023-07-31,19,18.999999999999428
curtailment_cost_CNY,1,200551.67025624501,58664.822894739402,92772.444217452023,0,92772.444217452023,7,old,354,2023-12-21,5,5
curtailment_cost_CNY,2,1016011.4480332927,73559.710000004517,-59735.21803323389,-3.8155141837139651e-08,-59735.218033272075,7,old,109,2023-04-20,13,12.999999999999481
curtailment_cost_CNY,3,0,0,0,-0,0,7,old,112,2023-04-23,13,12.999999999999483
curtailment_cost_CNY,4,54805.005000003381,54805.005000003381,0,-6.0845778415700581e-12,-7.2759576141834259e-12,7,old,92,2023-04-03,1,0.99999999999999989
curtailment_cost_CNY,5,23867.024930750533,23867.024930750533,23867.024930750533,-1.059908824296875e-11,23867.024930750526,7,old,121,2023-05-02,2,1.9999999999999996
curtailment_cost_CNY,6,848256.94016622752,172641.52500000483,14950.684833796578,863207.6250000241,878158.30983382068,7,old,190,2023-07-10,5,10
curtailment_cost_CNY,7,212196.81333729866,13752.525000001862,35348.636662734847,-1.9836666176334303e-08,35348.636662715027,7,old,281,2023-10-09,18,17.999999999998558
curtailment_cost_CNY,8,8270.1300000005722,0,-8270.1300000005722,0,-8270.1300000005722,7,old,308,2023-11-05,2,2
curtailment_cost_CNY,9,272858.36011081265,123761.18005540629,-25336.000000000058,-2.7480502330458355e-11,-25336.000000000087,7,old,187,2023-07-07,2,1.9999999999999998
curtailment_cost_CNY,10,572666.45195986307,48663.891966761039,-134691.42425901373,139828.81136417834,5137.3871051645838,7,old,50,2023-02-20,9,11.873358576820896
curtailment_cost_CNY,11,1208612.8141095843,34428.891966762116,-175746.05510672089,-340501.31215577509,-516247.36726249591,7,old,45,2023-02-15,30,20.110012471952412
curtailment_cost_CNY,12,54821.157894739372,54821.157894739372,0,-6.0863711731350825e-12,-7.2759576141834259e-12,7,old,332,2023-11-29,1,0.99999999999999989
curtailment_cost_CNY,13,0,0,0,-0,0,7,old,140,2023-05-21,1,0.99999999999999989
curtailment_cost_CNY,14,83365.93755540729,1140.7053947359434,-69677.472818575974,5.4912725384326796e-10,-69677.472818575421,7,old,352,2023-12-19,12,12.000000000000481
curtailment_cost_CNY,15,840213.36339334166,47738.891966763185,-76391.091925130691,0,-76391.091925130691,7,old,229,2023-08-18,16,16
curtailment_cost_CNY,16,0,0,0,-0,0,7,old,316,2023-11-13,22,21.999980979900002
curtailment_cost_CNY,17,70841.180055406308,70841.180055406308,0,0,0,7,old,13,2023-01-14,1,1
curtailment_cost_CNY,18,84837.090914137021,22683.772894740334,-16785.772229916023,6.7996926773393641e-09,-16785.772229909213,7,old,43,2023-02-13,3,3.0000000000002998
curtailment_cost_CNY,19,7593.4736842105394,4213.1578947368462,832.84210526315292,0,832.84210526315292,7,old,31,2023-02-01,2,2
curtailment_cost_CNY,20,809002.50221484271,42380.891966762101,38615.337120399345,0,38615.337120399345,7,old,290,2023-10-18,20,20
curtailment_cost_CNY,21,15142.466333772334,0,-15142.466333772334,0,-15142.466333772334,7,old,47,2023-02-17,12,12.000000000000481
curtailment_cost_CNY,22,9599.8789473689121,9406.3000000004868,18619.021052632546,28218.662840041274,46837.683892673827,7,old,12,2023-01-13,3,5.9999747871149989
curtailment_cost_CNY,23,0,0,0,0,0,7,old,125,2023-05-06,3,3.0000000000002993
curtailment_cost_CNY,24,548293.00583219191,84959.578947372211,-38535.532147958642,-1.0202092569575358e-07,-38535.53214806068,7,old,94,2023-04-05,6,5.9999999999987992
curtailment_cost_CNY,25,106243.41250000188,106243.41250000188,0,0,0,7,old,91,2023-04-02,1,1
curtailment_cost_CNY,26,542011.83169831184,14647.195000001528,-102595.981698266,-3328.6387362508785,-105924.62043451687,7,old,355,2023-12-22,30,29.772745652921905
curtailment_cost_CNY,27,5829.0000000000728,5829.0000000000728,0,0,0,7,old,343,2023-12-10,1,1
curtailment_cost_CNY,28,13631.024930750542,0,-13631.024930750542,-0,-13631.024930750542,7,old,75,2023-03-17,8,7.9999999999999991
curtailment_cost_CNY,29,0,0,0,0,0,7,old,48,2023-02-18,2,2
curtailment_cost_CNY,30,201689.57894737349,201689.57894737349,0,0,0,7,old,70,2023-03-12,1,1
curtailment_cost_CNY,31,83141.313019393696,83141.313019393696,0,0,0,7,old,123,2023-05-04,1,1
curtailment_cost_CNY,32,67973.180055406323,67973.180055406323,0,0,0,7,old,348,2023-12-15,1,1
curtailment_cost_CNY,33,460464.72022162529,132769.18005540632,70612,0,70612,7,old,177,2023-06-27,4,4
curtailment_cost_CNY,34,30362.000000001466,30362.000000001466,0,0,0,7,old,74,2023-03-16,1,1
curtailment_cost_CNY,35,91894.872894741435,54007.157894740434,16119.442894739434,-1.1991998037861425e-11,16119.442894739419,7,old,73,2023-03-15,2,1.9999999999999998
curtailment_cost_CNY,36,98447.084596275628,6157.0978947380581,37009.069087961645,-0.00046416500622858752,37009.068623796644,7,old,363,2023-12-30,22,21.999999924613022
curtailment_cost_CNY,37,260396.74511081932,77267.180055406308,48671.975110805914,0,48671.975110805914,7,old,179,2023-06-29,4,4
curtailment_cost_CNY,38,0,0,0,0,0,7,old,93,2023-04-04,2,2
curtailment_cost_CNY,39,1346787.489454021,66479.78196676285,-17191.850118763978,0,-17191.850118763978,7,old,222,2023-08-11,20,20
curtailment_cost_CNY,40,0,0,0,0,0,7,old,291,2023-10-19,1,1
curtailment_cost_CNY,41,165168.75900277472,165168.75900277472,0,0,0,7,old,186,2023-07-06,1,1
curtailment_cost_CNY,42,102127.97894737325,102127.97894737325,0,0,0,7,old,122,2023-05-03,1,1
curtailment_cost_CNY,43,1401353.9038920547,64203.58500000411,-53078.618891968392,-48542.55817073967,-101621.17706270795,7,old,164,2023-06-14,21,20.243927606679026
curtailment_cost_CNY,44,0,0,0,0,0,7,old,79,2023-03-21,14,14.000000000000279
curtailment_cost_CNY,45,0,0,0,0,0,7,old,152,2023-06-02,1,1
curtailment_cost_CNY,46,7362.7368421052724,7362.7368421052724,0,0,0,7,old,69,2023-03-11,1,1
curtailment_cost_CNY,47,293507.03577563708,61858.996842107867,-46071.048407205613,0,-46071.048407205613,7,old,189,2023-07-09,4,4
load_shedding_cost_CNY,0,34893508.999997869,1686994.9999998929,-2840603.9999999031,-9.6493904422339502e-07,-2840604.000000868,7,old,211,2023-07-31,19,18.999999999999428
load_shedding_cost_CNY,1,4476099.9999994691,650199.99999989371,-1225100.0000000005,0,-1225100.0000000005,7,old,354,2023-12-21,5,5
load_shedding_cost_CNY,2,11236705.499998491,1184482.7499998803,4161570.2499999534,-6.1438669796126012e-07,4161570.2499993388,7,old,109,2023-04-20,13,12.999999999999481
load_shedding_cost_CNY,3,10259293.99999827,763199.99999989395,-337693.99999964796,-3.9451322209055406e-07,-337694.00000004284,7,old,112,2023-04-23,13,12.999999999999483
load_shedding_cost_CNY,4,0,0,0,-0,0,7,old,92,2023-04-03,1,0.99999999999999989
load_shedding_cost_CNY,5,8499.9999998937401,0,-8499.9999998937401,-0,-8499.9999998937401,7,old,121,2023-05-02,2,1.9999999999999996
load_shedding_cost_CNY,6,1540899.9999995751,5599.9999998936801,-1512900.0000001066,27999.9999994684,-1484900.0000006382,7,old,190,2023-07-10,5,10
load_shedding_cost_CNY,7,53458309.99999804,3014899.9999998924,809890.00000002235,-4.3486970469073909e-06,809889.99999567121,7,old,281,2023-10-09,18,17.999999999998558
load_shedding_cost_CNY,8,1359199.9999998938,1359199.9999998938,1359199.9999998938,0,1359199.9999998938,7,old,308,2023-11-05,2,2
load_shedding_cost_CNY,9,1389699.9999997874,611199.99999989395,-167299.99999999953,-1.3571366253015559e-10,-167299.99999999977,7,old,187,2023-07-07,2,1.9999999999999998
load_shedding_cost_CNY,10,965999.99999946821,258399.9999998936,1359599.9999995744,742475.85625021392,2102075.8562497878,7,old,50,2023-02-20,9,11.873358576820896
load_shedding_cost_CNY,11,38542395.249996543,1381018.7499998899,2888167.2500001565,-13658258.213498781,-10770090.963498626,7,old,45,2023-02-15,30,20.110012471952412
load_shedding_cost_CNY,12,11799.999999893584,11799.999999893584,0,-1.3100631690458701e-12,-1.8189894035458565e-12,7,old,332,2023-11-29,1,0.99999999999999989
load_shedding_cost_CNY,13,0,0,0,-0,0,7,old,140,2023-05-21,1,0.99999999999999989
load_shedding_cost_CNY,14,9406899.9999987241,575799.99999989395,-2497299.9999999963,2.7718591866227497e-07,-2497299.9999997197,7,old,352,2023-12-19,12,12.000000000000481
load_shedding_cost_CNY,15,34737774.999998227,1872699.9999998936,-4774574.9999999292,0,-4774574.9999999292,7,old,229,2023-08-18,16,16
load_shedding_cost_CNY,16,45973313.249997564,2546699.9999998934,10054086.750000089,-48.438488665163355,10054038.311511427,7,old,316,2023-11-13,22,21.999980979900002
load_shedding_cost_CNY,17,0,0,0,0,0,7,old,13,2023-01-14,1,1
load_shedding_cost_CNY,18,3083799.9999996806,162299.99999989363,-2596899.9999999995,4.8651083162067095e-08,-2596899.9999999511,7,old,43,2023-02-13,3,3.0000000000002998
load_shedding_cost_CNY,19,932099.99999978719,252799.99999989371,-426499.99999999977,0,-426499.99999999977,7,old,31,2023-02-01,2,2
load_shedding_cost_CNY,20,35886065.749997497,1712941.7499998189,-1627230.7500011176,0,-1627230.7500011176,7,old,290,2023-10-18,20,20
load_shedding_cost_CNY,21,35833399.999998719,3409099.9999998929,5075800,1.6411158654249843e-06,5075800.0000016391,7,old,47,2023-02-17,12,12.000000000000481
load_shedding_cost_CNY,22,0,0,0,0,0,7,old,12,2023-01-13,3,5.9999747871149989
load_shedding_cost_CNY,23,0,0,0,0,0,7,old,125,2023-05-06,3,3.0000000000002993
load_shedding_cost_CNY,24,5955621.7499993611,753999.99999989371,-1431621.7499999991,-9.0541618646953768e-07,-1431621.7500009043,7,old,94,2023-04-05,6,5.9999999999987992
load_shedding_cost_CNY,25,0,0,0,0,0,7,old,91,2023-04-02,1,1
load_shedding_cost_CNY,26,42923412.249996476,2115799.9999998929,20550587.750000313,-480824.7475478081,20069763.0024525,7,old,355,2023-12-22,30,29.772745652921905
load_shedding_cost_CNY,27,93399.999999893611,93399.999999893611,0,0,0,7,old,343,2023-12-10,1,1
load_shedding_cost_CNY,28,4266196.2499991851,589599.9999998936,450603.74999996368,-5.2366999625509933e-10,450603.74999996275,7,old,75,2023-03-17,8,7.9999999999999991
load_shedding_cost_CNY,29,5899.9999998935791,5899.9999998935791,5899.9999998935791,0,5899.9999998935791,7,old,48,2023-02-18,2,2
load_shedding_cost_CNY,30,1185099.9999998934,1185099.9999998934,0,0,0,7,old,70,2023-03-12,1,1
load_shedding_cost_CNY,31,615147.74999988836,615147.74999988836,0,0,0,7,old,123,2023-05-04,1,1
load_shedding_cost_CNY,32,0,0,0,0,0,7,old,348,2023-12-15,1,1
load_shedding_cost_CNY,33,794199.99999978777,0,-794199.99999978777,0,-794199.99999978777,7,old,177,2023-06-27,4,4
load_shedding_cost_CNY,34,0,0,0,0,0,7,old,74,2023-03-16,1,1
load_shedding_cost_CNY,35,0,0,0,-0,0,7,old,73,2023-03-15,2,1.9999999999999998
load_shedding_cost_CNY,36,27990194.999997392,1260218.7499998896,-265382.49999982119,-0.095004083732855293,-265382.59500390291,7,old,363,2023-12-30,22,21.999999924613022
load_shedding_cost_CNY,37,7669379.9999995697,2395799.9999998929,1913820.0000000019,0,1913820.0000000019,7,old,179,2023-06-29,4,4
load_shedding_cost_CNY,38,0,0,0,0,0,7,old,93,2023-04-04,2,2
load_shedding_cost_CNY,39,18846459.999997705,918999.99999989395,-466459.99999982491,0,-466459.99999982491,7,old,222,2023-08-11,20,20
load_shedding_cost_CNY,40,55999.999999893589,55999.999999893589,0,0,0,7,old,291,2023-10-19,1,1
load_shedding_cost_CNY,41,0,0,0,0,0,7,old,186,2023-07-06,1,1
load_shedding_cost_CNY,42,0,0,0,0,0,7,old,122,2023-05-03,1,1
load_shedding_cost_CNY,43,49030596.499997698,2825999.9999998934,10315403.50000006,-2136660.5835249908,8178742.9164750725,7,old,164,2023-06-14,21,20.243927606679026
load_shedding_cost_CNY,44,34740947.24999842,2381799.9999998938,-1395747.2499999069,6.6425549505308245e-07,-1395747.2499992438,7,old,79,2023-03-21,14,14.000000000000279
load_shedding_cost_CNY,45,0,0,0,0,0,7,old,152,2023-06-02,1,1
load_shedding_cost_CNY,46,0,0,0,0,0,7,old,69,2023-03-11,1,1
load_shedding_cost_CNY,47,680699.99999968067,146499.99999989365,-94700.000000106054,0,-94700.000000106054,7,old,189,2023-07-09,4,4
storage_variable_om_CNY,0,11582.18882573237,708.84250000024838,1885.8186742723501,-4.0544862578443027e-10,1885.8186742719445,7,old,211,2023-07-31,19,18.999999999999428
storage_variable_om_CNY,1,4649.0231250013139,979.48325000028774,248.39312500012511,0,248.39312500012511,7,old,354,2023-12-21,5,5
storage_variable_om_CNY,2,13192.336875003246,986.9027500003458,-362.60112499874958,-5.1190270333752074e-10,-362.60112499926254,7,old,109,2023-04-20,13,12.999999999999481
storage_variable_om_CNY,3,5742.70600000173,500.20000000010663,759.89399999965644,-2.5856330410084467e-10,759.89399999939724,7,old,112,2023-04-23,13,12.999999999999483
storage_variable_om_CNY,4,800.15353515134484,800.15353515134484,0,-8.8834887796023758e-14,-1.1368683772161603e-13,7,old,92,2023-04-03,1,0.99999999999999989
storage_variable_om_CNY,5,808.00000000021282,504.00000000010641,200,-2.2382096176447881e-13,199.99999999999977,7,old,121,2023-05-02,2,1.9999999999999996
storage_variable_om_CNY,6,5212.4094736852203,1064.815723684558,111.6691447375697,5324.07861842279,5435.7477631603597,7,old,190,2023-07-10,5,10
storage_variable_om_CNY,7,11094.216698098426,721.02625000025239,1884.255801906118,-1.0400095273869513e-09,1884.2558019050775,7,old,281,2023-10-09,18,17.999999999998558
storage_variable_om_CNY,8,839.07325000029414,454.06675000015929,69.060250000024439,0,69.060250000024439,7,old,308,2023-11-05,2,2
storage_variable_om_CNY,9,2144.9000000002125,987.90000000010662,-169.09999999999923,-2.193578652054621e-13,-169.09999999999945,7,old,187,2023-07-07,2,1.9999999999999998
storage_variable_om_CNY,10,8834.9728750021604,1160.000000000266,1605.0271250002334,3333.0959491130043,4938.1230741132385,7,old,50,2023-02-20,9,11.873358576820896
storage_variable_om_CNY,11,26481.28880092673,867.28125000016348,-462.8513009218259,-8577.4007458111391,-9040.2520467329632,7,old,45,2023-02-15,30,20.110012471952412
storage_variable_om_CNY,12,817.00000000028604,817.00000000028604,0,-9.0705221111907046e-14,-1.1368683772161603e-13,7,old,332,2023-11-29,1,0.99999999999999989
storage_variable_om_CNY,13,64.899999999999935,64.899999999999935,0,-7.2053474298172587e-15,-1.4210854715202004e-14,7,old,140,2023-05-21,1,0.99999999999999989
storage_variable_om_CNY,14,7433.1870085566106,768.07737500022085,1783.7414914460396,3.6974684403123321e-10,1783.7414914464089,7,old,352,2023-12-19,12,12.000000000000481
storage_variable_om_CNY,15,14206.582698753848,856.00000000015962,-510.58269875129372,0,-510.58269875129372,7,old,229,2023-08-18,16,16
storage_variable_om_CNY,16,6961.1867500024364,304.00000000010641,-273.18675000009534,-0.0057821103994249142,-273.19253211049454,7,old,316,2023-11-13,22,21.999980979900002
storage_variable_om_CNY,17,843.33300000008524,843.33300000008524,0,0,0,7,old,13,2023-01-14,1,1
storage_variable_om_CNY,18,2260.4722742388753,818.3720242385117,194.64379847665987,2.4531537528504697e-10,194.64379847690498,7,old,43,2023-02-13,3,3.0000000000002998
storage_variable_om_CNY,19,1234.3109067021373,474.31090670187132,-285.68909329839471,0,-285.68909329839471,7,old,31,2023-02-01,2,2
storage_variable_om_CNY,20,19144.577551879716,1068.3582500002342,2222.5874481249666,0,2222.5874481249666,7,old,290,2023-10-18,20,20
storage_variable_om_CNY,21,4093.9426333785677,304.00000000010641,-445.9426333772908,1.4634338185720147e-10,-445.94263337714438,7,old,47,2023-02-17,12,12.000000000000481
storage_variable_om_CNY,22,496.84525000017356,222.01500000007772,169.19975000005957,666.03940236156961,835.23915236162929,7,old,12,2023-01-13,3,5.9999747871149989
storage_variable_om_CNY,23,311.20956875339579,31.871231696820978,-215.59587366293286,9.5395736482017219e-12,-215.59587366292331,7,old,125,2023-05-06,3,3.0000000000002993
storage_variable_om_CNY,24,5931.0925956263409,971.90000000029602,-99.692595624565001,-1.1670742594564134e-09,-99.692595625731883,7,old,94,2023-04-05,6,5.9999999999987992
storage_variable_om_CNY,25,709.97062500020047,709.97062500020047,0,0,0,7,old,91,2023-04-02,1,1
storage_variable_om_CNY,26,23210.673023926935,675.35975000023632,-2949.8805239198446,-153.47843902912888,-3103.3589629489725,7,old,355,2023-12-22,30,29.772745652921905
storage_variable_om_CNY,27,560.28775000012899,560.28775000012899,0,0,0,7,old,343,2023-12-10,1,1
storage_variable_om_CNY,28,3212.3037500008686,304.70000000010634,-774.70375000001786,-2.7062796448272261e-13,-774.70375000001832,7,old,75,2023-03-17,8,7.9999999999999991
storage_variable_om_CNY,29,475.92625000011856,304.00000000010641,132.07375000009426,0,132.07375000009426,7,old,48,2023-02-18,2,2
storage_variable_om_CNY,30,1081.6000000003592,1081.6000000003592,0,0,0,7,old,70,2023-03-12,1,1
storage_variable_om_CNY,31,770.85225000012201,770.85225000012201,0,0,0,7,old,123,2023-05-04,1,1
storage_variable_om_CNY,32,860.06750000000852,860.06750000000852,0,0,0,7,old,348,2023-12-15,1,1
storage_variable_om_CNY,33,3876.2000000002126,864.99999999999989,-416.20000000021309,0,-416.20000000021309,7,old,177,2023-06-27,4,4
storage_variable_om_CNY,34,443.10000000007312,443.10000000007312,0,0,0,7,old,74,2023-03-16,1,1
storage_variable_om_CNY,35,1630.3857500004424,665.00000000023283,-300.38574999997672,-1.4765966227519752e-13,-300.38574999997695,7,old,73,2023-03-15,2,1.9999999999999998
storage_variable_om_CNY,36,11820.676945435614,639.47825000022408,2247.8445545693157,-4.8208333044057932e-05,2247.8445063609815,7,old,363,2023-12-30,22,21.999999924613022
storage_variable_om_CNY,37,3378.8392500007631,904.00000000010641,237.16074999966258,0,237.16074999966258,7,old,179,2023-06-29,4,4
storage_variable_om_CNY,38,95.307083442863728,48.196583442847242,1.0860834428307555,0,1.0860834428307555,7,old,93,2023-04-04,2,2
storage_variable_om_CNY,39,20275.414393755484,946.61100000019155,-1343.1943937516517,0,-1343.1943937516517,7,old,222,2023-08-11,20,20
storage_variable_om_CNY,40,451.5397500001576,451.5397500001576,0,0,0,7,old,291,2023-10-19,1,1
storage_variable_om_CNY,41,904.00000000010641,904.00000000010641,0,0,0,7,old,186,2023-07-06,1,1
storage_variable_om_CNY,42,1018.9415000003568,1018.9415000003568,0,0,0,7,old,122,2023-05-03,1,1
storage_variable_om_CNY,43,19020.278750005538,891.77925000031223,-292.91449999898032,-674.24967186171898,-967.16417186069884,7,old,164,2023-06-14,21,20.243927606679026
storage_variable_om_CNY,44,4495.252750001574,304.00000000010641,-239.25275000008423,8.4781959230924829e-11,-239.25274999999965,7,old,79,2023-03-21,14,14.000000000000279
storage_variable_om_CNY,45,402.91900000001959,402.91900000001959,0,0,0,7,old,152,2023-06-02,1,1
storage_variable_om_CNY,46,644.84812500017779,644.84812500017779,0,0,0,7,old,69,2023-03-11,1,1
storage_variable_om_CNY,47,3894.1757500009126,897.11300000029041,-305.72374999975091,0,-305.72374999975091,7,old,189,2023-07-09,4,4
storage_investment_allocated_CNY,0,190572.96343527245,10030.155970277498,0,-5.7371178428932876e-09,-5.7334545999765396e-09,7,old,211,2023-07-31,19,18.999999999999428
storage_investment_allocated_CNY,1,50150.779851387488,10030.155970277498,0,0,0,7,old,354,2023-12-21,5,5
storage_investment_allocated_CNY,2,130392.02761360747,10030.155970277498,0,-5.2026037581516769e-09,-5.2095856517553329e-09,7,old,109,2023-04-20,13,12.999999999999481
storage_investment_allocated_CNY,3,130392.02761360747,10030.155970277498,0,-5.1847866219936236e-09,-5.1804818212985992e-09,7,old,112,2023-04-23,13,12.999999999999483
storage_investment_allocated_CNY,4,10030.155970277498,10030.155970277498,0,-1.1135710098783555e-12,-1.8189894035458565e-12,7,old,92,2023-04-03,1,0.99999999999999989
storage_investment_allocated_CNY,5,20060.311940554995,10030.155970277498,0,-4.454284039513422e-12,-3.637978807091713e-12,7,old,121,2023-05-02,2,1.9999999999999996
storage_investment_allocated_CNY,6,50150.779851387488,10030.155970277498,0,50150.779851387488,50150.779851387488,7,old,190,2023-07-10,5,10
storage_investment_allocated_CNY,7,180542.80746499496,10030.155970277498,0,-1.4467514560339595e-08,-1.4464603736996651e-08,7,old,281,2023-10-09,18,17.999999999998558
storage_investment_allocated_CNY,8,20060.311940554995,10030.155970277498,0,0,0,7,old,308,2023-11-05,2,2
storage_investment_allocated_CNY,9,20060.311940554995,10030.155970277498,0,-2.227142019756711e-12,-3.637978807091713e-12,7,old,187,2023-07-07,2,1.9999999999999998
storage_investment_allocated_CNY,10,90271.403732497478,10030.155970277498,0,28820.23468404817,28820.234684048162,7,old,50,2023-02-20,9,11.873358576820896
storage_investment_allocated_CNY,11,300904.67910832493,10030.155970277498,0,-99198.117450416496,-99198.117450416496,7,old,45,2023-02-15,30,20.110012471952412
storage_investment_allocated_CNY,12,10030.155970277498,10030.155970277498,0,-1.1135710098783555e-12,-1.8189894035458565e-12,7,old,332,2023-11-29,1,0.99999999999999989
storage_investment_allocated_CNY,13,10030.155970277498,10030.155970277498,0,-1.1135710098783555e-12,-1.8189894035458565e-12,7,old,140,2023-05-21,1,0.99999999999999989
storage_investment_allocated_CNY,14,120361.87164332997,10030.155970277498,0,4.8284438988325499e-09,4.8312358558177948e-09,7,old,352,2023-12-19,12,12.000000000000481
storage_investment_allocated_CNY,15,160482.49552443996,10030.155970277498,0,0,0,7,old,229,2023-08-18,16,16
storage_investment_allocated_CNY,16,220663.43134610495,10030.155970277498,0,-0.19077456955123392,-0.19077456954983063,7,old,316,2023-11-13,22,21.999980979900002
storage_investment_allocated_CNY,17,10030.155970277498,10030.155970277498,0,0,0,7,old,13,2023-01-14,1,1
storage_investment_allocated_CNY,18,30090.467910832493,10030.155970277498,0,3.00664172667156e-09,3.0049704946577549e-09,7,old,43,2023-02-13,3,3.0000000000002998
storage_investment_allocated_CNY,19,20060.311940554995,10030.155970277498,0,0,0,7,old,31,2023-02-01,2,2
storage_investment_allocated_CNY,20,200603.11940554995,10030.155970277498,0,0,0,7,old,290,2023-10-18,20,20
storage_investment_allocated_CNY,21,120361.87164332997,10030.155970277498,0,4.8284438988325499e-09,4.8312358558177948e-09,7,old,47,2023-02-17,12,12.000000000000481
storage_investment_allocated_CNY,22,30090.467910832493,10030.155970277498,0,30090.215021663469,30090.215021663469,7,old,12,2023-01-13,3,5.9999747871149989
storage_investment_allocated_CNY,23,30090.467910832493,10030.155970277498,0,3.0021874426320462e-09,3.0013325158506632e-09,7,old,125,2023-05-06,3,3.0000000000002993
storage_investment_allocated_CNY,24,60180.935821664985,10030.155970277498,0,-1.2044384042844293e-08,-1.204170985147357e-08,7,old,94,2023-04-05,6,5.9999999999987992
storage_investment_allocated_CNY,25,10030.155970277498,10030.155970277498,0,0,0,7,old,91,2023-04-02,1,1
storage_investment_allocated_CNY,26,300904.67910832493,10030.155970277498,0,-2279.3965461168646,-2279.3965461168555,7,old,355,2023-12-22,30,29.772745652921905
storage_investment_allocated_CNY,27,10030.155970277498,10030.155970277498,0,0,0,7,old,343,2023-12-10,1,1
storage_investment_allocated_CNY,28,80241.24776221998,10030.155970277498,0,-8.908568079026844e-12,-1.4551915228366852e-11,7,old,75,2023-03-17,8,7.9999999999999991
storage_investment_allocated_CNY,29,20060.311940554995,10030.155970277498,0,0,0,7,old,48,2023-02-18,2,2
storage_investment_allocated_CNY,30,10030.155970277498,10030.155970277498,0,0,0,7,old,70,2023-03-12,1,1
storage_investment_allocated_CNY,31,10030.155970277498,10030.155970277498,0,0,0,7,old,123,2023-05-04,1,1
storage_investment_allocated_CNY,32,10030.155970277498,10030.155970277498,0,0,0,7,old,348,2023-12-15,1,1
storage_investment_allocated_CNY,33,40120.62388110999,10030.155970277498,0,0,0,7,old,177,2023-06-27,4,4
storage_investment_allocated_CNY,34,10030.155970277498,10030.155970277498,0,0,0,7,old,74,2023-03-16,1,1
storage_investment_allocated_CNY,35,20060.311940554995,10030.155970277498,0,-2.227142019756711e-12,-3.637978807091713e-12,7,old,73,2023-03-15,2,1.9999999999999998
storage_investment_allocated_CNY,36,220663.43134610495,10030.155970277498,0,-0.00075614315185671169,-0.000756143155740574,7,old,363,2023-12-30,22,21.999999924613022
storage_investment_allocated_CNY,37,40120.62388110999,10030.155970277498,0,0,0,7,old,179,2023-06-29,4,4
storage_investment_allocated_CNY,38,20060.311940554995,10030.155970277498,0,0,0,7,old,93,2023-04-04,2,2
storage_investment_allocated_CNY,39,200603.11940554995,10030.155970277498,0,0,0,7,old,222,2023-08-11,20,20
storage_investment_allocated_CNY,40,10030.155970277498,10030.155970277498,0,0,0,7,old,291,2023-10-19,1,1
storage_investment_allocated_CNY,41,10030.155970277498,10030.155970277498,0,0,0,7,old,186,2023-07-06,1,1
storage_investment_allocated_CNY,42,10030.155970277498,10030.155970277498,0,0,0,7,old,122,2023-05-03,1,1
storage_investment_allocated_CNY,43,210633.27537582745,10030.155970277498,0,-7583.5240298303597,-7583.5240298303543,7,old,164,2023-06-14,21,20.243927606679026
storage_investment_allocated_CNY,44,140422.18358388497,10030.155970277498,0,2.797290376814429e-09,2.7939677238464355e-09,7,old,79,2023-03-21,14,14.000000000000279
storage_investment_allocated_CNY,45,10030.155970277498,10030.155970277498,0,0,0,7,old,152,2023-06-02,1,1
storage_investment_allocated_CNY,46,10030.155970277498,10030.155970277498,0,0,0,7,old,69,2023-03-11,1,1
storage_investment_allocated_CNY,47,40120.62388110999,10030.155970277498,0,0,0,7,old,189,2023-07-09,4,4
storage_fixed_om_CNY,0,39561.643835616436,2082.1917808219177,0,-1.1909864266795323e-09,-1.1932570487260818e-09,7,old,211,2023-07-31,19,18.999999999999428
storage_fixed_om_CNY,1,10410.95890410959,2082.1917808219177,0,0,0,7,old,354,2023-12-21,5,5
storage_fixed_om_CNY,2,27068.493150684932,2082.1917808219177,0,-1.0800249583553523e-09,-1.0804797057062387e-09,7,old,109,2023-04-20,13,12.999999999999481
storage_fixed_om_CNY,3,27068.493150684932,2082.1917808219177,0,-1.0763262427445463e-09,-1.076841726899147e-09,7,old,112,2023-04-23,13,12.999999999999483
storage_fixed_om_CNY,4,2082.1917808219177,2082.1917808219177,0,-2.3116972567537505e-13,-4.5474735088646412e-13,7,old,92,2023-04-03,1,0.99999999999999989
storage_fixed_om_CNY,5,4164.3835616438355,2082.1917808219177,0,-9.2467890270150021e-13,-9.0949470177292824e-13,7,old,121,2023-05-02,2,1.9999999999999996
storage_fixed_om_CNY,6,10410.95890410959,2082.1917808219177,0,10410.95890410959,10410.95890410959,7,old,190,2023-07-10,5,10
storage_fixed_om_CNY,7,37479.452054794521,2082.1917808219177,0,-3.0033570759744727e-09,-3.0049704946577549e-09,7,old,281,2023-10-09,18,17.999999999998558
storage_fixed_om_CNY,8,4164.3835616438355,2082.1917808219177,0,0,0,7,old,308,2023-11-05,2,2
storage_fixed_om_CNY,9,4164.3835616438355,2082.1917808219177,0,-4.6233945135075011e-13,-9.0949470177292824e-13,7,old,187,2023-07-07,2,1.9999999999999998
storage_fixed_om_CNY,10,18739.726027397261,2082.1917808219177,0,5982.8836120106334,5982.8836120106316,7,old,50,2023-02-20,9,11.873358576820896
storage_fixed_om_CNY,11,62465.753424657531,2082.1917808219177,0,-20592.850743331961,-20592.850743331961,7,old,45,2023-02-15,30,20.110012471952412
storage_fixed_om_CNY,12,2082.1917808219177,2082.1917808219177,0,-2.3116972567537505e-13,-4.5474735088646412e-13,7,old,332,2023-11-29,1,0.99999999999999989
storage_fixed_om_CNY,13,2082.1917808219177,2082.1917808219177,0,-2.3116972567537505e-13,-4.5474735088646412e-13,7,old,140,2023-05-21,1,0.99999999999999989
storage_fixed_om_CNY,14,24986.301369863013,2082.1917808219177,0,1.0023519305284262e-09,1.0040821507573128e-09,7,old,352,2023-12-19,12,12.000000000000481
storage_fixed_om_CNY,15,33315.068493150684,2082.1917808219177,0,0,0,7,old,229,2023-08-18,16,16
storage_fixed_om_CNY,16,45808.219178082189,2082.1917808219177,0,-0.039603495886458152,-0.039603495883056894,7,old,316,2023-11-13,22,21.999980979900002
storage_fixed_om_CNY,17,2082.1917808219177,2082.1917808219177,0,0,0,7,old,13,2023-01-14,1,1
storage_fixed_om_CNY,18,6246.5753424657532,2082.1917808219177,0,6.2415825932351262e-10,6.2391336541622877e-10,7,old,43,2023-02-13,3,3.0000000000002998
storage_fixed_om_CNY,19,4164.3835616438355,2082.1917808219177,0,0,0,7,old,31,2023-02-01,2,2
storage_fixed_om_CNY,20,41643.835616438359,2082.1917808219177,0,0,0,7,old,290,2023-10-18,20,20
storage_fixed_om_CNY,21,24986.301369863013,2082.1917808219177,0,1.0023519305284262e-09,1.0040821507573128e-09,7,old,47,2023-02-17,12,12.000000000000481
storage_fixed_om_CNY,22,6246.5753424657532,2082.1917808219177,0,6246.522844403833,6246.5228444038339,7,old,12,2023-01-13,3,5.9999747871149989
storage_fixed_om_CNY,23,6246.5753424657532,2082.1917808219177,0,6.2323358042081113e-10,6.2300387071445584e-10,7,old,125,2023-05-06,3,3.0000000000002993
storage_fixed_om_CNY,24,12493.150684931506,2082.1917808219177,0,-2.5003317529048564e-09,-2.5011104298755527e-09,7,old,94,2023-04-05,6,5.9999999999987992
storage_fixed_om_CNY,25,2082.1917808219177,2082.1917808219177,0,0,0,7,old,91,2023-04-02,1,1
storage_fixed_om_CNY,26,62465.753424657531,2082.1917808219177,0,-473.18713364205991,-473.18713364205905,7,old,355,2023-12-22,30,29.772745652921905
storage_fixed_om_CNY,27,2082.1917808219177,2082.1917808219177,0,0,0,7,old,343,2023-12-10,1,1
storage_fixed_om_CNY,28,16657.534246575342,2082.1917808219177,0,-1.8493578054030004e-12,-3.637978807091713e-12,7,old,75,2023-03-17,8,7.9999999999999991
storage_fixed_om_CNY,29,4164.3835616438355,2082.1917808219177,0,0,0,7,old,48,2023-02-18,2,2
storage_fixed_om_CNY,30,2082.1917808219177,2082.1917808219177,0,0,0,7,old,70,2023-03-12,1,1
storage_fixed_om_CNY,31,2082.1917808219177,2082.1917808219177,0,0,0,7,old,123,2023-05-04,1,1
storage_fixed_om_CNY,32,2082.1917808219177,2082.1917808219177,0,0,0,7,old,348,2023-12-15,1,1
storage_fixed_om_CNY,33,8328.767123287671,2082.1917808219177,0,0,0,7,old,177,2023-06-27,4,4
storage_fixed_om_CNY,34,2082.1917808219177,2082.1917808219177,0,0,0,7,old,74,2023-03-16,1,1
storage_fixed_om_CNY,35,4164.3835616438355,2082.1917808219177,0,-4.6233945135075011e-13,-9.0949470177292824e-13,7,old,73,2023-03-15,2,1.9999999999999998
storage_fixed_om_CNY,36,45808.219178082189,2082.1917808219177,0,-0.00015697014688369451,-0.00015697014168836176,7,old,363,2023-12-30,22,21.999999924613022
storage_fixed_om_CNY,37,8328.767123287671,2082.1917808219177,0,0,0,7,old,179,2023-06-29,4,4
storage_fixed_om_CNY,38,4164.3835616438355,2082.1917808219177,0,0,0,7,old,93,2023-04-04,2,2
storage_fixed_om_CNY,39,41643.835616438359,2082.1917808219177,0,0,0,7,old,222,2023-08-11,20,20
storage_fixed_om_CNY,40,2082.1917808219177,2082.1917808219177,0,0,0,7,old,291,2023-10-19,1,1
storage_fixed_om_CNY,41,2082.1917808219177,2082.1917808219177,0,0,0,7,old,186,2023-07-06,1,1
storage_fixed_om_CNY,42,2082.1917808219177,2082.1917808219177,0,0,0,7,old,122,2023-05-03,1,1
storage_fixed_om_CNY,43,43726.027397260274,2082.1917808219177,0,-1574.2877230792876,-1574.2877230792874,7,old,164,2023-06-14,21,20.243927606679026
storage_fixed_om_CNY,44,29150.684931506847,2082.1917808219177,0,5.8069835089654215e-10,5.8207660913467407e-10,7,old,79,2023-03-21,14,14.000000000000279
storage_fixed_om_CNY,45,2082.1917808219177,2082.1917808219177,0,0,0,7,old,152,2023-06-02,1,1
storage_fixed_om_CNY,46,2082.1917808219177,2082.1917808219177,0,0,0,7,old,69,2023-03-11,1,1
storage_fixed_om_CNY,47,8328.767123287671,2082.1917808219177,0,0,0,7,old,189,2023-07-09,4,4
renewable_available_MWh,0,12887.02,615.03999999999996,-1201.260000000002,-3.4960976336151359e-10,-1201.2600000003513,7,new,130,2023-05-11,19,18.999999999999432
renewable_available_MWh,1,5102.5799999999999,1027.97,37.270000000000437,-9.1302077009913776e-13,37.269999999999527,7,new,103,2023-04-14,5,4.9999999999999991
renewable_available_MWh,2,15920.289999999999,1315.55,1181.8599999999988,7539.4491566910565,8721.3091566910571,7,new,134,2023-05-15,13,18.731024405527009
renewable_available_MWh,3,5867.2200000000003,414.12,-483.65999999999985,-2.155380940394025e-10,-483.6600000002154,7,new,112,2023-04-23,13,12.99999999999948
renewable_available_MWh,4,1813.2600000000002,1813.2600000000002,0,0,0,7,new,92,2023-04-03,1,1
renewable_available_MWh,5,2477.9200000000001,1426.8099999999999,375.69999999999982,0,375.69999999999982,7,new,121,2023-05-02,2,2
renewable_available_MWh,6,9548.0699999999997,1889.0499999999997,-102.82000000000153,0,-102.82000000000153,7,new,178,2023-06-28,5,5
renewable_available_MWh,7,10110.809999999999,598.48000000000002,661.82999999999993,6048.396092371142,6710.2260923711419,7,new,5,2023-01-06,18,28.106262686089998
renewable_available_MWh,8,1949.8299999999999,856.06999999999994,-237.69000000000005,3.8017144987634308e-13,-237.6899999999996,7,new,308,2023-11-05,2,2.0000000000000004
renewable_available_MWh,9,3421.6000000000004,1584.6600000000001,-252.2800000000002,0,-252.2800000000002,7,new,187,2023-07-07,2,2
renewable_available_MWh,10,12569.02,1187.3499999999999,-1882.8700000000008,1.067233590390515e-09,-1882.8699999989349,7,new,261,2023-09-19,9,9.0000000000008988
renewable_available_MWh,11,22838.580000000002,834.24000000000001,2188.619999999999,-12513.599999999999,-10324.98,7,new,108,2023-04-19,30,15.000000000000002
renewable_available_MWh,12,1734.3000000000002,1734.3000000000002,0,3.8509195832148184e-13,4.5474735088646412e-13,7,new,332,2023-11-29,1,1.0000000000000002
renewable_available_MWh,13,1498.7,1498.7,0,0,0,7,new,140,2023-05-21,1,1
renewable_available_MWh,14,9906.1900000000005,728.41000000000008,-1165.2699999999986,3.4935734305463486e-10,-1165.2699999996494,7,new,55,2023-02-25,12,12.00000000000048
renewable_available_MWh,15,14293.639999999999,771.55999999999995,-1948.6800000000003,0,-1948.6800000000003,7,new,88,2023-03-30,16,16
renewable_available_MWh,16,6581.3199999999997,320.69999999999999,474.07999999999993,-5.2969469940933321e-06,474.07999470305276,7,new,361,2023-12-28,22,21.999999983483171
renewable_available_MWh,17,2431.23,2431.23,0,0,0,7,new,13,2023-01-14,1,1
renewable_available_MWh,18,3139.1199999999999,1211.22,494.53999999999996,3.6307556960935017e-10,494.54000000036331,7,new,344,2023-12-11,3,3.0000000000002998
renewable_available_MWh,19,2014.5999999999999,1099.77,184.94000000000005,0,184.94000000000005,7,new,31,2023-02-01,2,2
renewable_available_MWh,20,17597.93,800.13999999999999,-1595.130000000001,-2.8426683229554328e-12,-1595.1300000000028,7,new,295,2023-10-23,20,19.999999999999996
renewable_available_MWh,21,4857.8199999999997,375.46000000000004,-352.29999999999927,1.8141065538657132e-10,-352.29999999981828,7,new,329,2023-11-26,12,12.000000000000483
renewable_available_MWh,22,3963.5900000000001,1520.77,598.71999999999935,4.5586634467298381e-10,598.72000000045591,7,new,12,2023-01-13,3,3.0000000000002998
renewable_available_MWh,23,3749.5799999999999,1278.49,85.890000000000327,3.8380820299721563e-10,85.890000000384134,7,new,125,2023-05-06,3,3.0000000000003002
renewable_available_MWh,24,7403.9499999999998,1164.28,-418.26999999999953,-1.3980874769004004e-09,-418.27000000139833,7,new,94,2023-04-05,6,5.9999999999987992
renewable_available_MWh,25,2118.9299999999998,2118.9299999999998,0,0,0,7,new,91,2023-04-02,1,1
renewable_available_MWh,26,18046.369999999999,564.83000000000004,-1101.4699999999975,-1782.2652082631582,-2883.7352082631551,7,new,330,2023-11-27,30,26.844598891236021
renewable_available_MWh,27,939.86000000000001,939.86000000000001,0,0,0,7,new,343,2023-12-10,1,1
renewable_available_MWh,28,4963.0599999999995,579.50999999999999,-326.97999999999956,0,-326.97999999999956,7,new,75,2023-03-17,8,8
renewable_available_MWh,29,1206.0700000000002,473.10000000000002,-259.87000000000012,-1.0504930259003232e-13,-259.87000000000023,7,new,48,2023-02-18,2,1.9999999999999998
renewable_available_MWh,30,1943.5999999999999,1943.5999999999999,0,-2.1578294706614542e-13,-2.2737367544323206e-13,7,new,70,2023-03-12,1,0.99999999999999989
renewable_available_MWh,31,1187.1900000000001,1187.1900000000001,0,2.6360913452094793e-13,2.2737367544323206e-13,7,new,123,2023-05-04,1,1.0000000000000002
renewable_available_MWh,32,1624.05,1624.05,0,0,0,7,new,348,2023-12-15,1,1
renewable_available_MWh,33,6486.6199999999999,1485.55,-544.42000000000007,0,-544.42000000000007,7,new,105,2023-04-16,4,4
renewable_available_MWh,34,1415.4899999999998,1415.4899999999998,0,0,0,7,new,74,2023-03-16,1,1
renewable_available_MWh,35,3008.5999999999999,1691.9200000000001,375.24000000000024,0,375.24000000000024,7,new,73,2023-03-15,2,2
renewable_available_MWh,36,10499.530000000001,609.35000000000002,2906.1700000000001,1412.5553468874307,4318.7253468874296,7,new,82,2023-03-24,22,24.318134646570002
renewable_available_MWh,37,4189.2399999999998,1012.6800000000001,-138.51999999999953,0,-138.51999999999953,7,new,239,2023-08-28,4,4
renewable_available_MWh,38,2063.9300000000003,983.48000000000002,-96.970000000000255,0,-96.970000000000255,7,new,93,2023-04-04,2,2
renewable_available_MWh,39,19449.639999999999,986.94999999999993,289.36000000000058,-0.011432645508261884,289.34856735448921,7,new,222,2023-08-11,20,19.999988416185715
renewable_available_MWh,40,1221.6599999999999,1221.6599999999999,0,-2.7126301205271372e-13,-2.2737367544323206e-13,7,new,291,2023-10-19,1,0.99999999999999978
renewable_available_MWh,41,2292.0299999999997,2292.0299999999997,0,0,0,7,new,186,2023-07-06,1,1
renewable_available_MWh,42,2274.4200000000001,2274.4200000000001,0,-2.5251134516679486e-13,-4.5474735088646412e-13,7,new,122,2023-05-03,1,0.99999999999999989
renewable_available_MWh,43,22014.759999999998,1165.1799999999998,2454.0199999999968,0.001416413221411048,2454.0214164132194,7,new,176,2023-06-26,21,21.00000121561752
renewable_available_MWh,44,3217.79,167.69999999999999,-869.99000000000024,-0.001718037867204103,-869.99171803786749,7,new,4,2023-01-05,14,13.999989755289999
renewable_available_MWh,45,1151.9099999999999,1151.9099999999999,0,0,0,7,new,152,2023-06-02,1,1
renewable_available_MWh,46,1425.9200000000001,1425.9200000000001,0,0,0,7,new,69,2023-03-11,1,1
renewable_available_MWh,47,4993.0500000000002,1239.71,-34.210000000000036,0,-34.210000000000036,7,new,189,2023-07-09,4,4
renewable_used_MWh,0,11758.513236451585,615.03999999999996,-72.753236451586417,-3.4960976336151359e-10,-72.753236451935663,7,new,130,2023-05-11,19,18.999999999999432
renewable_used_MWh,1,4099.8216487187747,934.03859999999077,570.37135128117916,-8.2959292768690919e-13,570.37135128117825,7,new,103,2023-04-14,5,4.9999999999999991
renewable_used_MWh,2,10840.232759833536,901.10227499997904,874.09681516619094,5164.2391299007904,6038.3359450669814,7,new,134,2023-05-15,13,18.731024405527009
renewable_used_MWh,3,5867.2200000000003,414.12,-483.65999999999985,-2.155380940394025e-10,-483.6600000002154,7,new,112,2023-04-23,13,12.99999999999948
renewable_used_MWh,4,1539.234974999983,1539.234974999983,0,0,0,7,new,92,2023-04-03,1,1
renewable_used_MWh,5,2358.5848753462474,1307.4748753462472,256.36487534624712,0,256.36487534624712,7,new,121,2023-05-02,2,2
renewable_used_MWh,6,5306.7852991688633,1113.5040997229685,260.73519944597865,0,260.73519944597865,7,new,178,2023-06-28,5,5
renewable_used_MWh,7,9049.8259333135065,495.66017499999009,-127.94278331368514,5009.2719315832383,4881.3291482695531,7,new,5,2023-01-06,18,28.106262686089998
renewable_used_MWh,8,1908.4793499999971,856.06999999999994,-196.33934999999724,3.8017144987634308e-13,-196.33934999999678,7,new,308,2023-11-05,2,2.0000000000000004
renewable_used_MWh,9,2057.3081994459367,965.85409972296839,-125.59999999999991,0,-125.59999999999991,7,new,187,2023-07-07,2,2
renewable_used_MWh,10,9705.6877402006849,936.39421052629791,-1278.1398454640039,8.4166535168305273e-10,-1278.1398454631617,7,new,261,2023-09-19,9,9.0000000000008988
renewable_used_MWh,11,16795.515929452078,569.58811572465993,292.12754228771882,-8543.8217358698985,-8251.6941935821778,7,new,108,2023-04-19,30,15.000000000000002
renewable_used_MWh,12,1460.1942105263031,1460.1942105263031,0,3.2422824659013096e-13,2.2737367544323206e-13,7,new,332,2023-11-29,1,1.0000000000000002
renewable_used_MWh,13,1498.7,1498.7,0,0,0,7,new,140,2023-05-21,1,1
renewable_used_MWh,14,9489.3603122229633,689.45421052631582,-1215.9097859071735,3.3067350962686475e-10,-1215.9097859068424,7,new,55,2023-02-25,12,12.00000000000048
renewable_used_MWh,15,10092.573183033292,567.79388552630269,-1007.8710146124486,0,-1007.8710146124486,7,new,88,2023-03-30,16,16
renewable_used_MWh,16,6581.3199999999997,320.69999999999999,474.07999999999993,-5.2969469940933321e-06,474.07999470305276,7,new,361,2023-12-28,22,21.999999983483171
renewable_used_MWh,17,2077.0240997229685,2077.0240997229685,0,0,0,7,new,13,2023-01-14,1,1
renewable_used_MWh,18,2714.9345454293148,1017.9134349030315,338.80575927977998,3.0512995177624902e-10,338.80575928008511,7,new,344,2023-12-11,3,3.0000000000002998
renewable_used_MWh,19,1976.6326315789474,1078.7042105263158,180.7757894736842,0,180.7757894736842,7,new,31,2023-02-01,2,2
renewable_used_MWh,20,13552.917488925787,567.02554016618421,-2212.4066856021018,-2.0144793927776455e-12,-2212.4066856021036,7,new,295,2023-10-23,20,19.999999999999996
renewable_used_MWh,21,4782.1076683311385,375.46000000000004,-276.58766833113805,1.8141065538657132e-10,-276.58766833095706,7,new,329,2023-11-26,12,12.000000000000483
renewable_used_MWh,22,3915.5906052631553,1473.7384999999977,505.62489473683763,4.4176817204366544e-10,505.62489473727965,7,new,12,2023-01-13,3,3.0000000000002998
renewable_used_MWh,23,3749.5799999999999,1278.49,85.890000000000327,3.8380820299721563e-10,85.890000000384134,7,new,125,2023-05-06,3,3.0000000000003002
renewable_used_MWh,24,4662.4849708390411,739.48210526313892,-225.59233926020715,-8.8798284842163242e-10,-225.59233926109573,7,new,94,2023-04-05,6,5.9999999999987992
renewable_used_MWh,25,1587.7129374999906,1587.7129374999906,0,0,0,7,new,91,2023-04-02,1,1
renewable_used_MWh,26,15336.310841508441,420.68284999998747,-2715.8253415088166,-1327.4231313279511,-4043.2484728367672,7,new,330,2023-11-27,30,26.844598891236021
renewable_used_MWh,27,910.71499999999969,910.71499999999969,0,0,0,7,new,343,2023-12-10,1,1
renewable_used_MWh,28,4894.9048753462466,579.50999999999999,-258.8248753462467,0,-258.8248753462467,7,new,75,2023-03-17,8,8
renewable_used_MWh,29,1206.0699999999999,473.09999999999997,-259.87,-1.050493025900323e-13,-259.87000000000012,7,new,48,2023-02-18,2,1.9999999999999998
renewable_used_MWh,30,935.15210526313263,935.15210526313263,0,-1.0382273987898179e-13,-1.1368683772161603e-13,7,new,70,2023-03-12,1,0.99999999999999989
renewable_used_MWh,31,771.48343490303159,771.48343490303159,0,1.7130373450924976e-13,2.2737367544323206e-13,7,new,123,2023-05-04,1,1.0000000000000002
renewable_used_MWh,32,1284.1840997229683,1284.1840997229683,0,0,0,7,new,348,2023-12-15,1,1
renewable_used_MWh,33,4184.2963988918737,969.25409972296848,-307.27999999999975,0,-307.27999999999975,7,new,105,2023-04-16,4,4
renewable_used_MWh,34,1263.6799999999926,1263.6799999999926,0,0,0,7,new,74,2023-03-16,1,1
renewable_used_MWh,35,2549.1256355262931,1421.8842105262979,294.64278552630276,0,294.64278552630276,7,new,73,2023-03-15,2,2
renewable_used_MWh,36,10007.294577018622,598.23504999999886,3153.8765229813525,1386.7893961975346,4540.6659191788876,7,new,82,2023-03-24,22,24.318134646570002
renewable_used_MWh,37,2887.2562744459033,780.64409972296835,235.32012444597012,0,235.32012444597012,7,new,239,2023-08-28,4,4
renewable_used_MWh,38,2063.9299999999998,983.48000000000002,-96.9699999999998,0,-96.9699999999998,7,new,93,2023-04-04,2,2
renewable_used_MWh,39,12715.702552729896,654.55109016618565,375.31925059381683,-0.0075821982683179114,375.31166839554862,7,new,222,2023-08-11,20,19.999988416185715
renewable_used_MWh,40,1221.6599999999999,1221.6599999999999,0,-2.7126301205271372e-13,-2.2737367544323206e-13,7,new,291,2023-10-19,1,0.99999999999999978
renewable_used_MWh,41,1466.1862049861263,1466.1862049861263,0,0,0,7,new,186,2023-07-06,1,1
renewable_used_MWh,42,1763.7801052631337,1763.7801052631337,0,-1.9581892832389133e-13,-2.2737367544323206e-13,7,new,122,2023-05-03,1,0.99999999999999989
renewable_used_MWh,43,15007.990480539727,811.04730526313574,2024.0029299861235,0.00098592331344900166,2024.0039159094376,7,new,176,2023-06-26,21,21.00000121561752
renewable_used_MWh,44,3217.79,167.69999999999999,-869.99000000000024,-0.001718037867204103,-869.99171803786749,7,new,4,2023-01-05,14,13.999989755289999
renewable_used_MWh,45,1151.9099999999999,1151.9099999999999,0,0,0,7,new,152,2023-06-02,1,1
renewable_used_MWh,46,1389.1063157894737,1389.1063157894737,0,0,0,7,new,69,2023-03-11,1,1
renewable_used_MWh,47,3525.5148211218147,930.41501578946065,196.14524203602787,0,196.14524203602787,7,new,189,2023-07-09,4,4
curtailment_MWh,0,1128.5067635484149,0,-1128.5067635484149,-0,-1128.5067635484149,7,new,130,2023-05-11,19,18.999999999999432
curtailment_MWh,1,1002.758351281225,93.931400000009234,-533.10135128117884,-8.3427842412228544e-14,-533.10135128117895,7,new,103,2023-04-14,5,4.9999999999999991
curtailment_MWh,2,5080.0572401664631,414.44772500002085,307.76318483380783,2375.2100267902656,2682.9732116240739,7,new,134,2023-05-15,13,18.731024405527009
curtailment_MWh,3,0,0,0,-0,0,7,new,112,2023-04-23,13,12.99999999999948
curtailment_MWh,4,274.02502500001691,274.02502500001691,0,0,0,7,new,92,2023-04-03,1,1
curtailment_MWh,5,119.33512465375267,119.33512465375267,119.33512465375267,0,119.33512465375267,7,new,121,2023-05-02,2,2
curtailment_MWh,6,4241.2847008311373,775.54590027703159,-363.55519944597927,0,-363.55519944597927,7,new,178,2023-06-28,5,5
curtailment_MWh,7,1060.9840666864932,102.81982500000996,789.77278331368598,1039.1241607879042,1828.8969441015904,7,new,5,2023-01-06,18,28.106262686089998
curtailment_MWh,8,41.350650000002858,0,-41.350650000002858,0,-41.350650000002858,7,new,308,2023-11-05,2,2.0000000000000004
curtailment_MWh,9,1364.2918005540632,618.80590027703147,-126.68000000000029,0,-126.68000000000029,7,new,187,2023-07-07,2,2
curtailment_MWh,10,2863.3322597993151,250.95578947370217,-604.73015453599555,2.255682387074623e-10,-604.73015453577,7,new,261,2023-09-19,9,9.0000000000008988
curtailment_MWh,11,6043.0640705479218,264.65188427534008,1896.4924577122802,-3969.7782641301005,-2073.2858064178199,7,new,108,2023-04-19,30,15.000000000000002
curtailment_MWh,12,274.10578947369686,274.10578947369686,0,6.0863711731350825e-14,5.6843418860808015e-14,7,new,332,2023-11-29,1,1.0000000000000002
curtailment_MWh,13,0,0,0,0,0,7,new,140,2023-05-21,1,1
curtailment_MWh,14,416.82968777703644,38.955789473684263,50.639785907174712,1.8683833427770137e-11,50.639785907193414,7,new,55,2023-02-25,12,12.00000000000048
curtailment_MWh,15,4201.0668169667078,203.76611447369726,-940.80898538755173,0,-940.80898538755173,7,new,88,2023-03-30,16,16
curtailment_MWh,16,0,0,0,-0,0,7,new,361,2023-12-28,22,21.999999983483171
curtailment_MWh,17,354.20590027703156,354.20590027703156,0,0,0,7,new,13,2023-01-14,1,1
curtailment_MWh,18,424.18545457068512,193.30656509696846,155.73424072022021,5.7945617833101133e-11,155.73424072027819,7,new,344,2023-12-11,3,3.0000000000002998
curtailment_MWh,19,37.967368421052697,21.06578947368423,4.1642105263157632,0,4.1642105263157632,7,new,31,2023-02-01,2,2
curtailment_MWh,20,4045.0125110742138,233.11445983381583,617.27668560210259,-8.2818893017778744e-13,617.27668560210168,7,new,295,2023-10-23,20,19.999999999999996
curtailment_MWh,21,75.712331668861665,0,-75.712331668861665,0,-75.712331668861665,7,new,329,2023-11-26,12,12.000000000000483
curtailment_MWh,22,47.999394736844565,47.031500000002438,93.09510526316275,1.4098172629318404e-11,93.095105263176848,7,new,12,2023-01-13,3,3.0000000000002998
curtailment_MWh,23,0,0,0,0,0,7,new,125,2023-05-06,3,3.0000000000003002
curtailment_MWh,24,2741.4650291609596,424.79789473686105,-192.67766073979328,-5.1010462847876799e-10,-192.67766074030351,7,new,94,2023-04-05,6,5.9999999999987992
curtailment_MWh,25,531.21706250000943,531.21706250000943,0,0,0,7,new,91,2023-04-02,1,1
curtailment_MWh,26,2710.0591584915592,144.14715000001252,1614.3553415088163,-454.84207693520705,1159.5132645736094,7,new,330,2023-11-27,30,26.844598891236021
curtailment_MWh,27,29.145000000000366,29.145000000000366,0,0,0,7,new,343,2023-12-10,1,1
curtailment_MWh,28,68.155124653752708,0,-68.155124653752708,0,-68.155124653752708,7,new,75,2023-03-17,8,8
curtailment_MWh,29,0,0,0,-0,0,7,new,48,2023-02-18,2,1.9999999999999998
curtailment_MWh,30,1008.4478947368674,1008.4478947368674,0,-1.1196020718716364e-13,-1.1368683772161603e-13,7,new,70,2023-03-12,1,0.99999999999999989
curtailment_MWh,31,415.70656509696846,415.70656509696846,0,9.2305400011698171e-14,1.1368683772161603e-13,7,new,123,2023-05-04,1,1.0000000000000002
curtailment_MWh,32,339.86590027703159,339.86590027703159,0,0,0,7,new,348,2023-12-15,1,1
curtailment_MWh,33,2302.3236011081262,516.29590027703159,-237.13999999999987,0,-237.13999999999987,7,new,105,2023-04-16,4,4
curtailment_MWh,34,151.81000000000734,151.81000000000734,0,0,0,7,new,74,2023-03-16,1,1
curtailment_MWh,35,459.47436447370717,270.03578947370215,80.597214473697136,0,80.597214473697136,7,new,73,2023-03-15,2,2
curtailment_MWh,36,492.23542298137812,11.114950000001098,-247.70652298135397,25.765950689895785,-221.94057229145818,7,new,82,2023-03-24,22,24.318134646570002
curtailment_MWh,37,1301.9837255540965,232.0359002770316,-373.8401244459701,0,-373.8401244459701,7,new,239,2023-08-28,4,4
curtailment_MWh,38,0,0,0,0,0,7,new,93,2023-04-04,2,2
curtailment_MWh,39,6733.9374472701047,332.39890983381429,-85.959250593818979,-0.003850447239943973,-85.963101041058508,7,new,222,2023-08-11,20,19.999988416185715
curtailment_MWh,40,0,0,0,-0,0,7,new,291,2023-10-19,1,0.99999999999999978
curtailment_MWh,41,825.84379501387366,825.84379501387366,0,0,0,7,new,186,2023-07-06,1,1
curtailment_MWh,42,510.63989473686627,510.63989473686627,0,-5.6692416842903522e-14,-5.6843418860808015e-14,7,new,122,2023-05-03,1,0.99999999999999989
curtailment_MWh,43,7006.7695194602729,354.13269473686427,430.01707001387695,0.00043048990796204641,430.0175005037845,7,new,176,2023-06-26,21,21.00000121561752
curtailment_MWh,44,0,0,0,-0,0,7,new,4,2023-01-05,14,13.999989755289999
curtailment_MWh,45,0,0,0,0,0,7,new,152,2023-06-02,1,1
curtailment_MWh,46,36.813684210526361,36.813684210526361,0,0,0,7,new,69,2023-03-11,1,1
curtailment_MWh,47,1467.5351788781854,309.29498421053933,-230.35524203602813,0,-230.35524203602813,7,new,189,2023-07-09,4,4
total_load_MWh,0,56140.800000000003,2924,-584.80000000000291,-1.6621015674900264e-09,-584.80000000166183,7,new,130,2023-05-11,19,18.999999999999432
total_load_MWh,1,14327.6,2924,292.39999999999964,-2.5970336992031662e-12,292.39999999999782,7,new,103,2023-04-14,5,4.9999999999999991
total_load_MWh,2,38304.400000000001,3070.1999999999998,1608.1999999999971,17595.39112984902,19203.591129849017,7,new,134,2023-05-15,13,18.731024405527009
total_load_MWh,3,37719.599999999999,2924,292.40000000000146,-1.5218617477330554e-09,292.39999999848078,7,new,112,2023-04-23,13,12.99999999999948
total_load_MWh,4,3070.1999999999998,3070.1999999999998,0,0,0,7,new,92,2023-04-03,1,1
total_load_MWh,5,5848,2924,0,0,0,7,new,121,2023-05-02,2,2
total_load_MWh,6,14327.6,2924,292.39999999999964,0,292.39999999999964,7,new,178,2023-06-28,5,5
total_load_MWh,7,55263.599999999999,3070.1999999999998,0,31028.247698833511,31028.247698833504,7,new,5,2023-01-06,18,28.106262686089998
total_load_MWh,8,5848,3070.1999999999998,292.39999999999964,1.3634426920816622e-12,292.40000000000055,7,new,308,2023-11-05,2,2.0000000000000004
total_load_MWh,9,5994.1999999999998,2924,-146.19999999999982,0,-146.19999999999982,7,new,187,2023-07-07,2,2
total_load_MWh,10,26608.400000000001,2777.8000000000002,-1608.2000000000007,2.496788198413924e-09,-1608.1999999975014,7,new,261,2023-09-19,9,9.0000000000008988
total_load_MWh,11,84503.600000000006,2777.8000000000002,-1169.6000000000058,-41667,-42836.599999999999,7,new,108,2023-04-19,30,15.000000000000002
total_load_MWh,12,3070.1999999999998,3070.1999999999998,0,6.8172134604083108e-13,4.5474735088646412e-13,7,new,332,2023-11-29,1,1.0000000000000002
total_load_MWh,13,3070.1999999999998,3070.1999999999998,0,0,0,7,new,140,2023-05-21,1,1
total_load_MWh,14,35526.599999999999,2924,-438.59999999999854,1.4023981975697097e-09,-438.59999999859428,7,new,55,2023-02-25,12,12.00000000000048
total_load_MWh,15,47661.199999999997,2924,-877.19999999999709,0,-877.19999999999709,7,new,88,2023-03-30,16,16
total_load_MWh,16,64181.800000000003,2924,146.19999999999709,-4.8295207392357042e-05,146.19995170478796,7,new,361,2023-12-28,22,21.999999983483171
total_load_MWh,17,2924,2924,0,0,0,7,new,13,2023-01-14,1,1
total_load_MWh,18,9064.3999999999996,3070.1999999999998,146.19999999999891,9.2032381715512191e-10,146.20000000091932,7,new,344,2023-12-11,3,3.0000000000002998
total_load_MWh,19,5701.8000000000002,2924,146.19999999999982,0,146.19999999999982,7,new,31,2023-02-01,2,2
total_load_MWh,20,60526.799999999996,2924,-2046.7999999999956,-1.0388134796812665e-11,-2046.8000000000029,7,new,295,2023-10-23,20,19.999999999999996
total_load_MWh,21,36842.399999999994,3070.1999999999998,0,1.4834256489848484e-09,1.4842953532934189e-09,7,new,329,2023-11-26,12,12.000000000000483
total_load_MWh,22,8625.7999999999993,2777.8000000000002,-292.39999999999782,8.3267392980701526e-10,-292.39999999916654,7,new,12,2023-01-13,3,3.0000000000002998
total_load_MWh,23,9064.3999999999996,3070.1999999999998,146.19999999999891,9.2168725984720366e-10,146.20000000092114,7,new,125,2023-05-06,3,3.0000000000003002
total_load_MWh,24,17397.799999999999,2924,146.20000000000073,-3.5111895613226807e-09,146.19999999649008,7,new,94,2023-04-05,6,5.9999999999987992
total_load_MWh,25,2924,2924,0,0,0,7,new,91,2023-04-02,1,1
total_load_MWh,26,85819.400000000009,2777.8000000000002,-2485.4000000000087,-8765.07319992458,-11250.473199924585,7,new,330,2023-11-27,30,26.844598891236021
total_load_MWh,27,2924,2924,0,0,0,7,new,343,2023-12-10,1,1
total_load_MWh,28,22661,2777.8000000000002,-438.59999999999854,0,-438.59999999999854,7,new,75,2023-03-17,8,8
total_load_MWh,29,5555.6000000000004,2777.8000000000002,0,-6.1679550356075201e-13,-9.0949470177292824e-13,7,new,48,2023-02-18,2,1.9999999999999998
total_load_MWh,30,2924,2924,0,-3.2462921240039577e-13,-4.5474735088646412e-13,7,new,70,2023-03-12,1,0.99999999999999989
total_load_MWh,31,2777.8000000000002,2777.8000000000002,0,6.1679550356075201e-13,4.5474735088646412e-13,7,new,123,2023-05-04,1,1.0000000000000002
total_load_MWh,32,2777.8000000000002,2777.8000000000002,0,0,0,7,new,348,2023-12-15,1,1
total_load_MWh,33,11403.6,2777.8000000000002,-292.39999999999964,0,-292.39999999999964,7,new,105,2023-04-16,4,4
total_load_MWh,34,3070.1999999999998,3070.1999999999998,0,0,0,7,new,74,2023-03-16,1,1
total_load_MWh,35,5848,2924,0,0,0,7,new,73,2023-03-15,2,2
total_load_MWh,36,61988.800000000003,2924,2339.1999999999971,6778.2257065706854,9117.425706570677,7,new,82,2023-03-24,22,24.318134646570002
total_load_MWh,37,12134.599999999999,3070.1999999999998,146.20000000000073,0,146.20000000000073,7,new,239,2023-08-28,4,4
total_load_MWh,38,5555.6000000000004,2777.8000000000002,0,0,0,7,new,93,2023-04-04,2,2
total_load_MWh,39,55702.200000000004,2777.8000000000002,-146.20000000000437,-0.032177519319975548,-146.23217751931952,7,new,222,2023-08-11,20,19.999988416185715
total_load_MWh,40,2777.8000000000002,2777.8000000000002,0,-6.1679550356075201e-13,-4.5474735088646412e-13,7,new,291,2023-10-19,1,0.99999999999999978
total_load_MWh,41,2777.8000000000002,2777.8000000000002,0,0,0,7,new,186,2023-07-06,1,1
total_load_MWh,42,3070.1999999999998,3070.1999999999998,0,-3.4086067302041554e-13,-4.5474735088646412e-13,7,new,122,2023-05-03,1,0.99999999999999989
total_load_MWh,43,63743.199999999997,3070.1999999999998,731,0.0037321889084743986,731.00373218891036,7,new,176,2023-06-26,21,21.00000121561752
total_load_MWh,44,41813.199999999997,2924,-877.19999999999709,-0.029955532043558719,-877.22995553204237,7,new,4,2023-01-05,14,13.999989755289999
total_load_MWh,45,3070.1999999999998,3070.1999999999998,0,0,0,7,new,152,2023-06-02,1,1
total_load_MWh,46,2777.8000000000002,2777.8000000000002,0,0,0,7,new,69,2023-03-11,1,1
total_load_MWh,47,11403.6,2777.8000000000002,-292.39999999999964,0,-292.39999999999964,7,new,189,2023-07-09,4,4
thermal_generation_MWh,0,41018.062003216757,2122.5148302631519,-690.28022821687046,-1.2065099953492517e-09,-690.28022821807826,7,new,130,2023-05-11,19,18.999999999999432
thermal_generation_MWh,1,9830.3932548475932,1892.5796675900208,-367.49491689748902,-1.680948418316693e-12,-367.49491689749084,7,new,103,2023-04-14,5,4.9999999999999991
thermal_generation_MWh,2,26483.017781059487,2076.3721052631577,509.8195873615623,11899.739210218653,12409.558797580215,7,new,134,2023-05-15,13,18.731024405527009
thermal_generation_MWh,3,30888.490914127389,2438.9638227146738,818.03878116337,-1.2694137297859942e-09,818.03878116210035,7,new,112,2023-04-23,13,12.99999999999948
thermal_generation_MWh,4,1539.6093429697648,1539.6093429697648,0,0,0,7,new,92,2023-04-03,1,1
thermal_generation_MWh,5,3497.2942105263101,1621.9699999999946,-253.35421052632091,0,-253.35421052632091,7,new,121,2023-05-02,2,2
thermal_generation_MWh,6,8923.0360497156653,1807.8192243767246,116.06007216795842,0,116.06007216795842,7,new,178,2023-06-28,5,5
thermal_generation_MWh,7,40987.797485308372,2282.2521052631523,92.740409428370185,23065.039291671339,23157.779701099709,7,new,5,2023-01-06,18,28.106262686089998
thermal_generation_MWh,8,3812.6654302631418,2083.1154302631526,353.56543026316331,9.2508908545203664e-13,353.56543026316422,7,new,308,2023-11-05,2,2.0000000000000004
thermal_generation_MWh,9,3821.0938504154992,1907.6985041551213,-5.6968421052565645,0,-5.6968421052565645,7,new,187,2023-07-07,2,2
thermal_generation_MWh,10,16901.559335179933,1841.7162049861386,-326.11349030468409,1.6554018595424689e-09,-326.11349030302881,7,new,261,2023-09-19,9,9.0000000000008988
thermal_generation_MWh,11,64139.930491042018,2085.5943785877307,-1572.0991334100981,-31283.915678815956,-32856.014812226058,7,new,108,2023-04-19,30,15.000000000000002
thermal_generation_MWh,12,1617.6521052631524,1617.6521052631524,0,3.5919092261930183e-13,4.5474735088646412e-13,7,new,332,2023-11-29,1,1.0000000000000002
thermal_generation_MWh,13,1572.2011357340693,1572.2011357340693,0,0,0,7,new,140,2023-05-21,1,1
thermal_generation_MWh,14,25176.852816124163,2163.1019697368342,780.37082071784971,1.0374590641307884e-09,780.37082071888653,7,new,55,2023-02-25,12,12.00000000000048
thermal_generation_MWh,15,34248.327634210487,2146.6421052631526,97.946049999954994,0,97.946049999954994,7,new,88,2023-03-30,16,16
thermal_generation_MWh,16,53078.35263157895,2404.4442105263156,-180.58000000000902,-3.9713793368919495e-05,-180.58003971380094,7,new,361,2023-12-28,22,21.999999983483171
thermal_generation_MWh,17,856.08669999999142,856.08669999999142,0,0,0,7,new,13,2023-01-14,1,1
thermal_generation_MWh,18,6065.5060691676699,1995.0539612188363,-80.344185511161413,5.9803780764098956e-10,-80.344185510562966,7,new,344,2023-12-11,3,3.0000000000002998
thermal_generation_MWh,19,3645.2920291859518,1825.1399239228101,4.9878186596683918,0,4.9878186596683918,7,new,31,2023-02-01,2,2
thermal_generation_MWh,20,43592.101012118954,2199.5021052631578,397.94109314420348,-7.8142012159189199e-12,397.9410931441962,7,new,295,2023-10-23,20,19.999999999999996
thermal_generation_MWh,21,28521.180520782895,2400.6842105263158,287.0300055328953,1.1599363341175424e-09,287.03000553405582,7,new,329,2023-11-26,12,12.000000000000483
thermal_generation_MWh,22,4715.5769749999845,1306.4599999999946,-796.19697500000075,3.9162473264297954e-10,-796.19697499960921,7,new,12,2023-01-13,3,3.0000000000002998
thermal_generation_MWh,23,5318.1820978341657,1792.0543152454768,57.980847902264941,5.3798242176925296e-10,57.980847902802452,7,new,125,2023-05-06,3,3.0000000000003002
thermal_generation_MWh,24,12203.828369736812,2119.6176454293582,513.87750283933747,-2.5452733757274012e-09,513.8775028367927,7,new,94,2023-04-05,6,5.9999999999987992
thermal_generation_MWh,25,1343.9571052631418,1343.9571052631418,0,0,0,7,new,91,2023-04-02,1,1
thermal_generation_MWh,26,66441.500356741191,2218.6221052631527,117.16280115339032,-7000.642650875624,-6883.4798497222364,7,new,330,2023-11-27,30,26.844598891236021
thermal_generation_MWh,27,2009.9979701523453,2009.9979701523453,0,0,0,7,new,343,2023-12-10,1,1
thermal_generation_MWh,28,17374.179058171725,2142.6217728531856,-233.20487534624044,0,-233.20487534624044,7,new,75,2023-03-17,8,8
thermal_generation_MWh,29,4354.081585526309,2307.3942105263159,260.70683552632272,-5.1234443588262032e-13,260.70683552632181,7,new,48,2023-02-18,2,1.9999999999999998
thermal_generation_MWh,30,1882.0227700831003,1882.0227700831003,0,-2.0894650122150752e-13,-2.2737367544323206e-13,7,new,70,2023-03-12,1,0.99999999999999989
thermal_generation_MWh,31,1953.1295567867016,1953.1295567867016,0,4.3368188080410467e-13,4.5474735088646412e-13,7,new,123,2023-05-04,1,1.0000000000000002
thermal_generation_MWh,32,1502.9074882271368,1502.9074882271368,0,0,0,7,new,348,2023-12-15,1,1
thermal_generation_MWh,33,7181.7594459833454,1815.038476454286,78.394459833798464,0,78.394459833798464,7,new,105,2023-04-16,4,4
thermal_generation_MWh,34,1811.3069529085781,1811.3069529085781,0,0,0,7,new,74,2023-03-16,1,1
thermal_generation_MWh,35,3316.4879501384685,1509.2999999999945,-297.88795013847948,0,-297.88795013847948,7,new,73,2023-03-15,2,2
thermal_generation_MWh,36,49310.188527100843,2207.8621052631524,-737.22221131149126,5118.121641059498,4380.8994297480094,7,new,82,2023-03-24,22,24.318134646570002
thermal_generation_MWh,37,8516.9084210526307,2109.0621052631577,-80.659999999999854,0,-80.659999999999854,7,new,239,2023-08-28,4,4
thermal_generation_MWh,38,3492.6996333114284,1794.8406833114304,96.981733311432436,0,96.981733311432436,7,new,93,2023-04-04,2,2
thermal_generation_MWh,39,41320.893320221476,2041.5754552631531,-489.38421495841612,-0.023649230921923097,-489.40786418933567,7,new,222,2023-08-11,20,19.999988416185715
thermal_generation_MWh,40,1555.4181302631528,1555.4181302631528,0,-3.4537220422751264e-13,-4.5474735088646412e-13,7,new,291,2023-10-19,1,0.99999999999999978
thermal_generation_MWh,41,1321.3799999999894,1321.3799999999894,0,0,0,7,new,186,2023-07-06,1,1
thermal_generation_MWh,42,1317.4278499999882,1317.4278499999882,0,-1.4626387323524039e-13,-2.2737367544323206e-13,7,new,122,2023-05-03,1,0.99999999999999989
thermal_generation_MWh,43,44037.632105263147,2038.5899999999999,-1227.2421052631471,0.002478145719147555,-1227.2396271174293,7,new,176,2023-06-26,21,21.00000121561752
thermal_generation_MWh,44,35169.878947368423,2512.1142105263157,-0.2800000000061118,-0.025735881576778474,-0.30573588157858467,7,new,4,2023-01-05,14,13.999989755289999
thermal_generation_MWh,45,1922.6428645429207,1922.6428645429207,0,0,0,7,new,152,2023-06-02,1,1
thermal_generation_MWh,46,1395.6601874999769,1395.6601874999769,0,0,0,7,new,69,2023-03-11,1,1
thermal_generation_MWh,47,7852.0852216066078,1842.4267867035931,-482.37807479223557,0,-482.37807479223557,7,new,189,2023-07-09,4,4
unserved_MWh,0,3489.3508999997871,191.5299999999894,149.71910000001162,-1.0887220014409957e-10,149.71909999990248,7,new,130,2023-05-11,19,18.999999999999432
unserved_MWh,1,447.60999999994692,105.5599999999894,80.190000000000055,-9.3756113983535806e-14,80.189999999999941,7,new,103,2023-04-14,5,4.9999999999999991
unserved_MWh,2,1123.6705499998493,102.64839999998856,210.75865000000204,588.28048558823309,799.03913558823501,7,new,134,2023-05-15,13,18.731024405527009
unserved_MWh,3,1025.929399999827,76.319999999989392,-33.76939999996489,-3.9722465317021423e-11,-33.769400000004566,7,new,112,2023-04-23,13,12.99999999999948
unserved_MWh,4,0,0,0,0,0,7,new,92,2023-04-03,1,1
unserved_MWh,5,0.84999999998937403,0,-0.84999999998937403,0,-0.84999999998937403,7,new,121,2023-05-02,2,2
unserved_MWh,6,154.08999999995751,14.259999999989372,-82.79000000001065,0,-82.79000000001065,7,new,178,2023-06-28,5,5
unserved_MWh,7,5345.8309999998037,300.27999999998929,59.209000000003471,3034.7085593789966,3093.9175593790005,7,new,5,2023-01-06,18,28.106262686089998
unserved_MWh,8,135.91999999998939,135.91999999998939,135.91999999998939,6.0360605402815797e-14,135.91999999998944,7,new,308,2023-11-05,2,2.0000000000000004
unserved_MWh,9,138.96999999997874,61.119999999989389,-16.729999999999961,0,-16.729999999999961,7,new,187,2023-07-07,2,2
unserved_MWh,10,96.599999999946817,11.569999999989381,7.5299999999576102,1.039953900771207e-11,7.5299999999680125,7,new,261,2023-09-19,9,9.0000000000008988
unserved_MWh,11,3854.2395249996548,132.021874999989,106.41672500001505,-1980.3281249998347,-1873.9113999998197,7,new,108,2023-04-19,30,15.000000000000002
unserved_MWh,12,1.1799999999893585,1.1799999999893585,0,2.6201263380917404e-16,2.2204460492503131e-16,7,new,332,2023-11-29,1,1.0000000000000002
unserved_MWh,13,0,0,0,0,0,7,new,140,2023-05-21,1,1
unserved_MWh,14,940.68999999987238,77.099999999989379,-15.489999999999895,3.6978420325789922e-11,-15.489999999962833,7,new,55,2023-02-25,12,12.00000000000048
unserved_MWh,15,3473.7774999998228,218.51999999998935,22.542500000006839,0,22.542500000006839,7,new,88,2023-03-30,16,16
unserved_MWh,16,4597.3313249997564,202.89659999998688,-133.60612500004481,-3.3512084049943487e-06,-133.60612835125357,7,new,361,2023-12-28,22,21.999999983483171
unserved_MWh,17,0,0,0,0,0,7,new,13,2023-01-14,1,1
unserved_MWh,18,308.37999999996805,64.889999999989371,-113.70999999999992,1.9451440458336944e-11,-113.70999999998048,7,new,344,2023-12-11,3,3.0000000000002998
unserved_MWh,19,93.20999999997872,25.279999999989371,-42.649999999999977,0,-42.649999999999977,7,new,31,2023-02-01,2,2
unserved_MWh,20,3588.6065749997497,168.40967499998391,-220.41307500007133,-5.9831135601478957e-13,-220.41307500007224,7,new,295,2023-10-23,20,19.999999999999996
unserved_MWh,21,3583.3399999998715,297.33999999998929,-15.259999999999764,1.4366548839461239e-10,-15.259999999856518,7,new,329,2023-11-26,12,12.000000000000483
unserved_MWh,22,0,0,0,0,0,7,new,12,2023-01-13,3,3.0000000000002998
unserved_MWh,23,0,0,0,0,0,7,new,125,2023-05-06,3,3.0000000000003002
unserved_MWh,24,595.56217499993602,75.399999999989376,-143.16217499999976,-9.0541618646953772e-11,-143.16217500009031,7,new,94,2023-04-05,6,5.9999999999987992
unserved_MWh,25,0,0,0,0,0,7,new,91,2023-04-02,1,1
unserved_MWh,26,4292.3412249996472,147.40187499998896,129.71502500002134,-465.11203980885455,-335.39701480883286,7,new,330,2023-11-27,30,26.844598891236021
unserved_MWh,27,9.3399999999893613,9.3399999999893613,0,0,0,7,new,343,2023-12-10,1,1
unserved_MWh,28,426.61962499991847,58.959999999989364,45.060374999996441,0,45.060374999996441,7,new,75,2023-03-17,8,8
unserved_MWh,29,0.58999999998935793,0.58999999998935793,0.58999999998935793,-1.3100631690340546e-16,0.5899999999893577,7,new,48,2023-02-18,2,1.9999999999999998
unserved_MWh,30,118.50999999998935,118.50999999998935,0,-1.3157253064831547e-14,-1.4210854715202004e-14,7,new,70,2023-03-12,1,0.99999999999999989
unserved_MWh,31,61.51477499998883,61.51477499998883,0,1.3659023911924713e-14,1.4210854715202004e-14,7,new,123,2023-05-04,1,1.0000000000000002
unserved_MWh,32,0,0,0,0,0,7,new,348,2023-12-15,1,1
unserved_MWh,33,79.419999999978771,5.3899999999894055,-57.860000000021145,0,-57.860000000021145,7,new,105,2023-04-16,4,4
unserved_MWh,34,0,0,0,0,0,7,new,74,2023-03-16,1,1
unserved_MWh,35,0,0,0,0,0,7,new,73,2023-03-15,2,2
unserved_MWh,36,2799.0194999997393,124.01727499998665,-70.639450000032866,287.48874195066878,216.84929195063569,7,new,82,2023-03-24,22,24.318134646570002
unserved_MWh,37,766.93799999995701,190.25999999998933,-5.8979999999996835,0,-5.8979999999996835,7,new,239,2023-08-28,4,4
unserved_MWh,38,0,0,0,0,0,7,new,93,2023-04-04,2,2
unserved_MWh,39,1884.6459999997705,91.89999999998939,-46.645999999982678,-0.001064552532761686,-46.647064552515531,7,new,222,2023-08-11,20,19.999988416185715
unserved_MWh,40,5.5999999999893593,5.5999999999893593,0,-1.2434497875778126e-15,-8.8817841970012523e-16,7,new,291,2023-10-19,1,0.99999999999999978
unserved_MWh,41,0,0,0,0,0,7,new,186,2023-07-06,1,1
unserved_MWh,42,0,0,0,-0,0,7,new,122,2023-05-03,1,0.99999999999999989
unserved_MWh,43,4903.05964999977,230.65999999998928,-59.199649999995017,0.00028039433705578297,-59.199369605657921,7,new,176,2023-06-26,21,21.00000121561752
unserved_MWh,44,3474.0947249998421,247.46999999998934,-9.5147249999913583,-0.0025352583840010795,-9.517260258375245,7,new,4,2023-01-05,14,13.999989755289999
unserved_MWh,45,0,0,0,0,0,7,new,152,2023-06-02,1,1
unserved_MWh,46,0,0,0,0,0,7,new,69,2023-03-11,1,1
unserved_MWh,47,68.069999999968076,14.649999999989365,-9.4700000000106144,0,-9.4700000000106144,7,new,189,2023-07-09,4,4
discharge_MWh,0,1158.2188825732369,47.067275000016423,-263.94065757292492,-2.6754648274627711e-11,-263.94065757295164,7,new,130,2023-05-11,19,18.999999999999432
discharge_MWh,1,464.90231250013136,75.701400000025245,-86.395312500005105,-6.7236349821109482e-14,-86.395312500005218,7,new,103,2023-04-14,5,4.9999999999999991
discharge_MWh,2,1319.2336875003245,91.849325000032195,-125.19246249990601,526.3907232063666,401.19826070646059,7,new,134,2023-05-15,13,18.731024405527009
discharge_MWh,3,574.27060000017298,50.020000000010661,75.989399999965599,-2.6034037148298104e-11,75.989399999939565,7,new,112,2023-04-23,13,12.99999999999948
discharge_MWh,4,80.015353515134478,80.015353515134478,0,0,0,7,new,92,2023-04-03,1,1
discharge_MWh,5,80.800000000021285,50.400000000010643,20,0,20,7,new,121,2023-05-02,2,2
discharge_MWh,6,521.24094736852203,107.2200000000107,14.859052631531426,0,14.859052631531426,7,new,178,2023-06-28,5,5
discharge_MWh,7,1109.4216698098426,73.979825000025912,222.21518019062387,747.65954492122989,969.87472511185388,7,new,5,2023-01-06,18,28.106262686089998
discharge_MWh,8,83.907325000029402,45.40667500001593,6.9060250000024581,2.0164614422675666e-14,6.9060250000024723,7,new,308,2023-11-05,2,2.0000000000000004
discharge_MWh,9,214.49000000002127,98.790000000010664,-16.90999999999994,0,-16.90999999999994,7,new,187,2023-07-07,2,2
discharge_MWh,10,883.49728750021609,109.97000000002861,106.23271250004132,9.8845056584221552e-11,106.23271250014022,7,new,261,2023-09-19,9,9.0000000000008988
discharge_MWh,11,2648.1288800926732,87.050700558492096,-36.607863337910203,-1305.7605083773813,-1342.3683717152917,7,new,108,2023-04-19,30,15.000000000000002
discharge_MWh,12,81.700000000028609,81.700000000028609,0,1.814104422238141e-14,1.4210854715202004e-14,7,new,332,2023-11-29,1,1.0000000000000002
discharge_MWh,13,6.4899999999999931,6.4899999999999931,0,0,0,7,new,140,2023-05-21,1,1
discharge_MWh,14,743.31870085566106,52.355925000016349,-115.04760085546491,2.5110757473364512e-11,-115.04760085543978,7,new,55,2023-02-25,12,12.00000000000048
discharge_MWh,15,1420.6582698753848,82.900325000029028,-94.253069874920357,0,-94.253069874920357,7,new,88,2023-03-30,16,16
discharge_MWh,16,696.11867500024368,37.403400000013107,126.75612500004468,-6.1778555409709999e-07,126.75612438225915,7,new,361,2023-12-28,22,21.999999983483171
discharge_MWh,17,84.333300000008521,84.333300000008521,0,0,0,7,new,13,2023-01-14,1,1
discharge_MWh,18,226.04722742388753,70.880000000010682,-13.407227423855488,2.1247004156069598e-11,-13.407227423834229,7,new,344,2023-12-11,3,3.0000000000002998
discharge_MWh,19,123.43109067021373,47.431090670187132,-28.568909329839471,0,-28.568909329839471,7,new,31,2023-02-01,2,2
discharge_MWh,20,1914.4577551879718,101.24032500002146,110.34874481245743,-3.5967788747378455e-13,110.34874481245697,7,new,295,2023-10-23,20,19.999999999999996
discharge_MWh,21,409.39426333785678,30.400000000010643,-44.594263337729046,1.4688339433637934e-11,-44.594263337714381,7,new,329,2023-11-26,12,12.000000000000483
discharge_MWh,22,49.684525000017352,22.201500000007773,16.919975000005969,6.6551264499304915e-12,16.91997500001262,7,new,12,2023-01-13,3,3.0000000000002998
discharge_MWh,23,31.12095687533958,3.1871231696820979,-21.559587366293286,9.5678809884041003e-13,-21.55958736629233,7,new,125,2023-05-06,3,3.0000000000003002
discharge_MWh,24,593.10925956263407,97.190000000029599,-9.9692595624565001,-1.1670742594564134e-10,-9.9692595625731428,7,new,94,2023-04-05,6,5.9999999999987992
discharge_MWh,25,70.99706250002005,70.99706250002005,0,0,0,7,new,91,2023-04-02,1,1
discharge_MWh,26,2321.0673023926934,82.445275000028857,152.29094760817225,-260.14791214744218,-107.85696453926994,7,new,330,2023-11-27,30,26.844598891236021
discharge_MWh,27,56.028775000012899,56.028775000012899,0,0,0,7,new,343,2023-12-10,1,1
discharge_MWh,28,321.23037500008684,30.470000000010632,-77.470375000001781,0,-77.470375000001781,7,new,75,2023-03-17,8,8
discharge_MWh,29,47.59262500001185,30.400000000010643,13.207375000009435,-6.7501559897233149e-15,13.207375000009428,7,new,48,2023-02-18,2,1.9999999999999998
discharge_MWh,30,108.16000000003592,108.16000000003592,0,-1.2008172234349681e-14,-1.4210854715202004e-14,7,new,70,2023-03-12,1,0.99999999999999989
discharge_MWh,31,77.085225000012201,77.085225000012201,0,1.7116358330684856e-14,1.4210854715202004e-14,7,new,123,2023-05-04,1,1.0000000000000002
discharge_MWh,32,86.006750000000849,86.006750000000849,0,0,0,7,new,348,2023-12-15,1,1
discharge_MWh,33,387.62000000002126,109.99000000001064,52.340000000021291,0,52.340000000021291,7,new,105,2023-04-16,4,4
discharge_MWh,34,44.310000000007314,44.310000000007314,0,0,0,7,new,74,2023-03-16,1,1
discharge_MWh,35,163.03857500004423,66.500000000023277,-30.038574999997678,0,-30.038574999997678,7,new,73,2023-03-15,2,2
discharge_MWh,36,1182.0676945435614,56.597675000019805,63.081155456874285,131.20103133285474,194.28218678972894,7,new,82,2023-03-24,22,24.318134646570002
discharge_MWh,37,337.88392500007626,90.40000000001065,23.716074999966338,0,23.716074999966338,7,new,239,2023-08-28,4,4
discharge_MWh,38,9.5307083442863707,4.8196583442847238,0.10860834428307697,0,0.10860834428307697,7,new,93,2023-04-04,2,2
discharge_MWh,39,2027.5414393755484,94.661100000019161,-134.3194393751653,-0.0010965366023834523,-134.32053591176759,7,new,222,2023-08-11,20,19.999988416185715
discharge_MWh,40,45.153975000015762,45.153975000015762,0,-1.0026196539673241e-14,-7.1054273576010019e-15,7,new,291,2023-10-19,1,0.99999999999999978
discharge_MWh,41,90.400000000010635,90.400000000010635,0,0,0,7,new,186,2023-07-06,1,1
discharge_MWh,42,101.89415000003568,101.89415000003568,0,-1.1312523140464901e-14,-1.4210854715202004e-14,7,new,122,2023-05-03,1,0.99999999999999989
discharge_MWh,43,1902.0278750005541,93.464800000032739,60.732925000133491,0.00011361744833981506,60.733038617581769,7,new,176,2023-06-26,21,21.00000121561752
discharge_MWh,44,449.52527500015742,30.400000000010643,-23.925275000008412,-0.00031143918403710803,-23.925586439192443,7,new,4,2023-01-05,14,13.999989755289999
discharge_MWh,45,40.291900000001959,40.291900000001959,0,0,0,7,new,152,2023-06-02,1,1
discharge_MWh,46,64.484812500017782,64.484812500017782,0,0,0,7,new,69,2023-03-11,1,1
discharge_MWh,47,389.41757500009123,89.711300000029041,-30.572374999975068,0,-30.572374999975068,7,new,189,2023-07-09,4,4
total_cost_CNY,0,49717248.849930041,2670763.211093097,1027252.1608388051,-1.5181531188620154e-06,1027252.1608372852,7,new,130,2023-05-11,19,18.999999999999432
total_cost_CNY,1,8182500.071332871,1749658.5254075029,565792.55570464302,-1.5540089441112873e-09,565792.55570464116,7,new,103,2023-04-14,5,4.9999999999999991
total_cost_CNY,2,21692426.029041901,1849134.6228430946,2346324.0679183304,10597435.652618757,12943759.720537089,7,new,134,2023-05-15,13,18.731024405527009
total_cost_CNY,3,21233469.04670715,1629449.8857011292,-50620.532592471689,-8.480839435350711e-07,-50620.53259331733,7,new,112,2023-04-23,13,12.99999999999948
total_cost_CNY,4,606580.77632567182,606580.77632567182,0,0,0,7,new,92,2023-04-03,1,1
total_cost_CNY,5,1281452.6941170518,604172.87268184812,-73106.948753355537,0,-73106.948753355537,7,new,121,2023-05-02,2,2
total_cost_CNY,6,5577993.7057954678,943630.45633825322,-859841.42410420161,0,-859841.42410420161,7,new,178,2023-06-28,5,5
total_cost_CNY,7,68245352.409411147,3835004.347843098,784725.85176461935,38757561.341599606,39542287.193364233,7,new,5,2023-01-06,18,28.106262686089998
total_cost_CNY,8,2726966.7993441932,2100856.8150930968,1474746.8308420004,9.3296784302281246e-10,1474746.8308420014,7,new,308,2023-11-05,2,2.0000000000000004
total_cost_CNY,9,3026310.8032582239,1415755.9042606922,-194798.99473683955,0,-194798.99473683955,7,new,187,2023-07-07,2,2
total_cost_CNY,10,7572058.3219072055,823703.87739088247,-158723.42538926378,7.4037516021936251e-07,-158723.42538852338,7,new,261,2023-09-19,9,9.0000000000008988
total_cost_CNY,11,62589835.457304746,2116090.014117348,892864.96621569246,-31741350.211760215,-30848485.245544523,7,new,108,2023-04-19,30,15.000000000000002
total_cost_CNY,12,645728.74248783605,645728.74248783605,0,1.4338058351444883e-10,1.1641532182693481e-10,7,new,332,2023-11-29,1,1.0000000000000002
total_cost_CNY,13,562447.64525802364,562447.64525802364,0,0,0,7,new,140,2023-05-21,1,1
total_cost_CNY,14,18454945.783219337,1548512.7543036221,127207.26842412725,7.4269202994155483e-07,127207.26842486858,7,new,55,2023-02-25,12,12.00000000000048
total_cost_CNY,15,47772907.18208158,2990219.3107378362,70601.789723798633,0,70601.789723798633,7,new,88,2023-03-30,16,16
total_cost_CNY,16,64824169.508324385,2883007.8554351786,-1397996.6887504533,-0.047618147158699199,-1397996.736368604,7,new,361,2023-12-28,22,21.999999983483171
total_cost_CNY,17,383427.20580650278,383427.20580650278,0,0,0,7,new,13,2023-01-14,1,1
total_cost_CNY,18,5330161.7306500394,1398651.3471969797,-1134207.6890591001,4.1926003085189181e-07,-1134207.689058681,7,new,344,2023-12-11,3,3.0000000000002998
total_cost_CNY,19,2241004.6903079823,908398.78992541542,-424207.11045715143,0,-424207.11045715143,7,new,31,2023-02-01,2,2
total_cost_CNY,20,52213695.139027841,2513670.1298098071,-1940292.5428316966,-8.9303502541675323e-09,-1940292.5428317115,7,new,295,2023-10-23,20,19.999999999999996
total_cost_CNY,21,45980397.764253072,3826055.8214352028,-67727.907030634582,1.84863179596273e-06,-67727.907028786838,7,new,329,2023-11-26,12,12.000000000000483
total_cost_CNY,22,1696885.7087006622,479001.66275109811,-259880.72044736799,1.435856422014009e-07,-259880.72044722433,7,new,12,2023-01-13,3,3.0000000000002998
total_cost_CNY,23,1898011.9870640095,639363.22931871307,20077.70089212968,1.919395944491642e-07,20077.700892321533,7,new,125,2023-05-06,3,3.0000000000003002
total_cost_CNY,24,10853859.864341659,1593910.002598641,-1290399.8487498146,-1.913994583725087e-06,-1290399.8487517275,7,new,94,2023-04-05,6,5.9999999999987992
total_cost_CNY,25,589450.71771820111,589450.71771820111,0,0,0,7,new,91,2023-04-02,1,1
total_cost_CNY,26,67106530.312111109,2292302.7173430952,1662551.2081817538,-7233134.5359270833,-5570583.3277453333,7,new,330,2023-11-27,30,26.844598891236021
total_cost_CNY,27,815400.92505431408,815400.92505431408,0,0,0,7,new,343,2023-12-10,1,1
total_cost_CNY,28,10460901.031048834,1351934.668249608,354576.31494802982,0,354576.31494802982,7,new,75,2023-03-17,8,8
total_cost_CNY,29,1554529.1766863009,825904.32143520366,97279.466184106423,-1.8338759875895586e-10,97279.46618410619,7,new,48,2023-02-18,2,1.9999999999999998
total_cost_CNY,30,2058691.4962274518,2058691.4962274518,0,-2.2856066997117306e-10,-2.3283064365386963e-10,7,new,70,2023-03-12,1,0.99999999999999989
total_cost_CNY,31,1394767.6078957273,1394767.6078957273,0,3.0970062245743774e-10,2.3283064365386963e-10,7,new,123,2023-05-04,1,1.0000000000000002
total_cost_CNY,32,606963.21618600353,606963.21618600353,0,0,0,7,new,348,2023-12-15,1,1
total_cost_CNY,33,3820606.1173199816,805634.89456539997,-598066.53905838169,0,-598066.53905838169,7,new,105,2023-04-16,4,4
total_cost_CNY,34,676874.88126910327,676874.88126910327,0,0,0,7,new,74,2023-03-16,1,1
total_cost_CNY,35,1278520.7366954046,595039.5056458381,-88441.725403728429,0,-88441.725403728429,7,new,73,2023-03-15,2,2
total_cost_CNY,36,45625500.396548584,2027825.8013430699,-1013332.7670010477,4700773.2473019473,3687440.4803009033,7,new,82,2023-03-24,22,24.318134646570002
total_cost_CNY,37,10962522.92273321,2700195.2646485046,-161741.86413919181,0,-161741.86413919181,7,new,239,2023-08-28,4,4
total_cost_CNY,38,1246764.8742446417,640354.78349354293,33944.692742444109,0,33944.692742444109,7,new,93,2023-04-04,2,2
total_cost_CNY,39,34918082.520944983,1713090.1500598602,-656279.51974777877,-19.844118151202736,-656299.36386592686,7,new,222,2023-08-11,20,19.999988416185715
total_cost_CNY,40,612960.23309309664,612960.23309309664,0,-1.3610451279191175e-10,-1.1641532182693481e-10,7,new,291,2023-10-19,1,0.99999999999999978
total_cost_CNY,41,640668.1067538705,640668.1067538705,0,0,0,7,new,186,2023-07-06,1,1
total_cost_CNY,42,576359.01569846889,576359.01569846889,0,-6.3988704967873222e-11,-1.1641532182693481e-10,7,new,122,2023-05-03,1,0.99999999999999989
total_cost_CNY,43,66118501.222254947,3103980.0346983653,-934920.49358927459,3.7732525104642103,-934916.72033676505,7,new,176,2023-06-26,21,21.00000121561752
total_cost_CNY,44,47224473.002842762,3366356.3214352033,-95484.502749912441,-34.487344273867542,-95518.990094192326,7,new,4,2023-01-05,14,13.999989755289999
total_cost_CNY,45,685440.26934112166,685440.26934112166,0,0,0,7,new,152,2023-06-02,1,1
total_cost_CNY,46,508600.99834319676,508600.99834319676,0,0,0,7,new,69,2023-03-11,1,1
total_cost_CNY,47,3774780.4300920293,866217.83293935889,-309909.0983345937,0,-309909.0983345937,7,new,189,2023-07-09,4,4
thermal_cost_CNY,0,14356321.701125864,742880.19059210317,-241598.0798759032,-4.222784983722381e-07,-241598.07987632602,7,new,130,2023-05-11,19,18.999999999999432
thermal_cost_CNY,1,3440637.639196658,662402.88365650724,-128623.22091412172,-5.8833194641084251e-10,-128623.22091412265,7,new,103,2023-04-14,5,4.9999999999999991
thermal_cost_CNY,2,9269056.2233708203,726730.23684210517,178436.85557654686,4164908.723576528,4343345.5791530758,7,new,134,2023-05-15,13,18.731024405527009
thermal_cost_CNY,3,10810971.819944587,853637.33795013581,286313.57340717874,-4.4429480542509802e-07,286313.57340673544,7,new,112,2023-04-23,13,12.99999999999948
thermal_cost_CNY,4,538863.27003941766,538863.27003941766,0,0,0,7,new,92,2023-04-03,1,1
thermal_cost_CNY,5,1224052.9736842085,567689.49999999814,-88673.973684212193,0,-88673.973684212193,7,new,121,2023-05-02,2,2
thermal_cost_CNY,6,3123062.6174004828,632736.72853185365,40621.025258785579,0,40621.025258785579,7,new,178,2023-06-28,5,5
thermal_cost_CNY,7,14345729.11985793,798788.2368421033,32459.143299929798,8072763.7520849686,8105222.8953848965,7,new,5,2023-01-06,18,28.106262686089998
thermal_cost_CNY,8,1334432.9005920996,729090.40059210337,123747.90059210709,3.2378117990821281e-10,123747.90059210733,7,new,308,2023-11-05,2,2.0000000000000004
thermal_cost_CNY,9,1337382.8476454248,667694.47645429242,-1993.894736839924,0,-1993.894736839924,7,new,187,2023-07-07,2,2
thermal_cost_CNY,10,5915545.7673129765,644600.67174514849,-114139.72160664015,5.7939065083986406e-07,-114139.72160606086,7,new,261,2023-09-19,9,9.0000000000008988
thermal_cost_CNY,11,22448975.671864707,729958.03250570572,-550234.69669353589,-10949370.487585584,-11499605.18427912,7,new,108,2023-04-19,30,15.000000000000002
thermal_cost_CNY,12,566178.2368421033,566178.2368421033,0,1.2571682291675563e-10,1.1641532182693481e-10,7,new,332,2023-11-29,1,1.0000000000000002
thermal_cost_CNY,13,550270.39750692423,550270.39750692423,0,0,0,7,new,140,2023-05-21,1,1
thermal_cost_CNY,14,8811898.4856434576,757085.68940789194,273129.78725124523,3.6311067244577589e-07,273129.78725160845,7,new,55,2023-02-25,12,12.00000000000048
thermal_cost_CNY,15,11986914.671973672,751324.73684210342,34281.117499982938,0,34281.117499982938,7,new,88,2023-03-30,16,16
thermal_cost_CNY,16,18577423.421052631,841555.47368421045,-63203,-0.013899827679121823,-63203.013899829239,7,new,361,2023-12-28,22,21.999999983483171
thermal_cost_CNY,17,299630.344999997,299630.344999997,0,0,0,7,new,13,2023-01-14,1,1
thermal_cost_CNY,18,2122927.1242086845,698268.88642659271,-28120.464928906411,2.0931323267434634e-07,-28120.464928697096,7,new,344,2023-12-11,3,3.0000000000002998
thermal_cost_CNY,19,1275852.2102150833,638798.97337298351,1745.7365308837034,0,1745.7365308837034,7,new,31,2023-02-01,2,2
thermal_cost_CNY,20,15257235.354241636,769825.73684210517,139279.38260046765,-2.7349704255716218e-09,139279.38260046579,7,new,295,2023-10-23,20,19.999999999999996
thermal_cost_CNY,21,9982413.1822740119,840239.47368421056,100460.50193651579,4.0597771694113986e-07,100460.50193691999,7,new,329,2023-11-26,12,12.000000000000483
thermal_cost_CNY,22,1650451.9412499948,457260.99999999808,-278668.94125000061,1.3706865642504282e-07,-278668.94124986348,7,new,12,2023-01-13,3,3.0000000000002998
thermal_cost_CNY,23,1861363.734241958,627219.01033591689,20293.296765792649,1.8829384761923853e-07,20293.296765981009,7,new,125,2023-05-06,3,3.0000000000003002
thermal_cost_CNY,24,4271339.9294078844,741866.17590027535,179857.12599376775,-8.9084568150459046e-07,179857.12599287648,7,new,94,2023-04-05,6,5.9999999999987992
thermal_cost_CNY,25,470384.98684209964,470384.98684209964,0,0,0,7,new,91,2023-04-02,1,1
thermal_cost_CNY,26,23254525.124859419,776517.73684210342,41006.98040368408,-2450224.9278064687,-2409217.9474027865,7,new,330,2023-11-27,30,26.844598891236021
thermal_cost_CNY,27,703499.28955332085,703499.28955332085,0,0,0,7,new,343,2023-12-10,1,1
thermal_cost_CNY,28,6080962.6703601032,749917.62049861497,-81621.706371183507,0,-81621.706371183507,7,new,75,2023-03-17,8,8
thermal_cost_CNY,29,1523928.5549342083,807587.97368421056,91247.392434212845,-1.7932055255891712e-10,91247.392434212612,7,new,48,2023-02-18,2,1.9999999999999998
thermal_cost_CNY,30,658707.96952908509,658707.96952908509,0,-7.313127542752763e-11,-1.1641532182693481e-10,7,new,70,2023-03-12,1,0.99999999999999989
thermal_cost_CNY,31,683595.34487534559,683595.34487534559,0,1.5178865828143664e-10,1.1641532182693481e-10,7,new,123,2023-05-04,1,1.0000000000000002
thermal_cost_CNY,32,526017.62087949784,526017.62087949784,0,0,0,7,new,348,2023-12-15,1,1
thermal_cost_CNY,33,2513615.806094171,635263.46675900009,27438.060941829346,0,27438.060941829346,7,new,105,2023-04-16,4,4
thermal_cost_CNY,34,633957.43351800228,633957.43351800228,0,0,0,7,new,74,2023-03-16,1,1
thermal_cost_CNY,35,1160770.7825484639,528254.99999999802,-104260.78254846786,0,-104260.78254846786,7,new,73,2023-03-15,2,2
thermal_cost_CNY,36,17258565.984485295,772751.7368421033,-258027.77395902202,1791342.574370824,1533314.8004118018,7,new,82,2023-03-24,22,24.318134646570002
thermal_cost_CNY,37,2980917.9473684207,738171.73684210517,-28231,0,-28231,7,new,239,2023-08-28,4,4
thermal_cost_CNY,38,1222444.8716589999,628194.23915900069,33943.606659001438,0,33943.606659001438,7,new,93,2023-04-04,2,2
thermal_cost_CNY,39,14462312.662077516,714551.40934210364,-171284.47523544356,-8.2772308226730846,-171292.75246626697,7,new,222,2023-08-11,20,19.999988416185715
thermal_cost_CNY,40,544396.34559210343,544396.34559210343,0,-1.2088027147962942e-10,-1.1641532182693481e-10,7,new,291,2023-10-19,1,0.99999999999999978
thermal_cost_CNY,41,462482.99999999627,462482.99999999627,0,0,0,7,new,186,2023-07-06,1,1
thermal_cost_CNY,42,461099.74749999586,461099.74749999586,0,-5.1192355632334137e-11,-5.8207660913467407e-11,7,new,122,2023-05-03,1,0.99999999999999989
thermal_cost_CNY,43,15413171.236842101,713506.5,-429534.73684210144,0.86735100170164436,-429533.86949110031,7,new,176,2023-06-26,21,21.00000121561752
thermal_cost_CNY,44,12309457.631578946,879239.97368421045,-98,-9.0075585518724655,-107.00755855254829,7,new,4,2023-01-05,14,13.999989755289999
thermal_cost_CNY,45,672925.00259002228,672925.00259002228,0,0,0,7,new,152,2023-06-02,1,1
thermal_cost_CNY,46,488481.0656249919,488481.0656249919,0,0,0,7,new,69,2023-03-11,1,1
thermal_cost_CNY,47,2748229.8275623126,644849.37534625758,-168832.32617728226,0,-168832.32617728226,7,new,189,2023-07-09,4,4
curtailment_cost_CNY,0,225701.35270968298,0,-225701.35270968298,-0,-225701.35270968298,7,new,130,2023-05-11,19,18.999999999999432
curtailment_cost_CNY,1,200551.67025624501,18786.280000001847,-106620.27025623577,-1.6685568482445709e-11,-106620.27025623579,7,new,103,2023-04-14,5,4.9999999999999991
curtailment_cost_CNY,2,1016011.4480332927,82889.545000004175,61552.636966761551,475042.0053580532,536594.64232481469,7,new,134,2023-05-15,13,18.731024405527009
curtailment_cost_CNY,3,0,0,0,-0,0,7,new,112,2023-04-23,13,12.99999999999948
curtailment_cost_CNY,4,54805.005000003381,54805.005000003381,0,0,0,7,new,92,2023-04-03,1,1
curtailment_cost_CNY,5,23867.024930750533,23867.024930750533,23867.024930750533,0,23867.024930750533,7,new,121,2023-05-02,2,2
curtailment_cost_CNY,6,848256.94016622752,155109.18005540632,-72711.039889195934,0,-72711.039889195934,7,new,178,2023-06-28,5,5
curtailment_cost_CNY,7,212196.81333729866,20563.96500000199,157954.55666273719,207824.83215758082,365779.38882031792,7,new,5,2023-01-06,18,28.106262686089998
curtailment_cost_CNY,8,8270.1300000005722,0,-8270.1300000005722,0,-8270.1300000005722,7,new,308,2023-11-05,2,2.0000000000000004
curtailment_cost_CNY,9,272858.36011081265,123761.18005540629,-25336.000000000058,0,-25336.000000000058,7,new,187,2023-07-07,2,2
curtailment_cost_CNY,10,572666.45195986307,50191.157894740434,-120946.03090719914,4.5113647741492463e-08,-120946.03090715403,7,new,261,2023-09-19,9,9.0000000000008988
curtailment_cost_CNY,11,1208612.8141095843,52930.376855068018,379298.49154245621,-793955.65282602014,-414657.16128356394,7,new,108,2023-04-19,30,15.000000000000002
curtailment_cost_CNY,12,54821.157894739372,54821.157894739372,0,1.2172742346270165e-11,1.4551915228366852e-11,7,new,332,2023-11-29,1,1.0000000000000002
curtailment_cost_CNY,13,0,0,0,0,0,7,new,140,2023-05-21,1,1
curtailment_cost_CNY,14,83365.93755540729,7791.1578947368525,10127.957181434933,3.7367666855540275e-09,10127.957181438673,7,new,55,2023-02-25,12,12.00000000000048
curtailment_cost_CNY,15,840213.36339334166,40753.222894739454,-188161.79707751039,0,-188161.79707751039,7,new,88,2023-03-30,16,16
curtailment_cost_CNY,16,0,0,0,-0,0,7,new,361,2023-12-28,22,21.999999983483171
curtailment_cost_CNY,17,70841.180055406308,70841.180055406308,0,0,0,7,new,13,2023-01-14,1,1
curtailment_cost_CNY,18,84837.090914137021,38661.313019393689,31146.848144044052,1.1589123566620225e-08,31146.848144055635,7,new,344,2023-12-11,3,3.0000000000002998
curtailment_cost_CNY,19,7593.4736842105394,4213.1578947368462,832.84210526315292,0,832.84210526315292,7,new,31,2023-02-01,2,2
curtailment_cost_CNY,20,809002.50221484271,46622.891966763164,123455.33712042053,-1.6563778603555748e-10,123455.33712042042,7,new,295,2023-10-23,20,19.999999999999996
curtailment_cost_CNY,21,15142.466333772334,0,-15142.466333772334,0,-15142.466333772334,7,new,329,2023-11-26,12,12.000000000000483
curtailment_cost_CNY,22,9599.8789473689121,9406.3000000004868,18619.021052632546,2.8196345258636807e-09,18619.021052635369,7,new,12,2023-01-13,3,3.0000000000002998
curtailment_cost_CNY,23,0,0,0,0,0,7,new,125,2023-05-06,3,3.0000000000003002
curtailment_cost_CNY,24,548293.00583219191,84959.578947372211,-38535.532147958642,-1.0202092569575358e-07,-38535.53214806068,7,new,94,2023-04-05,6,5.9999999999987992
curtailment_cost_CNY,25,106243.41250000188,106243.41250000188,0,0,0,7,new,91,2023-04-02,1,1
curtailment_cost_CNY,26,542011.83169831184,28829.430000002503,322871.06830176327,-90968.415387041401,231902.65291472187,7,new,330,2023-11-27,30,26.844598891236021
curtailment_cost_CNY,27,5829.0000000000728,5829.0000000000728,0,0,0,7,new,343,2023-12-10,1,1
curtailment_cost_CNY,28,13631.024930750542,0,-13631.024930750542,0,-13631.024930750542,7,new,75,2023-03-17,8,8
curtailment_cost_CNY,29,0,0,0,-0,0,7,new,48,2023-02-18,2,1.9999999999999998
curtailment_cost_CNY,30,201689.57894737349,201689.57894737349,0,-2.2392041437432729e-11,-2.9103830456733704e-11,7,new,70,2023-03-12,1,0.99999999999999989
curtailment_cost_CNY,31,83141.313019393696,83141.313019393696,0,1.8461080002339635e-11,1.4551915228366852e-11,7,new,123,2023-05-04,1,1.0000000000000002
curtailment_cost_CNY,32,67973.180055406323,67973.180055406323,0,0,0,7,new,348,2023-12-15,1,1
curtailment_cost_CNY,33,460464.72022162529,103259.18005540632,-47428,0,-47428,7,new,105,2023-04-16,4,4
curtailment_cost_CNY,34,30362.000000001466,30362.000000001466,0,0,0,7,new,74,2023-03-16,1,1
curtailment_cost_CNY,35,91894.872894741435,54007.157894740434,16119.442894739434,0,16119.442894739434,7,new,73,2023-03-15,2,2
curtailment_cost_CNY,36,98447.084596275628,2222.9900000002194,-49541.304596270798,5153.190137979157,-44388.114458291646,7,new,82,2023-03-24,22,24.318134646570002
curtailment_cost_CNY,37,260396.74511081932,46407.180055406323,-74768.024889194028,0,-74768.024889194028,7,new,239,2023-08-28,4,4
curtailment_cost_CNY,38,0,0,0,0,0,7,new,93,2023-04-04,2,2
curtailment_cost_CNY,39,1346787.489454021,66479.78196676285,-17191.850118763978,-0.77008944798879453,-17192.620208211942,7,new,222,2023-08-11,20,19.999988416185715
curtailment_cost_CNY,40,0,0,0,-0,0,7,new,291,2023-10-19,1,0.99999999999999978
curtailment_cost_CNY,41,165168.75900277472,165168.75900277472,0,0,0,7,new,186,2023-07-06,1,1
curtailment_cost_CNY,42,102127.97894737325,102127.97894737325,0,-1.1338483368580704e-11,-1.4551915228366852e-11,7,new,122,2023-05-03,1,0.99999999999999989
curtailment_cost_CNY,43,1401353.9038920547,70826.538947372857,86003.414002775215,0.086097981592409292,86003.500100756995,7,new,176,2023-06-26,21,21.00000121561752
curtailment_cost_CNY,44,0,0,0,-0,0,7,new,4,2023-01-05,14,13.999989755289999
curtailment_cost_CNY,45,0,0,0,0,0,7,new,152,2023-06-02,1,1
curtailment_cost_CNY,46,7362.7368421052724,7362.7368421052724,0,0,0,7,new,69,2023-03-11,1,1
curtailment_cost_CNY,47,293507.03577563708,61858.996842107867,-46071.048407205613,0,-46071.048407205613,7,new,189,2023-07-09,4,4
load_shedding_cost_CNY,0,34893508.999997869,1915299.9999998941,1497191.0000001192,-1.0887220014409958e-06,1497190.9999990314,7,new,130,2023-05-11,19,18.999999999999432
load_shedding_cost_CNY,1,4476099.9999994691,1055599.9999998941,801900.00000000093,-9.375611398353581e-10,801900,7,new,103,2023-04-14,5,4.9999999999999991
load_shedding_cost_CNY,2,11236705.499998491,1026483.9999998856,2107586.5000000205,5882804.8558823308,7990391.3558823504,7,new,134,2023-05-15,13,18.731024405527009
load_shedding_cost_CNY,3,10259293.99999827,763199.99999989395,-337693.99999964796,-3.9722465317021423e-07,-337694.0000000447,7,new,112,2023-04-23,13,12.99999999999948
load_shedding_cost_CNY,4,0,0,0,0,0,7,new,92,2023-04-03,1,1
load_shedding_cost_CNY,5,8499.9999998937401,0,-8499.9999998937401,0,-8499.9999998937401,7,new,121,2023-05-02,2,2
load_shedding_cost_CNY,6,1540899.9999995751,142599.99999989371,-827900.00000010652,0,-827900.00000010652,7,new,178,2023-06-28,5,5
load_shedding_cost_CNY,7,53458309.99999804,3002799.9999998929,592090.0000000298,30347085.593789965,30939175.593790002,7,new,5,2023-01-06,18,28.106262686089998
load_shedding_cost_CNY,8,1359199.9999998938,1359199.9999998938,1359199.9999998938,6.0360605402815796e-10,1359199.9999998943,7,new,308,2023-11-05,2,2.0000000000000004
load_shedding_cost_CNY,9,1389699.9999997874,611199.99999989395,-167299.99999999953,0,-167299.99999999953,7,new,187,2023-07-07,2,2
load_shedding_cost_CNY,10,965999.99999946821,115699.99999989381,75299.999999576132,1.0399539007712071e-07,75299.999999680091,7,new,261,2023-09-19,9,9.0000000000008988
load_shedding_cost_CNY,11,38542395.249996543,1320218.7499998899,1064167.2500001565,-19803281.249998346,-18739113.999998193,7,new,108,2023-04-19,30,15.000000000000002
load_shedding_cost_CNY,12,11799.999999893584,11799.999999893584,0,2.6201263380917403e-12,1.8189894035458565e-12,7,new,332,2023-11-29,1,1.0000000000000002
load_shedding_cost_CNY,13,0,0,0,0,0,7,new,140,2023-05-21,1,1
load_shedding_cost_CNY,14,9406899.9999987241,770999.99999989383,-154899.99999999814,3.6978420325789921e-07,-154899.99999962747,7,new,55,2023-02-25,12,12.00000000000048
load_shedding_cost_CNY,15,34737774.999998227,2185199.9999998934,225425.00000006706,0,225425.00000006706,7,new,88,2023-03-30,16,16
load_shedding_cost_CNY,16,45973313.249997564,2028965.9999998687,-1336061.2500004545,-0.033512084049943484,-1336061.2835125402,7,new,361,2023-12-28,22,21.999999983483171
load_shedding_cost_CNY,17,0,0,0,0,0,7,new,13,2023-01-14,1,1
load_shedding_cost_CNY,18,3083799.9999996806,648899.99999989371,-1137099.9999999995,1.9451440458336943e-07,-1137099.9999998049,7,new,344,2023-12-11,3,3.0000000000002998
load_shedding_cost_CNY,19,932099.99999978719,252799.99999989371,-426499.99999999977,0,-426499.99999999977,7,new,31,2023-02-01,2,2
load_shedding_cost_CNY,20,35886065.749997497,1684096.7499998391,-2204130.7500007153,-5.9831135601478959e-09,-2204130.7500007227,7,new,295,2023-10-23,20,19.999999999999996
load_shedding_cost_CNY,21,35833399.999998719,2973399.9999998929,-152600,1.436654883946124e-06,-152599.99999856949,7,new,329,2023-11-26,12,12.000000000000483
load_shedding_cost_CNY,22,0,0,0,0,0,7,new,12,2023-01-13,3,3.0000000000002998
load_shedding_cost_CNY,23,0,0,0,0,0,7,new,125,2023-05-06,3,3.0000000000003002
load_shedding_cost_CNY,24,5955621.7499993611,753999.99999989371,-1431621.7499999991,-9.0541618646953768e-07,-1431621.7500009043,7,new,94,2023-04-05,6,5.9999999999987992
load_shedding_cost_CNY,25,0,0,0,0,0,7,new,91,2023-04-02,1,1
load_shedding_cost_CNY,26,42923412.249996476,1474018.7499998896,1297150.2500002161,-4651120.3980885455,-3353970.148088336,7,new,330,2023-11-27,30,26.844598891236021
load_shedding_cost_CNY,27,93399.999999893611,93399.999999893611,0,0,0,7,new,343,2023-12-10,1,1
load_shedding_cost_CNY,28,4266196.2499991851,589599.9999998936,450603.74999996368,0,450603.74999996368,7,new,75,2023-03-17,8,8
load_shedding_cost_CNY,29,5899.9999998935791,5899.9999998935791,5899.9999998935791,-1.3100631690340545e-12,5899.9999998935773,7,new,48,2023-02-18,2,1.9999999999999998
load_shedding_cost_CNY,30,1185099.9999998934,1185099.9999998934,0,-1.3157253064831546e-10,-2.3283064365386963e-10,7,new,70,2023-03-12,1,0.99999999999999989
load_shedding_cost_CNY,31,615147.74999988836,615147.74999988836,0,1.3659023911924714e-10,1.1641532182693481e-10,7,new,123,2023-05-04,1,1.0000000000000002
load_shedding_cost_CNY,32,0,0,0,0,0,7,new,348,2023-12-15,1,1
load_shedding_cost_CNY,33,794199.99999978777,53899.999999894055,-578600.00000021153,0,-578600.00000021153,7,new,105,2023-04-16,4,4
load_shedding_cost_CNY,34,0,0,0,0,0,7,new,74,2023-03-16,1,1
load_shedding_cost_CNY,35,0,0,0,0,0,7,new,73,2023-03-15,2,2
load_shedding_cost_CNY,36,27990194.999997392,1240172.7499998666,-706394.50000032783,2874887.4195066877,2168492.9195063598,7,new,82,2023-03-24,22,24.318134646570002
load_shedding_cost_CNY,37,7669379.9999995697,1902599.9999998934,-58979.999999996275,0,-58979.999999996275,7,new,239,2023-08-28,4,4
load_shedding_cost_CNY,38,0,0,0,0,0,7,new,93,2023-04-04,2,2
load_shedding_cost_CNY,39,18846459.999997705,918999.99999989395,-466459.99999982491,-10.645525327616859,-466470.64552515373,7,new,222,2023-08-11,20,19.999988416185715
load_shedding_cost_CNY,40,55999.999999893589,55999.999999893589,0,-1.2434497875778125e-11,-1.4551915228366852e-11,7,new,291,2023-10-19,1,0.99999999999999978
load_shedding_cost_CNY,41,0,0,0,0,0,7,new,186,2023-07-06,1,1
load_shedding_cost_CNY,42,0,0,0,-0,0,7,new,122,2023-05-03,1,0.99999999999999989
load_shedding_cost_CNY,43,49030596.499997698,2306599.9999998929,-591996.49999994785,2.8039433705578296,-591993.69605657458,7,new,176,2023-06-26,21,21.00000121561752
load_shedding_cost_CNY,44,34740947.24999842,2474699.9999998934,-95147.249999910593,-25.352583840010798,-95172.602583751082,7,new,4,2023-01-05,14,13.999989755289999
load_shedding_cost_CNY,45,0,0,0,0,0,7,new,152,2023-06-02,1,1
load_shedding_cost_CNY,46,0,0,0,0,0,7,new,69,2023-03-11,1,1
load_shedding_cost_CNY,47,680699.99999968067,146499.99999989365,-94700.000000106054,0,-94700.000000106054,7,new,189,2023-07-09,4,4
storage_variable_om_CNY,0,11582.18882573237,470.67275000016423,-2639.4065757292501,-2.6754648274627712e-10,-2639.4065757295175,7,new,130,2023-05-11,19,18.999999999999432
storage_variable_om_CNY,1,4649.0231250013139,757.01400000025251,-863.95312500005139,-6.7236349821109488e-13,-863.95312500005184,7,new,103,2023-04-14,5,4.9999999999999991
storage_variable_om_CNY,2,13192.336875003246,918.49325000032195,-1251.9246249990611,5263.9072320636651,4011.982607064605,7,new,134,2023-05-15,13,18.731024405527009
storage_variable_om_CNY,3,5742.70600000173,500.20000000010663,759.89399999965644,-2.6034037148298103e-10,759.89399999939542,7,new,112,2023-04-23,13,12.99999999999948
storage_variable_om_CNY,4,800.15353515134484,800.15353515134484,0,0,0,7,new,92,2023-04-03,1,1
storage_variable_om_CNY,5,808.00000000021282,504.00000000010641,200,0,200,7,new,121,2023-05-02,2,2
storage_variable_om_CNY,6,5212.4094736852203,1072.2000000001069,148.59052631531449,0,148.59052631531449,7,new,178,2023-06-28,5,5
storage_variable_om_CNY,7,11094.216698098426,739.79825000025915,2222.1518019062387,7476.5954492122992,9698.747251118537,7,new,5,2023-01-06,18,28.106262686089998
storage_variable_om_CNY,8,839.07325000029414,454.06675000015929,69.060250000024439,2.0164614422675666e-13,69.060250000024666,7,new,308,2023-11-05,2,2.0000000000000004
storage_variable_om_CNY,9,2144.9000000002125,987.90000000010662,-169.09999999999923,0,-169.09999999999923,7,new,187,2023-07-07,2,2
storage_variable_om_CNY,10,8834.9728750021604,1099.7000000002861,1062.3271250004145,9.8845056584221562e-10,1062.3271250014022,7,new,261,2023-09-19,9,9.0000000000008988
storage_variable_om_CNY,11,26481.28880092673,870.50700558492099,-366.07863337910021,-13057.605083773813,-13423.683717152913,7,new,108,2023-04-19,30,15.000000000000002
storage_variable_om_CNY,12,817.00000000028604,817.00000000028604,0,1.8141044222381409e-13,2.2737367544323206e-13,7,new,332,2023-11-29,1,1.0000000000000002
storage_variable_om_CNY,13,64.899999999999935,64.899999999999935,0,0,0,7,new,140,2023-05-21,1,1
storage_variable_om_CNY,14,7433.1870085566106,523.5592500001635,-1150.4760085546486,2.5110757473364513e-10,-1150.4760085543976,7,new,55,2023-02-25,12,12.00000000000048
storage_variable_om_CNY,15,14206.582698753848,829.00325000029034,-942.5306987492022,0,-942.5306987492022,7,new,88,2023-03-30,16,16
storage_variable_om_CNY,16,6961.1867500024364,374.03400000013107,1267.5612500004481,-6.1778555409710003e-06,1267.5612438225908,7,new,361,2023-12-28,22,21.999999983483171
storage_variable_om_CNY,17,843.33300000008524,843.33300000008524,0,0,0,7,new,13,2023-01-14,1,1
storage_variable_om_CNY,18,2260.4722742388753,708.80000000010682,-134.07227423855466,2.1247004156069599e-10,-134.07227423834229,7,new,344,2023-12-11,3,3.0000000000002998
storage_variable_om_CNY,19,1234.3109067021373,474.31090670187132,-285.68909329839471,0,-285.68909329839471,7,new,31,2023-02-01,2,2
storage_variable_om_CNY,20,19144.577551879716,1012.4032500002146,1103.4874481245752,-3.5967788747378456e-12,1103.4874481245715,7,new,295,2023-10-23,20,19.999999999999996
storage_variable_om_CNY,21,4093.9426333785677,304.00000000010641,-445.9426333772908,1.4688339433637932e-10,-445.94263337714392,7,new,329,2023-11-26,12,12.000000000000483
storage_variable_om_CNY,22,496.84525000017356,222.01500000007772,169.19975000005957,6.6551264499304918e-11,169.19975000012619,7,new,12,2023-01-13,3,3.0000000000002998
storage_variable_om_CNY,23,311.20956875339579,31.871231696820978,-215.59587366293286,9.5678809884041011e-12,-215.59587366292328,7,new,125,2023-05-06,3,3.0000000000003002
storage_variable_om_CNY,24,5931.0925956263409,971.90000000029602,-99.692595624565001,-1.1670742594564134e-09,-99.692595625731883,7,new,94,2023-04-05,6,5.9999999999987992
storage_variable_om_CNY,25,709.97062500020047,709.97062500020047,0,0,0,7,new,91,2023-04-02,1,1
storage_variable_om_CNY,26,23210.673023926935,824.45275000028857,1522.9094760817243,-2601.4791214744218,-1078.5696453926976,7,new,330,2023-11-27,30,26.844598891236021
storage_variable_om_CNY,27,560.28775000012899,560.28775000012899,0,0,0,7,new,343,2023-12-10,1,1
storage_variable_om_CNY,28,3212.3037500008686,304.70000000010634,-774.70375000001786,0,-774.70375000001786,7,new,75,2023-03-17,8,8
storage_variable_om_CNY,29,475.92625000011856,304.00000000010641,132.07375000009426,-6.7501559897233146e-14,132.07375000009415,7,new,48,2023-02-18,2,1.9999999999999998
storage_variable_om_CNY,30,1081.6000000003592,1081.6000000003592,0,-1.2008172234349681e-13,-2.2737367544323206e-13,7,new,70,2023-03-12,1,0.99999999999999989
storage_variable_om_CNY,31,770.85225000012201,770.85225000012201,0,1.7116358330684856e-13,2.2737367544323206e-13,7,new,123,2023-05-04,1,1.0000000000000002
storage_variable_om_CNY,32,860.06750000000852,860.06750000000852,0,0,0,7,new,348,2023-12-15,1,1
storage_variable_om_CNY,33,3876.2000000002126,1099.9000000001065,523.40000000021337,0,523.40000000021337,7,new,105,2023-04-16,4,4
storage_variable_om_CNY,34,443.10000000007312,443.10000000007312,0,0,0,7,new,74,2023-03-16,1,1
storage_variable_om_CNY,35,1630.3857500004424,665.00000000023283,-300.38574999997672,0,-300.38574999997672,7,new,73,2023-03-15,2,2
storage_variable_om_CNY,36,11820.676945435614,565.97675000019808,630.8115545687433,1312.0103133285475,1942.8218678972898,7,new,82,2023-03-24,22,24.318134646570002
storage_variable_om_CNY,37,3378.8392500007631,904.00000000010652,237.16074999966304,0,237.16074999966304,7,new,239,2023-08-28,4,4
storage_variable_om_CNY,38,95.307083442863728,48.196583442847242,1.0860834428307555,0,1.0860834428307555,7,new,93,2023-04-04,2,2
storage_variable_om_CNY,39,20275.414393755484,946.61100000019155,-1343.1943937516517,-0.010965366023834522,-1343.2053591176773,7,new,222,2023-08-11,20,19.999988416185715
storage_variable_om_CNY,40,451.5397500001576,451.5397500001576,0,-1.002619653967324e-13,-1.1368683772161603e-13,7,new,291,2023-10-19,1,0.99999999999999978
storage_variable_om_CNY,41,904.00000000010641,904.00000000010641,0,0,0,7,new,186,2023-07-06,1,1
storage_variable_om_CNY,42,1018.9415000003568,1018.9415000003568,0,-1.13125231404649e-13,-1.1368683772161603e-13,7,new,122,2023-05-03,1,0.99999999999999989
storage_variable_om_CNY,43,19020.278750005538,934.64800000032733,607.329250001334,0.0011361744833981505,607.33038617581769,7,new,176,2023-06-26,21,21.00000121561752
storage_variable_om_CNY,44,4495.252750001574,304.00000000010641,-239.25275000008423,-0.0031143918403710802,-239.25586439192466,7,new,4,2023-01-05,14,13.999989755289999
storage_variable_om_CNY,45,402.91900000001959,402.91900000001959,0,0,0,7,new,152,2023-06-02,1,1
storage_variable_om_CNY,46,644.84812500017779,644.84812500017779,0,0,0,7,new,69,2023-03-11,1,1
storage_variable_om_CNY,47,3894.1757500009126,897.11300000029041,-305.72374999975091,0,-305.72374999975091,7,new,189,2023-07-09,4,4
storage_investment_allocated_CNY,0,190572.96343527245,10030.155970277498,0,-5.7014835705771802e-09,-5.7043507695198059e-09,7,new,130,2023-05-11,19,18.999999999999432
storage_investment_allocated_CNY,1,50150.779851387488,10030.155970277498,0,-8.908568079026844e-12,-7.2759576141834259e-12,7,new,103,2023-04-14,5,4.9999999999999991
storage_investment_allocated_CNY,2,130392.02761360747,10030.155970277498,0,57483.068656902775,57483.068656902789,7,new,134,2023-05-15,13,18.731024405527009
storage_investment_allocated_CNY,3,130392.02761360747,10030.155970277498,0,-5.2204208943097302e-09,-5.2241375669836998e-09,7,new,112,2023-04-23,13,12.99999999999948
storage_investment_allocated_CNY,4,10030.155970277498,10030.155970277498,0,0,0,7,new,92,2023-04-03,1,1
storage_investment_allocated_CNY,5,20060.311940554995,10030.155970277498,0,0,0,7,new,121,2023-05-02,2,2
storage_investment_allocated_CNY,6,50150.779851387488,10030.155970277498,0,0,0,7,new,178,2023-06-28,5,5
storage_investment_allocated_CNY,7,180542.80746499496,10030.155970277498,0,101367.3910180783,101367.39101807831,7,new,5,2023-01-06,18,28.106262686089998
storage_investment_allocated_CNY,8,20060.311940554995,10030.155970277498,0,4.454284039513422e-12,3.637978807091713e-12,7,new,308,2023-11-05,2,2.0000000000000004
storage_investment_allocated_CNY,9,20060.311940554995,10030.155970277498,0,0,0,7,new,187,2023-07-07,2,2
storage_investment_allocated_CNY,10,90271.403732497478,10030.155970277498,0,9.0154708959751653e-09,9.0221874415874481e-09,7,new,261,2023-09-19,9,9.0000000000008988
storage_investment_allocated_CNY,11,300904.67910832493,10030.155970277498,0,-150452.33955416243,-150452.33955416243,7,new,108,2023-04-19,30,15.000000000000002
storage_investment_allocated_CNY,12,10030.155970277498,10030.155970277498,0,2.227142019756711e-12,1.8189894035458565e-12,7,new,332,2023-11-29,1,1.0000000000000002
storage_investment_allocated_CNY,13,10030.155970277498,10030.155970277498,0,0,0,7,new,140,2023-05-21,1,1
storage_investment_allocated_CNY,14,120361.87164332997,10030.155970277498,0,4.8106267626744958e-09,4.8166839405894279e-09,7,new,55,2023-02-25,12,12.00000000000048
storage_investment_allocated_CNY,15,160482.49552443996,10030.155970277498,0,0,0,7,new,88,2023-03-30,16,16
storage_investment_allocated_CNY,16,220663.43134610495,10030.155970277498,0,-0.00016566636893373458,-0.00016566636622883379,7,new,361,2023-12-28,22,21.999999983483171
storage_investment_allocated_CNY,17,10030.155970277498,10030.155970277498,0,0,0,7,new,13,2023-01-14,1,1
storage_investment_allocated_CNY,18,30090.467910832493,10030.155970277498,0,3.00664172667156e-09,3.0049704946577549e-09,7,new,344,2023-12-11,3,3.0000000000002998
storage_investment_allocated_CNY,19,20060.311940554995,10030.155970277498,0,0,0,7,new,31,2023-02-01,2,2
storage_investment_allocated_CNY,20,200603.11940554995,10030.155970277498,0,-3.5634272316107376e-11,-2.9103830456733704e-11,7,new,295,2023-10-23,20,19.999999999999996
storage_investment_allocated_CNY,21,120361.87164332997,10030.155970277498,0,4.8462610349906032e-09,4.8457877710461617e-09,7,new,329,2023-11-26,12,12.000000000000483
storage_investment_allocated_CNY,22,30090.467910832493,10030.155970277498,0,3.00664172667156e-09,3.0049704946577549e-09,7,new,12,2023-01-13,3,3.0000000000002998
storage_investment_allocated_CNY,23,30090.467910832493,10030.155970277498,0,3.0110960107110733e-09,3.0122464522719383e-09,7,new,125,2023-05-06,3,3.0000000000003002
storage_investment_allocated_CNY,24,60180.935821664985,10030.155970277498,0,-1.2044384042844293e-08,-1.204170985147357e-08,7,new,94,2023-04-05,6,5.9999999999987992
storage_investment_allocated_CNY,25,10030.155970277498,10030.155970277498,0,0,0,7,new,91,2023-04-02,1,1
storage_investment_allocated_CNY,26,300904.67910832493,10030.155970277498,0,-31649.165269689256,-31649.165269689227,7,new,330,2023-11-27,30,26.844598891236021
storage_investment_allocated_CNY,27,10030.155970277498,10030.155970277498,0,0,0,7,new,343,2023-12-10,1,1
storage_investment_allocated_CNY,28,80241.24776221998,10030.155970277498,0,0,0,7,new,75,2023-03-17,8,8
storage_investment_allocated_CNY,29,20060.311940554995,10030.155970277498,0,-2.227142019756711e-12,-3.637978807091713e-12,7,new,48,2023-02-18,2,1.9999999999999998
storage_investment_allocated_CNY,30,10030.155970277498,10030.155970277498,0,-1.1135710098783555e-12,-1.8189894035458565e-12,7,new,70,2023-03-12,1,0.99999999999999989
storage_investment_allocated_CNY,31,10030.155970277498,10030.155970277498,0,2.227142019756711e-12,1.8189894035458565e-12,7,new,123,2023-05-04,1,1.0000000000000002
storage_investment_allocated_CNY,32,10030.155970277498,10030.155970277498,0,0,0,7,new,348,2023-12-15,1,1
storage_investment_allocated_CNY,33,40120.62388110999,10030.155970277498,0,0,0,7,new,105,2023-04-16,4,4
storage_investment_allocated_CNY,34,10030.155970277498,10030.155970277498,0,0,0,7,new,74,2023-03-16,1,1
storage_investment_allocated_CNY,35,20060.311940554995,10030.155970277498,0,0,0,7,new,73,2023-03-15,2,2
storage_investment_allocated_CNY,36,220663.43134610495,10030.155970277498,0,23251.252065201221,23251.252065201232,7,new,82,2023-03-24,22,24.318134646570002
storage_investment_allocated_CNY,37,40120.62388110999,10030.155970277498,0,0,0,7,new,239,2023-08-28,4,4
storage_investment_allocated_CNY,38,20060.311940554995,10030.155970277498,0,0,0,7,new,93,2023-04-04,2,2
storage_investment_allocated_CNY,39,200603.11940554995,10030.155970277498,0,-0.11618746400603795,-0.11618746400927193,7,new,222,2023-08-11,20,19.999988416185715
storage_investment_allocated_CNY,40,10030.155970277498,10030.155970277498,0,-2.227142019756711e-12,-1.8189894035458565e-12,7,new,291,2023-10-19,1,0.99999999999999978
storage_investment_allocated_CNY,41,10030.155970277498,10030.155970277498,0,0,0,7,new,186,2023-07-06,1,1
storage_investment_allocated_CNY,42,10030.155970277498,10030.155970277498,0,-1.1135710098783555e-12,-1.8189894035458565e-12,7,new,122,2023-05-03,1,0.99999999999999989
storage_investment_allocated_CNY,43,210633.27537582745,10030.155970277498,0,0.012192833321131505,0.012192833324661478,7,new,176,2023-06-26,21,21.00000121561752
storage_investment_allocated_CNY,44,140422.18358388497,10030.155970277498,0,-0.10275603918246901,-0.10275603918125853,7,new,4,2023-01-05,14,13.999989755289999
storage_investment_allocated_CNY,45,10030.155970277498,10030.155970277498,0,0,0,7,new,152,2023-06-02,1,1
storage_investment_allocated_CNY,46,10030.155970277498,10030.155970277498,0,0,0,7,new,69,2023-03-11,1,1
storage_investment_allocated_CNY,47,40120.62388110999,10030.155970277498,0,0,0,7,new,189,2023-07-09,4,4
storage_fixed_om_CNY,0,39561.643835616436,2082.1917808219177,0,-1.1835889954579204e-09,-1.1859810911118984e-09,7,new,130,2023-05-11,19,18.999999999999432
storage_fixed_om_CNY,1,10410.95890410959,2082.1917808219177,0,-1.8493578054030004e-12,-3.637978807091713e-12,7,new,103,2023-04-14,5,4.9999999999999991
storage_fixed_om_CNY,2,27068.493150684932,2082.1917808219177,0,11933.091912878155,11933.091912878153,7,new,134,2023-05-15,13,18.731024405527009
storage_fixed_om_CNY,3,27068.493150684932,2082.1917808219177,0,-1.0837236739661582e-09,-1.0841176845133305e-09,7,new,112,2023-04-23,13,12.99999999999948
storage_fixed_om_CNY,4,2082.1917808219177,2082.1917808219177,0,0,0,7,new,92,2023-04-03,1,1
storage_fixed_om_CNY,5,4164.3835616438355,2082.1917808219177,0,0,0,7,new,121,2023-05-02,2,2
storage_fixed_om_CNY,6,10410.95890410959,2082.1917808219177,0,0,0,7,new,178,2023-06-28,5,5
storage_fixed_om_CNY,7,37479.452054794521,2082.1917808219177,0,21043.17709980383,21043.177099803826,7,new,5,2023-01-06,18,28.106262686089998
storage_fixed_om_CNY,8,4164.3835616438355,2082.1917808219177,0,9.2467890270150021e-13,9.0949470177292824e-13,7,new,308,2023-11-05,2,2.0000000000000004
storage_fixed_om_CNY,9,4164.3835616438355,2082.1917808219177,0,0,0,7,new,187,2023-07-07,2,2
storage_fixed_om_CNY,10,18739.726027397261,2082.1917808219177,0,1.8715500990678364e-09,1.8699211068451405e-09,7,new,261,2023-09-19,9,9.0000000000008988
storage_fixed_om_CNY,11,62465.753424657531,2082.1917808219177,0,-31232.876712328762,-31232.876712328762,7,new,108,2023-04-19,30,15.000000000000002
storage_fixed_om_CNY,12,2082.1917808219177,2082.1917808219177,0,4.6233945135075011e-13,4.5474735088646412e-13,7,new,332,2023-11-29,1,1.0000000000000002
storage_fixed_om_CNY,13,2082.1917808219177,2082.1917808219177,0,0,0,7,new,140,2023-05-21,1,1
storage_fixed_om_CNY,14,24986.301369863013,2082.1917808219177,0,9.9865321491762027e-10,1.0004441719502211e-09,7,new,55,2023-02-25,12,12.00000000000048
storage_fixed_om_CNY,15,33315.068493150684,2082.1917808219177,0,0,0,7,new,88,2023-03-30,16,16
storage_fixed_om_CNY,16,45808.219178082189,2082.1917808219177,0,-3.4391205159184593e-05,-3.4391203371342272e-05,7,new,361,2023-12-28,22,21.999999983483171
storage_fixed_om_CNY,17,2082.1917808219177,2082.1917808219177,0,0,0,7,new,13,2023-01-14,1,1
storage_fixed_om_CNY,18,6246.5753424657532,2082.1917808219177,0,6.2415825932351262e-10,6.2391336541622877e-10,7,new,344,2023-12-11,3,3.0000000000002998
storage_fixed_om_CNY,19,4164.3835616438355,2082.1917808219177,0,0,0,7,new,31,2023-02-01,2,2
storage_fixed_om_CNY,20,41643.835616438359,2082.1917808219177,0,-7.3974312216120017e-12,-1.4551915228366852e-11,7,new,295,2023-10-23,20,19.999999999999996
storage_fixed_om_CNY,21,24986.301369863013,2082.1917808219177,0,1.0060506461392322e-09,1.0077201295644045e-09,7,new,329,2023-11-26,12,12.000000000000483
storage_fixed_om_CNY,22,6246.5753424657532,2082.1917808219177,0,6.2415825932351262e-10,6.2391336541622877e-10,7,new,12,2023-01-13,3,3.0000000000002998
storage_fixed_om_CNY,23,6246.5753424657532,2082.1917808219177,0,6.250829382262141e-10,6.248228601180017e-10,7,new,125,2023-05-06,3,3.0000000000003002
storage_fixed_om_CNY,24,12493.150684931506,2082.1917808219177,0,-2.5003317529048564e-09,-2.5011104298755527e-09,7,new,94,2023-04-05,6,5.9999999999987992
storage_fixed_om_CNY,25,2082.1917808219177,2082.1917808219177,0,0,0,7,new,91,2023-04-02,1,1
storage_fixed_om_CNY,26,62465.753424657531,2082.1917808219177,0,-6570.1502538647228,-6570.1502538647183,7,new,330,2023-11-27,30,26.844598891236021
storage_fixed_om_CNY,27,2082.1917808219177,2082.1917808219177,0,0,0,7,new,343,2023-12-10,1,1
storage_fixed_om_CNY,28,16657.534246575342,2082.1917808219177,0,0,0,7,new,75,2023-03-17,8,8
storage_fixed_om_CNY,29,4164.3835616438355,2082.1917808219177,0,-4.6233945135075011e-13,-9.0949470177292824e-13,7,new,48,2023-02-18,2,1.9999999999999998
storage_fixed_om_CNY,30,2082.1917808219177,2082.1917808219177,0,-2.3116972567537505e-13,-4.5474735088646412e-13,7,new,70,2023-03-12,1,0.99999999999999989
storage_fixed_om_CNY,31,2082.1917808219177,2082.1917808219177,0,4.6233945135075011e-13,4.5474735088646412e-13,7,new,123,2023-05-04,1,1.0000000000000002
storage_fixed_om_CNY,32,2082.1917808219177,2082.1917808219177,0,0,0,7,new,348,2023-12-15,1,1
storage_fixed_om_CNY,33,8328.767123287671,2082.1917808219177,0,0,0,7,new,105,2023-04-16,4,4
storage_fixed_om_CNY,34,2082.1917808219177,2082.1917808219177,0,0,0,7,new,74,2023-03-16,1,1
storage_fixed_om_CNY,35,4164.3835616438355,2082.1917808219177,0,0,0,7,new,73,2023-03-15,2,2
storage_fixed_om_CNY,36,45808.219178082189,2082.1917808219177,0,4826.8009079265785,4826.800907926583,7,new,82,2023-03-24,22,24.318134646570002
storage_fixed_om_CNY,37,8328.767123287671,2082.1917808219177,0,0,0,7,new,239,2023-08-28,4,4
storage_fixed_om_CNY,38,4164.3835616438355,2082.1917808219177,0,0,0,7,new,93,2023-04-04,2,2
storage_fixed_om_CNY,39,41643.835616438359,2082.1917808219177,0,-0.024119722894121804,-0.024119722897012252,7,new,222,2023-08-11,20,19.999988416185715
storage_fixed_om_CNY,40,2082.1917808219177,2082.1917808219177,0,-4.6233945135075011e-13,-4.5474735088646412e-13,7,new,291,2023-10-19,1,0.99999999999999978
storage_fixed_om_CNY,41,2082.1917808219177,2082.1917808219177,0,0,0,7,new,186,2023-07-06,1,1
storage_fixed_om_CNY,42,2082.1917808219177,2082.1917808219177,0,-2.3116972567537505e-13,-4.5474735088646412e-13,7,new,122,2023-05-03,1,0.99999999999999989
storage_fixed_om_CNY,43,43726.027397260274,2082.1917808219177,0,0.0025311488077975758,0.0025311488061561249,7,new,176,2023-06-26,21,21.00000121561752
storage_fixed_om_CNY,44,29150.684931506847,2082.1917808219177,0,-0.021331450961438288,-0.021331450960133225,7,new,4,2023-01-05,14,13.999989755289999
storage_fixed_om_CNY,45,2082.1917808219177,2082.1917808219177,0,0,0,7,new,152,2023-06-02,1,1
storage_fixed_om_CNY,46,2082.1917808219177,2082.1917808219177,0,0,0,7,new,69,2023-03-11,1,1
storage_fixed_om_CNY,47,8328.767123287671,2082.1917808219177,0,0,0,7,new,189,2023-07-09,4,4
renewable_available_MWh,0,5146.8000000000002,759.23000000000002,-591.42000000000007,-9.1102212884663912e-10,-591.42000000091139,2026,old,331,2023-11-28,6,5.9999999999988001
renewable_available_MWh,1,8031.3800000000001,410.51999999999998,-231.50000000000091,-2.3335360310738905e-10,-231.50000000023374,2026,old,337,2023-12-04,19,18.999999999999432
renewable_available_MWh,2,7567.4699999999993,1115.6099999999999,241.80000000000018,2.3414038974323145e-09,241.80000000234122,2026,old,127,2023-05-08,7,7.0000000000020988
renewable_available_MWh,3,5673.4200000000001,1228.0300000000002,-761.29999999999927,270.68603359324641,-490.61396640675321,2026,old,347,2023-12-14,4,4.2204229811920282
renewable_available_MWh,4,4763.1700000000001,1211.22,81.710000000000036,-5.3788973275459285e-13,81.709999999999127,2026,old,344,2023-12-11,4,3.9999999999999996
renewable_available_MWh,5,5365.1999999999998,1836.9400000000001,145.61999999999989,5.5064153237083246e-10,145.62000000055104,2026,old,326,2023-11-23,3,3.0000000000002998
renewable_available_MWh,6,1734.3000000000002,1734.3000000000002,0,-1.9254597916074092e-13,-2.2737367544323206e-13,2026,old,332,2023-11-29,1,0.99999999999999989
renewable_available_MWh,7,1421.8500000000001,473.85000000000002,-0.29999999999995453,1.4225181033111768e-10,-0.29999999985784598,2026,old,167,2023-06-17,3,3.0000000000003002
renewable_available_MWh,8,2468.5899999999997,1151.9099999999999,-164.76999999999998,-2.5577540085919278e-13,-164.77000000000044,2026,old,152,2023-06-02,2,1.9999999999999998
renewable_available_MWh,9,3236.2599999999998,1099.77,63.050000000000182,3.3064408544447589e-10,63.050000000330783,2026,old,31,2023-02-01,3,3.0000000000003006
renewable_available_MWh,10,11360.42,773.41000000000008,240.73000000000138,-5.7976560441375117e-10,240.72999999942112,2026,old,303,2023-10-31,15,14.99999999999925
renewable_available_MWh,11,2204.77,536.06999999999994,-60.490000000000236,-2.3806290272432304e-13,-60.490000000000691,2026,old,333,2023-11-30,4,3.9999999999999996
renewable_available_MWh,12,2431.23,2431.23,0,0,0,2026,old,13,2023-01-14,1,1
renewable_available_MWh,13,6640.8500000000004,837.8900000000001,62.270000000000437,0,62.270000000000437,2026,old,166,2023-06-16,8,8
renewable_available_MWh,14,7736.0100000000002,2021.1900000000001,348.75,4738.4806034998828,5087.2306034998819,2026,old,106,2023-04-17,4,6.3444013692428136
renewable_available_MWh,15,25281.779999999999,1088.26,836.45999999999913,6642.6696614024931,7479.1296614024941,2026,old,206,2023-07-26,24,30.103936248141522
renewable_available_MWh,16,4110.4700000000003,167.69999999999999,-1091.8700000000003,-0.07023648629375856,-1091.940236486294,2026,old,4,2023-01-05,18,17.999581177780001
renewable_available_MWh,17,3137.1800000000003,617.87,-47.830000000000382,-5.4877880018011638e-13,-47.830000000000837,2026,old,254,2023-09-12,5,4.9999999999999991
renewable_available_MWh,18,11540.25,661.02999999999997,-963.77000000000044,0,-963.77000000000044,2026,old,181,2023-07-01,16,16
renewable_available_MWh,19,10781.58,1050.3399999999999,-1328.5200000000004,9.4408399320400335e-10,-1328.5199999990564,2026,old,49,2023-02-19,9,9.0000000000008988
renewable_available_MWh,20,2154.6500000000001,1214.79,274.92999999999984,0,274.92999999999984,2026,old,42,2023-02-12,2,2
renewable_available_MWh,21,1415.4899999999998,1415.4899999999998,0,-1.5715095891266626e-13,-2.2737367544323206e-13,2026,old,74,2023-03-16,1,0.99999999999999989
renewable_available_MWh,22,3332.27,1691.9200000000001,51.570000000000164,-3.7568170796475899e-13,51.569999999999709,2026,old,73,2023-03-15,2,1.9999999999999998
renewable_available_MWh,23,4044.0500000000002,656.19000000000005,-106.90999999999985,-7.8854706764275312e-10,-106.91000000078839,2026,old,255,2023-09-13,6,5.9999999999987983
renewable_available_MWh,24,14513.91,599.91999999999996,-715.75,-1.5196482650026154e-09,-715.75000000152068,2026,old,280,2023-10-08,23,22.999999999997467
renewable_available_MWh,25,1813.2600000000002,1813.2600000000002,0,0,0,2026,old,92,2023-04-03,1,1
renewable_available_MWh,26,11591.190000000001,1259.6300000000001,1005.1100000000006,2.2375523656137377e-12,1005.1100000000024,2026,old,207,2023-07-27,10,10.000000000000002
renewable_available_MWh,27,2292.0299999999997,2292.0299999999997,0,0,0,2026,old,186,2023-07-06,1,1
renewable_available_MWh,28,13841.370000000001,940.85000000000014,-669.46999999999935,2.6239179717890695e-10,-669.46999999973559,2026,old,304,2023-11-01,14,14.000000000000279
renewable_available_MWh,29,4112.6599999999999,1076.73,194.26000000000022,9.5632834984371586e-13,194.26000000000113,2026,old,315,2023-11-12,4,4.0000000000000009
renewable_available_MWh,30,3749.5799999999999,1278.49,85.890000000000327,3.8267267576941322e-10,85.89000000038277,2026,old,125,2023-05-06,3,3.0000000000002993
renewable_available_MWh,31,5955.8900000000003,447.81999999999994,-134.23000000000138,-2.3228253098750427e-10,-134.2300000002333,2026,old,86,2023-03-28,13,12.999999999999481
renewable_available_MWh,32,2274.4200000000001,2274.4200000000001,0,0,0,2026,old,122,2023-05-03,1,1
renewable_available_MWh,33,21180.52,907.20000000000005,-314.91999999999825,-2.294791556778364e-09,-314.92000000229382,2026,old,63,2023-03-05,23,22.99999999999747
renewable_available_MWh,34,4189.2399999999998,1102.74,221.72000000000025,0,221.72000000000025,2026,old,179,2023-06-29,4,4
renewable_available_MWh,35,4541.8500000000004,983.48000000000002,-607.93000000000029,-4.3675285610333959e-13,-607.93000000000075,2026,old,93,2023-04-04,4,3.9999999999999996
renewable_available_MWh,36,9122.4599999999991,1485.55,-209.15999999999985,-1.782554592821839e-09,-209.16000000178246,2026,old,105,2023-04-16,6,5.9999999999988001
renewable_available_MWh,37,2118.9299999999998,2118.9299999999998,0,0,0,2026,old,91,2023-04-02,1,1
renewable_available_MWh,38,6404.5699999999997,282.48000000000002,-754.96999999999935,-1.0035705599875656e-12,-754.97000000000025,2026,old,275,2023-10-03,20,19.999999999999996
renewable_available_MWh,39,6823.6399999999994,1812.0599999999999,424.60000000000036,0,424.60000000000036,2026,old,192,2023-07-12,4,4
renewable_available_MWh,40,10415.639999999999,503.93000000000001,-840.96999999999935,-4368.2374683971275,-5209.2074683971268,2026,old,357,2023-12-24,19,10.331658229521704
renewable_available_MWh,41,5389.9099999999999,498.20999999999998,-906.02000000000044,4.4869436166550259e-10,-906.01999999955115,2026,old,169,2023-06-19,9,9.0000000000009006
renewable_available_MWh,42,3180.5500000000002,339.68000000000001,-463.11000000000013,0,-463.11000000000013,2026,old,21,2023-01-22,8,8
renewable_available_MWh,43,1949.8299999999999,856.06999999999994,-237.69000000000005,-1.9008572493817154e-13,-237.69000000000028,2026,old,308,2023-11-05,2,1.9999999999999998
renewable_available_MWh,44,14381.73,707.81999999999994,-933.15000000000146,-4.0486376917669982e-10,-933.15000000040527,2026,old,283,2023-10-11,19,18.999999999999428
renewable_available_MWh,45,2545.3699999999999,935.71000000000004,261.76000000000022,-5.494897799849241e-06,261.75999450510244,2026,old,364,2023-12-31,3,2.9999999941275632
renewable_available_MWh,46,1187.1900000000001,1187.1900000000001,0,0,0,2026,old,123,2023-05-04,1,1
renewable_available_MWh,47,6256.71,1313.74,311.98999999999978,1.1668355170968425e-12,311.9900000000016,2026,old,124,2023-05-05,5,5.0000000000000009
renewable_used_MWh,0,4057.3821671999144,564.5553141875057,-670.05028207488022,-6.7742631901108319e-10,-670.05028207555779,2026,old,331,2023-11-28,6,5.9999999999988001
renewable_used_MWh,1,7880.3093301131721,410.51999999999998,-80.429330113172909,-2.3335360310738905e-10,-80.42933011340574,2026,old,337,2023-12-04,19,18.999999999999432
renewable_used_MWh,2,5118.4821303322678,785.90482499997847,382.85164466758124,1.6494300161040247e-09,382.85164466923106,2026,old,127,2023-05-08,7,7.0000000000020988
renewable_used_MWh,3,5588.6069210526293,1227.0621052631579,-680.35849999999755,270.47268734987159,-409.88581265012635,2026,old,347,2023-12-14,4,4.2204229811920282
renewable_used_MWh,4,3999.1186451522831,1017.9134349030315,72.535094459843094,-4.5204437300185043e-13,72.535094459842639,2026,old,344,2023-12-11,4,3.9999999999999996
renewable_used_MWh,5,2992.4603047090695,1091.4540997229683,281.90199445983535,3.2717451739516952e-10,281.90199446016231,2026,old,326,2023-11-23,3,3.0000000000002998
renewable_used_MWh,6,1460.1942105263031,1460.1942105263031,0,-1.6211412329506548e-13,-2.2737367544323206e-13,2026,old,332,2023-11-29,1,0.99999999999999989
renewable_used_MWh,7,1410.0056249999993,473.85000000000002,11.544375000000855,1.4225181033111768e-10,11.544375000142963,2026,old,167,2023-06-17,3,3.0000000000003002
renewable_used_MWh,8,2279.151424999995,1151.9099999999999,24.668575000004694,-2.5577540085919278e-13,24.668575000004239,2026,old,152,2023-06-02,2,1.9999999999999998
renewable_used_MWh,9,3198.2926315789473,1078.7042105263158,37.820000000000164,3.2431068964836197e-10,37.820000000324399,2026,old,31,2023-02-01,3,3.0000000000003006
renewable_used_MWh,10,8187.6697345232888,558.37554016618947,187.96336796955347,-4.1857091650522441e-10,187.96336796913511,2026,old,303,2023-10-31,15,14.99999999999925
renewable_used_MWh,11,2204.77,536.06999999999994,-60.490000000000236,-2.3806290272432304e-13,-60.490000000000691,2026,old,333,2023-11-30,4,3.9999999999999996
renewable_used_MWh,12,2077.0240997229685,2077.0240997229685,0,0,0,2026,old,13,2023-01-14,1,1
renewable_used_MWh,13,6374.8221404778269,828.27421052631576,251.37154373269914,0,251.37154373269914,2026,old,166,2023-06-16,8,8
renewable_used_MWh,14,4161.5711994458943,1049.4940997229685,36.405199445979633,2460.4354044027814,2496.840603848761,2026,old,106,2023-04-17,4,6.3444013692428136
renewable_used_MWh,15,17563.192784867933,788.40164999997967,1358.4468151315778,4812.3534095294617,6170.8002246610413,2026,old,206,2023-07-26,24,30.103936248141522
renewable_used_MWh,16,4110.4700000000003,167.69999999999999,-1091.8700000000003,-0.07023648629375856,-1091.940236486294,2026,old,4,2023-01-05,18,17.999581177780001
renewable_used_MWh,17,3137.1799999999998,617.87,-47.829999999999927,-5.4877880018011638e-13,-47.830000000000382,2026,old,254,2023-09-12,5,4.9999999999999991
renewable_used_MWh,18,9938.4483883452995,557.8623999999902,-1012.6499883454562,0,-1012.6499883454562,2026,old,181,2023-07-01,16,16
renewable_used_MWh,19,7122.6992517946655,740.9924355263023,-453.76733205794517,6.6603109228024404e-10,-453.76733205727851,2026,old,49,2023-02-19,9,9.0000000000008988
renewable_used_MWh,20,2125.5049999999997,1214.79,304.07500000000027,0,304.07500000000027,2026,old,42,2023-02-12,2,2
renewable_used_MWh,21,1263.6799999999926,1263.6799999999926,0,-1.4029666317583096e-13,-2.2737367544323206e-13,2026,old,74,2023-03-16,1,0.99999999999999989
renewable_used_MWh,22,2762.5797506924873,1421.8842105262979,81.188670360108517,-3.1572171777545186e-13,81.188670360108063,2026,old,73,2023-03-15,2,1.9999999999999998
renewable_used_MWh,23,3765.9082508528254,619.09571052630554,-51.333987694992175,-7.4397065960426843e-10,-51.333987695736141,2026,old,255,2023-09-13,6,5.9999999999987983
renewable_used_MWh,24,12560.251029016461,540.70259999999257,-124.0912290166325,-1.3696455660294572e-09,-124.0912290180022,2026,old,280,2023-10-08,23,22.999999999997467
renewable_used_MWh,25,1539.234974999983,1539.234974999983,0,0,0,2026,old,92,2023-04-03,1,1
renewable_used_MWh,26,7205.7830242127393,789.50409972296836,689.25797301694456,1.4024410072774322e-12,689.25797301694547,2026,old,207,2023-07-27,10,10.000000000000002
renewable_used_MWh,27,1466.1862049861263,1466.1862049861263,0,0,0,2026,old,186,2023-07-06,1,1
renewable_used_MWh,28,10329.972132554687,701.98554016618414,-502.17457022810959,1.9577536002318203e-10,-502.17457022791314,2026,old,304,2023-11-01,14,14.000000000000279
renewable_used_MWh,29,3340.464236218781,889.21421052629785,216.39260588641037,7.8978087228014169e-13,216.39260588641127,2026,old,315,2023-11-12,4,4.0000000000000009
renewable_used_MWh,30,3749.5799999999999,1278.49,85.890000000000327,3.8267267576941322e-10,85.89000000038277,2026,old,125,2023-05-06,3,3.0000000000002993
renewable_used_MWh,31,5817.8605657721719,440.63421052631577,-89.615828930066527,-2.2855528931430805e-10,-89.61582893029572,2026,old,86,2023-03-28,13,12.999999999999481
renewable_used_MWh,32,1763.7801052631337,1763.7801052631337,0,0,0,2026,old,122,2023-05-03,1,1
renewable_used_MWh,33,14449.177246700361,612.91709724999384,-352.08400995050215,-1.550393496223974e-09,-352.08400995205375,2026,old,63,2023-03-05,23,22.99999999999747
renewable_used_MWh,34,2887.2562744459033,716.40409972296834,-21.639875554029913,0,-21.639875554029913,2026,old,179,2023-06-29,4,4
renewable_used_MWh,35,4422.5148753462472,983.48000000000002,-488.59487534624714,-4.3675285610333959e-13,-488.59487534624759,2026,old,93,2023-04-04,4,3.9999999999999996
renewable_used_MWh,36,6347.2749094181527,969.25409972296848,-531.75031108034182,-1.1630361462573284e-09,-531.75031108150506,2026,old,105,2023-04-16,6,5.9999999999988001
renewable_used_MWh,37,1587.7129374999906,1587.7129374999906,0,0,0,2026,old,91,2023-04-02,1,1
renewable_used_MWh,38,6404.5699999999997,282.48000000000002,-754.96999999999935,-1.0035705599875656e-12,-754.97000000000025,2026,old,275,2023-10-03,20,19.999999999999996
renewable_used_MWh,39,4576.0157823752688,1145.2140997229685,4.8406165166052233,0,4.8406165166052233,2026,old,192,2023-07-12,4,4
renewable_used_MWh,40,8880.9152815453635,402.74497499998961,-1228.760756545561,-3491.1310896426471,-4719.8918461882076,2026,old,357,2023-12-24,19,10.331658229521704
renewable_used_MWh,41,5249.051230149902,498.20999999999998,-765.16123014990262,4.4869436166550259e-10,-765.16123014945333,2026,old,169,2023-06-19,9,9.0000000000009006
renewable_used_MWh,42,3180.5500000000002,339.68000000000001,-463.11000000000013,0,-463.11000000000013,2026,old,21,2023-01-22,8,8
renewable_used_MWh,43,1908.4793499999971,856.06999999999994,-196.33934999999724,-1.9008572493817154e-13,-196.33934999999747,2026,old,308,2023-11-05,2,1.9999999999999998
renewable_used_MWh,44,10649.448128600812,511.78554016618955,-925.52286544321032,-2.9273462575487671e-10,-925.52286544350318,2026,old,283,2023-10-11,19,18.999999999999428
renewable_used_MWh,45,2407.643961218821,856.3548753462527,161.42066481993697,-5.0288898488103097e-06,161.42065979104746,2026,old,364,2023-12-31,3,2.9999999941275632
renewable_used_MWh,46,771.48343490303159,771.48343490303159,0,0,0,2026,old,123,2023-05-04,1,1
renewable_used_MWh,47,4907.6566467450739,968.28421052629778,-66.235594113584739,8.6000913992583053e-13,-66.235594113583829,2026,old,124,2023-05-05,5,5.0000000000000009
curtailment_MWh,0,1089.4178328000855,194.67468581249437,78.630282074880824,-2.3359580983555608e-10,78.630282074647084,2026,old,331,2023-11-28,6,5.9999999999988001
curtailment_MWh,1,151.07066988682811,0,-151.07066988682811,-0,-151.07066988682811,2026,old,337,2023-12-04,19,18.999999999999432
curtailment_MWh,2,2448.9878696677315,329.70517500002154,-141.0516446675806,6.919738813282902e-10,-141.05164466688893,2026,old,127,2023-05-08,7,7.0000000000020988
curtailment_MWh,3,84.813078947370926,0.96789473684212624,-80.941500000002421,0.21334624337481506,-80.728153756627606,2026,old,347,2023-12-14,4,4.2204229811920282
curtailment_MWh,4,764.05135484771677,193.30656509696846,9.1749055401570558,-8.5845359752742414e-14,9.1749055401569422,2026,old,344,2023-12-11,4,3.9999999999999996
curtailment_MWh,5,2372.7396952909307,745.48590027703176,-136.28199445983546,2.23467014975663e-10,-136.28199445961218,2026,old,326,2023-11-23,3,3.0000000000002998
curtailment_MWh,6,274.10578947369686,274.10578947369686,0,-3.0431855865675412e-14,-5.6843418860808015e-14,2026,old,332,2023-11-29,1,0.99999999999999989
curtailment_MWh,7,11.844375000000682,0,-11.844375000000682,0,-11.844375000000682,2026,old,167,2023-06-17,3,3.0000000000003002
curtailment_MWh,8,189.43857500000499,0,-189.43857500000499,-0,-189.43857500000499,2026,old,152,2023-06-02,2,1.9999999999999998
curtailment_MWh,9,37.967368421052697,21.06578947368423,25.22999999999999,6.3333957961139051e-12,25.230000000006328,2026,old,31,2023-02-01,3,3.0000000000003006
curtailment_MWh,10,3172.7502654767118,215.03445983381056,52.766632030446544,-1.6119468790852676e-10,52.766632030285564,2026,old,303,2023-10-31,15,14.99999999999925
curtailment_MWh,11,0,0,0,-0,0,2026,old,333,2023-11-30,4,3.9999999999999996
curtailment_MWh,12,354.20590027703156,354.20590027703156,0,0,0,2026,old,13,2023-01-14,1,1
curtailment_MWh,13,266.02785952217334,9.6157894736842238,-189.10154373269955,0,-189.10154373269955,2026,old,166,2023-06-16,8,8
curtailment_MWh,14,3574.4388005541055,971.69590027703157,312.34480055402082,2278.0451990971014,2590.3899996511223,2026,old,106,2023-04-17,4,6.3444013692428136
curtailment_MWh,15,7718.5872151320682,299.85835000002038,-521.98681513157953,1830.3162518730319,1308.3294367414537,2026,old,206,2023-07-26,24,30.103936248141522
curtailment_MWh,16,0,0,0,-0,0,2026,old,4,2023-01-05,18,17.999581177780001
curtailment_MWh,17,0,0,0,-0,0,2026,old,254,2023-09-12,5,4.9999999999999991
curtailment_MWh,18,1601.8016116546999,103.1676000000097,48.879988345455331,0,48.879988345455331,2026,old,181,2023-07-01,16,16
curtailment_MWh,19,3658.8807482053339,309.34756447369773,-874.75266794205436,2.7805290092375941e-10,-874.75266794177651,2026,old,49,2023-02-19,9,9.0000000000008988
curtailment_MWh,20,29.145000000000366,0,-29.145000000000366,0,-29.145000000000366,2026,old,42,2023-02-12,2,2
curtailment_MWh,21,151.81000000000734,151.81000000000734,0,-1.6854295736835316e-14,-2.8421709430404007e-14,2026,old,74,2023-03-16,1,0.99999999999999989
curtailment_MWh,22,569.69024930751266,270.03578947370215,-29.618670360108354,-5.9959990189307122e-14,-29.618670360108467,2026,old,73,2023-03-15,2,1.9999999999999998
curtailment_MWh,23,278.14174914717444,37.094289473694403,-55.576012305008021,-4.457640803848453e-11,-55.576012305052586,2026,old,255,2023-09-13,6,5.9999999999987983
curtailment_MWh,24,1953.6589709835389,59.217400000007459,-591.65877098336728,-1.5000269897315844e-10,-591.65877098351734,2026,old,280,2023-10-08,23,22.999999999997467
curtailment_MWh,25,274.02502500001691,274.02502500001691,0,0,0,2026,old,92,2023-04-03,1,1
curtailment_MWh,26,4385.4069757872603,470.12590027703152,315.85202698305511,8.3511135833630504e-13,315.85202698305602,2026,old,207,2023-07-27,10,10.000000000000002
curtailment_MWh,27,825.84379501387366,825.84379501387366,0,0,0,2026,old,186,2023-07-06,1,1
curtailment_MWh,28,3511.3978674453138,238.86445983381586,-167.29542977189158,6.6616437155724896e-11,-167.29542977182518,2026,old,304,2023-11-01,14,14.000000000000279
curtailment_MWh,29,772.19576378121894,187.51578947370217,-22.132605886410261,1.6654747756357417e-13,-22.132605886410147,2026,old,315,2023-11-12,4,4.0000000000000009
curtailment_MWh,30,0,0,0,0,0,2026,old,125,2023-05-06,3,3.0000000000002993
curtailment_MWh,31,138.02943422782823,7.1857894736842098,-44.614171069933505,-3.7272416731962272e-12,-44.614171069937228,2026,old,86,2023-03-28,13,12.999999999999481
curtailment_MWh,32,510.63989473686627,510.63989473686627,0,0,0,2026,old,122,2023-05-03,1,1
curtailment_MWh,33,6731.3427532996384,294.28290275000614,37.164009950502987,-7.4439806055438986e-10,37.16400994975811,2026,old,63,2023-03-05,23,22.99999999999747
curtailment_MWh,34,1301.9837255540965,386.33590027703156,243.35987555402971,0,243.35987555402971,2026,old,179,2023-06-29,4,4
curtailment_MWh,35,119.33512465375267,0,-119.33512465375267,-0,-119.33512465375267,2026,old,93,2023-04-04,4,3.9999999999999996
curtailment_MWh,36,2775.1850905818469,516.29590027703159,322.59031108034242,-6.1951844656451064e-10,322.59031107972305,2026,old,105,2023-04-16,6,5.9999999999988001
curtailment_MWh,37,531.21706250000943,531.21706250000943,0,0,0,2026,old,91,2023-04-02,1,1
curtailment_MWh,38,0,0,0,-0,0,2026,old,275,2023-10-03,20,19.999999999999996
curtailment_MWh,39,2247.6242176247315,666.84590027703155,419.75938348339469,0,419.75938348339469,2026,old,192,2023-07-12,4,4
curtailment_MWh,40,1534.7247184546368,101.1850250000104,387.79075654556073,-877.10637875448083,-489.3156222089201,2026,old,357,2023-12-24,19,10.331658229521704
curtailment_MWh,41,140.85876985009816,0,-140.85876985009816,0,-140.85876985009816,2026,old,169,2023-06-19,9,9.0000000000009006
curtailment_MWh,42,0,0,0,0,0,2026,old,21,2023-01-22,8,8
curtailment_MWh,43,41.350650000002858,0,-41.350650000002858,-0,-41.350650000002858,2026,old,308,2023-11-05,2,1.9999999999999998
curtailment_MWh,44,3732.2818713991878,196.03445983381047,-7.6271345567888602,-1.1212914342182318e-10,-7.6271345569011828,2026,old,283,2023-10-11,19,18.999999999999428
curtailment_MWh,45,137.72603878117891,79.355124653747339,100.3393351800631,-4.6600795103893139e-07,100.33933471405516,2026,old,364,2023-12-31,3,2.9999999941275632
curtailment_MWh,46,415.70656509696846,415.70656509696846,0,0,0,2026,old,123,2023-05-04,1,1
curtailment_MWh,47,1349.0533532549264,345.45578947370217,378.22559411358452,3.0682637717101195e-13,378.22559411358475,2026,old,124,2023-05-05,5,5.0000000000000009
total_load_MWh,0,18275,2924,-731,-3.5085925276234775e-09,-731.00000000350701,2026,old,331,2023-11-28,6,5.9999999999988001
total_load_MWh,1,53801.600000000006,2924,1754.3999999999942,-1.6621015674900264e-09,1754.3999999983353,2026,old,337,2023-12-04,19,18.999999999999432
total_load_MWh,2,20321.799999999999,2924,146.20000000000073,6.1367906312170817e-09,146.200000006138,2026,old,127,2023-05-08,7,7.0000000000020988
total_load_MWh,3,11696,3070.1999999999998,584.79999999999927,676.74263685576489,1261.5426368557637,2026,old,347,2023-12-14,4,4.2204229811920282
total_load_MWh,4,11842.200000000001,3070.1999999999998,438.59999999999854,-1.3634426920816622e-12,438.59999999999673,2026,old,344,2023-12-11,4,3.9999999999999996
total_load_MWh,5,8918.2000000000007,3070.1999999999998,292.39999999999782,9.2032381715512191e-10,292.40000000091823,2026,old,326,2023-11-23,3,3.0000000000002998
total_load_MWh,6,3070.1999999999998,3070.1999999999998,0,-3.4086067302041554e-13,-4.5474735088646412e-13,2026,old,332,2023-11-29,1,0.99999999999999989
total_load_MWh,7,9210.5999999999985,3070.1999999999998,0,9.2168725984720366e-10,9.2222762759774923e-10,2026,old,167,2023-06-17,3,3.0000000000003002
total_load_MWh,8,5994.1999999999998,3070.1999999999998,146.19999999999982,-6.8172134604083108e-13,146.19999999999891,2026,old,152,2023-06-02,2,1.9999999999999998
total_load_MWh,9,8479.6000000000004,2924,292.39999999999964,8.7909590718027175e-10,292.40000000087821,2026,old,31,2023-02-01,3,3.0000000000003006
total_load_MWh,10,41667,2777.8000000000002,0,-2.0823016200210988e-09,-2.0809238776564598e-09,2026,old,303,2023-10-31,15,14.99999999999925
total_load_MWh,11,11257.400000000001,2777.8000000000002,-146.20000000000073,-1.233591007121504e-12,-146.20000000000255,2026,old,333,2023-11-30,4,3.9999999999999996
total_load_MWh,12,2924,2924,0,0,0,2026,old,13,2023-01-14,1,1
total_load_MWh,13,23684.400000000001,2924,-292.40000000000146,0,-292.40000000000146,2026,old,166,2023-06-16,8,8
total_load_MWh,14,11549.799999999999,2924,146.20000000000073,6855.0296036659875,7001.2296036659864,2026,old,106,2023-04-17,4,6.3444013692428136
total_load_MWh,15,73392.399999999994,3070.1999999999998,292.39999999999418,18740.305069044101,19032.705069044096,2026,old,206,2023-07-26,24,30.103936248141522
total_load_MWh,16,51754.800000000003,2924,877.19999999999709,-1.2246361712757903,875.97536382872204,2026,old,4,2023-01-05,18,17.999581177780001
total_load_MWh,17,14327.6,3070.1999999999998,1023.3999999999996,-2.7268853841633243e-12,1023.399999999996,2026,old,254,2023-09-12,5,4.9999999999999991
total_load_MWh,18,46637.800000000003,2924,146.19999999999709,0,146.19999999999709,2026,old,181,2023-07-01,16,16
total_load_MWh,19,25438.800000000003,2924,877.19999999999709,2.6281981035936042e-09,877.20000000262371,2026,old,49,2023-02-19,9,9.0000000000008988
total_load_MWh,20,5701.8000000000002,2777.8000000000002,-146.19999999999982,0,-146.19999999999982,2026,old,42,2023-02-12,2,2
total_load_MWh,21,3070.1999999999998,3070.1999999999998,0,-3.4086067302041554e-13,-4.5474735088646412e-13,2026,old,74,2023-03-16,1,0.99999999999999989
total_load_MWh,22,5994.1999999999998,2924,-146.19999999999982,-6.4925842480079154e-13,-146.20000000000073,2026,old,73,2023-03-15,2,1.9999999999999998
total_load_MWh,23,17105.400000000001,2777.8000000000002,-438.59999999999854,-3.33809726527079e-09,-438.60000000333821,2026,old,255,2023-09-13,6,5.9999999999987983
total_load_MWh,24,68567.800000000003,2924,-1315.8000000000029,-7.4067401101274299e-09,-1315.8000000074098,2026,old,280,2023-10-08,23,22.999999999997467
total_load_MWh,25,3070.1999999999998,3070.1999999999998,0,0,0,2026,old,92,2023-04-03,1,1
total_load_MWh,26,28216.600000000002,2777.8000000000002,-438.60000000000218,4.9343640284860161e-12,-438.59999999999491,2026,old,207,2023-07-27,10,10.000000000000002
total_load_MWh,27,2777.8000000000002,2777.8000000000002,0,0,0,2026,old,186,2023-07-06,1,1
total_load_MWh,28,41959.400000000001,2924,-1023.4000000000015,8.1546858154979418e-10,-1023.3999999991865,2026,old,304,2023-11-01,14,14.000000000000279
total_load_MWh,29,11257.400000000001,2777.8000000000002,-146.20000000000073,2.467182014243008e-12,-146.19999999999891,2026,old,315,2023-11-12,4,4.0000000000000009
total_load_MWh,30,9064.3999999999996,3070.1999999999998,146.19999999999891,9.1896037446304027e-10,146.20000000091932,2026,old,125,2023-05-06,3,3.0000000000002993
total_load_MWh,31,39912.599999999999,3070.1999999999998,0,-1.5925010643513813e-09,-1.5934347175061703e-09,2026,old,86,2023-03-28,13,12.999999999999481
total_load_MWh,32,3070.1999999999998,3070.1999999999998,0,0,0,2026,old,122,2023-05-03,1,1
total_load_MWh,33,64766.600000000006,2777.8000000000002,-877.20000000000437,-7.0265343765640867e-09,-877.20000000702566,2026,old,63,2023-03-05,23,22.99999999999747
total_load_MWh,34,12134.599999999999,3070.1999999999998,146.20000000000073,0,146.20000000000073,2026,old,179,2023-06-29,4,4
total_load_MWh,35,11403.6,2777.8000000000002,-292.39999999999964,-1.233591007121504e-12,-292.40000000000146,2026,old,93,2023-04-04,4,3.9999999999999996
total_load_MWh,36,17251.599999999999,2777.8000000000002,-584.79999999999563,-3.3331629012423039e-09,-584.80000000333166,2026,old,105,2023-04-16,6,5.9999999999988001
total_load_MWh,37,2924,2924,0,0,0,2026,old,91,2023-04-02,1,1
total_load_MWh,38,60965.399999999994,3070.1999999999998,438.60000000000582,-1.0907541536653297e-11,438.59999999999127,2026,old,275,2023-10-03,20,19.999999999999996
total_load_MWh,39,11988.4,2777.8000000000002,-877.19999999999891,0,-877.19999999999891,2026,old,192,2023-07-12,4,4
total_load_MWh,40,53655.400000000001,2777.8000000000002,-877.19999999999709,-24078.919770034612,-24956.119770034609,2026,old,357,2023-12-24,19,10.331658229521704
total_load_MWh,41,26462.200000000001,2924,-146.20000000000073,2.6333921709920105e-09,-146.19999999736683,2026,old,169,2023-06-19,9,9.0000000000009006
total_load_MWh,42,22514.800000000003,2777.8000000000002,-292.40000000000146,0,-292.40000000000146,2026,old,21,2023-01-22,8,8
total_load_MWh,43,5848,3070.1999999999998,292.39999999999964,-6.8172134604083108e-13,292.39999999999873,2026,old,308,2023-11-05,2,1.9999999999999998
total_load_MWh,44,57018,2924,-1462,-1.672489702286839e-09,-1462.0000000016735,2026,old,283,2023-10-11,19,18.999999999999428
total_load_MWh,45,8772,2924,0,-1.7171005083582713e-05,-1.7171005310956389e-05,2026,old,364,2023-12-31,3,2.9999999941275632
total_load_MWh,46,2777.8000000000002,2777.8000000000002,0,0,0,2026,old,123,2023-05-04,1,1
total_load_MWh,47,14620,2924,0,2.5970336992031662e-12,1.8189894035458565e-12,2026,old,124,2023-05-05,5,5.0000000000000009
thermal_generation_MWh,0,13215.584177215984,2243.3640802631226,244.60030436275156,-2.6918777184507889e-09,244.60030436005945,2026,old,331,2023-11-28,6,5.9999999999988001
thermal_generation_MWh,1,43234.699103212639,2294.1713052631567,354.55569678734173,-1.3040854044352026e-09,354.55569678603206,2026,old,337,2023-12-04,19,18.999999999999432
thermal_generation_MWh,2,14461.718011842087,2049.1421052631581,-117.72327499998028,4.3006689718233228e-09,-117.72327499568019,2026,old,127,2023-05-08,7,7.0000000000020988
thermal_generation_MWh,3,6119.1013232340356,1844.7799999999945,1260.0186767659425,406.63190724342854,1666.6505840093714,2026,old,347,2023-12-14,4,4.2204229811920282
thermal_generation_MWh,4,7568.413557394806,1995.0539612188363,411.80228748053923,-8.8598193724591049e-13,411.80228748053833,2026,old,344,2023-12-11,4,3.9999999999999996
thermal_generation_MWh,5,5703.1166204985993,1913.3953462603779,37.069418282534571,5.7355980352980174e-10,37.069418283107552,2026,old,326,2023-11-23,3,3.0000000000002998
thermal_generation_MWh,6,1617.6521052631524,1617.6521052631524,0,-1.7959546130965092e-13,-2.2737367544323206e-13,2026,old,332,2023-11-29,1,0.99999999999999989
thermal_generation_MWh,7,7115.3805263157847,2373.3542105263159,4.6821052631630664,7.1249115332773876e-10,4.6821052638752008,2026,old,167,2023-06-17,3,3.0000000000003002
thermal_generation_MWh,8,3729.8308146813947,1922.6428645429207,115.45491440444675,-4.2691247526936332e-13,115.4549144044463,2026,old,152,2023-06-02,2,1.9999999999999998
thermal_generation_MWh,9,5200.710159449105,1825.1399239228101,274.70961231932506,5.4872538890282315e-10,274.7096123198744,2026,old,31,2023-02-01,3,3.0000000000003006
thermal_generation_MWh,10,32145.389886465055,2164.4621052631528,321.54169248223843,-1.6225296811374976e-09,321.54169248061589,2026,old,303,2023-10-31,15,14.99999999999925
thermal_generation_MWh,11,8838.3161772853164,2200.8342105263155,-34.979335180054477,-9.773667255636178e-13,-34.979335180056296,2026,old,333,2023-11-30,4,3.9999999999999996
thermal_generation_MWh,12,856.08669999999142,856.08669999999142,0,0,0,2026,old,13,2023-01-14,1,1
thermal_generation_MWh,13,16809.356278344414,2050.5321052631525,-405.09943623919389,0,-405.09943623919389,2026,old,166,2023-06-16,8,8
thermal_generation_MWh,14,7282.3260497156698,1833.8493351800494,53.071291004527666,4299.2788923811313,4352.350183385659,2026,old,106,2023-04-17,4,6.3444013692428136
thermal_generation_MWh,15,50550.567631578917,2094.8921052631581,-273.15710526311886,12787.087857261296,12513.930751998174,2026,old,206,2023-07-26,24,30.103936248141522
thermal_generation_MWh,16,44194.625789473685,2512.1142105263157,1023.4300000000003,-1.0521292505425621,1022.3778707494566,2026,old,4,2023-01-05,18,17.999581177780001
thermal_generation_MWh,17,11121.893552285295,2400.0084210526315,878.14855297786198,-2.1316356866775191e-12,878.14855297786016,2026,old,254,2023-09-12,5,4.9999999999999991
thermal_generation_MWh,18,34027.866231770618,2165.7221052631526,623.68745243982266,0,623.68745243982266,2026,old,181,2023-07-01,16,16
thermal_generation_MWh,19,17913.38335588637,2060.1663157894577,628.11348621875004,1.8517528058294375e-09,628.11348622060177,2026,old,49,2023-02-19,9,9.0000000000008988
thermal_generation_MWh,20,3574.3349451523409,1564.3369749999956,-445.66099515234964,0,-445.66099515234964,2026,old,42,2023-02-12,2,2
thermal_generation_MWh,21,1811.3069529085781,1811.3069529085781,0,-2.0109546837827375e-13,-2.2737367544323206e-13,2026,old,74,2023-03-16,1,0.99999999999999989
thermal_generation_MWh,22,3248.0002493074567,1509.2999999999945,-229.40024930746767,-3.3513192221334853e-13,-229.40024930746813,2026,old,73,2023-03-15,2,1.9999999999999998
thermal_generation_MWh,23,12872.150504220619,2092.2094736842041,-318.89366211539527,-2.5142194263369859e-09,-318.89366211790912,2026,old,255,2023-09-13,6,5.9999999999987983
thermal_generation_MWh,24,51386.69634387378,2210.9921052631526,-533.87792282127339,-5.6006306119109712e-09,-533.8779228268686,2026,old,280,2023-10-08,23,22.999999999997467
thermal_generation_MWh,25,1539.6093429697648,1539.6093429697648,0,0,0,2026,old,92,2023-04-03,1,1
thermal_generation_MWh,26,20164.574204743712,1955.8975900276942,-605.59830446677006,3.4743720612121616e-12,-605.59830446676642,2026,old,207,2023-07-27,10,10.000000000000002
thermal_generation_MWh,27,1321.3799999999894,1321.3799999999894,0,0,0,2026,old,186,2023-07-06,1,1
thermal_generation_MWh,28,29930.568045429223,2163.3863157894734,356.84037562340382,6.0334253429585395e-10,356.84037562400772,2026,old,304,2023-11-01,14,14.000000000000279
thermal_generation_MWh,29,7704.5919390581412,1886.1683102493046,-159.91869806092291,1.6752539890856829e-12,-159.91869806092109,2026,old,315,2023-11-12,4,4.0000000000000009
thermal_generation_MWh,30,5318.1820978341657,1792.0543152454768,57.980847902264941,5.3639075779952144e-10,57.980847902801543,2026,old,125,2023-05-06,3,3.0000000000002993
thermal_generation_MWh,31,30203.931690301848,2306.5821052631527,-218.36432188086474,-1.1964153663101495e-09,-218.36432188205799,2026,old,86,2023-03-28,13,12.999999999999481
thermal_generation_MWh,32,1317.4278499999882,1317.4278499999882,0,0,0,2026,old,122,2023-05-03,1,1
thermal_generation_MWh,33,47856.36487526352,2100.3547552631348,451.79449578858475,-5.3129148573821969e-09,451.79449578326603,2026,old,63,2023-03-05,23,22.99999999999747
thermal_generation_MWh,34,8516.9084210526307,2123.9821052631578,-20.979999999999563,0,-20.979999999999563,2026,old,179,2023-06-29,4,4
thermal_generation_MWh,35,6989.9938438377394,1794.8406833114304,189.36888940798235,-7.9706938085851961e-13,189.36888940798144,2026,old,93,2023-04-04,4,3.9999999999999996
thermal_generation_MWh,36,10935.135180055348,1815.038476454286,-44.904321329631784,-2.1779173857170346e-09,-44.904321331809115,2026,old,105,2023-04-16,6,5.9999999999988001
thermal_generation_MWh,37,1343.9571052631418,1343.9571052631418,0,0,0,2026,old,91,2023-04-02,1,1
thermal_generation_MWh,38,49363.544210526314,2513.5342105263157,907.13999999999942,-8.92986737186986e-12,907.13999999999214,2026,old,275,2023-10-03,20,19.999999999999996
thermal_generation_MWh,39,7336.8479778392912,1640.7099999999946,-774.00797783931284,0,-774.00797783931284,2026,old,192,2023-07-12,4,4
thermal_generation_MWh,40,42311.495062701302,2242.1621052631526,289.58493729859765,-19435.82743323614,-19146.242495937542,2026,old,357,2023-12-24,19,10.331658229521704
thermal_generation_MWh,41,19745.18096744498,2221.0942105263157,244.66692729186252,2.0003461371531055e-09,244.66692729386341,2026,old,169,2023-06-19,9,9.0000000000009006
thermal_generation_MWh,42,18860.080221606622,2367.6949307479204,81.479224376740603,0,81.479224376740603,2026,old,21,2023-01-22,8,8
thermal_generation_MWh,43,3812.6654302631418,2083.1154302631526,353.56543026316331,-4.6254454272601832e-13,353.5654302631624,2026,old,308,2023-11-05,2,1.9999999999999998
thermal_generation_MWh,44,41907.119999999923,2215.2221052631526,182.09999999997672,-1.2670780298668928e-09,182.0999999987107,2026,old,283,2023-10-11,19,18.999999999999428
thermal_generation_MWh,45,6132.0118282548237,2002.9686980609342,-123.10573407202082,-1.1762307009802104e-05,-123.10574583432845,2026,old,364,2023-12-31,3,2.9999999941275632
thermal_generation_MWh,46,1953.1295567867016,1953.1295567867016,0,0,0,2026,old,123,2023-05-04,1,1
thermal_generation_MWh,47,9675.0287950137899,1934.2785872576121,-3.6358587257291219,1.7179844988902567e-12,-3.635858725727303,2026,old,124,2023-05-05,5,5.0000000000000009
unserved_MWh,0,1064.694949999925,128.26999999998938,-295.0749499999888,-1.5391489860404452e-10,-295.07495000014262,2026,old,331,2023-11-28,6,5.9999999999988001
unserved_MWh,1,2775.8348749997854,223.00999999998939,1461.3551250000132,-1.2676650840148193e-10,1461.3551249998859,2026,old,337,2023-12-04,19,18.999999999999432
unserved_MWh,2,817.02154999991205,100.13164999998529,-116.10000000001503,2.1015286306710588e-10,-116.09999999980494,2026,old,127,2023-05-08,7,7.0000000000020988
unserved_MWh,3,0,0,0,0,0,2026,old,347,2023-12-14,4,4.2204229811920282
unserved_MWh,4,308.37999999996805,64.889999999989371,-48.820000000010566,-2.8816948827165843e-14,-48.820000000010623,2026,old,344,2023-12-11,4,3.9999999999999996
unserved_MWh,5,257.47999999996807,77.84999999998935,-23.930000000000007,2.3336332866105286e-11,-23.929999999976673,2026,old,326,2023-11-23,3,3.0000000000002998
unserved_MWh,6,1.1799999999893585,1.1799999999893585,0,-1.3100631690458702e-16,-2.2204460492503131e-16,2026,old,332,2023-11-29,1,0.99999999999999989
unserved_MWh,7,697.5827499999657,226.27999999998934,-18.742749999997613,6.7930230329690393e-11,-18.742749999929742,2026,old,167,2023-06-17,3,3.0000000000003002
unserved_MWh,8,0,0,0,-0,0,2026,old,152,2023-06-02,2,1.9999999999999998
unserved_MWh,9,98.809999999968085,25.279999999989371,-22.96999999999997,7.6003914273282926e-12,-22.969999999992368,2026,old,31,2023-02-01,3,3.0000000000003006
unserved_MWh,10,1481.6246499998192,66.114174999983192,-489.91202500007137,-4.9560678849745633e-11,-489.91202500012093,2026,old,303,2023-10-31,15,14.99999999999925
unserved_MWh,11,227.62999999995742,44.179999999989363,-50.909999999999968,-1.9619861291171043e-14,-50.909999999999997,2026,old,333,2023-11-30,4,3.9999999999999996
unserved_MWh,12,0,0,0,0,0,2026,old,13,2023-01-14,1,1
unserved_MWh,13,551.06999999991501,50.119999999989375,-150.11000000000001,0,-150.11000000000001,2026,old,166,2023-06-16,8,8
unserved_MWh,14,154.08999999995751,52.079999999989383,54.230000000000018,122.09642331014084,176.32642331014085,2026,old,106,2023-04-17,4,6.3444013692428136
unserved_MWh,15,5514.4254499997351,196.61354999998878,-795.70025000000442,1200.1165747207172,404.41632472071251,2026,old,206,2023-07-26,24,30.103936248141522
unserved_MWh,16,3511.1365999998011,247.46999999998934,943.32340000000704,-0.10364593478303925,943.2197540652237,2026,old,4,2023-01-05,18,17.999581177780001
unserved_MWh,17,87.989999999957377,58.889999999978656,206.45999999993592,-5.2304827136121418e-14,206.45999999993586,2026,old,254,2023-09-12,5,4.9999999999999991
unserved_MWh,18,2797.500149999823,208.35999999998936,536.25985000000674,0,536.25985000000674,2026,old,181,2023-07-01,16,16
unserved_MWh,19,497.50217499991487,135.05999999998937,718.03782499998965,1.2139686589306574e-10,718.03782500011084,2026,old,49,2023-02-19,9,9.0000000000008988
unserved_MWh,20,9.3399999999893613,0,-9.3399999999893613,0,-9.3399999999893613,2026,old,42,2023-02-12,2,2
unserved_MWh,21,0,0,0,-0,0,2026,old,74,2023-03-16,1,0.99999999999999989
unserved_MWh,22,0,0,0,-0,0,2026,old,73,2023-03-15,2,1.9999999999999998
unserved_MWh,23,509.69689999992647,74.769999999989381,-61.076899999990189,-8.9851512896630967e-11,-61.076900000080059,2026,old,255,2023-09-13,6,5.9999999999987983
unserved_MWh,24,4809.8272999997298,179.93097499998811,-671.41487500000312,-4.5578042735524892e-10,-671.41487500045878,2026,old,280,2023-10-08,23,22.999999999997467
unserved_MWh,25,0,0,0,0,0,2026,old,92,2023-04-03,1,1
unserved_MWh,26,956.49869999989198,43.999999999989363,-516.49869999999828,7.8159700933592126e-14,-516.49869999999828,2026,old,207,2023-07-27,10,10.000000000000002
unserved_MWh,27,0,0,0,0,0,2026,old,186,2023-07-06,1,1
unserved_MWh,28,1850.727199999827,71.159999999978723,-854.48720000012486,1.9845671772594392e-11,-854.48720000010508,2026,old,304,2023-11-01,14,14.000000000000279
unserved_MWh,29,250.96999999995754,12.039999999989369,-202.81000000000006,1.0693668173180066e-14,-202.81000000000006,2026,old,315,2023-11-12,4,4.0000000000000009
unserved_MWh,30,0,0,0,0,0,2026,old,125,2023-05-06,3,3.0000000000002993
unserved_MWh,31,3950.089999999861,327.90999999998928,312.73999999999978,-1.7008566999265339e-10,312.73999999982971,2026,old,86,2023-03-28,13,12.999999999999481
unserved_MWh,32,0,0,0,0,0,2026,old,122,2023-05-03,1,1
unserved_MWh,33,2701.754374999739,76.339999999989388,-945.93437499998299,-1.9310448351458988e-10,-945.93437500017603,2026,old,63,2023-03-05,23,22.99999999999747
unserved_MWh,34,766.93799999995701,239.5799999999893,191.38200000000018,0,191.38200000000018,2026,old,179,2023-06-29,4,4
unserved_MWh,35,0.84999999998937403,0,-0.84999999998937403,-0,-0.84999999998937403,2026,old,93,2023-04-04,4,3.9999999999999996
unserved_MWh,36,31.879074999967056,5.3899999999894055,0.46092499996937519,-6.4676175526174322e-12,0.46092499996290925,2026,old,105,2023-04-16,6,5.9999999999988001
unserved_MWh,37,0,0,0,0,0,2026,old,91,2023-04-02,1,1
unserved_MWh,38,5267.3730999997715,277.46999999998934,282.0269000000153,-9.8577146445673712e-13,282.02690000001439,2026,old,275,2023-10-03,20,19.999999999999996
unserved_MWh,39,117.30999999997873,0,-117.30999999997873,0,-117.30999999997873,2026,old,192,2023-07-12,4,4
unserved_MWh,40,2614.2419249997738,141.38732499998815,72.11725000000115,-1225.5936551135876,-1153.4764051135865,2026,old,357,2023-12-24,19,10.331658229521704
unserved_MWh,41,1511.7163749998992,207.97999999998936,360.10362500000497,1.8730947459743171e-10,360.10362500019232,2026,old,169,2023-06-19,9,9.0000000000009006
unserved_MWh,42,512.36639999989961,74.229999999989403,81.473600000015608,0,81.473600000015608,2026,old,21,2023-01-22,8,8
unserved_MWh,43,135.91999999998939,135.91999999998939,135.91999999998939,-3.0180302701407899e-14,135.91999999998933,2026,old,308,2023-11-05,2,1.9999999999999998
unserved_MWh,44,4636.5951749997885,206.23999999998938,-718.03517499999043,-1.1796657872764019e-10,-718.03517500010821,2026,old,283,2023-10-11,19,18.999999999999428
unserved_MWh,45,253.62999999996805,72.389999999989328,-36.460000000000065,-4.2510569699055038e-07,-36.460000425105761,2026,old,364,2023-12-31,3,2.9999999941275632
unserved_MWh,46,61.51477499998883,61.51477499998883,0,0,0,2026,old,123,2023-05-04,1,1
unserved_MWh,47,91.709999999957475,31.829999999989369,67.439999999989354,2.8270719099045544e-14,67.439999999989382,2026,old,124,2023-05-05,5,5.0000000000000009
discharge_MWh,0,580.01864831265982,112.83003581253044,96.961566562522762,-1.3538803712152315e-10,96.961566562387475,2026,old,331,2023-11-28,6,5.9999999999988001
discharge_MWh,1,826.07267450403106,34.26080000001199,-175.11747450380324,-1.9475010049070527e-11,-175.11747450382268,2026,old,337,2023-12-04,19,18.999999999999432
discharge_MWh,2,698.13412500021639,103.47352500003625,26.180550000037329,2.1716667537593328e-10,26.18055000025447,2026,old,127,2023-05-08,7,7.0000000000020988
discharge_MWh,3,108.37631250003086,15.200000000005319,-47.576312500009585,3.3504293141200012,-44.225883185889586,2026,old,347,2023-12-14,4,4.2204229811920282
discharge_MWh,4,312.0539774238884,70.880000000010682,-28.53397742384567,-3.1477043194177182e-14,-28.533977423845727,2026,old,344,2023-12-11,4,3.9999999999999996
discharge_MWh,5,322.65000000005716,115.7000000000106,24.449999999974636,3.4682257066268445e-11,24.450000000009311,2026,old,326,2023-11-23,3,3.0000000000002998
discharge_MWh,6,81.700000000028609,81.700000000028609,0,-9.0705221111907052e-15,-1.4210854715202004e-14,2026,old,332,2023-11-29,1,0.99999999999999989
discharge_MWh,7,114.49162500004012,30.400000000010643,-23.291625000008182,9.1262108981059214e-12,-23.291624999999058,2026,old,167,2023-06-17,3,3.0000000000003002
discharge_MWh,8,136.83047500002291,40.291900000001959,-56.246675000018996,-8.946599017179304e-15,-56.24667500001901,2026,old,152,2023-06-02,2,1.9999999999999998
discharge_MWh,9,168.58506567022948,47.431090670187132,-26.291793659668087,1.4260081286339905e-11,-26.29179365965382,2026,old,31,2023-02-01,3,3.0000000000003006
discharge_MWh,10,1367.0262006902142,103.22582500002214,181.36117431011803,-7.7380409901922577e-11,181.3611743100405,2026,old,303,2023-10-31,15,14.99999999999925
discharge_MWh,11,123.26000000004257,30.400000000010643,-1.6599999999999966,-1.350031197944663e-14,-1.6600000000000108,2026,old,333,2023-11-30,4,3.9999999999999996
discharge_MWh,12,84.333300000008521,84.333300000008521,0,0,0,2026,old,13,2023-01-14,1,1
discharge_MWh,13,470.67382550933672,45.600000000015953,-105.8738255092091,0,-105.8738255092091,2026,old,166,2023-06-16,8,8
discharge_MWh,14,446.04094736851664,105.74000000001067,-23.080947368473971,247.89700078376012,224.81605341528609,2026,old,106,2023-04-17,4,6.3444013692428136
discharge_MWh,15,2182.5307125006266,89.854800000031489,-26.015512499870965,548.46797078969905,522.45245828982843,2026,old,206,2023-07-26,24,30.103936248141522
discharge_MWh,16,568.64340000019911,30.400000000010643,-21.4434000000075,-0.012732195487960689,-21.456132195495456,2026,old,4,2023-01-05,18,17.999581177780001
discharge_MWh,17,180.16262500004382,60.800000000021292,123.83737500006265,-5.4001247917786525e-14,123.83737500006259,2026,old,254,2023-09-12,5,4.9999999999999991
discharge_MWh,18,1166.4444105627063,73.537600000025705,10.157189437705028,0,10.157189437705028,2026,old,181,2023-07-01,16,16
discharge_MWh,19,877.36683456269884,113.10177500003479,140.54914043761426,1.0166001045422776e-10,140.54914043771589,2026,old,49,2023-02-19,9,9.0000000000008988
discharge_MWh,20,68.311800000017158,12.283025000004262,-43.745750000008634,0,-43.745750000008634,2026,old,42,2023-02-12,2,2
discharge_MWh,21,44.310000000007314,44.310000000007314,0,-4.9193982221148806e-15,-7.1054273576010019e-15,2026,old,74,2023-03-16,1,0.99999999999999989
discharge_MWh,22,151.6200000000286,66.500000000023277,-18.619999999982042,-1.4765966227519751e-14,-18.61999999998207,2026,old,73,2023-03-15,2,1.9999999999999998
discharge_MWh,23,392.06132003953451,76.598500000020863,67.52967996059067,-9.204883122395933e-11,67.52967996049864,2026,old,255,2023-09-13,6,5.9999999999987983
discharge_MWh,24,1749.2271003467974,70.58642500002469,-125.73932534622963,-1.7880140399390712e-10,-125.73932534640835,2026,old,280,2023-10-08,23,22.999999999997467
discharge_MWh,25,80.015353515134478,80.015353515134478,0,0,0,2026,old,92,2023-04-03,1,1
discharge_MWh,26,1020.5741116252138,107.39000000001066,53.325888374892656,1.9076296098321183e-13,53.325888374892884,2026,old,207,2023-07-27,10,10.000000000000002
discharge_MWh,27,90.400000000010635,90.400000000010635,0,0,0,2026,old,186,2023-07-06,1,1
discharge_MWh,28,1405.746755187851,116.0000000000266,218.25324481252142,3.235101075916478e-11,218.2532448125537,2026,old,304,2023-11-01,14,14.000000000000279
discharge_MWh,29,357.53972500009854,89.070000000028585,-1.2597249999842006,7.9110051842715543e-14,-1.2597249999841438,2026,old,315,2023-11-12,4,4.0000000000000009
discharge_MWh,30,31.12095687533958,3.1871231696820979,-21.559587366293286,9.5395736482017215e-13,-21.559587366292334,2026,old,125,2023-05-06,3,3.0000000000002993
discharge_MWh,31,548.74088314736673,45.60000000001596,44.059116852840702,-2.3652546587990495e-11,44.059116852817056,2026,old,86,2023-03-28,13,12.999999999999481
discharge_MWh,32,101.89415000003568,101.89415000003568,0,0,0,2026,old,122,2023-05-03,1,1
discharge_MWh,33,2227.9855231840866,109.33535275002443,286.72759006647539,-2.765672887435407e-10,286.7275900661989,2026,old,63,2023-03-05,23,22.99999999999747
discharge_MWh,34,337.88392500007626,90.400000000010635,23.716074999966281,0,23.716074999966281,2026,old,179,2023-06-29,4,4
discharge_MWh,35,90.330708344307652,4.8196583442847238,-71.05207496716875,-2.1403582658606641e-15,-71.052074967168764,2026,old,93,2023-04-04,4,3.9999999999999996
discharge_MWh,36,580.27662500007966,109.99000000001064,79.663374999984171,-1.3198019566119822e-10,79.663374999852181,2026,old,105,2023-04-16,6,5.9999999999988001
discharge_MWh,37,70.99706250002005,70.99706250002005,0,0,0,2026,old,91,2023-04-02,1,1
discharge_MWh,38,648.75690000022712,30.400000000010639,-40.756900000014298,-1.0800249583557303e-13,-40.756900000014411,2026,old,275,2023-10-03,20,19.999999999999996
discharge_MWh,39,386.67506250006892,75.200000000005318,-85.875062500047648,0,-85.875062500047648,2026,old,192,2023-07-12,4,4
discharge_MWh,40,1400.0530563631182,78.627700000027573,93.873243637405722,-681.57177622687539,-587.69853258946966,2026,old,357,2023-12-24,19,10.331658229521704
discharge_MWh,41,404.95473607110046,30.400000000010643,-131.35473607100465,2.7378632694317766e-11,-131.35473607097731,2026,old,169,2023-06-19,9,9.0000000000009006
discharge_MWh,42,353.56360000010056,35.220000000010636,-71.803600000015479,0,-71.803600000015479,2026,old,21,2023-01-22,8,8
discharge_MWh,43,83.907325000029402,45.40667500001593,6.9060250000024581,-1.0082307211337833e-14,6.9060250000024439,2026,old,308,2023-11-05,2,1.9999999999999998
discharge_MWh,44,1621.3834000004417,85.600000000015967,5.0165999998616826,-4.8962078835766116e-11,5.0165999998127973,2026,old,283,2023-10-11,19,18.999999999999428
discharge_MWh,45,197.03000000004795,71.40000000001595,17.169999999999902,-4.1929198459920645e-07,17.169999580707923,2026,old,364,2023-12-31,3,2.9999999941275632
discharge_MWh,46,77.085225000012201,77.085225000012201,0,0,0,2026,old,123,2023-05-04,1,1
discharge_MWh,47,503.506525000127,96.200000000028581,-22.506524999984094,8.5442763975177432e-14,-22.506524999983981,2026,old,124,2023-05-05,5,5.0000000000000009
total_cost_CNY,0,15568761.801574586,2120053.0133637101,-2848443.7213923242,-2.5439131877064123e-06,-2848443.7213948686,2026,old,331,2023-11-28,6,5.9999999999988001
total_cost_CNY,1,43159102.904115573,3045514.9125930984,14705680.435153298,-1.731174798233666e-06,14705680.435151562,2026,old,337,2023-12-04,19,18.999999999999432
total_cost_CNY,2,13813382.153585095,1797604.3548430623,-1230151.6696836576,3.772750192693547e-06,-1230151.6696798857,2026,old,127,2023-05-08,7,7.0000000000020988
total_cost_CNY,3,2208181.2330507846,658130.92669846606,424342.4737430797,145067.18087754806,569409.65462062787,2026,old,347,2023-12-14,4,4.2204229811920282
total_cost_CNY,4,5937124.9468360431,1398651.3471969797,-342519.55804812443,-6.211259716324323e-10,-342519.55804812536,2026,old,344,2023-12-11,4,3.9999999999999996
total_cost_CNY,5,5085002.299485676,1610554.8989975317,-253337.60249308124,4.8278028544827388e-07,-253337.60249259789,2026,old,326,2023-11-23,3,3.0000000000002998
total_cost_CNY,6,645728.74248783605,645728.74248783605,0,-7.1690291757224417e-11,-1.1641532182693481e-10,2026,old,332,2023-11-29,1,0.99999999999999989
total_cost_CNY,7,9506061.5187134817,3105890.3214352033,-188390.55440787226,9.3240164801953068e-07,-188390.55440693907,2026,old,167,2023-06-17,3,3.0000000000003002
total_cost_CNY,8,1368921.5003906882,685440.26934112166,1959.0382915551309,-1.5219831380555641e-10,1959.038291554898,2026,old,152,2023-06-02,2,1.9999999999999998
total_cost_CNY,9,2853964.9234010787,908398.78992541542,-128768.55362483254,2.7310863827323671e-07,-128768.55362455919,2026,old,31,2023-02-01,3,3.0000000000003006
total_cost_CNY,10,26897038.491629697,1474854.9848097973,-4774213.7194827385,-1.1055846080227639e-06,-4774213.7194838449,2026,old,303,2023-10-31,15,14.99999999999925
total_cost_CNY,11,5419392.6530538332,1224508.3214352035,-521359.367313019,-5.4379093292098603e-10,-521359.36731301993,2026,old,333,2023-11-30,4,3.9999999999999996
total_cost_CNY,12,383427.20580650278,383427.20580650278,0,0,0,2026,old,13,2023-01-14,1,1
total_cost_CNY,13,11548785.789588017,1233377.7424878336,-1681763.8496853486,0,-1681763.8496853486,2026,old,166,2023-06-16,8,8
total_cost_CNY,14,4857511.6779889632,1370156.1951194168,623113.10248870403,3212196.0599144846,3835309.1624031886,2026,old,106,2023-04-17,4,6.3444013692428136
total_cost_CNY,15,74693192.267227784,2772330.3025930971,-8157265.0049934536,16922127.425819162,8764862.4208257049,2026,old,206,2023-07-26,24,30.103936248141522
total_cost_CNY,16,50803193.71983359,3366356.3214352033,9791220.0660000667,-1409.9048278496789,9789810.1611722186,2026,old,4,2023-01-05,18,17.999581177780001
total_cost_CNY,17,4834926.1083049243,1441623.2951193072,2373190.3672916116,-1.2804187000619536e-09,2373190.3672916107,2026,old,254,2023-09-12,5,4.9999999999999991
total_cost_CNY,18,40410577.0115721,2875083.9805930983,5590766.677917473,0,5590766.677917473,2026,old,181,2023-07-01,16,16
total_cost_CNY,19,12094266.872305967,2146771.0889220433,7226672.9279924221,1.929596342255298e-06,7226672.9279943518,2026,old,49,2023-02-19,9,9.0000000000008988
total_cost_CNY,20,1375154.0443054121,559753.11925109802,-255647.80580321606,0,-255647.80580321606,2026,old,42,2023-02-12,2,2
total_cost_CNY,21,676874.88126910327,676874.88126910327,0,-7.5148207797537754e-11,-1.1641532182693481e-10,2026,old,74,2023-03-16,1,0.99999999999999989
total_cost_CNY,22,1276479.0326213115,595039.5056458381,-86400.021329635289,-1.3212531194591606e-10,-86400.021329635521,2026,old,73,2023-03-15,2,1.9999999999999998
total_cost_CNY,23,9734444.7260129079,1500270.5064352038,-732821.68740168586,-1.8028831718258249e-06,-732821.68740348704,2026,old,255,2023-09-13,6,5.9999999999987983
total_cost_CNY,24,66770424.783828579,2597818.6788430857,-7020595.1704376116,-6.5804951461782936e-06,-7020595.1704441905,2026,old,280,2023-10-08,23,22.999999999997467
total_cost_CNY,25,606580.77632567182,606580.77632567182,0,0,0,2026,old,92,2023-04-03,1,1
total_cost_CNY,26,17630998.585443918,1231775.5843160923,-5313242.7422829941,2.1880729838061305e-09,-5313242.7422829922,2026,old,207,2023-07-27,10,10.000000000000002
total_cost_CNY,27,640668.1067538705,640668.1067538705,0,0,0,2026,old,186,2023-07-06,1,1
total_cost_CNY,28,29868880.72545483,1529830.4502439657,-8451254.4220393077,4.2665139099594037e-07,-8451254.422038883,2026,old,304,2023-11-01,14,14.000000000000279
total_cost_CNY,29,5412771.1196805676,831065.11423299043,-2088510.6627486059,7.3813409982736149e-10,-2088510.662748605,2026,old,315,2023-11-12,4,4.0000000000000009
total_cost_CNY,30,1898011.9870640095,639363.22931871307,20077.70089212968,1.9137172582653354e-07,20077.700892321067,2026,old,125,2023-05-06,3,3.0000000000002993
total_cost_CNY,31,50262829.90804559,4100409.2424878329,3042490.2442962378,-2.1268666806521126e-06,3042490.2442941144,2026,old,86,2023-03-28,13,12.999999999999481
total_cost_CNY,32,576359.01569846889,576359.01569846889,0,0,0,2026,old,122,2023-05-03,1,1
total_cost_CNY,33,45414403.860506676,1570586.446170592,-9290915.5985830575,-3.9728488931468371e-06,-9290915.5985870361,2026,old,63,2023-03-05,23,22.99999999999747
total_cost_CNY,34,10962522.92273321,3229477.2646485041,1955386.1358608063,0,1955386.1358608063,2026,old,179,2023-06-29,4,4
total_cost_CNY,35,2528217.5683616935,640354.78349354293,33201.565612478182,-2.843746498253554e-10,33201.565612477716,2026,old,93,2023-04-04,4,3.9999999999999996
total_cost_CNY,36,4779601.9338920088,805634.89456539997,54207.433500391431,-9.6670470966651522e-07,54207.433499424718,2026,old,105,2023-04-16,6,5.9999999999988001
total_cost_CNY,37,589450.71771820111,589450.71771820111,0,0,0,2026,old,91,2023-04-02,1,1
total_cost_CNY,38,70199705.997703925,3666853.3214352033,3137360.4310001433,-1.3027279953217897e-08,3137360.4310001284,2026,old,275,2023-10-03,20,19.999999999999996
total_cost_CNY,39,4242837.7773978841,720482.02780650393,-1360909.6661718683,0,-1360909.6661718683,2026,old,192,2023-07-12,4,4
total_cost_CNY,40,41502522.603468642,2231765.6165930866,901024.11180000752,-19345707.116231102,-18444683.004431099,2026,old,357,2023-12-24,19,10.331658229521704
total_cost_CNY,41,22169209.519695364,2869599.3214352038,3657184.3732214719,2.5843982171516591e-06,3657184.3732240535,2026,old,169,2023-06-19,9,9.0000000000009006
total_cost_CNY,42,11825126.49557011,1583457.7735127658,842535.69253201596,0,842535.69253201596,2026,old,21,2023-01-22,8,8
total_cost_CNY,43,2726966.7993441932,2100856.8150930968,1474746.8308420004,-4.6648392151140623e-10,1474746.8308419995,2026,old,308,2023-11-05,2,1.9999999999999998
total_cost_CNY,44,62026248.565548591,2889902.9765598588,-7118092.0109112784,-1.6529866514721095e-06,-7118092.010912925,2026,old,283,2023-10-11,19,18.999999999999428
total_cost_CNY,45,4748356.6908984035,1453636.4170030693,-387447.43988919538,-0.0085363879295624698,-387447.44842558354,2026,old,364,2023-12-31,3,2.9999999941275632
total_cost_CNY,46,1394767.6078957273,1394767.6078957273,0,0,0,2026,old,123,2023-05-04,1,1
total_cost_CNY,47,4638767.5529108848,1077463.011185898,748547.50301860459,9.5697939456042922e-10,748547.50301860645,2026,old,124,2023-05-05,5,5.0000000000000009
thermal_cost_CNY,0,4625454.462025594,785177.42809209286,85610.106526963413,-9.4215720145777612e-07,85610.106526020914,2026,old,331,2023-11-28,6,5.9999999999988001
thermal_cost_CNY,1,15132144.686124425,802959.95684210479,124094.49387556501,-4.564298915523209e-07,124094.49387510866,2026,old,337,2023-12-04,19,18.999999999999432
thermal_cost_CNY,2,5061601.3041447308,717199.73684210528,-41203.146249993704,1.5052341401381629e-06,-41203.146248488687,2026,old,127,2023-05-08,7,7.0000000000020988
thermal_cost_CNY,3,2141685.4631319125,645672.99999999814,441006.53686808003,142321.16753520002,583327.70440327981,2026,old,347,2023-12-14,4,4.2204229811920282
thermal_cost_CNY,4,2648944.7450881824,698268.88642659271,144130.80061818846,-3.1009367803606867e-10,144130.80061818799,2026,old,344,2023-12-11,4,3.9999999999999996
thermal_cost_CNY,5,1996090.8171745096,669688.37119113223,12974.296398886945,2.0074593123543061e-07,12974.296399087878,2026,old,326,2023-11-23,3,3.0000000000002998
thermal_cost_CNY,6,566178.2368421033,566178.2368421033,0,-6.2858411458377817e-11,-1.1641532182693481e-10,2026,old,332,2023-11-29,1,0.99999999999999989
thermal_cost_CNY,7,2490383.1842105244,830673.97368421056,1638.7368421074934,2.4937190366470856e-07,1638.7368423566222,2026,old,167,2023-06-17,3,3.0000000000003002
thermal_cost_CNY,8,1305440.7851384883,672925.00259002228,40409.220041556284,-1.4941936634427717e-10,40409.220041556051,2026,old,152,2023-06-02,2,1.9999999999999998
thermal_cost_CNY,9,1820248.5558071868,638798.97337298351,96148.364311763784,1.920538861159881e-07,96148.364311955869,2026,old,31,2023-02-01,3,3.0000000000003006
thermal_cost_CNY,10,11250886.46026277,757561.73684210354,112539.59236878343,-5.6788538839812416e-07,112539.59236821532,2026,old,303,2023-10-31,15,14.99999999999925
thermal_cost_CNY,11,3093410.6620498612,770291.97368421045,-12242.767313019373,-3.4207835394726624e-10,-12242.767313019838,2026,old,333,2023-11-30,4,3.9999999999999996
thermal_cost_CNY,12,299630.344999997,299630.344999997,0,0,0,2026,old,13,2023-01-14,1,1
thermal_cost_CNY,13,5883274.6974205449,717686.23684210342,-141784.80268371757,0,-141784.80268371757,2026,old,166,2023-06-16,8,8
thermal_cost_CNY,14,2548814.1174004846,641847.26731301728,18574.951851584483,1504747.612333396,1523322.5641849805,2026,old,106,2023-04-17,4,6.3444013692428136
thermal_cost_CNY,15,17692698.67105262,733212.23684210528,-95604.986842092127,4475480.7500414532,4379875.7631993592,2026,old,206,2023-07-26,24,30.103936248141522
thermal_cost_CNY,16,15468119.02631579,879239.97368421045,358200.49999999814,-368.24523768989673,357832.25476230867,2026,old,4,2023-01-05,18,17.999581177780001
thermal_cost_CNY,17,3892662.7432998535,840002.94736842101,307351.99354225164,-7.4607249033713164e-10,307351.99354225071,2026,old,254,2023-09-12,5,4.9999999999999991
thermal_cost_CNY,18,11909753.181119716,758002.73684210342,218290.60835393891,0,218290.60835393891,2026,old,181,2023-07-01,16,16
thermal_cost_CNY,19,6269684.1745602293,721058.21052631026,219839.72017656267,6.4811348204030318e-07,219839.72017721087,2026,old,49,2023-02-19,9,9.0000000000008988
thermal_cost_CNY,20,1251017.2308033193,547517.94124999852,-155981.34830332221,0,-155981.34830332221,2026,old,42,2023-02-12,2,2
thermal_cost_CNY,21,633957.43351800228,633957.43351800228,0,-7.0383413932395808e-11,-1.1641532182693481e-10,2026,old,74,2023-03-16,1,0.99999999999999989
thermal_cost_CNY,22,1136800.0872576097,528254.99999999802,-80290.087257613661,-1.1729617277467197e-10,-80290.087257613894,2026,old,73,2023-03-15,2,1.9999999999999998
thermal_cost_CNY,23,4505252.6764772171,732273.3157894715,-111612.7817403879,-8.7997679921794523e-07,-111612.781741268,2026,old,255,2023-09-13,6,5.9999999999987983
thermal_cost_CNY,24,17985343.720355824,773847.23684210342,-186857.27298744395,-1.9602207141688402e-06,-186857.27298940346,2026,old,280,2023-10-08,23,22.999999999997467
thermal_cost_CNY,25,538863.27003941766,538863.27003941766,0,0,0,2026,old,92,2023-04-03,1,1
thermal_cost_CNY,26,7057600.9716602992,684564.1565096929,-211959.40656337049,1.2160302214242565e-09,-211959.40656336863,2026,old,207,2023-07-27,10,10.000000000000002
thermal_cost_CNY,27,462482.99999999627,462482.99999999627,0,0,0,2026,old,186,2023-07-06,1,1
thermal_cost_CNY,28,10475698.815900229,757185.21052631573,124894.13146819174,2.111698870035489e-07,124894.13146840222,2026,old,304,2023-11-01,14,14.000000000000279
thermal_cost_CNY,29,2696607.1786703495,660158.90858725656,-55971.544321323279,5.8633889617998897e-10,-55971.544321322814,2026,old,315,2023-11-12,4,4.0000000000000009
thermal_cost_CNY,30,1861363.734241958,627219.01033591689,20293.296765792649,1.8773676522983249e-07,20293.296765980311,2026,old,125,2023-05-06,3,3.0000000000002993
thermal_cost_CNY,31,10571376.091605647,807303.73684210342,-76427.512658301741,-4.187453782085523e-07,-76427.512658720836,2026,old,86,2023-03-28,13,12.999999999999481
thermal_cost_CNY,32,461099.74749999586,461099.74749999586,0,0,0,2026,old,122,2023-05-03,1,1
thermal_cost_CNY,33,16749727.706342231,735124.16434209724,158128.07352600619,-1.859520200083769e-06,158128.07352414727,2026,old,63,2023-03-05,23,22.99999999999747
thermal_cost_CNY,34,2980917.9473684207,743393.73684210528,-7342.9999999995343,0,-7342.9999999995343,2026,old,179,2023-06-29,4,4
thermal_cost_CNY,35,2446497.8453432089,628194.23915900069,66279.111292793881,-2.7897428330048188e-10,66279.111292793415,2026,old,93,2023-04-04,4,3.9999999999999996
thermal_cost_CNY,36,3827297.3130193716,635263.46675900009,-15716.512465370819,-7.6227108500096205e-07,-15716.512466133106,2026,old,105,2023-04-16,6,5.9999999999988001
thermal_cost_CNY,37,470384.98684209964,470384.98684209964,0,0,0,2026,old,91,2023-04-02,1,1
thermal_cost_CNY,38,17277240.47368421,879736.97368421056,317499,-3.1254535801544512e-09,317498.99999999627,2026,old,275,2023-10-03,20,19.999999999999996
thermal_cost_CNY,39,2567896.7922437517,574248.49999999814,-270902.79224375915,0,-270902.79224375915,2026,old,192,2023-07-12,4,4
thermal_cost_CNY,40,14809023.271945456,784756.73684210342,101354.72805450857,-6802539.6016326491,-6701184.8735781405,2026,old,357,2023-12-24,19,10.331658229521704
thermal_cost_CNY,41,6910813.3386057429,777382.97368421045,85633.424552151002,7.0012114800358679e-07,85633.424552851357,2026,old,169,2023-06-19,9,9.0000000000009006
thermal_cost_CNY,42,6601028.0775623173,828693.22576177213,28517.728531859815,0,28517.728531859815,2026,old,21,2023-01-22,8,8
thermal_cost_CNY,43,1334432.9005920996,729090.40059210337,123747.90059210709,-1.618905899541064e-10,123747.90059210686,2026,old,308,2023-11-05,2,1.9999999999999998
thermal_cost_CNY,44,14667491.999999974,775327.73684210342,63734.999999990687,-4.4347731045341254e-07,63734.999999547377,2026,old,283,2023-10-11,19,18.999999999999428
thermal_cost_CNY,45,2146204.1398891881,701039.044321327,-43087.006925207097,-0.0041168074534307366,-43087.011042014696,2026,old,364,2023-12-31,3,2.9999999941275632
thermal_cost_CNY,46,683595.34487534559,683595.34487534559,0,0,0,2026,old,123,2023-05-04,1,1
thermal_cost_CNY,47,3386260.0782548264,676997.50554016419,-1272.5505540054291,6.012945746115898e-10,-1272.5505540049635,2026,old,124,2023-05-05,5,5.0000000000000009
curtailment_cost_CNY,0,217883.56656001712,38934.937162498878,15726.056414976134,-4.6719161967111221e-08,15726.056414929422,2026,old,331,2023-11-28,6,5.9999999999988001
curtailment_cost_CNY,1,30214.133977365622,0,-30214.133977365622,-0,-30214.133977365622,2026,old,337,2023-12-04,19,18.999999999999432
curtailment_cost_CNY,2,489797.57393354631,65941.035000004311,-28210.328933516168,1.3839477626565804e-07,-28210.32893337775,2026,old,127,2023-05-08,7,7.0000000000020988
curtailment_cost_CNY,3,16962.615789474185,193.57894736842525,-16188.300000000483,42.669248674963015,-16145.63075132552,2026,old,347,2023-12-14,4,4.2204229811920282
curtailment_cost_CNY,4,152810.27096954334,38661.313019393689,1834.9811080314103,-1.7169071950548482e-11,1834.9811080313812,2026,old,344,2023-12-11,4,3.9999999999999996
curtailment_cost_CNY,5,474547.93905818614,149097.18005540635,-27256.398891967081,4.4693402995132599e-08,-27256.398891922378,2026,old,326,2023-11-23,3,3.0000000000002998
curtailment_cost_CNY,6,54821.157894739372,54821.157894739372,0,-6.0863711731350825e-12,-7.2759576141834259e-12,2026,old,332,2023-11-29,1,0.99999999999999989
curtailment_cost_CNY,7,2368.8750000001364,0,-2368.8750000001364,0,-2368.8750000001364,2026,old,167,2023-06-17,3,3.0000000000003002
curtailment_cost_CNY,8,37887.715000001001,0,-37887.715000001001,-0,-37887.715000001001,2026,old,152,2023-06-02,2,1.9999999999999998
curtailment_cost_CNY,9,7593.4736842105394,4213.1578947368462,5045.9999999999982,1.2666791592227811e-09,5046.000000001266,2026,old,31,2023-02-01,3,3.0000000000003006
curtailment_cost_CNY,10,634550.05309534236,43006.891966762108,10553.32640608924,-3.2238937581705347e-08,10553.326406056993,2026,old,303,2023-10-31,15,14.99999999999925
curtailment_cost_CNY,11,0,0,0,-0,0,2026,old,333,2023-11-30,4,3.9999999999999996
curtailment_cost_CNY,12,70841.180055406308,70841.180055406308,0,0,0,2026,old,13,2023-01-14,1,1
curtailment_cost_CNY,13,53205.57190443467,1923.1578947368448,-37820.308746539915,0,-37820.308746539915,2026,old,166,2023-06-16,8,8
curtailment_cost_CNY,14,714887.76011082111,194339.18005540632,62468.960110804182,455609.03981942026,518077.99993022438,2026,old,106,2023-04-17,4,6.3444013692428136
curtailment_cost_CNY,15,1543717.4430264137,59971.670000004073,-104397.36302631581,366063.25037460634,261665.88734829053,2026,old,206,2023-07-26,24,30.103936248141522
curtailment_cost_CNY,16,0,0,0,-0,0,2026,old,4,2023-01-05,18,17.999581177780001
curtailment_cost_CNY,17,0,0,0,-0,0,2026,old,254,2023-09-12,5,4.9999999999999991
curtailment_cost_CNY,18,320360.32233093999,20633.520000001939,9775.9976690910407,0,9775.9976690910407,2026,old,181,2023-07-01,16,16
curtailment_cost_CNY,19,731776.14964106679,61869.512894739542,-174950.53358841094,5.5610580184751881e-08,-174950.53358835529,2026,old,49,2023-02-19,9,9.0000000000008988
curtailment_cost_CNY,20,5829.0000000000728,0,-5829.0000000000728,0,-5829.0000000000728,2026,old,42,2023-02-12,2,2
curtailment_cost_CNY,21,30362.000000001466,30362.000000001466,0,-3.3708591473670631e-12,-3.637978807091713e-12,2026,old,74,2023-03-16,1,0.99999999999999989
curtailment_cost_CNY,22,113938.04986150254,54007.157894740434,-5923.7340720216744,-1.1991998037861425e-11,-5923.7340720216889,2026,old,73,2023-03-15,2,1.9999999999999998
curtailment_cost_CNY,23,55628.34982943489,7418.8578947388805,-11115.202461001609,-8.9152816076969052e-09,-11115.202461010522,2026,old,255,2023-09-13,6,5.9999999999987983
curtailment_cost_CNY,24,390731.79419670778,11843.480000001491,-118331.75419667346,-3.0000539794631691e-08,-118331.75419670349,2026,old,280,2023-10-08,23,22.999999999997467
curtailment_cost_CNY,25,54805.005000003381,54805.005000003381,0,0,0,2026,old,92,2023-04-03,1,1
curtailment_cost_CNY,26,877081.39515745209,94025.180055406308,63170.405396610964,1.6702227166726102e-10,63170.405396611197,2026,old,207,2023-07-27,10,10.000000000000002
curtailment_cost_CNY,27,165168.75900277472,165168.75900277472,0,0,0,2026,old,186,2023-07-06,1,1
curtailment_cost_CNY,28,702279.57348906272,47772.891966763171,-33459.085954378359,1.332328743114498e-08,-33459.085954364971,2026,old,304,2023-11-01,14,14.000000000000279
curtailment_cost_CNY,29,154439.15275624377,37503.157894740434,-4426.521177282033,3.3309495512714834e-11,-4426.5211772820039,2026,old,315,2023-11-12,4,4.0000000000000009
curtailment_cost_CNY,30,0,0,0,0,0,2026,old,125,2023-05-06,3,3.0000000000002993
curtailment_cost_CNY,31,27605.886845565648,1437.1578947368421,-8922.8342139867018,-7.4544833463924552e-10,-8922.8342139874476,2026,old,86,2023-03-28,13,12.999999999999481
curtailment_cost_CNY,32,102127.97894737325,102127.97894737325,0,0,0,2026,old,122,2023-05-03,1,1
curtailment_cost_CNY,33,1346268.5506599275,58856.580550001228,7432.8019901006483,-1.4887961211087798e-07,7432.8019899518695,2026,old,63,2023-03-05,23,22.99999999999747
curtailment_cost_CNY,34,260396.74511081932,77267.180055406308,48671.975110805914,0,48671.975110805914,2026,old,179,2023-06-29,4,4
curtailment_cost_CNY,35,23867.024930750533,0,-23867.024930750533,-0,-23867.024930750533,2026,old,93,2023-04-04,4,3.9999999999999996
curtailment_cost_CNY,36,555037.01811636938,103259.18005540632,64518.062216068618,-1.2390368931290213e-07,64518.062215944636,2026,old,105,2023-04-16,6,5.9999999999988001
curtailment_cost_CNY,37,106243.41250000188,106243.41250000188,0,0,0,2026,old,91,2023-04-02,1,1
curtailment_cost_CNY,38,0,0,0,-0,0,2026,old,275,2023-10-03,20,19.999999999999996
curtailment_cost_CNY,39,449524.84352494631,133369.18005540632,83951.876696678984,0,83951.876696678984,2026,old,192,2023-07-12,4,4
curtailment_cost_CNY,40,306944.94369092735,20237.005000002078,77558.151309112145,-175421.27575089614,-97863.124441784021,2026,old,357,2023-12-24,19,10.331658229521704
curtailment_cost_CNY,41,28171.753970019632,0,-28171.753970019632,0,-28171.753970019632,2026,old,169,2023-06-19,9,9.0000000000009006
curtailment_cost_CNY,42,0,0,0,0,0,2026,old,21,2023-01-22,8,8
curtailment_cost_CNY,43,8270.1300000005722,0,-8270.1300000005722,-0,-8270.1300000005722,2026,old,308,2023-11-05,2,1.9999999999999998
curtailment_cost_CNY,44,746456.37427983747,39206.891966762094,-1525.4269113576738,-2.2425828684364637e-08,-1525.426911380142,2026,old,283,2023-10-11,19,18.999999999999428
curtailment_cost_CNY,45,27545.207756235781,15871.024930749467,20067.86703601262,-9.3201590207786281e-05,20067.86694281103,2026,old,364,2023-12-31,3,2.9999999941275632
curtailment_cost_CNY,46,83141.313019393696,83141.313019393696,0,0,0,2026,old,123,2023-05-04,1,1
curtailment_cost_CNY,47,269810.67065098527,69091.157894740434,75645.118822716933,6.136527543420239e-11,75645.118822716991,2026,old,124,2023-05-05,5,5.0000000000000009
load_shedding_cost_CNY,0,10646949.499999251,1282699.9999998938,-2950749.4999998882,-1.5391489860404452e-06,-2950749.5000014277,2026,old,331,2023-11-28,6,5.9999999999988001
load_shedding_cost_CNY,1,27758348.749997854,2230099.9999998938,14613551.250000127,-1.2676650840148192e-06,14613551.24999886,2026,old,337,2023-12-04,19,18.999999999999432
load_shedding_cost_CNY,2,8170215.4999991208,1001316.4999998529,-1161000.0000001509,2.1015286306710589e-06,-1160999.9999980498,2026,old,127,2023-05-08,7,7.0000000000020988
load_shedding_cost_CNY,3,0,0,0,0,0,2026,old,347,2023-12-14,4,4.2204229811920282
load_shedding_cost_CNY,4,3083799.9999996806,648899.99999989371,-488200.00000010571,-2.8816948827165843e-10,-488200.00000010617,2026,old,344,2023-12-11,4,3.9999999999999996
load_shedding_cost_CNY,5,2574799.9999996806,778499.99999989348,-239300,2.3336332866105286e-07,-239299.9999997667,2026,old,326,2023-11-23,3,3.0000000000002998
load_shedding_cost_CNY,6,11799.999999893584,11799.999999893584,0,-1.3100631690458701e-12,-1.8189894035458565e-12,2026,old,332,2023-11-29,1,0.99999999999999989
load_shedding_cost_CNY,7,6975827.4999996573,2262799.9999998934,-187427.49999997765,6.7930230329690389e-07,-187427.49999929778,2026,old,167,2023-06-17,3,3.0000000000003002
load_shedding_cost_CNY,8,0,0,0,-0,0,2026,old,152,2023-06-02,2,1.9999999999999998
load_shedding_cost_CNY,9,988099.99999968079,252799.99999989371,-229699.99999999965,7.6003914273282927e-08,-229699.99999992363,2026,old,31,2023-02-01,3,3.0000000000003006
load_shedding_cost_CNY,10,14816246.499998191,661141.7499998319,-4899120.2500007134,-4.9560678849745633e-07,-4899120.2500012089,2026,old,303,2023-10-31,15,14.99999999999925
load_shedding_cost_CNY,11,2276299.9999995744,441799.99999989365,-509099.99999999977,-1.9619861291171044e-10,-509100,2026,old,333,2023-11-30,4,3.9999999999999996
load_shedding_cost_CNY,12,0,0,0,0,0,2026,old,13,2023-01-14,1,1
load_shedding_cost_CNY,13,5510699.9999991497,501199.99999989377,-1501099.9999999995,0,-1501099.9999999995,2026,old,166,2023-06-16,8,8
load_shedding_cost_CNY,14,1540899.9999995751,520799.99999989383,542300.00000000023,1220964.2331014085,1763264.2331014087,2026,old,106,2023-04-17,4,6.3444013692428136
load_shedding_cost_CNY,15,55144254.499997348,1966135.4999998878,-7957002.5000000447,12001165.747207172,4044163.2472071275,2026,old,206,2023-07-26,24,30.103936248141522
load_shedding_cost_CNY,16,35111365.999998011,2474699.9999998934,9433234.0000000671,-1036.4593478303925,9432197.5406522378,2026,old,4,2023-01-05,18,17.999581177780001
load_shedding_cost_CNY,17,879899.9999995738,588899.99999978661,2064599.9999993593,-5.2304827136121422e-10,2064599.9999993588,2026,old,254,2023-09-12,5,4.9999999999999991
load_shedding_cost_CNY,18,27975001.499998227,2083599.9999998936,5362598.5000000708,0,5362598.5000000708,2026,old,181,2023-07-01,16,16
load_shedding_cost_CNY,19,4975021.7499991488,1350599.9999998938,7180378.2499998957,1.2139686589306575e-06,7180378.2500011101,2026,old,49,2023-02-19,9,9.0000000000008988
load_shedding_cost_CNY,20,93399.999999893611,0,-93399.999999893611,0,-93399.999999893611,2026,old,42,2023-02-12,2,2
load_shedding_cost_CNY,21,0,0,0,-0,0,2026,old,74,2023-03-16,1,0.99999999999999989
load_shedding_cost_CNY,22,0,0,0,-0,0,2026,old,73,2023-03-15,2,1.9999999999999998
load_shedding_cost_CNY,23,5096968.9999992643,747699.99999989383,-610768.99999990128,-8.9851512896630968e-07,-610769.00000080001,2026,old,255,2023-09-13,6,5.9999999999987983
load_shedding_cost_CNY,24,48098272.999997295,1799309.749999881,-6714148.7500000298,-4.5578042735524886e-06,-6714148.7500045896,2026,old,280,2023-10-08,23,22.999999999997467
load_shedding_cost_CNY,25,0,0,0,0,0,2026,old,92,2023-04-03,1,1
load_shedding_cost_CNY,26,9564986.9999989197,439999.99999989365,-5164986.9999999832,7.815970093359213e-10,-5164986.9999999823,2026,old,207,2023-07-27,10,10.000000000000002
load_shedding_cost_CNY,27,0,0,0,0,0,2026,old,186,2023-07-06,1,1
load_shedding_cost_CNY,28,18507271.999998271,711599.99999978719,-8544872.0000012517,1.9845671772594392e-07,-8544872.0000010524,2026,old,304,2023-11-01,14,14.000000000000279
load_shedding_cost_CNY,29,2509699.9999995753,120399.9999998937,-2028100.0000000005,1.0693668173180066e-10,-2028100.0000000005,2026,old,315,2023-11-12,4,4.0000000000000009
load_shedding_cost_CNY,30,0,0,0,0,0,2026,old,125,2023-05-06,3,3.0000000000002993
load_shedding_cost_CNY,31,39500899.999998607,3279099.9999998929,3127400,-1.700856699926534e-06,3127399.9999983013,2026,old,86,2023-03-28,13,12.999999999999481
load_shedding_cost_CNY,32,0,0,0,0,0,2026,old,122,2023-05-03,1,1
load_shedding_cost_CNY,33,27017543.749997389,763399.99999989383,-9459343.7499998324,-1.9310448351458988e-06,-9459343.7500017621,2026,old,63,2023-03-05,23,22.99999999999747
load_shedding_cost_CNY,34,7669379.9999995697,2395799.9999998929,1913820.0000000019,0,1913820.0000000019,2026,old,179,2023-06-29,4,4
load_shedding_cost_CNY,35,8499.9999998937401,0,-8499.9999998937401,-0,-8499.9999998937401,2026,old,93,2023-04-04,4,3.9999999999999996
load_shedding_cost_CNY,36,318790.74999967054,53899.999999894055,4609.2499996937695,-6.4676175526174328e-08,4609.2499996291008,2026,old,105,2023-04-16,6,5.9999999999988001
load_shedding_cost_CNY,37,0,0,0,0,0,2026,old,91,2023-04-02,1,1
load_shedding_cost_CNY,38,52673730.99999772,2774699.9999998934,2820269.000000149,-9.8577146445673711e-09,2820269.0000001341,2026,old,275,2023-10-03,20,19.999999999999996
load_shedding_cost_CNY,39,1173099.9999997872,0,-1173099.9999997872,0,-1173099.9999997872,2026,old,192,2023-07-12,4,4
load_shedding_cost_CNY,40,26142419.249997739,1413873.2499998815,721172.50000001118,-12255936.551135875,-11534764.051135866,2026,old,357,2023-12-24,19,10.331658229521704
load_shedding_cost_CNY,41,15117163.749998992,2079799.9999998936,3601036.2500000503,1.873094745974317e-06,3601036.2500019241,2026,old,169,2023-06-19,9,9.0000000000009006
load_shedding_cost_CNY,42,5123663.999998996,742299.99999989406,814736.00000015646,0,814736.00000015646,2026,old,21,2023-01-22,8,8
load_shedding_cost_CNY,43,1359199.9999998938,1359199.9999998938,1359199.9999998938,-3.0180302701407898e-10,1359199.9999998934,2026,old,308,2023-11-05,2,1.9999999999999998
load_shedding_cost_CNY,44,46365951.749997891,2062399.9999998938,-7180351.7499999106,-1.1796657872764019e-06,-7180351.7500010878,2026,old,283,2023-10-11,19,18.999999999999428
load_shedding_cost_CNY,45,2536299.9999996806,723899.99999989325,-364600.00000000093,-0.0042510569699055036,-364600.00425105775,2026,old,364,2023-12-31,3,2.9999999941275632
load_shedding_cost_CNY,46,615147.74999988836,615147.74999988836,0,0,0,2026,old,123,2023-05-04,1,1
load_shedding_cost_CNY,47,917099.99999957485,318299.99999989371,674399.99999989383,2.8270719099045546e-10,674399.99999989406,2026,old,124,2023-05-05,5,5.0000000000000009
storage_variable_om_CNY,0,5800.1864831265975,1128.3003581253045,969.61566562522967,-1.3538803712152314e-09,969.61566562387543,2026,old,331,2023-11-28,6,5.9999999999988001
storage_variable_om_CNY,1,8260.7267450403106,342.60800000011989,-1751.1747450380326,-1.9475010049070526e-10,-1751.1747450382272,2026,old,337,2023-12-04,19,18.999999999999432
storage_variable_om_CNY,2,6981.3412500021641,1034.7352500003624,261.80550000037238,2.1716667537593328e-09,261.80550000254425,2026,old,127,2023-05-08,7,7.0000000000020988
storage_variable_om_CNY,3,1083.7631250003087,152.00000000005321,-475.7631250000959,33.504293141200016,-442.25883185889586,2026,old,347,2023-12-14,4,4.2204229811920282
storage_variable_om_CNY,4,3120.5397742388841,708.80000000010682,-285.33977423845681,-3.1477043194177182e-13,-285.33977423845727,2026,old,344,2023-12-11,4,3.9999999999999996
storage_variable_om_CNY,5,3226.5000000005716,1157.000000000106,244.49999999974625,3.4682257066268439e-10,244.50000000009322,2026,old,326,2023-11-23,3,3.0000000000002998
storage_variable_om_CNY,6,817.00000000028604,817.00000000028604,0,-9.0705221111907046e-14,-1.1368683772161603e-13,2026,old,332,2023-11-29,1,0.99999999999999989
storage_variable_om_CNY,7,1144.9162500004011,304.00000000010641,-232.91625000008185,9.1262108981059218e-11,-232.91624999999055,2026,old,167,2023-06-17,3,3.0000000000003002
storage_variable_om_CNY,8,1368.3047500002292,402.91900000001959,-562.46675000019002,-8.946599017179304e-14,-562.46675000019013,2026,old,152,2023-06-02,2,1.9999999999999998
storage_variable_om_CNY,9,1685.8506567022951,474.31090670187132,-262.9179365966811,1.4260081286339903e-10,-262.91793659653854,2026,old,31,2023-02-01,3,3.0000000000003006
storage_variable_om_CNY,10,13670.262006902143,1032.2582500002213,1813.6117431011771,-7.7380409901922572e-10,1813.6117431004022,2026,old,303,2023-10-31,15,14.99999999999925
storage_variable_om_CNY,11,1232.6000000004256,304.00000000010641,-16.599999999999909,-1.3500311979446629e-13,-16.600000000000136,2026,old,333,2023-11-30,4,3.9999999999999996
storage_variable_om_CNY,12,843.33300000008524,843.33300000008524,0,0,0,2026,old,13,2023-01-14,1,1
storage_variable_om_CNY,13,4706.7382550933671,456.0000000001595,-1058.7382550920911,0,-1058.7382550920911,2026,old,166,2023-06-16,8,8
storage_variable_om_CNY,14,4460.4094736851666,1057.4000000001067,-230.80947368473971,2478.9700078376013,2248.1605341528621,2026,old,106,2023-04-17,4,6.3444013692428136
storage_variable_om_CNY,15,21825.307125006264,898.54800000031491,-260.15512499870601,5484.6797078969912,5224.5245828982843,2026,old,206,2023-07-26,24,30.103936248141522
storage_variable_om_CNY,16,5686.4340000019911,304.00000000010641,-214.43400000007568,-0.1273219548796069,-214.56132195495502,2026,old,4,2023-01-05,18,17.999581177780001
storage_variable_om_CNY,17,1801.6262500004379,608.00000000021294,1238.3737500006266,-5.4001247917786527e-13,1238.3737500006262,2026,old,254,2023-09-12,5,4.9999999999999991
storage_variable_om_CNY,18,11664.444105627064,735.37600000025702,101.57189437704801,0,101.57189437704801,2026,old,181,2023-07-01,16,16
storage_variable_om_CNY,19,8773.6683456269875,1131.0177500003479,1405.4914043761437,1.0166001045422775e-09,1405.4914043771605,2026,old,49,2023-02-19,9,9.0000000000008988
storage_variable_om_CNY,20,683.11800000017161,122.83025000004261,-437.45750000008638,0,-437.45750000008638,2026,old,42,2023-02-12,2,2
storage_variable_om_CNY,21,443.10000000007312,443.10000000007312,0,-4.9193982221148805e-14,-5.6843418860808015e-14,2026,old,74,2023-03-16,1,0.99999999999999989
storage_variable_om_CNY,22,1516.2000000002863,665.00000000023283,-186.19999999982065,-1.4765966227519752e-13,-186.19999999982088,2026,old,73,2023-03-15,2,1.9999999999999998
storage_variable_om_CNY,23,3920.6132003953453,765.98500000020863,675.29679960590602,-9.2048831223959328e-10,675.29679960498561,2026,old,255,2023-09-13,6,5.9999999999987983
storage_variable_om_CNY,24,17492.271003467973,705.8642500002469,-1257.3932534622945,-1.7880140399390712e-09,-1257.3932534640826,2026,old,280,2023-10-08,23,22.999999999997467
storage_variable_om_CNY,25,800.15353515134484,800.15353515134484,0,0,0,2026,old,92,2023-04-03,1,1
storage_variable_om_CNY,26,10205.741116252138,1073.9000000001065,533.25888374892747,1.9076296098321182e-12,533.25888374892929,2026,old,207,2023-07-27,10,10.000000000000002
storage_variable_om_CNY,27,904.00000000010641,904.00000000010641,0,0,0,2026,old,186,2023-07-06,1,1
storage_variable_om_CNY,28,14057.467551878512,1160.000000000266,2182.5324481252137,3.235101075916478e-10,2182.5324481255357,2026,old,304,2023-11-01,14,14.000000000000279
storage_variable_om_CNY,29,3575.3972500009859,890.70000000028585,-12.597249999842461,7.9110051842715543e-13,-12.597249999841551,2026,old,315,2023-11-12,4,4.0000000000000009
storage_variable_om_CNY,30,311.20956875339579,31.871231696820978,-215.59587366293286,9.5395736482017219e-12,-215.59587366292331,2026,old,125,2023-05-06,3,3.0000000000002993
storage_variable_om_CNY,31,5487.4088314736673,456.00000000015962,440.59116852840816,-2.3652546587990492e-10,440.59116852817078,2026,old,86,2023-03-28,13,12.999999999999481
storage_variable_om_CNY,32,1018.9415000003568,1018.9415000003568,0,0,0,2026,old,122,2023-05-03,1,1
storage_variable_om_CNY,33,22279.855231840866,1093.3535275002444,2867.2759006647539,-2.765672887435407e-09,2867.275900661989,2026,old,63,2023-03-05,23,22.99999999999747
storage_variable_om_CNY,34,3378.8392500007631,904.00000000010641,237.16074999966258,0,237.16074999966258,2026,old,179,2023-06-29,4,4
storage_variable_om_CNY,35,903.30708344307652,48.196583442847242,-710.52074967168755,-2.1403582658606642e-14,-710.52074967168755,2026,old,93,2023-04-04,4,3.9999999999999996
storage_variable_om_CNY,36,5802.7662500007973,1099.9000000001065,796.63374999984171,-1.3198019566119823e-09,796.63374999852203,2026,old,105,2023-04-16,6,5.9999999999988001
storage_variable_om_CNY,37,709.97062500020047,709.97062500020047,0,0,0,2026,old,91,2023-04-02,1,1
storage_variable_om_CNY,38,6487.5690000022714,304.00000000010641,-407.56900000014321,-1.0800249583557303e-12,-407.56900000014411,2026,old,275,2023-10-03,20,19.999999999999996
storage_variable_om_CNY,39,3866.7506250006891,752.00000000005321,-858.75062500047625,0,-858.75062500047625,2026,old,192,2023-07-12,4,4
storage_variable_om_CNY,40,14000.530563631182,786.27700000027573,938.73243637405722,-6815.7177622687532,-5876.9853258946969,2026,old,357,2023-12-24,19,10.331658229521704
storage_variable_om_CNY,41,4049.5473607110043,304.00000000010641,-1313.5473607100466,2.7378632694317765e-10,-1313.5473607097729,2026,old,169,2023-06-19,9,9.0000000000009006
storage_variable_om_CNY,42,3535.6360000010054,352.20000000010634,-718.03600000015467,0,-718.03600000015467,2026,old,21,2023-01-22,8,8
storage_variable_om_CNY,43,839.07325000029414,454.06675000015929,69.060250000024439,-1.0082307211337833e-13,69.060250000024325,2026,old,308,2023-11-05,2,1.9999999999999998
storage_variable_om_CNY,44,16213.834000004415,856.00000000015962,50.165999998616826,-4.8962078835766114e-10,50.165999998127518,2026,old,283,2023-10-11,19,18.999999999999428
storage_variable_om_CNY,45,1970.3000000004795,714.0000000001595,171.69999999999891,-4.1929198459920645e-06,171.69999580707918,2026,old,364,2023-12-31,3,2.9999999941275632
storage_variable_om_CNY,46,770.85225000012201,770.85225000012201,0,0,0,2026,old,123,2023-05-04,1,1
storage_variable_om_CNY,47,5035.0652500012693,962.00000000028581,-225.06524999984049,8.5442763975177432e-13,-225.06524999983958,2026,old,124,2023-05-05,5,5.0000000000000009
storage_investment_allocated_CNY,0,60180.935821664985,10030.155970277498,0,-1.2035475474765267e-08,-1.2034433893859386e-08,2026,old,331,2023-11-28,6,5.9999999999988001
storage_investment_allocated_CNY,1,190572.96343527245,10030.155970277498,0,-5.7014835705771802e-09,-5.7043507695198059e-09,2026,old,337,2023-12-04,19,18.999999999999432
storage_investment_allocated_CNY,2,70211.091791942483,10030.155970277498,0,2.1050946370740432e-08,2.1056621335446835e-08,2026,old,127,2023-05-08,7,7.0000000000020988
storage_investment_allocated_CNY,3,40120.62388110999,10030.155970277498,0,2210.8768807895863,2210.8768807895831,2026,old,347,2023-12-14,4,4.2204229811920282
storage_investment_allocated_CNY,4,40120.62388110999,10030.155970277498,0,-4.454284039513422e-12,-7.2759576141834259e-12,2026,old,344,2023-12-11,4,3.9999999999999996
storage_investment_allocated_CNY,5,30090.467910832493,10030.155970277498,0,3.00664172667156e-09,3.0049704946577549e-09,2026,old,326,2023-11-23,3,3.0000000000002998
storage_investment_allocated_CNY,6,10030.155970277498,10030.155970277498,0,-1.1135710098783555e-12,-1.8189894035458565e-12,2026,old,332,2023-11-29,1,0.99999999999999989
storage_investment_allocated_CNY,7,30090.467910832493,10030.155970277498,0,3.0110960107110733e-09,3.0122464522719383e-09,2026,old,167,2023-06-17,3,3.0000000000003002
storage_investment_allocated_CNY,8,20060.311940554995,10030.155970277498,0,-2.227142019756711e-12,-3.637978807091713e-12,2026,old,152,2023-06-02,2,1.9999999999999998
storage_investment_allocated_CNY,9,30090.467910832493,10030.155970277498,0,3.0155502947505866e-09,3.01588443107903e-09,2026,old,31,2023-02-01,3,3.0000000000003006
storage_investment_allocated_CNY,10,150452.33955416246,10030.155970277498,0,-7.5188314586986572e-09,-7.5087882578372955e-09,2026,old,303,2023-10-31,15,14.99999999999925
storage_investment_allocated_CNY,11,40120.62388110999,10030.155970277498,0,-4.454284039513422e-12,-7.2759576141834259e-12,2026,old,333,2023-11-30,4,3.9999999999999996
storage_investment_allocated_CNY,12,10030.155970277498,10030.155970277498,0,0,0,2026,old,13,2023-01-14,1,1
storage_investment_allocated_CNY,13,80241.24776221998,10030.155970277498,0,0,0,2026,old,166,2023-06-16,8,8
storage_investment_allocated_CNY,14,40120.62388110999,10030.155970277498,0,23514.711390437547,23514.711390437544,2026,old,106,2023-04-17,4,6.3444013692428136
storage_investment_allocated_CNY,15,240723.74328665994,10030.155970277498,0,61223.43260148992,61223.432601489942,2026,old,206,2023-07-26,24,30.103936248141522
storage_investment_allocated_CNY,16,180542.80746499496,10030.155970277498,0,-4.2008521904034346,-4.2008521904062945,2026,old,4,2023-01-05,18,17.999581177780001
storage_investment_allocated_CNY,17,50150.779851387488,10030.155970277498,0,-8.908568079026844e-12,-7.2759576141834259e-12,2026,old,254,2023-09-12,5,4.9999999999999991
storage_investment_allocated_CNY,18,160482.49552443996,10030.155970277498,0,0,0,2026,old,181,2023-07-01,16,16
storage_investment_allocated_CNY,19,90271.403732497478,10030.155970277498,0,9.0154708959751653e-09,9.0221874415874481e-09,2026,old,49,2023-02-19,9,9.0000000000008988
storage_investment_allocated_CNY,20,20060.311940554995,10030.155970277498,0,0,0,2026,old,42,2023-02-12,2,2
storage_investment_allocated_CNY,21,10030.155970277498,10030.155970277498,0,-1.1135710098783555e-12,-1.8189894035458565e-12,2026,old,74,2023-03-16,1,0.99999999999999989
storage_investment_allocated_CNY,22,20060.311940554995,10030.155970277498,0,-2.227142019756711e-12,-3.637978807091713e-12,2026,old,73,2023-03-15,2,1.9999999999999998
storage_investment_allocated_CNY,23,60180.935821664985,10030.155970277498,0,-1.205329261092332e-08,-1.2056261766701937e-08,2026,old,255,2023-09-13,6,5.9999999999987983
storage_investment_allocated_CNY,24,230693.58731638244,10030.155970277498,0,-2.5407236161384558e-08,-2.5407643988728523e-08,2026,old,280,2023-10-08,23,22.999999999997467
storage_investment_allocated_CNY,25,10030.155970277498,10030.155970277498,0,0,0,2026,old,92,2023-04-03,1,1
storage_investment_allocated_CNY,26,100301.55970277498,10030.155970277498,0,1.7817136158053688e-11,1.4551915228366852e-11,2026,old,207,2023-07-27,10,10.000000000000002
storage_investment_allocated_CNY,27,10030.155970277498,10030.155970277498,0,0,0,2026,old,186,2023-07-06,1,1
storage_investment_allocated_CNY,28,140422.18358388497,10030.155970277498,0,2.797290376814429e-09,2.7939677238464355e-09,2026,old,304,2023-11-01,14,14.000000000000279
storage_investment_allocated_CNY,29,40120.62388110999,10030.155970277498,0,8.908568079026844e-12,7.2759576141834259e-12,2026,old,315,2023-11-12,4,4.0000000000000009
storage_investment_allocated_CNY,30,30090.467910832493,10030.155970277498,0,3.0021874426320462e-09,3.0013325158506632e-09,2026,old,125,2023-05-06,3,3.0000000000002993
storage_investment_allocated_CNY,31,130392.02761360747,10030.155970277498,0,-5.2026037581516769e-09,-5.2095856517553329e-09,2026,old,86,2023-03-28,13,12.999999999999481
storage_investment_allocated_CNY,32,10030.155970277498,10030.155970277498,0,0,0,2026,old,122,2023-05-03,1,1
storage_investment_allocated_CNY,33,230693.58731638244,10030.155970277498,0,-2.5371601889068452e-08,-2.537854015827179e-08,2026,old,63,2023-03-05,23,22.99999999999747
storage_investment_allocated_CNY,34,40120.62388110999,10030.155970277498,0,0,0,2026,old,179,2023-06-29,4,4
storage_investment_allocated_CNY,35,40120.62388110999,10030.155970277498,0,-4.454284039513422e-12,-7.2759576141834259e-12,2026,old,93,2023-04-04,4,3.9999999999999996
storage_investment_allocated_CNY,36,60180.935821664985,10030.155970277498,0,-1.2035475474765267e-08,-1.2034433893859386e-08,2026,old,105,2023-04-16,6,5.9999999999988001
storage_investment_allocated_CNY,37,10030.155970277498,10030.155970277498,0,0,0,2026,old,91,2023-04-02,1,1
storage_investment_allocated_CNY,38,200603.11940554995,10030.155970277498,0,-3.5634272316107376e-11,-2.9103830456733704e-11,2026,old,275,2023-10-03,20,19.999999999999996
storage_investment_allocated_CNY,39,40120.62388110999,10030.155970277498,0,0,0,2026,old,192,2023-07-12,4,4
storage_investment_allocated_CNY,40,190572.96343527245,10030.155970277498,0,-86944.81996156869,-86944.81996156869,2026,old,357,2023-12-24,19,10.331658229521704
storage_investment_allocated_CNY,41,90271.403732497478,10030.155970277498,0,9.0332880321332203e-09,9.036739356815815e-09,2026,old,169,2023-06-19,9,9.0000000000009006
storage_investment_allocated_CNY,42,80241.24776221998,10030.155970277498,0,0,0,2026,old,21,2023-01-22,8,8
storage_investment_allocated_CNY,43,20060.311940554995,10030.155970277498,0,-2.227142019756711e-12,-3.637978807091713e-12,2026,old,308,2023-11-05,2,1.9999999999999998
storage_investment_allocated_CNY,44,190572.96343527245,10030.155970277498,0,-5.7371178428932876e-09,-5.7334545999765396e-09,2026,old,283,2023-10-11,19,18.999999999999428
storage_investment_allocated_CNY,45,30090.467910832493,10030.155970277498,0,-5.8901456619275788e-05,-5.8901456213789061e-05,2026,old,364,2023-12-31,3,2.9999999941275632
storage_investment_allocated_CNY,46,10030.155970277498,10030.155970277498,0,0,0,2026,old,123,2023-05-04,1,1
storage_investment_allocated_CNY,47,50150.779851387488,10030.155970277498,0,8.908568079026844e-12,7.2759576141834259e-12,2026,old,124,2023-05-05,5,5.0000000000000009
storage_fixed_om_CNY,0,12493.150684931506,2082.1917808219177,0,-2.4984823950994534e-09,-2.4992914404720068e-09,2026,old,331,2023-11-28,6,5.9999999999988001
storage_fixed_om_CNY,1,39561.643835616436,2082.1917808219177,0,-1.1835889954579204e-09,-1.1859810911118984e-09,2026,old,337,2023-12-04,19,18.999999999999432
storage_fixed_om_CNY,2,14575.342465753423,2082.1917808219177,0,4.3700324941672898e-09,4.3710315367206931e-09,2026,old,127,2023-05-08,7,7.0000000000020988
storage_fixed_om_CNY,3,8328.767123287671,2082.1917808219177,0,458.96291974230525,458.96291974230553,2026,old,347,2023-12-14,4,4.2204229811920282
storage_fixed_om_CNY,4,8328.767123287671,2082.1917808219177,0,-9.2467890270150021e-13,-1.8189894035458565e-12,2026,old,344,2023-12-11,4,3.9999999999999996
storage_fixed_om_CNY,5,6246.5753424657532,2082.1917808219177,0,6.2415825932351262e-10,6.2391336541622877e-10,2026,old,326,2023-11-23,3,3.0000000000002998
storage_fixed_om_CNY,6,2082.1917808219177,2082.1917808219177,0,-2.3116972567537505e-13,-4.5474735088646412e-13,2026,old,332,2023-11-29,1,0.99999999999999989
storage_fixed_om_CNY,7,6246.5753424657532,2082.1917808219177,0,6.250829382262141e-10,6.248228601180017e-10,2026,old,167,2023-06-17,3,3.0000000000003002
storage_fixed_om_CNY,8,4164.3835616438355,2082.1917808219177,0,-4.6233945135075011e-13,-9.0949470177292824e-13,2026,old,152,2023-06-02,2,1.9999999999999998
storage_fixed_om_CNY,9,6246.5753424657532,2082.1917808219177,0,6.2600761712891569e-10,6.2573235481977463e-10,2026,old,31,2023-02-01,3,3.0000000000003006
storage_fixed_om_CNY,10,31232.876712328765,2082.1917808219177,0,-1.5608579877601323e-09,-1.5606929082423449e-09,2026,old,303,2023-10-31,15,14.99999999999925
storage_fixed_om_CNY,11,8328.767123287671,2082.1917808219177,0,-9.2467890270150021e-13,-1.8189894035458565e-12,2026,old,333,2023-11-30,4,3.9999999999999996
storage_fixed_om_CNY,12,2082.1917808219177,2082.1917808219177,0,0,0,2026,old,13,2023-01-14,1,1
storage_fixed_om_CNY,13,16657.534246575342,2082.1917808219177,0,0,0,2026,old,166,2023-06-16,8,8
storage_fixed_om_CNY,14,8328.767123287671,2082.1917808219177,0,4881.493261985036,4881.493261985037,2026,old,106,2023-04-17,4,6.3444013692428136
storage_fixed_om_CNY,15,49972.602739726026,2082.1917808219177,0,12709.565886541252,12709.565886541255,2026,old,206,2023-07-26,24,30.103936248141522
storage_fixed_om_CNY,16,37479.452054794521,2082.1917808219177,0,-0.87206818410659126,-0.87206818410777487,2026,old,4,2023-01-05,18,17.999581177780001
storage_fixed_om_CNY,17,10410.95890410959,2082.1917808219177,0,-1.8493578054030004e-12,-3.637978807091713e-12,2026,old,254,2023-09-12,5,4.9999999999999991
storage_fixed_om_CNY,18,33315.068493150684,2082.1917808219177,0,0,0,2026,old,181,2023-07-01,16,16
storage_fixed_om_CNY,19,18739.726027397261,2082.1917808219177,0,1.8715500990678364e-09,1.8699211068451405e-09,2026,old,49,2023-02-19,9,9.0000000000008988
storage_fixed_om_CNY,20,4164.3835616438355,2082.1917808219177,0,0,0,2026,old,42,2023-02-12,2,2
storage_fixed_om_CNY,21,2082.1917808219177,2082.1917808219177,0,-2.3116972567537505e-13,-4.5474735088646412e-13,2026,old,74,2023-03-16,1,0.99999999999999989
storage_fixed_om_CNY,22,4164.3835616438355,2082.1917808219177,0,-4.6233945135075011e-13,-9.0949470177292824e-13,2026,old,73,2023-03-15,2,1.9999999999999998
storage_fixed_om_CNY,23,12493.150684931506,2082.1917808219177,0,-2.5021811107102594e-09,-2.5029294192790985e-09,2026,old,255,2023-09-13,6,5.9999999999987983
storage_fixed_om_CNY,24,47890.410958904111,2082.1917808219177,0,-5.2743684610093568e-09,-5.2750692702829838e-09,2026,old,280,2023-10-08,23,22.999999999997467
storage_fixed_om_CNY,25,2082.1917808219177,2082.1917808219177,0,0,0,2026,old,92,2023-04-03,1,1
storage_fixed_om_CNY,26,20821.917808219179,2082.1917808219177,0,3.6987156108060009e-12,3.637978807091713e-12,2026,old,207,2023-07-27,10,10.000000000000002
storage_fixed_om_CNY,27,2082.1917808219177,2082.1917808219177,0,0,0,2026,old,186,2023-07-06,1,1
storage_fixed_om_CNY,28,29150.684931506847,2082.1917808219177,0,5.8069835089654215e-10,5.8207660913467407e-10,2026,old,304,2023-11-01,14,14.000000000000279
storage_fixed_om_CNY,29,8328.767123287671,2082.1917808219177,0,1.8493578054030004e-12,1.8189894035458565e-12,2026,old,315,2023-11-12,4,4.0000000000000009
storage_fixed_om_CNY,30,6246.5753424657532,2082.1917808219177,0,6.2323358042081113e-10,6.2300387071445584e-10,2026,old,125,2023-05-06,3,3.0000000000002993
storage_fixed_om_CNY,31,27068.493150684932,2082.1917808219177,0,-1.0800249583553523e-09,-1.0804797057062387e-09,2026,old,86,2023-03-28,13,12.999999999999481
storage_fixed_om_CNY,32,2082.1917808219177,2082.1917808219177,0,0,0,2026,old,122,2023-05-03,1,1
storage_fixed_om_CNY,33,47890.410958904111,2082.1917808219177,0,-5.2669710297877449e-09,-5.2677933126688004e-09,2026,old,63,2023-03-05,23,22.99999999999747
storage_fixed_om_CNY,34,8328.767123287671,2082.1917808219177,0,0,0,2026,old,179,2023-06-29,4,4
storage_fixed_om_CNY,35,8328.767123287671,2082.1917808219177,0,-9.2467890270150021e-13,-1.8189894035458565e-12,2026,old,93,2023-04-04,4,3.9999999999999996
storage_fixed_om_CNY,36,12493.150684931506,2082.1917808219177,0,-2.4984823950994534e-09,-2.4992914404720068e-09,2026,old,105,2023-04-16,6,5.9999999999988001
storage_fixed_om_CNY,37,2082.1917808219177,2082.1917808219177,0,0,0,2026,old,91,2023-04-02,1,1
storage_fixed_om_CNY,38,41643.835616438359,2082.1917808219177,0,-7.3974312216120017e-12,-1.4551915228366852e-11,2026,old,275,2023-10-03,20,19.999999999999996
storage_fixed_om_CNY,39,8328.767123287671,2082.1917808219177,0,0,0,2026,old,192,2023-07-12,4,4
storage_fixed_om_CNY,40,39561.643835616436,2082.1917808219177,0,-18049.14998784522,-18049.14998784522,2026,old,357,2023-12-24,19,10.331658229521704
storage_fixed_om_CNY,41,18739.726027397261,2082.1917808219177,0,1.8752488146786423e-09,1.8735590856522322e-09,2026,old,169,2023-06-19,9,9.0000000000009006
storage_fixed_om_CNY,42,16657.534246575342,2082.1917808219177,0,0,0,2026,old,21,2023-01-22,8,8
storage_fixed_om_CNY,43,4164.3835616438355,2082.1917808219177,0,-4.6233945135075011e-13,-9.0949470177292824e-13,2026,old,308,2023-11-05,2,1.9999999999999998
storage_fixed_om_CNY,44,39561.643835616436,2082.1917808219177,0,-1.1909864266795323e-09,-1.1932570487260818e-09,2026,old,283,2023-10-11,19,18.999999999999428
storage_fixed_om_CNY,45,6246.5753424657532,2082.1917808219177,0,-1.2227539553176228e-05,-1.2227539627929218e-05,2026,old,364,2023-12-31,3,2.9999999941275632
storage_fixed_om_CNY,46,2082.1917808219177,2082.1917808219177,0,0,0,2026,old,123,2023-05-04,1,1
storage_fixed_om_CNY,47,10410.95890410959,2082.1917808219177,0,1.8493578054030004e-12,1.8189894035458565e-12,2026,old,124,2023-05-05,5,5.0000000000000009
renewable_available_MWh,0,5146.8000000000002,989.92000000000007,792.72000000000025,-1.1878337602411194e-09,792.71999999881245,2026,new,26,2023-01-27,6,5.9999999999988001
renewable_available_MWh,1,8031.3800000000001,350.42000000000002,-1373.3999999999996,3.8168101876578933e-06,-1373.3999961831896,2026,new,87,2023-03-29,19,19.000000010892101
renewable_available_MWh,2,7567.4699999999993,1058.21,-159.99999999999909,2.2218746309476955e-09,-159.99999999777719,2026,new,97,2023-04-08,7,7.0000000000020997
renewable_available_MWh,3,5673.4200000000001,1498.7,321.38000000000011,0.031290849608221996,321.41129084960812,2026,new,140,2023-05-21,4,4.0000208786612452
renewable_available_MWh,4,4763.1700000000001,1211.22,81.710000000000036,0,81.710000000000036,2026,new,344,2023-12-11,4,4
renewable_available_MWh,5,5365.1999999999998,1836.9400000000001,145.61999999999989,5.5064153237083246e-10,145.62000000055104,2026,new,326,2023-11-23,3,3.0000000000002998
renewable_available_MWh,6,1734.3000000000002,1734.3000000000002,0,3.8509195832148184e-13,4.5474735088646412e-13,2026,new,332,2023-11-29,1,1.0000000000000002
renewable_available_MWh,7,1421.8500000000001,473.85000000000002,-0.29999999999995453,1.4225181033111768e-10,-0.29999999985784598,2026,new,167,2023-06-17,3,3.0000000000003002
renewable_available_MWh,8,2468.5899999999997,1151.9099999999999,-164.76999999999998,0,-164.76999999999998,2026,new,152,2023-06-02,2,2
renewable_available_MWh,9,3236.2599999999998,1099.77,63.050000000000182,3.3015568945415908e-10,63.050000000330328,2026,new,31,2023-02-01,3,3.0000000000003002
renewable_available_MWh,10,11360.42,716.17999999999995,-617.72000000000116,1720.0863791432123,1102.3663791432118,2026,new,24,2023-01-25,15,17.401751485859997
renewable_available_MWh,11,2204.77,579.50999999999999,113.26999999999998,5.1470827600041957e-13,113.27000000000044,2026,new,75,2023-03-17,4,4.0000000000000009
renewable_available_MWh,12,2431.23,2431.23,0,-2.6992075241594194e-13,-4.5474735088646412e-13,2026,new,13,2023-01-14,1,0.99999999999999989
renewable_available_MWh,13,6640.8500000000004,681.82999999999993,-1186.2100000000009,0,-1186.2100000000009,2026,new,352,2023-12-19,8,8
renewable_available_MWh,14,7736.0100000000002,2021.1900000000001,348.75,-8.9758867005684808e-13,348.74999999999909,2026,new,106,2023-04-17,4,3.9999999999999996
renewable_available_MWh,15,25281.779999999999,1165.1799999999998,2682.5399999999972,-5821.6720004486906,-3139.1320004486952,2026,new,176,2023-06-26,24,19.003628623518519
renewable_available_MWh,16,4110.4700000000003,358.06,2334.6099999999997,-5.1646637189151084e-10,2334.6099999994831,2026,new,205,2023-07-25,18,17.999999999998558
renewable_available_MWh,17,3137.1800000000003,576.61000000000001,-254.13000000000011,-5.1213255858328922e-13,-254.13000000000056,2026,new,25,2023-01-26,5,4.9999999999999991
renewable_available_MWh,18,11540.25,714.05000000000007,-115.44999999999891,0,-115.44999999999891,2026,new,211,2023-07-31,16,16
renewable_available_MWh,19,10781.58,1289.1700000000001,820.95000000000073,1212.352245767172,2033.3022457671723,2026,new,99,2023-04-10,9,9.9404130143946663
renewable_available_MWh,20,2154.6500000000001,1214.79,274.92999999999984,5.3947513123375755e-13,274.93000000000029,2026,new,42,2023-02-12,2,2.0000000000000004
renewable_available_MWh,21,1415.4899999999998,1415.4899999999998,0,-1.5715095891266626e-13,-2.2737367544323206e-13,2026,new,74,2023-03-16,1,0.99999999999999989
renewable_available_MWh,22,3332.27,1691.9200000000001,51.570000000000164,0,51.570000000000164,2026,new,73,2023-03-15,2,2
renewable_available_MWh,23,4044.0500000000002,560.69000000000005,-679.90999999999985,-6.7278821624938706e-10,-679.91000000067243,2026,new,313,2023-11-10,6,5.9999999999988001
renewable_available_MWh,24,14513.91,593.00999999999999,-874.68000000000029,-1.5021446486684909e-09,-874.68000000150278,2026,new,256,2023-09-14,23,22.999999999997467
renewable_available_MWh,25,1813.2600000000002,1813.2600000000002,0,-4.0262460032636232e-13,-4.5474735088646412e-13,2026,new,92,2023-04-03,1,0.99999999999999978
renewable_available_MWh,26,11591.190000000001,1062.95,-961.69000000000051,0,-961.69000000000051,2026,new,96,2023-04-07,10,10
renewable_available_MWh,27,2292.0299999999997,2292.0299999999997,0,0,0,2026,new,186,2023-07-06,1,1
renewable_available_MWh,28,13841.370000000001,1002.8600000000001,198.67000000000007,2.7790420631390595e-10,198.67000000027838,2026,new,292,2023-10-20,14,14.000000000000277
renewable_available_MWh,29,4112.6599999999999,1064.9400000000001,147.10000000000036,0,147.10000000000036,2026,new,354,2023-12-21,4,4
renewable_available_MWh,30,3749.5799999999999,1278.49,85.890000000000327,3.8380820299721563e-10,85.890000000384134,2026,new,125,2023-05-06,3,3.0000000000003002
renewable_available_MWh,31,5955.8900000000003,627.89999999999998,2206.8099999999995,-3.2568934216214982e-10,2206.8099999996739,2026,new,95,2023-04-06,13,12.999999999999481
renewable_available_MWh,32,2274.4200000000001,2274.4200000000001,0,0,0,2026,new,122,2023-05-03,1,1
renewable_available_MWh,33,21180.52,850.32999999999993,-1622.9300000000039,1406.6069035985681,-216.32309640143285,2026,new,288,2023-10-16,23,24.65418943657
renewable_available_MWh,34,4189.2399999999998,1012.6800000000001,-138.51999999999953,-4.4972026103096144e-13,-138.51999999999998,2026,new,239,2023-08-28,4,3.9999999999999996
renewable_available_MWh,35,4541.8500000000004,983.48000000000002,-607.93000000000029,0,-607.93000000000029,2026,new,93,2023-04-04,4,4
renewable_available_MWh,36,9122.4599999999991,1485.55,-209.15999999999985,-1.7838740262732243e-09,-209.16000000178246,2026,new,105,2023-04-16,6,5.9999999999987992
renewable_available_MWh,37,2118.9299999999998,2118.9299999999998,0,0,0,2026,new,91,2023-04-02,1,1
renewable_available_MWh,38,6404.5699999999997,308.83000000000004,-227.96999999999935,0,-227.96999999999935,2026,new,263,2023-09-21,20,20
renewable_available_MWh,39,6823.6399999999994,1480.3099999999999,-902.39999999999964,0,-902.39999999999964,2026,new,23,2023-01-24,4,4
renewable_available_MWh,40,10415.639999999999,579.75999999999999,599.80000000000109,-3.2955540518742057e-10,599.79999999967004,2026,new,271,2023-09-29,19,18.999999999999432
renewable_available_MWh,41,5389.9099999999999,558.52999999999997,-363.14000000000033,5.0301933285368243e-10,-363.13999999949738,2026,new,202,2023-07-22,9,9.0000000000009006
renewable_available_MWh,42,3180.5500000000002,339.68000000000001,-463.11000000000013,-0.0011702859170870284,-463.11117028591707,2026,new,21,2023-01-22,8,7.9999965547399992
renewable_available_MWh,43,1949.8299999999999,856.06999999999994,-237.69000000000005,0,-237.69000000000005,2026,new,308,2023-11-05,2,2
renewable_available_MWh,44,14381.73,815.13,1105.7399999999998,-4.66243683661105e-10,1105.7399999995341,2026,new,224,2023-08-13,19,18.999999999999428
renewable_available_MWh,45,2545.3699999999999,935.71000000000004,261.76000000000022,-4.3340646373568601e-06,261.75999566593555,2026,new,364,2023-12-31,3,2.999999995368154
renewable_available_MWh,46,1187.1900000000001,1187.1900000000001,0,0,0,2026,new,123,2023-05-04,1,1
renewable_available_MWh,47,6256.71,1252.73,6.9399999999995998,0,6.9399999999995998,2026,new,133,2023-05-14,5,5
renewable_used_MWh,0,4057.3821671999144,759.35741249999387,498.76230780004835,-9.1117501480607978e-10,498.76230779913794,2026,new,26,2023-01-27,6,5.9999999999988001
renewable_used_MWh,1,7880.3093301131721,350.42000000000002,-1222.3293301131716,3.8168101876578933e-06,-1222.3293262963616,2026,new,87,2023-03-29,19,19.000000010892101
renewable_used_MWh,2,5118.4821303322678,714.50079999997774,-116.97653033242386,1.5002043085132287e-09,-116.9765303309232,2026,new,97,2023-04-08,7,7.0000000000020997
renewable_used_MWh,3,5588.6069210526293,1498.7,406.19307894737085,0.031290849608221996,406.22436979697886,2026,new,140,2023-05-21,4,4.0000208786612452
renewable_used_MWh,4,3999.1186451522831,1017.9134349030315,72.535094459843094,0,72.535094459843094,2026,new,344,2023-12-11,4,4
renewable_used_MWh,5,2992.4603047090695,1091.4540997229683,281.90199445983535,3.2717451739516952e-10,281.90199446016231,2026,new,326,2023-11-23,3,3.0000000000002998
renewable_used_MWh,6,1460.1942105263031,1460.1942105263031,0,3.2422824659013096e-13,2.2737367544323206e-13,2026,new,332,2023-11-29,1,1.0000000000000002
renewable_used_MWh,7,1410.0056249999993,473.85000000000002,11.544375000000855,1.4225181033111768e-10,11.544375000142963,2026,new,167,2023-06-17,3,3.0000000000003002
renewable_used_MWh,8,2279.151424999995,1151.9099999999999,24.668575000004694,0,24.668575000004694,2026,new,152,2023-06-02,2,2
renewable_used_MWh,9,3198.2926315789473,1078.7042105263158,37.820000000000164,3.238316487478474e-10,37.820000000323944,2026,new,31,2023-02-01,3,3.0000000000003002
renewable_used_MWh,10,8187.6697345232888,524.00554016618412,-327.58663203052674,1258.5310846930029,930.94445266247658,2026,new,24,2023-01-25,15,17.401751485859997
renewable_used_MWh,11,2204.77,579.50999999999999,113.26999999999998,5.1470827600041957e-13,113.27000000000044,2026,new,75,2023-03-17,4,4.0000000000000009
renewable_used_MWh,12,2077.0240997229685,2077.0240997229685,0,-2.3059599782137768e-13,-4.5474735088646412e-13,2026,new,13,2023-01-14,1,0.99999999999999989
renewable_used_MWh,13,6374.8221404778269,676.12647302632035,-965.81035626726407,0,-965.81035626726407,2026,new,352,2023-12-19,8,8
renewable_used_MWh,14,4161.5711994458943,1049.4940997229685,36.405199445979633,-4.6606900548827589e-13,36.405199445978724,2026,new,106,2023-04-17,4,3.9999999999999996
renewable_used_MWh,15,17563.192784867933,811.04730526313574,1901.9425414473226,-4052.2935409891693,-2150.3509995418444,2026,new,176,2023-06-26,24,19.003628623518519
renewable_used_MWh,16,4110.4700000000003,358.06,2334.6099999999997,-5.1646637189151084e-10,2334.6099999994831,2026,new,205,2023-07-25,18,17.999999999998558
renewable_used_MWh,17,3137.1799999999998,576.61000000000001,-254.12999999999965,-5.1213255858328922e-13,-254.13000000000011,2026,new,25,2023-01-26,5,4.9999999999999991
renewable_used_MWh,18,9938.4483883452995,644.06624999999121,366.61161165455997,0,366.61161165455997,2026,new,211,2023-07-31,16,16
renewable_used_MWh,19,7122.6992517946655,744.20409972296841,-424.86235428794953,699.85922074534551,274.9968664573953,2026,new,99,2023-04-10,9,9.9404130143946663
renewable_used_MWh,20,2125.5049999999997,1214.79,304.07500000000027,5.3947513123375755e-13,304.07500000000073,2026,new,42,2023-02-12,2,2.0000000000000004
renewable_used_MWh,21,1263.6799999999926,1263.6799999999926,0,-1.4029666317583096e-13,-2.2737367544323206e-13,2026,new,74,2023-03-16,1,0.99999999999999989
renewable_used_MWh,22,2762.5797506924873,1421.8842105262979,81.188670360108517,0,81.188670360108517,2026,new,73,2023-03-15,2,2
renewable_used_MWh,23,3765.9082508528254,560.69000000000005,-401.76825085282508,-6.7278821624938706e-10,-401.76825085349765,2026,new,313,2023-11-10,6,5.9999999999988001
renewable_used_MWh,24,12560.251029016461,523.20784999999194,-526.470479016647,-1.3253298797977005e-09,-526.47047901797123,2026,new,256,2023-09-14,23,22.999999999997467
renewable_used_MWh,25,1539.234974999983,1539.234974999983,0,-3.4177882191066167e-13,-4.5474735088646412e-13,2026,new,92,2023-04-03,1,0.99999999999999978
renewable_used_MWh,26,7205.7830242127393,630.70707499997877,-898.71227421295134,0,-898.71227421295134,2026,new,96,2023-04-07,10,10
renewable_used_MWh,27,1466.1862049861263,1466.1862049861263,0,0,0,2026,new,186,2023-07-06,1,1
renewable_used_MWh,28,10329.972132554687,702.53431516618923,-494.49172022803759,1.946804551627777e-10,-494.49172022784296,2026,new,292,2023-10-20,14,14.000000000000277
renewable_used_MWh,29,3340.464236218781,771.61588552630292,-254.00069411356935,0,-254.00069411356935,2026,new,354,2023-12-21,4,4
renewable_used_MWh,30,3749.5799999999999,1278.49,85.890000000000327,3.8380820299721563e-10,85.890000000384134,2026,new,125,2023-05-06,3,3.0000000000003002
renewable_used_MWh,31,5817.8605657721719,564.03204333113899,1514.555997532635,-2.9256127592115284e-10,1514.5559975323422,2026,new,95,2023-04-06,13,12.999999999999481
renewable_used_MWh,32,1763.7801052631337,1763.7801052631337,0,0,0,2026,new,122,2023-05-03,1,1
renewable_used_MWh,33,14449.177246700361,542.54554016618408,-1970.629822878127,897.47310140106651,-1073.1567214770603,2026,new,288,2023-10-16,23,24.65418943657
renewable_used_MWh,34,2887.2562744459033,780.64409972296835,235.32012444597012,-3.466756214200865e-13,235.32012444596967,2026,new,239,2023-08-28,4,3.9999999999999996
renewable_used_MWh,35,4422.5148753462472,983.48000000000002,-488.59487534624714,0,-488.59487534624714,2026,new,93,2023-04-04,4,4
renewable_used_MWh,36,6347.2749094181527,969.25409972296848,-531.75031108034182,-1.1638970168319082e-09,-531.75031108150597,2026,new,105,2023-04-16,6,5.9999999999987992
renewable_used_MWh,37,1587.7129374999906,1587.7129374999906,0,0,0,2026,new,91,2023-04-02,1,1
renewable_used_MWh,38,6404.5699999999997,308.83000000000004,-227.96999999999935,0,-227.96999999999935,2026,new,263,2023-09-21,20,20
renewable_used_MWh,39,4576.0157823752688,1038.9805401661895,-420.09362171051089,0,-420.09362171051089,2026,new,23,2023-01-24,4,4
renewable_used_MWh,40,8880.9152815453635,541.88719537006841,1414.9414304859365,-3.0802720821729302e-10,1414.9414304856291,2026,new,271,2023-09-29,19,18.999999999999432
renewable_used_MWh,41,5249.051230149902,509.24879659727554,-665.81206077442221,4.5863604447550214e-10,-665.81206077396382,2026,new,202,2023-07-22,9,9.0000000000009006
renewable_used_MWh,42,3180.5500000000002,339.68000000000001,-463.11000000000013,-0.0011702859170870284,-463.11117028591707,2026,new,21,2023-01-22,8,7.9999965547399992
renewable_used_MWh,43,1908.4793499999971,856.06999999999994,-196.33934999999724,0,-196.33934999999724,2026,new,308,2023-11-05,2,2
renewable_used_MWh,44,10649.448128600812,652.21554016618416,1742.6471345566861,-3.7305874644302024e-10,1742.6471345563132,2026,new,224,2023-08-13,19,18.999999999999428
renewable_used_MWh,45,2407.643961218821,856.3548753462527,161.42066481993697,-3.9665039192338823e-06,161.42066085343322,2026,new,364,2023-12-31,3,2.999999995368154
renewable_used_MWh,46,771.48343490303159,771.48343490303159,0,0,0,2026,new,123,2023-05-04,1,1
renewable_used_MWh,47,4907.6566467450739,965.81421052629776,-78.585594113585103,0,-78.585594113585103,2026,new,133,2023-05-14,5,5
curtailment_MWh,0,1089.4178328000855,230.56258750000617,293.95769219995145,-2.7665874543503961e-10,293.95769219967474,2026,new,26,2023-01-27,6,5.9999999999988001
curtailment_MWh,1,151.07066988682811,0,-151.07066988682811,0,-151.07066988682811,2026,new,87,2023-03-29,19,19.000000010892101
curtailment_MWh,2,2448.9878696677315,343.70920000002224,-43.023469667575682,7.2167032243446681e-10,-43.023469666853998,2026,new,97,2023-04-08,7,7.0000000000020997
curtailment_MWh,3,84.813078947370926,0,-84.813078947370926,0,-84.813078947370926,2026,new,140,2023-05-21,4,4.0000208786612452
curtailment_MWh,4,764.05135484771677,193.30656509696846,9.1749055401570558,0,9.1749055401570558,2026,new,344,2023-12-11,4,4
curtailment_MWh,5,2372.7396952909307,745.48590027703176,-136.28199445983546,2.23467014975663e-10,-136.28199445961218,2026,new,326,2023-11-23,3,3.0000000000002998
curtailment_MWh,6,274.10578947369686,274.10578947369686,0,6.0863711731350825e-14,5.6843418860808015e-14,2026,new,332,2023-11-29,1,1.0000000000000002
curtailment_MWh,7,11.844375000000682,0,-11.844375000000682,0,-11.844375000000682,2026,new,167,2023-06-17,3,3.0000000000003002
curtailment_MWh,8,189.43857500000499,0,-189.43857500000499,0,-189.43857500000499,2026,new,152,2023-06-02,2,2
curtailment_MWh,9,37.967368421052697,21.06578947368423,25.22999999999999,6.3240407063116686e-12,25.230000000006321,2026,new,31,2023-02-01,3,3.0000000000003002
curtailment_MWh,10,3172.7502654767118,192.17445983381586,-290.13336796947397,461.55529445020949,171.42192648073569,2026,new,24,2023-01-25,15,17.401751485859997
curtailment_MWh,11,0,0,0,0,0,2026,new,75,2023-03-17,4,4.0000000000000009
curtailment_MWh,12,354.20590027703156,354.20590027703156,0,-3.9324754594564255e-14,-5.6843418860808015e-14,2026,new,13,2023-01-14,1,0.99999999999999989
curtailment_MWh,13,266.02785952217334,5.7035269736797174,-220.3996437327356,0,-220.3996437327356,2026,new,352,2023-12-19,8,8
curtailment_MWh,14,3574.4388005541055,971.69590027703157,312.34480055402082,-4.3151966456857219e-13,312.34480055402037,2026,new,106,2023-04-17,4,3.9999999999999996
curtailment_MWh,15,7718.5872151320682,354.13269473686427,780.59745855267374,-1769.3784594595224,-988.78100090684802,2026,new,176,2023-06-26,24,19.003628623518519
curtailment_MWh,16,0,0,0,-0,0,2026,new,205,2023-07-25,18,17.999999999998558
curtailment_MWh,17,0,0,0,-0,0,2026,new,25,2023-01-26,5,4.9999999999999991
curtailment_MWh,18,1601.8016116546999,69.983750000008797,-482.0616116545591,0,-482.0616116545591,2026,new,211,2023-07-31,16,16
curtailment_MWh,19,3658.8807482053339,544.96590027703155,1245.8123542879498,512.49302502182638,1758.3053793097765,2026,new,99,2023-04-10,9,9.9404130143946663
curtailment_MWh,20,29.145000000000366,0,-29.145000000000366,0,-29.145000000000366,2026,new,42,2023-02-12,2,2.0000000000000004
curtailment_MWh,21,151.81000000000734,151.81000000000734,0,-1.6854295736835316e-14,-2.8421709430404007e-14,2026,new,74,2023-03-16,1,0.99999999999999989
curtailment_MWh,22,569.69024930751266,270.03578947370215,-29.618670360108354,0,-29.618670360108354,2026,new,73,2023-03-15,2,2
curtailment_MWh,23,278.14174914717444,0,-278.14174914717444,-0,-278.14174914717444,2026,new,313,2023-11-10,6,5.9999999999988001
curtailment_MWh,24,1953.6589709835389,69.802150000008083,-348.20952098335306,-1.7681476887079045e-10,-348.20952098352973,2026,new,256,2023-09-14,23,22.999999999997467
curtailment_MWh,25,274.02502500001691,274.02502500001691,0,-6.0845778415700582e-14,-5.6843418860808015e-14,2026,new,92,2023-04-03,1,0.99999999999999978
curtailment_MWh,26,4385.4069757872603,432.24292500002127,-62.977725787047348,0,-62.977725787047348,2026,new,96,2023-04-07,10,10
curtailment_MWh,27,825.84379501387366,825.84379501387366,0,0,0,2026,new,186,2023-07-06,1,1
curtailment_MWh,28,3511.3978674453138,300.32568483381078,693.16172022803767,8.3223751151128197e-11,693.16172022812043,2026,new,292,2023-10-20,14,14.000000000000277
curtailment_MWh,29,772.19576378121894,293.32411447369702,401.10069411356915,0,401.10069411356915,2026,new,354,2023-12-21,4,4
curtailment_MWh,30,0,0,0,0,0,2026,new,125,2023-05-06,3,3.0000000000003002
curtailment_MWh,31,138.02943422782823,63.867956668860984,692.25400246736456,-3.3128066240997011e-11,692.25400246733147,2026,new,95,2023-04-06,13,12.999999999999481
curtailment_MWh,32,510.63989473686627,510.63989473686627,0,0,0,2026,new,122,2023-05-03,1,1
curtailment_MWh,33,6731.3427532996384,307.7844598338159,347.69982287812763,509.13380219750184,856.83362507562924,2026,new,288,2023-10-16,23,24.65418943657
curtailment_MWh,34,1301.9837255540965,232.0359002770316,-373.8401244459701,-1.0304463961087489e-13,-373.84012444597022,2026,new,239,2023-08-28,4,3.9999999999999996
curtailment_MWh,35,119.33512465375267,0,-119.33512465375267,0,-119.33512465375267,2026,new,93,2023-04-04,4,4
curtailment_MWh,36,2775.1850905818469,516.29590027703159,322.59031108034242,-6.199770094413164e-10,322.5903110797226,2026,new,105,2023-04-16,6,5.9999999999987992
curtailment_MWh,37,531.21706250000943,531.21706250000943,0,0,0,2026,new,91,2023-04-02,1,1
curtailment_MWh,38,0,0,0,0,0,2026,new,263,2023-09-21,20,20
curtailment_MWh,39,2247.6242176247315,441.32945983381057,-482.3063782894892,0,-482.3063782894892,2026,new,23,2023-01-24,4,4
curtailment_MWh,40,1534.7247184546368,37.872804629931636,-815.14143048593564,-2.1528196970127531e-11,-815.14143048595724,2026,new,271,2023-09-29,19,18.999999999999432
curtailment_MWh,41,140.85876985009816,49.281203402724415,302.6720607744216,4.4383288378180337e-11,302.67206077446599,2026,new,202,2023-07-22,9,9.0000000000009006
curtailment_MWh,42,0,0,0,-0,0,2026,new,21,2023-01-22,8,7.9999965547399992
curtailment_MWh,43,41.350650000002858,0,-41.350650000002858,0,-41.350650000002858,2026,new,308,2023-11-05,2,2
curtailment_MWh,44,3732.2818713991878,162.91445983381581,-636.9071345566872,-9.3184937218084742e-11,-636.90713455678042,2026,new,224,2023-08-13,19,18.999999999999428
curtailment_MWh,45,137.72603878117891,79.355124653747339,100.3393351800631,-3.6756071812297817e-07,100.33933481250239,2026,new,364,2023-12-31,3,2.999999995368154
curtailment_MWh,46,415.70656509696846,415.70656509696846,0,0,0,2026,new,123,2023-05-04,1,1
curtailment_MWh,47,1349.0533532549264,286.91578947370226,85.52559411358493,0,85.52559411358493,2026,new,133,2023-05-14,5,5
total_load_MWh,0,18275,3070.1999999999998,146.19999999999709,-3.6840221540046511e-09,146.19999999631546,2026,new,26,2023-01-27,6,5.9999999999988001
total_load_MWh,1,53801.600000000006,2777.8000000000002,-1023.4000000000015,3.0256079388379933e-05,-1023.3999697439212,2026,new,87,2023-03-29,19,19.000000010892101
total_load_MWh,2,20321.799999999999,2924,146.20000000000073,6.1393876649162848e-09,146.20000000614164,2026,new,97,2023-04-08,7,7.0000000000020997
total_load_MWh,3,11696,3070.1999999999998,584.79999999999927,0.064101665755096529,584.86410166575479,2026,new,140,2023-05-21,4,4.0000208786612452
total_load_MWh,4,11842.200000000001,3070.1999999999998,438.59999999999854,0,438.59999999999854,2026,new,344,2023-12-11,4,4
total_load_MWh,5,8918.2000000000007,3070.1999999999998,292.39999999999782,9.2032381715512191e-10,292.40000000091823,2026,new,326,2023-11-23,3,3.0000000000002998
total_load_MWh,6,3070.1999999999998,3070.1999999999998,0,6.8172134604083108e-13,4.5474735088646412e-13,2026,new,332,2023-11-29,1,1.0000000000000002
total_load_MWh,7,9210.5999999999985,3070.1999999999998,0,9.2168725984720366e-10,9.2222762759774923e-10,2026,new,167,2023-06-17,3,3.0000000000003002
total_load_MWh,8,5994.1999999999998,3070.1999999999998,146.19999999999982,0,146.19999999999982,2026,new,152,2023-06-02,2,2
total_load_MWh,9,8479.6000000000004,2924,292.39999999999964,8.7779739033067017e-10,292.40000000087821,2026,new,31,2023-02-01,3,3.0000000000003002
total_load_MWh,10,41667,2777.8000000000002,0,6671.5852774218993,6671.585277421902,2026,new,24,2023-01-25,15,17.401751485859997
total_load_MWh,11,11257.400000000001,2777.8000000000002,-146.20000000000073,2.467182014243008e-12,-146.19999999999891,2026,new,75,2023-03-17,4,4.0000000000000009
total_load_MWh,12,2924,2924,0,-3.2462921240039577e-13,-4.5474735088646412e-13,2026,new,13,2023-01-14,1,0.99999999999999989
total_load_MWh,13,23684.400000000001,2924,-292.40000000000146,0,-292.40000000000146,2026,new,352,2023-12-19,8,8
total_load_MWh,14,11549.799999999999,2924,146.20000000000073,-1.2985168496015831e-12,146.19999999999891,2026,new,106,2023-04-17,4,3.9999999999999996
total_load_MWh,15,73392.399999999994,3070.1999999999998,292.39999999999418,-15339.859400073441,-15047.459400073436,2026,new,176,2023-06-26,24,19.003628623518519
total_load_MWh,16,51754.800000000003,2924,877.19999999999709,-4.2175827275059419e-09,877.19999999577703,2026,new,205,2023-07-25,18,17.999999999998558
total_load_MWh,17,14327.6,2924,292.39999999999964,-2.5970336992031662e-12,292.39999999999782,2026,new,25,2023-01-26,5,4.9999999999999991
total_load_MWh,18,46637.800000000003,2924,146.19999999999709,0,146.19999999999709,2026,new,211,2023-07-31,16,16
total_load_MWh,19,25438.800000000003,2777.8000000000002,-438.60000000000218,2612.2792713855042,2173.6792713855029,2026,new,99,2023-04-10,9,9.9404130143946663
total_load_MWh,20,5701.8000000000002,2777.8000000000002,-146.19999999999982,1.233591007121504e-12,-146.19999999999891,2026,new,42,2023-02-12,2,2.0000000000000004
total_load_MWh,21,3070.1999999999998,3070.1999999999998,0,-3.4086067302041554e-13,-4.5474735088646412e-13,2026,new,74,2023-03-16,1,0.99999999999999989
total_load_MWh,22,5994.1999999999998,2924,-146.19999999999982,0,-146.19999999999982,2026,new,73,2023-03-15,2,2
total_load_MWh,23,17105.400000000001,2924,438.59999999999854,-3.5085925276234775e-09,438.59999999649153,2026,new,313,2023-11-10,6,5.9999999999988001
total_load_MWh,24,68567.800000000003,2924,-1315.8000000000029,-7.4067401101274299e-09,-1315.8000000074098,2026,new,256,2023-09-14,23,22.999999999997467
total_load_MWh,25,3070.1999999999998,3070.1999999999998,0,-6.8172134604083108e-13,-4.5474735088646412e-13,2026,new,92,2023-04-03,1,0.99999999999999978
total_load_MWh,26,28216.600000000002,2777.8000000000002,-438.60000000000218,0,-438.60000000000218,2026,new,96,2023-04-07,10,10
total_load_MWh,27,2777.8000000000002,2777.8000000000002,0,0,0,2026,new,186,2023-07-06,1,1
total_load_MWh,28,41959.400000000001,2924,-1023.4000000000015,8.1027451415138785e-10,-1023.3999999991938,2026,new,292,2023-10-20,14,14.000000000000277
total_load_MWh,29,11257.400000000001,2777.8000000000002,-146.20000000000073,0,-146.20000000000073,2026,new,354,2023-12-21,4,4
total_load_MWh,30,9064.3999999999996,3070.1999999999998,146.19999999999891,9.2168725984720366e-10,146.20000000092114,2026,new,125,2023-05-06,3,3.0000000000003002
total_load_MWh,31,39912.599999999999,3070.1999999999998,0,-1.5925010643513813e-09,-1.5934347175061703e-09,2026,new,95,2023-04-06,13,12.999999999999481
total_load_MWh,32,3070.1999999999998,3070.1999999999998,0,0,0,2026,new,122,2023-05-03,1,1
total_load_MWh,33,64766.600000000006,2777.8000000000002,-877.20000000000437,4595.0074169041472,3717.8074169041502,2026,new,288,2023-10-16,23,24.65418943657
total_load_MWh,34,12134.599999999999,3070.1999999999998,146.20000000000073,-1.3634426920816622e-12,146.19999999999891,2026,new,239,2023-08-28,4,3.9999999999999996
total_load_MWh,35,11403.6,2777.8000000000002,-292.39999999999964,0,-292.39999999999964,2026,new,93,2023-04-04,4,4
total_load_MWh,36,17251.599999999999,2777.8000000000002,-584.79999999999563,-3.3356300832565467e-09,-584.80000000333166,2026,new,105,2023-04-16,6,5.9999999999987992
total_load_MWh,37,2924,2924,0,0,0,2026,new,91,2023-04-02,1,1
total_load_MWh,38,60965.399999999994,3070.1999999999998,438.60000000000582,0,438.60000000000582,2026,new,263,2023-09-21,20,20
total_load_MWh,39,11988.4,3070.1999999999998,292.39999999999964,0,292.39999999999964,2026,new,23,2023-01-24,4,4
total_load_MWh,40,53655.400000000001,2924,1900.5999999999985,-1.6621015674900264e-09,1900.5999999983396,2026,new,271,2023-09-29,19,18.999999999999432
total_load_MWh,41,26462.200000000001,2924,-146.20000000000073,2.6333921709920105e-09,-146.19999999736683,2026,new,202,2023-07-22,9,9.0000000000009006
total_load_MWh,42,22514.800000000003,2777.8000000000002,-292.40000000000146,-0.0095702432303472317,-292.40957024323143,2026,new,21,2023-01-22,8,7.9999965547399992
total_load_MWh,43,5848,3070.1999999999998,292.39999999999964,0,292.39999999999964,2026,new,308,2023-11-05,2,2
total_load_MWh,44,57018,3070.1999999999998,1315.7999999999956,-1.7561141874011808e-09,1315.7999999982421,2026,new,224,2023-08-13,19,18.999999999999428
total_load_MWh,45,8772,2924,0,-1.3543517756176016e-05,-1.3543518434744328e-05,2026,new,364,2023-12-31,3,2.999999995368154
total_load_MWh,46,2777.8000000000002,2777.8000000000002,0,0,0,2026,new,123,2023-05-04,1,1
total_load_MWh,47,14620,2924,0,0,0,2026,new,133,2023-05-14,5,5
thermal_generation_MWh,0,13215.584177215984,2125.8013157894525,-460.77628247926987,-2.5508107427465901e-09,-460.77628248182009,2026,new,26,2023-01-27,6,5.9999999999988001
thermal_generation_MWh,1,43234.699103212639,2283.8342105263159,158.15089678736695,2.4875753900058397e-05,158.15092166311661,2026,new,87,2023-03-29,19,19.000000010892101
thermal_generation_MWh,2,14461.718011842087,2096.972105263158,217.08672500001921,4.4029154161170196e-09,217.08672500442117,2026,new,97,2023-04-08,7,7.0000000000020997
thermal_generation_MWh,3,6119.1013232340356,1572.2011357340693,169.70321970224177,0.032825454922353094,169.73604515716397,2026,new,140,2023-05-21,4,4.0000208786612452
thermal_generation_MWh,4,7568.413557394806,1995.0539612188363,411.80228748053923,0,411.80228748053923,2026,new,344,2023-12-11,4,4
thermal_generation_MWh,5,5703.1166204985993,1913.3953462603779,37.069418282534571,5.7355980352980174e-10,37.069418283107552,2026,new,326,2023-11-23,3,3.0000000000002998
thermal_generation_MWh,6,1617.6521052631524,1617.6521052631524,0,3.5919092261930183e-13,4.5474735088646412e-13,2026,new,332,2023-11-29,1,1.0000000000000002
thermal_generation_MWh,7,7115.3805263157847,2373.3542105263159,4.6821052631630664,7.1249115332773876e-10,4.6821052638752008,2026,new,167,2023-06-17,3,3.0000000000003002
thermal_generation_MWh,8,3729.8308146813947,1922.6428645429207,115.45491440444675,0,115.45491440444675,2026,new,152,2023-06-02,2,2
thermal_generation_MWh,9,5200.710159449105,1825.1399239228101,274.70961231932506,5.4791486395614251e-10,274.70961231987349,2026,new,31,2023-02-01,3,3.0000000000003002
thermal_generation_MWh,10,32145.389886465055,2182.532105263158,592.5916924823141,5241.8997267529367,5834.4914192352517,2026,new,24,2023-01-25,15,17.401751485859997
thermal_generation_MWh,11,8838.3161772853164,2142.6217728531856,-267.82908587257407,1.9030304202278231e-12,-267.82908587257225,2026,new,75,2023-03-17,4,4.0000000000000009
thermal_generation_MWh,12,856.08669999999142,856.08669999999142,0,-9.5044716541535948e-14,-1.1368683772161603e-13,2026,new,13,2023-01-14,1,0.99999999999999989
thermal_generation_MWh,13,16809.356278344414,2198.5913157894524,779.37424797120548,0,779.37424797120548,2026,new,352,2023-12-19,8,8
thermal_generation_MWh,14,7282.3260497156698,1833.8493351800494,53.071291004527666,-8.1439270224417076e-13,53.071291004526756,2026,new,106,2023-04-17,4,3.9999999999999996
thermal_generation_MWh,15,50550.567631578917,2038.5899999999999,-1624.4076315789207,-10185.552724381381,-11809.960355960298,2026,new,176,2023-06-26,24,19.003628623518519
thermal_generation_MWh,16,44194.625789473685,2379.8642105263157,-1357.0699999999997,-3.4327203105763861e-09,-1357.070000003434,2026,new,205,2023-07-25,18,17.999999999998558
thermal_generation_MWh,17,11121.893552285295,2323.6896398891909,496.55464716065944,-2.0638509922303346e-12,496.55464716065762,2026,new,25,2023-01-26,5,4.9999999999999991
thermal_generation_MWh,18,34027.866231770618,2118.8921052631526,-125.59254756017617,0,-125.59254756017617,2026,new,211,2023-07-31,16,16
thermal_generation_MWh,19,17913.38335588637,1975.8468144044257,-130.76202624653888,1858.1120587161647,1727.3500324696251,2026,new,99,2023-04-10,9,9.9404130143946663
thermal_generation_MWh,20,3574.3349451523409,1564.3369749999956,-445.66099515234964,6.9470517116698521e-13,-445.66099515234873,2026,new,42,2023-02-12,2,2.0000000000000004
thermal_generation_MWh,21,1811.3069529085781,1811.3069529085781,0,-2.0109546837827375e-13,-2.2737367544323206e-13,2026,new,74,2023-03-16,1,0.99999999999999989
thermal_generation_MWh,22,3248.0002493074567,1509.2999999999945,-229.40024930746767,0,-229.40024930746767,2026,new,73,2023-03-15,2,2
thermal_generation_MWh,23,12872.150504220619,2287.8142105263159,854.73475893727664,-2.7452147208082893e-09,854.73475893453178,2026,new,313,2023-11-10,6,5.9999999999988001
thermal_generation_MWh,24,51386.69634387378,2200.8121052631527,-768.01792282126553,-5.5748438081075869e-09,-768.01792282684619,2026,new,256,2023-09-14,23,22.999999999997467
thermal_generation_MWh,25,1539.6093429697648,1539.6093429697648,0,-3.4186194829860846e-13,-4.5474735088646412e-13,2026,new,92,2023-04-03,1,0.99999999999999978
thermal_generation_MWh,26,20164.574204743712,2070.0421052631577,535.84684788786399,0,535.84684788786399,2026,new,96,2023-04-07,10,10
thermal_generation_MWh,27,1321.3799999999894,1321.3799999999894,0,0,0,2026,new,186,2023-07-06,1,1
thermal_generation_MWh,28,29930.568045429223,2105.8957802631426,-448.02712174522821,5.8356829008419139e-10,-448.0271217446425,2026,new,292,2023-10-20,14,14.000000000000277
thermal_generation_MWh,29,7704.5919390581412,1951.7457894736726,102.39121883654934,0,102.39121883654934,2026,new,354,2023-12-21,4,4
thermal_generation_MWh,30,5318.1820978341657,1792.0543152454768,57.980847902264941,5.3798242176925296e-10,57.980847902802452,2026,new,125,2023-05-06,3,3.0000000000003002
thermal_generation_MWh,31,30203.931690301848,2208.0663102565823,-1499.0696569662796,-1.1453155980854782e-09,-1499.0696569674255,2026,new,95,2023-04-06,13,12.999999999999481
thermal_generation_MWh,32,1317.4278499999882,1317.4278499999882,0,0,0,2026,new,122,2023-05-03,1,1
thermal_generation_MWh,33,47856.36487526352,2132.1121052631579,1182.2135457891127,3526.9173221093401,4709.1308678984497,2026,new,288,2023-10-16,23,24.65418943657
thermal_generation_MWh,34,8516.9084210526307,2109.0621052631577,-80.659999999999854,-9.366117238510253e-13,-80.660000000001673,2026,new,239,2023-08-28,4,3.9999999999999996
thermal_generation_MWh,35,6989.9938438377394,1794.8406833114304,189.36888940798235,0,189.36888940798235,2026,new,93,2023-04-04,4,4
thermal_generation_MWh,36,10935.135180055348,1815.038476454286,-44.904321329631784,-2.1795294637227465e-09,-44.904321331810934,2026,new,105,2023-04-16,6,5.9999999999987992
thermal_generation_MWh,37,1343.9571052631418,1343.9571052631418,0,0,0,2026,new,91,2023-04-02,1,1
thermal_generation_MWh,38,49363.544210526314,2490.5242105263155,446.93999999999505,0,446.93999999999505,2026,new,263,2023-09-21,20,20
thermal_generation_MWh,39,7336.8479778392912,2000.4713157894575,665.03728531853903,0,665.03728531853903,2026,new,23,2023-01-24,4,4
thermal_generation_MWh,40,42311.495062701302,2263.9727927631416,703.98799979838805,-1.2869195374850855e-09,703.9879997971002,2026,new,271,2023-09-29,19,18.999999999999432
thermal_generation_MWh,41,19745.18096744498,2266.9083470502733,656.99415600748034,2.0416069403141685e-09,656.99415600952125,2026,new,202,2023-07-22,9,9.0000000000009006
thermal_generation_MWh,42,18860.080221606622,2367.6949307479204,81.479224376740603,-0.008157324639109273,81.471067052101716,2026,new,21,2023-01-22,8,7.9999965547399992
thermal_generation_MWh,43,3812.6654302631418,2083.1154302631526,353.56543026316331,0,353.56543026316331,2026,new,308,2023-11-05,2,2
thermal_generation_MWh,44,41907.119999999923,2176.6421052631576,-550.91999999992549,-1.2450107751766679e-09,-550.92000000116968,2026,new,224,2023-08-13,19,18.999999999999428
thermal_generation_MWh,45,6132.0118282548237,2002.9686980609342,-123.10573407202082,-9.2774425879798281e-06,-123.10574334946341,2026,new,364,2023-12-31,3,2.999999995368154
thermal_generation_MWh,46,1953.1295567867016,1953.1295567867016,0,0,0,2026,new,123,2023-05-04,1,1
thermal_generation_MWh,47,9675.0287950137899,1946.1485595567808,55.714002770113439,0,55.714002770113439,2026,new,133,2023-05-14,5,5
unserved_MWh,0,1064.694949999925,196.63999999998939,115.14505000001122,-2.3595404741171112e-10,115.14504999977544,2026,new,26,2023-01-27,6,5.9999999999988001
unserved_MWh,1,2775.8348749997854,146.95187499998897,16.250750000005155,1.6006147297397043e-06,16.250751600619878,2026,new,87,2023-03-29,19,19.000000010892101
unserved_MWh,2,817.02154999991205,122.85059999998865,42.932650000008493,2.5794372717766581e-10,42.932650000266449,2026,new,97,2023-04-08,7,7.0000000000020997
unserved_MWh,3,0,0,0,0,0,2026,new,140,2023-05-21,4,4.0000208786612452
unserved_MWh,4,308.37999999996805,64.889999999989371,-48.820000000010566,0,-48.820000000010566,2026,new,344,2023-12-11,4,4
unserved_MWh,5,257.47999999996807,77.84999999998935,-23.930000000000007,2.3336332866105286e-11,-23.929999999976673,2026,new,326,2023-11-23,3,3.0000000000002998
unserved_MWh,6,1.1799999999893585,1.1799999999893585,0,2.6201263380917404e-16,2.2204460492503131e-16,2026,new,332,2023-11-29,1,1.0000000000000002
unserved_MWh,7,697.5827499999657,226.27999999998934,-18.742749999997613,6.7930230329690393e-11,-18.742749999929742,2026,new,167,2023-06-17,3,3.0000000000003002
unserved_MWh,8,0,0,0,0,0,2026,new,152,2023-06-02,2,2
unserved_MWh,9,98.809999999968085,25.279999999989371,-22.96999999999997,7.5891648521032868e-12,-22.969999999992382,2026,new,31,2023-02-01,3,3.0000000000003002
unserved_MWh,10,1481.6246499998192,83.498374999979674,-229.14902500012408,200.54234622309639,-28.60667877702781,2026,new,24,2023-01-25,15,17.401751485859997
unserved_MWh,11,227.62999999995742,58.959999999989364,8.2100000000000364,5.2366999625509937e-14,8.2100000000000932,2026,new,75,2023-03-17,4,4.0000000000000009
unserved_MWh,12,0,0,0,-0,0,2026,new,13,2023-01-14,1,0.99999999999999989
unserved_MWh,13,551.06999999991501,57.579999999989397,-90.429999999999836,0,-90.429999999999836,2026,new,352,2023-12-19,8,8
unserved_MWh,14,154.08999999995751,52.079999999989383,54.230000000000018,-2.3128166048986546e-14,54.22999999999999,2026,new,106,2023-04-17,4,3.9999999999999996
unserved_MWh,15,5514.4254499997351,230.65999999998928,21.414550000007694,-1152.4630216991648,-1131.0484716991568,2026,new,176,2023-06-26,24,19.003628623518519
unserved_MWh,16,3511.1365999998011,189.35999999998938,-102.65659999999207,-2.7313319606035583e-10,-102.65660000026537,2026,new,205,2023-07-25,18,17.999999999998558
unserved_MWh,17,87.989999999957377,28.509999999989361,54.559999999989429,-2.5321966745641121e-14,54.559999999989401,2026,new,25,2023-01-26,5,4.9999999999999991
unserved_MWh,18,2797.500149999823,168.69949999998929,-98.308149999994384,0,-98.308149999994384,2026,new,211,2023-07-31,16,16
unserved_MWh,19,497.50217499991487,69.299999999989353,126.19782499998934,65.170621897540357,191.36844689752962,2026,new,99,2023-04-10,9,9.9404130143946663
unserved_MWh,20,9.3399999999893613,0,-9.3399999999893613,0,-9.3399999999893613,2026,new,42,2023-02-12,2,2.0000000000000004
unserved_MWh,21,0,0,0,-0,0,2026,new,74,2023-03-16,1,0.99999999999999989
unserved_MWh,22,0,0,0,0,0,2026,new,73,2023-03-15,2,2
unserved_MWh,23,509.69689999992647,80.939624999982328,-24.059150000032503,-9.7121806930090429e-11,-24.059150000129648,2026,new,313,2023-11-10,6,5.9999999999988001
unserved_MWh,24,4809.8272999997298,207.39999999998935,-39.627299999974639,-5.2536179850901169e-10,-39.627300000500327,2026,new,256,2023-09-14,23,22.999999999997467
unserved_MWh,25,0,0,0,-0,0,2026,new,92,2023-04-03,1,0.99999999999999978
unserved_MWh,26,956.49869999989198,87.001874999988956,-86.479950000002418,0,-86.479950000002418,2026,new,96,2023-04-07,10,10
unserved_MWh,27,0,0,0,0,0,2026,new,186,2023-07-06,1,1
unserved_MWh,28,1850.727199999827,127.91999999998937,-59.847199999975828,3.544812443578554e-11,-59.847199999940358,2026,new,292,2023-10-20,14,14.000000000000277
unserved_MWh,29,250.96999999995754,65.019999999989366,9.1099999999999284,0,9.1099999999999284,2026,new,354,2023-12-21,4,4
unserved_MWh,30,0,0,0,0,0,2026,new,125,2023-05-06,3,3.0000000000003002
unserved_MWh,31,3950.089999999861,304.35999999998933,6.5900000000001455,-1.5787037455083365e-10,6.5899999998423482,2026,new,95,2023-04-06,13,12.999999999999481
unserved_MWh,32,0,0,0,0,0,2026,new,122,2023-05-03,1,1
unserved_MWh,33,2701.754374999739,113.36109999998619,-94.449075000056382,187.52073413793264,93.07165913787594,2026,new,288,2023-10-16,23,24.65418943657
unserved_MWh,34,766.93799999995701,190.25999999998933,-5.8979999999996835,-8.4492413066068176e-14,-5.8979999999997972,2026,new,239,2023-08-28,4,3.9999999999999996
unserved_MWh,35,0.84999999998937403,0,-0.84999999998937403,0,-0.84999999998937403,2026,new,93,2023-04-04,4,4
unserved_MWh,36,31.879074999967056,5.3899999999894055,0.46092499996937519,-6.4724048342996064e-12,0.46092499996290215,2026,new,105,2023-04-16,6,5.9999999999987992
unserved_MWh,37,0,0,0,0,0,2026,new,91,2023-04-02,1,1
unserved_MWh,38,5267.3730999997715,274.12999999998925,215.2269000000133,0,215.2269000000133,2026,new,263,2023-09-21,20,20
unserved_MWh,39,117.30999999997873,43.279999999989357,55.8099999999787,0,55.8099999999787,2026,new,23,2023-01-24,4,4
unserved_MWh,40,2614.2419249997738,125.54999999998935,-228.79192499997589,-7.1366912379738414e-11,-228.79192500004729,2026,new,271,2023-09-29,19,18.999999999999432
unserved_MWh,41,1511.7163749998992,153.50972499998795,-130.12885000000756,1.3825284130851737e-10,-130.12884999986932,2026,new,202,2023-07-22,9,9.0000000000009006
unserved_MWh,42,512.36639999989961,74.229999999989403,81.473600000015608,-0.00025574164986268756,81.473344258365728,2026,new,21,2023-01-22,8,7.9999965547399992
unserved_MWh,43,135.91999999998939,135.91999999998939,135.91999999998939,0,135.91999999998939,2026,new,308,2023-11-05,2,2
unserved_MWh,44,4636.5951749997885,250.58999999998929,124.61482500000784,-1.4333419784406329e-10,124.61482499986505,2026,new,224,2023-08-13,19,18.999999999999428
unserved_MWh,45,253.62999999996805,72.389999999989328,-36.460000000000065,-3.3529933323168168e-07,-36.460000335299412,2026,new,364,2023-12-31,3,2.999999995368154
unserved_MWh,46,61.51477499998883,61.51477499998883,0,0,0,2026,new,123,2023-05-04,1,1
unserved_MWh,47,91.709999999957475,22.469999999989369,20.639999999989371,0,20.639999999989371,2026,new,133,2023-05-14,5,5
discharge_MWh,0,580.01864831265982,107.3625875000328,64.156876687536965,-1.2882748708923969e-10,64.156876687408158,2026,new,26,2023-01-27,6,5.9999999999988001
discharge_MWh,1,826.07267450403106,31.528125000011034,-227.03829950382146,3.4340753580786946e-07,-227.03829916041389,2026,new,87,2023-03-29,19,19.000000010892101
discharge_MWh,2,698.13412500021639,95.558600000033479,-29.223924999982046,2.006399761001624e-10,-29.223924999781389,2026,new,97,2023-04-08,7,7.0000000000020997
discharge_MWh,3,108.37631250003086,6.4899999999999931,-82.416312500030898,0.00013550251148152433,-82.416176997519415,2026,new,140,2023-05-21,4,4.0000208786612452
discharge_MWh,4,312.0539774238884,70.880000000010682,-28.53397742384567,0,-28.53397742384567,2026,new,344,2023-12-11,4,4
discharge_MWh,5,322.65000000005716,115.7000000000106,24.449999999974636,3.4682257066268445e-11,24.450000000009311,2026,new,326,2023-11-23,3,3.0000000000002998
discharge_MWh,6,81.700000000028609,81.700000000028609,0,1.814104422238141e-14,1.4210854715202004e-14,2026,new,332,2023-11-29,1,1.0000000000000002
discharge_MWh,7,114.49162500004012,30.400000000010643,-23.291625000008182,9.1262108981059214e-12,-23.291624999999058,2026,new,167,2023-06-17,3,3.0000000000003002
discharge_MWh,8,136.83047500002291,40.291900000001959,-56.246675000018996,0,-56.246675000018996,2026,new,152,2023-06-02,2,2
discharge_MWh,9,168.58506567022948,47.431090670187132,-26.291793659668087,1.4239017650761853e-11,-26.291793659653848,2026,new,31,2023-02-01,3,3.0000000000003002
discharge_MWh,10,1367.0262006902142,113.26162500002566,331.89817431017082,272.02627613472936,603.9244504449,2026,new,24,2023-01-25,15,17.401751485859997
discharge_MWh,11,123.26000000004257,30.470000000010632,-1.3800000000000381,2.7062796448272259e-14,-1.3800000000000097,2026,new,75,2023-03-17,4,4.0000000000000009
discharge_MWh,12,84.333300000008521,84.333300000008521,0,-9.3628771402630174e-15,-1.4210854715202004e-14,2026,new,13,2023-01-14,1,0.99999999999999989
discharge_MWh,13,470.67382550933672,76.807737500022085,143.78807449083996,0,143.78807449083996,2026,new,352,2023-12-19,8,8
discharge_MWh,14,446.04094736851664,105.74000000001067,-23.080947368473971,-4.6957993049550358e-14,-23.080947368474028,2026,new,106,2023-04-17,4,3.9999999999999996
discharge_MWh,15,2182.5307125006266,93.464800000032739,60.624487500159375,-466.98485142872988,-406.36036392857068,2026,new,176,2023-06-26,24,19.003628623518519
discharge_MWh,16,568.64340000019911,30.400000000010643,-21.4434000000075,-4.3849013309242656e-11,-21.443400000051383,2026,new,205,2023-07-25,18,17.999999999998558
discharge_MWh,17,180.16262500004382,44.520000000010633,42.437375000009354,-3.9541703245059019e-14,42.437375000009297,2026,new,25,2023-01-26,5,4.9999999999999991
discharge_MWh,18,1166.4444105627063,70.884250000024835,-32.296410562308893,0,-32.296410562308893,2026,new,211,2023-07-31,16,16
discharge_MWh,19,877.36683456269884,106.92000000001067,84.913165437397197,100.54895949908776,185.462124936485,2026,new,99,2023-04-10,9,9.9404130143946663
discharge_MWh,20,68.311800000017158,12.283025000004262,-43.745750000008634,5.454758866820458e-15,-43.745750000008627,2026,new,42,2023-02-12,2,2.0000000000000004
discharge_MWh,21,44.310000000007314,44.310000000007314,0,-4.9193982221148806e-15,-7.1054273576010019e-15,2026,new,74,2023-03-16,1,0.99999999999999989
discharge_MWh,22,151.6200000000286,66.500000000023277,-18.619999999982042,0,-18.619999999982042,2026,new,73,2023-03-15,2,2
discharge_MWh,23,392.06132003953451,50.390375000017656,-89.719070039428573,-6.046487455171233e-11,-89.719070039489054,2026,new,313,2023-11-10,6,5.9999999999988001
discharge_MWh,24,1749.2271003467974,68.682150000024023,-169.53765034624485,-1.739777138354879e-10,-169.53765034641879,2026,new,256,2023-09-14,23,22.999999999997467
discharge_MWh,25,80.015353515134478,80.015353515134478,0,-1.776697755920475e-14,-1.4210854715202004e-14,2026,new,92,2023-04-03,1,0.99999999999999978
discharge_MWh,26,1020.5741116252138,92.111050000032208,-99.463611624891769,0,-99.463611624891769,2026,new,96,2023-04-07,10,10
discharge_MWh,27,90.400000000010635,90.400000000010635,0,0,0,2026,new,186,2023-07-06,1,1
discharge_MWh,28,1405.746755187851,114.31755000002605,194.69894481251367,3.1678726841740111e-11,194.69894481254528,2026,new,292,2023-10-20,14,14.000000000000277
discharge_MWh,29,357.53972500009854,97.948325000028774,34.253575000016554,0,34.253575000016554,2026,new,354,2023-12-21,4,4
discharge_MWh,30,31.12095687533958,3.1871231696820979,-21.559587366293286,9.5678809884041003e-13,-21.55958736629233,2026,new,125,2023-05-06,3,3.0000000000003002
discharge_MWh,31,548.74088314736673,57.929888337733772,204.34766524317229,-3.0048012779492447e-11,204.34766524314227,2026,new,95,2023-04-06,13,12.999999999999481
discharge_MWh,32,101.89415000003568,101.89415000003568,0,0,0,2026,new,122,2023-05-03,1,1
discharge_MWh,33,2227.9855231840866,94.588900000019137,-52.440823183646444,156.46795919680775,104.02713601316145,2026,new,288,2023-10-16,23,24.65418943657
discharge_MWh,34,337.88392500007626,90.40000000001065,23.716074999966338,-4.014566457045039e-14,23.716074999966281,2026,new,239,2023-08-28,4,3.9999999999999996
discharge_MWh,35,90.330708344307652,4.8196583442847238,-71.05207496716875,0,-71.05207496716875,2026,new,93,2023-04-04,4,4
discharge_MWh,36,580.27662500007966,109.99000000001064,79.663374999984171,-1.3207788640558106e-10,79.663374999852067,2026,new,105,2023-04-16,6,5.9999999999987992
discharge_MWh,37,70.99706250002005,70.99706250002005,0,0,0,2026,new,91,2023-04-02,1,1
discharge_MWh,38,648.75690000022712,30.400000000010643,-40.756900000014298,0,-40.756900000014298,2026,new,263,2023-09-21,20,20
discharge_MWh,39,386.67506250006892,116.0000000000266,77.324937500037493,0,77.324937500037493,2026,new,23,2023-01-24,4,4
discharge_MWh,40,1400.0530563631182,68.589890156270698,-96.845143393974922,-3.898883855769708e-11,-96.84514339401403,2026,new,271,2023-09-29,19,18.999999999999432
discharge_MWh,41,404.95473607110046,52.454861070977167,67.139013567694064,4.7241525470172657e-11,67.139013567741301,2026,new,202,2023-07-22,9,9.0000000000009006
discharge_MWh,42,353.56360000010056,35.220000000010636,-71.803600000015479,-0.00012134205722979742,-71.80372134207272,2026,new,21,2023-01-22,8,7.9999965547399992
discharge_MWh,43,83.907325000029402,45.40667500001593,6.9060250000024581,0,6.9060250000024581,2026,new,308,2023-11-05,2,2
discharge_MWh,44,1621.3834000004417,85.600000000015967,5.0165999998616826,-4.8962078835766116e-11,5.0165999998127973,2026,new,224,2023-08-13,19,18.999999999999428
discharge_MWh,45,197.03000000004795,71.40000000001595,17.169999999999902,-3.307138056741394e-07,17.169999669286085,2026,new,364,2023-12-31,3,2.999999995368154
discharge_MWh,46,77.085225000012201,77.085225000012201,0,0,0,2026,new,123,2023-05-04,1,1
discharge_MWh,47,503.506525000127,96.570000000028585,-20.656524999984072,0,-20.656524999984072,2026,new,133,2023-05-14,5,5
total_cost_CNY,0,15568761.801574586,2769728.9516523033,1049611.9083392341,-3.3234782159061833e-06,1049611.9083359111,2026,new,26,2023-01-27,6,5.9999999999988001
total_cost_CNY,1,43159102.904115573,2281288.3526851996,185375.7969032228,0.024848024158193489,185375.82175124437,2026,new,87,2023-03-29,19,19.000000010892101
total_cost_CNY,2,13813382.153585095,2044256.0105930958,496409.9205665756,4.2922298684563014e-06,496409.92057086714,2026,new,97,2023-04-08,7,7.0000000000020997
total_cost_CNY,3,2208181.2330507846,562447.64525802364,41609.347981309984,11.74315385351799,41621.091135163326,2026,new,140,2023-05-21,4,4.0000208786612452
total_cost_CNY,4,5937124.9468360431,1398651.3471969797,-342519.55804812443,0,-342519.55804812443,2026,new,344,2023-12-11,4,4
total_cost_CNY,5,5085002.299485676,1610554.8989975317,-253337.60249308124,4.8278028544827388e-07,-253337.60249259789,2026,new,326,2023-11-23,3,3.0000000000002998
total_cost_CNY,6,645728.74248783605,645728.74248783605,0,1.4338058351444883e-10,1.1641532182693481e-10,2026,new,332,2023-11-29,1,1.0000000000000002
total_cost_CNY,7,9506061.5187134817,3105890.3214352033,-188390.55440787226,9.3240164801953068e-07,-188390.55440693907,2026,new,167,2023-06-17,3,3.0000000000003002
total_cost_CNY,8,1368921.5003906882,685440.26934112166,1959.0382915551309,0,1959.0382915551309,2026,new,152,2023-06-02,2,2
total_cost_CNY,9,2853964.9234010787,908398.78992541542,-128768.55362483254,2.7270522817239001e-07,-128768.55362455966,2026,new,31,2023-02-01,3,3.0000000000003002
total_cost_CNY,10,26897038.491629697,1650549.8428097649,-2138790.8494832255,3964210.5374543369,1825419.6879711114,2026,new,24,2023-01-25,15,17.401751485859997
total_cost_CNY,11,5419392.6530538332,1351934.668249608,-11653.980055401102,1.2007591971837499e-09,-11653.98005540017,2026,new,75,2023-03-17,4,4.0000000000000009
total_cost_CNY,12,383427.20580650278,383427.20580650278,0,-4.256897121540679e-11,-5.8207660913467407e-11,2026,new,13,2023-01-14,1,0.99999999999999989
total_cost_CNY,13,11548785.789588017,1359328.0910470379,-674161.06121171452,0,-674161.06121171452,2026,new,352,2023-12-19,8,8
total_cost_CNY,14,4857511.6779889632,1370156.1951194168,623113.10248870403,-6.0847158206175003e-10,623113.10248870309,2026,new,106,2023-04-17,4,3.9999999999999996
total_cost_CNY,15,74693192.267227784,3103980.0346983653,-197671.43446701765,-15508636.998536905,-15706308.433003925,2026,new,176,2023-06-26,24,19.003628623518519
total_cost_CNY,16,50803193.71983359,2738968.8214352038,-1501754.9339999184,-3.9506934310746995e-06,-1501754.9340038747,2026,new,205,2023-07-25,18,17.999999999998558
total_cost_CNY,17,4834926.1083049243,1110948.9217122099,719818.50025612582,-9.8672085765390877e-10,719818.50025612395,2026,new,25,2023-01-26,5,4.9999999999999991
total_cost_CNY,18,40410577.0115721,2455425.1770930979,-1123774.1780825332,0,-1123774.1780825332,2026,new,211,2023-07-31,16,16
total_cost_CNY,19,12094266.872305967,1506721.1128479484,1466223.1433255691,1416940.1435854253,2883163.286910994,2026,new,99,2023-04-10,9,9.9404130143946663
total_cost_CNY,20,1375154.0443054121,559753.11925109802,-255647.80580321606,2.4858032043932799e-10,-255647.80580321583,2026,new,42,2023-02-12,2,2.0000000000000004
total_cost_CNY,21,676874.88126910327,676874.88126910327,0,-7.5148207797537754e-11,-1.1641532182693481e-10,2026,new,74,2023-03-16,1,0.99999999999999989
total_cost_CNY,22,1276479.0326213115,595039.5056458381,-86400.021329635289,0,-86400.021329635289,2026,new,73,2023-03-15,2,2
total_cost_CNY,23,9734444.7260129079,1622747.4751851335,2040.1250978931785,-1.9471818281991873e-06,2040.1250959467143,2026,new,313,2023-11-10,6,5.9999999999988001
total_cost_CNY,24,66770424.783828579,2871043.8360930979,-736416.55368732661,-7.2725976534626785e-06,-736416.55369459838,2026,new,256,2023-09-14,23,22.999999999997467
total_cost_CNY,25,606580.77632567182,606580.77632567182,0,-1.3468798883435258e-10,-1.1641532182693481e-10,2026,new,92,2023-04-03,1,0.99999999999999978
total_cost_CNY,26,17630998.585443918,1694015.5300930985,-690843.28451293334,0,-690843.28451293334,2026,new,96,2023-04-07,10,10
total_cost_CNY,27,640668.1067538705,640668.1067538705,0,0,0,2026,new,186,2023-07-06,1,1
total_cost_CNY,28,29868880.72545483,2089584.1833098554,-614702.15911685303,5.7904815626190753e-07,-614702.15911627561,2026,new,292,2023-10-20,14,14.000000000000277
total_cost_CNY,29,5412771.1196805676,1405067.6802115184,207499.60116550606,0,207499.60116550606,2026,new,354,2023-12-21,4,4
total_cost_CNY,30,1898011.9870640095,639363.22931871307,20077.70089212968,1.919395944491642e-07,20077.700892321533,2026,new,125,2023-05-06,3,3.0000000000003002
total_cost_CNY,31,50262829.90804559,3841888.446557946,-318280.10279229283,-1.9927729269307554e-06,-318280.10279428214,2026,new,95,2023-04-06,13,12.999999999999481
total_cost_CNY,32,576359.01569846889,576359.01569846889,0,0,0,2026,new,122,2023-05-03,1,1
total_cost_CNY,33,45414403.860506676,1954465.3655598299,-461700.45263058692,3233055.9618509947,2771355.5092204064,2026,new,288,2023-10-16,23,24.65418943657
total_cost_CNY,34,10962522.92273321,2700195.2646485046,-161741.86413919181,-1.1991275815186351e-09,-161741.86413919367,2026,new,239,2023-08-28,4,3.9999999999999996
total_cost_CNY,35,2528217.5683616935,640354.78349354293,33201.565612478182,0,33201.565612478182,2026,new,93,2023-04-04,4,4
total_cost_CNY,36,4779601.9338920088,805634.89456539997,54207.433500391431,-9.6742025719402554e-07,54207.433499423787,2026,new,105,2023-04-16,6,5.9999999999987992
total_cost_CNY,37,589450.71771820111,589450.71771820111,0,0,0,2026,new,91,2023-04-02,1,1
total_cost_CNY,38,70199705.997703925,3625399.8214352024,2308290.4310001284,0,2308290.4310001284,2026,new,263,2023-09-21,20,20
total_cost_CNY,39,4242837.7773978841,1234503.2002440656,695175.02357837837,0,695175.02357837837,2026,new,23,2023-01-24,4,4
total_cost_CNY,40,41502522.603468642,2068263.2850456417,-2205520.1876014471,-1.1756715622628017e-06,-2205520.1876026243,2026,new,271,2023-09-29,19,18.999999999999432
total_cost_CNY,41,22169209.519695364,2351008.3085098295,-1010134.7431068979,2.1173484519722826e-06,-1010134.743104782,2026,new,202,2023-07-22,9,9.0000000000009006
total_cost_CNY,42,11825126.49557011,1583457.7735127658,842535.69253201596,-5.4554237301106072,842530.23710828647,2026,new,21,2023-01-22,8,7.9999965547399992
total_cost_CNY,43,2726966.7993441932,2100856.8150930968,1474746.8308420004,0,1474746.8308420004,2026,new,308,2023-11-05,2,2
total_cost_CNY,44,62026248.565548591,3313275.9765598606,925994.98908875883,-1.8951504622540141e-06,925994.98908686638,2026,new,224,2023-08-13,19,18.999999999999428
total_cost_CNY,45,4748356.6908984035,1453636.4170030693,-387447.43988919538,-0.0067330200494887665,-387447.44662221521,2026,new,364,2023-12-31,3,2.999999995368154
total_cost_CNY,46,1394767.6078957273,1394767.6078957273,0,0,0,2026,new,123,2023-05-04,1,1
total_cost_CNY,47,4638767.5529108848,976313.20149060711,242798.45454215072,0,242798.45454215072,2026,new,133,2023-05-14,5,5
thermal_cost_CNY,0,4625454.462025594,744030.46052630839,-161271.69886774383,-8.9278375996130659e-07,-161271.69886863604,2026,new,26,2023-01-27,6,5.9999999999988001
thermal_cost_CNY,1,15132144.686124425,799341.97368421056,55352.813875574619,0.0087065138650204398,55352.822582088411,2026,new,87,2023-03-29,19,19.000000010892101
thermal_cost_CNY,2,5061601.3041447308,733940.23684210528,75980.353750006296,1.5410203956409567e-06,75980.353751547635,2026,new,97,2023-04-08,7,7.0000000000020997
thermal_cost_CNY,3,2141685.4631319125,550270.39750692423,59396.1268957844,11.488909222823581,59407.615805007052,2026,new,140,2023-05-21,4,4.0000208786612452
thermal_cost_CNY,4,2648944.7450881824,698268.88642659271,144130.80061818846,0,144130.80061818846,2026,new,344,2023-12-11,4,4
thermal_cost_CNY,5,1996090.8171745096,669688.37119113223,12974.296398886945,2.0074593123543061e-07,12974.296399087878,2026,new,326,2023-11-23,3,3.0000000000002998
thermal_cost_CNY,6,566178.2368421033,566178.2368421033,0,1.2571682291675563e-10,1.1641532182693481e-10,2026,new,332,2023-11-29,1,1.0000000000000002
thermal_cost_CNY,7,2490383.1842105244,830673.97368421056,1638.7368421074934,2.4937190366470856e-07,1638.7368423566222,2026,new,167,2023-06-17,3,3.0000000000003002
thermal_cost_CNY,8,1305440.7851384883,672925.00259002228,40409.220041556284,0,40409.220041556284,2026,new,152,2023-06-02,2,2
thermal_cost_CNY,9,1820248.5558071868,638798.97337298351,96148.364311763784,1.9177020238464986e-07,96148.364311955636,2026,new,31,2023-02-01,3,3.0000000000003002
thermal_cost_CNY,10,11250886.46026277,763886.23684210528,207407.09236880951,1834664.9043635277,2042071.9967323374,2026,new,24,2023-01-25,15,17.401751485859997
thermal_cost_CNY,11,3093410.6620498612,749917.62049861497,-93740.180055401288,6.6606064707973808e-10,-93740.180055400822,2026,new,75,2023-03-17,4,4.0000000000000009
thermal_cost_CNY,12,299630.344999997,299630.344999997,0,-3.3265650789537582e-11,-5.8207660913467407e-11,2026,new,13,2023-01-14,1,0.99999999999999989
thermal_cost_CNY,13,5883274.6974205449,769506.96052630839,272780.98678992223,0,272780.98678992223,2026,new,352,2023-12-19,8,8
thermal_cost_CNY,14,2548814.1174004846,641847.26731301728,18574.951851584483,-2.8503744578545977e-10,18574.951851584017,2026,new,106,2023-04-17,4,3.9999999999999996
thermal_cost_CNY,15,17692698.67105262,713506.5,-568542.67105261981,-3564943.4535334837,-4133486.1245861035,2026,new,176,2023-06-26,24,19.003628623518519
thermal_cost_CNY,16,15468119.02631579,832952.47368421045,-474974.50000000186,-1.2014521087017352e-06,-474974.50000120327,2026,new,205,2023-07-25,18,17.999999999998558
thermal_cost_CNY,17,3892662.7432998535,813291.37396121677,173794.12650623033,-7.2234784728061709e-10,173794.1265062294,2026,new,25,2023-01-26,5,4.9999999999999991
thermal_cost_CNY,18,11909753.181119716,741612.23684210342,-43957.391646061093,0,-43957.391646061093,2026,new,211,2023-07-31,16,16
thermal_cost_CNY,19,6269684.1745602293,691546.38504154899,-45766.709186288528,650339.2205506576,604572.51136436965,2026,new,99,2023-04-10,9,9.9404130143946663
thermal_cost_CNY,20,1251017.2308033193,547517.94124999852,-155981.34830332221,2.4314680990844485e-10,-155981.34830332198,2026,new,42,2023-02-12,2,2.0000000000000004
thermal_cost_CNY,21,633957.43351800228,633957.43351800228,0,-7.0383413932395808e-11,-1.1641532182693481e-10,2026,new,74,2023-03-16,1,0.99999999999999989
thermal_cost_CNY,22,1136800.0872576097,528254.99999999802,-80290.087257613661,0,-80290.087257613661,2026,new,73,2023-03-15,2,2
thermal_cost_CNY,23,4505252.6764772171,800734.97368421056,299157.16562804673,-9.6082515228290111e-07,299157.1656270856,2026,new,313,2023-11-10,6,5.9999999999988001
thermal_cost_CNY,24,17985343.720355824,770284.23684210342,-268806.27298744395,-1.9511953328376555e-06,-268806.27298939601,2026,new,256,2023-09-14,23,22.999999999997467
thermal_cost_CNY,25,538863.27003941766,538863.27003941766,0,-1.1965168190451296e-10,-1.1641532182693481e-10,2026,new,92,2023-04-03,1,0.99999999999999978
thermal_cost_CNY,26,7057600.9716602992,724514.73684210517,187546.39676075242,0,187546.39676075242,2026,new,96,2023-04-07,10,10
thermal_cost_CNY,27,462482.99999999627,462482.99999999627,0,0,0,2026,new,186,2023-07-06,1,1
thermal_cost_CNY,28,10475698.815900229,737063.52309209993,-156809.49261083081,2.0424890152946701e-07,-156809.49261062592,2026,new,292,2023-10-20,14,14.000000000000277
thermal_cost_CNY,29,2696607.1786703495,683111.02631578548,35836.926592792384,0,35836.926592792384,2026,new,354,2023-12-21,4,4
thermal_cost_CNY,30,1861363.734241958,627219.01033591689,20293.296765792649,1.8829384761923853e-07,20293.296765981009,2026,new,125,2023-05-06,3,3.0000000000003002
thermal_cost_CNY,31,10571376.091605647,772823.20858980378,-524674.37993819825,-4.0086045932991735e-07,-524674.37993859872,2026,new,95,2023-04-06,13,12.999999999999481
thermal_cost_CNY,32,461099.74749999586,461099.74749999586,0,0,0,2026,new,122,2023-05-03,1,1
thermal_cost_CNY,33,16749727.706342231,746239.23684210528,413774.74102618918,1234421.0627382691,1648195.8037644587,2026,new,288,2023-10-16,23,24.65418943657
thermal_cost_CNY,34,2980917.9473684207,738171.73684210517,-28231,-3.2781410334785884e-10,-28231.000000000466,2026,new,239,2023-08-28,4,3.9999999999999996
thermal_cost_CNY,35,2446497.8453432089,628194.23915900069,66279.111292793881,0,66279.111292793881,2026,new,93,2023-04-04,4,4
thermal_cost_CNY,36,3827297.3130193716,635263.46675900009,-15716.512465370819,-7.6283531230296135e-07,-15716.512466134038,2026,new,105,2023-04-16,6,5.9999999999987992
thermal_cost_CNY,37,470384.98684209964,470384.98684209964,0,0,0,2026,new,91,2023-04-02,1,1
thermal_cost_CNY,38,17277240.47368421,871683.47368421045,156429,0,156429,2026,new,263,2023-09-21,20,20
thermal_cost_CNY,39,2567896.7922437517,700164.96052631014,232763.04986148886,0,232763.04986148886,2026,new,23,2023-01-24,4,4
thermal_cost_CNY,40,14809023.271945456,792390.47746709955,246395.7999294363,-4.5042183811977996e-07,246395.79992898554,2026,new,271,2023-09-29,19,18.999999999999432
thermal_cost_CNY,41,6910813.3386057429,793417.92146759562,229947.95460261777,7.1456242910995905e-07,229947.95460333209,2026,new,202,2023-07-22,9,9.0000000000009006
thermal_cost_CNY,42,6601028.0775623173,828693.22576177213,28517.728531859815,-2.8550636236882458,28514.873468236066,2026,new,21,2023-01-22,8,7.9999965547399992
thermal_cost_CNY,43,1334432.9005920996,729090.40059210337,123747.90059210709,0,123747.90059210709,2026,new,308,2023-11-05,2,2
thermal_cost_CNY,44,14667491.999999974,761824.73684210517,-192821.99999997579,-4.3575377131183379e-07,-192822.00000041164,2026,new,224,2023-08-13,19,18.999999999999428
thermal_cost_CNY,45,2146204.1398891881,701039.044321327,-43087.006925207097,-0.00324710490579294,-43087.010172312148,2026,new,364,2023-12-31,3,2.999999995368154
thermal_cost_CNY,46,683595.34487534559,683595.34487534559,0,0,0,2026,new,123,2023-05-04,1,1
thermal_cost_CNY,47,3386260.0782548264,681151.99584487325,19499.900969539769,0,19499.900969539769,2026,new,133,2023-05-14,5,5
curtailment_cost_CNY,0,217883.56656001712,46112.517500001231,58791.538439990254,-5.5331749087007924e-08,58791.538439934957,2026,new,26,2023-01-27,6,5.9999999999988001
curtailment_cost_CNY,1,30214.133977365622,0,-30214.133977365622,0,-30214.133977365622,2026,new,87,2023-03-29,19,19.000000010892101
curtailment_cost_CNY,2,489797.57393354631,68741.840000004449,-8604.6939335151692,1.4433406448689335e-07,-8604.6939333708142,2026,new,97,2023-04-08,7,7.0000000000020997
curtailment_cost_CNY,3,16962.615789474185,0,-16962.615789474185,0,-16962.615789474185,2026,new,140,2023-05-21,4,4.0000208786612452
curtailment_cost_CNY,4,152810.27096954334,38661.313019393689,1834.9811080314103,0,1834.9811080314103,2026,new,344,2023-12-11,4,4
curtailment_cost_CNY,5,474547.93905818614,149097.18005540635,-27256.398891967081,4.4693402995132599e-08,-27256.398891922378,2026,new,326,2023-11-23,3,3.0000000000002998
curtailment_cost_CNY,6,54821.157894739372,54821.157894739372,0,1.2172742346270165e-11,1.4551915228366852e-11,2026,new,332,2023-11-29,1,1.0000000000000002
curtailment_cost_CNY,7,2368.8750000001364,0,-2368.8750000001364,0,-2368.8750000001364,2026,new,167,2023-06-17,3,3.0000000000003002
curtailment_cost_CNY,8,37887.715000001001,0,-37887.715000001001,0,-37887.715000001001,2026,new,152,2023-06-02,2,2
curtailment_cost_CNY,9,7593.4736842105394,4213.1578947368462,5045.9999999999982,1.2648081412623337e-09,5046.0000000012642,2026,new,31,2023-02-01,3,3.0000000000003002
curtailment_cost_CNY,10,634550.05309534236,38434.891966763171,-58026.673593894811,92311.058890041895,34284.385296147084,2026,new,24,2023-01-25,15,17.401751485859997
curtailment_cost_CNY,11,0,0,0,0,0,2026,new,75,2023-03-17,4,4.0000000000000009
curtailment_cost_CNY,12,70841.180055406308,70841.180055406308,0,-7.8649509189128506e-12,-1.4551915228366852e-11,2026,new,13,2023-01-14,1,0.99999999999999989
curtailment_cost_CNY,13,53205.57190443467,1140.7053947359434,-44079.928746547121,0,-44079.928746547121,2026,new,352,2023-12-19,8,8
curtailment_cost_CNY,14,714887.76011082111,194339.18005540632,62468.960110804182,-8.6303932913714442e-11,62468.960110804066,2026,new,106,2023-04-17,4,3.9999999999999996
curtailment_cost_CNY,15,1543717.4430264137,70826.538947372857,156119.49171053478,-353875.69189190451,-197756.20018136967,2026,new,176,2023-06-26,24,19.003628623518519
curtailment_cost_CNY,16,0,0,0,-0,0,2026,new,205,2023-07-25,18,17.999999999998558
curtailment_cost_CNY,17,0,0,0,-0,0,2026,new,25,2023-01-26,5,4.9999999999999991
curtailment_cost_CNY,18,320360.32233093999,13996.750000001759,-96412.322330911848,0,-96412.322330911848,2026,new,211,2023-07-31,16,16
curtailment_cost_CNY,19,731776.14964106679,108993.18005540631,249162.47085758997,102498.60500436526,351661.07586195529,2026,new,99,2023-04-10,9,9.9404130143946663
curtailment_cost_CNY,20,5829.0000000000728,0,-5829.0000000000728,0,-5829.0000000000728,2026,new,42,2023-02-12,2,2.0000000000000004
curtailment_cost_CNY,21,30362.000000001466,30362.000000001466,0,-3.3708591473670631e-12,-3.637978807091713e-12,2026,new,74,2023-03-16,1,0.99999999999999989
curtailment_cost_CNY,22,113938.04986150254,54007.157894740434,-5923.7340720216744,0,-5923.7340720216744,2026,new,73,2023-03-15,2,2
curtailment_cost_CNY,23,55628.34982943489,0,-55628.34982943489,-0,-55628.34982943489,2026,new,313,2023-11-10,6,5.9999999999988001
curtailment_cost_CNY,24,390731.79419670778,13960.430000001617,-69641.90419667057,-3.5362953774158089e-08,-69641.90419670596,2026,new,256,2023-09-14,23,22.999999999997467
curtailment_cost_CNY,25,54805.005000003381,54805.005000003381,0,-1.2169155683140116e-11,-1.4551915228366852e-11,2026,new,92,2023-04-03,1,0.99999999999999978
curtailment_cost_CNY,26,877081.39515745209,86448.585000004256,-12595.545157409506,0,-12595.545157409506,2026,new,96,2023-04-07,10,10
curtailment_cost_CNY,27,165168.75900277472,165168.75900277472,0,0,0,2026,new,186,2023-07-06,1,1
curtailment_cost_CNY,28,702279.57348906272,60065.136966762155,138632.34404560749,1.664475023022564e-08,138632.34404562414,2026,new,292,2023-10-20,14,14.000000000000277
curtailment_cost_CNY,29,154439.15275624377,58664.822894739402,80220.138822713838,0,80220.138822713838,2026,new,354,2023-12-21,4,4
curtailment_cost_CNY,30,0,0,0,0,0,2026,new,125,2023-05-06,3,3.0000000000003002
curtailment_cost_CNY,31,27605.886845565648,12773.591333772198,138450.8004934729,-6.6256132481994032e-09,138450.80049346632,2026,new,95,2023-04-06,13,12.999999999999481
curtailment_cost_CNY,32,102127.97894737325,102127.97894737325,0,0,0,2026,new,122,2023-05-03,1,1
curtailment_cost_CNY,33,1346268.5506599275,61556.891966763178,69539.96457562549,101826.76043950036,171366.72501512594,2026,new,288,2023-10-16,23,24.65418943657
curtailment_cost_CNY,34,260396.74511081932,46407.180055406323,-74768.024889194028,-2.0608927922174979e-11,-74768.024889194057,2026,new,239,2023-08-28,4,3.9999999999999996
curtailment_cost_CNY,35,23867.024930750533,0,-23867.024930750533,0,-23867.024930750533,2026,new,93,2023-04-04,4,4
curtailment_cost_CNY,36,555037.01811636938,103259.18005540632,64518.062216068618,-1.2399540188826327e-07,64518.062215944519,2026,new,105,2023-04-16,6,5.9999999999987992
curtailment_cost_CNY,37,106243.41250000188,106243.41250000188,0,0,0,2026,new,91,2023-04-02,1,1
curtailment_cost_CNY,38,0,0,0,0,0,2026,new,263,2023-09-21,20,20
curtailment_cost_CNY,39,449524.84352494631,88265.891966762108,-96461.275657897873,0,-96461.275657897873,2026,new,23,2023-01-24,4,4
curtailment_cost_CNY,40,306944.94369092735,7574.5609259863268,-163028.28609718714,-4.3056393940255059e-09,-163028.28609719145,2026,new,271,2023-09-29,19,18.999999999999432
curtailment_cost_CNY,41,28171.753970019632,9856.2406805448827,60534.41215488431,8.8766576756360675e-09,60534.412154893187,2026,new,202,2023-07-22,9,9.0000000000009006
curtailment_cost_CNY,42,0,0,0,-0,0,2026,new,21,2023-01-22,8,7.9999965547399992
curtailment_cost_CNY,43,8270.1300000005722,0,-8270.1300000005722,0,-8270.1300000005722,2026,new,308,2023-11-05,2,2
curtailment_cost_CNY,44,746456.37427983747,32582.891966763164,-127381.42691133742,-1.8636987443616949e-08,-127381.42691135604,2026,new,224,2023-08-13,19,18.999999999999428
curtailment_cost_CNY,45,27545.207756235781,15871.024930749467,20067.86703601262,-7.3512143624595625e-05,20067.866962500477,2026,new,364,2023-12-31,3,2.999999995368154
curtailment_cost_CNY,46,83141.313019393696,83141.313019393696,0,0,0,2026,new,123,2023-05-04,1,1
curtailment_cost_CNY,47,269810.67065098527,57383.157894740449,17105.118822716991,0,17105.118822716991,2026,new,133,2023-05-14,5,5
load_shedding_cost_CNY,0,10646949.499999251,1966399.9999998938,1151450.5000001118,-2.3595404741171113e-06,1151450.4999977518,2026,new,26,2023-01-27,6,5.9999999999988001
load_shedding_cost_CNY,1,27758348.749997854,1469518.7499998896,162507.50000004843,0.016006147297397043,162507.51600619778,2026,new,87,2023-03-29,19,19.000000010892101
load_shedding_cost_CNY,2,8170215.4999991208,1228505.9999998864,429326.50000008382,2.5794372717766581e-06,429326.50000266358,2026,new,97,2023-04-08,7,7.0000000000020997
load_shedding_cost_CNY,3,0,0,0,0,0,2026,new,140,2023-05-21,4,4.0000208786612452
load_shedding_cost_CNY,4,3083799.9999996806,648899.99999989371,-488200.00000010571,0,-488200.00000010571,2026,new,344,2023-12-11,4,4
load_shedding_cost_CNY,5,2574799.9999996806,778499.99999989348,-239300,2.3336332866105286e-07,-239299.9999997667,2026,new,326,2023-11-23,3,3.0000000000002998
load_shedding_cost_CNY,6,11799.999999893584,11799.999999893584,0,2.6201263380917403e-12,1.8189894035458565e-12,2026,new,332,2023-11-29,1,1.0000000000000002
load_shedding_cost_CNY,7,6975827.4999996573,2262799.9999998934,-187427.49999997765,6.7930230329690389e-07,-187427.49999929778,2026,new,167,2023-06-17,3,3.0000000000003002
load_shedding_cost_CNY,8,0,0,0,0,0,2026,new,152,2023-06-02,2,2
load_shedding_cost_CNY,9,988099.99999968079,252799.99999989371,-229699.99999999965,7.5891648521032871e-08,-229699.99999992375,2026,new,31,2023-02-01,3,3.0000000000003002
load_shedding_cost_CNY,10,14816246.499998191,834983.74999979674,-2291490.2500012405,2005423.4622309639,-286066.78777027689,2026,new,24,2023-01-25,15,17.401751485859997
load_shedding_cost_CNY,11,2276299.9999995744,589599.9999998936,82100,5.2366999625509933e-10,82100.000000000466,2026,new,75,2023-03-17,4,4.0000000000000009
load_shedding_cost_CNY,12,0,0,0,-0,0,2026,new,13,2023-01-14,1,0.99999999999999989
load_shedding_cost_CNY,13,5510699.9999991497,575799.99999989395,-904299.99999999814,0,-904299.99999999814,2026,new,352,2023-12-19,8,8
load_shedding_cost_CNY,14,1540899.9999995751,520799.99999989383,542300.00000000023,-2.3128166048986546e-10,542300,2026,new,106,2023-04-17,4,3.9999999999999996
load_shedding_cost_CNY,15,55144254.499997348,2306599.9999998929,214145.50000008196,-11524630.216991648,-11310484.716991566,2026,new,176,2023-06-26,24,19.003628623518519
load_shedding_cost_CNY,16,35111365.999998011,1893599.9999998938,-1026565.999999918,-2.7313319606035579e-06,-1026566.0000026524,2026,new,205,2023-07-25,18,17.999999999998558
load_shedding_cost_CNY,17,879899.9999995738,285099.9999998936,545599.99999989418,-2.532196674564112e-10,545599.99999989395,2026,new,25,2023-01-26,5,4.9999999999999991
load_shedding_cost_CNY,18,27975001.499998227,1686994.9999998929,-983081.4999999404,0,-983081.4999999404,2026,new,211,2023-07-31,16,16
load_shedding_cost_CNY,19,4975021.7499991488,692999.99999989348,1261978.2499998929,651706.21897540358,1913684.4689752962,2026,new,99,2023-04-10,9,9.9404130143946663
load_shedding_cost_CNY,20,93399.999999893611,0,-93399.999999893611,0,-93399.999999893611,2026,new,42,2023-02-12,2,2.0000000000000004
load_shedding_cost_CNY,21,0,0,0,-0,0,2026,new,74,2023-03-16,1,0.99999999999999989
load_shedding_cost_CNY,22,0,0,0,0,0,2026,new,73,2023-03-15,2,2
load_shedding_cost_CNY,23,5096968.9999992643,809396.24999982328,-240591.5000003241,-9.7121806930090435e-07,-240591.50000129547,2026,new,313,2023-11-10,6,5.9999999999988001
load_shedding_cost_CNY,24,48098272.999997295,2073999.9999998934,-396272.99999974668,-5.2536179850901162e-06,-396273.00000499934,2026,new,256,2023-09-14,23,22.999999999997467
load_shedding_cost_CNY,25,0,0,0,-0,0,2026,new,92,2023-04-03,1,0.99999999999999978
load_shedding_cost_CNY,26,9564986.9999989197,870018.74999988952,-864799.50000002421,0,-864799.50000002421,2026,new,96,2023-04-07,10,10
load_shedding_cost_CNY,27,0,0,0,0,0,2026,new,186,2023-07-06,1,1
load_shedding_cost_CNY,28,18507271.999998271,1279199.9999998938,-598471.99999975786,3.5448124435785543e-07,-598471.99999940395,2026,new,292,2023-10-20,14,14.000000000000277
load_shedding_cost_CNY,29,2509699.9999995753,650199.99999989371,91099.999999999534,0,91099.999999999534,2026,new,354,2023-12-21,4,4
load_shedding_cost_CNY,30,0,0,0,0,0,2026,new,125,2023-05-06,3,3.0000000000003002
load_shedding_cost_CNY,31,39500899.999998607,3043599.9999998934,65900.000000007451,-1.5787037455083366e-06,65899.999998427927,2026,new,95,2023-04-06,13,12.999999999999481
load_shedding_cost_CNY,32,0,0,0,0,0,2026,new,122,2023-05-03,1,1
load_shedding_cost_CNY,33,27017543.749997389,1133610.9999998619,-944490.75000056252,1875207.3413793263,930716.59137876332,2026,new,288,2023-10-16,23,24.65418943657
load_shedding_cost_CNY,34,7669379.9999995697,1902599.9999998934,-58979.999999996275,-8.4492413066068178e-10,-58979.999999997206,2026,new,239,2023-08-28,4,3.9999999999999996
load_shedding_cost_CNY,35,8499.9999998937401,0,-8499.9999998937401,0,-8499.9999998937401,2026,new,93,2023-04-04,4,4
load_shedding_cost_CNY,36,318790.74999967054,53899.999999894055,4609.2499996937695,-6.4724048342996059e-08,4609.2499996290426,2026,new,105,2023-04-16,6,5.9999999999987992
load_shedding_cost_CNY,37,0,0,0,0,0,2026,new,91,2023-04-02,1,1
load_shedding_cost_CNY,38,52673730.99999772,2741299.9999998924,2152269.0000001267,0,2152269.0000001267,2026,new,263,2023-09-21,20,20
load_shedding_cost_CNY,39,1173099.9999997872,432799.9999998936,558099.99999978719,0,558099.99999978719,2026,new,23,2023-01-24,4,4
load_shedding_cost_CNY,40,26142419.249997739,1255499.9999998936,-2287919.2499997616,-7.1366912379738417e-07,-2287919.2500004731,2026,new,271,2023-09-29,19,18.999999999999432
load_shedding_cost_CNY,41,15117163.749998992,1535097.2499998796,-1301288.5000000764,1.3825284130851738e-06,-1301288.4999986924,2026,new,202,2023-07-22,9,9.0000000000009006
load_shedding_cost_CNY,42,5123663.999998996,742299.99999989406,814736.00000015646,-2.5574164986268757,814733.4425836578,2026,new,21,2023-01-22,8,7.9999965547399992
load_shedding_cost_CNY,43,1359199.9999998938,1359199.9999998938,1359199.9999998938,0,1359199.9999998938,2026,new,308,2023-11-05,2,2
load_shedding_cost_CNY,44,46365951.749997891,2505899.9999998929,1246148.2500000745,-1.433341978440633e-06,1246148.2499986365,2026,new,224,2023-08-13,19,18.999999999999428
load_shedding_cost_CNY,45,2536299.9999996806,723899.99999989325,-364600.00000000093,-0.0033529933323168167,-364600.0033529941,2026,new,364,2023-12-31,3,2.999999995368154
load_shedding_cost_CNY,46,615147.74999988836,615147.74999988836,0,0,0,2026,new,123,2023-05-04,1,1
load_shedding_cost_CNY,47,917099.99999957485,224699.99999989368,206399.9999998936,0,206399.9999998936,2026,new,133,2023-05-14,5,5
storage_variable_om_CNY,0,5800.1864831265975,1073.6258750003281,641.56876687537078,-1.2882748708923969e-09,641.56876687408294,2026,new,26,2023-01-27,6,5.9999999999988001
storage_variable_om_CNY,1,8260.7267450403106,315.28125000011033,-2270.3829950382142,3.4340753580786949e-06,-2270.3829916041386,2026,new,87,2023-03-29,19,19.000000010892101
storage_variable_om_CNY,2,6981.3412500021641,955.58600000033482,-292.23924999982046,2.0063997610016241e-09,-292.23924999781411,2026,new,97,2023-04-08,7,7.0000000000020997
storage_variable_om_CNY,3,1083.7631250003087,64.899999999999935,-824.16312500030904,0.0013550251148152434,-824.16176997519415,2026,new,140,2023-05-21,4,4.0000208786612452
storage_variable_om_CNY,4,3120.5397742388841,708.80000000010682,-285.33977423845681,0,-285.33977423845681,2026,new,344,2023-12-11,4,4
storage_variable_om_CNY,5,3226.5000000005716,1157.000000000106,244.49999999974625,3.4682257066268439e-10,244.50000000009322,2026,new,326,2023-11-23,3,3.0000000000002998
storage_variable_om_CNY,6,817.00000000028604,817.00000000028604,0,1.8141044222381409e-13,2.2737367544323206e-13,2026,new,332,2023-11-29,1,1.0000000000000002
storage_variable_om_CNY,7,1144.9162500004011,304.00000000010641,-232.91625000008185,9.1262108981059218e-11,-232.91624999999055,2026,new,167,2023-06-17,3,3.0000000000003002
storage_variable_om_CNY,8,1368.3047500002292,402.91900000001959,-562.46675000019002,0,-562.46675000019002,2026,new,152,2023-06-02,2,2
storage_variable_om_CNY,9,1685.8506567022951,474.31090670187132,-262.9179365966811,1.4239017650761855e-10,-262.91793659653877,2026,new,31,2023-02-01,3,3.0000000000003002
storage_variable_om_CNY,10,13670.262006902143,1132.6162500002565,3318.9817431017036,2720.2627613472937,6039.2445044489978,2026,new,24,2023-01-25,15,17.401751485859997
storage_variable_om_CNY,11,1232.6000000004256,304.70000000010634,-13.800000000000182,2.7062796448272261e-13,-13.799999999999955,2026,new,75,2023-03-17,4,4.0000000000000009
storage_variable_om_CNY,12,843.33300000008524,843.33300000008524,0,-9.3628771402630177e-14,-1.1368683772161603e-13,2026,new,13,2023-01-14,1,0.99999999999999989
storage_variable_om_CNY,13,4706.7382550933671,768.07737500022085,1437.8807449083997,0,1437.8807449083997,2026,new,352,2023-12-19,8,8
storage_variable_om_CNY,14,4460.4094736851666,1057.4000000001067,-230.80947368473971,-4.6957993049550361e-13,-230.80947368474062,2026,new,106,2023-04-17,4,3.9999999999999996
storage_variable_om_CNY,15,21825.307125006264,934.64800000032733,606.24487500159012,-4669.8485142872987,-4063.6036392857059,2026,new,176,2023-06-26,24,19.003628623518519
storage_variable_om_CNY,16,5686.4340000019911,304.00000000010641,-214.43400000007568,-4.3849013309242652e-10,-214.43400000051406,2026,new,205,2023-07-25,18,17.999999999998558
storage_variable_om_CNY,17,1801.6262500004379,445.20000000010634,424.37375000009365,-3.954170324505902e-13,424.3737500000932,2026,new,25,2023-01-26,5,4.9999999999999991
storage_variable_om_CNY,18,11664.444105627064,708.84250000024838,-322.96410562309029,0,-322.96410562309029,2026,new,211,2023-07-31,16,16
storage_variable_om_CNY,19,8773.6683456269875,1069.2000000001067,849.1316543739722,1005.4895949908775,1854.6212493648509,2026,new,99,2023-04-10,9,9.9404130143946663
storage_variable_om_CNY,20,683.11800000017161,122.83025000004261,-437.45750000008638,5.4547588668204577e-14,-437.45750000008633,2026,new,42,2023-02-12,2,2.0000000000000004
storage_variable_om_CNY,21,443.10000000007312,443.10000000007312,0,-4.9193982221148805e-14,-5.6843418860808015e-14,2026,new,74,2023-03-16,1,0.99999999999999989
storage_variable_om_CNY,22,1516.2000000002863,665.00000000023283,-186.19999999982065,0,-186.19999999982065,2026,new,73,2023-03-15,2,2
storage_variable_om_CNY,23,3920.6132003953453,503.90375000017656,-897.19070039428607,-6.046487455171232e-10,-897.19070039489043,2026,new,313,2023-11-10,6,5.9999999999988001
storage_variable_om_CNY,24,17492.271003467973,686.82150000024023,-1695.3765034624485,-1.7397771383548788e-09,-1695.3765034641874,2026,new,256,2023-09-14,23,22.999999999997467
storage_variable_om_CNY,25,800.15353515134484,800.15353515134484,0,-1.7766977559204752e-13,-2.2737367544323206e-13,2026,new,92,2023-04-03,1,0.99999999999999978
storage_variable_om_CNY,26,10205.741116252138,921.11050000032208,-994.63611624891746,0,-994.63611624891746,2026,new,96,2023-04-07,10,10
storage_variable_om_CNY,27,904.00000000010641,904.00000000010641,0,0,0,2026,new,186,2023-07-06,1,1
storage_variable_om_CNY,28,14057.467551878512,1143.1755000002604,1946.989448125134,3.1678726841740113e-10,1946.9894481254505,2026,new,292,2023-10-20,14,14.000000000000277
storage_variable_om_CNY,29,3575.3972500009859,979.48325000028774,342.53575000016508,0,342.53575000016508,2026,new,354,2023-12-21,4,4
storage_variable_om_CNY,30,311.20956875339579,31.871231696820978,-215.59587366293286,9.5678809884041011e-12,-215.59587366292328,2026,new,125,2023-05-06,3,3.0000000000003002
storage_variable_om_CNY,31,5487.4088314736673,579.29888337733769,2043.4766524317229,-3.0048012779492445e-10,2043.4766524314218,2026,new,95,2023-04-06,13,12.999999999999481
storage_variable_om_CNY,32,1018.9415000003568,1018.9415000003568,0,0,0,2026,new,122,2023-05-03,1,1
storage_variable_om_CNY,33,22279.855231840866,945.88900000019134,-524.40823183646353,1564.6795919680776,1040.2713601316136,2026,new,288,2023-10-16,23,24.65418943657
storage_variable_om_CNY,34,3378.8392500007631,904.00000000010652,237.16074999966304,-4.0145664570450391e-13,237.16074999966258,2026,new,239,2023-08-28,4,3.9999999999999996
storage_variable_om_CNY,35,903.30708344307652,48.196583442847242,-710.52074967168755,0,-710.52074967168755,2026,new,93,2023-04-04,4,4
storage_variable_om_CNY,36,5802.7662500007973,1099.9000000001065,796.63374999984171,-1.3207788640558106e-09,796.63374999852113,2026,new,105,2023-04-16,6,5.9999999999987992
storage_variable_om_CNY,37,709.97062500020047,709.97062500020047,0,0,0,2026,new,91,2023-04-02,1,1
storage_variable_om_CNY,38,6487.5690000022714,304.00000000010641,-407.56900000014321,0,-407.56900000014321,2026,new,263,2023-09-21,20,20
storage_variable_om_CNY,39,3866.7506250006891,1160.000000000266,773.24937500037504,0,773.24937500037504,2026,new,23,2023-01-24,4,4
storage_variable_om_CNY,40,14000.530563631182,685.89890156270701,-968.45143393974831,-3.8988838557697081e-10,-968.4514339401394,2026,new,271,2023-09-29,19,18.999999999999432
storage_variable_om_CNY,41,4049.5473607110043,524.54861070977165,671.39013567694019,4.724152547017266e-10,671.39013567741313,2026,new,202,2023-07-22,9,9.0000000000009006
storage_variable_om_CNY,42,3535.6360000010054,352.20000000010634,-718.03600000015467,-0.001213420572297974,-718.03721342072686,2026,new,21,2023-01-22,8,7.9999965547399992
storage_variable_om_CNY,43,839.07325000029414,454.06675000015929,69.060250000024439,0,69.060250000024439,2026,new,308,2023-11-05,2,2
storage_variable_om_CNY,44,16213.834000004415,856.00000000015962,50.165999998616826,-4.8962078835766114e-10,50.165999998127518,2026,new,224,2023-08-13,19,18.999999999999428
storage_variable_om_CNY,45,1970.3000000004795,714.0000000001595,171.69999999999891,-3.3071380567413936e-06,171.69999669286108,2026,new,364,2023-12-31,3,2.999999995368154
storage_variable_om_CNY,46,770.85225000012201,770.85225000012201,0,0,0,2026,new,123,2023-05-04,1,1
storage_variable_om_CNY,47,5035.0652500012693,965.70000000028585,-206.56524999983958,0,-206.56524999983958,2026,new,133,2023-05-14,5,5
storage_investment_allocated_CNY,0,60180.935821664985,10030.155970277498,0,-1.2035475474765267e-08,-1.2034433893859386e-08,2026,new,26,2023-01-27,6,5.9999999999988001
storage_investment_allocated_CNY,1,190572.96343527245,10030.155970277498,0,0.00010924947631742707,0.00010924946400336921,2026,new,87,2023-03-29,19,19.000000010892101
storage_investment_allocated_CNY,2,70211.091791942483,10030.155970277498,0,2.105985493881946e-08,2.1056621335446835e-08,2026,new,97,2023-04-08,7,7.0000000000020997
storage_investment_allocated_CNY,3,40120.62388110999,10030.155970277498,0,0.20941622874021693,0.20941622873942833,2026,new,140,2023-05-21,4,4.0000208786612452
storage_investment_allocated_CNY,4,40120.62388110999,10030.155970277498,0,0,0,2026,new,344,2023-12-11,4,4
storage_investment_allocated_CNY,5,30090.467910832493,10030.155970277498,0,3.00664172667156e-09,3.0049704946577549e-09,2026,new,326,2023-11-23,3,3.0000000000002998
storage_investment_allocated_CNY,6,10030.155970277498,10030.155970277498,0,2.227142019756711e-12,1.8189894035458565e-12,2026,new,332,2023-11-29,1,1.0000000000000002
storage_investment_allocated_CNY,7,30090.467910832493,10030.155970277498,0,3.0110960107110733e-09,3.0122464522719383e-09,2026,new,167,2023-06-17,3,3.0000000000003002
storage_investment_allocated_CNY,8,20060.311940554995,10030.155970277498,0,0,0,2026,new,152,2023-06-02,2,2
storage_investment_allocated_CNY,9,30090.467910832493,10030.155970277498,0,3.0110960107110733e-09,3.0122464522719383e-09,2026,new,31,2023-02-01,3,3.0000000000003002
storage_investment_allocated_CNY,10,150452.33955416246,10030.155970277498,0,24089.942005021498,24089.942005021498,2026,new,24,2023-01-25,15,17.401751485859997
storage_investment_allocated_CNY,11,40120.62388110999,10030.155970277498,0,8.908568079026844e-12,7.2759576141834259e-12,2026,new,75,2023-03-17,4,4.0000000000000009
storage_investment_allocated_CNY,12,10030.155970277498,10030.155970277498,0,-1.1135710098783555e-12,-1.8189894035458565e-12,2026,new,13,2023-01-14,1,0.99999999999999989
storage_investment_allocated_CNY,13,80241.24776221998,10030.155970277498,0,0,0,2026,new,352,2023-12-19,8,8
storage_investment_allocated_CNY,14,40120.62388110999,10030.155970277498,0,-4.454284039513422e-12,-7.2759576141834259e-12,2026,new,106,2023-04-17,4,3.9999999999999996
storage_investment_allocated_CNY,15,240723.74328665994,10030.155970277498,0,-50114.38419153932,-50114.384191539313,2026,new,176,2023-06-26,24,19.003628623518519
storage_investment_allocated_CNY,16,180542.80746499496,10030.155970277498,0,-1.4467514560339595e-08,-1.4464603736996651e-08,2026,new,205,2023-07-25,18,17.999999999998558
storage_investment_allocated_CNY,17,50150.779851387488,10030.155970277498,0,-8.908568079026844e-12,-7.2759576141834259e-12,2026,new,25,2023-01-26,5,4.9999999999999991
storage_investment_allocated_CNY,18,160482.49552443996,10030.155970277498,0,0,0,2026,new,211,2023-07-31,16,16
storage_investment_allocated_CNY,19,90271.403732497478,10030.155970277498,0,9432.4892108573204,9432.4892108573258,2026,new,99,2023-04-10,9,9.9404130143946663
storage_investment_allocated_CNY,20,20060.311940554995,10030.155970277498,0,4.454284039513422e-12,3.637978807091713e-12,2026,new,42,2023-02-12,2,2.0000000000000004
storage_investment_allocated_CNY,21,10030.155970277498,10030.155970277498,0,-1.1135710098783555e-12,-1.8189894035458565e-12,2026,new,74,2023-03-16,1,0.99999999999999989
storage_investment_allocated_CNY,22,20060.311940554995,10030.155970277498,0,0,0,2026,new,73,2023-03-15,2,2
storage_investment_allocated_CNY,23,60180.935821664985,10030.155970277498,0,-1.2035475474765267e-08,-1.2034433893859386e-08,2026,new,313,2023-11-10,6,5.9999999999988001
storage_investment_allocated_CNY,24,230693.58731638244,10030.155970277498,0,-2.5407236161384558e-08,-2.5407643988728523e-08,2026,new,256,2023-09-14,23,22.999999999997467
storage_investment_allocated_CNY,25,10030.155970277498,10030.155970277498,0,-2.227142019756711e-12,-1.8189894035458565e-12,2026,new,92,2023-04-03,1,0.99999999999999978
storage_investment_allocated_CNY,26,100301.55970277498,10030.155970277498,0,0,0,2026,new,96,2023-04-07,10,10
storage_investment_allocated_CNY,27,10030.155970277498,10030.155970277498,0,0,0,2026,new,186,2023-07-06,1,1
storage_investment_allocated_CNY,28,140422.18358388497,10030.155970277498,0,2.7794732406563753e-09,2.7939677238464355e-09,2026,new,292,2023-10-20,14,14.000000000000277
storage_investment_allocated_CNY,29,40120.62388110999,10030.155970277498,0,0,0,2026,new,354,2023-12-21,4,4
storage_investment_allocated_CNY,30,30090.467910832493,10030.155970277498,0,3.0110960107110733e-09,3.0122464522719383e-09,2026,new,125,2023-05-06,3,3.0000000000003002
storage_investment_allocated_CNY,31,130392.02761360747,10030.155970277498,0,-5.2026037581516769e-09,-5.2095856517553329e-09,2026,new,95,2023-04-06,13,12.999999999999481
storage_investment_allocated_CNY,32,10030.155970277498,10030.155970277498,0,0,0,2026,new,122,2023-05-03,1,1
storage_investment_allocated_CNY,33,230693.58731638244,10030.155970277498,0,16591.778053182559,16591.778053182556,2026,new,288,2023-10-16,23,24.65418943657
storage_investment_allocated_CNY,34,40120.62388110999,10030.155970277498,0,-4.454284039513422e-12,-7.2759576141834259e-12,2026,new,239,2023-08-28,4,3.9999999999999996
storage_investment_allocated_CNY,35,40120.62388110999,10030.155970277498,0,0,0,2026,new,93,2023-04-04,4,4
storage_investment_allocated_CNY,36,60180.935821664985,10030.155970277498,0,-1.2044384042844293e-08,-1.204170985147357e-08,2026,new,105,2023-04-16,6,5.9999999999987992
storage_investment_allocated_CNY,37,10030.155970277498,10030.155970277498,0,0,0,2026,new,91,2023-04-02,1,1
storage_investment_allocated_CNY,38,200603.11940554995,10030.155970277498,0,0,0,2026,new,263,2023-09-21,20,20
storage_investment_allocated_CNY,39,40120.62388110999,10030.155970277498,0,0,0,2026,new,23,2023-01-24,4,4
storage_investment_allocated_CNY,40,190572.96343527245,10030.155970277498,0,-5.7014835705771802e-09,-5.7043507695198059e-09,2026,new,271,2023-09-29,19,18.999999999999432
storage_investment_allocated_CNY,41,90271.403732497478,10030.155970277498,0,9.0332880321332203e-09,9.036739356815815e-09,2026,new,202,2023-07-22,9,9.0000000000009006
storage_investment_allocated_CNY,42,80241.24776221998,10030.155970277498,0,-0.034556495166633693,-0.034556495171273127,2026,new,21,2023-01-22,8,7.9999965547399992
storage_investment_allocated_CNY,43,20060.311940554995,10030.155970277498,0,0,0,2026,new,308,2023-11-05,2,2
storage_investment_allocated_CNY,44,190572.96343527245,10030.155970277498,0,-5.7371178428932876e-09,-5.7334545999765396e-09,2026,new,224,2023-08-13,19,18.999999999999428
storage_investment_allocated_CNY,45,30090.467910832493,10030.155970277498,0,-4.6458137989284598e-05,-4.6458138967864215e-05,2026,new,364,2023-12-31,3,2.999999995368154
storage_investment_allocated_CNY,46,10030.155970277498,10030.155970277498,0,0,0,2026,new,123,2023-05-04,1,1
storage_investment_allocated_CNY,47,50150.779851387488,10030.155970277498,0,0,0,2026,new,133,2023-05-14,5,5
storage_fixed_om_CNY,0,12493.150684931506,2082.1917808219177,0,-2.4984823950994534e-09,-2.4992914404720068e-09,2026,new,26,2023-01-27,6,5.9999999999988001
storage_fixed_om_CNY,1,39561.643835616436,2082.1917808219177,0,2.2679444100504043e-05,2.2679443645756692e-05,2026,new,87,2023-03-29,19,19.000000010892101
storage_fixed_om_CNY,2,14575.342465753423,2082.1917808219177,0,4.3718818519726932e-09,4.372850526124239e-09,2026,new,97,2023-04-08,7,7.0000000000020997
storage_fixed_om_CNY,3,8328.767123287671,2082.1917808219177,0,0.043473376839377166,0.043473376839756384,2026,new,140,2023-05-21,4,4.0000208786612452
storage_fixed_om_CNY,4,8328.767123287671,2082.1917808219177,0,0,0,2026,new,344,2023-12-11,4,4
storage_fixed_om_CNY,5,6246.5753424657532,2082.1917808219177,0,6.2415825932351262e-10,6.2391336541622877e-10,2026,new,326,2023-11-23,3,3.0000000000002998
storage_fixed_om_CNY,6,2082.1917808219177,2082.1917808219177,0,4.6233945135075011e-13,4.5474735088646412e-13,2026,new,332,2023-11-29,1,1.0000000000000002
storage_fixed_om_CNY,7,6246.5753424657532,2082.1917808219177,0,6.250829382262141e-10,6.248228601180017e-10,2026,new,167,2023-06-17,3,3.0000000000003002
storage_fixed_om_CNY,8,4164.3835616438355,2082.1917808219177,0,0,0,2026,new,152,2023-06-02,2,2
storage_fixed_om_CNY,9,6246.5753424657532,2082.1917808219177,0,6.250829382262141e-10,6.248228601180017e-10,2026,new,31,2023-02-01,3,3.0000000000003002
storage_fixed_om_CNY,10,31232.876712328765,2082.1917808219177,0,5000.9072034345136,5000.9072034345118,2026,new,24,2023-01-25,15,17.401751485859997
storage_fixed_om_CNY,11,8328.767123287671,2082.1917808219177,0,1.8493578054030004e-12,1.8189894035458565e-12,2026,new,75,2023-03-17,4,4.0000000000000009
storage_fixed_om_CNY,12,2082.1917808219177,2082.1917808219177,0,-2.3116972567537505e-13,-4.5474735088646412e-13,2026,new,13,2023-01-14,1,0.99999999999999989
storage_fixed_om_CNY,13,16657.534246575342,2082.1917808219177,0,0,0,2026,new,352,2023-12-19,8,8
storage_fixed_om_CNY,14,8328.767123287671,2082.1917808219177,0,-9.2467890270150021e-13,-1.8189894035458565e-12,2026,new,106,2023-04-17,4,3.9999999999999996
storage_fixed_om_CNY,15,49972.602739726026,2082.1917808219177,0,-10403.403414043631,-10403.403414043627,2026,new,176,2023-06-26,24,19.003628623518519
storage_fixed_om_CNY,16,37479.452054794521,2082.1917808219177,0,-3.0033570759744727e-09,-3.0049704946577549e-09,2026,new,205,2023-07-25,18,17.999999999998558
storage_fixed_om_CNY,17,10410.95890410959,2082.1917808219177,0,-1.8493578054030004e-12,-3.637978807091713e-12,2026,new,25,2023-01-26,5,4.9999999999999991
storage_fixed_om_CNY,18,33315.068493150684,2082.1917808219177,0,0,0,2026,new,211,2023-07-31,16,16
storage_fixed_om_CNY,19,18739.726027397261,2082.1917808219177,0,1958.120249150538,1958.1202491505355,2026,new,99,2023-04-10,9,9.9404130143946663
storage_fixed_om_CNY,20,4164.3835616438355,2082.1917808219177,0,9.2467890270150021e-13,9.0949470177292824e-13,2026,new,42,2023-02-12,2,2.0000000000000004
storage_fixed_om_CNY,21,2082.1917808219177,2082.1917808219177,0,-2.3116972567537505e-13,-4.5474735088646412e-13,2026,new,74,2023-03-16,1,0.99999999999999989
storage_fixed_om_CNY,22,4164.3835616438355,2082.1917808219177,0,0,0,2026,new,73,2023-03-15,2,2
storage_fixed_om_CNY,23,12493.150684931506,2082.1917808219177,0,-2.4984823950994534e-09,-2.4992914404720068e-09,2026,new,313,2023-11-10,6,5.9999999999988001
storage_fixed_om_CNY,24,47890.410958904111,2082.1917808219177,0,-5.2743684610093568e-09,-5.2750692702829838e-09,2026,new,256,2023-09-14,23,22.999999999997467
storage_fixed_om_CNY,25,2082.1917808219177,2082.1917808219177,0,-4.6233945135075011e-13,-4.5474735088646412e-13,2026,new,92,2023-04-03,1,0.99999999999999978
storage_fixed_om_CNY,26,20821.917808219179,2082.1917808219177,0,0,0,2026,new,96,2023-04-07,10,10
storage_fixed_om_CNY,27,2082.1917808219177,2082.1917808219177,0,0,0,2026,new,186,2023-07-06,1,1
storage_fixed_om_CNY,28,29150.684931506847,2082.1917808219177,0,5.769996352857361e-10,5.7843863032758236e-10,2026,new,292,2023-10-20,14,14.000000000000277
storage_fixed_om_CNY,29,8328.767123287671,2082.1917808219177,0,0,0,2026,new,354,2023-12-21,4,4
storage_fixed_om_CNY,30,6246.5753424657532,2082.1917808219177,0,6.250829382262141e-10,6.248228601180017e-10,2026,new,125,2023-05-06,3,3.0000000000003002
storage_fixed_om_CNY,31,27068.493150684932,2082.1917808219177,0,-1.0800249583553523e-09,-1.0804797057062387e-09,2026,new,95,2023-04-06,13,12.999999999999481
storage_fixed_om_CNY,32,2082.1917808219177,2082.1917808219177,0,0,0,2026,new,122,2023-05-03,1,1
storage_fixed_om_CNY,33,47890.410958904111,2082.1917808219177,0,3444.3396487484938,3444.3396487484933,2026,new,288,2023-10-16,23,24.65418943657
storage_fixed_om_CNY,34,8328.767123287671,2082.1917808219177,0,-9.2467890270150021e-13,-1.8189894035458565e-12,2026,new,239,2023-08-28,4,3.9999999999999996
storage_fixed_om_CNY,35,8328.767123287671,2082.1917808219177,0,0,0,2026,new,93,2023-04-04,4,4
storage_fixed_om_CNY,36,12493.150684931506,2082.1917808219177,0,-2.5003317529048564e-09,-2.5011104298755527e-09,2026,new,105,2023-04-16,6,5.9999999999987992
storage_fixed_om_CNY,37,2082.1917808219177,2082.1917808219177,0,0,0,2026,new,91,2023-04-02,1,1
storage_fixed_om_CNY,38,41643.835616438359,2082.1917808219177,0,0,0,2026,new,263,2023-09-21,20,20
storage_fixed_om_CNY,39,8328.767123287671,2082.1917808219177,0,0,0,2026,new,23,2023-01-24,4,4
storage_fixed_om_CNY,40,39561.643835616436,2082.1917808219177,0,-1.1835889954579204e-09,-1.1859810911118984e-09,2026,new,271,2023-09-29,19,18.999999999999432
storage_fixed_om_CNY,41,18739.726027397261,2082.1917808219177,0,1.8752488146786423e-09,1.8735590856522322e-09,2026,new,202,2023-07-22,9,9.0000000000009006
storage_fixed_om_CNY,42,16657.534246575342,2082.1917808219177,0,-0.0071736920565539644,-0.0071736920581315644,2026,new,21,2023-01-22,8,7.9999965547399992
storage_fixed_om_CNY,43,4164.3835616438355,2082.1917808219177,0,0,0,2026,new,308,2023-11-05,2,2
storage_fixed_om_CNY,44,39561.643835616436,2082.1917808219177,0,-1.1909864266795323e-09,-1.1932570487260818e-09,2026,new,224,2023-08-13,19,18.999999999999428
storage_fixed_om_CNY,45,6246.5753424657532,2082.1917808219177,0,-9.6443917083876204e-06,-9.6443918664590456e-06,2026,new,364,2023-12-31,3,2.999999995368154
storage_fixed_om_CNY,46,2082.1917808219177,2082.1917808219177,0,0,0,2026,new,123,2023-05-04,1,1
storage_fixed_om_CNY,47,10410.95890410959,2082.1917808219177,0,0,0,2026,new,133,2023-05-14,5,5
