metric,cluster,Y00,Y10,Y01,Y11,delta,day_first,weight_after_day,weight_first,day_after_weight,interaction,day_average,weight_average,seed,old_day,new_day,old_weight,new_weight
renewable_available_MWh,0,3274.8300000003273,3633.6600000003637,3274.8300000003269,3633.6600000003632,358.83000000003585,358.83000000003631,-5.3788973275459285e-13,-4.8477222236442681e-13,358.83000000003625,-5.3117510390166046e-14,358.83000000003631,-5.1133097755950983e-13,42,43,344,3.0000000000003002,3.0000000000002998
renewable_available_MWh,1,7140.5000000000009,7379.5,7140.5000000000009,7379.5,238.99999999999909,238.99999999999977,0,0,238.99999999999977,0,238.99999999999977,0,42,211,163,10,10
renewable_available_MWh,2,3630.5971400009016,3630.5971400009016,3630.5977258950275,3630.5977258950275,0.00058589412583387457,0,0.00058589412610778881,0.00058589412610778881,0,0,0,0.00058589412610778881,42,1,1,11.999990547020001,11.999992483540002
renewable_available_MWh,3,18143.999999999996,22312.199999999993,18144,22312.199999999997,4168.2000000000007,4168.1999999999962,3.9634429072066265e-12,3.2230218494078146e-12,4168.1999999999971,7.4042105779881188e-13,4168.1999999999962,3.5932323783072205e-12,42,63,127,19.999999999999996,20
renewable_available_MWh,4,6225.6537770792884,5027.249096093874,4562.3100000004561,3684.0900000003694,-2541.563777078919,-1198.4046809854151,-1343.1590960935046,-1663.3437770788323,-878.22000000008723,320.18468098532782,-1038.3123404927512,-1503.2514365861684,42,12,347,4.0937510452463481,3.0000000000003002
renewable_available_MWh,5,4399.079999999999,4399.079999999999,4399.0800831103161,4399.0800831103161,8.311031706398353e-05,0,8.3110316856847003e-05,8.3110316856847003e-05,0,0,0,8.3110316856847003e-05,42,31,31,3.9999999999999996,4.0000000755706342
renewable_available_MWh,6,10629.299999999468,10797.449999999459,8505.9853636757962,8640.545630005854,-1988.7543699936141,168.14999999999043,-2156.9043699936046,-2123.314636323671,134.56026633005703,-33.589733669933374,151.35513316502374,-2140.1095031586378,42,302,209,14.999999999999249,12.003592000897232
renewable_available_MWh,7,3169.3199999999997,3169.3199999999997,3169.3199999999997,3169.3199999999997,0,0,0,0,0,0,0,0,42,187,187,1.9999999999999998,1.9999999999999998
renewable_available_MWh,8,2205.4799999999996,2205.4799999999996,2205.4799999999996,2205.4799999999996,0,0,0,0,0,0,0,0,42,179,179,1.9999999999999998,1.9999999999999998
renewable_available_MWh,9,11324.198755294899,12532.59862247301,11324.200000000001,12532.6,1208.4012447051009,1208.3998671781094,0.0013775269907299759,0.0012447051009706201,1208.3999999999992,0.00013282188975935575,1208.3999335890542,0.0013111160458502979,42,7,298,19.999997801690007,20
renewable_available_MWh,10,2431.2299999999996,2431.2299999999996,2431.2299999999996,2431.2299999999996,0,0,0,0,0,0,0,0,42,13,13,0.99999999999999989,0.99999999999999989
renewable_available_MWh,11,6369.1999999999998,6198.5500000000002,6369.1999999999998,6198.5500000000002,-170.64999999999964,-170.64999999999941,0,0,-170.64999999999941,-0,-170.64999999999941,0,42,183,189,5,5
renewable_available_MWh,12,8545.2448291110977,8545.2448291110977,17090.459999998631,17090.459999998631,8545.2151708875335,0,8545.2151708875317,8545.2151708875317,0,0,0,8545.2151708875317,42,228,228,9.0000156183039994,17.999999999998558
renewable_available_MWh,13,6766.1074749158443,7244.7149009731347,15978.27990666491,17108.519626814632,10342.412151898789,478.60742605729035,9863.8047258414954,9212.1724317490643,1130.2397201497204,651.6322940924299,804.4235731035053,9537.988578795279,42,363,33,14.909888662220899,35.209960129274812
renewable_available_MWh,14,16169.52,16169.52,8084.7599999999993,8084.7599999999993,-8084.7600000000011,0,-8084.7600000000002,-8084.7600000000002,0,-0,0,-8084.7600000000002,42,106,106,8,3.9999999999999996
renewable_available_MWh,15,2118.9299999999998,2118.9299999999998,2118.9299999999998,2118.9299999999998,0,0,0,0,0,0,0,0,42,91,91,1,1
renewable_available_MWh,16,4204.4400000000005,3933.9200000000001,4785.4191627148575,4477.5180886365915,273.07808863659102,-270.52000000000044,543.59808863659123,580.9791627148569,-307.90107407826611,-37.381074078265669,-289.21053703913327,562.28862567572401,42,238,93,4,4.5527291746009997
renewable_available_MWh,17,8751.12000000035,7752.2400000003099,8751.1200000003519,7752.2400000003117,-998.88000000003831,-998.88000000004001,2.2951240907786995e-12,2.5908519774020533e-12,-998.88000000004035,-2.9572788662335373e-13,-998.88000000004013,2.4429880340903764e-12,42,165,253,12.00000000000048,12.000000000000483
renewable_available_MWh,18,11884.4,11884.4,23373.145946060529,23373.145946060529,11488.74594606053,0,11488.745946060528,11488.745946060528,0,0,0,11488.745946060528,42,105,105,8,15.733664936259654
renewable_available_MWh,19,8060.7599999993517,9281.8799999992552,4030.40741526499,4640.9715683880695,-3419.7884316112822,1221.1199999999046,-4640.9084316111866,-4030.3525847343612,610.56415312307968,-610.55584687682483,915.84207656149215,-4335.6305081727733,42,86,173,17.999999999998554,9.0000612193849996
renewable_available_MWh,20,1624.0499999999997,1624.0499999999997,1624.0499999999997,1624.0499999999997,0,0,0,0,0,0,0,0,42,348,348,0.99999999999999989,0.99999999999999989
renewable_available_MWh,21,2303.8199999999997,2303.8199999999997,2303.8199999999997,2303.8199999999997,0,0,0,0,0,0,0,0,42,152,152,2,2
renewable_available_MWh,22,9314.239999999998,10524.399999999998,9314.2399999999998,10524.4,1210.1600000000017,1210.1599999999996,1.1684431200364997e-12,1.0340883704884618e-12,1210.1599999999999,1.3435474954803793e-13,1210.1599999999996,1.1012657452624807e-12,42,94,134,7.9999999999999991,8
renewable_available_MWh,23,4921.0500000004913,5640.8700000005638,4921.0500000004922,5640.8700000005647,719.82000000007338,719.82000000007213,8.3501650038897422e-13,7.2846173537755017e-13,719.82000000007224,1.0655476501142405e-13,719.82000000007213,7.817391178832622e-13,42,104,110,3.0000000000002998,3.0000000000003002
renewable_available_MWh,24,4904.2183509825154,4904.2183509825154,3835.4700000003832,3835.4700000003832,-1068.7483509821323,0,-1068.7483509821318,-1068.7483509821318,0,-0,0,-1068.7483509821318,42,125,125,3.8359458040207706,3.0000000000002998
renewable_available_MWh,25,4306.9199999999992,4259.7599999999993,4306.9199789760542,4259.7599792062629,-47.160020793736294,-47.159999999999847,-2.079373649807259e-05,-2.1023944916680469e-05,-47.159999769791426,2.3020841860787939e-07,-47.15999988489564,-2.0908840707376528e-05,42,315,354,3.9999999999999991,3.9999999804742639
renewable_available_MWh,26,3626.52,3626.52,3626.52,3626.52,0,0,0,0,0,0,0,0,42,92,92,1.9999999999999998,1.9999999999999998
renewable_available_MWh,27,2182.7999999999997,2182.7999999999997,2182.7999999999997,2182.7999999999997,0,0,0,0,0,0,0,0,42,345,345,4.9999999999999991,4.9999999999999991
renewable_available_MWh,28,7450.200000000299,9276.2400000003727,7450.2000000002981,9276.2400000003709,1826.0400000000718,1826.0400000000727,-1.3731593639931816e-12,-1.1028511437416455e-12,1826.0400000000725,-2.7030822025153604e-13,1826.0400000000725,-1.2380052538674135e-12,42,196,194,12.000000000000481,12.00000000000048
renewable_available_MWh,29,1734.3000000000002,1734.3000000000002,1734.3000000000002,1734.3000000000002,0,0,0,0,0,0,0,0,42,332,332,1,1
renewable_available_MWh,30,15736.639999999998,13782.879999999997,15736.640000000003,13782.880000000003,-1953.7599999999948,-1953.76,4.5906212164936732e-12,5.2413540174711668e-12,-1953.7600000000007,-6.5073280097749383e-13,-1953.7600000000002,4.91598761698242e-12,42,259,260,15.999999999999998,16.000000000000004
renewable_available_MWh,31,4312.9499999999998,5063.4000000000005,4312.9499999999989,5063.3999999999996,750.44999999999982,750.45000000000073,-8.9944052206192288e-13,-7.6613382304913095e-13,750.45000000000061,-1.3330669901279193e-13,750.45000000000061,-8.3278717255552691e-13,42,188,239,5,4.9999999999999991
renewable_available_MWh,32,2733.1599999999999,3110.7200000000003,2733.1599999999999,3110.7200000000003,377.5600000000004,377.5600000000004,0,0,377.5600000000004,0,377.5600000000004,0,42,262,51,4,4
renewable_available_MWh,33,4146.079999999999,5961.9199999999992,4146.0799999999999,5961.9200000000001,1815.8400000000011,1815.8399999999999,6.6190608549732134e-13,4.6030734779378689e-13,1815.8400000000001,2.0159873770353444e-13,1815.8399999999999,5.6110671664555412e-13,42,316,37,15.999999999999998,16
renewable_available_MWh,34,6818.2999999999993,6818.2999999999993,6818.2999999999993,6818.2999999999993,0,0,0,0,0,0,0,0,42,352,352,10,10
renewable_available_MWh,35,1187.1899999999998,1187.1899999999998,1187.1899999999998,1187.1899999999998,0,0,0,0,0,0,0,0,42,123,123,0.99999999999999989,0.99999999999999989
renewable_available_MWh,36,2292.0299999999993,2292.0299999999993,2292.0299999999993,2292.0299999999993,0,0,0,0,0,0,0,0,42,186,186,0.99999999999999989,0.99999999999999989
renewable_available_MWh,37,1943.5999999999999,1943.5999999999999,1943.5999999999999,1943.5999999999999,0,0,0,0,0,0,0,0,42,70,70,1,1
renewable_available_MWh,38,13616.349999999593,12384.199999999628,13616.349999999593,12384.199999999628,-1232.1499999999651,-1232.1499999999635,0,0,-1232.1499999999635,-0,-1232.1499999999635,0,42,27,45,18.999999999999432,18.999999999999432
renewable_available_MWh,39,6214.5599999993783,6214.5599999993783,6214.5599999993783,6214.5599999993783,0,0,0,0,0,0,0,0,42,275,275,21.999999999997797,21.999999999997797
renewable_available_MWh,40,1656.4799999999998,2306.4399999999996,1656.4800000000005,2306.4400000000005,649.96000000000072,649.95999999999992,7.6819883787493378e-13,5.5171867074932385e-13,649.96000000000015,2.1648016712561004e-13,649.96000000000004,6.5995875431212892e-13,42,112,25,3.9999999999999996,4.0000000000000009
renewable_available_MWh,41,31734.108354129679,33225.080144094078,10338.469999999999,10824.205000000002,-20909.903354129678,1490.9717899643963,-22400.875144094072,-21395.638354129678,485.73500000000104,-1005.2367899643953,988.35339498219867,-21898.256749111875,42,206,242,29.16041052150192,9.5
renewable_available_MWh,42,1415.4899999999998,1415.4899999999998,1415.4899999999998,1415.4899999999998,0,0,0,0,0,0,0,0,42,74,74,1,1
renewable_available_MWh,43,1498.7,1498.7,1498.7,1498.7,0,0,0,0,0,0,0,0,42,140,140,1,1
renewable_available_MWh,44,13497.639999999461,11766.689999999531,13497.639999999461,11766.689999999531,-1730.9499999999298,-1730.9499999999291,0,0,-1730.9499999999291,-0,-1730.9499999999291,0,42,289,154,12.999999999999481,12.999999999999481
renewable_available_MWh,45,939.8599999999999,939.8599999999999,939.8599999999999,939.8599999999999,0,0,0,0,0,0,0,0,42,343,343,0.99999999999999989,0.99999999999999989
renewable_available_MWh,46,2144.2800000000002,2318.0400000000004,2144.2799999999997,2318.04,173.75999999999976,173.76000000000025,-5.1470827600041957e-13,-4.7612580544864608e-13,173.76000000000022,-3.8582470551773489e-14,173.76000000000022,-4.9541704072453282e-13,42,333,75,4.0000000000000009,4
renewable_available_MWh,47,1712.1399999999999,1712.1399999999999,1712.1399999999999,1712.1399999999999,0,0,0,0,0,0,0,0,42,308,308,2,2
renewable_used_MWh,0,2934.5734065791889,3053.7403047094003,2934.5734065791885,3053.7403047093999,119.16689813021094,119.16689813021149,-4.5204437300185043e-13,-4.3440412845820935e-13,119.16689813021148,-1.7640244543641077e-14,119.16689813021148,-4.4322425073002989e-13,42,43,344,3.0000000000003002,3.0000000000002998
renewable_used_MWh,1,6440.6624999999121,6052.3629999999148,6440.6624999999121,6052.3629999999148,-388.29949999999735,-388.29949999999712,0,0,-388.29949999999712,-0,-388.29949999999712,0,42,211,163,10,10
renewable_used_MWh,2,3630.5971400009016,3630.5971400009016,3630.5977258950275,3630.5977258950275,0.00058589412583387457,0,0.00058589412610778881,0.00058589412610778881,0,0,0,0.00058589412610778881,42,1,1,11.999990547020001,11.999992483540002
renewable_used_MWh,3,12258.341944999875,15718.096499999567,12258.341944999876,15718.09649999957,3459.7545549996958,3459.7545549996921,2.7920948220127374e-12,2.17751895537075e-12,3459.7545549996926,6.1457586664198739e-13,3459.7545549996926,2.4848068886917439e-12,42,63,127,19.999999999999996,20
renewable_used_MWh,4,6033.118524794776,5023.2867760032377,4421.215500000435,3681.1863157898424,-2351.9322090049336,-1009.8317487915383,-1342.1004602133951,-1611.9030247943404,-740.02918421059314,269.80256458094516,-874.93046650106567,-1477.0017425038677,42,12,347,4.0937510452463481,3.0000000000003002
renewable_used_MWh,5,4314.8168421052624,4314.8168421052624,4314.8169236236245,4314.8169236236245,8.1518362094357144e-05,0,8.1518361777150773e-05,8.1518361777150773e-05,0,0,0,8.1518361777150773e-05,42,31,31,3.9999999999999996,4.0000000755706342
renewable_used_MWh,6,8430.0948749993731,9509.6999999994187,6746.0946272234869,7610.0372567287422,-820.05761827063088,1079.6051250000442,-1899.6627432706755,-1684.0002477758869,863.9426295052557,-215.66249549478849,971.77387725264987,-1791.8314955232811,42,302,209,14.999999999999249,12.003592000897232
renewable_used_MWh,7,1931.7081994459365,1931.7081994459365,1931.7081994459365,1931.7081994459365,0,0,0,0,0,0,0,0,42,187,187,1.9999999999999998,1.9999999999999998
renewable_used_MWh,8,1432.8081994459365,1432.8081994459365,1432.8081994459365,1432.8081994459365,0,0,0,0,0,0,0,0,42,179,179,1.9999999999999998,1.9999999999999998
renewable_used_MWh,9,8985.9910122999681,10670.896334028022,8985.9919999997674,10670.897506925052,1684.9064946250837,1684.9053217280541,0.0011728970310312681,0.0009876998003992242,1684.9055069252847,0.0001851972306320438,1684.9054143266694,0.001080298415715246,42,7,298,19.999997801690007,20
renewable_used_MWh,10,2077.024099722968,2077.024099722968,2077.024099722968,2077.024099722968,0,0,0,0,0,0,0,0,42,13,13,0.99999999999999989,0.99999999999999989
renewable_used_MWh,11,4578.6277008309207,4652.0750789473032,4578.6277008309207,4652.0750789473032,73.447378116382424,73.447378116382538,0,0,73.447378116382538,0,73.447378116382538,0,42,183,189,5,5
renewable_used_MWh,12,5291.3877324841151,5291.3877324841151,10582.757099998766,10582.757099998766,5291.3693675146505,0,5291.3693675146515,5291.3693675146515,0,0,0,5291.3693675146515,42,228,228,9.0000156183039994,17.999999999998558
renewable_used_MWh,13,6307.0992544511482,6381.9523349602277,14894.324049736066,15071.09089488067,8763.9916404295218,74.853080509079703,8689.1385599204405,8587.2247952849157,176.76684514460436,101.91376463552466,125.80996282684202,8638.1816776026772,42,363,33,14.909888662220899,35.209960129274812
renewable_used_MWh,14,8395.9527977837479,8395.9527977837479,4197.976398891873,4197.976398891873,-4197.9763988918749,0,-4197.9763988918739,-4197.9763988918739,0,-0,0,-4197.9763988918739,42,106,106,8,3.9999999999999996
renewable_used_MWh,15,1587.7129374999906,1587.7129374999906,1587.7129374999906,1587.7129374999906,0,0,0,0,0,0,0,0,42,91,91,1,1
renewable_used_MWh,16,4204.4400000000005,3933.9200000000001,4785.4191627148575,4477.5180886365915,273.07808863659102,-270.52000000000044,543.59808863659123,580.9791627148569,-307.90107407826611,-37.381074078265669,-289.21053703913327,562.28862567572401,42,238,93,4,4.5527291746009997
renewable_used_MWh,17,7121.9799000001221,6951.2196000001941,7121.9799000001249,6951.2196000001959,-170.76029999992625,-170.76029999992852,2.0579744131054874e-12,2.1085296175726373e-12,-170.76029999992858,-5.0555204467149917e-14,-170.76029999992855,2.0832520153390624e-12,42,165,253,12.00000000000048,12.000000000000483
renewable_used_MWh,18,7754.0327977837478,7754.0327977837478,15249.919243137187,15249.919243137187,7495.8864453534388,0,7495.8864453534388,7495.8864453534388,0,0,0,7495.8864453534388,42,105,105,8,15.733664936259654
renewable_used_MWh,19,7931.415789473047,9281.8799999992552,3965.7348700922203,4640.9715683880695,-3290.4442210849775,1350.4642105262092,-4640.9084316111866,-3965.6809193808267,675.23669829584946,-675.22751223035959,1012.8504544110294,-4303.2946754960067,42,86,173,17.999999999998554,9.0000612193849996
renewable_used_MWh,20,1284.1840997229681,1284.1840997229681,1284.1840997229681,1284.1840997229681,0,0,0,0,0,0,0,0,42,348,348,0.99999999999999989,0.99999999999999989
renewable_used_MWh,21,2303.8199999999997,2303.8199999999997,2303.8199999999997,2303.8199999999997,0,0,0,0,0,0,0,0,42,152,152,2,2
renewable_used_MWh,22,5915.8568421051104,7208.8181999998314,5915.8568421051114,7208.8181999998324,1292.9613578947219,1292.9613578947208,8.0033959459766905e-13,6.5679204764913639e-13,1292.961357894721,1.4354754694853267e-13,1292.9613578947208,7.2856582112340272e-13,42,94,134,7.9999999999999991,8
renewable_used_MWh,23,4022.0866204989702,4009.5811282898271,4022.0866204989707,4009.5811282898276,-12.505492209142631,-12.50549220914297,5.9353723836392465e-13,5.9538842308190594e-13,-12.505492209142972,-1.851184717981287e-15,-12.505492209142972,5.944628307229153e-13,42,104,110,3.0000000000002998,3.0000000000003002
renewable_used_MWh,24,4904.2183509825154,4904.2183509825154,3835.4700000003832,3835.4700000003832,-1068.7483509821323,0,-1068.7483509821318,-1068.7483509821318,0,-0,0,-1068.7483509821318,42,125,125,3.8359458040207706,3.0000000000002998
renewable_used_MWh,25,3556.8568421051905,3086.4635421052108,3556.8568247426292,3086.4635270388435,-470.39331506634699,-470.3932999999796,-1.506636749616024e-05,-1.7362561256057134e-05,-470.39329770378583,2.2961937598968927e-06,-470.39329885188272,-1.6214464376108687e-05,42,315,354,3.9999999999999991,3.9999999804742639
renewable_used_MWh,26,3078.4699499999656,3078.4699499999656,3078.4699499999656,3078.4699499999656,0,0,0,0,0,0,0,0,42,92,92,1.9999999999999998,1.9999999999999998
renewable_used_MWh,27,2182.7999999999993,2182.7999999999993,2182.7999999999993,2182.7999999999993,0,0,0,0,0,0,0,0,42,345,345,4.9999999999999991,4.9999999999999991
renewable_used_MWh,28,7324.2917763160931,9012.8905263161505,7324.2917763160922,9012.8905263161487,1688.5987500000556,1688.598750000057,-1.3341758107655645e-12,-1.0842129825517983e-12,1688.5987500000567,-2.4996282821376621e-13,1688.5987500000567,-1.2091943966586814e-12,42,196,194,12.000000000000481,12.00000000000048
renewable_used_MWh,29,1460.1942105263031,1460.1942105263031,1460.1942105263031,1460.1942105263031,0,0,0,0,0,0,0,0,42,332,332,1,1
renewable_used_MWh,30,11572.035042659212,10518.008642658944,11572.035042659216,10518.008642658948,-1054.0264000002644,-1054.0264000002678,3.5032006104859055e-12,3.8542619238388247e-12,-1054.0264000002683,-3.510613133529188e-13,-1054.026400000268,3.6787312671623651e-12,42,259,260,15.999999999999998,16.000000000000004
renewable_used_MWh,31,3652.1681249999374,3903.2204986148417,3652.1681249999369,3903.2204986148408,251.05237361490344,251.05237361490424,-6.93351242840173e-13,-6.4875538274832278e-13,251.05237361490418,-4.4595860091850213e-14,251.05237361490421,-6.7105331279424784e-13,42,188,239,5,4.9999999999999991
renewable_used_MWh,32,2733.1599999999999,2838.0995013849888,2733.1599999999999,2838.0995013849888,104.93950138498894,104.93950138498894,0,0,104.93950138498894,0,104.93950138498894,0,42,262,51,4,4
renewable_used_MWh,33,4146.079999999999,5961.9199999999992,4146.0799999999999,5961.9200000000001,1815.8400000000011,1815.8399999999999,6.6190608549732134e-13,4.6030734779378689e-13,1815.8400000000001,2.0159873770353444e-13,1815.8399999999999,5.6110671664555412e-13,42,316,37,15.999999999999998,16
renewable_used_MWh,34,6761.2647302632031,6761.2647302632031,6761.2647302632031,6761.2647302632031,0,0,0,0,0,0,0,0,42,352,352,10,10
renewable_used_MWh,35,771.48343490303148,771.48343490303148,771.48343490303148,771.48343490303148,0,0,0,0,0,0,0,0,42,123,123,0.99999999999999989,0.99999999999999989
renewable_used_MWh,36,1466.1862049861261,1466.1862049861261,1466.1862049861261,1466.1862049861261,0,0,0,0,0,0,0,0,42,186,186,0.99999999999999989,0.99999999999999989
renewable_used_MWh,37,935.15210526313263,935.15210526313263,935.15210526313263,935.15210526313263,0,0,0,0,0,0,0,0,42,70,70,1,1
renewable_used_MWh,38,9595.4852631573121,9113.455263157326,9595.4852631573121,9113.455263157326,-482.0299999999861,-482.02999999998565,0,0,-482.02999999998565,-0,-482.02999999998565,0,42,27,45,18.999999999999432,18.999999999999432
renewable_used_MWh,39,6214.5599999993783,6214.5599999993783,6214.5599999993783,6214.5599999993783,0,0,0,0,0,0,0,0,42,275,275,21.999999999997797,21.999999999997797
renewable_used_MWh,40,1656.4799999999998,2306.4399999999996,1656.4800000000005,2306.4400000000005,649.96000000000072,649.95999999999992,7.6819883787493378e-13,5.5171867074932385e-13,649.96000000000015,2.1648016712561004e-13,649.96000000000004,6.5995875431212892e-13,42,112,25,3.9999999999999996,4.0000000000000009
renewable_used_MWh,41,22990.115769828881,21272.86502629966,7489.815674999807,6930.3625749997818,-16059.7531948291,-1717.2507435292212,-14342.502451299879,-15500.300094829074,-559.45310000002519,1157.797643529196,-1138.3519217646231,-14921.401273064475,42,206,242,29.16041052150192,9.5
renewable_used_MWh,42,1263.6799999999926,1263.6799999999926,1263.6799999999926,1263.6799999999926,0,0,0,0,0,0,0,0,42,74,74,1,1
renewable_used_MWh,43,1498.7,1498.7,1498.7,1498.7,0,0,0,0,0,0,0,0,42,140,140,1,1
renewable_used_MWh,44,10096.37473684147,9367.7496249997057,10096.37473684147,9367.7496249997057,-728.62511184176401,-728.62511184176503,0,0,-728.62511184176503,-0,-728.62511184176503,0,42,289,154,12.999999999999481,12.999999999999481
renewable_used_MWh,45,910.71499999999958,910.71499999999958,910.71499999999958,910.71499999999958,0,0,0,0,0,0,0,0,42,343,343,0.99999999999999989,0.99999999999999989
renewable_used_MWh,46,2144.2800000000002,2318.0400000000004,2144.2799999999997,2318.04,173.75999999999976,173.76000000000025,-5.1470827600041957e-13,-4.7612580544864608e-13,173.76000000000022,-3.8582470551773489e-14,173.76000000000022,-4.9541704072453282e-13,42,333,75,4.0000000000000009,4
renewable_used_MWh,47,1712.1399999999999,1712.1399999999999,1712.1399999999999,1712.1399999999999,0,0,0,0,0,0,0,0,42,308,308,2,2
curtailment_MWh,0,340.25659342113909,579.91969529096343,340.25659342113903,579.91969529096332,239.66310186982423,239.66310186982432,-8.5845359752742414e-14,-5.0368093906217515e-14,239.66310186982429,-3.54772658465249e-14,239.66310186982429,-6.8106726829479968e-14,42,43,344,3.0000000000003002,3.0000000000002998
curtailment_MWh,1,699.83750000008797,1327.1370000000854,699.83750000008797,1327.1370000000854,627.29949999999747,627.29949999999747,0,0,627.29949999999747,0,627.29949999999747,0,42,211,163,10,10
curtailment_MWh,2,0,0,0,0,0,0,0,0,0,0,0,0,42,1,1,11.999990547020001,11.999992483540002
curtailment_MWh,3,5885.6580550001217,6594.1035000004294,5885.6580550001227,6594.1035000004304,708.44544500030861,708.44544500030781,1.1713480851938895e-12,1.0455028940370644e-12,708.44544500030793,1.258451911568251e-13,708.44544500030793,1.108425489615477e-12,42,63,127,19.999999999999996,20
curtailment_MWh,4,192.5352522845136,3.9623200906358935,141.09450000002144,2.9036842105266691,-189.63156807398693,-188.5729321938777,-1.0586358801092242,-51.44075228449217,-138.19081578949476,50.382116404382948,-163.38187399168623,-26.249694082300696,42,12,347,4.0937510452463481,3.0000000000003002
curtailment_MWh,5,84.263157894736906,84.263157894736906,84.26315948669199,84.26315948669199,1.5919550833132234e-06,0,1.5919550796962352e-06,1.5919550796962352e-06,0,0,0,1.5919550796962352e-06,42,31,31,3.9999999999999996,4.0000000755706342
curtailment_MWh,6,2199.2051250000923,1287.7500000000412,1759.8907364523086,1030.5083732771118,-1168.6967517229805,-911.45512500005123,-257.24162672292925,-439.31438854778384,-729.38236317519659,182.07276182485458,-820.41874408762396,-348.27800763535652,42,302,209,14.999999999999249,12.003592000897232
curtailment_MWh,7,1237.6118005540627,1237.6118005540627,1237.6118005540627,1237.6118005540627,0,0,0,0,0,0,0,0,42,187,187,1.9999999999999998,1.9999999999999998
curtailment_MWh,8,772.671800554063,772.671800554063,772.671800554063,772.671800554063,0,0,0,0,0,0,0,0,42,179,179,1.9999999999999998,1.9999999999999998
curtailment_MWh,9,2338.2077429949322,1861.7022884449875,2338.2080000002325,1861.7024930749471,-476.50524991998509,-476.50545454994466,0.00020462995969870783,0.00025700530057139588,-476.50550692528554,-5.2375340872688053e-05,-476.50548073761507,0.00023081763013505185,42,7,298,19.999997801690007,20
curtailment_MWh,10,354.2059002770315,354.2059002770315,354.2059002770315,354.2059002770315,0,0,0,0,0,0,0,0,42,13,13,0.99999999999999989,0.99999999999999989
curtailment_MWh,11,1790.5722991690791,1546.4749210526966,1790.5722991690791,1546.4749210526966,-244.09737811638252,-244.09737811638252,0,0,-244.09737811638252,-0,-244.09737811638252,0,42,183,189,5,5
curtailment_MWh,12,3253.8570966269831,3253.8570966269831,6507.7028999998638,6507.7028999998638,3253.8458033728807,0,3253.8458033728807,3253.8458033728807,0,0,0,3253.8458033728807,42,228,228,9.0000156183039994,17.999999999998558
curtailment_MWh,13,459.00822046469568,862.76256601290743,1083.9558569288445,2037.428731933963,1578.4205114692672,403.75434554821169,1174.6661659210554,624.94763646414879,953.47287500511834,549.71852945690659,678.61361027666499,899.80690119260203,42,363,33,14.909888662220899,35.209960129274812
curtailment_MWh,14,7773.5672022162526,7773.5672022162526,3886.7836011081258,3886.7836011081258,-3886.7836011081267,0,-3886.7836011081263,-3886.7836011081263,0,-0,0,-3886.7836011081263,42,106,106,8,3.9999999999999996
curtailment_MWh,15,531.21706250000943,531.21706250000943,531.21706250000943,531.21706250000943,0,0,0,0,0,0,0,0,42,91,91,1,1
curtailment_MWh,16,0,0,0,0,0,0,0,0,0,0,0,0,42,238,93,4,4.5527291746009997
curtailment_MWh,17,1629.140100000227,801.02040000011596,1629.1401000002274,801.02040000011618,-828.11970000011081,-828.11970000011115,2.3714967767321224e-13,4.8232235982941595e-13,-828.11970000011138,-2.4517268215620371e-13,-828.11970000011127,3.5973601875131409e-13,42,165,253,12.00000000000048,12.000000000000483
curtailment_MWh,18,4130.3672022162527,4130.3672022162527,8123.2267029233426,8123.2267029233426,3992.8595007070899,0,3992.8595007070903,3992.8595007070903,0,0,0,3992.8595007070903,42,105,105,8,15.733664936259654
curtailment_MWh,19,129.34421052630537,0,64.672545172770199,0,-129.34421052630537,-129.34421052630537,-0,-64.67166535353519,-64.672545172770199,64.67166535353519,-97.00837784953778,-32.335832676767595,42,86,173,17.999999999998554,9.0000612193849996
curtailment_MWh,20,339.86590027703153,339.86590027703153,339.86590027703153,339.86590027703153,0,0,0,0,0,0,0,0,42,348,348,0.99999999999999989,0.99999999999999989
curtailment_MWh,21,0,0,0,0,0,0,0,0,0,0,0,0,42,152,152,2,2
curtailment_MWh,22,3398.383157894888,3315.5818000001664,3398.3831578948884,3315.5818000001668,-82.80135789472115,-82.80135789472159,3.6810352543883061e-13,3.772963228393254e-13,-82.801357894721605,-9.1927974004947904e-15,-82.80135789472159,3.7269992413907803e-13,42,94,134,7.9999999999999991,8
curtailment_MWh,23,898.96337950152156,1631.2888717107364,898.96337950152167,1631.2888717107367,732.3254922092151,732.32549220921487,2.4147926202504957e-13,1.3307331229564426e-13,732.32549220921499,1.0840594972940531e-13,732.32549220921487,1.872762871603469e-13,42,104,110,3.0000000000002998,3.0000000000003002
curtailment_MWh,24,0,0,0,0,0,0,-0,-0,0,-0,0,-0,42,125,125,3.8359458040207706,3.0000000000002998
curtailment_MWh,25,750.06315789480857,1173.2964578947879,750.06315423342483,1173.2964521674189,423.23329427261035,423.23329999997929,-5.7273690019123486e-06,-3.6613836606233373e-06,423.23329793399398,-2.0659853412890109e-06,423.23329896698664,-4.6943763312678429e-06,42,315,354,3.9999999999999991,3.9999999804742639
curtailment_MWh,26,548.05005000003371,548.05005000003371,548.05005000003371,548.05005000003371,0,0,0,0,0,0,0,0,42,92,92,1.9999999999999998,1.9999999999999998
curtailment_MWh,27,0,0,0,0,0,0,0,0,0,0,0,0,42,345,345,4.9999999999999991,4.9999999999999991
curtailment_MWh,28,125.90822368420655,263.34947368422149,125.90822368420653,263.34947368422144,137.44125000001489,137.44125000001492,-3.8983553227617029e-14,-1.8638161189847328e-14,137.44125000001492,-2.03453920377697e-14,137.44125000001492,-2.8810857208732175e-14,42,196,194,12.000000000000481,12.00000000000048
curtailment_MWh,29,274.10578947369686,274.10578947369686,274.10578947369686,274.10578947369686,0,0,0,0,0,0,0,0,42,332,332,1,1
curtailment_MWh,30,4164.6049573407845,3264.8713573410532,4164.6049573407863,3264.8713573410546,-899.7335999997299,-899.73359999973161,1.0874206060077675e-12,1.3870920936323423e-12,-899.73359999973195,-2.9967148762457487e-13,-899.73359999973172,1.2372563498200549e-12,42,259,260,15.999999999999998,16.000000000000004
curtailment_MWh,31,660.78187500006254,1160.1795013851579,660.78187500006243,1160.1795013851579,499.39762638509535,499.39762638509546,-2.0608927922174978e-13,-1.1737844030080824e-13,499.39762638509541,-8.8710838920941536e-14,499.39762638509541,-1.6173385976127902e-13,42,188,239,5,4.9999999999999991
curtailment_MWh,32,0,272.62049861501083,0,272.62049861501083,272.62049861501083,272.62049861501083,0,0,272.62049861501083,0,272.62049861501083,0,42,262,51,4,4
curtailment_MWh,33,0,0,0,0,0,0,0,0,0,0,0,0,42,316,37,15.999999999999998,16
curtailment_MWh,34,57.035269736797176,57.035269736797176,57.035269736797176,57.035269736797176,0,0,0,0,0,0,0,0,42,352,352,10,10
curtailment_MWh,35,415.7065650969684,415.7065650969684,415.7065650969684,415.7065650969684,0,0,0,0,0,0,0,0,42,123,123,0.99999999999999989,0.99999999999999989
curtailment_MWh,36,825.84379501387355,825.84379501387355,825.84379501387355,825.84379501387355,0,0,0,0,0,0,0,0,42,186,186,0.99999999999999989,0.99999999999999989
curtailment_MWh,37,1008.4478947368674,1008.4478947368674,1008.4478947368674,1008.4478947368674,0,0,0,0,0,0,0,0,42,70,70,1,1
curtailment_MWh,38,4020.8647368422808,3270.7447368423032,4020.8647368422808,3270.7447368423032,-750.11999999997761,-750.11999999997795,0,0,-750.11999999997795,-0,-750.11999999997795,0,42,27,45,18.999999999999432,18.999999999999432
curtailment_MWh,39,0,0,0,0,0,0,0,0,0,0,0,0,42,275,275,21.999999999997797,21.999999999997797
curtailment_MWh,40,0,0,0,0,0,0,0,0,0,0,0,0,42,112,25,3.9999999999999996,4.0000000000000009
curtailment_MWh,41,8743.9925843007986,11952.215117794414,2848.6543250001937,3893.8424250002186,-4850.1501593005796,3208.2225334936143,-8058.3726927941943,-5895.3382593006054,1045.1881000000251,-2163.0344334935889,2126.7053167468198,-6976.8554760473999,42,206,242,29.16041052150192,9.5
curtailment_MWh,42,151.81000000000734,151.81000000000734,151.81000000000734,151.81000000000734,0,0,0,0,0,0,0,0,42,74,74,1,1
curtailment_MWh,43,0,0,0,0,0,0,0,0,0,0,0,0,42,140,140,1,1
curtailment_MWh,44,3401.2652631579926,2398.9403749998255,3401.2652631579926,2398.9403749998255,-1002.3248881581671,-1002.324888158167,0,0,-1002.324888158167,-0,-1002.324888158167,0,42,289,154,12.999999999999481,12.999999999999481
curtailment_MWh,45,29.145000000000362,29.145000000000362,29.145000000000362,29.145000000000362,0,0,0,0,0,0,0,0,42,343,343,0.99999999999999989,0.99999999999999989
curtailment_MWh,46,0,0,0,0,0,0,-0,-0,0,-0,0,-0,42,333,75,4.0000000000000009,4
curtailment_MWh,47,0,0,0,0,0,0,0,0,0,0,0,0,42,308,308,2,2
total_load_MWh,0,8772.0000000008786,9210.6000000009208,8772.0000000008768,9210.600000000919,438.60000000004038,438.60000000004334,-1.3634426920816622e-12,-1.2985168496015831e-12,438.60000000004328,-6.4925842480079074e-14,438.60000000004328,-1.3309797708416226e-12,42,43,344,3.0000000000003002,3.0000000000002998
total_load_MWh,1,29240,29240,29240,29240,0,0,0,0,0,0,0,0,42,211,163,10,10
total_load_MWh,2,35087.972359486484,35087.972359486484,35087.978021870964,35087.978021870964,0.0056623844793648459,0,0.0056623844810417268,0.0056623844810417268,0,0,0,0.0056623844810417268,42,1,1,11.999990547020001,11.999992483540002
total_load_MWh,3,55555.999999999993,58479.999999999993,55556,58480,2924.0000000000073,2923.9999999999959,1.0388134796812665e-11,9.8687280569720321e-12,2923.9999999999964,5.1940673984063259e-13,2923.9999999999964,1.0128431426892348e-11,42,63,127,19.999999999999996,20
total_load_MWh,4,11371.621653485307,12568.634459115337,8333.4000000008346,9210.6000000009208,-2161.0216534843858,1197.0128056300307,-3358.0344591144162,-3038.221653484472,877.20000000008667,-319.81280562994402,1037.1064028150586,-3198.1280562994439,42,12,347,4.0937510452463481,3.0000000000003002
total_load_MWh,5,11695.999999999998,11695.999999999998,11696.000220968534,11696.000220968534,0.00022096853535913397,0,0.00022096853568420727,0.00022096853568420727,0,0,0,0.00022096853568420727,42,31,31,3.9999999999999996,4.0000000755706342
total_load_MWh,6,46052.999999997694,46052.999999997694,36853.428161154676,36853.428161154676,-9199.5718388430178,0,-9199.5718388430105,-9199.5718388430105,0,-0,0,-9199.5718388430105,42,302,209,14.999999999999249,12.003592000897232
total_load_MWh,7,5847.9999999999991,5847.9999999999991,5847.9999999999991,5847.9999999999991,0,0,0,0,0,0,0,0,42,187,187,1.9999999999999998,1.9999999999999998
total_load_MWh,8,6140.3999999999987,6140.3999999999987,6140.3999999999987,6140.3999999999987,0,0,0,0,0,0,0,0,42,179,179,1.9999999999999998,1.9999999999999998
total_load_MWh,9,58479.993572141582,58479.993572141582,58480,58480,0.0064278584177372977,0,0.0064278584186752141,0.0064278584186752141,0,0,0,0.0064278584186752141,42,7,298,19.999997801690007,20
total_load_MWh,10,2923.9999999999995,2923.9999999999995,2923.9999999999995,2923.9999999999995,0,0,0,0,0,0,0,0,42,13,13,0.99999999999999989,0.99999999999999989
total_load_MWh,11,13889,13889,13889,13889,0,0,0,0,0,0,0,0,42,183,189,5,5
total_load_MWh,12,25000.243384524852,25000.243384524852,50000.399999996,50000.399999996,25000.156615471147,0,25000.156615471144,25000.156615471144,0,0,0,25000.156615471144,42,228,228,9.0000156183039994,17.999999999998558
total_load_MWh,13,41416.688725917214,41416.688725917214,97806.227247099581,97806.227247099581,56389.538521182367,0,56389.53852118236,56389.53852118236,0,0,0,56389.53852118236,42,363,33,14.909888662220899,35.209960129274812
total_load_MWh,14,23392,23392,11695.999999999998,11695.999999999998,-11696.000000000002,0,-11696,-11696,0,-0,0,-11696,42,106,106,8,3.9999999999999996
total_load_MWh,15,2924,2924,2924,2924,0,0,0,0,0,0,0,0,42,91,91,1,1
total_load_MWh,16,11696,11111.200000000001,13312.180106533324,12646.571101206659,950.57110120665857,-584.79999999999927,1535.3711012066569,1616.1801065333232,-665.60900532666528,-80.809005326666053,-625.20450266333228,1575.7756038699902,42,238,93,4,4.5527291746009997
total_load_MWh,17,33333.600000001337,35088.000000001404,33333.600000001345,35088.000000001412,1754.4000000000742,1754.4000000000678,1.0388134796812665e-11,9.8687280569720321e-12,1754.4000000000685,5.1940673984063259e-13,1754.4000000000681,1.0128431426892348e-11,42,165,253,12.00000000000048,12.000000000000483
total_load_MWh,18,22222.400000000001,22222.400000000001,43704.974459942066,43704.974459942066,21482.574459942065,0,21482.574459942069,21482.574459942069,0,0,0,21482.574459942069,42,105,105,8,15.733664936259654
total_load_MWh,19,55263.59999999556,55263.59999999556,27631.987955755823,27631.987955755823,-27631.612044239737,0,-27631.612044239733,-27631.612044239733,0,-0,0,-27631.612044239733,42,86,173,17.999999999998554,9.0000612193849996
total_load_MWh,20,2777.7999999999997,2777.7999999999997,2777.7999999999997,2777.7999999999997,0,0,0,0,0,0,0,0,42,348,348,0.99999999999999989,0.99999999999999989
total_load_MWh,21,6140.3999999999996,6140.3999999999996,6140.3999999999996,6140.3999999999996,0,0,0,0,0,0,0,0,42,152,152,2,2
total_load_MWh,22,23391.999999999996,24561.599999999995,23392,24561.599999999999,1169.6000000000022,1169.5999999999983,2.7268853841633243e-12,2.5970336992031662e-12,1169.5999999999985,1.2985168496015815e-13,1169.5999999999983,2.6619595416832453e-12,42,94,134,7.9999999999999991,8
total_load_MWh,23,9210.600000000919,9210.600000000919,9210.6000000009208,9210.6000000009208,1.8189894035458565e-12,0,1.3634426920816622e-12,1.3634426920816622e-12,0,0,0,1.3634426920816622e-12,42,104,110,3.0000000000002998,3.0000000000003002
total_load_MWh,24,11777.120807504569,11777.120807504569,9210.600000000919,9210.600000000919,-2566.5208075036498,0,-2566.5208075036494,-2566.5208075036494,0,-0,0,-2566.5208075036494,42,125,125,3.8359458040207706,3.0000000000002998
total_load_MWh,25,11111.199999999999,11111.199999999999,11111.199945761411,11111.199945761411,-5.4238587836152874e-05,0,-5.4238587379895622e-05,-5.4238587379895622e-05,0,-0,0,-5.4238587379895622e-05,42,315,354,3.9999999999999991,3.9999999804742639
total_load_MWh,26,6140.3999999999987,6140.3999999999987,6140.3999999999987,6140.3999999999987,0,0,0,0,0,0,0,0,42,92,92,1.9999999999999998,1.9999999999999998
total_load_MWh,27,13888.999999999998,13888.999999999998,13888.999999999998,13888.999999999998,0,0,0,0,0,0,0,0,42,345,345,4.9999999999999991,4.9999999999999991
total_load_MWh,28,35088.000000001404,36842.400000001478,35088.000000001404,36842.400000001471,1754.4000000000669,1754.4000000000683,-5.4537707683266487e-12,-5.1940673984063324e-12,1754.4000000000678,-2.5970336992031629e-13,1754.4000000000681,-5.3239190833664905e-12,42,196,194,12.000000000000481,12.00000000000048
total_load_MWh,29,3070.1999999999998,3070.1999999999998,3070.1999999999998,3070.1999999999998,0,0,0,0,0,0,0,0,42,332,332,1,1
total_load_MWh,30,46783.999999999993,49123.19999999999,46784.000000000007,49123.200000000004,2339.2000000000116,2339.1999999999966,1.6361312304979944e-11,1.5582202195218997e-11,2339.1999999999975,7.7911010976094888e-13,2339.1999999999971,1.5971757250099471e-11,42,259,260,15.999999999999998,16.000000000000004
total_load_MWh,31,15351,15351,15350.999999999996,15350.999999999996,-3.637978807091713e-12,0,-2.7268853841633243e-12,-2.7268853841633243e-12,0,-0,0,-2.7268853841633243e-12,42,188,239,5,4.9999999999999991
total_load_MWh,32,11696,11111.200000000001,11696,11111.200000000001,-584.79999999999927,-584.79999999999927,0,0,-584.79999999999927,-0,-584.79999999999927,0,42,262,51,4,4
total_load_MWh,33,46783.999999999993,46783.999999999993,46784,46784,7.2759576141834259e-12,0,5.1940673984063324e-12,5.1940673984063324e-12,0,0,0,5.1940673984063324e-12,42,316,37,15.999999999999998,16
total_load_MWh,34,29240,29240,29240,29240,0,0,0,0,0,0,0,0,42,352,352,10,10
total_load_MWh,35,2777.7999999999997,2777.7999999999997,2777.7999999999997,2777.7999999999997,0,0,0,0,0,0,0,0,42,123,123,0.99999999999999989,0.99999999999999989
total_load_MWh,36,2777.7999999999997,2777.7999999999997,2777.7999999999997,2777.7999999999997,0,0,0,0,0,0,0,0,42,186,186,0.99999999999999989,0.99999999999999989
total_load_MWh,37,2924,2924,2924,2924,0,0,0,0,0,0,0,0,42,70,70,1,1
total_load_MWh,38,52778.199999998425,52778.199999998425,52778.199999998425,52778.199999998425,0,0,0,0,0,0,0,0,42,27,45,18.999999999999432,18.999999999999432
total_load_MWh,39,67544.399999993228,67544.399999993228,67544.399999993228,67544.399999993228,0,0,0,0,0,0,0,0,42,275,275,21.999999999997797,21.999999999997797
total_load_MWh,40,11695.999999999998,11695.999999999998,11696.000000000002,11696.000000000002,3.637978807091713e-12,0,3.8955505488047493e-12,3.8955505488047493e-12,0,0,0,3.8955505488047493e-12,42,112,25,3.9999999999999996,4.0000000000000009
total_load_MWh,41,89528.292383115186,89528.292383115186,29166.899999999998,29166.899999999998,-60361.392383115191,0,-60361.392383115191,-60361.392383115191,0,-0,0,-60361.392383115191,42,206,242,29.16041052150192,9.5
total_load_MWh,42,3070.1999999999998,3070.1999999999998,3070.1999999999998,3070.1999999999998,0,0,0,0,0,0,0,0,42,74,74,1,1
total_load_MWh,43,3070.1999999999998,3070.1999999999998,3070.1999999999998,3070.1999999999998,0,0,0,0,0,0,0,0,42,140,140,1,1
total_load_MWh,44,38011.999999998487,38011.999999998487,38011.999999998487,38011.999999998487,0,0,0,0,0,0,0,0,42,289,154,12.999999999999481,12.999999999999481
total_load_MWh,45,2923.9999999999995,2923.9999999999995,2923.9999999999995,2923.9999999999995,0,0,0,0,0,0,0,0,42,343,343,0.99999999999999989,0.99999999999999989
total_load_MWh,46,11111.200000000003,11111.200000000003,11111.200000000001,11111.200000000001,-1.8189894035458565e-12,0,-2.467182014243008e-12,-2.467182014243008e-12,0,-0,0,-2.467182014243008e-12,42,333,75,4.0000000000000009,4
total_load_MWh,47,6140.3999999999996,6140.3999999999996,6140.3999999999996,6140.3999999999996,0,0,0,0,0,0,0,0,42,308,308,2,2
thermal_generation_MWh,0,5815.2600080576085,5985.1618836571079,5815.2600080576076,5985.161883657107,169.90187559949845,169.90187559949976,-8.8598193724591049e-13,-8.6083140735023784e-13,169.90187559949973,-2.5150529895672645e-14,169.90187559949976,-8.7340667229807422e-13,42,43,344,3.0000000000003002,3.0000000000002998
thermal_generation_MWh,1,21188.921052631526,21196.321052631523,21188.921052631526,21196.321052631523,7.3999999999978172,7.3999999999978172,0,0,7.3999999999978172,0,7.3999999999978172,0,42,211,163,10,10
thermal_generation_MWh,2,29755.347086572252,29755.347086572252,29755.351888394762,29755.351888394762,0.0048018225097621325,0,0.0048018225118518273,0.0048018225118518273,0,0,0,0.0048018225118518273,42,1,1,11.999990547020001,11.999992483540002
thermal_generation_MWh,3,42007.095105262692,40982.842105263153,42007.095105262699,40982.84210526316,-1024.2529999995313,-1024.2529999995347,7.2800151871744777e-12,7.4619590693570176e-12,-1024.2529999995349,-1.8194388218253986e-13,-1024.2529999995347,7.3709871282657477e-12,42,63,127,19.999999999999996,20
thermal_generation_MWh,4,5348.3219905725218,7552.0700532495357,3919.3800000003757,5534.3400000005377,186.01800942801583,2203.7480626770139,-2017.7300532489983,-1428.9419905721459,1614.9600000001615,-588.78806267685241,1909.3540313385877,-1723.3360219105721,42,12,347,4.0937510452463481,3.0000000000003002
thermal_generation_MWh,5,7300.5596956912395,7300.5596956912395,7300.559833618222,7300.559833618222,0.00013792698246106738,0,0.00013792698235568017,0.00013792698235568017,0,0,0,0.00013792698235568017,42,31,31,3.9999999999999996,4.0000000755706342
thermal_generation_MWh,6,33600.931578945609,33063.631578945635,26888.791568249791,26458.822902777651,-7142.108676167958,-537.29999999997551,-6604.8086761679797,-6712.1400106958145,-429.9686654721408,107.33133452783473,-483.63433273605813,-6658.4743434318971,42,302,209,14.999999999999249,12.003592000897232
thermal_generation_MWh,7,3815.3970083102422,3815.3970083102422,3815.3970083102422,3815.3970083102422,0,0,0,0,0,0,0,0,42,187,187,1.9999999999999998,1.9999999999999998
thermal_generation_MWh,8,4247.9642105263147,4247.9642105263147,4247.9642105263147,4247.9642105263147,0,0,0,0,0,0,0,0,42,179,179,1.9999999999999998,1.9999999999999998
thermal_generation_MWh,9,45210.437135934713,45040.437154620355,45210.44210526305,45040.442105263057,-169.99503067165642,-169.99998131435598,0.0049506426977970024,0.0049693283327350108,-169.99999999999091,-1.8685634938008344e-05,-169.99999065717344,0.004959985515266007,42,7,298,19.999997801690007,20
thermal_generation_MWh,10,856.08669999999131,856.08669999999131,856.08669999999131,856.08669999999131,0,0,0,0,0,0,0,0,42,13,13,0.99999999999999989,0.99999999999999989
thermal_generation_MWh,11,9349.545152354538,9212.1339335179655,9349.545152354538,9212.1339335179655,-137.41121883657252,-137.41121883657229,0,0,-137.41121883657229,-0,-137.41121883657229,0,42,183,189,5,5
thermal_generation_MWh,12,18660.561330236629,18660.561330236629,37321.057894733844,37321.057894733844,18660.496564497214,0,18660.496564497218,18660.496564497218,0,0,0,18660.496564497218,42,228,228,9.0000156183039994,17.999999999998558
thermal_generation_MWh,13,33333.622174706608,33226.121877451995,78717.925688447489,78464.061875915417,45130.439701208808,-107.50029725461323,45237.939998463415,45384.303513740881,-253.86381253207267,-146.36351527745944,-180.68205489334295,45311.121756102148,42,363,33,14.909888662220899,35.209960129274812
thermal_generation_MWh,14,14670.794681440395,14670.794681440395,7335.3973407201966,7335.3973407201966,-7335.3973407201984,0,-7335.3973407201975,-7335.3973407201975,0,-0,0,-7335.3973407201975,42,106,106,8,3.9999999999999996
thermal_generation_MWh,15,1343.9571052631418,1343.9571052631418,1343.9571052631418,1343.9571052631418,0,0,0,0,0,0,0,0,42,91,91,1,1
thermal_generation_MWh,16,7501.2968421052628,7179.3627332457218,8537.8432450987439,8171.4235426727428,670.12670056747993,-321.93410885954108,992.06080942702124,1036.5464029934819,-366.41970242600172,-44.485593566460629,-344.17690564277137,1014.3036062102516,42,238,93,4,4.5527291746009997
thermal_generation_MWh,17,25086.505263158895,26775.3852631589,25086.505263158902,26775.385263158907,1688.8800000000119,1688.8800000000049,7.9271064566311811e-12,7.4270975334768172e-12,1688.8800000000053,5.0000892315436395e-13,1688.8800000000051,7.677101995054e-12,42,165,253,12.00000000000048,12.000000000000483
thermal_generation_MWh,18,14520.307811634288,14520.307811634288,28557.207234950944,28557.207234950944,14036.899423316656,0,14036.899423316654,14036.899423316654,0,0,0,14036.899423316654,42,105,105,8,15.733664936259654
thermal_generation_MWh,19,41518.477894733413,40848.915789470404,20759.38015490631,20424.596825042536,-21093.881069690877,-669.562105263013,-20424.318964427865,-20759.097739827102,-334.78332986377245,334.77877539924054,-502.17271756339272,-20591.708352127484,42,86,173,17.999999999998554,9.0000612193849996
thermal_generation_MWh,20,1502.9074882271366,1502.9074882271366,1502.9074882271366,1502.9074882271366,0,0,0,0,0,0,0,0,42,348,348,0.99999999999999989,0.99999999999999989
thermal_generation_MWh,21,3845.2857290858415,3845.2857290858415,3845.2857290858415,3845.2857290858415,0,0,0,0,0,0,0,0,42,152,152,2,2
thermal_generation_MWh,22,16956.941163434862,16610.976842105258,16956.941163434865,16610.976842105261,-345.96432132960035,-345.96432132960393,1.8441888951620535e-12,1.8825986506859477e-12,-345.96432132960399,-3.840975552389425e-14,-345.96432132960393,1.8633937729240004e-12,42,94,134,7.9999999999999991,8
thermal_generation_MWh,23,5216.1007479229074,5229.8913157899478,5216.1007479229083,5229.8913157899487,13.790567867041318,13.790567867039968,7.7417943401021003e-13,7.7213801988105776e-13,13.79056786703997,2.0414141291522769e-15,13.79056786703997,7.731587269456339e-13,42,104,110,3.0000000000002998,3.0000000000003002
thermal_generation_MWh,24,6874.2232311432017,6874.2232311432017,5376.1629457369672,5376.1629457369672,-1498.0602854062345,0,-1498.0602854062345,-1498.0602854062345,0,-0,0,-1498.0602854062345,42,125,125,3.8359458040207706,3.0000000000002998
thermal_generation_MWh,25,7544.6732409972165,7806.9831578946887,7544.6732041683936,7806.9831197854173,262.30987878820088,262.30991689747219,-3.8109271562283515e-05,-3.6828823064528398e-05,262.30991561702371,-1.2804484977551215e-06,262.30991625724795,-3.7469047313405957e-05,42,315,354,3.9999999999999991,3.9999999804742639
thermal_generation_MWh,26,3079.2186859395292,3079.2186859395292,3079.2186859395292,3079.2186859395292,0,0,0,0,0,0,0,0,42,92,92,1.9999999999999998,1.9999999999999998
thermal_generation_MWh,27,11409.621052631575,11409.621052631575,11409.621052631575,11409.621052631575,0,0,0,0,0,0,0,0,42,345,345,4.9999999999999991,4.9999999999999991
thermal_generation_MWh,28,26039.661513158851,26142.469863158876,26039.661513158848,26142.469863158873,102.80835000002116,102.80835000002529,-3.8698629283529446e-12,-3.8546442353804452e-12,102.80835000002527,-1.5218692972499361e-14,102.80835000002527,-3.8622535818666949e-12,42,196,194,12.000000000000481,12.00000000000048
thermal_generation_MWh,29,1617.6521052631524,1617.6521052631524,1617.6521052631524,1617.6521052631524,0,0,0,0,0,0,0,0,42,332,332,1,1
thermal_generation_MWh,30,33801.474084210116,35363.233684210521,33801.474084210131,35363.233684210536,1561.7596000004196,1561.7596000004048,1.1778322878423129e-11,1.1258152438368183e-11,1561.7596000004055,5.201704400549473e-13,1561.759600000405,1.1518237658395657e-11,42,259,260,15.999999999999998,16.000000000000004
thermal_generation_MWh,31,10825.110526315788,10545.310526315789,10825.110526315786,10545.310526315787,-279.80000000000109,-279.80000000000018,-1.8732234477020506e-12,-1.9229259120684696e-12,-279.80000000000013,4.970246436641904e-14,-279.80000000000018,-1.8980746798852601e-12,42,188,239,5,4.9999999999999991
thermal_generation_MWh,32,8654.2168421052629,8161.5222160664443,8654.2168421052629,8161.5222160664443,-492.69462603881857,-492.69462603881857,0,0,-492.69462603881857,-0,-492.69462603881857,0,42,262,51,4,4
thermal_generation_MWh,33,38615.747368421049,37858.467368421043,38615.747368421056,37858.46736842105,-757.27999999999884,-757.280000000006,4.2031342149441209e-12,4.2872091841529354e-12,-757.28000000000611,-8.4074969208814533e-14,-757.280000000006,4.2451716995485286e-12,42,316,37,15.999999999999998,16
thermal_generation_MWh,34,21985.913157894523,21985.913157894523,21985.913157894523,21985.913157894523,0,0,0,0,0,0,0,0,42,352,352,10,10
thermal_generation_MWh,35,1953.1295567867014,1953.1295567867014,1953.1295567867014,1953.1295567867014,0,0,0,0,0,0,0,0,42,123,123,0.99999999999999989,0.99999999999999989
thermal_generation_MWh,36,1321.3799999999892,1321.3799999999892,1321.3799999999892,1321.3799999999892,0,0,0,0,0,0,0,0,42,186,186,0.99999999999999989,0.99999999999999989
thermal_generation_MWh,37,1882.0227700831003,1882.0227700831003,1882.0227700831003,1882.0227700831003,0,0,0,0,0,0,0,0,42,70,70,1,1
thermal_generation_MWh,38,41231.179999998669,41218.82999999867,41231.179999998669,41218.82999999867,-12.349999999998545,-12.350000000001359,0,0,-12.350000000001359,-0,-12.350000000001359,0,42,27,45,18.999999999999432,18.999999999999432
thermal_generation_MWh,39,55297.752631573407,55297.752631573407,55297.752631573407,55297.752631573407,0,0,0,0,0,0,0,0,42,275,275,21.999999999997797,21.999999999997797
thermal_generation_MWh,40,9755.8552908586935,9294.7585595567616,9755.8552908586971,9294.7585595567652,-461.09673130192823,-461.09673130193181,3.0957764883455017e-12,3.2493525506467433e-12,-461.09673130193198,-1.5357606230124117e-13,-461.09673130193187,3.1725645194961229e-12,42,112,25,3.9999999999999996,4.0000000000000009
thermal_generation_MWh,41,61087.913787727106,61432.006631880817,19901.475000000002,20013.575000000001,-41074.338787727102,344.09284415371468,-41418.43163188082,-41186.4387877271,112.09999999999741,-231.9928441537173,228.09642207685602,-41302.43520980396,42,206,242,29.16041052150192,9.5
thermal_generation_MWh,42,1811.3069529085781,1811.3069529085781,1811.3069529085781,1811.3069529085781,0,0,0,0,0,0,0,0,42,74,74,1,1
thermal_generation_MWh,43,1572.2011357340693,1572.2011357340693,1572.2011357340693,1572.2011357340693,0,0,0,0,0,0,0,0,42,140,140,1,1
thermal_generation_MWh,44,26789.753961217626,27990.902105261557,26789.753961217626,27990.902105261557,1201.1481440439311,1201.1481440439291,0,0,1201.1481440439291,0,1201.1481440439291,0,42,289,154,12.999999999999481,12.999999999999481
thermal_generation_MWh,45,2009.997970152345,2009.997970152345,2009.997970152345,2009.997970152345,0,0,0,0,0,0,0,0,42,343,343,0.99999999999999989,0.99999999999999989
thermal_generation_MWh,46,8803.3368421052637,8570.4870914127441,8803.3368421052619,8570.4870914127423,-232.84975069252141,-232.84975069251965,-1.9030304202278231e-12,-1.9547334511272356e-12,-232.84975069251959,5.1703030899412548e-14,-232.84975069251962,-1.9288819356775293e-12,42,333,75,4.0000000000000009,4
thermal_generation_MWh,47,4166.2308605263052,4166.2308605263052,4166.2308605263052,4166.2308605263052,0,0,0,0,0,0,0,0,42,308,308,2,2
unserved_MWh,0,48.689999999972962,194.6699999999876,48.689999999972954,194.66999999998757,145.9800000000146,145.98000000001463,-2.8816948827165843e-14,-7.2075678758617928e-15,145.98000000001463,-2.1609380951304052e-14,145.98000000001463,-1.801225835151382e-14,42,43,344,3.0000000000003002,3.0000000000002998
unserved_MWh,1,1686.9949999998928,2066.8999999998932,1686.9949999998928,2066.8999999998932,379.90500000000043,379.90500000000054,0,0,379.90500000000054,0,379.90500000000054,0,42,211,163,10,10
unserved_MWh,2,1759.0354143215079,1759.0354143215079,1759.0356981890031,1759.0356981890031,0.00028386749522724131,0,0.00028386749538019415,0.00028386749538019415,0,0,0,0.00028386749538019415,42,1,1,11.999990547020001,11.999992483540002
unserved_MWh,3,1526.7999999997876,2002.6329999997054,1526.7999999997878,2002.6329999997056,475.832999999918,475.83299999991789,3.557390826358119e-13,2.7121416223959254e-13,475.83299999991794,8.4524920396219362e-14,475.83299999991794,3.1347662243770219e-13,42,63,127,19.999999999999996,20
unserved_MWh,4,0,0,0,0,0,0,-0,-0,0,-0,0,-0,42,12,347,4.0937510452463481,3.0000000000003002
unserved_MWh,5,101.11999999995747,101.11999999995747,101.12000191038312,101.12000191038312,1.9104256523405638e-06,0,1.9104256436711393e-06,1.9104256436711393e-06,0,0,0,1.9104256436711393e-06,42,31,31,3.9999999999999996,4.0000000755706342
unserved_MWh,6,4158.1499999996322,3586.1999999996601,3327.5157385685939,2869.818775574382,-1288.3312244252502,-571.94999999997174,-716.38122442527822,-830.63426143103811,-457.69696299421173,114.25303700575996,-514.82348149709173,-773.50774292815811,42,302,209,14.999999999999249,12.003592000897232
unserved_MWh,7,122.23999999997876,122.23999999997876,122.23999999997876,122.23999999997876,0,0,0,0,0,0,0,0,42,187,187,1.9999999999999998,1.9999999999999998
unserved_MWh,8,479.15999999997854,479.15999999997854,479.15999999997854,479.15999999997854,0,0,0,0,0,0,0,0,42,179,179,1.9999999999999998,1.9999999999999998
unserved_MWh,9,4453.9995104361524,2951.8761755426731,4453.9999999997881,2951.8764999996533,-1502.123010436499,-1502.1233348934793,0.00032445698035930745,0.00048956363537582144,-1502.1235000001343,-0.00016510665501651405,-1502.1234174468068,0.00040701030786756442,42,7,298,19.999997801690007,20
unserved_MWh,10,0,0,0,0,0,0,0,0,0,0,0,0,42,13,13,0.99999999999999989,0.99999999999999989
unserved_MWh,11,0,73.249999999946823,0,73.249999999946823,73.249999999946823,73.249999999946823,0,0,73.249999999946823,0,73.249999999946823,0,42,183,189,5,5
unserved_MWh,12,1138.2488502760921,1138.2488502760921,2276.4937499996195,2276.4937499996195,1138.2448997235274,0,1138.2448997235274,1138.2448997235274,0,0,0,1138.2448997235274,42,228,228,9.0000156183039994,17.999999999998558
unserved_MWh,13,1878.9721252541549,1916.0977480230847,4437.2251941660661,4524.8979948879596,2645.9258696338047,37.125622768929752,2608.8002468648747,2558.2530689119108,87.672800721893594,50.54717795296385,62.399211745411677,2583.5266578883925,42,363,33,14.909888662220899,35.209960129274812
unserved_MWh,14,416.63999999991506,416.63999999991506,208.3199999999575,208.3199999999575,-208.31999999995756,0,-208.31999999995753,-208.31999999995753,0,-0,0,-208.31999999995753,42,106,106,8,3.9999999999999996
unserved_MWh,15,0,0,0,0,0,0,0,0,0,0,0,0,42,91,91,1,1
unserved_MWh,16,3.3999999999574961,0,3.8698197983624727,0,-3.3999999999574961,-3.3999999999574961,0,0.46981979840497645,-3.8698197983624727,-0.46981979840497645,-3.6349098991599842,0.23490989920248823,42,238,93,4,4.5527291746009997
unserved_MWh,17,1214.3999999999207,1467.5633999998629,1214.3999999999212,1467.5633999998633,253.16339999994261,253.16339999994216,4.34486047140523e-13,3.5953462429457289e-13,253.16339999994224,7.4951422845950108e-14,253.16339999994219,3.9701033571754794e-13,42,165,253,12.00000000000048,12.000000000000483
unserved_MWh,18,43.119999999915244,43.119999999915244,84.804454006272849,84.804454006272849,41.684454006357605,0,41.684454006357598,41.684454006357598,0,0,0,41.684454006357598,42,105,105,8,15.733664936259654
unserved_MWh,19,5902.3799999993325,5191.9199999993907,2951.2100744484387,2595.9776581193132,-3306.4023418800193,-710.4599999999424,-2595.9423418800775,-2951.1699255508943,-355.23241632912567,355.22758367081673,-532.846208164534,-2773.5561337154859,42,86,173,17.999999999998554,9.0000612193849996
unserved_MWh,20,0,0,0,0,0,0,0,0,0,0,0,0,42,348,348,0.99999999999999989,0.99999999999999989
unserved_MWh,21,0,0,0,0,0,0,0,0,0,0,0,0,42,152,152,2,2
unserved_MWh,22,603.19999999991489,821.18719999990833,603.19999999991501,821.18719999990844,217.98719999999355,217.98719999999341,9.117009369673617e-14,6.6968652845380006e-14,217.98719999999344,2.4201440851356164e-14,217.98719999999341,7.9069373271058088e-14,42,94,134,7.9999999999999991,8
unserved_MWh,23,0,0,0,0,0,0,0,0,0,0,0,0,42,104,110,3.0000000000002998,3.0000000000003002
unserved_MWh,24,0,0,0,0,0,0,-0,-0,0,-0,0,-0,42,125,125,3.8359458040207706,3.0000000000002998
unserved_MWh,25,48.159999999957464,260.07999999995741,48.159999764867614,260.0799987303941,211.91999873043665,211.91999999999993,-1.2695633060120369e-06,-2.3508985242039263e-07,211.91999896552647,-1.0344734535916444e-06,211.91999948276322,-7.5232657921621484e-07,42,315,354,3.9999999999999991,3.9999999804742639
unserved_MWh,26,0,0,0,0,0,0,0,0,0,0,0,0,42,92,92,1.9999999999999998,1.9999999999999998
unserved_MWh,27,315.17912499993986,315.17912499993986,315.17912499993986,315.17912499993986,0,0,0,0,0,0,0,0,42,345,345,4.9999999999999991,4.9999999999999991
unserved_MWh,28,1792.2884999999324,1746.5999999999419,1792.2884999999321,1746.5999999999417,-45.688499999990654,-45.688499999990327,-2.5854873797468749e-13,-2.6531199459609732e-13,-45.68849999999032,6.7632566214098254e-15,-45.688499999990327,-2.6193036628539243e-13,42,196,194,12.000000000000481,12.00000000000048
unserved_MWh,29,1.1799999999893585,1.1799999999893585,1.1799999999893585,1.1799999999893585,0,0,0,0,0,0,0,0,42,332,332,1,1
unserved_MWh,30,1599.8399999998298,3389.9199999998295,1599.8399999998305,3389.9199999998309,1790.0800000000011,1790.0799999999997,1.1290701706911365e-12,5.3285376111483653e-13,1790.0800000000004,5.9621640957630004e-13,1790.0799999999999,8.3096196590298655e-13,42,259,260,15.999999999999998,16.000000000000004
unserved_MWh,31,909.8899999999453,951.29999999994664,909.88999999994519,951.29999999994652,41.410000000001219,41.410000000001332,-1.6898482613213635e-13,-1.6162893246017968e-13,41.410000000001325,-7.3558936719566739e-15,41.410000000001325,-1.6530687929615802e-13,42,188,239,5,4.9999999999999991
unserved_MWh,32,321.75999999995742,150.43999999995748,321.75999999995742,150.43999999995748,-171.31999999999994,-171.31999999999994,0,0,-171.31999999999994,-0,-171.31999999999994,0,42,262,51,4,4
unserved_MWh,33,4074.7199999998293,3016.1599999998298,4074.7199999998297,3016.1599999998302,-1058.559999999999,-1058.5599999999993,3.3486102779532237e-13,4.5238479629004288e-13,-1058.5599999999995,-1.1752376849472051e-13,-1058.5599999999993,3.9362291204268262e-13,42,316,37,15.999999999999998,16
unserved_MWh,34,575.799999999894,575.799999999894,575.799999999894,575.799999999894,0,0,0,0,0,0,0,0,42,352,352,10,10
unserved_MWh,35,61.514774999988823,61.514774999988823,61.514774999988823,61.514774999988823,0,0,0,0,0,0,0,0,42,123,123,0.99999999999999989,0.99999999999999989
unserved_MWh,36,0,0,0,0,0,0,0,0,0,0,0,0,42,186,186,0.99999999999999989,0.99999999999999989
unserved_MWh,37,118.50999999998935,118.50999999998935,118.50999999998935,118.50999999998935,0,0,0,0,0,0,0,0,42,70,70,1,1
unserved_MWh,38,2129.5556249997271,2623.9356249997122,2129.5556249997271,2623.9356249997122,494.3799999999851,494.37999999998488,0,0,494.37999999998488,0,494.37999999998488,0,42,27,45,18.999999999999432,18.999999999999432
unserved_MWh,39,6104.3399999991543,6104.3399999991543,6104.3399999991543,6104.3399999991543,0,0,0,0,0,0,0,0,42,275,275,21.999999999997797,21.999999999997797
unserved_MWh,40,305.27999999995751,114.03999999995743,305.27999999995762,114.03999999995747,-191.24000000000004,-191.24000000000009,3.7982950118461682e-14,1.016786654872562e-13,-191.24000000000015,-6.3695715368794522e-14,-191.24000000000012,6.9830807802858936e-14,42,112,25,3.9999999999999996,4.0000000000000009
unserved_MWh,41,5733.3318320895169,7126.2211232443269,1867.8287249998934,2321.6099999998983,-3411.7218320896186,1392.889291154811,-4804.6111232444291,-3865.503107089623,453.78127500000505,-939.1080161548058,923.33528307740812,-4335.0571151670256,42,206,242,29.16041052150192,9.5
unserved_MWh,42,0,0,0,0,0,0,0,0,0,0,0,0,42,74,74,1,1
unserved_MWh,43,0,0,0,0,0,0,0,0,0,0,0,0,42,140,140,1,1
unserved_MWh,44,1279.4599999998109,813.14999999982933,1279.4599999998109,813.14999999982933,-466.30999999998153,-466.30999999998164,0,0,-466.30999999998164,-0,-466.30999999998164,0,42,289,154,12.999999999999481,12.999999999999481
unserved_MWh,45,9.3399999999893595,9.3399999999893595,9.3399999999893595,9.3399999999893595,0,0,0,0,0,0,0,0,42,343,343,0.99999999999999989,0.99999999999999989
unserved_MWh,46,176.71999999995748,235.83999999995751,176.71999999995745,235.83999999995746,59.119999999999976,59.120000000000019,-5.2366999625509937e-14,-3.9239722582342085e-14,59.120000000000005,-1.3127277043167852e-14,59.120000000000012,-4.5803361103926011e-14,42,333,75,4.0000000000000009,4
unserved_MWh,47,271.83999999997877,271.83999999997877,271.83999999997877,271.83999999997877,0,0,0,0,0,0,0,0,42,308,308,2,2
discharge_MWh,0,245.51160727157807,212.64000000005333,245.51160727157804,212.64000000005331,-32.871607271524766,-32.871607271524745,-3.1477043194177182e-14,-3.6343018560747694e-14,-32.871607271524738,4.8659753665705119e-15,-32.871607271524745,-3.3910030877462441e-14,42,43,344,3.0000000000003002,3.0000000000002998
discharge_MWh,1,708.84250000024838,699.63700000024505,708.84250000024838,699.63700000024505,-9.205500000003326,-9.205500000003326,0,0,-9.205500000003326,-0,-9.205500000003326,0,42,211,163,10,10
discharge_MWh,2,527.68278431862359,527.68278431862359,527.68286947437946,527.68286947437946,8.5155755868981942e-05,0,8.5155755887696206e-05,8.5155755887696206e-05,0,0,0,8.5155755887696206e-05,42,1,1,11.999990547020001,11.999992483540002
discharge_MWh,3,2186.7070550004883,2069.4705000007248,2186.7070550004887,2069.4705000007248,-117.23655499976348,-117.23655499976358,3.6761180766133438e-13,3.8843720329148975e-13,-117.2365549997636,-2.082539563015537e-14,-117.2365549997636,3.7802450547641206e-13,42,63,127,19.999999999999996,20
discharge_MWh,4,90.887413831068613,62.225015887766268,66.604500000029986,45.600000000020522,-45.287413831048092,-28.662397943302349,-16.625015887745747,-24.282913831038634,-21.004500000009461,7.6578979432928875,-24.833448971655905,-20.45396485939219,42,12,347,4.0937510452463481,3.0000000000003002
discharge_MWh,5,189.7243626807485,189.7243626807485,189.72436626514613,189.72436626514613,3.5843976320393267e-06,0,3.5843976235622832e-06,3.5843976235622832e-06,0,0,0,3.5843976235622832e-06,42,31,31,3.9999999999999996,4.0000000755706342
discharge_MWh,6,1260.5051250003783,986.10000000029561,1008.7059490363509,789.1161381392601,-471.38898686111816,-274.40512500008271,-196.98386186103551,-251.79917596402737,-219.58981089709087,54.815314102991856,-246.99746794858677,-224.39151891253144,42,302,209,14.999999999999249,12.003592000897232
discharge_MWh,7,197.5800000000213,197.5800000000213,197.5800000000213,197.5800000000213,0,0,0,0,0,0,0,0,42,187,187,1.9999999999999998,1.9999999999999998
discharge_MWh,8,180.80000000002124,180.80000000002124,180.80000000002124,180.80000000002124,0,0,0,0,0,0,0,0,42,179,179,1.9999999999999998,1.9999999999999998
discharge_MWh,9,1577.6078265969802,1695.923313592175,1577.6080000005518,1695.9235000004537,118.31567340347351,118.31548699519458,0.00018640827884587981,0.00017340357154878444,118.31549999990187,1.3004707297095358e-05,118.31549349754822,0.00017990592519733211,42,7,298,19.999997801690007,20
discharge_MWh,10,84.333300000008506,84.333300000008506,84.333300000008506,84.333300000008506,0,0,0,0,0,0,0,0,42,13,13,0.99999999999999989,0.99999999999999989
discharge_MWh,11,362.60000000002663,448.55650000014521,362.60000000002663,448.55650000014521,85.956500000118581,85.956500000118581,0,0,85.956500000118581,0,85.956500000118581,0,42,183,189,5,5
discharge_MWh,12,832.65601996165549,832.65601996165549,1665.3091500004489,1665.3091500004489,832.65313003879339,0,832.65313003879339,832.65313003879339,0,0,0,832.65313003879339,42,228,228,9.0000156183039994,17.999999999998558
discharge_MWh,13,953.45495094152034,994.90891438900269,2251.600368604632,2349.4946207518415,1396.0396698103211,41.453963447482352,1354.5857063628387,1298.1454176631116,97.894252147209244,56.440288699726885,69.674107797345798,1326.365562012975,42,363,33,14.909888662220899,35.209960129274812
discharge_MWh,14,845.92000000008534,845.92000000008534,422.96000000004261,422.96000000004261,-422.96000000004273,0,-422.96000000004267,-422.96000000004267,0,-0,0,-422.96000000004267,42,106,106,8,3.9999999999999996
discharge_MWh,15,70.99706250002005,70.99706250002005,70.99706250002005,70.99706250002005,0,0,0,0,0,0,0,0,42,91,91,1,1
discharge_MWh,16,121.60000000004257,19.278633377138895,138.40296690791885,21.942599155634213,-99.657400844408357,-102.32136662290367,2.6639657784953163,16.802966907876272,-116.46036775228463,-14.139001129380956,-109.39086718759414,9.7334663431857926,42,238,93,4,4.5527291746009997
discharge_MWh,17,826.46010000032243,982.73700000038343,826.46010000032265,982.73700000038377,156.27690000006135,156.27690000006106,2.9094859854704921e-13,2.4468134185448815e-13,156.27690000006109,4.626725669256106e-14,156.27690000006109,2.6781497020076866e-13,42,165,253,12.00000000000048,12.000000000000483
discharge_MWh,18,879.92000000008511,879.92000000008511,1730.5458063393667,1730.5458063393667,850.62580633928155,0,850.62580633928155,850.62580633928155,0,0,0,850.62580633928155,42,105,105,8,15.733664936259654
discharge_MWh,19,820.8000000002213,547.20000000014761,410.4027916040996,273.60186106939977,-547.19813893082153,-273.60000000007375,-273.59813893074784,-410.3972083961217,-136.80093053469986,136.79906946537389,-205.20046526738679,-341.99767366343474,42,86,173,17.999999999998554,9.0000612193849996
discharge_MWh,20,86.006750000000835,86.006750000000835,86.006750000000835,86.006750000000835,0,0,0,0,0,0,0,0,42,348,348,0.99999999999999989,0.99999999999999989
discharge_MWh,21,80.583800000003919,80.583800000003919,80.583800000003919,80.583800000003919,0,0,0,0,0,0,0,0,42,152,152,2,2
discharge_MWh,22,777.52000000023668,734.79460000025745,777.52000000023679,734.79460000025756,-42.725399999979118,-42.725399999979224,8.15785883290518e-14,8.632206061068146e-14,-42.725399999979231,-4.7434722816296605e-15,-42.725399999979224,8.3950324469866637e-14,42,94,134,7.9999999999999991,8
discharge_MWh,23,255.36000000004151,267.25518750010582,255.36000000004157,267.25518750010582,11.89518750006431,11.89518750006429,3.9561715015080153e-14,3.7800873542439698e-14,11.895187500064292,1.7608414726404549e-15,11.89518750006429,3.8681294278759929e-14,42,104,110,3.0000000000002998,3.0000000000003002
discharge_MWh,24,12.225631749639422,12.225631749639422,9.5613695090472497,9.5613695090472497,-2.6642622405921728,0,-2.6642622405921728,-2.6642622405921728,0,-0,0,-2.6642622405921728,42,125,125,3.8359458040207706,3.0000000000002998
discharge_MWh,25,356.28000000011428,391.79330000011498,356.27999826095703,391.79329808760195,35.513298087487669,35.513300000000747,-1.9125130622177532e-06,-1.7391572387964768e-06,35.513299826644925,-1.7335582342127655e-07,35.513299913322832,-1.825835150507115e-06,42,315,354,3.9999999999999991,3.9999999804742639
discharge_MWh,26,160.03070703026893,160.03070703026893,160.03070703026893,160.03070703026893,0,0,0,0,0,0,0,0,42,92,92,1.9999999999999998,1.9999999999999998
discharge_MWh,27,172.17087500006025,172.17087500006025,172.17087500006025,172.17087500006025,0,0,0,0,0,0,0,0,42,345,345,4.9999999999999991,4.9999999999999991
discharge_MWh,28,631.67400000024645,551.31540000021516,631.67400000024645,551.31540000021516,-80.358600000031288,-80.358600000031302,-8.1611073454752319e-14,-9.3506535847642222e-14,-80.358600000031288,1.1895462392889903e-14,-80.358600000031302,-8.7558804651197277e-14,42,196,194,12.000000000000481,12.00000000000048
discharge_MWh,29,81.700000000028609,81.700000000028609,81.700000000028609,81.700000000028609,0,0,0,0,0,0,0,0,42,332,332,1,1
discharge_MWh,30,1752.6932000003894,1369.6000000002552,1752.6932000003901,1369.6000000002557,-383.09320000013372,-383.09320000013412,4.5616843635806946e-13,5.8376410372331308e-13,-383.09320000013423,-1.275956673652437e-13,-383.09320000013417,5.1996627004069127e-13,42,259,260,15.999999999999998,16.000000000000004
discharge_MWh,31,334.7918750001171,452.00000000005326,334.79187500011705,452.00000000005315,117.20812499993605,117.20812499993613,-8.029132914090078e-14,-5.9470983693209177e-14,117.20812499993612,-2.0820345447691603e-14,117.20812499993612,-6.9881156417054978e-14,42,188,239,5,4.9999999999999991
discharge_MWh,32,121.60000000004257,359.72000000006392,121.60000000004257,359.72000000006392,238.12000000002135,238.12000000002135,0,0,238.12000000002135,0,238.12000000002135,0,42,262,51,4,4
discharge_MWh,33,486.40000000017022,486.40000000017022,486.40000000017028,486.40000000017028,5.6843418860808015e-14,0,5.4001247917786519e-14,5.4001247917786519e-14,0,0,0,5.4001247917786519e-14,42,316,37,15.999999999999998,16
discharge_MWh,34,768.07737500022085,768.07737500022085,768.07737500022085,768.07737500022085,0,0,0,0,0,0,0,0,42,352,352,10,10
discharge_MWh,35,77.085225000012187,77.085225000012187,77.085225000012187,77.085225000012187,0,0,0,0,0,0,0,0,42,123,123,0.99999999999999989,0.99999999999999989
discharge_MWh,36,90.400000000010621,90.400000000010621,90.400000000010621,90.400000000010621,0,0,0,0,0,0,0,0,42,186,186,0.99999999999999989,0.99999999999999989
discharge_MWh,37,108.16000000003592,108.16000000003592,108.16000000003592,108.16000000003592,0,0,0,0,0,0,0,0,42,70,70,1,1
discharge_MWh,38,1647.8343750002614,1647.8343750002614,1647.8343750002614,1647.8343750002614,0,0,0,0,0,0,0,0,42,27,45,18.999999999999432,18.999999999999432
discharge_MWh,39,668.80000000016707,668.80000000016707,668.80000000016707,668.80000000016707,0,0,0,0,0,0,0,0,42,275,275,21.999999999997797,21.999999999997797
discharge_MWh,40,200.08000000004262,178.0800000000425,200.0800000000427,178.08000000004256,-22.000000000000057,-22.00000000000011,5.9312554867588526e-14,6.6640026830114597e-14,-22.000000000000117,-7.327471962526071e-15,-22.000000000000114,6.2976290848851567e-14,42,112,25,3.9999999999999996,4.0000000000000009
discharge_MWh,41,2620.202855328369,2802.844712568281,853.62060000029919,913.12242500031971,-1707.0804303280493,182.6418572399121,-1889.7222875679613,-1766.5822553280698,59.501825000020546,-123.14003223989157,121.07184111996631,-1828.1522714480157,42,206,242,29.16041052150192,9.5
discharge_MWh,42,44.310000000007314,44.310000000007314,44.310000000007314,44.310000000007314,0,0,0,0,0,0,0,0,42,74,74,1,1
discharge_MWh,43,6.4899999999999931,6.4899999999999931,6.4899999999999931,6.4899999999999931,0,0,0,0,0,0,0,0,42,140,140,1,1
discharge_MWh,44,1421.680000000315,1479.1903750002082,1421.680000000315,1479.1903750002082,57.510374999893202,57.510374999893266,0,0,57.510374999893266,0,57.510374999893266,0,42,289,154,12.999999999999481,12.999999999999481
discharge_MWh,45,56.028775000012892,56.028775000012892,56.028775000012892,56.028775000012892,0,0,0,0,0,0,0,0,42,343,343,0.99999999999999989,0.99999999999999989
discharge_MWh,46,121.6000000000426,121.88000000004256,121.60000000004257,121.88000000004253,0.27999999999993008,0.27999999999995856,-2.7062796448272259e-14,-2.700062395889326e-14,0.2799999999999585,-6.2172489378999552e-17,0.2799999999999585,-2.7031710203582761e-14,42,333,75,4.0000000000000009,4
discharge_MWh,47,90.813350000031861,90.813350000031861,90.813350000031861,90.813350000031861,0,0,0,0,0,0,0,0,42,308,308,2,2
total_cost_CNY,0,2629084.4808301381,4195954.0415913593,2629084.4808301376,4195954.0415913584,1566869.5607612203,1566869.5607612208,-6.211259716324323e-10,-3.8918268324026709e-10,1566869.5607612205,-2.319432883921652e-10,1566869.5607612208,-5.0515432743634964e-10,42,43,344,3.0000000000003002,3.0000000000002998
total_cost_CNY,1,24554251.770930979,28481259.615930982,24554251.770930979,28481259.615930982,3927007.8450000025,3927007.8450000007,0,0,3927007.8450000007,0,3927007.8450000007,0,42,211,163,10,10
total_cost_CNY,2,28155350.509873964,28155350.509873964,28155355.053494155,28155355.053494155,4.543620191514492,0,4.5436201941802326,4.5436201941802326,0,0,0,4.5436201941802326,42,1,1,11.999990547020001,11.999992483540002
total_cost_CNY,3,31411728.923411835,35952087.096861243,31411728.923411839,35952087.096861243,4540358.1734494083,4540358.1734494064,6.3863735805222971e-09,5.5798439510489288e-09,4540358.1734494073,8.0652962947336834e-10,4540358.1734494064,5.9831087657856125e-09,42,63,127,19.999999999999996,20
total_cost_CNY,4,1960913.5575620467,2694224.1690807934,1437004.9882534381,1974392.7800955959,13479.222533549182,733310.61151874659,-719831.38898519741,-523908.56930860848,537387.7918421576,-195922.81967658893,635349.2016804521,-621869.97914690292,42,12,347,4.0937510452463481,3.0000000000003002
total_cost_CNY,5,3633595.1597016612,3633595.1597016612,3633595.2283499343,3633595.2283499343,0.068648273125290871,0,0.068648273059892226,0.068648273059892226,0,0,0,0.068648273059892226,42,31,31,3.9999999999999996,4.0000000755706342
total_cost_CNY,6,53975957.345143788,47883367.268894069,43193691.32193137,38318160.288330004,-15657797.056813784,-6092590.0762497121,-9565206.9805640709,-10782266.023212412,-4875531.0336013706,1217059.0426483413,-5484060.5549255414,-10173736.501888242,42,302,209,14.999999999999249,12.003592000897232
total_cost_CNY,7,2831511.8085213839,2831511.8085213839,2831511.8085213839,2831511.8085213839,0,0,0,0,0,0,0,0,42,187,187,1.9999999999999998,1.9999999999999998
total_cost_CNY,8,6458954.5292970072,6458954.5292970072,6458954.5292970072,6458954.5292970072,0,0,0,0,0,0,0,0,42,179,179,1.9999999999999998,1.9999999999999998
total_cost_CNY,9,61089312.657198921,45914461.378764071,61089319.371861979,45914466.42547559,-15174846.231723331,-15174851.27843485,5.0467115176466093,6.7146630611416196,-15174852.946386393,-1.6679515434950094,-15174852.112410622,5.8806872893941149,42,7,298,19.999997801690007,20
total_cost_CNY,10,383427.20580650272,383427.20580650272,383427.20580650272,383427.20580650272,0,0,0,0,0,0,0,0,42,13,13,0.99999999999999989,0.99999999999999989
total_cost_CNY,11,3694643.0019134013,4331089.164696794,3694643.0019134013,4331089.164696794,636446.16278339271,636446.16278339294,0,0,636446.16278339294,0,636446.16278339294,0,42,183,189,5,5
total_cost_CNY,12,18681794.266802974,18681794.266802974,37363523.694172785,37363523.694172785,18681729.427369811,0,18681729.427369811,18681729.427369811,0,0,0,18681729.427369811,42,228,228,9.0000156183039994,17.999999999998558
total_cost_CNY,13,30738418.963698212,31153215.496092513,72589308.389077216,73568857.579432428,42830438.61573422,414796.53239430068,42415642.083339907,41850889.425379001,979549.19035520789,564752.65796090709,697172.86137475423,42133265.754359454,42,363,33,14.909888662220899,35.209960129274812
total_cost_CNY,14,10961249.560955334,10961249.560955334,5480624.7804776663,5480624.7804776663,-5480624.7804776682,0,-5480624.7804776672,-5480624.7804776672,0,-0,0,-5480624.7804776672,42,106,106,8,3.9999999999999996
total_cost_CNY,15,589450.71771820111,589450.71771820111,589450.71771820111,589450.71771820111,0,0,0,0,0,0,0,0,42,91,91,1,1
total_cost_CNY,16,2709119.2857408146,2561419.1339741717,3083471.6024166071,2915361.9049063595,206242.61916554486,-147700.15176664293,353942.77093218785,374352.31667579256,-168109.69751024767,-20409.545743604733,-157904.92463844529,364147.54380399018,42,238,93,4,4.5527291746009997
total_cost_CNY,17,21403717.636118069,24362398.465117469,21403717.636118073,24362398.465117477,2958680.8289994076,2958680.8289994029,7.2127188562839757e-09,6.336773368584762e-09,2958680.8289994039,8.759454876992137e-10,2958680.8289994034,6.7747461124343688e-09,42,165,253,12.00000000000048,12.000000000000483
total_cost_CNY,18,6445079.1565231998,6445079.1565231998,12675589.492050877,12675589.492050877,6230510.3355276771,0,6230510.3355276771,6230510.3355276771,0,0,0,6230510.3355276771,42,105,105,8,15.733664936259654
total_cost_CNY,19,73807366.364775062,66439814.785828315,36903934.206922568,33220133.359839085,-40587233.00493598,-7367551.5789467497,-33219681.425989229,-36903432.157852493,-3683800.8470834824,3683750.7318632668,-5525676.2130151168,-35061556.791920863,42,86,173,17.999999999998554,9.0000612193849996
total_cost_CNY,20,606963.21618600341,606963.21618600341,606963.21618600341,606963.21618600341,0,0,0,0,0,0,0,0,42,348,348,0.99999999999999989,0.99999999999999989
total_cost_CNY,21,1370880.5386822433,1370880.5386822433,1370880.5386822433,1370880.5386822433,0,0,0,0,0,0,0,0,42,152,152,2,2
total_cost_CNY,22,12751280.020789126,14793076.982744755,12751280.020789128,14793076.982744757,2041796.9619556312,2041796.9619556291,1.6423614671295669e-09,1.4156764672522834e-09,2041796.9619556293,2.2668499987728344e-10,2041796.9619556291,1.5290189671909252e-09,42,94,134,7.9999999999999991,8
total_cost_CNY,23,2044318.5809266244,2195729.3299969318,2044318.5809266248,2195729.3299969323,151410.74907030794,151410.74907030736,3.2503323440094913e-10,3.0261994109513841e-10,151410.74907030739,2.2413293305810725e-11,151410.74907030736,3.1382658774804374e-10,42,104,110,3.0000000000002998,3.0000000000003002
total_cost_CNY,24,2452562.696750287,2452562.696750287,1918089.6879563308,1918089.6879563308,-534473.00879395613,0,-534473.00879395625,-534473.00879395625,0,-0,0,-534473.00879395625,42,125,125,3.8359458040207706,3.0000000000002998
total_cost_CNY,25,3324260.4569319608,5620270.7208460728,3324260.4407048034,5620270.6934110932,2296010.2364791324,2296010.2639141115,-0.027434979533378819,-0.016227157396756061,2296010.2527062893,-0.011207822136622756,2296010.2583102006,-0.021831068465067438,42,315,354,3.9999999999999991,3.9999999804742639
total_cost_CNY,26,1213161.5526513434,1213161.5526513434,1213161.5526513434,1213161.5526513434,0,0,0,0,0,0,0,0,42,92,92,1.9999999999999998,1.9999999999999998
total_cost_CNY,27,7207442.0659259483,7207442.0659259483,7207442.0659259483,7207442.0659259483,0,0,0,0,0,0,0,0,42,345,345,4.9999999999999991,4.9999999999999991
total_cost_CNY,28,27213613.087354966,26819395.673855074,27213613.087354958,26819395.67385507,-394217.41349989548,-394217.41349988896,-3.9700680778193367e-09,-4.0284239777094347e-09,-394217.41349988891,5.8355899890098022e-11,-394217.41349988891,-3.9992460277643857e-09,42,196,194,12.000000000000481,12.00000000000048
total_cost_CNY,29,645728.74248783605,645728.74248783605,645728.74248783605,645728.74248783605,0,0,0,0,0,0,0,0,42,332,332,1,1
total_cost_CNY,30,28873161.416957591,47136799.624957785,28873161.416957602,47136799.6249578,18263638.208000209,18263638.208000194,1.5699708075231175e-08,9.6166945796475102e-09,18263638.208000202,6.0830134955836661e-09,18263638.208000198,1.2658201327439344e-08,42,259,260,15.999999999999998,16.000000000000004
total_cost_CNY,31,13083754.716715489,13500976.323242523,13083754.716715487,13500976.323242521,417221.60652703233,417221.60652703373,-2.3982551630372702e-09,-2.3241417176072845e-09,417221.60652703367,-7.4113445429985654e-11,417221.60652703367,-2.3611984403222772e-09,42,188,239,5,4.9999999999999991
total_cost_CNY,32,6296241.2857408142,4467503.4663502304,6296241.2857408142,4467503.4663502304,-1828737.8193905838,-1828737.8193905838,0,0,-1828737.8193905838,-0,-1828737.8193905838,0,42,262,51,4,4
total_cost_CNY,33,54461373.142963246,43610725.142963253,54461373.142963253,43610725.14296326,-10850647.999999985,-10850647.999999991,4.8417631174317033e-09,6.0464270416019931e-09,-10850647.999999993,-1.2046639241702897e-09,-10850647.999999991,5.4440950795168486e-09,42,316,37,15.999999999999998,16
total_cost_CNY,34,13593280.910470378,13593280.910470378,13593280.910470378,13593280.910470378,0,0,0,0,0,0,0,0,42,352,352,10,10
total_cost_CNY,35,1394767.607895727,1394767.607895727,1394767.607895727,1394767.607895727,0,0,0,0,0,0,0,0,42,123,123,0.99999999999999989,0.99999999999999989
total_cost_CNY,36,640668.10675387038,640668.10675387038,640668.10675387038,640668.10675387038,0,0,0,0,0,0,0,0,42,186,186,0.99999999999999989,0.99999999999999989
total_cost_CNY,37,2058691.4962274518,2058691.4962274518,2058691.4962274518,2058691.4962274518,0,0,0,0,0,0,0,0,42,70,70,1,1
total_cost_CNY,38,36777255.148386143,41566708.648386002,36777255.148386143,41566708.648386002,4789453.4999998584,4789453.4999998566,0,0,4789453.4999998566,0,4789453.4999998566,0,42,27,45,18.999999999999432,18.999999999999432
total_cost_CNY,39,80670773.071566403,80670773.071566403,80670773.071566403,80670773.071566403,0,0,0,0,0,0,0,0,42,275,275,21.999999999997797,21.999999999997797
total_cost_CNY,40,6517799.5428045159,4443795.6868488388,6517799.5428045187,4443795.6868488407,-2074003.8559556752,-2074003.8559556769,1.4800812864808631e-09,2.1708633366938679e-09,-2074003.8559556776,-6.907820502130048e-10,-2074003.8559556771,1.8254723115873654e-09,42,112,25,3.9999999999999996,4.0000000000000009
total_cost_CNY,41,80842289.724814355,95535086.057087377,26337137.874634422,31123818.262884475,-49718471.46192988,14692796.332273025,-64411267.794202901,-54505151.850179926,4786680.3882500529,-9906115.9440229721,9739738.360261539,-59458209.82219141,42,206,242,29.16041052150192,9.5
total_cost_CNY,42,676874.88126910327,676874.88126910327,676874.88126910327,676874.88126910327,0,0,0,0,0,0,0,0,42,74,74,1,1
total_cost_CNY,43,562447.64525802364,562447.64525802364,562447.64525802364,562447.64525802364,0,0,0,0,0,0,0,0,42,140,140,1,1
total_cost_CNY,44,23022944.259820167,18580356.23635409,23022944.259820167,18580356.23635409,-4442588.0234660767,-4442588.0234660767,0,0,-4442588.0234660767,-0,-4442588.0234660767,0,42,289,154,12.999999999999481,12.999999999999481
total_cost_CNY,45,815400.92505431396,815400.92505431396,815400.92505431396,815400.92505431396,0,0,0,0,0,0,0,0,42,343,343,0.99999999999999989,0.99999999999999989
total_cost_CNY,46,4898033.2857408151,5407738.672998433,4898033.2857408142,5407738.6729984321,509705.38725761697,509705.38725761801,-1.2007591971837499e-09,-1.0875818658419721e-09,509705.3872576179,-1.1317733134177785e-10,509705.38725761796,-1.1441705315128611e-09,42,333,75,4.0000000000000009,4
total_cost_CNY,47,4201713.6301861936,4201713.6301861936,4201713.6301861936,4201713.6301861936,0,0,0,0,0,0,0,0,42,308,308,2,2
thermal_cost_CNY,0,2035341.002820163,2094806.6592799877,2035341.0028201626,2094806.6592799874,59465.656459824415,59465.656459824779,-3.1009367803606867e-10,-3.0129099257258327e-10,59465.656459824771,-8.8026854634854049e-12,59465.656459824771,-3.0569233530432597e-10,42,43,344,3.0000000000003002,3.0000000000002998
thermal_cost_CNY,1,7416122.368421034,7418712.368421033,7416122.368421034,7418712.368421033,2589.9999999990687,2589.9999999988358,0,0,2589.9999999988358,0,2589.9999999988358,0,42,211,163,10,10
thermal_cost_CNY,2,10414371.480300287,10414371.480300287,10414373.160938166,10414373.160938166,1.6806378792971373,0,1.6806378791481396,1.6806378791481396,0,0,0,1.6806378791481396,42,1,1,11.999990547020001,11.999992483540002
thermal_cost_CNY,3,14702483.286841942,14343994.736842103,14702483.286841944,14343994.736842105,-358488.54999983683,-358488.5499998391,2.548005315511067e-09,2.6116856742749563e-09,-358488.54999983916,-6.3680358763889295e-11,-358488.54999983916,2.5798454948930119e-09,42,63,127,19.999999999999996,20
thermal_cost_CNY,4,1871912.6967003825,2643224.5186373377,1371783.0000001315,1937019.0000001884,65106.303299805848,771311.82193695521,-706205.51863714948,-500129.69670025102,565236.00000005669,-206075.82193689846,668273.91096850601,-603167.60766870028,42,12,347,4.0937510452463481,3.0000000000003002
thermal_cost_CNY,5,2555195.8934919336,2555195.8934919336,2555195.9417663775,2555195.9417663775,0.048274443950504065,0,0.048274443824488054,0.048274443824488054,0,0,0,0.048274443824488054,42,31,31,3.9999999999999996,4.0000000755706342
thermal_cost_CNY,6,11760326.052630963,11572271.052630972,9411077.0488874279,9260588.0159721784,-2499738.0366587844,-188054.99999999057,-2311683.0366587932,-2349249.0037435349,-150489.03291524859,37565.967084741984,-169272.01645761958,-2330466.0202011638,42,302,209,14.999999999999249,12.003592000897232
thermal_cost_CNY,7,1335388.9529085846,1335388.9529085846,1335388.9529085846,1335388.9529085846,0,0,0,0,0,0,0,0,42,187,187,1.9999999999999998,1.9999999999999998
thermal_cost_CNY,8,1486787.4736842103,1486787.4736842103,1486787.4736842103,1486787.4736842103,0,0,0,0,0,0,0,0,42,179,179,1.9999999999999998,1.9999999999999998
thermal_cost_CNY,9,15823652.997577149,15764153.004117124,15823654.736842066,15764154.736842068,-59498.260735081509,-59499.993460025442,1.7327249442289507,1.7392649164572538,-59499.999999997672,-0.0065399722283030143,-59499.996730011553,1.7359949303431024,42,7,298,19.999997801690007,20
thermal_cost_CNY,10,299630.34499999695,299630.34499999695,299630.34499999695,299630.34499999695,0,0,0,0,0,0,0,0,42,13,13,0.99999999999999989,0.99999999999999989
thermal_cost_CNY,11,3272340.8033240885,3224246.8767312877,3272340.8033240885,3224246.8767312877,-48093.926592800766,-48093.926592800417,0,0,-48093.926592800417,-0,-48093.926592800417,0,42,183,189,5,5
thermal_cost_CNY,12,6531196.4655828197,6531196.4655828197,13062370.263156846,13062370.263156846,6531173.7975740265,0,6531173.7975740265,6531173.7975740265,0,0,0,6531173.7975740265,42,228,228,9.0000156183039994,17.999999999998558
thermal_cost_CNY,13,11666767.761147315,11629142.657108201,27551273.990956623,27462421.656570397,15795653.895423083,-37625.104039114442,15833278.999462197,15884506.229809308,-88852.334386224989,-51227.230347110548,-63238.719212669719,15858892.614635753,42,363,33,14.909888662220899,35.209960129274812
thermal_cost_CNY,14,5134778.1385041382,5134778.1385041382,2567389.0692520686,2567389.0692520686,-2567389.0692520696,0,-2567389.0692520691,-2567389.0692520691,0,-0,0,-2567389.0692520691,42,106,106,8,3.9999999999999996
thermal_cost_CNY,15,470384.98684209964,470384.98684209964,470384.98684209964,470384.98684209964,0,0,0,0,0,0,0,0,42,91,91,1,1
thermal_cost_CNY,16,2625453.8947368418,2512776.9566360028,2988245.1357845603,2859998.23993546,234544.34519861825,-112676.93810083903,347221.28329945746,362791.24104771862,-128246.89584910021,-15569.957748261173,-120461.91697496962,355006.26217358804,42,238,93,4,4.5527291746009997
thermal_cost_CNY,17,8780276.8421056122,9371384.8421056159,8780276.8421056159,9371384.8421056177,591108.00000000559,591108.00000000268,2.7744872598209135e-09,2.5994841367168859e-09,591108.00000000279,1.7500312310402767e-10,591108.00000000279,2.6869856982688995e-09,42,165,253,12.00000000000048,12.000000000000483
thermal_cost_CNY,18,5082107.7340720007,5082107.7340720007,9995022.5322328303,9995022.5322328303,4912914.7981608296,0,4912914.7981608296,4912914.7981608296,0,0,0,4912914.7981608296,42,105,105,8,15.733664936259654
thermal_cost_CNY,19,14531467.263156693,14297120.52631464,7265783.0542172082,7148608.888764888,-7382858.3743918054,-234346.73684205467,-7148511.6375497514,-7265684.2089394862,-117174.16545232042,117172.57138973425,-175760.45114718756,-7207097.9232446188,42,86,173,17.999999999998554,9.0000612193849996
thermal_cost_CNY,20,526017.62087949773,526017.62087949773,526017.62087949773,526017.62087949773,0,0,0,0,0,0,0,0,42,348,348,0.99999999999999989,0.99999999999999989
thermal_cost_CNY,21,1345850.0051800446,1345850.0051800446,1345850.0051800446,1345850.0051800446,0,0,0,0,0,0,0,0,42,152,152,2,2
thermal_cost_CNY,22,5934929.4072022019,5813841.8947368404,5934929.4072022028,5813841.8947368413,-121087.51246536057,-121087.51246536149,6.4546611330671869e-10,6.5890952774008169e-10,-121087.51246536151,-1.3443414433363e-11,-121087.51246536149,6.5218782052340019e-10,42,94,134,7.9999999999999991,8
thermal_cost_CNY,23,1825635.2617730177,1830461.9605264817,1825635.2617730182,1830461.960526482,4826.6987534642685,4826.6987534638192,2.709628019035735e-10,2.7024830695837023e-10,4826.6987534638201,7.1449494520327187e-13,4826.6987534638192,2.7060555443097187e-10,42,104,110,3.0000000000002998,3.0000000000003002
thermal_cost_CNY,24,2405978.1309001208,2405978.1309001208,1881657.0310079388,1881657.0310079388,-524321.09989218204,0,-524321.09989218204,-524321.09989218204,0,-0,0,-524321.09989218204,42,125,125,3.8359458040207706,3.0000000000002998
thermal_cost_CNY,25,2640635.6343490258,2732444.1052631414,2640635.6214589374,2732444.0919248965,91808.457575870678,91808.470914115649,-0.013338245046799231,-0.012890088072584937,91808.470465958671,-0.00044815697421429442,91808.470690037168,-0.013114166559692084,42,315,354,3.9999999999999991,3.9999999804742639
thermal_cost_CNY,26,1077726.5400788351,1077726.5400788351,1077726.5400788351,1077726.5400788351,0,0,0,0,0,0,0,0,42,92,92,1.9999999999999998,1.9999999999999998
thermal_cost_CNY,27,3993367.3684210517,3993367.3684210517,3993367.3684210517,3993367.3684210517,0,0,0,0,0,0,0,0,42,345,345,4.9999999999999991,4.9999999999999991
thermal_cost_CNY,28,9113881.5296055973,9149864.4521056078,9113881.5296055954,9149864.452105606,35982.922500008717,35982.922500010158,-1.3544520249235307e-09,-1.3491254823831557e-09,35982.922500010158,-5.3265425403749703e-12,35982.922500010158,-1.3517887536533432e-09,42,196,194,12.000000000000481,12.00000000000048
thermal_cost_CNY,29,566178.2368421033,566178.2368421033,566178.2368421033,566178.2368421033,0,0,0,0,0,0,0,0,42,332,332,1,1
thermal_cost_CNY,30,11830515.929473542,12377131.789473683,11830515.929473545,12377131.789473686,546615.86000014469,546615.86000014085,4.1224130074480953e-09,3.940353353428864e-09,546615.86000014108,1.8205965401923129e-10,546615.86000014096,4.0313831804384801e-09,42,259,260,15.999999999999998,16.000000000000004
thermal_cost_CNY,31,3788788.6842105258,3690858.6842105258,3788788.6842105254,3690858.6842105254,-97930.000000000466,-97930,-6.5562820669571768e-10,-6.7302406922396433e-10,-97929.999999999985,1.7395862528246653e-11,-97929.999999999985,-6.64326137959841e-10,42,188,239,5,4.9999999999999991
thermal_cost_CNY,32,3028975.8947368423,2856532.7756232554,3028975.8947368423,2856532.7756232554,-172443.11911358684,-172443.11911358684,0,0,-172443.11911358684,-0,-172443.11911358684,0,42,262,51,4,4
thermal_cost_CNY,33,13515511.578947367,13250463.578947365,13515511.578947369,13250463.578947367,-265048,-265048.0000000018,1.4710969752304423e-09,1.5005232144535273e-09,-265048.00000000186,-2.9426239223085056e-11,-265048.0000000018,1.4858100948419849e-09,42,316,37,15.999999999999998,16
thermal_cost_CNY,34,7695069.6052630842,7695069.6052630842,7695069.6052630842,7695069.6052630842,0,0,0,0,0,0,0,0,42,352,352,10,10
thermal_cost_CNY,35,683595.34487534547,683595.34487534547,683595.34487534547,683595.34487534547,0,0,0,0,0,0,0,0,42,123,123,0.99999999999999989,0.99999999999999989
thermal_cost_CNY,36,462482.99999999622,462482.99999999622,462482.99999999622,462482.99999999622,0,0,0,0,0,0,0,0,42,186,186,0.99999999999999989,0.99999999999999989
thermal_cost_CNY,37,658707.96952908509,658707.96952908509,658707.96952908509,658707.96952908509,0,0,0,0,0,0,0,0,42,70,70,1,1
thermal_cost_CNY,38,14430912.999999532,14426590.499999532,14430912.999999532,14426590.499999532,-4322.5,-4322.4999999998709,0,0,-4322.4999999998709,-0,-4322.4999999998709,0,42,27,45,18.999999999999432,18.999999999999432
thermal_cost_CNY,39,19354213.421050694,19354213.421050694,19354213.421050694,19354213.421050694,0,0,0,0,0,0,0,0,42,275,275,21.999999999997797,21.999999999997797
thermal_cost_CNY,40,3414549.3518005428,3253165.4958448666,3414549.3518005442,3253165.495844868,-161383.85595567478,-161383.85595567615,1.0835217709209256e-09,1.1372733927263602e-09,-161383.8559556762,-5.3751621805434416e-11,-161383.85595567618,1.1103975818236429e-09,42,112,25,3.9999999999999996,4.0000000000000009
thermal_cost_CNY,41,21380769.825704485,21501202.321158286,6965516.25,7004751.25,-14376018.575704485,120432.49545380293,-14496451.071158286,-14415253.575704483,39235,-81197.495453802927,79833.747726901463,-14455852.323431386,42,206,242,29.16041052150192,9.5
thermal_cost_CNY,42,633957.43351800228,633957.43351800228,633957.43351800228,633957.43351800228,0,0,0,0,0,0,0,0,42,74,74,1,1
thermal_cost_CNY,43,550270.39750692423,550270.39750692423,550270.39750692423,550270.39750692423,0,0,0,0,0,0,0,0,42,140,140,1,1
thermal_cost_CNY,44,9376413.8864261694,9796815.7368415445,9376413.8864261694,9796815.7368415445,420401.85041537508,420401.85041537473,0,0,420401.85041537473,0,420401.85041537473,0,42,289,154,12.999999999999481,12.999999999999481
thermal_cost_CNY,45,703499.28955332073,703499.28955332073,703499.28955332073,703499.28955332073,0,0,0,0,0,0,0,0,42,343,343,0.99999999999999989,0.99999999999999989
thermal_cost_CNY,46,3081167.8947368423,2999670.4819944603,3081167.8947368418,2999670.4819944599,-81497.412742382381,-81497.41274238193,-6.6606064707973808e-10,-6.8415670789453249e-10,-81497.412742381915,1.8096060814794405e-11,-81497.412742381915,-6.7510867748713528e-10,42,333,75,4.0000000000000009,4
thermal_cost_CNY,47,1458180.8011842067,1458180.8011842067,1458180.8011842067,1458180.8011842067,0,0,0,0,0,0,0,0,42,308,308,2,2
curtailment_cost_CNY,0,68051.318684227808,115983.93905819267,68051.318684227808,115983.93905819266,47932.620373964848,47932.620373964863,-1.7169071950548482e-11,-1.0073618781243502e-11,47932.620373964855,-7.0954531693049793e-12,47932.620373964863,-1.3621345365895991e-11,42,43,344,3.0000000000003002,3.0000000000002998
curtailment_cost_CNY,1,139967.50000001758,265427.40000001708,139967.50000001758,265427.40000001708,125459.8999999995,125459.89999999948,0,0,125459.89999999948,0,125459.89999999948,0,42,211,163,10,10
curtailment_cost_CNY,2,0,0,0,0,0,0,0,0,0,0,0,0,42,1,1,11.999990547020001,11.999992483540002
curtailment_cost_CNY,3,1177131.6110000242,1318820.7000000859,1177131.6110000245,1318820.7000000863,141689.08900006209,141689.08900006162,2.3426961703877791e-10,2.0910057880741287e-10,141689.08900006165,2.5169038231365031e-11,141689.08900006162,2.216850979230954e-10,42,63,127,19.999999999999996,20
curtailment_cost_CNY,4,38507.050456902718,792.46401812717863,28218.900000004283,580.73684210533384,-37926.313614797386,-37714.586438775535,-211.72717602184483,-10288.150456898433,-27638.163157898951,10076.423280876588,-32676.374798337241,-5249.9388164601387,42,12,347,4.0937510452463481,3.0000000000003002
curtailment_cost_CNY,5,16852.631578947381,16852.631578947381,16852.6318973384,16852.6318973384,0.00031839101939112879,0,0.00031839101593924706,0.00031839101593924706,0,0,0,0.00031839101593924706,42,31,31,3.9999999999999996,4.0000000755706342
curtailment_cost_CNY,6,439841.02500001848,257550.00000000821,351978.1472904617,206101.67465542236,-233739.35034459611,-182291.02500001024,-51448.325344585843,-87862.877709556764,-145876.47263503933,36414.552364970921,-164083.74881752479,-69655.601527071296,42,302,209,14.999999999999249,12.003592000897232
curtailment_cost_CNY,7,247522.36011081256,247522.36011081256,247522.36011081256,247522.36011081256,0,0,0,0,0,0,0,0,42,187,187,1.9999999999999998,1.9999999999999998
curtailment_cost_CNY,8,154534.36011081259,154534.36011081259,154534.36011081259,154534.36011081259,0,0,0,0,0,0,0,0,42,179,179,1.9999999999999998,1.9999999999999998
curtailment_cost_CNY,9,467641.54859898641,372340.45768899744,467641.60000004654,372340.4986149894,-95301.049983997014,-95301.09090998894,0.040925991939741564,0.051401060114279175,-95301.101385057118,-0.010475068174537611,-95301.096147523029,0.04616352602701037,42,7,298,19.999997801690007,20
curtailment_cost_CNY,10,70841.180055406294,70841.180055406294,70841.180055406294,70841.180055406294,0,0,0,0,0,0,0,0,42,13,13,0.99999999999999989,0.99999999999999989
curtailment_cost_CNY,11,358114.45983381587,309294.98421053932,358114.45983381587,309294.98421053932,-48819.47562327655,-48819.475623276521,0,0,-48819.475623276521,-0,-48819.475623276521,0,42,183,189,5,5
curtailment_cost_CNY,12,650771.41932539665,650771.41932539665,1301540.5799999726,1301540.5799999726,650769.16067457595,0,650769.16067457607,650769.16067457607,0,0,0,650769.16067457607,42,228,228,9.0000156183039994,17.999999999998558
curtailment_cost_CNY,13,91801.644092939139,172552.51320258147,216791.17138576892,407485.74638679257,315684.10229385342,80750.869109642328,234933.23318421107,124989.52729282976,190694.57500102365,109943.70589138132,135722.722055333,179961.38023852042,42,363,33,14.909888662220899,35.209960129274812
curtailment_cost_CNY,14,1554713.4404432506,1554713.4404432506,777356.72022162518,777356.72022162518,-777356.72022162541,0,-777356.72022162529,-777356.72022162529,0,-0,0,-777356.72022162529,42,106,106,8,3.9999999999999996
curtailment_cost_CNY,15,106243.41250000188,106243.41250000188,106243.41250000188,106243.41250000188,0,0,0,0,0,0,0,0,42,91,91,1,1
curtailment_cost_CNY,16,0,0,0,0,0,0,0,0,0,0,0,0,42,238,93,4,4.5527291746009997
curtailment_cost_CNY,17,325828.02000004542,160204.08000002318,325828.02000004548,160204.08000002324,-165623.94000002218,-165623.94000002221,4.742993553464245e-11,9.6464471965883186e-11,-165623.94000002227,-4.9034536431240737e-11,-165623.94000002224,7.1947203750262821e-11,42,165,253,12.00000000000048,12.000000000000483
curtailment_cost_CNY,18,826073.44044325058,826073.44044325058,1624645.3405846686,1624645.3405846686,798571.90014141798,0,798571.9001414181,798571.9001414181,0,0,0,798571.9001414181,42,105,105,8,15.733664936259654
curtailment_cost_CNY,19,25868.842105261079,0,12934.509034554041,0,-25868.842105261079,-25868.842105261079,-0,-12934.333070707038,-12934.509034554041,12934.333070707038,-19401.675569907558,-6467.1665353535191,42,86,173,17.999999999998554,9.0000612193849996
curtailment_cost_CNY,20,67973.180055406308,67973.180055406308,67973.180055406308,67973.180055406308,0,0,0,0,0,0,0,0,42,348,348,0.99999999999999989,0.99999999999999989
curtailment_cost_CNY,21,0,0,0,0,0,0,0,0,0,0,0,0,42,152,152,2,2
curtailment_cost_CNY,22,679676.63157897757,663116.36000003328,679676.63157897769,663116.3600000334,-16560.271578944172,-16560.271578944285,7.3620705087766125e-11,7.5459264567865079e-11,-16560.271578944288,-1.8385594800989544e-12,-16560.271578944285,7.4539984827815602e-11,42,94,134,7.9999999999999991,8
curtailment_cost_CNY,23,179792.67590030431,326257.77434214728,179792.67590030434,326257.77434214728,146465.09844184297,146465.09844184294,4.829585240500991e-11,2.6614662459128853e-11,146465.09844184297,2.1681189945881057e-11,146465.09844184294,3.745525743206938e-11,42,104,110,3.0000000000002998,3.0000000000003002
curtailment_cost_CNY,24,0,0,0,0,0,0,-0,-0,0,-0,0,-0,42,125,125,3.8359458040207706,3.0000000000002998
curtailment_cost_CNY,25,150012.63157896171,234659.29157895755,150012.63084668497,234659.29043348375,84646.658854522044,84646.659999995856,-0.0011454738003824697,-0.00073227673212466744,84646.659586798778,-0.00041319706825780216,84646.659793397324,-0.00093887526625356849,42,315,354,3.9999999999999991,3.9999999804742639
curtailment_cost_CNY,26,109610.01000000675,109610.01000000675,109610.01000000675,109610.01000000675,0,0,0,0,0,0,0,0,42,92,92,1.9999999999999998,1.9999999999999998
curtailment_cost_CNY,27,0,0,0,0,0,0,0,0,0,0,0,0,42,345,345,4.9999999999999991,4.9999999999999991
curtailment_cost_CNY,28,25181.64473684131,52669.894736844297,25181.644736841306,52669.89473684429,27488.25000000298,27488.25000000299,-7.7967106455234061e-12,-3.7276322379694654e-12,27488.250000002987,-4.0690784075539407e-12,27488.250000002987,-5.7621714417464358e-12,42,196,194,12.000000000000481,12.00000000000048
curtailment_cost_CNY,29,54821.157894739372,54821.157894739372,54821.157894739372,54821.157894739372,0,0,0,0,0,0,0,0,42,332,332,1,1
curtailment_cost_CNY,30,832920.99146815692,652974.27146821062,832920.99146815727,652974.27146821085,-179946.71999994607,-179946.71999994628,2.1748412120155349e-10,2.7741841872646844e-10,-179946.71999994633,-5.9934297524914961e-11,-179946.7199999463,2.4745126996401095e-10,42,259,260,15.999999999999998,16.000000000000004
curtailment_cost_CNY,31,132156.37500001251,232035.90027703161,132156.37500001249,232035.90027703159,99879.525277019071,99879.525277019115,-4.1217855844349958e-11,-2.3475688060161649e-11,99879.5252770191,-1.7742167784188309e-11,99879.5252770191,-3.2346771952255802e-11,42,188,239,5,4.9999999999999991
curtailment_cost_CNY,32,0,54524.099723002168,0,54524.099723002168,54524.099723002168,54524.099723002168,0,0,54524.099723002168,0,54524.099723002168,0,42,262,51,4,4
curtailment_cost_CNY,33,0,0,0,0,0,0,0,0,0,0,0,0,42,316,37,15.999999999999998,16
curtailment_cost_CNY,34,11407.053947359434,11407.053947359434,11407.053947359434,11407.053947359434,0,0,0,0,0,0,0,0,42,352,352,10,10
curtailment_cost_CNY,35,83141.313019393681,83141.313019393681,83141.313019393681,83141.313019393681,0,0,0,0,0,0,0,0,42,123,123,0.99999999999999989,0.99999999999999989
curtailment_cost_CNY,36,165168.75900277469,165168.75900277469,165168.75900277469,165168.75900277469,0,0,0,0,0,0,0,0,42,186,186,0.99999999999999989,0.99999999999999989
curtailment_cost_CNY,37,201689.57894737349,201689.57894737349,201689.57894737349,201689.57894737349,0,0,0,0,0,0,0,0,42,70,70,1,1
curtailment_cost_CNY,38,804172.94736845617,654148.94736846059,804172.94736845617,654148.94736846059,-150023.99999999558,-150023.99999999552,0,0,-150023.99999999552,-0,-150023.99999999552,0,42,27,45,18.999999999999432,18.999999999999432
curtailment_cost_CNY,39,0,0,0,0,0,0,0,0,0,0,0,0,42,275,275,21.999999999997797,21.999999999997797
curtailment_cost_CNY,40,0,0,0,0,0,0,0,0,0,0,0,0,42,112,25,3.9999999999999996,4.0000000000000009
curtailment_cost_CNY,41,1748798.5168601598,2390443.0235588825,569730.86500003864,778768.48500004376,-970030.03186011605,641644.50669872283,-1611674.5385588389,-1179067.6518601212,209037.62000000503,-432606.88669871778,425341.06334936398,-1395371.09520948,42,206,242,29.16041052150192,9.5
curtailment_cost_CNY,42,30362.000000001466,30362.000000001466,30362.000000001466,30362.000000001466,0,0,0,0,0,0,0,0,42,74,74,1,1
curtailment_cost_CNY,43,0,0,0,0,0,0,0,0,0,0,0,0,42,140,140,1,1
curtailment_cost_CNY,44,680253.05263159855,479788.07499996509,680253.05263159855,479788.07499996509,-200464.97763163346,-200464.97763163343,0,0,-200464.97763163343,-0,-200464.97763163343,0,42,289,154,12.999999999999481,12.999999999999481
curtailment_cost_CNY,45,5829.0000000000719,5829.0000000000719,5829.0000000000719,5829.0000000000719,0,0,0,0,0,0,0,0,42,343,343,0.99999999999999989,0.99999999999999989
curtailment_cost_CNY,46,0,0,0,0,0,0,-0,-0,0,-0,0,-0,42,333,75,4.0000000000000009,4
curtailment_cost_CNY,47,0,0,0,0,0,0,0,0,0,0,0,0,42,308,308,2,2
load_shedding_cost_CNY,0,486899.99999972963,1946699.9999998759,486899.99999972951,1946699.9999998757,1459800.000000146,1459800.0000001465,-2.8816948827165843e-10,-7.2075678758617923e-11,1459800.0000001462,-2.1609380951304052e-10,1459800.0000001465,-1.801225835151382e-10,42,43,344,3.0000000000003002,3.0000000000002998
load_shedding_cost_CNY,1,16869949.999998927,20668999.999998935,16869949.999998927,20668999.999998935,3799050.0000000075,3799050.0000000047,0,0,3799050.0000000047,0,3799050.0000000047,0,42,211,163,10,10
load_shedding_cost_CNY,2,17590354.143215079,17590354.143215079,17590356.98189003,17590356.98189003,2.8386749513447285,0,2.8386749538019416,2.8386749538019416,0,0,0,2.8386749538019416,42,1,1,11.999990547020001,11.999992483540002
load_shedding_cost_CNY,3,15267999.999997875,20026329.999997053,15267999.999997877,20026329.999997057,4758329.9999991823,4758329.9999991795,3.557390826358119e-09,2.7121416223959252e-09,4758329.9999991804,8.452492039621938e-10,4758329.9999991795,3.1347662243770221e-09,42,63,127,19.999999999999996,20
load_shedding_cost_CNY,4,0,0,0,0,0,0,-0,-0,0,-0,0,-0,42,12,347,4.0937510452463481,3.0000000000003002
load_shedding_cost_CNY,5,1011199.9999995747,1011199.9999995747,1011200.0191038311,1011200.0191038311,0.019104256411083043,0,0.019104256436711393,0.019104256436711393,0,0,0,0.019104256436711393,42,31,31,3.9999999999999996,4.0000000755706342
load_shedding_cost_CNY,6,41581499.999996319,35861999.999996603,33275157.385685936,28698187.75574382,-12883312.244252499,-5719499.9999997132,-7163812.2442527823,-8306342.614310381,-4576969.6299421145,1142530.3700575989,-5148234.8149709133,-7735077.4292815812,42,302,209,14.999999999999249,12.003592000897232
load_shedding_cost_CNY,7,1222399.9999997877,1222399.9999997877,1222399.9999997877,1222399.9999997877,0,0,0,0,0,0,0,0,42,187,187,1.9999999999999998,1.9999999999999998
load_shedding_cost_CNY,8,4791599.9999997849,4791599.9999997849,4791599.9999997849,4791599.9999997849,0,0,0,0,0,0,0,0,42,179,179,1.9999999999999998,1.9999999999999998
load_shedding_cost_CNY,9,44539995.104361519,29518761.755426731,44539999.999997877,29518764.999996535,-15021230.104364984,-15021233.34893479,3.2445698035930746,4.8956363537582144,-15021235.000001341,-1.6510665501651403,-15021234.174468065,4.0701030786756442,42,7,298,19.999997801690007,20
load_shedding_cost_CNY,10,0,0,0,0,0,0,0,0,0,0,0,0,42,13,13,0.99999999999999989,0.99999999999999989
load_shedding_cost_CNY,11,0,732499.99999946821,0,732499.99999946821,732499.99999946821,732499.99999946821,0,0,732499.99999946821,0,732499.99999946821,0,42,183,189,5,5
load_shedding_cost_CNY,12,11382488.502760921,11382488.502760921,22764937.499996193,22764937.499996193,11382448.997235272,0,11382448.997235274,11382448.997235274,0,0,0,11382448.997235274,42,228,228,9.0000156183039994,17.999999999998558
load_shedding_cost_CNY,13,18789721.25254155,19160977.480230846,44372251.941660658,45248979.948879592,26459258.696338043,371256.22768929694,26088002.468648743,25582530.689119104,876728.0072189346,505471.77952963766,623992.11745411577,25835266.578883924,42,363,33,14.909888662220899,35.209960129274812
load_shedding_cost_CNY,14,4166399.9999991506,4166399.9999991506,2083199.9999995751,2083199.9999995751,-2083199.9999995755,0,-2083199.9999995753,-2083199.9999995753,0,-0,0,-2083199.9999995753,42,106,106,8,3.9999999999999996
load_shedding_cost_CNY,15,0,0,0,0,0,0,0,0,0,0,0,0,42,91,91,1,1
load_shedding_cost_CNY,16,33999.99999957496,0,38698.197983624726,0,-33999.99999957496,-33999.99999957496,0,4698.1979840497643,-38698.197983624726,-4698.1979840497643,-36349.098991599843,2349.0989920248821,42,238,93,4,4.5527291746009997
load_shedding_cost_CNY,17,12143999.999999208,14675633.999998631,12143999.999999212,14675633.999998635,2531633.9999994263,2531633.9999994221,4.3448604714052302e-09,3.5953462429457289e-09,2531633.999999423,7.4951422845950128e-10,2531633.9999994226,3.97010335717548e-09,42,165,253,12.00000000000048,12.000000000000483
load_shedding_cost_CNY,18,431199.99999915244,431199.99999915244,848044.54006272845,848044.54006272845,416844.54006357602,0,416844.54006357602,416844.54006357602,0,0,0,416844.54006357602,42,105,105,8,15.733664936259654
load_shedding_cost_CNY,19,59023799.999993332,51919199.999993898,29512100.744484387,25959776.58119313,-33064023.418800201,-7104599.9999994291,-25959423.418800771,-29511699.255508941,-3552324.1632912592,3552275.8367081699,-5328462.0816453444,-27735561.337154854,42,86,173,17.999999999998554,9.0000612193849996
load_shedding_cost_CNY,20,0,0,0,0,0,0,0,0,0,0,0,0,42,348,348,0.99999999999999989,0.99999999999999989
load_shedding_cost_CNY,21,0,0,0,0,0,0,0,0,0,0,0,0,42,152,152,2,2
load_shedding_cost_CNY,22,6031999.9999991488,8211871.9999990836,6031999.9999991497,8211871.9999990845,2179871.9999999357,2179871.9999999343,9.1170093696736171e-10,6.6968652845380002e-10,2179871.9999999348,2.4201440851356169e-10,2179871.9999999343,7.9069373271058087e-10,42,94,134,7.9999999999999991,8
load_shedding_cost_CNY,23,0,0,0,0,0,0,0,0,0,0,0,0,42,104,110,3.0000000000002998,3.0000000000003002
load_shedding_cost_CNY,24,0,0,0,0,0,0,-0,-0,0,-0,0,-0,42,125,125,3.8359458040207706,3.0000000000002998
load_shedding_cost_CNY,25,481599.99999957468,2600799.9999995744,481599.99764867616,2600799.987303941,2119199.9873043662,2119199.9999999995,-0.012695633060120372,-0.0023508985242039265,2119199.9896552651,-0.010344734535916444,2119199.9948276323,-0.0075232657921621487,42,315,354,3.9999999999999991,3.9999999804742639
load_shedding_cost_CNY,26,0,0,0,0,0,0,0,0,0,0,0,0,42,92,92,1.9999999999999998,1.9999999999999998
load_shedding_cost_CNY,27,3151791.2499993988,3151791.2499993988,3151791.2499993988,3151791.2499993988,0,0,0,0,0,0,0,0,42,345,345,4.9999999999999991,4.9999999999999991
load_shedding_cost_CNY,28,17922884.999999322,17465999.999999423,17922884.999999318,17465999.999999419,-456884.99999990314,-456884.99999990099,-2.5854873797468751e-09,-2.653119945960973e-09,-456884.99999990093,6.7632566214097915e-11,-456884.99999990093,-2.6193036628539241e-09,42,196,194,12.000000000000481,12.00000000000048
load_shedding_cost_CNY,29,11799.999999893584,11799.999999893584,11799.999999893584,11799.999999893584,0,0,0,0,0,0,0,0,42,332,332,1,1
load_shedding_cost_CNY,30,15998399.999998299,33899199.999998294,15998399.999998305,33899199.999998309,17900800.000000007,17900799.999999996,1.1290701706911366e-08,5.3285376111483655e-09,17900800.000000004,5.9621640957630007e-09,17900800,8.3096196590298659e-09,42,259,260,15.999999999999998,16.000000000000004
load_shedding_cost_CNY,31,9098899.9999994524,9512999.9999994673,9098899.9999994505,9512999.9999994654,414100.00000001304,414100.00000001397,-1.6898482613213636e-09,-1.6162893246017967e-09,414100.00000001391,-7.3558936719566853e-11,414100.00000001391,-1.6530687929615801e-09,42,188,239,5,4.9999999999999991
load_shedding_cost_CNY,32,3217599.9999995739,1504399.9999995749,3217599.9999995739,1504399.9999995749,-1713199.9999999991,-1713199.9999999991,0,0,-1713199.9999999991,-0,-1713199.9999999991,0,42,262,51,4,4
load_shedding_cost_CNY,33,40747199.999998286,30161599.999998298,40747199.999998294,30161599.999998301,-10585599.999999985,-10585599.999999991,3.3486102779532236e-09,4.5238479629004284e-09,-10585599.999999993,-1.1752376849472049e-09,-10585599.999999991,3.9362291204268264e-09,42,316,37,15.999999999999998,16
load_shedding_cost_CNY,34,5757999.9999989392,5757999.9999989392,5757999.9999989392,5757999.9999989392,0,0,0,0,0,0,0,0,42,352,352,10,10
load_shedding_cost_CNY,35,615147.74999988824,615147.74999988824,615147.74999988824,615147.74999988824,0,0,0,0,0,0,0,0,42,123,123,0.99999999999999989,0.99999999999999989
load_shedding_cost_CNY,36,0,0,0,0,0,0,0,0,0,0,0,0,42,186,186,0.99999999999999989,0.99999999999999989
load_shedding_cost_CNY,37,1185099.9999998934,1185099.9999998934,1185099.9999998934,1185099.9999998934,0,0,0,0,0,0,0,0,42,70,70,1,1
load_shedding_cost_CNY,38,21295556.249997269,26239356.249997124,21295556.249997269,26239356.249997124,4943799.9999998547,4943799.9999998519,0,0,4943799.9999998519,0,4943799.9999998519,0,42,27,45,18.999999999999432,18.999999999999432
load_shedding_cost_CNY,39,61043399.999991544,61043399.999991544,61043399.999991544,61043399.999991544,0,0,0,0,0,0,0,0,42,275,275,21.999999999997797,21.999999999997797
load_shedding_cost_CNY,40,3052799.9999995753,1140399.9999995742,3052799.9999995762,1140399.9999995746,-1912400.0000000007,-1912400.0000000012,3.798295011846168e-10,1.0167866548725621e-09,-1912400.0000000019,-6.3695715368794522e-10,-1912400.0000000014,6.9830807802858951e-10,42,112,25,3.9999999999999996,4.0000000000000009
load_shedding_cost_CNY,41,57333318.320895165,71262211.232443273,18678287.249998935,23216099.999998983,-34117218.320896178,13928892.911548102,-48046111.232444286,-38655031.070896231,4537812.7500000484,-9391080.1615480538,9233352.8307740763,-43350571.151670255,42,206,242,29.16041052150192,9.5
load_shedding_cost_CNY,42,0,0,0,0,0,0,0,0,0,0,0,0,42,74,74,1,1
load_shedding_cost_CNY,43,0,0,0,0,0,0,0,0,0,0,0,0,42,140,140,1,1
load_shedding_cost_CNY,44,12794599.999998109,8131499.9999982938,12794599.999998109,8131499.9999982938,-4663099.9999998156,-4663099.9999998156,0,0,-4663099.9999998156,-0,-4663099.9999998156,0,42,289,154,12.999999999999481,12.999999999999481
load_shedding_cost_CNY,45,93399.999999893596,93399.999999893596,93399.999999893596,93399.999999893596,0,0,0,0,0,0,0,0,42,343,343,0.99999999999999989,0.99999999999999989
load_shedding_cost_CNY,46,1767199.9999995751,2358399.9999995749,1767199.9999995746,2358399.9999995744,591199.9999999993,591199.99999999988,-5.2366999625509933e-10,-3.9239722582342087e-10,591199.99999999977,-1.3127277043167846e-10,591199.99999999977,-4.5803361103926008e-10,42,333,75,4.0000000000000009,4
load_shedding_cost_CNY,47,2718399.9999997877,2718399.9999997877,2718399.9999997877,2718399.9999997877,0,0,0,0,0,0,0,0,42,308,308,2,2
storage_variable_om_CNY,0,2455.1160727157808,2126.4000000005331,2455.1160727157803,2126.4000000005331,-328.71607271524772,-328.71607271524755,-3.1477043194177182e-13,-3.6343018560747695e-13,-328.71607271524749,4.8659753665705132e-14,-328.71607271524755,-3.3910030877462441e-13,42,43,344,3.0000000000003002,3.0000000000002998
storage_variable_om_CNY,1,7088.425000002484,6996.370000002451,7088.425000002484,6996.370000002451,-92.055000000033033,-92.05500000003326,0,0,-92.05500000003326,-0,-92.05500000003326,0,42,211,163,10,10
storage_variable_om_CNY,2,5276.8278431862354,5276.8278431862354,5276.8286947437946,5276.8286947437946,0.00085155755914456677,0,0.00085155755887696204,0.00085155755887696204,0,0,0,0.00085155755887696204,42,1,1,11.999990547020001,11.999992483540002
storage_variable_om_CNY,3,21867.070550004883,20694.705000007245,21867.070550004886,20694.705000007249,-1172.3655499976339,-1172.3655499976392,3.6761180766133435e-12,3.8843720329148978e-12,-1172.3655499976394,-2.082539563015543e-13,-1172.3655499976392,3.7802450547641206e-12,42,63,127,19.999999999999996,20
storage_variable_om_CNY,4,908.87413831068613,622.25015887766278,666.04500000029986,456.00000000020526,-452.87413831048087,-286.62397943302341,-166.25015887745749,-242.82913831038633,-210.04500000009457,76.578979432928861,-248.33448971655898,-204.5396485939219,42,12,347,4.0937510452463481,3.0000000000003002
storage_variable_om_CNY,5,1897.243626807485,1897.243626807485,1897.2436626514614,1897.2436626514614,3.5843976320393267e-05,0,3.5843976235622833e-05,3.5843976235622833e-05,0,0,0,3.5843976235622833e-05,42,31,31,3.9999999999999996,4.0000000755706342
storage_variable_om_CNY,6,12605.051250003784,9861.0000000029559,10087.05949036351,7891.1613813926006,-4713.8898686111834,-2744.051250000829,-1969.8386186103548,-2517.9917596402738,-2195.89810897091,548.15314102991886,-2469.9746794858697,-2243.9151891253146,42,302,209,14.999999999999249,12.003592000897232
storage_variable_om_CNY,7,1975.800000000213,1975.800000000213,1975.800000000213,1975.800000000213,0,0,0,0,0,0,0,0,42,187,187,1.9999999999999998,1.9999999999999998
storage_variable_om_CNY,8,1808.0000000002126,1808.0000000002126,1808.0000000002126,1808.0000000002126,0,0,0,0,0,0,0,0,42,179,179,1.9999999999999998,1.9999999999999998
storage_variable_om_CNY,9,15776.078265969802,16959.23313592175,15776.080000005517,16959.235000004537,1183.1567340347356,1183.1548699519462,0.001864082788458798,0.0017340357154878444,1183.1549999990193,0.00013004707297095366,1183.1549349754828,0.0017990592519733213,42,7,298,19.999997801690007,20
storage_variable_om_CNY,10,843.33300000008512,843.33300000008512,843.33300000008512,843.33300000008512,0,0,0,0,0,0,0,0,42,13,13,0.99999999999999989,0.99999999999999989
storage_variable_om_CNY,11,3626.0000000002665,4485.5650000014521,3626.0000000002665,4485.5650000014521,859.56500000118558,859.56500000118581,0,0,859.56500000118581,0,859.56500000118581,0,42,183,189,5,5
storage_variable_om_CNY,12,8326.5601996165551,8326.5601996165551,16653.091500004488,16653.091500004488,8326.5313003879328,0,8326.5313003879346,8326.5313003879346,0,0,0,8326.5313003879346,42,228,228,9.0000156183039994,17.999999999998558
storage_variable_om_CNY,13,9534.5495094152029,9949.0891438900271,22516.003686046319,23494.946207518413,13960.39669810321,414.53963447482414,13545.857063628386,12981.454176631116,978.94252147209397,564.40288699726977,696.74107797345903,13263.65562012975,42,363,33,14.909888662220899,35.209960129274812
storage_variable_om_CNY,14,8459.2000000008538,8459.2000000008538,4229.600000000426,4229.600000000426,-4229.6000000004278,0,-4229.6000000004269,-4229.6000000004269,0,-0,0,-4229.6000000004269,42,106,106,8,3.9999999999999996
storage_variable_om_CNY,15,709.97062500020047,709.97062500020047,709.97062500020047,709.97062500020047,0,0,0,0,0,0,0,0,42,91,91,1,1
storage_variable_om_CNY,16,1216.0000000004256,192.78633377138897,1384.0296690791884,219.42599155634213,-996.57400844408357,-1023.2136662290367,26.639657784953165,168.02966907876271,-1164.6036775228463,-141.39001129380955,-1093.9086718759415,97.334663431857933,42,238,93,4,4.5527291746009997
storage_variable_om_CNY,17,8264.6010000032238,9827.3700000038352,8264.6010000032256,9827.370000003837,1562.7690000006132,1562.7690000006116,2.9094859854704922e-12,2.4468134185448813e-12,1562.7690000006121,4.6267256692561091e-13,1562.7690000006119,2.6781497020076866e-12,42,165,253,12.00000000000048,12.000000000000483
storage_variable_om_CNY,18,8799.200000000852,8799.200000000852,17305.458063393668,17305.458063393668,8506.2580633928155,0,8506.2580633928173,8506.2580633928173,0,0,0,8506.2580633928173,42,105,105,8,15.733664936259654
storage_variable_om_CNY,19,8208.0000000022137,5472.0000000014761,4104.0279160409964,2736.0186106939977,-5471.9813893082155,-2736.0000000007381,-2735.9813893074784,-4103.9720839612173,-1368.0093053469989,1367.9906946537392,-2052.0046526738683,-3419.9767366343476,42,86,173,17.999999999998554,9.0000612193849996
storage_variable_om_CNY,20,860.06750000000841,860.06750000000841,860.06750000000841,860.06750000000841,0,0,0,0,0,0,0,0,42,348,348,0.99999999999999989,0.99999999999999989
storage_variable_om_CNY,21,805.83800000003919,805.83800000003919,805.83800000003919,805.83800000003919,0,0,0,0,0,0,0,0,42,152,152,2,2
storage_variable_om_CNY,22,7775.2000000023672,7347.9460000025747,7775.2000000023681,7347.9460000025756,-427.25399999979163,-427.25399999979248,8.15785883290518e-13,8.6322060610681463e-13,-427.25399999979254,-4.7434722816296631e-14,-427.25399999979248,8.3950324469866637e-13,42,94,134,7.9999999999999991,8
storage_variable_om_CNY,23,2553.6000000004151,2672.5518750010579,2553.6000000004155,2672.5518750010583,118.95187500064321,118.95187500064281,3.9561715015080153e-13,3.78008735424397e-13,118.95187500064284,1.7608414726404536e-14,118.95187500064283,3.8681294278759927e-13,42,104,110,3.0000000000002998,3.0000000000003002
storage_variable_om_CNY,24,122.25631749639422,122.25631749639422,95.61369509047249,95.61369509047249,-26.642622405921728,0,-26.642622405921728,-26.642622405921728,0,-0,0,-26.642622405921728,42,125,125,3.8359458040207706,3.0000000000002998
storage_variable_om_CNY,25,3562.8000000011425,3917.93300000115,3562.7999826095702,3917.9329808760194,355.13298087487692,355.13300000000748,-1.9125130622177534e-05,-1.7391572387964768e-05,355.13299826644925,-1.7335582342127655e-06,355.1329991332284,-1.8258351505071151e-05,42,315,354,3.9999999999999991,3.9999999804742639
storage_variable_om_CNY,26,1600.3070703026895,1600.3070703026895,1600.3070703026895,1600.3070703026895,0,0,0,0,0,0,0,0,42,92,92,1.9999999999999998,1.9999999999999998
storage_variable_om_CNY,27,1721.7087500006025,1721.7087500006025,1721.7087500006025,1721.7087500006025,0,0,0,0,0,0,0,0,42,345,345,4.9999999999999991,4.9999999999999991
storage_variable_om_CNY,28,6316.7400000024645,5513.1540000021514,6316.7400000024636,5513.1540000021514,-803.58600000031311,-803.58600000031288,-8.1611073454752316e-13,-9.3506535847642217e-13,-803.58600000031277,1.1895462392889901e-13,-803.58600000031277,-8.7558804651197261e-13,42,196,194,12.000000000000481,12.00000000000048
storage_variable_om_CNY,29,817.00000000028604,817.00000000028604,817.00000000028604,817.00000000028604,0,0,0,0,0,0,0,0,42,332,332,1,1
storage_variable_om_CNY,30,17526.932000003893,13696.000000002552,17526.932000003901,13696.000000002557,-3830.9320000013358,-3830.9320000013427,4.5616843635806938e-12,5.8376410372331308e-12,-3830.932000001344,-1.2759566736524374e-12,-3830.9320000013431,5.1996627004069119e-12,42,259,260,15.999999999999998,16.000000000000004
storage_variable_om_CNY,31,3347.9187500011712,4520.000000000533,3347.9187500011703,4520.0000000005321,1172.0812499993608,1172.0812499993617,-8.0291329140900782e-13,-5.9470983693209174e-13,1172.0812499993615,-2.0820345447691608e-13,1172.0812499993617,-6.9881156417054983e-13,42,188,239,5,4.9999999999999991
storage_variable_om_CNY,32,1216.0000000004256,3597.2000000006392,1216.0000000004256,3597.2000000006392,2381.2000000002135,2381.2000000002135,0,0,2381.2000000002135,0,2381.2000000002135,0,42,262,51,4,4
storage_variable_om_CNY,33,4864.0000000017017,4864.0000000017017,4864.0000000017026,4864.0000000017026,9.0949470177292824e-13,0,5.4001247917786516e-13,5.4001247917786516e-13,0,0,0,5.4001247917786516e-13,42,316,37,15.999999999999998,16
storage_variable_om_CNY,34,7680.7737500022085,7680.7737500022085,7680.7737500022085,7680.7737500022085,0,0,0,0,0,0,0,0,42,352,352,10,10
storage_variable_om_CNY,35,770.8522500001219,770.8522500001219,770.8522500001219,770.8522500001219,0,0,0,0,0,0,0,0,42,123,123,0.99999999999999989,0.99999999999999989
storage_variable_om_CNY,36,904.0000000001063,904.0000000001063,904.0000000001063,904.0000000001063,0,0,0,0,0,0,0,0,42,186,186,0.99999999999999989,0.99999999999999989
storage_variable_om_CNY,37,1081.6000000003592,1081.6000000003592,1081.6000000003592,1081.6000000003592,0,0,0,0,0,0,0,0,42,70,70,1,1
storage_variable_om_CNY,38,16478.343750002612,16478.343750002612,16478.343750002612,16478.343750002612,0,0,0,0,0,0,0,0,42,27,45,18.999999999999432,18.999999999999432
storage_variable_om_CNY,39,6688.0000000016717,6688.0000000016717,6688.0000000016717,6688.0000000016717,0,0,0,0,0,0,0,0,42,275,275,21.999999999997797,21.999999999997797
storage_variable_om_CNY,40,2000.8000000004263,1780.8000000004251,2000.800000000427,1780.8000000004258,-220.00000000000045,-220.00000000000111,5.9312554867588536e-13,6.6640026830114599e-13,-220.00000000000119,-7.327471962526071e-14,-220.00000000000114,6.2976290848851562e-13,42,112,25,3.9999999999999996,4.0000000000000009
storage_variable_om_CNY,41,26202.02855328369,28028.447125682811,8536.2060000029924,9131.2242500031971,-17070.804303280493,1826.4185723991211,-18897.222875679614,-17665.822553280697,595.0182500002054,-1231.4003223989157,1210.7184111996633,-18281.522714480154,42,206,242,29.16041052150192,9.5
storage_variable_om_CNY,42,443.10000000007312,443.10000000007312,443.10000000007312,443.10000000007312,0,0,0,0,0,0,0,0,42,74,74,1,1
storage_variable_om_CNY,43,64.899999999999935,64.899999999999935,64.899999999999935,64.899999999999935,0,0,0,0,0,0,0,0,42,140,140,1,1
storage_variable_om_CNY,44,14216.80000000315,14791.903750002084,14216.80000000315,14791.903750002084,575.10374999893429,575.10374999893338,0,0,575.10374999893338,0,575.10374999893338,0,42,289,154,12.999999999999481,12.999999999999481
storage_variable_om_CNY,45,560.28775000012888,560.28775000012888,560.28775000012888,560.28775000012888,0,0,0,0,0,0,0,0,42,343,343,0.99999999999999989,0.99999999999999989
storage_variable_om_CNY,46,1216.0000000004259,1218.8000000004256,1216.0000000004256,1218.8000000004254,2.7999999999994998,2.7999999999997276,-2.7062796448272261e-13,-2.7000623958893258e-13,2.7999999999997272,-6.2172489379002708e-16,2.7999999999997272,-2.703171020358276e-13,42,333,75,4.0000000000000009,4
storage_variable_om_CNY,47,908.13350000031858,908.13350000031858,908.13350000031858,908.13350000031858,0,0,0,0,0,0,0,0,42,308,308,2,2
storage_investment_allocated_CNY,0,30090.467910835505,30090.467910835505,30090.467910835498,30090.467910835498,-7.2759576141834259e-12,0,-4.454284039513422e-12,-4.454284039513422e-12,0,-0,0,-4.454284039513422e-12,42,43,344,3.0000000000003002,3.0000000000002998
storage_investment_allocated_CNY,1,100301.55970277498,100301.55970277498,100301.55970277498,100301.55970277498,0,0,0,0,0,0,0,0,42,211,163,10,10
storage_investment_allocated_CNY,2,120361.7768284662,120361.7768284662,120361.79625206384,120361.79625206384,0.019423597637796775,0,0.019423597643135199,0.019423597643135199,0,0,0,0.019423597643135199,42,1,1,11.999990547020001,11.999992483540002
storage_investment_allocated_CNY,3,200603.11940554992,200603.11940554992,200603.11940554995,200603.11940554995,2.9103830456733704e-11,0,3.5634272316107376e-11,3.5634272316107376e-11,0,0,0,3.5634272316107376e-11,42,63,127,19.999999999999996,20
storage_investment_allocated_CNY,4,41060.961487307402,41060.961487307402,30090.467910835505,30090.467910835505,-10970.493576471898,0,-10970.493576471901,-10970.493576471901,0,-0,0,-10970.493576471901,42,12,347,4.0937510452463481,3.0000000000003002
storage_investment_allocated_CNY,5,40120.623881109983,40120.623881109983,40120.624639095236,40120.624639095236,0.00075798525358550251,0,0.00075798525220124066,0.00075798525220124066,0,0,0,0.00075798525220124066,42,31,31,3.9999999999999996,4.0000000755706342
storage_investment_allocated_CNY,6,150452.33955415493,150452.33955415493,120397.89997257458,120397.89997257458,-30054.439581580344,0,-30054.439581580344,-30054.439581580344,0,-0,0,-30054.439581580344,42,302,209,14.999999999999249,12.003592000897232
storage_investment_allocated_CNY,7,20060.311940554991,20060.311940554991,20060.311940554991,20060.311940554991,0,0,0,0,0,0,0,0,42,187,187,1.9999999999999998,1.9999999999999998
storage_investment_allocated_CNY,8,20060.311940554991,20060.311940554991,20060.311940554991,20060.311940554991,0,0,0,0,0,0,0,0,42,179,179,1.9999999999999998,1.9999999999999998
storage_investment_allocated_CNY,9,200603.09735615784,200603.09735615784,200603.11940554995,200603.11940554995,0.022049392107874155,0,0.022049392097870612,0.022049392097870612,0,0,0,0.022049392097870612,42,7,298,19.999997801690007,20
storage_investment_allocated_CNY,10,10030.155970277496,10030.155970277496,10030.155970277496,10030.155970277496,0,0,0,0,0,0,0,0,42,13,13,0.99999999999999989,0.99999999999999989
storage_investment_allocated_CNY,11,50150.779851387488,50150.779851387488,50150.779851387488,50150.779851387488,0,0,0,0,0,0,0,0,42,183,189,5,5
storage_investment_allocated_CNY,12,90271.560386522586,90271.560386522586,180542.80746498049,180542.80746498049,90271.247078457905,0,90271.247078457905,90271.247078457905,0,0,0,90271.247078457905,42,228,228,9.0000156183039994,17.999999999998558
storage_investment_allocated_CNY,13,149548.50878154772,149548.50878154772,353161.39180387842,353161.39180387842,203612.8830223307,0,203612.88302233067,203612.88302233067,0,0,0,203612.88302233067,42,363,33,14.909888662220899,35.209960129274812
storage_investment_allocated_CNY,14,80241.24776221998,80241.24776221998,40120.623881109983,40120.623881109983,-40120.623881109997,0,-40120.62388110999,-40120.62388110999,0,-0,0,-40120.62388110999,42,106,106,8,3.9999999999999996
storage_investment_allocated_CNY,15,10030.155970277498,10030.155970277498,10030.155970277498,10030.155970277498,0,0,0,0,0,0,0,0,42,91,91,1,1
storage_investment_allocated_CNY,16,40120.62388110999,40120.62388110999,45664.58371168076,45664.58371168076,5543.9598305707696,0,5543.9598305707705,5543.9598305707705,0,0,0,5543.9598305707705,42,238,93,4,4.5527291746009997
storage_investment_allocated_CNY,17,120361.87164333479,120361.87164333479,120361.87164333482,120361.87164333482,2.9103830456733704e-11,0,3.5634272316107376e-11,3.5634272316107376e-11,0,0,0,3.5634272316107376e-11,42,165,253,12.00000000000048,12.000000000000483
storage_investment_allocated_CNY,18,80241.24776221998,80241.24776221998,157811.1132947705,157811.1132947705,77569.865532550524,0,77569.86553255051,77569.86553255051,0,0,0,77569.86553255051,42,105,105,8,15.733664936259654
storage_investment_allocated_CNY,19,180542.80746498046,180542.80746498046,90272.017772477426,90272.017772477426,-90270.789692503036,0,-90270.789692503022,-90270.789692503022,0,-0,0,-90270.789692503022,42,86,173,17.999999999998554,9.0000612193849996
storage_investment_allocated_CNY,20,10030.155970277496,10030.155970277496,10030.155970277496,10030.155970277496,0,0,0,0,0,0,0,0,42,348,348,0.99999999999999989,0.99999999999999989
storage_investment_allocated_CNY,21,20060.311940554995,20060.311940554995,20060.311940554995,20060.311940554995,0,0,0,0,0,0,0,0,42,152,152,2,2
storage_investment_allocated_CNY,22,80241.247762219966,80241.247762219966,80241.24776221998,80241.24776221998,1.4551915228366852e-11,0,8.908568079026844e-12,8.908568079026844e-12,0,0,0,8.908568079026844e-12,42,94,134,7.9999999999999991,8
storage_investment_allocated_CNY,23,30090.467910835498,30090.467910835498,30090.467910835505,30090.467910835505,7.2759576141834259e-12,0,4.454284039513422e-12,4.454284039513422e-12,0,0,0,4.454284039513422e-12,42,104,110,3.0000000000002998,3.0000000000003002
storage_investment_allocated_CNY,24,38475.134707859848,38475.134707859848,30090.467910835498,30090.467910835498,-8384.6667970243507,0,-8384.6667970243489,-8384.6667970243489,0,-0,0,-8384.6667970243489,42,125,125,3.8359458040207706,3.0000000000002998
storage_investment_allocated_CNY,25,40120.623881109983,40120.623881109983,40120.62368526381,40120.62368526381,-0.00019584617257351056,0,-0.00019584617000067601,-0.00019584617000067601,0,-0,0,-0.00019584617000067601,42,315,354,3.9999999999999991,3.9999999804742639
storage_investment_allocated_CNY,26,20060.311940554991,20060.311940554991,20060.311940554991,20060.311940554991,0,0,0,0,0,0,0,0,42,92,92,1.9999999999999998,1.9999999999999998
storage_investment_allocated_CNY,27,50150.77985138748,50150.77985138748,50150.77985138748,50150.77985138748,0,0,0,0,0,0,0,0,42,345,345,4.9999999999999991,4.9999999999999991
storage_investment_allocated_CNY,28,120361.8716433348,120361.8716433348,120361.87164333479,120361.87164333479,-1.4551915228366852e-11,0,-1.7817136158053688e-11,-1.7817136158053688e-11,0,-0,0,-1.7817136158053688e-11,42,196,194,12.000000000000481,12.00000000000048
storage_investment_allocated_CNY,29,10030.155970277498,10030.155970277498,10030.155970277498,10030.155970277498,0,0,0,0,0,0,0,0,42,332,332,1,1
storage_investment_allocated_CNY,30,160482.49552443993,160482.49552443993,160482.49552443999,160482.49552443999,5.8207660913467407e-11,0,5.3451408474161064e-11,5.3451408474161064e-11,0,0,0,5.3451408474161064e-11,42,259,260,15.999999999999998,16.000000000000004
storage_investment_allocated_CNY,31,50150.779851387488,50150.779851387488,50150.77985138748,50150.77985138748,-7.2759576141834259e-12,0,-8.908568079026844e-12,-8.908568079026844e-12,0,-0,0,-8.908568079026844e-12,42,188,239,5,4.9999999999999991
storage_investment_allocated_CNY,32,40120.62388110999,40120.62388110999,40120.62388110999,40120.62388110999,0,0,0,0,0,0,0,0,42,262,51,4,4
storage_investment_allocated_CNY,33,160482.49552443993,160482.49552443993,160482.49552443996,160482.49552443996,2.9103830456733704e-11,0,1.7817136158053688e-11,1.7817136158053688e-11,0,0,0,1.7817136158053688e-11,42,316,37,15.999999999999998,16
storage_investment_allocated_CNY,34,100301.55970277498,100301.55970277498,100301.55970277498,100301.55970277498,0,0,0,0,0,0,0,0,42,352,352,10,10
storage_investment_allocated_CNY,35,10030.155970277496,10030.155970277496,10030.155970277496,10030.155970277496,0,0,0,0,0,0,0,0,42,123,123,0.99999999999999989,0.99999999999999989
storage_investment_allocated_CNY,36,10030.155970277496,10030.155970277496,10030.155970277496,10030.155970277496,0,0,0,0,0,0,0,0,42,186,186,0.99999999999999989,0.99999999999999989
storage_investment_allocated_CNY,37,10030.155970277498,10030.155970277498,10030.155970277498,10030.155970277498,0,0,0,0,0,0,0,0,42,70,70,1,1
storage_investment_allocated_CNY,38,190572.96343526675,190572.96343526675,190572.96343526675,190572.96343526675,0,0,0,0,0,0,0,0,42,27,45,18.999999999999432,18.999999999999432
storage_investment_allocated_CNY,39,220663.43134608286,220663.43134608286,220663.43134608286,220663.43134608286,0,0,0,0,0,0,0,0,42,275,275,21.999999999997797,21.999999999997797
storage_investment_allocated_CNY,40,40120.623881109983,40120.623881109983,40120.623881109997,40120.623881109997,1.4551915228366852e-11,0,1.3362852118540266e-11,1.3362852118540266e-11,0,0,0,1.3362852118540266e-11,42,112,25,3.9999999999999996,4.0000000000000009
storage_investment_allocated_CNY,41,292483.46568798524,292483.46568798524,95286.481717636227,95286.481717636227,-197196.98397034901,0,-197196.98397034901,-197196.98397034901,0,-0,0,-197196.98397034901,42,206,242,29.16041052150192,9.5
storage_investment_allocated_CNY,42,10030.155970277498,10030.155970277498,10030.155970277498,10030.155970277498,0,0,0,0,0,0,0,0,42,74,74,1,1
storage_investment_allocated_CNY,43,10030.155970277498,10030.155970277498,10030.155970277498,10030.155970277498,0,0,0,0,0,0,0,0,42,140,140,1,1
storage_investment_allocated_CNY,44,130392.02761360226,130392.02761360226,130392.02761360226,130392.02761360226,0,0,0,0,0,0,0,0,42,289,154,12.999999999999481,12.999999999999481
storage_investment_allocated_CNY,45,10030.155970277496,10030.155970277496,10030.155970277496,10030.155970277496,0,0,0,0,0,0,0,0,42,343,343,0.99999999999999989,0.99999999999999989
storage_investment_allocated_CNY,46,40120.623881109997,40120.623881109997,40120.62388110999,40120.62388110999,-7.2759576141834259e-12,0,-8.908568079026844e-12,-8.908568079026844e-12,0,-0,0,-8.908568079026844e-12,42,333,75,4.0000000000000009,4
storage_investment_allocated_CNY,47,20060.311940554995,20060.311940554995,20060.311940554995,20060.311940554995,0,0,0,0,0,0,0,0,42,308,308,2,2
storage_fixed_om_CNY,0,6246.5753424663781,6246.5753424663781,6246.5753424663772,6246.5753424663772,-9.0949470177292824e-13,0,-9.2467890270150021e-13,-9.2467890270150021e-13,0,-0,0,-9.2467890270150021e-13,42,43,344,3.0000000000003002,3.0000000000002998
storage_fixed_om_CNY,1,20821.917808219179,20821.917808219179,20821.917808219179,20821.917808219179,0,0,0,0,0,0,0,0,42,211,163,10,10
storage_fixed_om_CNY,2,24986.281686945757,24986.281686945757,24986.285719151783,24986.285719151783,0.0040322060267499182,0,0.0040322060281390779,0.0040322060281390779,0,0,0,0.0040322060281390779,42,1,1,11.999990547020001,11.999992483540002
storage_fixed_om_CNY,3,41643.835616438344,41643.835616438344,41643.835616438359,41643.835616438359,1.4551915228366852e-11,0,7.3974312216120017e-12,7.3974312216120017e-12,0,0,0,7.3974312216120017e-12,42,63,127,19.999999999999996,20
storage_fixed_om_CNY,4,8523.97477914308,8523.97477914308,6246.5753424663781,6246.5753424663781,-2277.399436676702,0,-2277.3994366767024,-2277.3994366767024,0,-0,0,-2277.3994366767024,42,12,347,4.0937510452463481,3.0000000000003002
storage_fixed_om_CNY,5,8328.7671232876692,8328.7671232876692,8328.7672806402243,8328.7672806402243,0.00015735255510662682,0,0.00015735255431665904,0.00015735255431665904,0,0,0,0.00015735255431665904,42,31,31,3.9999999999999996,4.0000000755706342
storage_fixed_om_CNY,6,31232.876712327201,31232.876712327201,24993.780604607935,24993.780604607935,-6239.096107719266,0,-6239.0961077192678,-6239.0961077192678,0,-0,0,-6239.0961077192678,42,302,209,14.999999999999249,12.003592000897232
storage_fixed_om_CNY,7,4164.3835616438346,4164.3835616438346,4164.3835616438346,4164.3835616438346,0,0,0,0,0,0,0,0,42,187,187,1.9999999999999998,1.9999999999999998
storage_fixed_om_CNY,8,4164.3835616438346,4164.3835616438346,4164.3835616438346,4164.3835616438346,0,0,0,0,0,0,0,0,42,179,179,1.9999999999999998,1.9999999999999998
storage_fixed_om_CNY,9,41643.831039135359,41643.831039135359,41643.835616438359,41643.835616438359,0.0045773029996780679,0,0.0045773029985131672,0.0045773029985131672,0,0,0,0.0045773029985131672,42,7,298,19.999997801690007,20
storage_fixed_om_CNY,10,2082.1917808219173,2082.1917808219173,2082.1917808219173,2082.1917808219173,0,0,0,0,0,0,0,0,42,13,13,0.99999999999999989,0.99999999999999989
storage_fixed_om_CNY,11,10410.95890410959,10410.95890410959,10410.95890410959,10410.95890410959,0,0,0,0,0,0,0,0,42,183,189,5,5
storage_fixed_om_CNY,12,18739.758547701476,18739.758547701476,37479.452054791516,37479.452054791516,18739.69350709004,0,18739.69350709004,18739.69350709004,0,0,0,18739.69350709004,42,228,228,9.0000156183039994,17.999999999998558
storage_fixed_om_CNY,13,31045.247625446256,31045.247625446256,73313.889584243443,73313.889584243443,42268.64195879719,0,42268.641958797183,42268.641958797183,0,0,0,42268.641958797183,42,363,33,14.909888662220899,35.209960129274812
storage_fixed_om_CNY,14,16657.534246575342,16657.534246575342,8328.7671232876692,8328.7671232876692,-8328.7671232876728,0,-8328.767123287671,-8328.767123287671,0,-0,0,-8328.767123287671,42,106,106,8,3.9999999999999996
storage_fixed_om_CNY,15,2082.1917808219177,2082.1917808219177,2082.1917808219177,2082.1917808219177,0,0,0,0,0,0,0,0,42,91,91,1,1
storage_fixed_om_CNY,16,8328.767123287671,8328.767123287671,9479.655267662356,9479.655267662356,1150.888144374685,0,1150.8881443746843,1150.8881443746843,0,0,0,1150.8881443746843,42,238,93,4,4.5527291746009997
storage_fixed_om_CNY,17,24986.301369864013,24986.301369864013,24986.301369864021,24986.301369864021,7.2759576141834259e-12,0,7.3974312216120017e-12,7.3974312216120017e-12,0,0,0,7.3974312216120017e-12,42,165,253,12.00000000000048,12.000000000000483
storage_fixed_om_CNY,18,16657.534246575342,16657.534246575342,32760.507812485852,32760.507812485852,16102.97356591051,0,16102.973565910512,16102.973565910512,0,0,0,16102.973565910512,42,105,105,8,15.733664936259654
storage_fixed_om_CNY,19,37479.452054791509,37479.452054791509,18739.853497897533,18739.853497897533,-18739.598556893976,0,-18739.598556893976,-18739.598556893976,0,-0,0,-18739.598556893976,42,86,173,17.999999999998554,9.0000612193849996
storage_fixed_om_CNY,20,2082.1917808219173,2082.1917808219173,2082.1917808219173,2082.1917808219173,0,0,0,0,0,0,0,0,42,348,348,0.99999999999999989,0.99999999999999989
storage_fixed_om_CNY,21,4164.3835616438355,4164.3835616438355,4164.3835616438355,4164.3835616438355,0,0,0,0,0,0,0,0,42,152,152,2,2
storage_fixed_om_CNY,22,16657.534246575338,16657.534246575338,16657.534246575342,16657.534246575342,3.637978807091713e-12,0,1.8493578054030004e-12,1.8493578054030004e-12,0,0,0,1.8493578054030004e-12,42,94,134,7.9999999999999991,8
storage_fixed_om_CNY,23,6246.5753424663772,6246.5753424663772,6246.5753424663781,6246.5753424663781,9.0949470177292824e-13,0,9.2467890270150021e-13,9.2467890270150021e-13,0,0,0,9.2467890270150021e-13,42,104,110,3.0000000000002998,3.0000000000003002
storage_fixed_om_CNY,24,7987.1748248103713,7987.1748248103713,6246.5753424663772,6246.5753424663772,-1740.5994823439942,0,-1740.5994823439939,-1740.5994823439939,0,-0,0,-1740.5994823439939,42,125,125,3.8359458040207706,3.0000000000002998
storage_fixed_om_CNY,25,8328.7671232876692,8328.7671232876692,8328.7670826313442,8328.7670826313442,-4.0656324927113019e-05,0,-4.0656325453887986e-05,-4.0656325453887986e-05,0,-0,0,-4.0656325453887986e-05,42,315,354,3.9999999999999991,3.9999999804742639
storage_fixed_om_CNY,26,4164.3835616438346,4164.3835616438346,4164.3835616438346,4164.3835616438346,0,0,0,0,0,0,0,0,42,92,92,1.9999999999999998,1.9999999999999998
storage_fixed_om_CNY,27,10410.958904109586,10410.958904109586,10410.958904109586,10410.958904109586,0,0,0,0,0,0,0,0,42,345,345,4.9999999999999991,4.9999999999999991
storage_fixed_om_CNY,28,24986.301369864017,24986.301369864017,24986.301369864013,24986.301369864013,-3.637978807091713e-12,0,-3.6987156108060009e-12,-3.6987156108060009e-12,0,-0,0,-3.6987156108060009e-12,42,196,194,12.000000000000481,12.00000000000048
storage_fixed_om_CNY,29,2082.1917808219177,2082.1917808219177,2082.1917808219177,2082.1917808219177,0,0,0,0,0,0,0,0,42,332,332,1,1
storage_fixed_om_CNY,30,33315.068493150677,33315.068493150677,33315.068493150691,33315.068493150691,1.4551915228366852e-11,0,1.1096146832418003e-11,1.1096146832418003e-11,0,0,0,1.1096146832418003e-11,42,259,260,15.999999999999998,16.000000000000004
storage_fixed_om_CNY,31,10410.95890410959,10410.95890410959,10410.958904109586,10410.958904109586,-3.637978807091713e-12,0,-1.8493578054030004e-12,-1.8493578054030004e-12,0,-0,0,-1.8493578054030004e-12,42,188,239,5,4.9999999999999991
storage_fixed_om_CNY,32,8328.767123287671,8328.767123287671,8328.767123287671,8328.767123287671,0,0,0,0,0,0,0,0,42,262,51,4,4
storage_fixed_om_CNY,33,33315.068493150677,33315.068493150677,33315.068493150684,33315.068493150684,7.2759576141834259e-12,0,3.6987156108060009e-12,3.6987156108060009e-12,0,0,0,3.6987156108060009e-12,42,316,37,15.999999999999998,16
storage_fixed_om_CNY,34,20821.917808219179,20821.917808219179,20821.917808219179,20821.917808219179,0,0,0,0,0,0,0,0,42,352,352,10,10
storage_fixed_om_CNY,35,2082.1917808219173,2082.1917808219173,2082.1917808219173,2082.1917808219173,0,0,0,0,0,0,0,0,42,123,123,0.99999999999999989,0.99999999999999989
storage_fixed_om_CNY,36,2082.1917808219173,2082.1917808219173,2082.1917808219173,2082.1917808219173,0,0,0,0,0,0,0,0,42,186,186,0.99999999999999989,0.99999999999999989
storage_fixed_om_CNY,37,2082.1917808219177,2082.1917808219177,2082.1917808219177,2082.1917808219177,0,0,0,0,0,0,0,0,42,70,70,1,1
storage_fixed_om_CNY,38,39561.64383561525,39561.64383561525,39561.64383561525,39561.64383561525,0,0,0,0,0,0,0,0,42,27,45,18.999999999999432,18.999999999999432
storage_fixed_om_CNY,39,45808.219178077605,45808.219178077605,45808.219178077605,45808.219178077605,0,0,0,0,0,0,0,0,42,275,275,21.999999999997797,21.999999999997797
storage_fixed_om_CNY,40,8328.7671232876692,8328.7671232876692,8328.7671232876728,8328.7671232876728,3.637978807091713e-12,0,2.7740367081045006e-12,2.7740367081045006e-12,0,0,0,2.7740367081045006e-12,42,112,25,3.9999999999999996,4.0000000000000009
storage_fixed_om_CNY,41,60717.567113264267,60717.567113264267,19780.821917808218,19780.821917808218,-40936.745195456053,0,-40936.745195456053,-40936.745195456053,0,-0,0,-40936.745195456053,42,206,242,29.16041052150192,9.5
storage_fixed_om_CNY,42,2082.1917808219177,2082.1917808219177,2082.1917808219177,2082.1917808219177,0,0,0,0,0,0,0,0,42,74,74,1,1
storage_fixed_om_CNY,43,2082.1917808219177,2082.1917808219177,2082.1917808219177,2082.1917808219177,0,0,0,0,0,0,0,0,42,140,140,1,1
storage_fixed_om_CNY,44,27068.493150683851,27068.493150683851,27068.493150683851,27068.493150683851,0,0,0,0,0,0,0,0,42,289,154,12.999999999999481,12.999999999999481
storage_fixed_om_CNY,45,2082.1917808219173,2082.1917808219173,2082.1917808219173,2082.1917808219173,0,0,0,0,0,0,0,0,42,343,343,0.99999999999999989,0.99999999999999989
storage_fixed_om_CNY,46,8328.7671232876728,8328.7671232876728,8328.767123287671,8328.767123287671,-1.8189894035458565e-12,0,-1.8493578054030004e-12,-1.8493578054030004e-12,0,-0,0,-1.8493578054030004e-12,42,333,75,4.0000000000000009,4
storage_fixed_om_CNY,47,4164.3835616438355,4164.3835616438355,4164.3835616438355,4164.3835616438355,0,0,0,0,0,0,0,0,42,308,308,2,2
renewable_available_MWh,0,13566.949999999593,11685.759999999647,13566.949999999595,11685.759999999649,-1881.1899999999441,-1881.1899999999453,2.18506102100946e-12,2.5368152023474979e-12,-1881.1899999999457,-3.5175418133803797e-13,-1881.1899999999455,2.3609381116784791e-12,7,211,130,18.999999999999428,18.999999999999432
renewable_available_MWh,1,5324.7000000000007,5139.8500000000004,5324.6999999999989,5139.8499999999995,-184.85000000000127,-184.85000000000014,-9.1302077009913776e-13,-9.4585672627545141e-13,-184.85000000000011,3.2835956176313654e-14,-184.85000000000011,-9.2943874818729449e-13,7,354,103,5,4.9999999999999991
renewable_available_MWh,2,14675.699999999413,17102.149999999318,21145.453451399437,24641.599156691056,9965.8991566916429,2426.4499999999043,7539.4491566917386,6469.7534514000254,3496.145705291618,1069.6957052917135,2961.2978526457609,7004.601304045882,7,109,134,12.999999999999481,18.731024405527009
renewable_available_MWh,3,5383.5599999997858,5383.5599999997858,5383.5599999997848,5383.5599999997848,-9.0949470177292824e-13,0,-1.4712497886648635e-12,-1.4712497886648635e-12,0,-0,0,-1.4712497886648635e-12,7,112,112,12.999999999999483,12.99999999999948
renewable_available_MWh,4,1813.26,1813.26,1813.2600000000002,1813.2600000000002,2.2737367544323206e-13,0,2.0131230016318116e-13,2.0131230016318116e-13,0,0,0,2.0131230016318116e-13,7,92,92,0.99999999999999989,1
renewable_available_MWh,5,2853.6199999999994,2853.6199999999994,2853.6199999999999,2853.6199999999999,4.5474735088646412e-13,0,6.3363092550616782e-13,6.3363092550616782e-13,0,0,0,6.3363092550616782e-13,7,121,121,1.9999999999999996,2
renewable_available_MWh,6,20547.600000000002,18890.499999999996,10273.800000000001,9445.2499999999982,-11102.350000000004,-1657.1000000000049,-9445.2499999999982,-10273.800000000001,-828.55000000000246,828.55000000000246,-1242.8250000000037,-9859.5249999999996,7,190,178,10,5
renewable_available_MWh,7,10439.999999999163,10772.639999999137,16301.6323579322,16821.036092371141,6381.0360923719782,332.63999999997367,6048.396092372006,5861.6323579330356,519.40373443894373,186.76373443897,426.02186721945867,5955.0142251525203,7,281,5,17.999999999998558,28.106262686089998
renewable_available_MWh,8,1712.1399999999999,1712.1399999999999,1712.1400000000003,1712.1400000000003,4.5474735088646412e-13,0,3.8017144987634308e-13,3.8017144987634308e-13,0,0,0,3.8017144987634308e-13,7,308,308,2,2.0000000000000004
renewable_available_MWh,9,3169.3199999999997,3169.3199999999997,3169.3200000000002,3169.3200000000002,4.5474735088646412e-13,0,3.5186520364050013e-13,3.5186520364050013e-13,0,0,0,3.5186520364050013e-13,7,187,187,1.9999999999999998,2
renewable_available_MWh,10,14976.579574458807,14097.832306188291,11352.240000001135,10686.150000001066,-4290.4295744577412,-878.74726827051711,-3411.6823061872237,-3624.3395744576724,-666.09000000006847,212.65726827044864,-772.41863413529279,-3518.0109403224478,7,50,261,11.873358576820896,9.0000000000008988
renewable_available_MWh,11,13107.706129218581,16776.57680460158,9777,12513.600000000002,-594.10612921857864,3668.8706753829993,-4262.9768046015788,-3330.7061292185813,2736.6000000000013,-932.27067538299809,3202.7353376915003,-3796.8414669100803,7,45,108,20.110012471952412,15.000000000000002
renewable_available_MWh,12,1734.3,1734.3,1734.3000000000006,1734.3000000000006,6.8212102632969618e-13,0,5.7763793748222276e-13,5.7763793748222276e-13,0,0,0,5.7763793748222276e-13,7,332,332,0.99999999999999989,1.0000000000000002
renewable_available_MWh,13,1498.6999999999998,1498.6999999999998,1498.7,1498.7,2.2737367544323206e-13,0,1.6638912470057222e-13,1.6638912470057222e-13,0,0,0,1.6638912470057222e-13,7,140,140,0.99999999999999989,1
renewable_available_MWh,14,8181.9600000003275,8740.9200000003511,8181.9600000003265,8740.9200000003511,558.96000000002368,558.96000000002425,-1.2939160853875366e-12,-1.2111733838082726e-12,558.96000000002425,-8.2742701579263941e-14,558.96000000002425,-1.2525447345979046e-12,7,352,55,12.000000000000481,12.00000000000048
renewable_available_MWh,15,14084.32,12344.959999999999,14084.32,12344.959999999999,-1739.3600000000006,-1739.3600000000006,0,0,-1739.3600000000006,-0,-1739.3600000000006,0,7,229,88,16,16
renewable_available_MWh,16,5700.8550713214872,7055.39390025393,5700.859995719994,7055.3999947030525,1354.5449233815652,1354.538828932443,0.0060944491223970942,0.0049243985066627968,1354.5399989830587,0.0011700506157342971,1354.5394139577509,0.0055094238145299455,7,316,361,21.999980979900002,21.999999983483171
renewable_available_MWh,17,2431.23,2431.23,2431.23,2431.23,0,0,0,0,0,0,0,0,7,13,13,1,1
renewable_available_MWh,18,3274.8300000003269,3633.6600000003632,3274.8300000003269,3633.6600000003632,358.83000000003631,358.83000000003625,0,0,358.83000000003625,0,358.83000000003625,0,7,43,344,3.0000000000002998,3.0000000000002998
renewable_available_MWh,19,2199.54,2199.54,2199.54,2199.54,0,0,0,0,0,0,0,0,7,31,31,2,2
renewable_available_MWh,20,18200,16002.799999999999,18199.999999999996,16002.799999999997,-2197.2000000000025,-2197.2000000000003,-2.8426683229554328e-12,-3.2329694477084558e-12,-2197.1999999999998,3.9030112475302308e-13,-2197.2000000000003,-3.0378188853319441e-12,7,290,295,20,19.999999999999996
renewable_available_MWh,21,3980.8800000001597,4505.5200000001814,3980.8800000001602,4505.5200000001814,524.6400000000217,524.64000000002136,6.669509389212181e-13,5.8928861790263911e-13,524.64000000002147,7.7662321018578999e-14,524.64000000002136,6.281197784119286e-13,7,47,329,12.000000000000481,12.000000000000483
renewable_available_MWh,22,9124.5816570008774,9124.5816570008774,4562.3100000004561,4562.3100000004561,-4562.2716570004213,0,-4562.2716570004213,-4562.2716570004213,0,-0,0,-4562.2716570004213,7,12,12,5.9999747871149989,3.0000000000002998
renewable_available_MWh,23,3835.4700000003827,3835.4700000003827,3835.4700000003841,3835.4700000003841,1.3642420526593924e-12,0,1.1355272278024131e-12,1.1355272278024131e-12,0,0,0,1.1355272278024131e-12,7,125,125,3.0000000000002993,3.0000000000003002
renewable_available_MWh,24,6985.6799999986015,6985.6799999986015,6985.6799999986015,6985.6799999986015,0,0,0,0,0,0,0,0,7,94,94,5.9999999999987992,5.9999999999987992
renewable_available_MWh,25,2118.9299999999998,2118.9299999999998,2118.9299999999998,2118.9299999999998,0,0,0,0,0,0,0,0,7,91,91,1,1
renewable_available_MWh,26,15652.127844654106,16816.539927139882,14112.742529100602,15162.634791736844,-489.49305291726159,1164.4120824857762,-1653.905135403038,-1539.385315553503,1049.8922626362412,-114.51981984953497,1107.1521725610087,-1596.6452254782705,7,355,330,29.772745652921905,26.844598891236021
renewable_available_MWh,27,939.86000000000001,939.86000000000001,939.86000000000001,939.86000000000001,0,0,0,0,0,0,0,0,7,343,343,1,1
renewable_available_MWh,28,4636.079999999999,4636.079999999999,4636.0799999999999,4636.0799999999999,9.0949470177292824e-13,0,5.1470827600041957e-13,5.1470827600041957e-13,0,0,0,5.1470827600041957e-13,7,75,75,7.9999999999999991,8
renewable_available_MWh,29,946.20000000000005,946.20000000000005,946.19999999999993,946.19999999999993,-1.1368683772161603e-13,0,-1.0504930259003232e-13,-1.0504930259003232e-13,0,-0,0,-1.0504930259003232e-13,7,48,48,2,1.9999999999999998
renewable_available_MWh,30,1943.5999999999999,1943.5999999999999,1943.5999999999997,1943.5999999999997,-2.2737367544323206e-13,0,-2.1578294706614542e-13,-2.1578294706614542e-13,0,-0,0,-2.1578294706614542e-13,7,70,70,1,0.99999999999999989
renewable_available_MWh,31,1187.1900000000001,1187.1900000000001,1187.1900000000003,1187.1900000000003,2.2737367544323206e-13,0,2.6360913452094793e-13,2.6360913452094793e-13,0,0,0,2.6360913452094793e-13,7,123,123,1,1.0000000000000002
renewable_available_MWh,32,1624.05,1624.05,1624.05,1624.05,0,0,0,0,0,0,0,0,7,348,348,1,1
renewable_available_MWh,33,6772,5942.1999999999998,6772,5942.1999999999998,-829.80000000000018,-829.80000000000018,0,0,-829.80000000000018,-0,-829.80000000000018,0,7,177,105,4,4
renewable_available_MWh,34,1415.4899999999998,1415.4899999999998,1415.4899999999998,1415.4899999999998,0,0,0,0,0,0,0,0,7,74,74,1,1
renewable_available_MWh,35,3383.8399999999997,3383.8399999999997,3383.8400000000001,3383.8400000000001,4.5474735088646412e-13,0,3.7568170796475899e-13,3.7568170796475899e-13,0,0,0,3.7568170796475899e-13,7,73,73,1.9999999999999998,2
renewable_available_MWh,36,9983.5999657893899,13405.699954062946,11035.569502613467,14818.25534688743,4834.6553810980404,3422.0999882735559,1412.5553928244858,1051.9695368240775,3782.685844273964,360.58585600040828,3602.39291627376,1232.2624648242818,7,363,82,21.999999924613022,24.318134646570002
renewable_available_MWh,37,4410.96,4050.7200000000003,4410.96,4050.7200000000003,-360.23999999999978,-360.23999999999978,0,0,-360.23999999999978,-0,-360.23999999999978,0,7,179,239,4,4
renewable_available_MWh,38,1966.96,1966.96,1966.96,1966.96,0,0,0,0,0,0,0,0,7,93,93,2,2
renewable_available_MWh,39,19739,19739,19738.988567354489,19738.988567354489,-0.011432645511376904,0,-0.011432645508261884,-0.011432645508261884,0,-0,0,-0.011432645508261884,7,222,222,20,19.999988416185715
renewable_available_MWh,40,1221.6599999999999,1221.6599999999999,1221.6599999999996,1221.6599999999996,-2.2737367544323206e-13,0,-2.7126301205271372e-13,-2.7126301205271372e-13,0,-0,0,-2.7126301205271372e-13,7,291,291,1,0.99999999999999978
renewable_available_MWh,41,2292.0299999999997,2292.0299999999997,2292.0299999999997,2292.0299999999997,0,0,0,0,0,0,0,0,7,186,186,1,1
renewable_available_MWh,42,2274.4200000000001,2274.4200000000001,2274.4199999999996,2274.4199999999996,-4.5474735088646412e-13,0,-2.5251134516679486e-13,-2.5251134516679486e-13,0,-0,0,-2.5251134516679486e-13,7,122,122,1,0.99999999999999989
renewable_available_MWh,43,20249.798345684962,23587.819568750263,21006.091215970049,24468.781416413218,4218.9830707282563,3338.0212230653019,880.96184766295335,756.29287028508531,3462.6902004431699,124.66897737786805,3400.3557117542359,818.62735897401933,7,164,176,20.243927606679026,21.00000121561752
renewable_available_MWh,44,2313.6400000000458,2347.8000000000466,2313.6383069592252,2347.7982819621325,34.158281962086676,34.16000000000065,-0.0017180379139736244,-0.0016930408208901682,34.159975002907565,-2.499709308345641e-05,34.159987501454111,-0.0017055393674318964,7,79,4,14.000000000000279,13.999989755289999
renewable_available_MWh,45,1151.9099999999999,1151.9099999999999,1151.9099999999999,1151.9099999999999,0,0,0,0,0,0,0,0,7,152,152,1,1
renewable_available_MWh,46,1425.9200000000001,1425.9200000000001,1425.9200000000001,1425.9200000000001,0,0,0,0,0,0,0,0,7,69,69,1,1
renewable_available_MWh,47,4958.8400000000001,4958.8400000000001,4958.8400000000001,4958.8400000000001,0,0,0,0,0,0,0,0,7,189,189,4,4
renewable_used_MWh,0,12237.258749999464,11685.759999999647,12237.258749999466,11685.759999999649,-551.49874999981512,-551.49874999981716,2.18506102100946e-12,2.2881829764287119e-12,-551.49874999981728,-1.0312195541925196e-13,-551.49874999981716,2.2366219987190859e-12,7,211,130,18.999999999999428,18.999999999999432
renewable_used_MWh,1,3858.0794276315146,4670.1929999999538,3858.0794276315137,4670.1929999999529,812.11357236843833,812.11357236843924,-8.2959292768690919e-13,-6.8533257782226446e-13,812.11357236843912,-1.4426034986464473e-13,812.11357236843912,-7.5746275275458682e-13,7,354,103,5,4.9999999999999991
renewable_used_MWh,2,9894.3188499993103,11714.329574999259,14256.20983503157,16878.568704900517,6984.2498549012071,1820.0107249999492,5164.2391299012579,4361.8909850322598,2622.3588698689473,802.34814486899802,2221.1847974344482,4763.0650574667588,7,109,134,12.999999999999481,18.731024405527009
renewable_used_MWh,3,5383.5599999997858,5383.5599999997858,5383.5599999997848,5383.5599999997848,-9.0949470177292824e-13,0,-1.4712497886648635e-12,-1.4712497886648635e-12,0,-0,0,-1.4712497886648635e-12,7,112,112,12.999999999999483,12.99999999999948
renewable_used_MWh,4,1539.2349749999828,1539.2349749999828,1539.234974999983,1539.234974999983,2.2737367544323206e-13,0,1.7088941095533084e-13,1.7088941095533084e-13,0,0,0,1.7088941095533084e-13,7,92,92,0.99999999999999989,1
renewable_used_MWh,5,2614.949750692494,2614.949750692494,2614.9497506924945,2614.9497506924945,4.5474735088646412e-13,0,5.8063548429132405e-13,5.8063548429132405e-13,0,0,0,5.8063548429132405e-13,7,121,121,1.9999999999999996,2
renewable_used_MWh,6,11915.523749999758,11135.040997229684,5957.7618749998792,5567.5204986148419,-6348.0032513849164,-780.48275277007406,-5567.5204986148419,-5957.7618749998792,-390.24137638503703,390.24137638503703,-585.36206457755554,-5762.641186807361,7,190,178,10,5
renewable_used_MWh,7,9202.2727499990942,8921.8831499991065,14368.971956696838,13931.15508158306,4728.8823315839654,-280.38959999998787,5009.2719315839531,5166.6992066977427,-437.81687511377726,-157.42727511378939,-359.10323755688256,5087.9855691408484,7,281,5,17.999999999998558,28.106262686089998
renewable_used_MWh,8,1712.1399999999999,1712.1399999999999,1712.1400000000003,1712.1400000000003,4.5474735088646412e-13,0,3.8017144987634308e-13,3.8017144987634308e-13,0,0,0,3.8017144987634308e-13,7,308,308,2,2.0000000000000004
renewable_used_MWh,9,1931.7081994459365,1931.7081994459365,1931.7081994459368,1931.7081994459368,2.2737367544323206e-13,0,2.1446269198820831e-13,2.1446269198820831e-13,0,0,0,2.1446269198820831e-13,7,187,187,1.9999999999999998,2
renewable_used_MWh,10,12087.560379133667,11118.144230837852,9162.3648614966678,8427.5478947375232,-3660.0124843961439,-969.41614829581556,-2690.5963361003287,-2925.1955176369988,-734.8169667591452,234.59918153667044,-852.11655752748038,-2807.8959268686635,7,50,261,11.873358576820896,9.0000000000008988
renewable_used_MWh,11,9645.8788949831414,11454.424111098786,7194.833102492842,8543.8217358699003,-1102.0571591132411,1808.5452161156443,-2910.6023752288852,-2451.0457924902985,1348.9886333770576,-459.55658273858671,1578.7669247463509,-2680.8240838595921,7,45,108,20.110012471952412,15.000000000000002
renewable_used_MWh,12,1460.1942105263029,1460.1942105263029,1460.1942105263033,1460.1942105263033,4.5474735088646412e-13,0,4.8634236988519642e-13,4.8634236988519642e-13,0,0,0,4.8634236988519642e-13,7,332,332,0.99999999999999989,1.0000000000000002
renewable_used_MWh,13,1498.6999999999998,1498.6999999999998,1498.7,1498.7,2.2737367544323206e-13,0,1.6638912470057222e-13,1.6638912470057222e-13,0,0,0,1.6638912470057222e-13,7,140,140,0.99999999999999989,1
renewable_used_MWh,14,8113.5176763161699,8273.4505263161209,8113.5176763161689,8273.4505263161209,159.93284999995103,159.932849999952,-1.2247167023217213e-12,-1.2010418846598731e-12,159.93284999995197,-2.3674817661848139e-14,159.932849999952,-1.2128792934907972e-12,7,352,55,12.000000000000481,12.00000000000048
renewable_used_MWh,15,10265.208642658945,9084.702168420843,10265.208642658945,9084.702168420843,-1180.5064742381019,-1180.5064742381019,0,0,-1180.5064742381019,-0,-1180.5064742381019,0,7,229,88,16,16
renewable_used_MWh,16,5700.8550713214872,7055.39390025393,5700.859995719994,7055.3999947030525,1354.5449233815652,1354.538828932443,0.0060944491223970942,0.0049243985066627968,1354.5399989830587,0.0011700506157342971,1354.5394139577509,0.0055094238145299455,7,316,361,21.999980979900002,21.999999983483171
renewable_used_MWh,17,2077.0240997229685,2077.0240997229685,2077.0240997229685,2077.0240997229685,0,0,0,0,0,0,0,0,7,13,13,1,1
renewable_used_MWh,18,2934.5734065791885,3053.7403047093999,2934.5734065791885,3053.7403047093999,119.16689813021139,119.16689813021148,0,0,119.16689813021148,0,119.16689813021148,0,7,43,344,3.0000000000002998,3.0000000000002998
renewable_used_MWh,19,2157.4084210526316,2157.4084210526316,2157.4084210526316,2157.4084210526316,0,0,0,0,0,0,0,0,7,31,31,2,2
renewable_used_MWh,20,13961.91080332379,11340.510803323685,13961.910803323788,11340.510803323683,-2621.400000000107,-2621.4000000001056,-2.0144793927776455e-12,-2.4801335746580459e-12,-2621.4000000001051,4.6565418188040041e-13,-2621.4000000001051,-2.2473064837178459e-12,7,290,295,20,19.999999999999996
renewable_used_MWh,21,3980.8800000001597,4505.5200000001814,3980.8800000001602,4505.5200000001814,524.6400000000217,524.64000000002136,6.669509389212181e-13,5.8928861790263911e-13,524.64000000002147,7.7662321018578999e-14,524.64000000002136,6.281197784119286e-13,7,47,329,12.000000000000481,12.000000000000483
renewable_used_MWh,22,8842.3938428006641,8842.3938428006641,4421.215500000435,4421.215500000435,-4421.1783428002291,0,-4421.1783428002291,-4421.1783428002291,0,-0,0,-4421.1783428002291,7,12,12,5.9999747871149989,3.0000000000002998
renewable_used_MWh,23,3835.4700000003827,3835.4700000003827,3835.4700000003841,3835.4700000003841,1.3642420526593924e-12,0,1.1355272278024131e-12,1.1355272278024131e-12,0,0,0,1.1355272278024131e-12,7,125,125,3.0000000000002993,3.0000000000003002
renewable_used_MWh,24,4436.8926315779454,4436.8926315779454,4436.8926315779454,4436.8926315779454,0,0,0,0,0,0,0,0,7,94,94,5.9999999999987992,5.9999999999987992
renewable_used_MWh,25,1587.7129374999906,1587.7129374999906,1587.7129374999906,1587.7129374999906,0,0,0,0,0,0,0,0,7,91,91,1,1
renewable_used_MWh,26,13471.691788335129,12524.883493595926,12146.752155816806,11293.062368671674,-2178.6294196634553,-946.80829473920437,-1231.8211249242518,-1324.9396325183222,-853.68978714513389,93.118507594070408,-900.24904094216913,-1278.3803787212871,7,355,330,29.772745652921905,26.844598891236021
renewable_used_MWh,27,910.71499999999969,910.71499999999969,910.71499999999969,910.71499999999969,0,0,0,0,0,0,0,0,7,343,343,1,1
renewable_used_MWh,28,4636.079999999999,4636.079999999999,4636.0799999999999,4636.0799999999999,9.0949470177292824e-13,0,5.1470827600041957e-13,5.1470827600041957e-13,0,0,0,5.1470827600041957e-13,7,75,75,7.9999999999999991,8
renewable_used_MWh,29,946.19999999999993,946.19999999999993,946.19999999999982,946.19999999999982,-1.1368683772161603e-13,0,-1.050493025900323e-13,-1.050493025900323e-13,0,-0,0,-1.050493025900323e-13,7,48,48,2,1.9999999999999998
renewable_used_MWh,30,935.15210526313263,935.15210526313263,935.15210526313251,935.15210526313251,-1.1368683772161603e-13,0,-1.0382273987898179e-13,-1.0382273987898179e-13,0,-0,0,-1.0382273987898179e-13,7,70,70,1,0.99999999999999989
renewable_used_MWh,31,771.48343490303159,771.48343490303159,771.48343490303182,771.48343490303182,2.2737367544323206e-13,0,1.7130373450924976e-13,1.7130373450924976e-13,0,0,0,1.7130373450924976e-13,7,123,123,1,1.0000000000000002
renewable_used_MWh,32,1284.1840997229683,1284.1840997229683,1284.1840997229683,1284.1840997229683,0,0,0,0,0,0,0,0,7,348,348,1,1
renewable_used_MWh,33,4116.6163988918734,3877.0163988918739,4116.6163988918734,3877.0163988918739,-239.59999999999945,-239.59999999999945,0,0,-239.59999999999945,-0,-239.59999999999945,0,7,177,105,4,4
renewable_used_MWh,34,1263.6799999999926,1263.6799999999926,1263.6799999999926,1263.6799999999926,0,0,0,0,0,0,0,0,7,74,74,1,1
renewable_used_MWh,35,2843.7684210525954,2843.7684210525954,2843.7684210525958,2843.7684210525958,4.5474735088646412e-13,0,3.1572171777545186e-13,3.1572171777545186e-13,0,0,0,3.1572171777545186e-13,7,73,73,1.9999999999999998,2
renewable_used_MWh,36,9306.3191996890273,13161.171054900842,10286.923824431704,14547.960496197509,5241.6412965084819,3854.8518552118139,1386.7894412966675,980.60462474267501,4261.0366717658062,406.18481655399245,4057.9442634888101,1183.6970330196712,7,363,82,21.999999924613022,24.318134646570002
renewable_used_MWh,37,2865.6163988918734,3122.5763988918734,2865.6163988918734,3122.5763988918734,256.96000000000004,256.96000000000004,0,0,256.96000000000004,0,256.96000000000004,0,7,179,239,4,4
renewable_used_MWh,38,1966.96,1966.96,1966.96,1966.96,0,0,0,0,0,0,0,0,7,93,93,2,2
renewable_used_MWh,39,13091.021803323712,13091.021803323712,13091.014221125444,13091.014221125444,-0.0075821982682100497,0,-0.0075821982683179114,-0.0075821982683179114,0,-0,0,-0.0075821982683179114,7,222,222,20,19.999988416185715
renewable_used_MWh,40,1221.6599999999999,1221.6599999999999,1221.6599999999996,1221.6599999999996,-2.2737367544323206e-13,0,-2.7126301205271372e-13,-2.7126301205271372e-13,0,-0,0,-2.7126301205271372e-13,7,291,291,1,0.99999999999999978
renewable_used_MWh,41,1466.1862049861263,1466.1862049861263,1466.1862049861263,1466.1862049861263,0,0,0,0,0,0,0,0,7,186,186,1,1
renewable_used_MWh,42,1763.7801052631337,1763.7801052631337,1763.7801052631335,1763.7801052631335,-2.2737367544323206e-13,0,-1.9581892832389133e-13,-1.9581892832389133e-13,0,-0,0,-1.9581892832389133e-13,7,122,122,1,0.99999999999999989
renewable_used_MWh,43,13751.134711538229,16418.782933339025,14264.714400734601,17031.994396449165,3280.8596849109363,2667.6482218007964,613.21146311013877,513.57968919637324,2767.2799957145617,99.631773913765556,2717.4641087576792,563.395576153256,7,164,176,20.243927606679026,21.00000121561752
renewable_used_MWh,44,2313.6400000000458,2347.8000000000466,2313.6383069592252,2347.7982819621325,34.158281962086676,34.16000000000065,-0.0017180379139736244,-0.0016930408208901682,34.159975002907565,-2.499709308345641e-05,34.159987501454111,-0.0017055393674318964,7,79,4,14.000000000000279,13.999989755289999
renewable_used_MWh,45,1151.9099999999999,1151.9099999999999,1151.9099999999999,1151.9099999999999,0,0,0,0,0,0,0,0,7,152,152,1,1
renewable_used_MWh,46,1389.1063157894737,1389.1063157894737,1389.1063157894737,1389.1063157894737,0,0,0,0,0,0,0,0,7,69,69,1,1
renewable_used_MWh,47,3721.6600631578426,3721.6600631578426,3721.6600631578426,3721.6600631578426,0,0,0,0,0,0,0,0,7,189,189,4,4
curtailment_MWh,0,1329.6912500001272,0,1329.6912500001274,0,-1329.6912500001272,-1329.6912500001272,0,2.4863222591878581e-13,-1329.6912500001274,-2.4863222591878581e-13,-1329.6912500001274,1.2431611295939291e-13,7,211,130,18.999999999999428,18.999999999999432
curtailment_MWh,1,1466.6205723684852,469.6570000000462,1466.6205723684848,469.65700000004608,-996.96357236843915,-996.96357236843892,-8.3427842412228544e-14,-2.6052414845318685e-13,-996.9635723684388,1.7709630604095831e-13,-996.9635723684388,-1.7197599543270771e-13,7,354,103,5,4.9999999999999991
curtailment_MWh,2,4781.3811500001029,5387.8204250000563,6889.2436163678694,7763.030451790537,2981.649301790434,606.43927499995311,2375.2100267904807,2107.862466367766,873.78683542266765,267.34756042271459,740.11305521131044,2241.5362465791231,7,109,134,12.999999999999481,18.731024405527009
curtailment_MWh,3,0,0,0,0,0,0,-0,-0,0,-0,0,-0,7,112,112,12.999999999999483,12.99999999999948
curtailment_MWh,4,274.02502500001685,274.02502500001685,274.02502500001691,274.02502500001691,5.6843418860808015e-14,0,3.0422889207850291e-14,3.0422889207850291e-14,0,0,0,3.0422889207850291e-14,7,92,92,0.99999999999999989,1
curtailment_MWh,5,238.67024930750529,238.67024930750529,238.67024930750534,238.67024930750534,5.6843418860808015e-14,0,5.2995441214843751e-14,5.2995441214843751e-14,0,0,0,5.2995441214843751e-14,7,121,121,1.9999999999999996,2
curtailment_MWh,6,8632.076250000242,7755.4590027703161,4316.038125000121,3877.7295013851581,-4754.3467486150839,-876.61724722992517,-3877.7295013851581,-4316.038125000121,-438.30862361496258,438.30862361496258,-657.46293542244393,-4096.8838131926395,7,190,178,10,5
curtailment_MWh,7,1237.7272500000684,1850.7568500000309,1932.660401235361,2889.8810107880836,1652.1537607880152,613.02959999996256,1039.1241607880524,694.93315123529248,957.22060955272252,344.19100955275997,785.1251047763426,867.02865601167241,7,281,5,17.999999999998558,28.106262686089998
curtailment_MWh,8,0,0,0,0,0,0,0,0,0,0,0,0,7,308,308,2,2.0000000000000004
curtailment_MWh,9,1237.6118005540627,1237.6118005540627,1237.6118005540629,1237.6118005540629,2.2737367544323206e-13,0,1.3740251165229177e-13,1.3740251165229177e-13,0,0,0,1.3740251165229177e-13,7,187,187,1.9999999999999998,2
curtailment_MWh,10,2889.0191953251388,2979.6880753504411,2189.8751385044657,2258.6021052635451,-630.41709006159363,90.668880025302158,-721.08597008689583,-699.14405682067309,68.726966759079474,-21.941913266222684,79.697923392190816,-710.1150134537844,7,50,261,11.873358576820896,9.0000000000008988
curtailment_MWh,11,3461.8272342354417,5322.152693502796,2582.1668975071589,3969.7782641301019,507.95102989466022,1860.3254592673538,-1352.3744293726938,-879.6603367282828,1387.6113666229428,-472.71409264441104,1623.9684129451484,-1116.0173830504882,7,45,108,20.110012471952412,15.000000000000002
curtailment_MWh,12,274.1057894736968,274.1057894736968,274.10578947369692,274.10578947369692,1.1368683772161603e-13,0,9.1295567597026237e-14,9.1295567597026237e-14,0,0,0,9.1295567597026237e-14,7,332,332,0.99999999999999989,1.0000000000000002
curtailment_MWh,13,0,0,0,0,0,0,0,0,0,0,0,0,7,140,140,0.99999999999999989,1
curtailment_MWh,14,68.442323684159348,467.46947368422991,68.442323684159348,467.46947368422985,399.02715000007049,399.02715000007061,-6.9199383065815323e-14,-1.0131499148399778e-14,399.02715000007055,-5.906788391741555e-14,399.02715000007055,-3.9665441107107555e-14,7,352,55,12.000000000000481,12.00000000000048
curtailment_MWh,15,3819.1113573410548,3260.2578315791561,3819.1113573410548,3260.2578315791561,-558.85352576189871,-558.85352576189871,0,0,-558.85352576189871,-0,-558.85352576189871,0,7,229,88,16,16
curtailment_MWh,16,0,0,0,0,0,0,0,0,0,0,0,0,7,316,361,21.999980979900002,21.999999983483171
curtailment_MWh,17,354.20590027703156,354.20590027703156,354.20590027703156,354.20590027703156,0,0,0,0,0,0,0,0,7,13,13,1,1
curtailment_MWh,18,340.25659342113903,579.91969529096332,340.25659342113903,579.91969529096332,239.66310186982429,239.66310186982429,0,0,239.66310186982429,0,239.66310186982429,0,7,43,344,3.0000000000002998,3.0000000000002998
curtailment_MWh,19,42.13157894736846,42.13157894736846,42.13157894736846,42.13157894736846,0,0,0,0,0,0,0,0,7,31,31,2,2
curtailment_MWh,20,4238.0891966762101,4662.2891966763164,4238.0891966762092,4662.2891966763154,424.20000000010532,424.20000000010646,-8.2818893017778744e-13,-7.5283587305040991e-13,424.2000000001064,-7.5353057127377535e-14,424.2000000001064,-7.9051240161409868e-13,7,290,295,20,19.999999999999996
curtailment_MWh,21,0,0,0,0,0,0,0,0,0,0,0,0,7,47,329,12.000000000000481,12.000000000000483
curtailment_MWh,22,282.18781420021372,282.18781420021372,141.09450000002141,141.09450000002141,-141.09331420019231,0,-141.09331420019228,-141.09331420019228,0,-0,0,-141.09331420019228,7,12,12,5.9999747871149989,3.0000000000002998
curtailment_MWh,23,0,0,0,0,0,0,0,0,0,0,0,0,7,125,125,3.0000000000002993,3.0000000000003002
curtailment_MWh,24,2548.7873684206561,2548.7873684206561,2548.7873684206561,2548.7873684206561,0,0,0,0,0,0,0,0,7,94,94,5.9999999999987992,5.9999999999987992
curtailment_MWh,25,531.21706250000943,531.21706250000943,531.21706250000943,531.21706250000943,0,0,0,0,0,0,0,0,7,91,91,1,1
curtailment_MWh,26,2180.4360563189748,4291.6564335439543,1965.990373283794,3869.5724230651686,1689.1363667461937,2111.2203772249795,-422.08401047878601,-214.44568303518074,1903.5820497813743,-207.63832744360531,2007.4012135031769,-318.26484675698339,7,355,330,29.772745652921905,26.844598891236021
curtailment_MWh,27,29.145000000000366,29.145000000000366,29.145000000000366,29.145000000000366,0,0,0,0,0,0,0,0,7,343,343,1,1
curtailment_MWh,28,0,0,0,0,0,0,0,0,0,0,0,0,7,75,75,7.9999999999999991,8
curtailment_MWh,29,0,0,0,0,0,0,-0,-0,0,-0,0,-0,7,48,48,2,1.9999999999999998
curtailment_MWh,30,1008.4478947368674,1008.4478947368674,1008.4478947368673,1008.4478947368673,-1.1368683772161603e-13,0,-1.1196020718716364e-13,-1.1196020718716364e-13,0,-0,0,-1.1196020718716364e-13,7,70,70,1,0.99999999999999989
curtailment_MWh,31,415.70656509696846,415.70656509696846,415.70656509696857,415.70656509696857,1.1368683772161603e-13,0,9.2305400011698171e-14,9.2305400011698171e-14,0,0,0,9.2305400011698171e-14,7,123,123,1,1.0000000000000002
curtailment_MWh,32,339.86590027703159,339.86590027703159,339.86590027703159,339.86590027703159,0,0,0,0,0,0,0,0,7,348,348,1,1
curtailment_MWh,33,2655.3836011081266,2065.1836011081264,2655.3836011081266,2065.1836011081264,-590.20000000000027,-590.20000000000027,0,0,-590.20000000000027,-0,-590.20000000000027,0,7,177,105,4,4
curtailment_MWh,34,151.81000000000734,151.81000000000734,151.81000000000734,151.81000000000734,0,0,0,0,0,0,0,0,7,74,74,1,1
curtailment_MWh,35,540.07157894740419,540.07157894740419,540.0715789474043,540.0715789474043,1.1368683772161603e-13,0,5.9959990189307122e-14,5.9959990189307122e-14,0,0,0,5.9959990189307122e-14,7,73,73,1.9999999999999998,2
curtailment_MWh,36,677.28076610036135,244.52889916210165,748.64567818176397,270.29485068991994,-406.98591541044141,-432.7518669382597,25.765951527818281,71.364912081402579,-478.35082749184397,-45.598960553584298,-455.55134721505186,48.565431804610427,7,363,82,21.999999924613022,24.318134646570002
curtailment_MWh,37,1545.3436011081262,928.1436011081264,1545.3436011081262,928.1436011081264,-617.19999999999982,-617.19999999999982,0,0,-617.19999999999982,-0,-617.19999999999982,0,7,179,239,4,4
curtailment_MWh,38,0,0,0,0,0,0,0,0,0,0,0,0,7,93,93,2,2
curtailment_MWh,39,6647.9781966762857,6647.9781966762857,6647.9743462290462,6647.9743462290462,-0.0038504472395288758,0,-0.003850447239943973,-0.003850447239943973,0,-0,0,-0.003850447239943973,7,222,222,20,19.999988416185715
curtailment_MWh,40,0,0,0,0,0,0,-0,-0,0,-0,0,-0,7,291,291,1,0.99999999999999978
curtailment_MWh,41,825.84379501387366,825.84379501387366,825.84379501387366,825.84379501387366,0,0,0,0,0,0,0,0,7,186,186,1,1
curtailment_MWh,42,510.63989473686627,510.63989473686627,510.63989473686621,510.63989473686621,-5.6843418860808015e-14,0,-5.6692416842903522e-14,-5.6692416842903522e-14,0,-0,0,-5.6692416842903522e-14,7,122,122,1,0.99999999999999989
curtailment_MWh,43,6498.6636341467338,7169.036635411243,6741.376815235446,7436.7870199640574,938.12338581732365,670.3730012645093,267.75038455281469,242.71318108871208,695.41020472861192,25.03720346410261,682.89160299656055,255.23178282076339,7,164,176,20.243927606679026,21.00000121561752
curtailment_MWh,44,0,0,0,0,0,0,-0,-0,0,-0,0,-0,7,79,4,14.000000000000279,13.999989755289999
curtailment_MWh,45,0,0,0,0,0,0,0,0,0,0,0,0,7,152,152,1,1
curtailment_MWh,46,36.813684210526361,36.813684210526361,36.813684210526361,36.813684210526361,0,0,0,0,0,0,0,0,7,69,69,1,1
curtailment_MWh,47,1237.1799368421573,1237.1799368421573,1237.1799368421573,1237.1799368421573,0,0,0,0,0,0,0,0,7,189,189,4,4
total_load_MWh,0,55555.999999998327,55555.999999998327,55555.999999998341,55555.999999998341,1.4551915228366852e-11,0,1.0388134796812665e-11,1.0388134796812665e-11,0,0,0,1.0388134796812665e-11,7,211,130,18.999999999999428,18.999999999999432
total_load_MWh,1,13889,14620,13888.999999999998,14619.999999999998,730.99999999999818,730.99999999999909,-2.5970336992031662e-12,-2.467182014243008e-12,730.99999999999898,-1.2985168496015815e-13,730.99999999999898,-2.5321078567230871e-12,7,354,103,5,4.9999999999999991
total_load_MWh,2,38011.999999998487,39912.599999998405,54769.515361760976,57507.991129849019,19495.991129850532,1900.5999999999217,17595.391129850614,16757.515361762489,2738.4757680880452,837.87576808812355,2319.5378840439835,17176.453245806551,7,109,134,12.999999999999481,18.731024405527009
total_load_MWh,3,38011.999999998487,38011.999999998487,38011.999999998479,38011.999999998479,-7.2759576141834259e-12,0,-1.0388134796812665e-11,-1.0388134796812665e-11,0,-0,0,-1.0388134796812665e-11,7,112,112,12.999999999999483,12.99999999999948
total_load_MWh,4,3070.1999999999994,3070.1999999999994,3070.1999999999998,3070.1999999999998,4.5474735088646412e-13,0,3.4086067302041554e-13,3.4086067302041554e-13,0,0,0,3.4086067302041554e-13,7,92,92,0.99999999999999989,1
total_load_MWh,5,5847.9999999999991,5847.9999999999991,5848,5848,9.0949470177292824e-13,0,1.2985168496015831e-12,1.2985168496015831e-12,0,0,0,1.2985168496015831e-12,7,121,121,1.9999999999999996,2
total_load_MWh,6,29240,29240,14620,14620,-14620,0,-14620,-14620,0,-0,0,-14620,7,190,178,10,5
total_load_MWh,7,55263.599999995567,55263.599999995567,86291.847698833502,86291.847698833502,31028.247698837935,0,31028.247698837939,31028.247698837939,0,0,0,31028.247698837939,7,281,5,17.999999999998558,28.106262686089998
total_load_MWh,8,6140.3999999999996,6140.3999999999996,6140.4000000000005,6140.4000000000005,9.0949470177292824e-13,0,1.3634426920816622e-12,1.3634426920816622e-12,0,0,0,1.3634426920816622e-12,7,308,308,2,2.0000000000000004
total_load_MWh,9,5847.9999999999991,5847.9999999999991,5848,5848,9.0949470177292824e-13,0,6.4925842480079154e-13,6.4925842480079154e-13,0,0,0,6.4925842480079154e-13,7,187,187,1.9999999999999998,2
total_load_MWh,10,36453.585502555514,32981.815454693089,27631.800000002757,25000.2000000025,-11453.385502553014,-3471.7700478624256,-7981.61545469059,-8821.785502552757,-2631.6000000002596,840.17004786216626,-3051.6850239313426,-8401.700478621673,7,50,261,11.873358576820896,9.0000000000008988
total_load_MWh,11,55861.592644589415,55861.592644589415,41667.000000000007,41667.000000000007,-14194.592644589407,0,-14194.592644589407,-14194.592644589407,0,-0,0,-14194.592644589407,7,45,108,20.110012471952412,15.000000000000002
total_load_MWh,12,3070.1999999999994,3070.1999999999994,3070.2000000000003,3070.2000000000003,9.0949470177292824e-13,0,1.0225820190612465e-12,1.0225820190612465e-12,0,0,0,1.0225820190612465e-12,7,332,332,0.99999999999999989,1.0000000000000002
total_load_MWh,13,3070.1999999999994,3070.1999999999994,3070.1999999999998,3070.1999999999998,4.5474735088646412e-13,0,3.4086067302041554e-13,3.4086067302041554e-13,0,0,0,3.4086067302041554e-13,7,140,140,0.99999999999999989,1
total_load_MWh,14,35088.000000001404,35088.000000001404,35088.000000001404,35088.000000001404,0,0,-5.1940673984063324e-12,-5.1940673984063324e-12,0,-0,0,-5.1940673984063324e-12,7,352,55,12.000000000000481,12.00000000000048
total_load_MWh,15,46784,46784,46784,46784,0,0,0,0,0,0,0,0,7,229,88,16,16
total_load_MWh,16,64327.944385227609,64327.944385227609,64327.999951704791,64327.999951704791,0.055566477181855589,0,0.055566477187056762,0.055566477187056762,0,0,0,0.055566477187056762,7,316,361,21.999980979900002,21.999999983483171
total_load_MWh,17,2924,2924,2924,2924,0,0,0,0,0,0,0,0,7,13,13,1,1
total_load_MWh,18,8772.0000000008768,9210.600000000919,8772.0000000008768,9210.600000000919,438.6000000000422,438.60000000004328,0,0,438.60000000004328,0,438.60000000004328,0,7,43,344,3.0000000000002998,3.0000000000002998
total_load_MWh,19,5848,5848,5848,5848,0,0,0,0,0,0,0,0,7,31,31,2,2
total_load_MWh,20,61404,58480,61403.999999999985,58479.999999999993,-2924.0000000000073,-2923.9999999999964,-1.0388134796812665e-11,-1.0907541536653297e-11,-2923.9999999999959,5.1940673984063259e-13,-2923.9999999999959,-1.0647838166732981e-11,7,290,295,20,19.999999999999996
total_load_MWh,21,36842.400000001478,36842.400000001478,36842.400000001478,36842.400000001478,0,0,5.4537707683266487e-12,5.4537707683266487e-12,0,0,0,5.4537707683266487e-12,7,47,329,12.000000000000481,12.000000000000483
total_load_MWh,22,16666.729963648046,16666.729963648046,8333.4000000008327,8333.4000000008327,-8333.3299636472129,0,-8333.3299636472111,-8333.3299636472111,0,-0,0,-8333.3299636472111,7,12,12,5.9999747871149989,3.0000000000002998
total_load_MWh,23,9210.600000000919,9210.600000000919,9210.6000000009208,9210.6000000009208,1.8189894035458565e-12,0,2.7268853841633243e-12,2.7268853841633243e-12,0,0,0,2.7268853841633243e-12,7,125,125,3.0000000000002993,3.0000000000003002
total_load_MWh,24,17543.999999996489,17543.999999996489,17543.999999996489,17543.999999996489,0,0,0,0,0,0,0,0,7,94,94,5.9999999999987992,5.9999999999987992
total_load_MWh,25,2924,2924,2924,2924,0,0,0,0,0,0,0,0,7,91,91,1,1
total_load_MWh,26,87055.508289143647,82702.73287468648,78493.607157974126,74568.926800075424,-12486.581489068223,-4352.7754144571772,-8133.8060746110496,-8561.9011311695249,-3924.6803578987015,428.09505655847573,-4138.7278861779396,-8347.8536028902872,7,355,330,29.772745652921905,26.844598891236021
total_load_MWh,27,2924,2924,2924,2924,0,0,0,0,0,0,0,0,7,343,343,1,1
total_load_MWh,28,22222.399999999998,22222.399999999998,22222.400000000001,22222.400000000001,3.637978807091713e-12,0,2.467182014243008e-12,2.467182014243008e-12,0,0,0,2.467182014243008e-12,7,75,75,7.9999999999999991,8
total_load_MWh,29,5555.6000000000004,5555.6000000000004,5555.5999999999995,5555.5999999999995,-9.0949470177292824e-13,0,-6.1679550356075201e-13,-6.1679550356075201e-13,0,-0,0,-6.1679550356075201e-13,7,48,48,2,1.9999999999999998
total_load_MWh,30,2924,2924,2923.9999999999995,2923.9999999999995,-4.5474735088646412e-13,0,-3.2462921240039577e-13,-3.2462921240039577e-13,0,-0,0,-3.2462921240039577e-13,7,70,70,1,0.99999999999999989
total_load_MWh,31,2777.8000000000002,2777.8000000000002,2777.8000000000006,2777.8000000000006,4.5474735088646412e-13,0,6.1679550356075201e-13,6.1679550356075201e-13,0,0,0,6.1679550356075201e-13,7,123,123,1,1.0000000000000002
total_load_MWh,32,2777.8000000000002,2777.8000000000002,2777.8000000000002,2777.8000000000002,0,0,0,0,0,0,0,0,7,348,348,1,1
total_load_MWh,33,11111.200000000001,11111.200000000001,11111.200000000001,11111.200000000001,0,0,0,0,0,0,0,0,7,177,105,4,4
total_load_MWh,34,3070.1999999999998,3070.1999999999998,3070.1999999999998,3070.1999999999998,0,0,0,0,0,0,0,0,7,74,74,1,1
total_load_MWh,35,5847.9999999999991,5847.9999999999991,5848,5848,9.0949470177292824e-13,0,6.4925842480079154e-13,6.4925842480079154e-13,0,0,0,6.4925842480079154e-13,7,73,73,1.9999999999999998,2
total_load_MWh,36,61111.599790590059,64327.999779568476,67550.914421242152,71106.22570657068,9994.6259159806214,3216.39998897842,6778.2259270022096,6439.3146306520994,3555.3112853285297,338.91129635011009,3385.8556371534751,6608.7702788271545,7,363,82,21.999999924613022,24.318134646570002
total_load_MWh,37,12280.799999999999,12280.799999999999,12280.799999999999,12280.799999999999,0,0,0,0,0,0,0,0,7,179,239,4,4
total_load_MWh,38,5555.6000000000004,5555.6000000000004,5555.6000000000004,5555.6000000000004,0,0,0,0,0,0,0,0,7,93,93,2,2
total_load_MWh,39,55556,55556,55555.967822480685,55555.967822480685,-0.032177519315155223,0,-0.032177519319975548,-0.032177519319975548,0,-0,0,-0.032177519319975548,7,222,222,20,19.999988416185715
total_load_MWh,40,2777.8000000000002,2777.8000000000002,2777.7999999999997,2777.7999999999997,-4.5474735088646412e-13,0,-6.1679550356075201e-13,-6.1679550356075201e-13,0,-0,0,-6.1679550356075201e-13,7,291,291,1,0.99999999999999978
total_load_MWh,41,2777.8000000000002,2777.8000000000002,2777.8000000000002,2777.8000000000002,0,0,0,0,0,0,0,0,7,186,186,1,1
total_load_MWh,42,3070.1999999999998,3070.1999999999998,3070.1999999999994,3070.1999999999994,-4.5474735088646412e-13,0,-3.4086067302041554e-13,-3.4086067302041554e-13,0,-0,0,-3.4086067302041554e-13,7,122,122,1,0.99999999999999989
total_load_MWh,43,62152.906538025942,62152.906538025942,64474.203732188907,64474.203732188907,2321.2971941629658,0,2321.2971941629617,2321.2971941629617,0,0,0,2321.2971941629617,7,164,176,20.243927606679026,21.00000121561752
total_load_MWh,44,40936.000000000815,40936.000000000815,40935.970044467955,40935.970044467955,-0.029955532860185485,0,-0.029955532859027301,-0.029955532859027301,0,-0,0,-0.029955532859027301,7,79,4,14.000000000000279,13.999989755289999
total_load_MWh,45,3070.1999999999998,3070.1999999999998,3070.1999999999998,3070.1999999999998,0,0,0,0,0,0,0,0,7,152,152,1,1
total_load_MWh,46,2777.8000000000002,2777.8000000000002,2777.8000000000002,2777.8000000000002,0,0,0,0,0,0,0,0,7,69,69,1,1
total_load_MWh,47,11111.200000000001,11111.200000000001,11111.200000000001,11111.200000000001,0,0,0,0,0,0,0,0,7,189,189,4,4
thermal_generation_MWh,0,40258.949999998687,40327.781774998672,40258.949999998695,40327.781774998679,68.831774999991467,68.831774999983935,7.5406874709328232e-12,7.5278169662707933e-12,68.831774999983949,1.2870504662029929e-14,68.831774999983935,7.5342522186018083e-12,7,211,130,18.999999999999428,18.999999999999432
thermal_generation_MWh,1,9758.7289473683632,9462.8983379501042,9758.7289473683613,9462.8983379501024,-295.83060941826079,-295.8306094182592,-1.680948418316693e-12,-1.7334984909510999e-12,-295.83060941825914,5.2550072634406888e-14,-295.8306094182592,-1.7072234546338965e-12,7,354,103,5,4.9999999999999991
thermal_generation_MWh,2,26716.457368419986,26992.837368419972,38494.354999778203,38892.576578639702,12176.119210219716,276.3799999999859,11899.73921021973,11777.897631358215,398.22157886149978,121.84157886151388,337.30078943074284,11838.818420788972,7,109,134,12.999999999999481,18.731024405527009
thermal_generation_MWh,3,31706.529695289501,31706.529695289501,31706.52969528949,31706.52969528949,-1.0913936421275139e-11,0,-8.6649401350579816e-12,-8.6649401350579816e-12,0,-0,0,-8.6649401350579816e-12,7,112,112,12.999999999999483,12.99999999999948
thermal_generation_MWh,4,1539.6093429697646,1539.6093429697646,1539.6093429697648,1539.6093429697648,2.2737367544323206e-13,0,1.7093097414930423e-13,1.7093097414930423e-13,0,0,0,1.7093097414930423e-13,7,92,92,0.99999999999999989,1
thermal_generation_MWh,5,3243.9399999999882,3243.9399999999882,3243.9399999999891,3243.9399999999891,9.0949470177292824e-13,0,7.2029937570050365e-13,7.2029937570050365e-13,0,0,0,7.2029937570050365e-13,7,121,121,1.9999999999999996,2
thermal_generation_MWh,6,17433.911743694385,18078.192243767247,8716.9558718471926,9039.0961218836237,-8394.8156218107615,644.28050007285947,-9039.0961218836237,-8716.9558718471926,322.14025003642973,-322.14025003642973,483.2103750546446,-8878.0259968654082,7,190,178,10,5
thermal_generation_MWh,7,40774.717894733476,41080.537894733447,63668.051783371418,64145.577186408082,23370.859291674606,305.81999999997157,23065.039291674631,22893.333888637939,477.52540303666291,171.70540303669137,391.67270151831724,22979.186590156285,7,281,5,17.999999999998558,28.106262686089998
thermal_generation_MWh,8,4166.2308605263052,4166.2308605263052,4166.2308605263061,4166.2308605263061,9.0949470177292824e-13,0,9.2508908545203664e-13,9.2508908545203664e-13,0,0,0,9.2508908545203664e-13,7,308,308,2,2.0000000000000004
thermal_generation_MWh,9,3815.3970083102422,3815.3970083102422,3815.3970083102427,3815.3970083102427,4.5474735088646412e-13,0,4.2359416067119711e-13,4.2359416067119711e-13,0,0,0,4.2359416067119711e-13,7,187,187,1.9999999999999998,2
thermal_generation_MWh,10,24208.012757191264,21867.356898542199,18349.661842106903,16575.445844876904,-7632.5669123143598,-2340.6558586490619,-5291.9110536652979,-5858.3509150843602,-1774.2159972299999,566.4398614190618,-2057.4359279395312,-5575.1309843748295,7,50,261,11.873358576820896,9.0000000000008988
thermal_generation_MWh,11,43626.904493646536,41941.328964833105,32541.181578947293,31283.915678815963,-12342.988814830573,-1685.575528813433,-10657.413286017141,-11085.722914699247,-1257.2659001313289,428.30962868210423,-1471.420714472381,-10871.568100358194,7,45,108,20.110012471952412,15.000000000000002
thermal_generation_MWh,12,1617.6521052631522,1617.6521052631522,1617.6521052631529,1617.6521052631529,6.8212102632969618e-13,0,5.3878638392895275e-13,5.3878638392895275e-13,0,0,0,5.3878638392895275e-13,7,332,332,0.99999999999999989,1.0000000000000002
thermal_generation_MWh,13,1572.2011357340691,1572.2011357340691,1572.2011357340693,1572.2011357340693,2.2737367544323206e-13,0,1.7454939002337847e-13,1.7454939002337847e-13,0,0,0,1.7454939002337847e-13,7,140,140,0.99999999999999989,1
thermal_generation_MWh,14,26383.095789474486,25957.223636843053,26383.095789474482,25957.223636843049,-425.87215263143662,-425.87215263143554,-3.8424409782621791e-12,-3.9054827208485897e-12,-425.87215263143543,6.3041742586410625e-14,-425.87215263143548,-3.8739618495553844e-12,7,352,55,12.000000000000481,12.00000000000048
thermal_generation_MWh,15,33670.433684210526,34346.273684210442,33670.433684210526,34346.273684210442,675.83999999991647,675.83999999991647,0,0,675.83999999991647,0,675.83999999991647,0,7,229,88,16,16
thermal_generation_MWh,16,53096.606726867925,52897.726898809618,53096.652591715843,52897.772591865149,-198.83413500277675,-198.87982805830521,0.045693055530698093,0.045864847922548642,-198.87999985069706,-0.0001717923918505528,-198.87991395450112,0.045778951726623364,7,316,361,21.999980979900002,21.999999983483171
thermal_generation_MWh,17,856.08669999999142,856.08669999999142,856.08669999999142,856.08669999999142,0,0,0,0,0,0,0,0,7,13,13,1,1
thermal_generation_MWh,18,5815.2600080576076,5985.161883657107,5815.2600080576076,5985.161883657107,169.90187559949936,169.90187559949973,0,0,169.90187559949973,0,169.90187559949973,0,7,43,344,3.0000000000002998,3.0000000000002998
thermal_generation_MWh,19,3650.2798478456202,3650.2798478456202,3650.2798478456202,3650.2798478456202,0,0,0,0,0,0,0,0,7,31,31,2,2
thermal_generation_MWh,20,44247.042105263055,43990.042105263157,44247.042105263048,43990.04210526315,-256.99999999990541,-256.99999999989814,-7.8142012159189199e-12,-7.8598535866914882e-12,-256.99999999989808,4.5652370772568342e-14,-256.99999999989814,-7.8370274013052041e-12,7,290,295,20,19.999999999999996
thermal_generation_MWh,21,28810.010526316946,28808.210526316947,28810.01052631695,28808.210526316951,-1.7999999999956344,-1.8000000000011636,4.2644718166086119e-12,4.2647382701345221e-12,-1.8000000000011638,-2.6645352591019913e-16,-1.8000000000011638,4.2646050433715666e-12,7,47,329,12.000000000000481,12.000000000000483
thermal_generation_MWh,22,7838.727060374229,7838.727060374229,3919.3800000003753,3919.3800000003753,-3919.3470603738538,0,-3919.3470603738538,-3919.3470603738538,0,-0,0,-3919.3470603738538,7,12,12,5.9999747871149989,3.0000000000002998
thermal_generation_MWh,23,5376.1629457369672,5376.1629457369672,5376.1629457369681,5376.1629457369681,9.0949470177292824e-13,0,1.5916639697315176e-12,1.5916639697315176e-12,0,0,0,1.5916639697315176e-12,7,125,125,3.0000000000002993,3.0000000000003002
thermal_generation_MWh,24,12717.705872573604,12717.705872573604,12717.705872573604,12717.705872573604,0,0,0,0,0,0,0,0,7,94,94,5.9999999999987992,5.9999999999987992
thermal_generation_MWh,25,1343.9571052631418,1343.9571052631418,1343.9571052631418,1343.9571052631418,0,0,0,0,0,0,0,0,7,91,91,1,1
thermal_generation_MWh,26,67501.724806138503,66054.471639949974,60862.936459121927,59558.020507018955,-7943.7042991195485,-1447.2531661885241,-6496.4511329310189,-6638.7883470165689,-1304.9159521029742,142.33721408554987,-1376.0845591457492,-6567.6197399737939,7,355,330,29.772745652921905,26.844598891236021
thermal_generation_MWh,27,2009.9979701523453,2009.9979701523453,2009.9979701523453,2009.9979701523453,0,0,0,0,0,0,0,0,7,343,343,1,1
thermal_generation_MWh,28,17140.974182825481,17140.974182825481,17140.974182825485,17140.974182825485,3.637978807091713e-12,0,1.9030304202278231e-12,1.9030304202278231e-12,0,0,0,1.9030304202278231e-12,7,75,75,7.9999999999999991,8
thermal_generation_MWh,29,4614.7884210526317,4614.7884210526317,4614.7884210526308,4614.7884210526308,-9.0949470177292824e-13,0,-5.1234443588262032e-13,-5.1234443588262032e-13,0,-0,0,-5.1234443588262032e-13,7,48,48,2,1.9999999999999998
thermal_generation_MWh,30,1882.0227700831003,1882.0227700831003,1882.0227700831001,1882.0227700831001,-2.2737367544323206e-13,0,-2.0894650122150752e-13,-2.0894650122150752e-13,0,-0,0,-2.0894650122150752e-13,7,70,70,1,0.99999999999999989
thermal_generation_MWh,31,1953.1295567867016,1953.1295567867016,1953.1295567867021,1953.1295567867021,4.5474735088646412e-13,0,4.3368188080410467e-13,4.3368188080410467e-13,0,0,0,4.3368188080410467e-13,7,123,123,1,1.0000000000000002
thermal_generation_MWh,32,1502.9074882271368,1502.9074882271368,1502.9074882271368,1502.9074882271368,0,0,0,0,0,0,0,0,7,348,348,1,1
thermal_generation_MWh,33,7031.9631024930331,7260.1539058171438,7031.9631024930331,7260.1539058171438,228.19080332411068,228.19080332411068,0,0,228.19080332411068,0,228.19080332411068,0,7,177,105,4,4
thermal_generation_MWh,34,1811.3069529085781,1811.3069529085781,1811.3069529085781,1811.3069529085781,0,0,0,0,0,0,0,0,7,74,74,1,1
thermal_generation_MWh,35,3018.5999999999885,3018.5999999999885,3018.599999999989,3018.599999999989,4.5474735088646412e-13,0,3.3513192221334853e-13,3.3513192221334853e-13,0,0,0,3.3513192221334853e-13,7,73,73,1.9999999999999998,2
thermal_generation_MWh,36,49184.7861472488,48572.966149345302,54367.375281369976,53691.087956848853,4506.3018096000524,-611.81999790349698,5118.1218075035504,5182.5891341211754,-676.28732452112149,-64.467326617624551,-644.05366121230929,5150.3554708123629,7,363,82,21.999999924613022,24.318134646570002
thermal_generation_MWh,37,8495.9284210526312,8436.2484210526309,8495.9284210526312,8436.2484210526309,-59.680000000000291,-59.680000000000291,0,0,-59.680000000000291,-0,-59.680000000000291,0,7,179,239,4,4
thermal_generation_MWh,38,3589.6813666228609,3589.6813666228609,3589.6813666228609,3589.6813666228609,0,0,0,0,0,0,0,0,7,93,93,2,2
thermal_generation_MWh,39,40831.50910526306,40831.50910526306,40831.48545603214,40831.48545603214,-0.023649230919545516,0,-0.023649230921923097,-0.023649230921923097,0,-0,0,-0.023649230921923097,7,222,222,20,19.999988416185715
thermal_generation_MWh,40,1555.4181302631528,1555.4181302631528,1555.4181302631523,1555.4181302631523,-4.5474735088646412e-13,0,-3.4537220422751264e-13,-3.4537220422751264e-13,0,-0,0,-3.4537220422751264e-13,7,291,291,1,0.99999999999999978
thermal_generation_MWh,41,1321.3799999999894,1321.3799999999894,1321.3799999999894,1321.3799999999894,0,0,0,0,0,0,0,0,7,186,186,1,1
thermal_generation_MWh,42,1317.4278499999882,1317.4278499999882,1317.427849999988,1317.427849999988,-2.2737367544323206e-13,0,-1.4626387323524039e-13,-1.4626387323524039e-13,0,-0,0,-1.4626387323524039e-13,7,122,122,1,0.99999999999999989
thermal_generation_MWh,43,42875.871532636869,41269.068379699798,44477.206785158152,42810.392478145717,-65.479054491152056,-1606.8031529370758,1541.3240984459228,1601.3352525212845,-1666.8143070124374,-60.011154075361759,-1636.8087299747567,1571.3296754836035,7,164,176,20.243927606679026,21.00000121561752
thermal_generation_MWh,44,35333.818947369124,35169.598947369122,35333.793091316395,35169.573211486844,-164.2457358822794,-164.22000000000352,-0.025735882277377043,-0.025856052728962676,-164.21987982955193,0.00012017045158563297,-164.21993991477774,-0.025795967503169859,7,79,4,14.000000000000279,13.999989755289999
thermal_generation_MWh,45,1922.6428645429207,1922.6428645429207,1922.6428645429207,1922.6428645429207,0,0,0,0,0,0,0,0,7,152,152,1,1
thermal_generation_MWh,46,1395.6601874999769,1395.6601874999769,1395.6601874999769,1395.6601874999769,0,0,0,0,0,0,0,0,7,69,69,1,1
thermal_generation_MWh,47,7369.7071468143722,7369.7071468143722,7369.7071468143722,7369.7071468143722,0,0,0,0,0,0,0,0,7,189,189,4,4
unserved_MWh,0,3205.2904999996999,3639.0699999996891,3205.2904999997004,3639.0699999996896,433.77949999998964,433.77949999998913,6.8045125090062228e-13,5.9934102125676704e-13,433.77949999998918,8.1110229643855243e-14,433.77949999998918,6.3989613607869461e-13,7,211,130,18.999999999999428,18.999999999999432
unserved_MWh,1,325.09999999994682,527.79999999994698,325.09999999994676,527.79999999994686,202.70000000000005,202.70000000000016,-9.3756113983535806e-14,-5.7749360848892698e-14,202.70000000000013,-3.6006753134643108e-14,202.70000000000013,-7.5752737416214258e-14,7,354,103,5,4.9999999999999991
unserved_MWh,2,1539.8275749997829,1334.4291999997979,2218.6575298173507,1922.7096855880843,382.88211058830143,-205.39837499998498,588.2804855882863,678.82995481756757,-295.9478442292662,-90.549469229281229,-250.67310961462559,633.55522020292699,7,109,134,12.999999999999481,18.731024405527009
unserved_MWh,3,992.15999999982262,992.15999999982262,992.15999999982239,992.15999999982239,-2.2737367544323206e-13,0,-2.7114310796601654e-13,-2.7114310796601654e-13,0,-0,0,-2.7114310796601654e-13,7,112,112,12.999999999999483,12.99999999999948
unserved_MWh,4,0,0,0,0,0,0,0,0,0,0,0,0,7,92,92,0.99999999999999989,1
unserved_MWh,5,0,0,0,0,0,0,0,0,0,0,0,0,7,121,121,1.9999999999999996,2
unserved_MWh,6,5.5999999998936802,142.59999999989373,2.7999999999468401,71.299999999946863,65.70000000005318,137.00000000000006,-71.299999999946863,-2.7999999999468401,68.500000000000028,-68.500000000000028,102.75000000000004,-37.049999999946856,7,190,178,10,5
unserved_MWh,7,5426.8199999993722,5405.0399999993742,8473.7571372289713,8439.7485593788042,3012.928559379432,-21.779999999997887,3034.7085593794295,3046.9371372296,-34.008577850168322,-12.228577850170437,-27.894288925083107,3040.822848304515,7,281,5,17.999999999998558,28.106262686089998
unserved_MWh,8,271.83999999997877,271.83999999997877,271.83999999997883,271.83999999997883,5.6843418860808015e-14,0,6.0360605402815797e-14,6.0360605402815797e-14,0,0,0,6.0360605402815797e-14,7,308,308,2,2.0000000000000004
unserved_MWh,9,122.23999999997876,122.23999999997876,122.23999999997878,122.23999999997878,1.4210854715202004e-14,0,1.3571366253015557e-14,1.3571366253015557e-14,0,0,0,1.3571366253015557e-14,7,187,187,1.9999999999999998,2
unserved_MWh,10,306.80758562492565,137.37475873369169,232.55999999992747,104.12999999991483,-202.67758562501081,-169.43282689123393,-33.244758733776862,-74.247585624998166,-128.43000000001263,41.002826891221304,-148.93141344562326,-53.746172179387514,7,50,261,11.873358576820896,9.0000000000008988
unserved_MWh,11,2777.2304286497915,2654.9615528203212,2071.5281249998347,1980.3281249998352,-796.90230364995637,-122.26887582947035,-674.63342782048596,-705.70230364995655,-91.199999999999775,31.068875829470574,-106.73443791473505,-690.16786573522131,7,45,108,20.110012471952412,15.000000000000002
unserved_MWh,12,1.1799999999893582,1.1799999999893582,1.1799999999893587,1.1799999999893587,4.4408920985006262e-16,0,3.9301895071376107e-16,3.9301895071376107e-16,0,0,0,3.9301895071376107e-16,7,332,332,0.99999999999999989,1.0000000000000002
unserved_MWh,13,0,0,0,0,0,0,0,0,0,0,0,0,7,140,140,0.99999999999999989,1
unserved_MWh,14,690.95999999990045,925.19999999990966,690.95999999990033,925.19999999990955,234.2400000000091,234.24000000000919,-1.3695711231774044e-13,-1.0228262681264759e-13,234.24000000000913,-3.4674485505092857e-14,234.24000000000916,-1.1961986956519402e-13,7,352,55,12.000000000000481,12.00000000000048
unserved_MWh,15,2996.3199999998296,3496.3199999998296,2996.3199999998296,3496.3199999998296,500,500,0,0,500,0,500,0,7,229,88,16,16
unserved_MWh,16,5602.7351561508995,4463.7213408860898,5602.7399957934249,4463.7251966485028,-1139.0099595023967,-1139.0138152648094,0.0038557624128695801,0.0048396425257274805,-1139.0147991449223,-0.00098388011285790089,-1139.0143072048659,0.0043477024692985299,7,316,361,21.999980979900002,21.999999983483171
unserved_MWh,17,0,0,0,0,0,0,0,0,0,0,0,0,7,13,13,1,1
unserved_MWh,18,48.689999999972954,194.66999999998757,48.689999999972954,194.66999999998757,145.98000000001463,145.98000000001463,0,0,145.98000000001463,0,145.98000000001463,0,7,43,344,3.0000000000002998,3.0000000000002998
unserved_MWh,19,50.559999999978743,50.559999999978743,50.559999999978743,50.559999999978743,0,0,0,0,0,0,0,0,7,31,31,2,2
unserved_MWh,20,3425.8834999996379,3368.1934999996784,3425.883499999637,3368.1934999996774,-57.689999999960492,-57.689999999959696,-5.9831135601478957e-13,-6.0855915862128246e-13,-57.689999999959689,1.0247802606492885e-14,-57.689999999959689,-6.0343525731803597e-13,7,290,295,20,19.999999999999996
unserved_MWh,21,4090.9200000000355,3568.0800000000145,4090.920000000036,3568.0800000000149,-522.84000000002061,-522.84000000002084,5.2818194262725145e-13,6.0557781011992035e-13,-522.84000000002095,-7.7395867492668901e-14,-522.84000000002084,5.6687987637358595e-13,7,47,329,12.000000000000481,12.000000000000483
unserved_MWh,22,0,0,0,0,0,0,-0,-0,0,-0,0,-0,7,12,12,5.9999747871149989,3.0000000000002998
unserved_MWh,23,0,0,0,0,0,0,0,0,0,0,0,0,7,125,125,3.0000000000002993,3.0000000000003002
unserved_MWh,24,452.3999999998457,452.3999999998457,452.3999999998457,452.3999999998457,0,0,0,0,0,0,0,0,7,94,94,5.9999999999987992,5.9999999999987992
unserved_MWh,25,0,0,0,0,0,0,0,0,0,0,0,0,7,91,91,1,1
unserved_MWh,26,6299.3175252448982,4388.5585331384591,5679.7802334074304,3956.9442101908144,-2342.3733150540838,-1910.7589921064387,-431.61432294764518,-619.53729183746805,-1722.8360232166158,187.92296888982287,-1816.7975076615271,-525.57580739255661,7,355,330,29.772745652921905,26.844598891236021
unserved_MWh,27,9.3399999999893613,9.3399999999893613,9.3399999999893613,9.3399999999893613,0,0,0,0,0,0,0,0,7,343,343,1,1
unserved_MWh,28,471.67999999991486,471.67999999991486,471.67999999991491,471.67999999991491,5.6843418860808015e-14,0,5.2366999625509937e-14,5.2366999625509937e-14,0,0,0,5.2366999625509937e-14,7,75,75,7.9999999999999991,8
unserved_MWh,29,1.1799999999787159,1.1799999999787159,1.1799999999787156,1.1799999999787156,-2.2204460492503131e-16,0,-1.3100631690340546e-16,-1.3100631690340546e-16,0,-0,0,-1.3100631690340546e-16,7,48,48,2,1.9999999999999998
unserved_MWh,30,118.50999999998935,118.50999999998935,118.50999999998933,118.50999999998933,-1.4210854715202004e-14,0,-1.3157253064831547e-14,-1.3157253064831547e-14,0,-0,0,-1.3157253064831547e-14,7,70,70,1,0.99999999999999989
unserved_MWh,31,61.51477499998883,61.51477499998883,61.514774999988845,61.514774999988845,1.4210854715202004e-14,0,1.3659023911924713e-14,1.3659023911924713e-14,0,0,0,1.3659023911924713e-14,7,123,123,1,1.0000000000000002
unserved_MWh,32,0,0,0,0,0,0,0,0,0,0,0,0,7,348,348,1,1
unserved_MWh,33,0,21.559999999957622,0,21.559999999957622,21.559999999957622,21.559999999957622,0,0,21.559999999957622,0,21.559999999957622,0,7,177,105,4,4
unserved_MWh,34,0,0,0,0,0,0,0,0,0,0,0,0,7,74,74,1,1
unserved_MWh,35,0,0,0,0,0,0,0,0,0,0,0,0,7,73,73,1.9999999999999998,2
unserved_MWh,36,2772.481240499349,2728.3800406504188,3064.6169246629456,3015.868791950375,243.38755145102596,-44.101199848930143,287.48875129995639,292.13568416359675,-48.748132712570467,-4.6469328636403233,-46.424666280750301,289.81221773177657,7,363,82,21.999999924613022,24.318134646570002
unserved_MWh,37,958.31999999995719,761.03999999995733,958.31999999995719,761.03999999995733,-197.27999999999986,-197.27999999999986,0,0,-197.27999999999986,-0,-197.27999999999986,0,7,179,239,4,4
unserved_MWh,38,0,0,0,0,0,0,0,0,0,0,0,0,7,93,93,2,2
unserved_MWh,39,1837.9999999997879,1837.9999999997879,1837.998935447255,1837.998935447255,-0.0010645525328527583,0,-0.001064552532761686,-0.001064552532761686,0,-0,0,-0.001064552532761686,7,222,222,20,19.999988416185715
unserved_MWh,40,5.5999999999893593,5.5999999999893593,5.5999999999893584,5.5999999999893584,-8.8817841970012523e-16,0,-1.2434497875778126e-15,-1.2434497875778126e-15,0,-0,0,-1.2434497875778126e-15,7,291,291,1,0.99999999999999978
unserved_MWh,41,0,0,0,0,0,0,0,0,0,0,0,0,7,186,186,1,1
unserved_MWh,42,0,0,0,0,0,0,-0,-0,0,-0,0,-0,7,122,122,1,0.99999999999999989
unserved_MWh,43,5720.9339416472767,4669.4643417563675,5934.6003435332868,4843.8602803941121,-877.07366125316457,-1051.4695998909096,174.39593863774473,213.66640188601011,-1090.7400631391752,-39.270463248265379,-1071.1048315150424,194.03117026187741,7,164,176,20.243927606679026,21.00000121561752
unserved_MWh,44,3334.5199999999177,3464.5799999999199,3334.5175599148233,3464.5774647414669,130.05746474154921,130.06000000000208,-0.0025352584530174988,-0.0024400850945153229,130.05990482664359,-9.5173358502175962e-05,130.05995241332283,-0.0024876717737664111,7,79,4,14.000000000000279,13.999989755289999
unserved_MWh,45,0,0,0,0,0,0,0,0,0,0,0,0,7,152,152,1,1
unserved_MWh,46,0,0,0,0,0,0,0,0,0,0,0,0,7,69,69,1,1
unserved_MWh,47,58.599999999957461,58.599999999957461,58.599999999957461,58.599999999957461,0,0,0,0,0,0,0,0,7,189,189,4,4
discharge_MWh,0,1346.8007500004312,894.27822500028515,1346.8007500004317,894.27822500028526,-452.52252500014595,-452.52252500014623,1.6721655171642319e-13,2.5183144458660264e-13,-452.52252500014629,-8.4614892870179447e-14,-452.52252500014629,2.0952399815151292e-13,7,211,130,18.999999999999428,18.999999999999432
discharge_MWh,1,489.74162500014387,378.50700000012625,489.74162500014376,378.50700000012614,-111.23462500001773,-111.23462500001764,-6.7236349821109482e-14,-8.6995588510799825e-14,-111.23462500001763,1.9759238689690343e-14,-111.23462500001763,-7.7115969165954654e-14,7,354,103,5,4.9999999999999991
discharge_MWh,2,1282.9735750003983,1194.0412250003708,1848.5699496138197,1720.4319482067851,437.4583732063868,-88.932350000027384,526.39072320641424,565.5963746134214,-128.13800140703458,-39.205651407007181,-108.53517570353097,545.99354890991776,7,109,134,12.999999999999481,18.731024405527009
discharge_MWh,3,650.26000000011277,650.26000000011277,650.26000000011254,650.26000000011254,-2.2737367544323206e-13,0,-1.7770673821363893e-13,-1.7770673821363893e-13,0,-0,0,-1.7770673821363893e-13,7,112,112,12.999999999999483,12.99999999999948
discharge_MWh,4,80.015353515134464,80.015353515134464,80.015353515134478,80.015353515134478,1.4210854715202004e-14,0,8.8834887796023752e-15,8.8834887796023752e-15,0,0,0,8.8834887796023752e-15,7,92,92,0.99999999999999989,1
discharge_MWh,5,100.80000000002126,100.80000000002126,100.80000000002129,100.80000000002129,2.8421709430404007e-14,0,2.2382096176447882e-14,2.2382096176447882e-14,0,0,0,2.2382096176447882e-14,7,121,121,1.9999999999999996,2
discharge_MWh,6,1064.815723684558,1072.2000000001069,532.40786184227898,536.10000000005346,-528.7157236845045,7.3842763155491298,-536.10000000005346,-532.40786184227898,3.6921381577745649,-3.6921381577745649,5.5382072366618473,-534.25393092116622,7,190,178,10,5
discharge_MWh,7,1297.8472500003504,1331.6368500003598,2026.5353186073494,2079.2963949216964,781.44914492134603,33.789600000009351,747.65954492133653,728.68806860699897,52.761076314346973,18.971476314337622,43.275338157178162,738.17380676416781,7,281,5,17.999999999998558,28.106262686089998
discharge_MWh,8,90.813350000031861,90.813350000031861,90.813350000031875,90.813350000031875,1.4210854715202004e-14,0,2.0164614422675666e-14,2.0164614422675666e-14,0,0,0,2.0164614422675666e-14,7,308,308,2,2.0000000000000004
discharge_MWh,9,197.5800000000213,197.5800000000213,197.58000000002133,197.58000000002133,2.8421709430404007e-14,0,2.1935786520546211e-14,2.1935786520546211e-14,0,0,0,2.1935786520546211e-14,7,187,187,1.9999999999999998,2
discharge_MWh,10,1377.3095949115398,1305.7132426933335,1044.0000000003438,989.73000000035631,-387.57959491118345,-71.596352218206235,-315.98324269297734,-333.30959491119614,-54.269999999987398,17.326352218218833,-62.93317610909682,-324.64641880208671,7,50,261,11.873358576820896,9.0000000000008988
discharge_MWh,11,1744.1036754193765,1750.5906739234708,1300.9218750002453,1305.7605083773815,-438.343167041995,6.4869985040943057,-444.83016554608929,-443.18180041913121,4.8386333771362198,-1.6483651269580861,5.6628159406152623,-444.00598298261025,7,45,108,20.110012471952412,15.000000000000002
discharge_MWh,12,81.700000000028595,81.700000000028595,81.700000000028624,81.700000000028624,2.8421709430404007e-14,0,2.7211566333572116e-14,2.7211566333572116e-14,0,0,0,2.7211566333572116e-14,7,332,332,0.99999999999999989,1.0000000000000002
discharge_MWh,13,6.4899999999999922,6.4899999999999922,6.4899999999999931,6.4899999999999931,8.8817841970012523e-16,0,7.2053474298172583e-16,7.2053474298172583e-16,0,0,0,7.2053474298172583e-16,7,140,140,0.99999999999999989,1
discharge_MWh,14,921.69285000030197,628.2711000002214,921.69285000030186,628.27110000022128,-293.42175000008069,-293.42175000008064,-9.30028054569056e-14,-1.3643794982702333e-13,-293.42175000008058,4.3435144370117727e-14,-293.42175000008064,-1.1472037764196447e-13,7,352,55,12.000000000000481,12.00000000000048
discharge_MWh,15,1369.6000000002555,1326.4052000004644,1369.6000000002555,1326.4052000004644,-43.19479999979103,-43.19479999979103,0,0,-43.19479999979103,-0,-43.19479999979103,0,7,229,88,16,16
discharge_MWh,16,668.79942178919418,822.87408858388005,668.79999949812259,822.87479938250283,154.07537759330864,154.0746667946859,0.00071079862271514606,0.00057770892834716717,154.07479988438027,0.00013308969436797889,154.07473333953308,0.00064425377553115667,7,316,361,21.999980979900002,21.999999983483171
discharge_MWh,17,84.333300000008521,84.333300000008521,84.333300000008521,84.333300000008521,0,0,0,0,0,0,0,0,7,13,13,1,1
discharge_MWh,18,245.51160727157804,212.64000000005331,245.51160727157804,212.64000000005331,-32.871607271524738,-32.871607271524738,0,0,-32.871607271524738,-0,-32.871607271524738,0,7,43,344,3.0000000000002998,3.0000000000002998
discharge_MWh,19,94.862181340374264,94.862181340374264,94.862181340374264,94.862181340374264,0,0,0,0,0,0,0,0,7,31,31,2,2
discharge_MWh,20,2136.7165000004684,2024.8065000004292,2136.7165000004679,2024.8065000004287,-111.91000000003964,-111.91000000003925,-3.5967788747378455e-13,-3.7955709686351973e-13,-111.91000000003923,1.9879209389735175e-14,-111.91000000003923,-3.6961749216865217e-13,7,290,295,20,19.999999999999996
discharge_MWh,21,364.80000000014229,364.80000000014235,364.80000000014235,364.8000000001424,1.1368683772161603e-13,4.2632564145607721e-14,5.4001247917786519e-14,5.4001247917786513e-14,4.2632564145607728e-14,6.3108872417680944e-30,4.2632564145607728e-14,5.4001247917786519e-14,7,47,329,12.000000000000481,12.000000000000483
discharge_MWh,22,133.20844023618028,133.20844023618028,66.604500000029972,66.604500000029972,-66.603940236150308,0,-66.603940236150308,-66.603940236150308,0,-0,0,-66.603940236150308,7,12,12,5.9999747871149989,3.0000000000002998
discharge_MWh,23,9.5613695090472479,9.5613695090472479,9.5613695090472497,9.5613695090472497,1.7763568394002505e-15,0,2.8307340202378998e-15,2.8307340202378998e-15,0,0,0,2.8307340202378998e-15,7,125,125,3.0000000000002993,3.0000000000003002
discharge_MWh,24,583.14000000006092,583.14000000006092,583.14000000006092,583.14000000006092,0,0,0,0,0,0,0,0,7,94,94,5.9999999999987992,5.9999999999987992
discharge_MWh,25,70.99706250002005,70.99706250002005,70.99706250002005,70.99706250002005,0,0,0,0,0,0,0,0,7,91,91,1,1
discharge_MWh,26,2010.7314060977958,2454.62220286106,1812.9761596041778,2213.2103378534234,202.47893175562763,443.89079676326429,-241.41186500763666,-197.75524649361802,400.23417824924564,-43.656618514018668,422.06248750625497,-219.58355575062734,7,355,330,29.772745652921905,26.844598891236021
discharge_MWh,27,56.028775000012899,56.028775000012899,56.028775000012899,56.028775000012899,0,0,0,0,0,0,0,0,7,343,343,1,1
discharge_MWh,28,243.76000000008503,243.76000000008503,243.76000000008506,243.76000000008506,2.8421709430404007e-14,0,2.7062796448272259e-14,2.7062796448272259e-14,0,0,0,2.7062796448272259e-14,7,75,75,7.9999999999999991,8
discharge_MWh,29,60.800000000021285,60.800000000021285,60.800000000021278,60.800000000021278,-7.1054273576010019e-15,0,-6.7501559897233149e-15,-6.7501559897233149e-15,0,-0,0,-6.7501559897233149e-15,7,48,48,2,1.9999999999999998
discharge_MWh,30,108.16000000003592,108.16000000003592,108.16000000003591,108.16000000003591,-1.4210854715202004e-14,0,-1.2008172234349681e-14,-1.2008172234349681e-14,0,-0,0,-1.2008172234349681e-14,7,70,70,1,0.99999999999999989
discharge_MWh,31,77.085225000012201,77.085225000012201,77.085225000012215,77.085225000012215,1.4210854715202004e-14,0,1.7116358330684856e-14,1.7116358330684856e-14,0,0,0,1.7116358330684856e-14,7,123,123,1,1.0000000000000002
discharge_MWh,32,86.006750000000849,86.006750000000849,86.006750000000849,86.006750000000849,0,0,0,0,0,0,0,0,7,348,348,1,1
discharge_MWh,33,345.99999999999994,439.96000000004256,345.99999999999994,439.96000000004256,93.960000000042612,93.960000000042612,0,0,93.960000000042612,0,93.960000000042612,0,7,177,105,4,4
discharge_MWh,34,44.310000000007314,44.310000000007314,44.310000000007314,44.310000000007314,0,0,0,0,0,0,0,0,7,74,74,1,1
discharge_MWh,35,133.00000000004653,133.00000000004653,133.00000000004655,133.00000000004655,2.8421709430404007e-14,0,1.4765966227519751e-14,1.4765966227519751e-14,0,0,0,1.4765966227519751e-14,7,73,73,1.9999999999999998,2
discharge_MWh,36,1406.8521451796598,1245.148845733708,1555.0918187058403,1376.3498813332903,-30.502263846369488,-161.70329944595176,131.20103559958244,148.23967352618058,-178.7419373725499,-17.038637926598142,-170.22261840925083,139.72035456288151,7,363,82,21.999999924613022,24.318134646570002
discharge_MWh,37,361.60000000004254,361.6000000000426,361.60000000004254,361.6000000000426,5.6843418860808015e-14,5.6843418860808015e-14,0,0,5.6843418860808015e-14,0,5.6843418860808015e-14,0,7,179,239,4,4
discharge_MWh,38,9.6393166885694477,9.6393166885694477,9.6393166885694477,9.6393166885694477,0,0,0,0,0,0,0,0,7,93,93,2,2
discharge_MWh,39,1893.2220000003831,1893.2220000003831,1893.2209034637808,1893.2209034637808,-0.0010965366022901435,0,-0.0010965366023834523,-0.0010965366023834523,0,-0,0,-0.0010965366023834523,7,222,222,20,19.999988416185715
discharge_MWh,40,45.153975000015762,45.153975000015762,45.153975000015755,45.153975000015755,-7.1054273576010019e-15,0,-1.0026196539673241e-14,-1.0026196539673241e-14,0,-0,0,-1.0026196539673241e-14,7,291,291,1,0.99999999999999978
discharge_MWh,41,90.400000000010635,90.400000000010635,90.400000000010635,90.400000000010635,0,0,0,0,0,0,0,0,7,186,186,1,1
discharge_MWh,42,101.89415000003568,101.89415000003568,101.89415000003567,101.89415000003567,-1.4210854715202004e-14,0,-1.1312523140464901e-14,-1.1312523140464901e-14,0,-0,0,-1.1312523140464901e-14,7,122,122,1,0.99999999999999989
discharge_MWh,43,1805.3114578144839,1892.0946449733967,1872.7365334069036,1962.7609136181359,157.44945580365197,86.783187158912824,70.666268644739233,67.425075592419887,90.024380211232184,3.2411930523193488,88.403783685072497,69.04567211857956,7,164,176,20.243927606679026,21.00000121561752
discharge_MWh,44,425.60000000015742,425.60000000015748,425.59968856096492,425.59968856096498,-0.00031143919244414064,4.9737991503208004e-14,-0.00031143919251530393,-0.00031143919251530393,4.9737955106685656e-14,-3.6396522347477486e-20,4.9737973304946833e-14,-0.00031143919251530393,7,79,4,14.000000000000279,13.999989755289999
discharge_MWh,45,40.291900000001959,40.291900000001959,40.291900000001959,40.291900000001959,0,0,0,0,0,0,0,0,7,152,152,1,1
discharge_MWh,46,64.484812500017782,64.484812500017782,64.484812500017782,64.484812500017782,0,0,0,0,0,0,0,0,7,69,69,1,1
discharge_MWh,47,358.84520000011617,358.84520000011617,358.84520000011617,358.84520000011617,0,0,0,0,0,0,0,0,7,189,189,4,4
total_cost_CNY,0,46653078.364767455,50744501.010767318,46653078.364767462,50744501.010767326,4091422.6459998712,4091422.6459998586,9.4884569928875955e-09,8.7234226139297915e-09,4091422.6459998596,7.6503437895780399e-10,4091422.6459998591,9.1059398034086935e-09,7,211,130,18.999999999999428,18.999999999999432
total_cost_CNY,1,7025338.4010575917,8748292.627037514,7025338.4010575907,8748292.6270375121,1722954.2259799205,1722954.2259799223,-1.5540089441112873e-09,-1.2479507917819874e-09,1722954.2259799221,-3.0605815232929998e-10,1722954.2259799221,-1.4009798679466373e-09,7,354,103,5,4.9999999999999991
total_cost_CNY,2,25875602.315459136,24038750.096959271,37282810.652199663,34636185.74957899,8760583.4341198541,-1836852.2184998645,10597435.652619716,11407208.336740525,-2646624.9026206741,-809772.68412080978,-2241738.5605602693,11002321.99468012,7,109,134,12.999999999999481,18.731024405527009
total_cost_CNY,3,21182848.514113836,21182848.514113836,21182848.514113832,21182848.514113832,-3.7252902984619141e-09,0,-5.7889688978503145e-09,-5.7889688978503145e-09,0,-0,0,-5.7889688978503145e-09,7,112,112,12.999999999999483,12.99999999999948
total_cost_CNY,4,606580.7763256717,606580.7763256717,606580.77632567182,606580.77632567182,1.1641532182693481e-10,0,6.7343994417176291e-11,6.7343994417176291e-11,0,0,0,6.7343994417176291e-11,7,92,92,0.99999999999999989,1
total_cost_CNY,5,1208345.745363696,1208345.745363696,1208345.7453636962,1208345.7453636962,2.3283064365386963e-10,0,2.6830665364212441e-10,2.6830665364212441e-10,0,0,0,2.6830665364212441e-10,7,121,121,1.9999999999999996,2
total_cost_CNY,6,8016055.9950398607,9436304.5633825324,4008027.9975199304,4718152.2816912662,-3297903.7133485945,1420248.5683426715,-4718152.2816912662,-4008027.9975199304,710124.28417133575,-710124.28417133575,1065186.4262570036,-4363090.1396055985,7,190,178,10,5
total_cost_CNY,7,69017897.445170224,69030078.261170238,107768619.75754052,107787639.60277538,38769742.157605156,12180.816000012635,38757561.341605142,38750722.3123703,19019.845234850589,6839.0292348379535,15600.330617431613,38754141.826987721,7,281,5,17.999999999998558,28.106262686089998
total_cost_CNY,8,4201713.6301861936,4201713.6301861936,4201713.6301861946,4201713.6301861946,9.3132257461547852e-10,0,9.3296784302281246e-10,9.3296784302281246e-10,0,0,0,9.3296784302281246e-10,7,308,308,2,2.0000000000000004
total_cost_CNY,9,2831511.8085213839,2831511.8085213839,2831511.8085213844,2831511.8085213844,4.6566128730773926e-10,0,3.1436096043184585e-10,3.1436096043184585e-10,0,0,0,3.1436096043184585e-10,7,187,187,1.9999999999999998,2
total_cost_CNY,10,12276271.504336296,9780131.4973796625,9305407.8021974936,7413334.8965186821,-4862936.6078176135,-2496140.0069566336,-2366796.6008609799,-2970863.7021388025,-1892072.905678811,604067.10127782251,-2194106.4563177223,-2668830.1514998912,7,50,261,11.873358576820896,9.0000000000008988
total_cost_CNY,11,43995106.807214722,42554596.575673826,32815822.617147829,31741350.211760223,-12253756.595454499,-1440510.2315408972,-10813246.363913601,-11179284.190066893,-1074472.4053876058,366037.82615329139,-1257491.3184642515,-10996265.276990246,7,45,108,20.110012471952412,15.000000000000002
total_cost_CNY,12,645728.74248783593,645728.74248783593,645728.74248783616,645728.74248783616,2.3283064365386963e-10,0,2.1507087527167324e-10,2.1507087527167324e-10,0,0,0,2.1507087527167324e-10,7,332,332,0.99999999999999989,1.0000000000000002
total_cost_CNY,13,562447.64525802352,562447.64525802352,562447.64525802364,562447.64525802364,1.1641532182693481e-10,0,6.2444232591166009e-11,6.2444232591166009e-11,0,0,0,6.2444232591166009e-11,7,140,140,0.99999999999999989,1
total_cost_CNY,14,16311937.092565108,18582153.05164421,16311937.092565106,18582153.051644206,2270215.959079098,2270215.9590791017,-2.7507112220057587e-09,-2.4146517515202921e-09,2270215.9590791012,-3.3605947048546661e-10,2270215.9590791017,-2.5826814867630254e-09,7,352,55,12.000000000000481,12.00000000000048
total_cost_CNY,15,42719167.624957785,47843508.971805379,42719167.624957785,47843508.971805379,5124341.3468475938,5124341.3468475938,0,0,5124341.3468475938,0,5124341.3468475938,0,7,229,88,16,16
total_cost_CNY,16,74884323.330276772,63426117.984476224,74884388.015353903,63426172.771955781,-11458150.558320992,-11458205.345800549,54.787479558530876,64.685077127313903,-11458215.243398117,-9.8975975687830182,-11458210.294599334,59.736278342922397,7,316,361,21.999980979900002,21.999999983483171
total_cost_CNY,17,383427.20580650278,383427.20580650278,383427.20580650278,383427.20580650278,0,0,0,0,0,0,0,0,7,13,13,1,1
total_cost_CNY,18,2629084.4808301376,4195954.0415913584,2629084.4808301376,4195954.0415913584,1566869.5607612208,1566869.5607612205,0,0,1566869.5607612205,0,1566869.5607612205,0,7,43,344,3.0000000000002998,3.0000000000002998
total_cost_CNY,19,1816797.5798508308,1816797.5798508308,1816797.5798508308,1816797.5798508308,0,0,0,0,0,0,0,0,7,31,31,2,2
total_cost_CNY,20,50856531.696195677,50273402.596196145,50856531.696195669,50273402.59619613,-583129.099999547,-583129.09999953583,-8.9303502541675323e-09,-9.0339347906712811e-09,-583129.09999953571,1.0358453650374881e-10,-583129.09999953583,-8.9821425224194067e-09,7,290,295,20,19.999999999999996
total_cost_CNY,21,51141699.857224487,45912669.857224278,51141699.857224494,45912669.857224286,-5229030.0000002012,-5229030.0000002095,6.796440426333566e-09,7.5704923599943236e-09,-5229030.0000002105,-7.7405193366075764e-10,-5229030.0000002095,7.1834663931639448e-09,7,47,329,12.000000000000481,12.000000000000483
total_cost_CNY,22,2873997.8994927504,2873997.8994927504,1437004.9882534379,1437004.9882534379,-1436992.9112393125,0,-1436992.9112393125,-1436992.9112393125,0,-0,0,-1436992.9112393125,7,12,12,5.9999747871149989,3.0000000000002998
total_cost_CNY,23,1918089.6879563306,1918089.6879563306,1918089.6879563311,1918089.6879563311,4.6566128730773926e-10,0,5.6786862263066335e-10,5.6786862263066335e-10,0,0,0,5.6786862263066335e-10,7,125,125,3.0000000000002993,3.0000000000003002
total_cost_CNY,24,9563460.015589932,9563460.015589932,9563460.015589932,9563460.015589932,0,0,0,0,0,0,0,0,7,94,94,5.9999999999987992,5.9999999999987992
total_cost_CNY,25,589450.71771820111,589450.71771820111,589450.71771820111,589450.71771820111,0,0,0,0,0,0,0,0,7,91,91,1,1
total_cost_CNY,26,87435591.308775455,68248145.762957707,78836309.048029199,61535946.984365776,-25899644.324409679,-19187445.54581774,-6712198.7785919365,-8599282.2607462462,-17300362.063663431,1887083.4821543095,-18243903.804740585,-7655740.5196690913,7,355,330,29.772745652921905,26.844598891236021
total_cost_CNY,27,815400.92505431408,815400.92505431408,815400.92505431408,815400.92505431408,0,0,0,0,0,0,0,0,7,343,343,1,1
total_cost_CNY,28,10815477.345996862,10815477.345996862,10815477.345996864,10815477.345996864,1.862645149230957e-09,0,1.2007591971837499e-09,1.2007591971837499e-09,0,0,0,1.2007591971837499e-09,7,75,75,7.9999999999999991,8
total_cost_CNY,29,1651808.6428704073,1651808.6428704073,1651808.6428704071,1651808.6428704071,-2.3283064365386963e-10,0,-1.8338759875895586e-10,-1.8338759875895586e-10,0,-0,0,-1.8338759875895586e-10,7,48,48,2,1.9999999999999998
total_cost_CNY,30,2058691.4962274518,2058691.4962274518,2058691.4962274516,2058691.4962274516,-2.3283064365386963e-10,0,-2.2856066997117306e-10,-2.2856066997117306e-10,0,-0,0,-2.2856066997117306e-10,7,70,70,1,0.99999999999999989
total_cost_CNY,31,1394767.6078957273,1394767.6078957273,1394767.6078957275,1394767.6078957275,2.3283064365386963e-10,0,3.0970062245743774e-10,3.0970062245743774e-10,0,0,0,3.0970062245743774e-10,7,123,123,1,1.0000000000000002
total_cost_CNY,32,606963.21618600353,606963.21618600353,606963.21618600353,606963.21618600353,0,0,0,0,0,0,0,0,7,348,348,1,1
total_cost_CNY,33,3044173.1970985844,3222539.5782615999,3044173.1970985844,3222539.5782615999,178366.3811630155,178366.3811630155,0,0,178366.3811630155,0,178366.3811630155,0,7,177,105,4,4
total_cost_CNY,34,676874.88126910327,676874.88126910327,676874.88126910327,676874.88126910327,0,0,0,0,0,0,0,0,7,74,74,1,1
total_cost_CNY,35,1190079.011291676,1190079.011291676,1190079.0112916762,1190079.0112916762,2.3283064365386963e-10,0,1.3212531194591606e-10,1.3212531194591606e-10,0,0,0,1.3212531194591606e-10,7,73,73,1.9999999999999998,2
total_cost_CNY,36,45355483.880813509,44612167.476675875,50134580.352429673,49312940.876849487,3957456.9960359782,-743316.40413763467,4700773.4001736073,4779096.471616162,-821639.47558018914,-78323.071442554443,-782477.93985891191,4739934.9358948851,7,363,82,21.999999924613022,24.318134646570002
total_cost_CNY,37,12917909.058594016,10800781.058594018,12917909.058594016,10800781.058594018,-2117127.9999999981,-2117127.9999999981,0,0,-2117127.9999999981,-0,-2117127.9999999981,0,7,179,239,4,4
total_cost_CNY,38,1280709.5669870859,1280709.5669870859,1280709.5669870859,1280709.5669870859,0,0,0,0,0,0,0,0,7,93,93,2,2
total_cost_CNY,39,34261803.001197204,34261803.001197204,34261783.157079056,34261783.157079056,-19.844118148088455,0,-19.844118151202736,-19.844118151202736,0,-0,0,-19.844118151202736,7,222,222,20,19.999988416185715
total_cost_CNY,40,612960.23309309664,612960.23309309664,612960.23309309653,612960.23309309653,-1.1641532182693481e-10,0,-1.3610451279191175e-10,-1.3610451279191175e-10,0,-0,0,-1.3610451279191175e-10,7,291,291,1,0.99999999999999978
total_cost_CNY,41,640668.1067538705,640668.1067538705,640668.1067538705,640668.1067538705,0,0,0,0,0,0,0,0,7,186,186,1,1
total_cost_CNY,42,576359.01569846889,576359.01569846889,576359.01569846878,576359.01569846878,-1.1641532182693481e-10,0,-6.3988704967873222e-11,-6.3988704967873222e-11,0,-0,0,-6.3988704967873222e-11,7,122,122,1,0.99999999999999989
total_cost_CNY,43,73778881.785323337,62836747.115010761,76534387.856016457,65183584.501918182,-8595297.2834051549,-10942134.670312585,2346837.3869074224,2755506.0706931092,-11350803.354098272,-408668.68378568679,-11146469.012205429,2551171.7288002656,7,164,176,20.243927606679026,21.00000121561752
total_cost_CNY,44,45885865.500093766,47128988.500093788,45885831.922422484,47128954.012748569,1243088.5126548037,1243123.0000000182,-34.487345212704,-33.577671285737217,1243122.0903260913,-0.90967392696678717,1243122.5451630547,-34.032508249220612,7,79,4,14.000000000000279,13.999989755289999
total_cost_CNY,45,685440.26934112166,685440.26934112166,685440.26934112166,685440.26934112166,0,0,0,0,0,0,0,0,7,152,152,1,1
total_cost_CNY,46,508600.99834319676,508600.99834319676,508600.99834319676,508600.99834319676,0,0,0,0,0,0,0,0,7,69,69,1,1
total_cost_CNY,47,3464871.3317574356,3464871.3317574356,3464871.3317574356,3464871.3317574356,0,0,0,0,0,0,0,0,7,189,189,4,4
thermal_cost_CNY,0,14090632.49999954,14114723.621249536,14090632.499999544,14114723.621249538,24091.121249997988,24091.121249994587,2.6392406148264881e-09,2.6347359381947776e-09,24091.12124999459,4.5046766317105138e-12,24091.12124999459,2.6369882765106327e-09,7,211,130,18.999999999999428,18.999999999999432
thermal_cost_CNY,1,3415555.1315789274,3312014.4182825363,3415555.1315789269,3312014.4182825354,-103540.713296392,-103540.71329639119,-5.8833194641084251e-10,-6.0672447183288501e-10,-103540.71329639117,1.8392525422042494e-11,-103540.71329639117,-5.9752820912186381e-10,7,354,103,5,4.9999999999999991
thermal_cost_CNY,2,9350760.0789469965,9447493.0789469909,13473024.249922371,13612401.802523896,4261641.7235768996,96732.99999999463,4164908.7235769052,4122264.1709753755,139377.55260152428,42644.552601529664,118055.27630075946,4143586.4472761401,7,109,134,12.999999999999481,18.731024405527009
thermal_cost_CNY,3,11097285.393351324,11097285.393351324,11097285.393351322,11097285.393351322,-1.862645149230957e-09,0,-3.0327290472702935e-09,-3.0327290472702935e-09,0,-0,0,-3.0327290472702935e-09,7,112,112,12.999999999999483,12.99999999999948
thermal_cost_CNY,4,538863.27003941755,538863.27003941755,538863.27003941766,538863.27003941766,1.1641532182693481e-10,0,5.9825840952256478e-11,5.9825840952256478e-11,0,0,0,5.9825840952256478e-11,7,92,92,0.99999999999999989,1
thermal_cost_CNY,5,1135378.999999996,1135378.999999996,1135378.9999999963,1135378.9999999963,2.3283064365386963e-10,0,2.5210478149517629e-10,2.5210478149517629e-10,0,0,0,2.5210478149517629e-10,7,121,121,1.9999999999999996,2
thermal_cost_CNY,6,6101869.1102930354,6327367.2853185367,3050934.5551465177,3163683.6426592683,-2938185.4676337671,225498.17502550082,-3163683.6426592683,-3050934.5551465177,112749.08751275041,-112749.08751275041,169123.63126912562,-3107309.0989028928,7,190,178,10,5
thermal_cost_CNY,7,14271151.263156718,14378188.263156706,22283818.124179997,22450952.015242826,8179800.7520861086,107036.99999998933,8072763.7520861207,8012666.8610232789,167133.89106283089,60096.891062841576,137085.44553141011,8042715.3065546993,7,281,5,17.999999999998558,28.106262686089998
thermal_cost_CNY,8,1458180.8011842067,1458180.8011842067,1458180.801184207,1458180.801184207,2.3283064365386963e-10,0,3.2378117990821281e-10,3.2378117990821281e-10,0,0,0,3.2378117990821281e-10,7,308,308,2,2.0000000000000004
thermal_cost_CNY,9,1335388.9529085846,1335388.9529085846,1335388.9529085848,1335388.9529085848,2.3283064365386963e-10,0,1.4825795623491898e-10,1.4825795623491898e-10,0,0,0,1.4825795623491898e-10,7,187,187,1.9999999999999998,2
thermal_cost_CNY,10,8472804.4650169425,7653574.9144897703,6422381.6447374159,5801406.0457069157,-2671398.4193100268,-819229.55052717181,-1852168.8687828544,-2050422.8202795261,-620975.59903050016,198253.95149667168,-720102.57477883599,-1951295.8445311901,7,50,261,11.873358576820896,9.0000000000008988
thermal_cost_CNY,11,15269416.572776288,14679465.137691587,11389413.552631553,10949370.487585587,-4320046.0851907004,-589951.43508470221,-3730094.6501059993,-3880003.0201447359,-440043.06504596554,149908.37003873664,-514997.25006533391,-3805048.8351253676,7,45,108,20.110012471952412,15.000000000000002
thermal_cost_CNY,12,566178.23684210319,566178.23684210319,566178.23684210342,566178.23684210342,2.3283064365386963e-10,0,1.8857523437513345e-10,1.8857523437513345e-10,0,0,0,1.8857523437513345e-10,7,332,332,0.99999999999999989,1.0000000000000002
thermal_cost_CNY,13,550270.39750692411,550270.39750692411,550270.39750692423,550270.39750692423,1.1641532182693481e-10,0,6.1092286508182462e-11,6.1092286508182462e-11,0,0,0,6.1092286508182462e-11,7,140,140,0.99999999999999989,1
thermal_cost_CNY,14,9234083.5263160709,9085028.2728950679,9234083.5263160691,9085028.2728950661,-149055.25342100486,-149055.25342100338,-1.3448543423917626e-09,-1.3669189522970065e-09,-149055.25342100338,2.2064609905243861e-11,-149055.25342100338,-1.3558866473443845e-09,7,352,55,12.000000000000481,12.00000000000048
thermal_cost_CNY,15,11784651.789473685,12021195.789473655,11784651.789473685,12021195.789473655,236543.9999999702,236543.9999999702,0,0,236543.9999999702,0,236543.9999999702,0,7,229,88,16,16
thermal_cost_CNY,16,18583812.354403771,18514204.414583366,18583828.407100547,18514220.407152802,-69591.947250969708,-69607.939820406173,15.992569435744333,16.052696772892023,-69607.999947743316,-0.060127337147692909,-69607.969884074744,16.022633104318178,7,316,361,21.999980979900002,21.999999983483171
thermal_cost_CNY,17,299630.344999997,299630.344999997,299630.344999997,299630.344999997,0,0,0,0,0,0,0,0,7,13,13,1,1
thermal_cost_CNY,18,2035341.0028201626,2094806.6592799874,2035341.0028201626,2094806.6592799874,59465.656459824881,59465.656459824771,0,0,59465.656459824771,0,59465.656459824771,0,7,43,344,3.0000000000002998,3.0000000000002998
thermal_cost_CNY,19,1277597.946745967,1277597.946745967,1277597.946745967,1277597.946745967,0,0,0,0,0,0,0,0,7,31,31,2,2
thermal_cost_CNY,20,15486464.736842068,15396514.736842103,15486464.736842066,15396514.736842101,-89949.999999966472,-89949.999999965075,-2.7349704255716218e-09,-2.7509487553420208e-09,-89949.999999965061,1.5978329770399049e-11,-89949.999999965061,-2.7429595904568211e-09,7,290,295,20,19.999999999999996
thermal_cost_CNY,21,10083503.684210932,10082873.684210932,10083503.684210932,10082873.684210932,-630,-630.00000000002524,1.4925651358130142e-09,1.4926583945470827e-09,-630.00000000002535,-9.3258734068513149e-14,-630.00000000002524,1.4926117651800485e-09,7,47,329,12.000000000000481,12.000000000000483
thermal_cost_CNY,22,2743554.4711309802,2743554.4711309802,1371783.0000001313,1371783.0000001313,-1371771.4711308489,0,-1371771.4711308486,-1371771.4711308486,0,-0,0,-1371771.4711308486,7,12,12,5.9999747871149989,3.0000000000002998
thermal_cost_CNY,23,1881657.0310079383,1881657.0310079383,1881657.031007939,1881657.031007939,6.9849193096160889e-10,0,5.5708238940603117e-10,5.5708238940603117e-10,0,0,0,5.5708238940603117e-10,7,125,125,3.0000000000002993,3.0000000000003002
thermal_cost_CNY,24,4451197.0554007608,4451197.0554007608,4451197.0554007608,4451197.0554007608,0,0,0,0,0,0,0,0,7,94,94,5.9999999999987992,5.9999999999987992
thermal_cost_CNY,25,470384.98684209964,470384.98684209964,470384.98684209964,470384.98684209964,0,0,0,0,0,0,0,0,7,91,91,1,1
thermal_cost_CNY,26,23625603.682148475,23119065.073982492,21302027.760692675,20845307.177456632,-2780296.5046918429,-506538.60816598334,-2273757.8965258566,-2323575.9214557991,-456720.5832360409,49818.024929942447,-481629.59570101212,-2298666.9089908279,7,355,330,29.772745652921905,26.844598891236021
thermal_cost_CNY,27,703499.28955332085,703499.28955332085,703499.28955332085,703499.28955332085,0,0,0,0,0,0,0,0,7,343,343,1,1
thermal_cost_CNY,28,5999340.9639889188,5999340.9639889188,5999340.9639889197,5999340.9639889197,9.3132257461547852e-10,0,6.6606064707973808e-10,6.6606064707973808e-10,0,0,0,6.6606064707973808e-10,7,75,75,7.9999999999999991,8
thermal_cost_CNY,29,1615175.9473684211,1615175.9473684211,1615175.9473684209,1615175.9473684209,-2.3283064365386963e-10,0,-1.7932055255891712e-10,-1.7932055255891712e-10,0,-0,0,-1.7932055255891712e-10,7,48,48,2,1.9999999999999998
thermal_cost_CNY,30,658707.96952908509,658707.96952908509,658707.96952908498,658707.96952908498,-1.1641532182693481e-10,0,-7.313127542752763e-11,-7.313127542752763e-11,0,-0,0,-7.313127542752763e-11,7,70,70,1,0.99999999999999989
thermal_cost_CNY,31,683595.34487534559,683595.34487534559,683595.34487534571,683595.34487534571,1.1641532182693481e-10,0,1.5178865828143664e-10,1.5178865828143664e-10,0,0,0,1.5178865828143664e-10,7,123,123,1,1.0000000000000002
thermal_cost_CNY,32,526017.62087949784,526017.62087949784,526017.62087949784,526017.62087949784,0,0,0,0,0,0,0,0,7,348,348,1,1
thermal_cost_CNY,33,2461187.0858725617,2541053.8670360004,2461187.0858725617,2541053.8670360004,79866.781163438689,79866.781163438689,0,0,79866.781163438689,0,79866.781163438689,0,7,177,105,4,4
thermal_cost_CNY,34,633957.43351800228,633957.43351800228,633957.43351800228,633957.43351800228,0,0,0,0,0,0,0,0,7,74,74,1,1
thermal_cost_CNY,35,1056509.9999999958,1056509.9999999958,1056509.999999996,1056509.999999996,2.3283064365386963e-10,0,1.1729617277467197e-10,1.1729617277467197e-10,0,0,0,1.1729617277467197e-10,7,73,73,1.9999999999999998,2
thermal_cost_CNY,36,17214675.151537079,17000538.152270854,19028581.348479491,18791880.784897096,1577205.6333600171,-214136.99926622596,1791342.6326262427,1813906.1969424114,-236700.56358239477,-22563.564316168806,-225418.78142431035,1802624.4147843269,7,363,82,21.999999924613022,24.318134646570002
thermal_cost_CNY,37,2973574.9473684211,2952686.9473684207,2973574.9473684211,2952686.9473684207,-20888.000000000466,-20888.000000000466,0,0,-20888.000000000466,-0,-20888.000000000466,0,7,179,239,4,4
thermal_cost_CNY,38,1256388.4783180014,1256388.4783180014,1256388.4783180014,1256388.4783180014,0,0,0,0,0,0,0,0,7,93,93,2,2
thermal_cost_CNY,39,14291028.186842073,14291028.186842073,14291019.909611249,14291019.909611249,-8.2772308234125376,0,-8.2772308226730846,-8.2772308226730846,0,-0,0,-8.2772308226730846,7,222,222,20,19.999988416185715
thermal_cost_CNY,40,544396.34559210343,544396.34559210343,544396.34559210332,544396.34559210332,-1.1641532182693481e-10,0,-1.2088027147962942e-10,-1.2088027147962942e-10,0,-0,0,-1.2088027147962942e-10,7,291,291,1,0.99999999999999978
thermal_cost_CNY,41,462482.99999999627,462482.99999999627,462482.99999999627,462482.99999999627,0,0,0,0,0,0,0,0,7,186,186,1,1
thermal_cost_CNY,42,461099.74749999586,461099.74749999586,461099.74749999581,461099.74749999581,-5.8207660913467407e-11,0,-5.1192355632334137e-11,-5.1192355632334137e-11,0,-0,0,-5.1192355632334137e-11,7,122,122,1,0.99999999999999989
thermal_cost_CNY,43,15006555.036422906,14444173.932894928,15567022.374805355,14983637.367351001,-22917.669071905315,-562381.1035279769,539463.43445607298,560467.33838244958,-583385.0074543535,-21003.903926376628,-572883.05549116526,549965.38641926122,7,164,176,20.243927606679026,21.00000121561752
thermal_cost_CNY,44,12366836.631579192,12309359.631579192,12366827.581960738,12309350.624020394,-57486.007558798417,-57477.000000001142,-9.0075587970819644,-9.0496184551369367,-57476.957940343091,0.042059658054971472,-57476.978970172117,-9.0285886261094515,7,79,4,14.000000000000279,13.999989755289999
thermal_cost_CNY,45,672925.00259002228,672925.00259002228,672925.00259002228,672925.00259002228,0,0,0,0,0,0,0,0,7,152,152,1,1
thermal_cost_CNY,46,488481.0656249919,488481.0656249919,488481.0656249919,488481.0656249919,0,0,0,0,0,0,0,0,7,69,69,1,1
thermal_cost_CNY,47,2579397.5013850303,2579397.5013850303,2579397.5013850303,2579397.5013850303,0,0,0,0,0,0,0,0,7,189,189,4,4
curtailment_cost_CNY,0,265938.25000002544,0,265938.25000002544,0,-265938.25000002544,-265938.25000002544,0,4.972644518375716e-11,-265938.25000002544,-4.972644518375716e-11,-265938.25000002544,2.486322259187858e-11,7,211,130,18.999999999999428,18.999999999999432
curtailment_cost_CNY,1,293324.11447369703,93931.400000009235,293324.11447369697,93931.40000000922,-199392.71447368781,-199392.71447368778,-1.6685568482445709e-11,-5.2104829690637368e-11,-199392.71447368775,3.5419261208191659e-11,-199392.71447368775,-3.4395199086541542e-11,7,354,103,5,4.9999999999999991
curtailment_cost_CNY,2,956276.23000002059,1077564.0850000114,1377848.7232735739,1552606.0903581074,596329.86035808676,121287.8549999907,475042.00535809615,421572.49327355321,174757.36708453365,53469.512084542956,148022.61104226217,448307.24931582471,7,109,134,12.999999999999481,18.731024405527009
curtailment_cost_CNY,3,0,0,0,0,0,0,-0,-0,0,-0,0,-0,7,112,112,12.999999999999483,12.99999999999948
curtailment_cost_CNY,4,54805.005000003373,54805.005000003373,54805.005000003381,54805.005000003381,7.2759576141834259e-12,0,6.0845778415700581e-12,6.0845778415700581e-12,0,0,0,6.0845778415700581e-12,7,92,92,0.99999999999999989,1
curtailment_cost_CNY,5,47734.049861501058,47734.049861501058,47734.049861501066,47734.049861501066,7.2759576141834259e-12,0,1.059908824296875e-11,1.059908824296875e-11,0,0,0,1.059908824296875e-11,7,121,121,1.9999999999999996,2
curtailment_cost_CNY,6,1726415.2500000482,1551091.8005540632,863207.6250000241,775545.90027703159,-950869.34972301661,-175323.44944598502,-775545.90027703159,-863207.6250000241,-87661.724722992512,87661.724722992512,-131492.58708448877,-819376.7626385279,7,190,178,10,5
curtailment_cost_CNY,7,247545.45000001369,370151.37000000617,386532.08024707221,577976.20215761662,330430.75215760292,122605.91999999247,207824.83215761048,138986.63024705852,191444.12191054446,68838.201910551972,157025.02095526847,173405.73120233451,7,281,5,17.999999999998558,28.106262686089998
curtailment_cost_CNY,8,0,0,0,0,0,0,0,0,0,0,0,0,7,308,308,2,2.0000000000000004
curtailment_cost_CNY,9,247522.36011081256,247522.36011081256,247522.36011081259,247522.36011081259,2.9103830456733704e-11,0,2.7480502330458355e-11,2.7480502330458355e-11,0,0,0,2.7480502330458355e-11,7,187,187,1.9999999999999998,2
curtailment_cost_CNY,10,577803.83906502766,595937.61507008818,437975.02770089312,451720.42105270905,-126083.41801231861,18133.776005060477,-144217.19401737917,-139828.81136413463,13745.39335181593,-4388.3826532445482,15939.584678438203,-142023.0026907569,7,50,261,11.873358576820896,9.0000000000008988
curtailment_cost_CNY,11,692365.4468470884,1064430.5387005592,516433.37950143177,793955.65282602038,101590.20597893198,372065.09185347077,-270474.8858745388,-175932.06734565657,277522.27332458855,-94542.818528882213,324793.68258902966,-223203.47661009768,7,45,108,20.110012471952412,15.000000000000002
curtailment_cost_CNY,12,54821.157894739365,54821.157894739365,54821.157894739386,54821.157894739386,2.1827872842550278e-11,0,1.8259113519405249e-11,1.8259113519405249e-11,0,0,0,1.8259113519405249e-11,7,332,332,0.99999999999999989,1.0000000000000002
curtailment_cost_CNY,13,0,0,0,0,0,0,0,0,0,0,0,0,7,140,140,0.99999999999999989,1
curtailment_cost_CNY,14,13688.464736831869,93493.894736845978,13688.464736831867,93493.894736845963,79805.430000014094,79805.430000014108,-1.3839876613163065e-11,-2.0262998296799555e-12,79805.430000014094,-1.1813576783483109e-11,79805.430000014108,-7.9330882214215103e-12,7,352,55,12.000000000000481,12.00000000000048
curtailment_cost_CNY,15,763822.27146821097,652051.56631583127,763822.27146821097,652051.56631583127,-111770.7051523797,-111770.7051523797,0,0,-111770.7051523797,-0,-111770.7051523797,0,7,229,88,16,16
curtailment_cost_CNY,16,0,0,0,0,0,0,0,0,0,0,0,0,7,316,361,21.999980979900002,21.999999983483171
curtailment_cost_CNY,17,70841.180055406308,70841.180055406308,70841.180055406308,70841.180055406308,0,0,0,0,0,0,0,0,7,13,13,1,1
curtailment_cost_CNY,18,68051.318684227808,115983.93905819266,68051.318684227808,115983.93905819266,47932.620373964848,47932.620373964855,0,0,47932.620373964855,0,47932.620373964855,0,7,43,344,3.0000000000002998,3.0000000000002998
curtailment_cost_CNY,19,8426.3157894736923,8426.3157894736923,8426.3157894736923,8426.3157894736923,0,0,0,0,0,0,0,0,7,31,31,2,2
curtailment_cost_CNY,20,847617.83933524205,932457.83933526324,847617.83933524182,932457.83933526312,84840.000000021071,84840.000000021246,-1.6563778603555748e-10,-1.5056717461008198e-10,84840.000000021231,-1.5070611425475499e-11,84840.000000021231,-1.5810248032281973e-10,7,290,295,20,19.999999999999996
curtailment_cost_CNY,21,0,0,0,0,0,0,0,0,0,0,0,0,7,47,329,12.000000000000481,12.000000000000483
curtailment_cost_CNY,22,56437.562840042738,56437.562840042738,28218.90000000428,28218.90000000428,-28218.662840038458,0,-28218.662840038454,-28218.662840038454,0,-0,0,-28218.662840038454,7,12,12,5.9999747871149989,3.0000000000002998
curtailment_cost_CNY,23,0,0,0,0,0,0,0,0,0,0,0,0,7,125,125,3.0000000000002993,3.0000000000003002
curtailment_cost_CNY,24,509757.47368413123,509757.47368413123,509757.47368413123,509757.47368413123,0,0,0,0,0,0,0,0,7,94,94,5.9999999999987992,5.9999999999987992
curtailment_cost_CNY,25,106243.41250000188,106243.41250000188,106243.41250000188,106243.41250000188,0,0,0,0,0,0,0,0,7,91,91,1,1
curtailment_cost_CNY,26,436087.21126379498,858331.28670879093,393198.07465675881,773914.48461303371,337827.27334923873,422244.07544499595,-84416.802095757201,-42889.136607036147,380716.4099562749,-41527.665488721061,401480.2427006354,-63652.969351396678,7,355,330,29.772745652921905,26.844598891236021
curtailment_cost_CNY,27,5829.0000000000728,5829.0000000000728,5829.0000000000728,5829.0000000000728,0,0,0,0,0,0,0,0,7,343,343,1,1
curtailment_cost_CNY,28,0,0,0,0,0,0,0,0,0,0,0,0,7,75,75,7.9999999999999991,8
curtailment_cost_CNY,29,0,0,0,0,0,0,-0,-0,0,-0,0,-0,7,48,48,2,1.9999999999999998
curtailment_cost_CNY,30,201689.57894737349,201689.57894737349,201689.57894737346,201689.57894737346,-2.9103830456733704e-11,0,-2.2392041437432729e-11,-2.2392041437432729e-11,0,-0,0,-2.2392041437432729e-11,7,70,70,1,0.99999999999999989
curtailment_cost_CNY,31,83141.313019393696,83141.313019393696,83141.31301939371,83141.31301939371,1.4551915228366852e-11,0,1.8461080002339635e-11,1.8461080002339635e-11,0,0,0,1.8461080002339635e-11,7,123,123,1,1.0000000000000002
curtailment_cost_CNY,32,67973.180055406323,67973.180055406323,67973.180055406323,67973.180055406323,0,0,0,0,0,0,0,0,7,348,348,1,1
curtailment_cost_CNY,33,531076.72022162529,413036.72022162529,531076.72022162529,413036.72022162529,-118040,-118040,0,0,-118040,-0,-118040,0,7,177,105,4,4
curtailment_cost_CNY,34,30362.000000001466,30362.000000001466,30362.000000001466,30362.000000001466,0,0,0,0,0,0,0,0,7,74,74,1,1
curtailment_cost_CNY,35,108014.31578948085,108014.31578948085,108014.31578948087,108014.31578948087,1.4551915228366852e-11,0,1.1991998037861425e-11,1.1991998037861425e-11,0,0,0,1.1991998037861425e-11,7,73,73,1.9999999999999998,2
curtailment_cost_CNY,36,135456.15322007227,48905.779832420325,149729.13563635279,54058.970137983983,-81397.18308208829,-86550.37338765194,5153.1903055636558,14272.982416280516,-95670.165498368806,-9119.7921107168604,-91110.269443010373,9713.0863609220869,7,363,82,21.999999924613022,24.318134646570002
curtailment_cost_CNY,37,309068.72022162523,185628.72022162529,309068.72022162523,185628.72022162529,-123439.99999999994,-123439.99999999994,0,0,-123439.99999999994,-0,-123439.99999999994,0,7,179,239,4,4
curtailment_cost_CNY,38,0,0,0,0,0,0,0,0,0,0,0,0,7,93,93,2,2
curtailment_cost_CNY,39,1329595.639335257,1329595.639335257,1329594.869245809,1329594.869245809,-0.77008944796398282,0,-0.77008944798879453,-0.77008944798879453,0,-0,0,-0.77008944798879453,7,222,222,20,19.999988416185715
curtailment_cost_CNY,40,0,0,0,0,0,0,-0,-0,0,-0,0,-0,7,291,291,1,0.99999999999999978
curtailment_cost_CNY,41,165168.75900277472,165168.75900277472,165168.75900277472,165168.75900277472,0,0,0,0,0,0,0,0,7,186,186,1,1
curtailment_cost_CNY,42,102127.97894737325,102127.97894737325,102127.97894737324,102127.97894737324,-1.4551915228366852e-11,0,-1.1338483368580704e-11,-1.1338483368580704e-11,0,-0,0,-1.1338483368580704e-11,7,122,122,1,0.99999999999999989
curtailment_cost_CNY,43,1299732.7268293467,1433807.3270822486,1348275.363047089,1487357.4039928117,187624.67716346495,134074.60025290202,53550.076910562944,48542.636217742416,139082.04094572255,5007.4406928205281,136578.32059931228,51046.35656415268,7,164,176,20.243927606679026,21.00000121561752
curtailment_cost_CNY,44,0,0,0,0,0,0,-0,-0,0,-0,0,-0,7,79,4,14.000000000000279,13.999989755289999
curtailment_cost_CNY,45,0,0,0,0,0,0,0,0,0,0,0,0,7,152,152,1,1
curtailment_cost_CNY,46,7362.7368421052724,7362.7368421052724,7362.7368421052724,7362.7368421052724,0,0,0,0,0,0,0,0,7,69,69,1,1
curtailment_cost_CNY,47,247435.98736843147,247435.98736843147,247435.98736843147,247435.98736843147,0,0,0,0,0,0,0,0,7,189,189,4,4
load_shedding_cost_CNY,0,32052904.999997001,36390699.999996893,32052904.999997005,36390699.999996901,4337794.9999998994,4337794.999999892,6.8045125090062231e-09,5.9934102125676706e-09,4337794.999999892,8.111022964385525e-10,4337794.999999892,6.3989613607869464e-09,7,211,130,18.999999999999428,18.999999999999432
load_shedding_cost_CNY,1,3250999.9999994687,5277999.9999994701,3250999.9999994682,5277999.9999994691,2027000.0000000005,2027000.0000000019,-9.375611398353581e-10,-5.7749360848892702e-10,2027000.0000000014,-3.6006753134643108e-10,2027000.0000000016,-7.5752737416214251e-10,7,354,103,5,4.9999999999999991
load_shedding_cost_CNY,2,15398275.74999783,13344291.999997979,22186575.298173506,19227096.855880842,3828821.1058830116,-2053983.7499998501,5882804.8558828626,6788299.5481756749,-2959478.4422926623,-905494.6922928124,-2506731.0961462562,6335552.2020292683,7,109,134,12.999999999999481,18.731024405527009
load_shedding_cost_CNY,3,9921599.9999982268,9921599.9999982268,9921599.9999982249,9921599.9999982249,-1.862645149230957e-09,0,-2.7114310796601655e-09,-2.7114310796601655e-09,0,-0,0,-2.7114310796601655e-09,7,112,112,12.999999999999483,12.99999999999948
load_shedding_cost_CNY,4,0,0,0,0,0,0,0,0,0,0,0,0,7,92,92,0.99999999999999989,1
load_shedding_cost_CNY,5,0,0,0,0,0,0,0,0,0,0,0,0,7,121,121,1.9999999999999996,2
load_shedding_cost_CNY,6,55999.999998936801,1425999.9999989371,27999.9999994684,712999.99999946856,657000.00000053179,1370000.0000000002,-712999.99999946856,-27999.9999994684,685000.00000000012,-685000.00000000012,1027500.0000000002,-370499.99999946845,7,190,178,10,5
load_shedding_cost_CNY,7,54268199.999993712,54050399.999993742,84737571.372289717,84397485.593788043,30129285.593794331,-217799.99999997416,30347085.593794294,30469371.372295998,-340085.77850167587,-122285.77850170173,-278942.88925082504,30408228.483045146,7,281,5,17.999999999998558,28.106262686089998
load_shedding_cost_CNY,8,2718399.9999997877,2718399.9999997877,2718399.9999997881,2718399.9999997881,4.6566128730773926e-10,0,6.0360605402815796e-10,6.0360605402815796e-10,0,0,0,6.0360605402815796e-10,7,308,308,2,2.0000000000000004
load_shedding_cost_CNY,9,1222399.9999997877,1222399.9999997877,1222399.9999997879,1222399.9999997879,2.3283064365386963e-10,0,1.3571366253015559e-10,1.3571366253015559e-10,0,0,0,1.3571366253015559e-10,7,187,187,1.9999999999999998,2
load_shedding_cost_CNY,10,3068075.8562492561,1373747.5873369169,2325599.9999992745,1041299.9999991483,-2026775.8562501078,-1694328.2689123391,-332447.58733776864,-742475.85624998168,-1284300.0000001262,410028.26891221298,-1489314.1344562327,-537461.72179387521,7,50,261,11.873358576820896,9.0000000000008988
load_shedding_cost_CNY,11,27772304.286497917,26549615.528203208,20715281.24999835,19803281.24999835,-7969023.0364995673,-1222688.7582947067,-6746334.2782048592,-7057023.0364995655,-912000.00000000012,310688.75829470658,-1067344.3791473533,-6901678.6573522119,7,45,108,20.110012471952412,15.000000000000002
load_shedding_cost_CNY,12,11799.999999893582,11799.999999893582,11799.999999893585,11799.999999893585,3.637978807091713e-12,0,3.9301895071376106e-12,3.9301895071376106e-12,0,0,0,3.9301895071376106e-12,7,332,332,0.99999999999999989,1.0000000000000002
load_shedding_cost_CNY,13,0,0,0,0,0,0,0,0,0,0,0,0,7,140,140,0.99999999999999989,1
load_shedding_cost_CNY,14,6909599.9999990044,9251999.9999990966,6909599.9999990035,9251999.9999990966,2342400.0000000922,2342400.0000000927,-1.3695711231774045e-09,-1.0228262681264758e-09,2342400.0000000922,-3.4674485505092868e-10,2342400.0000000927,-1.1961986956519401e-09,7,352,55,12.000000000000481,12.00000000000048
load_shedding_cost_CNY,15,29963199.999998298,34963199.999998294,29963199.999998298,34963199.999998294,4999999.9999999963,4999999.9999999963,0,0,4999999.9999999963,0,4999999.9999999963,0,7,229,88,16,16
load_shedding_cost_CNY,16,56027351.561508991,44637213.4088609,56027399.957934245,44637251.966485023,-11390099.595023967,-11390138.152648091,38.557624128695799,48.396425257274807,-11390147.991449218,-9.8388011285790071,-11390143.072048655,43.477024692985303,7,316,361,21.999980979900002,21.999999983483171
load_shedding_cost_CNY,17,0,0,0,0,0,0,0,0,0,0,0,0,7,13,13,1,1
load_shedding_cost_CNY,18,486899.99999972951,1946699.9999998757,486899.99999972951,1946699.9999998757,1459800.0000001462,1459800.0000001462,0,0,1459800.0000001462,0,1459800.0000001462,0,7,43,344,3.0000000000002998,3.0000000000002998
load_shedding_cost_CNY,19,505599.99999978743,505599.99999978743,505599.99999978743,505599.99999978743,0,0,0,0,0,0,0,0,7,31,31,2,2
load_shedding_cost_CNY,20,34258834.999996379,33681934.999996781,34258834.999996372,33681934.999996774,-576899.99999960512,-576899.99999959487,-5.9831135601478959e-09,-6.0855915862128244e-09,-576899.99999959476,1.0247802606492848e-10,-576899.99999959487,-6.0343525731803606e-09,7,290,295,20,19.999999999999996
load_shedding_cost_CNY,21,40909200.000000358,35680800.000000149,40909200.000000365,35680800.000000149,-5228400.0000002086,-5228400.0000002095,5.2818194262725145e-09,6.0557781011992036e-09,-5228400.0000002105,-7.7395867492668913e-10,-5228400.0000002095,5.668798763735859e-09,7,47,329,12.000000000000481,12.000000000000483
load_shedding_cost_CNY,22,0,0,0,0,0,0,-0,-0,0,-0,0,-0,7,12,12,5.9999747871149989,3.0000000000002998
load_shedding_cost_CNY,23,0,0,0,0,0,0,0,0,0,0,0,0,7,125,125,3.0000000000002993,3.0000000000003002
load_shedding_cost_CNY,24,4523999.9999984568,4523999.9999984568,4523999.9999984568,4523999.9999984568,0,0,0,0,0,0,0,0,7,94,94,5.9999999999987992,5.9999999999987992
load_shedding_cost_CNY,25,0,0,0,0,0,0,0,0,0,0,0,0,7,91,91,1,1
load_shedding_cost_CNY,26,62993175.252448976,43885585.331384592,56797802.334074296,39569442.10190814,-23423733.150540836,-19107589.921064384,-4316143.2294764519,-6195372.91837468,-17228360.232166156,1879229.6888982283,-18167975.07661527,-5255758.0739255659,7,355,330,29.772745652921905,26.844598891236021
load_shedding_cost_CNY,27,93399.999999893611,93399.999999893611,93399.999999893611,93399.999999893611,0,0,0,0,0,0,0,0,7,343,343,1,1
load_shedding_cost_CNY,28,4716799.9999991478,4716799.9999991478,4716799.9999991488,4716799.9999991488,9.3132257461547852e-10,0,5.2366999625509933e-10,5.2366999625509933e-10,0,0,0,5.2366999625509933e-10,7,75,75,7.9999999999999991,8
load_shedding_cost_CNY,29,11799.999999787158,11799.999999787158,11799.999999787156,11799.999999787156,-1.8189894035458565e-12,0,-1.3100631690340545e-12,-1.3100631690340545e-12,0,-0,0,-1.3100631690340545e-12,7,48,48,2,1.9999999999999998
load_shedding_cost_CNY,30,1185099.9999998934,1185099.9999998934,1185099.9999998931,1185099.9999998931,-2.3283064365386963e-10,0,-1.3157253064831546e-10,-1.3157253064831546e-10,0,-0,0,-1.3157253064831546e-10,7,70,70,1,0.99999999999999989
load_shedding_cost_CNY,31,615147.74999988836,615147.74999988836,615147.74999988847,615147.74999988847,1.1641532182693481e-10,0,1.3659023911924714e-10,1.3659023911924714e-10,0,0,0,1.3659023911924714e-10,7,123,123,1,1.0000000000000002
load_shedding_cost_CNY,32,0,0,0,0,0,0,0,0,0,0,0,0,7,348,348,1,1
load_shedding_cost_CNY,33,0,215599.99999957622,0,215599.99999957622,215599.99999957622,215599.99999957622,0,0,215599.99999957622,0,215599.99999957622,0,7,177,105,4,4
load_shedding_cost_CNY,34,0,0,0,0,0,0,0,0,0,0,0,0,7,74,74,1,1
load_shedding_cost_CNY,35,0,0,0,0,0,0,0,0,0,0,0,0,7,73,73,1.9999999999999998,2
load_shedding_cost_CNY,36,27724812.404993489,27283800.406504188,30646169.246629454,30158687.919503752,2433875.5145102628,-441011.99848929973,2874887.5129995639,2921356.8416359671,-487481.32712570281,-46469.328636403057,-464246.66280750127,2898122.1773177655,7,363,82,21.999999924613022,24.318134646570002
load_shedding_cost_CNY,37,9583199.9999995716,7610399.9999995735,9583199.9999995716,7610399.9999995735,-1972799.9999999981,-1972799.9999999981,0,0,-1972799.9999999981,-0,-1972799.9999999981,0,7,179,239,4,4
load_shedding_cost_CNY,38,0,0,0,0,0,0,0,0,0,0,0,0,7,93,93,2,2
load_shedding_cost_CNY,39,18379999.99999788,18379999.99999788,18379989.354472551,18379989.354472551,-10.645525328814983,0,-10.645525327616859,-10.645525327616859,0,-0,0,-10.645525327616859,7,222,222,20,19.999988416185715
load_shedding_cost_CNY,40,55999.999999893589,55999.999999893589,55999.999999893575,55999.999999893575,-1.4551915228366852e-11,0,-1.2434497875778125e-11,-1.2434497875778125e-11,0,-0,0,-1.2434497875778125e-11,7,291,291,1,0.99999999999999978
load_shedding_cost_CNY,41,0,0,0,0,0,0,0,0,0,0,0,0,7,186,186,1,1
load_shedding_cost_CNY,42,0,0,0,0,0,0,-0,-0,0,-0,0,-0,7,122,122,1,0.99999999999999989
load_shedding_cost_CNY,43,57209339.41647277,46694643.417563677,59346003.435332872,48438602.803941123,-8770736.6125316471,-10514695.998909095,1743959.3863774473,2136664.0188601012,-10907400.631391749,-392704.63248265372,-10711048.315150423,1940311.7026187745,7,164,176,20.243927606679026,21.00000121561752
load_shedding_cost_CNY,44,33345199.999999177,34645799.999999195,33345175.599148232,34645774.647414669,1300574.6474154927,1300600.0000000193,-25.35258453017499,-24.40085094515323,1300599.0482664343,-0.95173358502175864,1300599.5241332268,-24.876717737664109,7,79,4,14.000000000000279,13.999989755289999
load_shedding_cost_CNY,45,0,0,0,0,0,0,0,0,0,0,0,0,7,152,152,1,1
load_shedding_cost_CNY,46,0,0,0,0,0,0,0,0,0,0,0,0,7,69,69,1,1
load_shedding_cost_CNY,47,585999.99999957462,585999.99999957462,585999.99999957462,585999.99999957462,0,0,0,0,0,0,0,0,7,189,189,4,4
storage_variable_om_CNY,0,13468.007500004314,8942.7822500028506,13468.007500004316,8942.7822500028524,-4525.225250001462,-4525.2252500014629,1.6721655171642319e-12,2.5183144458660265e-12,-4525.2252500014638,-8.4614892870179457e-13,-4525.2252500014629,2.0952399815151292e-12,7,211,130,18.999999999999428,18.999999999999432
storage_variable_om_CNY,1,4897.416250001439,3785.0700000012625,4897.4162500014381,3785.0700000012621,-1112.346250000177,-1112.346250000176,-6.7236349821109488e-13,-8.6995588510799825e-13,-1112.346250000176,1.9759238689690338e-13,-1112.346250000176,-7.7115969165954651e-13,7,354,103,5,4.9999999999999991
storage_variable_om_CNY,2,12829.735750003983,11940.412250003708,18485.699496138197,17204.319482067851,4374.5837320638675,-889.32350000027463,5263.9072320641417,5655.9637461342145,-1281.3800140703468,-392.05651407007213,-1085.3517570353106,5459.9354890991781,7,109,134,12.999999999999481,18.731024405527009
storage_variable_om_CNY,3,6502.6000000011272,6502.6000000011272,6502.6000000011254,6502.6000000011254,-1.8189894035458565e-12,0,-1.7770673821363894e-12,-1.7770673821363894e-12,0,-0,0,-1.7770673821363894e-12,7,112,112,12.999999999999483,12.99999999999948
storage_variable_om_CNY,4,800.15353515134473,800.15353515134473,800.15353515134484,800.15353515134484,1.1368683772161603e-13,0,8.8834887796023758e-14,8.8834887796023758e-14,0,0,0,8.8834887796023758e-14,7,92,92,0.99999999999999989,1
storage_variable_om_CNY,5,1008.0000000002126,1008.0000000002126,1008.0000000002128,1008.0000000002128,2.2737367544323206e-13,0,2.2382096176447881e-13,2.2382096176447881e-13,0,0,0,2.2382096176447881e-13,7,121,121,1.9999999999999996,2
storage_variable_om_CNY,6,10648.15723684558,10722.00000000107,5324.07861842279,5361.0000000005348,-5287.1572368450452,73.842763155489592,-5361.0000000005348,-5324.07861842279,36.921381577744796,-36.921381577744796,55.382072366617194,-5342.5393092116628,7,190,178,10,5
storage_variable_om_CNY,7,12978.472500003503,13316.368500003597,20265.353186073491,20792.963949216963,7814.4914492134594,337.89600000009455,7476.595449213366,7286.8806860699897,527.61076314347133,189.71476314337679,432.75338157178294,7381.7380676416778,7,281,5,17.999999999998558,28.106262686089998
storage_variable_om_CNY,8,908.13350000031858,908.13350000031858,908.1335000003188,908.1335000003188,2.2737367544323206e-13,0,2.0164614422675666e-13,2.0164614422675666e-13,0,0,0,2.0164614422675666e-13,7,308,308,2,2.0000000000000004
storage_variable_om_CNY,9,1975.800000000213,1975.800000000213,1975.8000000002132,1975.8000000002132,2.2737367544323206e-13,0,2.193578652054621e-13,2.193578652054621e-13,0,0,0,2.193578652054621e-13,7,187,187,1.9999999999999998,2
storage_variable_om_CNY,10,13773.095949115399,13057.132426933336,10440.000000003436,9897.3000000035627,-3875.7959491118363,-715.96352218206198,-3159.8324269297732,-3333.0959491119615,-542.69999999987374,173.26352218218824,-629.3317610909678,-3246.4641880208674,7,50,261,11.873358576820896,9.0000000000008988
storage_variable_om_CNY,11,17441.036754193767,17505.90673923471,13009.218750002454,13057.605083773817,-4383.43167041995,64.869985040943632,-4448.301655460893,-4431.818004191312,48.386333771362622,-16.483651269581006,56.628159406153131,-4440.059829826102,7,45,108,20.110012471952412,15.000000000000002
storage_variable_om_CNY,12,817.00000000028592,817.00000000028592,817.00000000028626,817.00000000028626,3.4106051316484809e-13,0,2.7211566333572114e-13,2.7211566333572114e-13,0,0,0,2.7211566333572114e-13,7,332,332,0.99999999999999989,1.0000000000000002
storage_variable_om_CNY,13,64.89999999999992,64.89999999999992,64.899999999999935,64.899999999999935,1.4210854715202004e-14,0,7.2053474298172587e-15,7.2053474298172587e-15,0,0,0,7.2053474298172587e-15,7,140,140,0.99999999999999989,1
storage_variable_om_CNY,14,9216.9285000030195,6282.711000002214,9216.9285000030195,6282.711000002213,-2934.2175000008065,-2934.217500000806,-9.3002805456905602e-13,-1.3643794982702333e-12,-2934.2175000008056,4.3435144370117725e-13,-2934.217500000806,-1.1472037764196446e-12,7,352,55,12.000000000000481,12.00000000000048
storage_variable_om_CNY,15,13696.000000002554,13264.052000004645,13696.000000002554,13264.052000004645,-431.94799999790848,-431.94799999790848,0,0,-431.94799999790848,-0,-431.94799999790848,0,7,229,88,16,16
storage_variable_om_CNY,16,6687.9942178919418,8228.7408858388008,6687.9999949812254,8228.7479938250272,1540.7537759330853,1540.7466679468594,0.007107986227151461,0.0057770892834716715,1540.7479988438029,0.0013308969436797893,1540.7473333953312,0.0064425377553115658,7,316,361,21.999980979900002,21.999999983483171
storage_variable_om_CNY,17,843.33300000008524,843.33300000008524,843.33300000008524,843.33300000008524,0,0,0,0,0,0,0,0,7,13,13,1,1
storage_variable_om_CNY,18,2455.1160727157803,2126.4000000005331,2455.1160727157803,2126.4000000005331,-328.71607271524726,-328.71607271524749,0,0,-328.71607271524749,-0,-328.71607271524749,0,7,43,344,3.0000000000002998,3.0000000000002998
storage_variable_om_CNY,19,948.62181340374264,948.62181340374264,948.62181340374264,948.62181340374264,0,0,0,0,0,0,0,0,7,31,31,2,2
storage_variable_om_CNY,20,21367.165000004683,20248.065000004292,21367.165000004679,20248.065000004288,-1119.1000000003951,-1119.1000000003919,-3.5967788747378456e-12,-3.7955709686351973e-12,-1119.1000000003917,1.9879209389735165e-13,-1119.1000000003919,-3.6961749216865217e-12,7,290,295,20,19.999999999999996
storage_variable_om_CNY,21,3648.0000000014234,3648.0000000014234,3648.0000000014238,3648.0000000014238,4.5474735088646412e-13,0,5.4001247917786516e-13,5.4001247917786516e-13,0,0,0,5.4001247917786516e-13,7,47,329,12.000000000000481,12.000000000000483
storage_variable_om_CNY,22,1332.0844023618029,1332.0844023618029,666.04500000029975,666.04500000029975,-666.03940236150311,0,-666.03940236150311,-666.03940236150311,0,-0,0,-666.03940236150311,7,12,12,5.9999747871149989,3.0000000000002998
storage_variable_om_CNY,23,95.613695090472476,95.613695090472476,95.613695090472504,95.613695090472504,2.8421709430404007e-14,0,2.8307340202378997e-14,2.8307340202378997e-14,0,0,0,2.8307340202378997e-14,7,125,125,3.0000000000002993,3.0000000000003002
storage_variable_om_CNY,24,5831.400000000609,5831.400000000609,5831.400000000609,5831.400000000609,0,0,0,0,0,0,0,0,7,94,94,5.9999999999987992,5.9999999999987992
storage_variable_om_CNY,25,709.97062500020047,709.97062500020047,709.97062500020047,709.97062500020047,0,0,0,0,0,0,0,0,7,91,91,1,1
storage_variable_om_CNY,26,20107.314060977962,24546.222028610602,18129.761596041779,22132.103378534237,2024.7893175562749,4438.9079676326419,-2414.1186500763665,-1977.5524649361803,4002.341782492455,-436.56618514018652,4220.6248750625482,-2195.8355575062737,7,355,330,29.772745652921905,26.844598891236021
storage_variable_om_CNY,27,560.28775000012899,560.28775000012899,560.28775000012899,560.28775000012899,0,0,0,0,0,0,0,0,7,343,343,1,1
storage_variable_om_CNY,28,2437.6000000008503,2437.6000000008503,2437.6000000008507,2437.6000000008507,4.5474735088646412e-13,0,2.7062796448272261e-13,2.7062796448272261e-13,0,0,0,2.7062796448272261e-13,7,75,75,7.9999999999999991,8
storage_variable_om_CNY,29,608.00000000021282,608.00000000021282,608.00000000021271,608.00000000021271,-1.1368683772161603e-13,0,-6.7501559897233146e-14,-6.7501559897233146e-14,0,-0,0,-6.7501559897233146e-14,7,48,48,2,1.9999999999999998
storage_variable_om_CNY,30,1081.6000000003592,1081.6000000003592,1081.6000000003589,1081.6000000003589,-2.2737367544323206e-13,0,-1.2008172234349681e-13,-1.2008172234349681e-13,0,-0,0,-1.2008172234349681e-13,7,70,70,1,0.99999999999999989
storage_variable_om_CNY,31,770.85225000012201,770.85225000012201,770.85225000012224,770.85225000012224,2.2737367544323206e-13,0,1.7116358330684856e-13,1.7116358330684856e-13,0,0,0,1.7116358330684856e-13,7,123,123,1,1.0000000000000002
storage_variable_om_CNY,32,860.06750000000852,860.06750000000852,860.06750000000852,860.06750000000852,0,0,0,0,0,0,0,0,7,348,348,1,1
storage_variable_om_CNY,33,3459.9999999999995,4399.600000000426,3459.9999999999995,4399.600000000426,939.60000000042646,939.60000000042646,0,0,939.60000000042646,0,939.60000000042646,0,7,177,105,4,4
storage_variable_om_CNY,34,443.10000000007312,443.10000000007312,443.10000000007312,443.10000000007312,0,0,0,0,0,0,0,0,7,74,74,1,1
storage_variable_om_CNY,35,1330.0000000004654,1330.0000000004654,1330.0000000004657,1330.0000000004657,2.2737367544323206e-13,0,1.4765966227519752e-13,1.4765966227519752e-13,0,0,0,1.4765966227519752e-13,7,73,73,1.9999999999999998,2
storage_variable_om_CNY,36,14068.521451796596,12451.48845733708,15550.918187058402,13763.498813332904,-305.02263846369169,-1617.032994459516,1312.0103559958245,1482.3967352618056,-1787.4193737254973,-170.38637926598125,-1702.2261840925066,1397.2035456288149,7,363,82,21.999999924613022,24.318134646570002
storage_variable_om_CNY,37,3616.0000000004256,3616.0000000004261,3616.0000000004256,3616.0000000004261,4.5474735088646412e-13,4.5474735088646412e-13,0,0,4.5474735088646412e-13,0,4.5474735088646412e-13,0,7,179,239,4,4
storage_variable_om_CNY,38,96.393166885694484,96.393166885694484,96.393166885694484,96.393166885694484,0,0,0,0,0,0,0,0,7,93,93,2,2
storage_variable_om_CNY,39,18932.220000003832,18932.220000003832,18932.209034637806,18932.209034637806,-0.010965366025629919,0,-0.010965366023834522,-0.010965366023834522,0,-0,0,-0.010965366023834522,7,222,222,20,19.999988416185715
storage_variable_om_CNY,40,451.5397500001576,451.5397500001576,451.53975000015748,451.53975000015748,-1.1368683772161603e-13,0,-1.002619653967324e-13,-1.002619653967324e-13,0,-0,0,-1.002619653967324e-13,7,291,291,1,0.99999999999999978
storage_variable_om_CNY,41,904.00000000010641,904.00000000010641,904.00000000010641,904.00000000010641,0,0,0,0,0,0,0,0,7,186,186,1,1
storage_variable_om_CNY,42,1018.9415000003568,1018.9415000003568,1018.9415000003567,1018.9415000003567,-1.1368683772161603e-13,0,-1.13125231404649e-13,-1.13125231404649e-13,0,-0,0,-1.13125231404649e-13,7,122,122,1,0.99999999999999989
storage_variable_om_CNY,43,18053.114578144839,18920.946449733965,18727.365334069036,19627.609136181356,1574.4945580365165,867.8318715891271,706.66268644739228,674.25075592419887,900.24380211232062,32.411930523193448,884.03783685072381,690.45672118579557,7,164,176,20.243927606679026,21.00000121561752
storage_variable_om_CNY,44,4256.0000000015743,4256.0000000015743,4255.9968856096493,4255.9968856096493,-0.0031143919250098406,0,-0.0031143919251530395,-0.0031143919251530395,0,-0,0,-0.0031143919251530395,7,79,4,14.000000000000279,13.999989755289999
storage_variable_om_CNY,45,402.91900000001959,402.91900000001959,402.91900000001959,402.91900000001959,0,0,0,0,0,0,0,0,7,152,152,1,1
storage_variable_om_CNY,46,644.84812500017779,644.84812500017779,644.84812500017779,644.84812500017779,0,0,0,0,0,0,0,0,7,69,69,1,1
storage_variable_om_CNY,47,3588.4520000011617,3588.4520000011617,3588.4520000011617,3588.4520000011617,0,0,0,0,0,0,0,0,7,189,189,4,4
storage_investment_allocated_CNY,0,190572.96343526672,190572.96343526672,190572.96343526675,190572.96343526675,2.9103830456733704e-11,0,3.5634272316107376e-11,3.5634272316107376e-11,0,0,0,3.5634272316107376e-11,7,211,130,18.999999999999428,18.999999999999432
storage_investment_allocated_CNY,1,50150.779851387488,50150.779851387488,50150.77985138748,50150.77985138748,-7.2759576141834259e-12,0,-8.908568079026844e-12,-8.908568079026844e-12,0,-0,0,-8.908568079026844e-12,7,354,103,5,4.9999999999999991
storage_investment_allocated_CNY,2,130392.02761360226,130392.02761360226,187875.09627051026,187875.09627051026,57483.068656907999,0,57483.068656907977,57483.068656907977,0,0,0,57483.068656907977,7,109,134,12.999999999999481,18.731024405527009
storage_investment_allocated_CNY,3,130392.02761360229,130392.02761360229,130392.02761360224,130392.02761360224,-4.3655745685100555e-11,0,-3.5634272316107376e-11,-3.5634272316107376e-11,0,-0,0,-3.5634272316107376e-11,7,112,112,12.999999999999483,12.99999999999948
storage_investment_allocated_CNY,4,10030.155970277496,10030.155970277496,10030.155970277498,10030.155970277498,1.8189894035458565e-12,0,1.1135710098783555e-12,1.1135710098783555e-12,0,0,0,1.1135710098783555e-12,7,92,92,0.99999999999999989,1
storage_investment_allocated_CNY,5,20060.311940554991,20060.311940554991,20060.311940554995,20060.311940554995,3.637978807091713e-12,0,4.454284039513422e-12,4.454284039513422e-12,0,0,0,4.454284039513422e-12,7,121,121,1.9999999999999996,2
storage_investment_allocated_CNY,6,100301.55970277498,100301.55970277498,50150.779851387488,50150.779851387488,-50150.779851387488,0,-50150.779851387488,-50150.779851387488,0,-0,0,-50150.779851387488,7,190,178,10,5
storage_investment_allocated_CNY,7,180542.80746498049,180542.80746498049,281910.19848307327,281910.19848307327,101367.39101809278,0,101367.39101809276,101367.39101809276,0,0,0,101367.39101809276,7,281,5,17.999999999998558,28.106262686089998
storage_investment_allocated_CNY,8,20060.311940554995,20060.311940554995,20060.311940554999,20060.311940554999,3.637978807091713e-12,0,4.454284039513422e-12,4.454284039513422e-12,0,0,0,4.454284039513422e-12,7,308,308,2,2.0000000000000004
storage_investment_allocated_CNY,9,20060.311940554991,20060.311940554991,20060.311940554995,20060.311940554995,3.637978807091713e-12,0,2.227142019756711e-12,2.227142019756711e-12,0,0,0,2.227142019756711e-12,7,187,187,1.9999999999999998,2
storage_investment_allocated_CNY,10,119091.63841654564,119091.63841654564,90271.4037325065,90271.4037325065,-28820.23468403914,0,-28820.234684039151,-28820.234684039151,0,-0,0,-28820.234684039151,7,50,261,11.873358576820896,9.0000000000008988
storage_investment_allocated_CNY,11,201706.56165790843,201706.56165790843,150452.33955416249,150452.33955416249,-51254.222103745939,0,-51254.222103745946,-51254.222103745946,0,-0,0,-51254.222103745946,7,45,108,20.110012471952412,15.000000000000002
storage_investment_allocated_CNY,12,10030.155970277496,10030.155970277496,10030.155970277499,10030.155970277499,3.637978807091713e-12,0,3.3407130296350665e-12,3.3407130296350665e-12,0,0,0,3.3407130296350665e-12,7,332,332,0.99999999999999989,1.0000000000000002
storage_investment_allocated_CNY,13,10030.155970277496,10030.155970277496,10030.155970277498,10030.155970277498,1.8189894035458565e-12,0,1.1135710098783555e-12,1.1135710098783555e-12,0,0,0,1.1135710098783555e-12,7,140,140,0.99999999999999989,1
storage_investment_allocated_CNY,14,120361.8716433348,120361.8716433348,120361.87164333479,120361.87164333479,-1.4551915228366852e-11,0,-1.7817136158053688e-11,-1.7817136158053688e-11,0,-0,0,-1.7817136158053688e-11,7,352,55,12.000000000000481,12.00000000000048
storage_investment_allocated_CNY,15,160482.49552443996,160482.49552443996,160482.49552443996,160482.49552443996,0,0,0,0,0,0,0,0,7,229,88,16,16
storage_investment_allocated_CNY,16,220663.2405715354,220663.2405715354,220663.43118043858,220663.43118043858,0.1906089031836018,0,0.1906089031823002,0.1906089031823002,0,0,0,0.1906089031823002,7,316,361,21.999980979900002,21.999999983483171
storage_investment_allocated_CNY,17,10030.155970277498,10030.155970277498,10030.155970277498,10030.155970277498,0,0,0,0,0,0,0,0,7,13,13,1,1
storage_investment_allocated_CNY,18,30090.467910835498,30090.467910835498,30090.467910835498,30090.467910835498,0,0,0,0,0,0,0,0,7,43,344,3.0000000000002998,3.0000000000002998
storage_investment_allocated_CNY,19,20060.311940554995,20060.311940554995,20060.311940554995,20060.311940554995,0,0,0,0,0,0,0,0,7,31,31,2,2
storage_investment_allocated_CNY,20,200603.11940554995,200603.11940554995,200603.11940554992,200603.11940554992,-2.9103830456733704e-11,0,-3.5634272316107376e-11,-3.5634272316107376e-11,0,-0,0,-3.5634272316107376e-11,7,290,295,20,19.999999999999996
storage_investment_allocated_CNY,21,120361.8716433348,120361.8716433348,120361.87164333482,120361.87164333482,1.4551915228366852e-11,0,1.7817136158053688e-11,1.7817136158053688e-11,0,0,0,1.7817136158053688e-11,7,47,329,12.000000000000481,12.000000000000483
storage_investment_allocated_CNY,22,60180.682932495962,60180.682932495962,30090.467910835498,30090.467910835498,-30090.215021660464,0,-30090.215021660464,-30090.215021660464,0,-0,0,-30090.215021660464,7,12,12,5.9999747871149989,3.0000000000002998
storage_investment_allocated_CNY,23,30090.467910835494,30090.467910835494,30090.467910835505,30090.467910835505,1.0913936421275139e-11,0,8.908568079026844e-12,8.908568079026844e-12,0,0,0,8.908568079026844e-12,7,125,125,3.0000000000002993,3.0000000000003002
storage_investment_allocated_CNY,24,60180.935821652944,60180.935821652944,60180.935821652944,60180.935821652944,0,0,0,0,0,0,0,0,7,94,94,5.9999999999987992,5.9999999999987992
storage_investment_allocated_CNY,25,10030.155970277498,10030.155970277498,10030.155970277498,10030.155970277498,0,0,0,0,0,0,0,0,7,91,91,1,1
storage_investment_allocated_CNY,26,298625.28256220807,298625.28256220807,269255.5138386357,269255.5138386357,-29369.768723572372,0,-29369.76872357239,-29369.76872357239,0,-0,0,-29369.76872357239,7,355,330,29.772745652921905,26.844598891236021
storage_investment_allocated_CNY,27,10030.155970277498,10030.155970277498,10030.155970277498,10030.155970277498,0,0,0,0,0,0,0,0,7,343,343,1,1
storage_investment_allocated_CNY,28,80241.247762219966,80241.247762219966,80241.24776221998,80241.24776221998,1.4551915228366852e-11,0,8.908568079026844e-12,8.908568079026844e-12,0,0,0,8.908568079026844e-12,7,75,75,7.9999999999999991,8
storage_investment_allocated_CNY,29,20060.311940554995,20060.311940554995,20060.311940554991,20060.311940554991,-3.637978807091713e-12,0,-2.227142019756711e-12,-2.227142019756711e-12,0,-0,0,-2.227142019756711e-12,7,48,48,2,1.9999999999999998
storage_investment_allocated_CNY,30,10030.155970277498,10030.155970277498,10030.155970277496,10030.155970277496,-1.8189894035458565e-12,0,-1.1135710098783555e-12,-1.1135710098783555e-12,0,-0,0,-1.1135710098783555e-12,7,70,70,1,0.99999999999999989
storage_investment_allocated_CNY,31,10030.155970277498,10030.155970277498,10030.155970277499,10030.155970277499,1.8189894035458565e-12,0,2.227142019756711e-12,2.227142019756711e-12,0,0,0,2.227142019756711e-12,7,123,123,1,1.0000000000000002
storage_investment_allocated_CNY,32,10030.155970277498,10030.155970277498,10030.155970277498,10030.155970277498,0,0,0,0,0,0,0,0,7,348,348,1,1
storage_investment_allocated_CNY,33,40120.62388110999,40120.62388110999,40120.62388110999,40120.62388110999,0,0,0,0,0,0,0,0,7,177,105,4,4
storage_investment_allocated_CNY,34,10030.155970277498,10030.155970277498,10030.155970277498,10030.155970277498,0,0,0,0,0,0,0,0,7,74,74,1,1
storage_investment_allocated_CNY,35,20060.311940554991,20060.311940554991,20060.311940554995,20060.311940554995,3.637978807091713e-12,0,2.227142019756711e-12,2.227142019756711e-12,0,0,0,2.227142019756711e-12,7,73,73,1.9999999999999998,2
storage_investment_allocated_CNY,36,220663.43058996179,220663.43058996179,243914.68341130618,243914.68341130618,23251.252821344387,0,23251.252821344369,23251.252821344369,0,0,0,23251.252821344369,7,363,82,21.999999924613022,24.318134646570002
storage_investment_allocated_CNY,37,40120.62388110999,40120.62388110999,40120.62388110999,40120.62388110999,0,0,0,0,0,0,0,0,7,179,239,4,4
storage_investment_allocated_CNY,38,20060.311940554995,20060.311940554995,20060.311940554995,20060.311940554995,0,0,0,0,0,0,0,0,7,93,93,2,2
storage_investment_allocated_CNY,39,200603.11940554995,200603.11940554995,200603.00321808594,200603.00321808594,-0.11618746400927193,0,-0.11618746400603795,-0.11618746400603795,0,-0,0,-0.11618746400603795,7,222,222,20,19.999988416185715
storage_investment_allocated_CNY,40,10030.155970277498,10030.155970277498,10030.155970277496,10030.155970277496,-1.8189894035458565e-12,0,-2.227142019756711e-12,-2.227142019756711e-12,0,-0,0,-2.227142019756711e-12,7,291,291,1,0.99999999999999978
storage_investment_allocated_CNY,41,10030.155970277498,10030.155970277498,10030.155970277498,10030.155970277498,0,0,0,0,0,0,0,0,7,186,186,1,1
storage_investment_allocated_CNY,42,10030.155970277498,10030.155970277498,10030.155970277496,10030.155970277496,-1.8189894035458565e-12,0,-1.1135710098783555e-12,-1.1135710098783555e-12,0,-0,0,-1.1135710098783555e-12,7,122,122,1,0.99999999999999989
storage_investment_allocated_CNY,43,203049.75134599709,203049.75134599709,210633.28756866077,210633.28756866077,7583.5362226636789,0,7583.5362226636817,7583.5362226636817,0,0,0,7583.5362226636817,7,164,176,20.243927606679026,21.00000121561752
storage_investment_allocated_CNY,44,140422.18358388776,140422.18358388776,140422.08082784578,140422.08082784578,-0.10275604197522625,0,-0.10275604197975938,-0.10275604197975938,0,-0,0,-0.10275604197975938,7,79,4,14.000000000000279,13.999989755289999
storage_investment_allocated_CNY,45,10030.155970277498,10030.155970277498,10030.155970277498,10030.155970277498,0,0,0,0,0,0,0,0,7,152,152,1,1
storage_investment_allocated_CNY,46,10030.155970277498,10030.155970277498,10030.155970277498,10030.155970277498,0,0,0,0,0,0,0,0,7,69,69,1,1
storage_investment_allocated_CNY,47,40120.62388110999,40120.62388110999,40120.62388110999,40120.62388110999,0,0,0,0,0,0,0,0,7,189,189,4,4
storage_fixed_om_CNY,0,39561.643835615243,39561.643835615243,39561.64383561525,39561.64383561525,7.2759576141834259e-12,0,7.3974312216120017e-12,7.3974312216120017e-12,0,0,0,7.3974312216120017e-12,7,211,130,18.999999999999428,18.999999999999432
storage_fixed_om_CNY,1,10410.95890410959,10410.95890410959,10410.958904109586,10410.958904109586,-3.637978807091713e-12,0,-1.8493578054030004e-12,-1.8493578054030004e-12,0,-0,0,-1.8493578054030004e-12,7,354,103,5,4.9999999999999991
storage_fixed_om_CNY,2,27068.493150683851,27068.493150683851,39001.585063563085,39001.585063563085,11933.091912879234,0,11933.091912879236,11933.091912879236,0,0,0,11933.091912879236,7,109,134,12.999999999999481,18.731024405527009
storage_fixed_om_CNY,3,27068.493150683855,27068.493150683855,27068.493150683847,27068.493150683847,-7.2759576141834259e-12,0,-7.3974312216120017e-12,-7.3974312216120017e-12,0,-0,0,-7.3974312216120017e-12,7,112,112,12.999999999999483,12.99999999999948
storage_fixed_om_CNY,4,2082.1917808219173,2082.1917808219173,2082.1917808219177,2082.1917808219177,4.5474735088646412e-13,0,2.3116972567537505e-13,2.3116972567537505e-13,0,0,0,2.3116972567537505e-13,7,92,92,0.99999999999999989,1
storage_fixed_om_CNY,5,4164.3835616438346,4164.3835616438346,4164.3835616438355,4164.3835616438355,9.0949470177292824e-13,0,9.2467890270150021e-13,9.2467890270150021e-13,0,0,0,9.2467890270150021e-13,7,121,121,1.9999999999999996,2
storage_fixed_om_CNY,6,20821.917808219179,20821.917808219179,10410.95890410959,10410.95890410959,-10410.95890410959,0,-10410.95890410959,-10410.95890410959,0,-0,0,-10410.95890410959,7,190,178,10,5
storage_fixed_om_CNY,7,37479.452054791516,37479.452054791516,58522.629154598348,58522.629154598348,21043.177099806831,0,21043.177099806835,21043.177099806835,0,0,0,21043.177099806835,7,281,5,17.999999999998558,28.106262686089998
storage_fixed_om_CNY,8,4164.3835616438355,4164.3835616438355,4164.3835616438364,4164.3835616438364,9.0949470177292824e-13,0,9.2467890270150021e-13,9.2467890270150021e-13,0,0,0,9.2467890270150021e-13,7,308,308,2,2.0000000000000004
storage_fixed_om_CNY,9,4164.3835616438346,4164.3835616438346,4164.3835616438355,4164.3835616438355,9.0949470177292824e-13,0,4.6233945135075011e-13,4.6233945135075011e-13,0,0,0,4.6233945135075011e-13,7,187,187,1.9999999999999998,2
storage_fixed_om_CNY,10,24722.609639407892,24722.609639407892,18739.726027399131,18739.726027399131,-5982.8836120087617,0,-5982.8836120087617,-5982.8836120087617,0,-0,0,-5982.8836120087617,7,50,261,11.873358576820896,9.0000000000008988
storage_fixed_om_CNY,11,41872.90268132557,41872.90268132557,31232.876712328769,31232.876712328769,-10640.025968996801,0,-10640.025968996801,-10640.025968996801,0,-0,0,-10640.025968996801,7,45,108,20.110012471952412,15.000000000000002
storage_fixed_om_CNY,12,2082.1917808219173,2082.1917808219173,2082.1917808219182,2082.1917808219182,9.0949470177292824e-13,0,6.9350917702612516e-13,6.9350917702612516e-13,0,0,0,6.9350917702612516e-13,7,332,332,0.99999999999999989,1.0000000000000002
storage_fixed_om_CNY,13,2082.1917808219173,2082.1917808219173,2082.1917808219177,2082.1917808219177,4.5474735088646412e-13,0,2.3116972567537505e-13,2.3116972567537505e-13,0,0,0,2.3116972567537505e-13,7,140,140,0.99999999999999989,1
storage_fixed_om_CNY,14,24986.301369864017,24986.301369864017,24986.301369864013,24986.301369864013,-3.637978807091713e-12,0,-3.6987156108060009e-12,-3.6987156108060009e-12,0,-0,0,-3.6987156108060009e-12,7,352,55,12.000000000000481,12.00000000000048
storage_fixed_om_CNY,15,33315.068493150684,33315.068493150684,33315.068493150684,33315.068493150684,0,0,0,0,0,0,0,0,7,229,88,16,16
storage_fixed_om_CNY,16,45808.179574586306,45808.179574586306,45808.219143690985,45808.219143690985,0.039569104679685552,0,0.039569104681298969,0.039569104681298969,0,0,0,0.039569104681298969,7,316,361,21.999980979900002,21.999999983483171
storage_fixed_om_CNY,17,2082.1917808219177,2082.1917808219177,2082.1917808219177,2082.1917808219177,0,0,0,0,0,0,0,0,7,13,13,1,1
storage_fixed_om_CNY,18,6246.5753424663772,6246.5753424663772,6246.5753424663772,6246.5753424663772,0,0,0,0,0,0,0,0,7,43,344,3.0000000000002998,3.0000000000002998
storage_fixed_om_CNY,19,4164.3835616438355,4164.3835616438355,4164.3835616438355,4164.3835616438355,0,0,0,0,0,0,0,0,7,31,31,2,2
storage_fixed_om_CNY,20,41643.835616438359,41643.835616438359,41643.835616438344,41643.835616438344,-1.4551915228366852e-11,0,-7.3974312216120017e-12,-7.3974312216120017e-12,0,-0,0,-7.3974312216120017e-12,7,290,295,20,19.999999999999996
storage_fixed_om_CNY,21,24986.301369864017,24986.301369864017,24986.301369864021,24986.301369864021,3.637978807091713e-12,0,3.6987156108060009e-12,3.6987156108060009e-12,0,0,0,3.6987156108060009e-12,7,47,329,12.000000000000481,12.000000000000483
storage_fixed_om_CNY,22,12493.098186869587,12493.098186869587,6246.5753424663772,6246.5753424663772,-6246.52284440321,0,-6246.5228444032091,-6246.5228444032091,0,-0,0,-6246.5228444032091,7,12,12,5.9999747871149989,3.0000000000002998
storage_fixed_om_CNY,23,6246.5753424663762,6246.5753424663762,6246.5753424663781,6246.5753424663781,1.8189894035458565e-12,0,1.8493578054030004e-12,1.8493578054030004e-12,0,0,0,1.8493578054030004e-12,7,125,125,3.0000000000002993,3.0000000000003002
storage_fixed_om_CNY,24,12493.150684929005,12493.150684929005,12493.150684929005,12493.150684929005,0,0,0,0,0,0,0,0,7,94,94,5.9999999999987992,5.9999999999987992
storage_fixed_om_CNY,25,2082.1917808219177,2082.1917808219177,2082.1917808219177,2082.1917808219177,0,0,0,0,0,0,0,0,7,91,91,1,1
storage_fixed_om_CNY,26,61992.566291015472,61992.566291015472,55895.603170792812,55895.603170792812,-6096.9631202226592,0,-6096.9631202226628,-6096.9631202226628,0,-0,0,-6096.9631202226628,7,355,330,29.772745652921905,26.844598891236021
storage_fixed_om_CNY,27,2082.1917808219177,2082.1917808219177,2082.1917808219177,2082.1917808219177,0,0,0,0,0,0,0,0,7,343,343,1,1
storage_fixed_om_CNY,28,16657.534246575338,16657.534246575338,16657.534246575342,16657.534246575342,3.637978807091713e-12,0,1.8493578054030004e-12,1.8493578054030004e-12,0,0,0,1.8493578054030004e-12,7,75,75,7.9999999999999991,8
storage_fixed_om_CNY,29,4164.3835616438355,4164.3835616438355,4164.3835616438346,4164.3835616438346,-9.0949470177292824e-13,0,-4.6233945135075011e-13,-4.6233945135075011e-13,0,-0,0,-4.6233945135075011e-13,7,48,48,2,1.9999999999999998
storage_fixed_om_CNY,30,2082.1917808219177,2082.1917808219177,2082.1917808219173,2082.1917808219173,-4.5474735088646412e-13,0,-2.3116972567537505e-13,-2.3116972567537505e-13,0,-0,0,-2.3116972567537505e-13,7,70,70,1,0.99999999999999989
storage_fixed_om_CNY,31,2082.1917808219177,2082.1917808219177,2082.1917808219182,2082.1917808219182,4.5474735088646412e-13,0,4.6233945135075011e-13,4.6233945135075011e-13,0,0,0,4.6233945135075011e-13,7,123,123,1,1.0000000000000002
storage_fixed_om_CNY,32,2082.1917808219177,2082.1917808219177,2082.1917808219177,2082.1917808219177,0,0,0,0,0,0,0,0,7,348,348,1,1
storage_fixed_om_CNY,33,8328.767123287671,8328.767123287671,8328.767123287671,8328.767123287671,0,0,0,0,0,0,0,0,7,177,105,4,4
storage_fixed_om_CNY,34,2082.1917808219177,2082.1917808219177,2082.1917808219177,2082.1917808219177,0,0,0,0,0,0,0,0,7,74,74,1,1
storage_fixed_om_CNY,35,4164.3835616438346,4164.3835616438346,4164.3835616438355,4164.3835616438355,9.0949470177292824e-13,0,4.6233945135075011e-13,4.6233945135075011e-13,0,0,0,4.6233945135075011e-13,7,73,73,1.9999999999999998,2
storage_fixed_om_CNY,36,45808.219021112047,45808.219021112047,50635.020086008772,50635.020086008772,4826.8010648967247,0,4826.8010648967256,4826.8010648967256,0,0,0,4826.8010648967256,7,363,82,21.999999924613022,24.318134646570002
storage_fixed_om_CNY,37,8328.767123287671,8328.767123287671,8328.767123287671,8328.767123287671,0,0,0,0,0,0,0,0,7,179,239,4,4
storage_fixed_om_CNY,38,4164.3835616438355,4164.3835616438355,4164.3835616438355,4164.3835616438355,0,0,0,0,0,0,0,0,7,93,93,2,2
storage_fixed_om_CNY,39,41643.835616438359,41643.835616438359,41643.811496715462,41643.811496715462,-0.024119722897012252,0,-0.024119722894121804,-0.024119722894121804,0,-0,0,-0.024119722894121804,7,222,222,20,19.999988416185715
storage_fixed_om_CNY,40,2082.1917808219177,2082.1917808219177,2082.1917808219173,2082.1917808219173,-4.5474735088646412e-13,0,-4.6233945135075011e-13,-4.6233945135075011e-13,0,-0,0,-4.6233945135075011e-13,7,291,291,1,0.99999999999999978
storage_fixed_om_CNY,41,2082.1917808219177,2082.1917808219177,2082.1917808219177,2082.1917808219177,0,0,0,0,0,0,0,0,7,186,186,1,1
storage_fixed_om_CNY,42,2082.1917808219177,2082.1917808219177,2082.1917808219173,2082.1917808219173,-4.5474735088646412e-13,0,-2.3116972567537505e-13,-2.3116972567537505e-13,0,-0,0,-2.3116972567537505e-13,7,122,122,1,0.99999999999999989
storage_fixed_om_CNY,43,42151.739674180986,42151.739674180986,43726.02992840908,43726.02992840908,1574.2902542280935,0,1574.2902542280954,1574.2902542280954,0,0,0,1574.2902542280954,7,164,176,20.243927606679026,21.00000121561752
storage_fixed_om_CNY,44,29150.684931507429,29150.684931507429,29150.663600055886,29150.663600055886,-0.021331451542209834,0,-0.021331451542136639,-0.021331451542136639,0,-0,0,-0.021331451542136639,7,79,4,14.000000000000279,13.999989755289999
storage_fixed_om_CNY,45,2082.1917808219177,2082.1917808219177,2082.1917808219177,2082.1917808219177,0,0,0,0,0,0,0,0,7,152,152,1,1
storage_fixed_om_CNY,46,2082.1917808219177,2082.1917808219177,2082.1917808219177,2082.1917808219177,0,0,0,0,0,0,0,0,7,69,69,1,1
storage_fixed_om_CNY,47,8328.767123287671,8328.767123287671,8328.767123287671,8328.767123287671,0,0,0,0,0,0,0,0,7,189,189,4,4
renewable_available_MWh,0,4555.3799999990888,5939.5199999988126,4555.3799999990888,5939.5199999988126,1384.1399999997238,1384.1399999997236,0,0,1384.1399999997236,0,1384.1399999997236,0,2026,331,26,5.9999999999988001,5.9999999999988001
renewable_available_MWh,1,7799.8799999997664,6657.9799999998013,7799.8800044714253,6657.9800038168105,-1141.8999961829559,-1141.8999999999653,3.8170093783662655e-06,4.4716588379856147e-06,-1141.9000006546146,-6.5464945961934932e-07,-1141.9000003272899,4.1443341081759397e-06,2026,337,87,18.999999999999432,19.000000010892101
renewable_available_MWh,2,7809.2700000023406,7407.4700000022212,7809.2700000023415,7407.4700000022222,-401.80000000011842,-401.8000000001195,9.3987928551086955e-13,9.9086072680165662e-13,-401.80000000011955,-5.0981441290787067e-14,-401.8000000001195,9.6537000615626299e-13,2026,127,97,7.0000000000020988,7.0000000000020997
renewable_available_MWh,3,5182.8060335932469,6325.1479219124931,4912.1456396223693,5994.8312908496082,812.02525725636133,1142.3418883192455,-330.31663106288443,-270.66039397087746,1082.6856512272386,-59.65623709200699,1112.5137697732421,-300.48851251688097,2026,347,140,4.2204229811920282,4.0000208786612452
renewable_available_MWh,4,4844.8799999999992,4844.8799999999992,4844.8800000000001,4844.8800000000001,9.0949470177292824e-13,0,5.3788973275459285e-13,5.3788973275459285e-13,0,0,0,5.3788973275459285e-13,2026,344,344,3.9999999999999996,4
renewable_available_MWh,5,5510.8200000005509,5510.8200000005509,5510.8200000005509,5510.8200000005509,0,0,0,0,0,0,0,0,2026,326,326,3.0000000000002998,3.0000000000002998
renewable_available_MWh,6,1734.3,1734.3,1734.3000000000006,1734.3000000000006,6.8212102632969618e-13,0,5.7763793748222276e-13,5.7763793748222276e-13,0,0,0,5.7763793748222276e-13,2026,332,332,0.99999999999999989,1.0000000000000002
renewable_available_MWh,7,1421.5500000001423,1421.5500000001423,1421.5500000001423,1421.5500000001423,0,0,0,0,0,0,0,0,2026,167,167,3.0000000000003002,3.0000000000003002
renewable_available_MWh,8,2303.8199999999993,2303.8199999999993,2303.8199999999997,2303.8199999999997,4.5474735088646412e-13,0,2.5577540085919278e-13,2.5577540085919278e-13,0,0,0,2.5577540085919278e-13,2026,152,152,1.9999999999999998,2
renewable_available_MWh,9,3299.3100000003305,3299.3100000003305,3299.3100000003301,3299.3100000003301,-4.5474735088646412e-13,0,-4.8839599031680336e-13,-4.8839599031680336e-13,0,-0,0,-4.8839599031680336e-13,2026,31,31,3.0000000000003006,3.0000000000003002
renewable_available_MWh,10,11601.149999999421,10742.699999999462,13458.688616678981,12462.786379143212,861.63637914379069,-858.44999999995912,1720.0863791437491,1857.5386166795599,-995.90223753576993,-137.45223753581084,-927.17611876786452,1788.8124979116544,2026,303,24,14.99999999999925,17.401751485859997
renewable_available_MWh,11,2144.2799999999993,2318.0399999999995,2144.2800000000002,2318.0400000000004,173.76000000000113,173.76000000000019,7.7206241400062935e-13,7.1418870817296912e-13,173.76000000000025,5.7873705827660233e-14,173.76000000000022,7.4312556108679923e-13,2026,333,75,3.9999999999999996,4.0000000000000009
renewable_available_MWh,12,2431.23,2431.23,2431.2299999999996,2431.2299999999996,-4.5474735088646412e-13,0,-2.6992075241594194e-13,-2.6992075241594194e-13,0,-0,0,-2.6992075241594194e-13,2026,13,13,1,0.99999999999999989
renewable_available_MWh,13,6703.1200000000008,5454.6399999999994,6703.1200000000008,5454.6399999999994,-1248.4800000000014,-1248.4800000000014,0,0,-1248.4800000000014,-0,-1248.4800000000014,0,2026,166,352,8,8
renewable_available_MWh,14,12823.240603499882,12823.240603499882,8084.7599999999993,8084.7599999999993,-4738.4806034998828,0,-4738.4806034998837,-4738.4806034998837,0,-0,0,-4738.4806034998837,2026,106,106,6.3444013692428136,3.9999999999999996
renewable_available_MWh,15,32760.909661402493,35076.504437609532,20680.888885830263,22142.647999551304,-10618.261661851189,2315.5947762070414,-12933.856438058228,-12080.020775572229,1461.7591137210416,-853.83566248599971,1888.6769449640415,-12506.938606815229,2026,206,176,30.103936248141522,19.003628623518519
renewable_available_MWh,16,3018.5297635137063,6444.930036515907,3018.599999999758,6445.0799999994833,3426.5502364857771,3426.4002730022012,0.14996348357621814,0.070236486051867775,3426.4799999997258,0.079726997524350349,3426.4401365009635,0.11009998481404296,2026,4,205,17.999581177780001,17.999999999998558
renewable_available_MWh,17,3089.3499999999995,2883.0499999999997,3089.3499999999995,2883.0499999999997,-206.29999999999973,-206.29999999999993,0,0,-206.29999999999993,-0,-206.29999999999993,0,2026,254,25,4.9999999999999991,4.9999999999999991
renewable_available_MWh,18,10576.48,11424.800000000001,10576.48,11424.800000000001,848.32000000000153,848.32000000000153,0,0,848.32000000000153,0,848.32000000000153,0,2026,181,211,16,16
renewable_available_MWh,19,9453.0600000009435,11602.530000001159,10440.813405539293,12814.882245767172,3361.8222457662287,2149.4700000002163,1212.3522457660133,987.75340553834963,2374.0688402278797,224.59884022766363,2261.769420114048,1100.0528256521814,2026,49,99,9.0000000000008988,9.9404130143946663
renewable_available_MWh,20,2429.5799999999999,2429.5799999999999,2429.5800000000004,2429.5800000000004,4.5474735088646412e-13,0,5.3947513123375755e-13,5.3947513123375755e-13,0,0,0,5.3947513123375755e-13,2026,42,42,2,2.0000000000000004
renewable_available_MWh,21,1415.4899999999996,1415.4899999999996,1415.4899999999996,1415.4899999999996,0,0,0,0,0,0,0,0,2026,74,74,0.99999999999999989,0.99999999999999989
renewable_available_MWh,22,3383.8399999999997,3383.8399999999997,3383.8400000000001,3383.8400000000001,4.5474735088646412e-13,0,3.7568170796475899e-13,3.7568170796475899e-13,0,0,0,3.7568170796475899e-13,2026,73,73,1.9999999999999998,2
renewable_available_MWh,23,3937.1399999992118,3364.1399999993264,3937.1399999992132,3364.1399999993278,-572.99999999988404,-572.99999999988529,9.9598551628332653e-13,1.1656275944460504e-12,-572.9999999998854,-1.6964207816272392e-13,-572.9999999998854,1.0808065553646885e-12,2026,255,313,5.9999999999987983,5.9999999999988001
renewable_available_MWh,24,13798.159999998479,13639.229999998497,13798.159999998479,13639.229999998497,-158.9299999999821,-158.92999999998176,0,0,-158.92999999998176,-0,-158.92999999998176,0,2026,280,256,22.999999999997467,22.999999999997467
renewable_available_MWh,25,1813.2600000000002,1813.2600000000002,1813.2599999999998,1813.2599999999998,-4.5474735088646412e-13,0,-4.0262460032636232e-13,-4.0262460032636232e-13,0,-0,0,-4.0262460032636232e-13,2026,92,92,1,0.99999999999999978
renewable_available_MWh,26,12596.300000000003,10629.500000000002,12596.300000000001,10629.5,-1966.8000000000029,-1966.8000000000011,-1.8881785024404963e-12,-2.2375523656137377e-12,-1966.8000000000006,3.4937386317324137e-13,-1966.8000000000009,-2.0628654340271168e-12,2026,207,96,10.000000000000002,10
renewable_available_MWh,27,2292.0299999999997,2292.0299999999997,2292.0299999999997,2292.0299999999997,0,0,0,0,0,0,0,0,2026,186,186,1,1
renewable_available_MWh,28,13171.900000000265,14040.040000000281,13171.900000000263,14040.040000000279,868.14000000001397,868.14000000001715,-1.7814372199609354e-12,-1.6712853323497259e-12,868.14000000001704,-1.1015188761120952e-13,868.14000000001715,-1.7263612761553306e-12,2026,304,292,14.000000000000279,14.000000000000277
renewable_available_MWh,29,4306.920000000001,4259.7600000000011,4306.9200000000001,4259.7600000000002,-47.160000000000764,-47.159999999999862,-9.4585672627545141e-13,-9.5632834984371586e-13,-47.159999999999854,1.0471623568264444e-14,-47.159999999999854,-9.5109253805958364e-13,2026,315,354,4.0000000000000009,4
renewable_available_MWh,30,3835.4700000003827,3835.4700000003827,3835.4700000003841,3835.4700000003841,1.3642420526593924e-12,0,1.1355272278024131e-12,1.1355272278024131e-12,0,0,0,1.1355272278024131e-12,2026,125,125,3.0000000000002993,3.0000000000003002
renewable_available_MWh,31,5821.659999999767,8162.6999999996742,5821.659999999767,8162.6999999996742,2341.0399999999072,2341.0399999999072,0,0,2341.0399999999072,0,2341.0399999999072,0,2026,86,95,12.999999999999481,12.999999999999481
renewable_available_MWh,32,2274.4200000000001,2274.4200000000001,2274.4200000000001,2274.4200000000001,0,0,0,0,0,0,0,0,2026,122,122,1,1
renewable_available_MWh,33,20865.599999997707,19557.589999997846,22366.280656856306,20964.196903598568,98.596903600860969,-1308.0099999998588,1406.6069036007191,1500.6806568585991,-1402.0837532577389,-94.073753257879972,-1355.0468766287988,1453.6437802296591,2026,63,288,22.99999999999747,24.65418943657
renewable_available_MWh,34,4410.96,4050.7200000000003,4410.9599999999991,4050.7199999999998,-360.24000000000024,-360.23999999999978,-4.4972026103096144e-13,-4.8971493527005805e-13,-360.23999999999972,3.9994674239096615e-14,-360.23999999999978,-4.6971759815050975e-13,2026,179,239,4,3.9999999999999996
renewable_available_MWh,35,3933.9199999999996,3933.9199999999996,3933.9200000000001,3933.9200000000001,4.5474735088646412e-13,0,4.3675285610333959e-13,4.3675285610333959e-13,0,0,0,4.3675285610333959e-13,2026,93,93,3.9999999999999996,4
renewable_available_MWh,36,8913.2999999982167,8913.2999999982167,8913.2999999982167,8913.2999999982167,0,0,-1.319433451385521e-12,-1.319433451385521e-12,0,-0,0,-1.319433451385521e-12,2026,105,105,5.9999999999988001,5.9999999999987992
renewable_available_MWh,37,2118.9299999999998,2118.9299999999998,2118.9299999999998,2118.9299999999998,0,0,0,0,0,0,0,0,2026,91,91,1,1
renewable_available_MWh,38,5649.5999999999995,6176.5999999999995,5649.6000000000004,6176.6000000000004,527.00000000000091,527.00000000000034,1.0971845654239588e-12,1.0035705599875656e-12,527.00000000000045,9.361400543639328e-14,527.00000000000034,1.0503775627057622e-12,2026,275,263,19.999999999999996,20
renewable_available_MWh,39,7248.2399999999998,5921.2399999999998,7248.2399999999998,5921.2399999999998,-1327,-1327,0,0,-1327,-0,-1327,0,2026,192,23,4,4
renewable_available_MWh,40,5206.4325316028726,5989.8821751475025,9574.6699999997145,11015.439999999669,5809.0074683967969,783.44964354463059,5025.557824852167,4368.237468396841,1440.7699999999566,657.32035645532596,1112.1098217722936,4696.897646624504,2026,357,271,10.331658229521704,18.999999999999432
renewable_available_MWh,41,4483.8900000004487,5026.7700000005025,4483.8900000004487,5026.7700000005025,542.88000000005377,542.88000000005422,0,0,542.88000000005422,0,542.88000000005422,0,2026,169,202,9.0000000000009006,9.0000000000009006
renewable_available_MWh,42,2717.4400000000001,2717.4400000000001,2717.4388297140831,2717.4388297140831,-0.0011702859169417934,0,-0.0011702859170870284,-0.0011702859170870284,0,-0,0,-0.0011702859170870284,2026,21,21,8,7.9999965547399992
renewable_available_MWh,43,1712.1399999999996,1712.1399999999996,1712.1399999999999,1712.1399999999999,2.2737367544323206e-13,0,1.9008572493817154e-13,1.9008572493817154e-13,0,0,0,1.9008572493817154e-13,2026,308,308,1.9999999999999998,2
renewable_available_MWh,44,13448.579999999594,15487.469999999534,13448.579999999594,15487.469999999534,2038.8899999999394,2038.8899999999398,0,0,2038.8899999999398,0,2038.8899999999398,0,2026,283,224,18.999999999999428,18.999999999999428
renewable_available_MWh,45,2807.1299945051023,2807.1299945051023,2807.1299956659354,2807.1299956659354,1.1608331078605261e-06,0,1.1608331624923807e-06,1.1608331624923807e-06,0,0,0,1.1608331624923807e-06,2026,364,364,2.9999999941275632,2.999999995368154
renewable_available_MWh,46,1187.1900000000001,1187.1900000000001,1187.1900000000001,1187.1900000000001,0,0,0,0,0,0,0,0,2026,123,123,1,1
renewable_available_MWh,47,6568.7000000000016,6263.6500000000015,6568.6999999999998,6263.6499999999996,-305.050000000002,-305.05000000000001,-1.1126477517109379e-12,-1.1668355170968425e-12,-305.04999999999995,5.4187765385904632e-14,-305.05000000000001,-1.1397416344038903e-12,2026,124,133,5.0000000000000009,5
renewable_used_MWh,0,3387.3318851243566,4556.1444749990524,3387.3318851243566,4556.1444749990524,1168.8125898746957,1168.8125898746953,0,0,1168.8125898746953,0,1168.8125898746953,0,2026,331,26,5.9999999999988001,5.9999999999988001
renewable_used_MWh,1,7799.8799999997664,6657.9799999998013,7799.8800044714253,6657.9800038168105,-1141.8999961829559,-1141.8999999999653,3.8170093783662655e-06,4.4716588379856147e-06,-1141.9000006546146,-6.5464945961934932e-07,-1141.9000003272899,4.1443341081759397e-06,2026,337,87,18.999999999999432,19.000000010892101
renewable_used_MWh,2,5501.3337750014989,5001.5056000013437,5501.3337750014998,5001.5056000013446,-499.82817500015426,-499.82817500015494,6.3460419141845547e-13,6.9802370550318435e-13,-499.828175000155,-6.3419514084728882e-14,-499.828175000155,6.6631394846081991e-13,2026,127,97,7.0000000000020988,7.0000000000020997
renewable_used_MWh,3,5178.721108402503,6325.1479219124931,4908.2740404666547,5994.8312908496082,816.11018244710522,1146.4268135099894,-330.31663106288443,-270.44706793584891,1086.557250382954,-59.869563127035505,1116.4920319464716,-300.38184949936664,2026,347,140,4.2204229811920282,4.0000208786612452
renewable_used_MWh,4,4071.6537396121257,4071.6537396121257,4071.6537396121262,4071.6537396121262,4.5474735088646412e-13,0,4.5204437300185043e-13,4.5204437300185043e-13,0,0,0,4.5204437300185043e-13,2026,344,344,3.9999999999999996,4
renewable_used_MWh,5,3274.3622991692318,3274.3622991692318,3274.3622991692318,3274.3622991692318,0,0,0,0,0,0,0,0,2026,326,326,3.0000000000002998,3.0000000000002998
renewable_used_MWh,6,1460.1942105263029,1460.1942105263029,1460.1942105263033,1460.1942105263033,4.5474735088646412e-13,0,4.8634236988519642e-13,4.8634236988519642e-13,0,0,0,4.8634236988519642e-13,2026,332,332,0.99999999999999989,1.0000000000000002
renewable_used_MWh,7,1421.5500000001423,1421.5500000001423,1421.5500000001423,1421.5500000001423,0,0,0,0,0,0,0,0,2026,167,167,3.0000000000003002,3.0000000000003002
renewable_used_MWh,8,2303.8199999999993,2303.8199999999993,2303.8199999999997,2303.8199999999997,4.5474735088646412e-13,0,2.5577540085919278e-13,2.5577540085919278e-13,0,0,0,2.5577540085919278e-13,2026,152,152,1.9999999999999998,2
renewable_used_MWh,9,3236.1126315792717,3236.1126315792717,3236.1126315792712,3236.1126315792712,-4.5474735088646412e-13,0,-4.7904090051456719e-13,-4.7904090051456719e-13,0,-0,0,-4.7904090051456719e-13,2026,31,31,3.0000000000003006,3.0000000000003002
renewable_used_MWh,10,8375.6331024924239,7860.0831024923691,9716.712385754865,9118.6141871857653,742.98108469334147,-515.55000000005441,1258.5310846933958,1341.0792832624425,-598.0981985691011,-82.54819856904669,-556.82409928457776,1299.8051839779191,2026,303,24,14.99999999999925,17.401751485859997
renewable_used_MWh,11,2144.2799999999993,2318.0399999999995,2144.2800000000002,2318.0400000000004,173.76000000000113,173.76000000000019,7.7206241400062935e-13,7.1418870817296912e-13,173.76000000000025,5.7873705827660233e-14,173.76000000000022,7.4312556108679923e-13,2026,333,75,3.9999999999999996,4.0000000000000009
renewable_used_MWh,12,2077.0240997229685,2077.0240997229685,2077.024099722968,2077.024099722968,-4.5474735088646412e-13,0,-2.3059599782137768e-13,-2.3059599782137768e-13,0,-0,0,-2.3059599782137768e-13,2026,13,13,1,0.99999999999999989
renewable_used_MWh,13,6626.193684210526,5409.0117842105628,6626.193684210526,5409.0117842105628,-1217.1818999999632,-1217.1818999999632,0,0,-1217.1818999999632,-0,-1217.1818999999632,0,2026,166,352,8,8
renewable_used_MWh,14,6658.4118032946553,6658.4118032946553,4197.976398891873,4197.976398891873,-2460.4354044027823,0,-2460.4354044027818,-2460.4354044027818,0,-0,0,-2460.4354044027818,2026,106,106,6.3444013692428136,3.9999999999999996
renewable_used_MWh,15,23733.993009528975,24415.716371868413,14982.492162768844,15412.841785326089,-8321.1512242028857,681.723362339441,-9002.8745865423261,-8751.500846760131,430.34962255724554,-251.3737397821954,556.03649244834332,-8877.1877166512295,2026,206,176,30.103936248141522,19.003628623518519
renewable_used_MWh,16,3018.5297635137063,6444.930036515907,3018.599999999758,6445.0799999994833,3426.5502364857771,3426.4002730022012,0.14996348357621814,0.070236486051867775,3426.4799999997258,0.079726997524350349,3426.4401365009635,0.11009998481404296,2026,4,205,17.999581177780001,17.999999999998558
renewable_used_MWh,17,3089.3499999999995,2883.0499999999997,3089.3499999999995,2883.0499999999997,-206.29999999999973,-206.29999999999993,0,0,-206.29999999999993,-0,-206.29999999999993,0,2026,254,25,4.9999999999999991,4.9999999999999991
renewable_used_MWh,18,8925.7983999998432,10305.059999999859,8925.7983999998432,10305.059999999859,1379.2616000000162,1379.2616000000162,0,0,1379.2616000000162,0,1379.2616000000162,0,2026,181,211,16,16
renewable_used_MWh,19,6668.931919737387,6697.8368975073845,7365.7708496736559,7397.6961182520608,728.76419851467381,28.904977769997846,699.85922074467669,696.83892993626932,31.925268578405156,3.0202908084073106,30.415123174201501,698.34907534047295,2026,49,99,9.0000000000008988,9.9404130143946663
renewable_used_MWh,20,2429.5799999999999,2429.5799999999999,2429.5800000000004,2429.5800000000004,4.5474735088646412e-13,0,5.3947513123375755e-13,5.3947513123375755e-13,0,0,0,5.3947513123375755e-13,2026,42,42,2,2.0000000000000004
renewable_used_MWh,21,1263.6799999999923,1263.6799999999923,1263.6799999999923,1263.6799999999923,0,0,0,0,0,0,0,0,2026,74,74,0.99999999999999989,0.99999999999999989
renewable_used_MWh,22,2843.7684210525954,2843.7684210525954,2843.7684210525958,2843.7684210525958,4.5474735088646412e-13,0,3.1572171777545186e-13,3.1572171777545186e-13,0,0,0,3.1572171777545186e-13,2026,73,73,1.9999999999999998,2
renewable_used_MWh,23,3714.5742631570893,3364.1399999993264,3714.5742631570902,3364.1399999993278,-350.43426315776151,-350.4342631577627,9.9598551628332653e-13,1.0997348996367605e-12,-350.43426315776281,-1.0374938335343395e-13,-350.43426315776276,1.0478602079600435e-12,2026,255,313,5.9999999999987983,5.9999999999988001
renewable_used_MWh,24,12436.159799998459,12033.78054999849,12436.159799998459,12033.78054999849,-402.37924999996903,-402.37924999997028,0,0,-402.37924999997028,-0,-402.37924999997028,0,2026,280,256,22.999999999997467,22.999999999997467
renewable_used_MWh,25,1539.234974999983,1539.234974999983,1539.2349749999826,1539.2349749999826,-4.5474735088646412e-13,0,-3.4177882191066167e-13,-3.4177882191066167e-13,0,-0,0,-3.4177882191066167e-13,2026,92,92,1,0.99999999999999978
renewable_used_MWh,26,7895.0409972296848,6307.0707499997889,7895.0409972296839,6307.0707499997879,-1587.9702472298968,-1587.9702472298961,-1.120360826334339e-12,-1.4024410072774322e-12,-1587.9702472298959,2.8208018094309322e-13,-1587.9702472298959,-1.2614009168058856e-12,2026,207,96,10.000000000000002,10
renewable_used_MWh,27,1466.1862049861263,1466.1862049861263,1466.1862049861263,1466.1862049861263,0,0,0,0,0,0,0,0,2026,186,186,1,1
renewable_used_MWh,28,9827.7975623267739,9835.4804123268459,9827.7975623267721,9835.4804123268441,7.6828500000701752,7.6828500000714648,-1.2479516356588313e-12,-1.2469768154342804e-12,7.6828500000714639,-9.7482022455092071e-16,7.6828500000714639,-1.247464225546556e-12,2026,304,292,14.000000000000279,14.000000000000277
renewable_used_MWh,29,3556.8568421051923,3086.4635421052126,3556.8568421051914,3086.4635421052117,-470.39329999998063,-470.39329999997983,-6.8533257782226446e-13,-7.8978087228014169e-13,-470.39329999997972,1.0444829445787723e-13,-470.39329999997977,-7.3755672505120307e-13,2026,315,354,4.0000000000000009,4
renewable_used_MWh,30,3835.4700000003827,3835.4700000003827,3835.4700000003841,3835.4700000003841,1.3642420526593924e-12,0,1.1355272278024131e-12,1.1355272278024131e-12,0,0,0,1.1355272278024131e-12,2026,125,125,3.0000000000002993,3.0000000000003002
renewable_used_MWh,31,5728.2447368418761,7332.4165633045141,5728.2447368418761,7332.4165633045141,1604.1718264626379,1604.1718264626379,0,0,1604.1718264626379,0,1604.1718264626379,0,2026,86,95,12.999999999999481,12.999999999999481
renewable_used_MWh,32,1763.7801052631337,1763.7801052631337,1763.7801052631337,1763.7801052631337,0,0,0,0,0,0,0,0,2026,122,122,1,1
renewable_used_MWh,33,14097.093236748307,12478.547423820861,15110.974224513946,13376.020525223301,-721.07271152500653,-1618.5458129274466,897.47310140243894,1013.8809877656378,-1734.9536992906453,-116.40788636319888,-1676.7497561090461,955.6770445840383,2026,63,288,22.99999999999747,24.65418943657
renewable_used_MWh,34,2865.6163988918734,3122.5763988918734,2865.6163988918729,3122.5763988918729,256.95999999999958,256.96000000000004,-3.466756214200865e-13,-3.1814733057931847e-13,256.95999999999998,-2.8528290840768027e-14,256.96000000000004,-3.3241147599970249e-13,2026,179,239,4,3.9999999999999996
renewable_used_MWh,35,3933.9199999999996,3933.9199999999996,3933.9200000000001,3933.9200000000001,4.5474735088646412e-13,0,4.3675285610333959e-13,4.3675285610333959e-13,0,0,0,4.3675285610333959e-13,2026,93,93,3.9999999999999996,4
renewable_used_MWh,36,5815.5245983366476,5815.5245983366476,5815.5245983366467,5815.5245983366467,-9.0949470177292824e-13,0,-8.6087057457981373e-13,-8.6087057457981373e-13,0,-0,0,-8.6087057457981373e-13,2026,105,105,5.9999999999988001,5.9999999999987992
renewable_used_MWh,37,1587.7129374999906,1587.7129374999906,1587.7129374999906,1587.7129374999906,0,0,0,0,0,0,0,0,2026,91,91,1,1
renewable_used_MWh,38,5649.5999999999995,6176.5999999999995,5649.6000000000004,6176.6000000000004,527.00000000000091,527.00000000000034,1.0971845654239588e-12,1.0035705599875656e-12,527.00000000000045,9.361400543639328e-14,527.00000000000034,1.0503775627057622e-12,2026,275,263,19.999999999999996,20
renewable_used_MWh,39,4580.8563988918741,4155.9221606647579,4580.8563988918741,4155.9221606647579,-424.93423822711611,-424.93423822711611,0,0,-424.93423822711611,-0,-424.93423822711611,0,2026,192,23,4,4
renewable_used_MWh,40,4161.0234353571559,5598.5933015176024,7652.1545249995734,10295.856712030993,6134.8332766738367,1437.5698661604472,4697.2634105133893,3491.1310896424179,2643.7021870314184,1206.1323208709709,2040.6360265959327,4094.1972500779034,2026,357,271,10.331658229521704,18.999999999999432
renewable_used_MWh,41,4483.8900000004487,4583.2391693759382,4483.8900000004487,4583.2391693759382,99.34916937548951,99.349169375490021,0,0,99.349169375490021,0,99.349169375490021,0,2026,169,202,9.0000000000009006,9.0000000000009006
renewable_used_MWh,42,2717.4400000000001,2717.4400000000001,2717.4388297140831,2717.4388297140831,-0.0011702859169417934,0,-0.0011702859170870284,-0.0011702859170870284,0,-0,0,-0.0011702859170870284,2026,21,21,8,7.9999965547399992
renewable_used_MWh,43,1712.1399999999996,1712.1399999999996,1712.1399999999999,1712.1399999999999,2.2737367544323206e-13,0,1.9008572493817154e-13,1.9008572493817154e-13,0,0,0,1.9008572493817154e-13,2026,308,308,1.9999999999999998,2
renewable_used_MWh,44,9723.925263157309,12392.095263157125,9723.925263157309,12392.095263157125,2668.1699999998164,2668.1699999998173,0,0,2668.1699999998173,0,2668.1699999998173,0,2026,283,224,18.999999999999428,18.999999999999428
renewable_used_MWh,45,2569.0646210098685,2569.0646210098685,2569.0646220722542,2569.0646220722542,1.0623857633618172e-06,0,1.0623859295764274e-06,1.0623859295764274e-06,0,0,0,1.0623859295764274e-06,2026,364,364,2.9999999941275632,2.999999995368154
renewable_used_MWh,46,771.48343490303159,771.48343490303159,771.48343490303159,771.48343490303159,0,0,0,0,0,0,0,0,2026,123,123,1,1
renewable_used_MWh,47,4841.4210526314901,4829.0710526314897,4841.4210526314891,4829.0710526314888,-12.350000000001273,-12.350000000000138,-8.578153392291712e-13,-8.6000913992583053e-13,-12.350000000000136,2.1938006966593336e-15,-12.350000000000136,-8.5891223957750086e-13,2026,124,133,5.0000000000000009,5
curtailment_MWh,0,1168.0481148747326,1383.3755249997603,1168.0481148747326,1383.3755249997603,215.32741012502765,215.32741012502774,0,0,215.32741012502774,0,215.32741012502774,0,2026,331,26,5.9999999999988001,5.9999999999988001
curtailment_MWh,1,0,0,0,0,0,0,0,0,0,0,0,0,2026,337,87,18.999999999999432,19.000000010892101
curtailment_MWh,2,2307.9362250008426,2405.964400000877,2307.936225000843,2405.9644000008775,98.028175000034935,98.028175000034253,3.0527509409241403e-13,2.9283702129847237e-13,98.028175000034267,1.2438072793941663e-14,98.028175000034253,2.9905605769544318e-13,2026,127,97,7.0000000000020988,7.0000000000020997
curtailment_MWh,3,4.0849251907433199,0,3.8715991557148364,0,-4.0849251907433199,-4.0849251907433199,-0,-0.21332603502848349,-3.8715991557148364,0.21332603502848349,-3.9782621732290782,-0.10666301751424175,2026,347,140,4.2204229811920282,4.0000208786612452
curtailment_MWh,4,773.22626038787371,773.22626038787371,773.22626038787382,773.22626038787382,1.1368683772161603e-13,0,8.5845359752742414e-14,8.5845359752742414e-14,0,0,0,8.5845359752742414e-14,2026,344,344,3.9999999999999996,4
curtailment_MWh,5,2236.4577008313186,2236.4577008313186,2236.4577008313186,2236.4577008313186,0,0,0,0,0,0,0,0,2026,326,326,3.0000000000002998,3.0000000000002998
curtailment_MWh,6,274.1057894736968,274.1057894736968,274.10578947369692,274.10578947369692,1.1368683772161603e-13,0,9.1295567597026237e-14,9.1295567597026237e-14,0,0,0,9.1295567597026237e-14,2026,332,332,0.99999999999999989,1.0000000000000002
curtailment_MWh,7,0,0,0,0,0,0,0,0,0,0,0,0,2026,167,167,3.0000000000003002,3.0000000000003002
curtailment_MWh,8,0,0,0,0,0,0,0,0,0,0,0,0,2026,152,152,1.9999999999999998,2
curtailment_MWh,9,63.197368421059025,63.197368421059025,63.197368421059018,63.197368421059018,-7.1054273576010019e-15,0,-9.3550898022361962e-15,-9.3550898022361962e-15,0,-0,0,-9.3550898022361962e-15,2026,31,31,3.0000000000003006,3.0000000000003002
curtailment_MWh,10,3225.5168975069973,2882.6168975070937,3741.9762309241146,3344.1721919574475,118.65529445045013,-342.89999999990334,461.55529445035353,516.45933341711748,-397.80403896666729,-54.904038966763927,-370.35201948328529,489.00731393373553,2026,303,24,14.99999999999925,17.401751485859997
curtailment_MWh,11,0,0,0,0,0,0,0,0,0,0,0,0,2026,333,75,3.9999999999999996,4.0000000000000009
curtailment_MWh,12,354.20590027703156,354.20590027703156,354.2059002770315,354.2059002770315,-5.6843418860808015e-14,0,-3.9324754594564255e-14,-3.9324754594564255e-14,0,-0,0,-3.9324754594564255e-14,2026,13,13,1,0.99999999999999989
curtailment_MWh,13,76.92631578947379,45.628215789437739,76.92631578947379,45.628215789437739,-31.298100000036051,-31.298100000036051,0,0,-31.298100000036051,-0,-31.298100000036051,0,2026,166,352,8,8
curtailment_MWh,14,6164.8288002052277,6164.8288002052277,3886.7836011081258,3886.7836011081258,-2278.0451990971019,0,-2278.0451990971019,-2278.0451990971019,0,-0,0,-2278.0451990971019,2026,106,106,6.3444013692428136,3.9999999999999996
curtailment_MWh,15,9026.9166518735219,10660.788065741124,5698.3967230614217,6729.8062142252202,-2297.1104376483017,1633.8714138676037,-3930.981851515905,-3328.5199288120994,1031.4094911637983,-602.4619227038055,1332.6404525157009,-3629.7508901640022,2026,206,176,30.103936248141522,19.003628623518519
curtailment_MWh,16,0,0,0,0,0,0,0,0,0,0,0,0,2026,4,205,17.999581177780001,17.999999999998558
curtailment_MWh,17,0,0,0,0,0,0,0,0,0,0,0,0,2026,254,25,4.9999999999999991,4.9999999999999991
curtailment_MWh,18,1650.6816000001552,1119.7400000001408,1650.6816000001552,1119.7400000001408,-530.94160000001443,-530.94160000001443,0,0,-530.94160000001443,-0,-530.94160000001443,0,2026,181,211,16,16
curtailment_MWh,19,2784.1280802635574,4904.6931024937739,3075.042555865638,5417.1861275151105,2633.058047251553,2120.5650222302161,512.49302502133651,290.91447560208042,2342.1435716494721,221.57854941925609,2231.3542969398441,401.70375031170846,2026,49,99,9.0000000000008988,9.9404130143946663
curtailment_MWh,20,0,0,0,0,0,0,0,0,0,0,0,0,2026,42,42,2,2.0000000000000004
curtailment_MWh,21,151.81000000000731,151.81000000000731,151.81000000000731,151.81000000000731,0,0,0,0,0,0,0,0,2026,74,74,0.99999999999999989,0.99999999999999989
curtailment_MWh,22,540.07157894740419,540.07157894740419,540.0715789474043,540.0715789474043,1.1368683772161603e-13,0,5.9959990189307122e-14,5.9959990189307122e-14,0,0,0,5.9959990189307122e-14,2026,73,73,1.9999999999999998,2
curtailment_MWh,23,222.56573684212185,0,222.56573684212191,0,-222.56573684212185,-222.56573684212185,0,6.5892694809289769e-14,-222.56573684212191,-6.5892694809289769e-14,-222.56573684212188,3.2946347404644885e-14,2026,255,313,5.9999999999987983,5.9999999999988001
curtailment_MWh,24,1362.0002000000216,1605.4494500000092,1362.0002000000216,1605.4494500000092,243.44924999998761,243.44924999998756,0,0,243.44924999998756,0,243.44924999998756,0,2026,280,256,22.999999999997467,22.999999999997467
curtailment_MWh,25,274.02502500001691,274.02502500001691,274.02502500001685,274.02502500001685,-5.6843418860808015e-14,0,-6.0845778415700582e-14,-6.0845778415700582e-14,0,-0,0,-6.0845778415700582e-14,2026,92,92,1,0.99999999999999978
curtailment_MWh,26,4701.2590027703163,4322.4292500002139,4701.2590027703154,4322.429250000213,-378.82975277010337,-378.82975277010252,-7.678176761061573e-13,-8.3511135833630504e-13,-378.82975277010246,6.7293682230147748e-14,-378.82975277010246,-8.0146451722123117e-13,2026,207,96,10.000000000000002,10
curtailment_MWh,27,825.84379501387366,825.84379501387366,825.84379501387366,825.84379501387366,0,0,0,0,0,0,0,0,2026,186,186,1,1
curtailment_MWh,28,3344.1024376734886,4204.5595876734351,3344.1024376734881,4204.5595876734342,860.45714999994561,860.45714999994607,-5.3348558430210386e-13,-4.2430851691544521e-13,860.45714999994595,-1.0917706738665864e-13,860.45714999994607,-4.7889705060877456e-13,2026,304,292,14.000000000000279,14.000000000000277
curtailment_MWh,29,750.0631578948088,1173.2964578947883,750.06315789480868,1173.2964578947881,423.23329999997929,423.23329999997952,-2.6052414845318685e-13,-1.6654747756357417e-13,423.23329999997941,-9.3976670889612681e-14,423.23329999997947,-2.1353581300838051e-13,2026,315,354,4.0000000000000009,4
curtailment_MWh,30,0,0,0,0,0,0,0,0,0,0,0,0,2026,125,125,3.0000000000002993,3.0000000000003002
curtailment_MWh,31,93.415263157891005,830.28343669515971,93.415263157891005,830.28343669515971,736.86817353726872,736.86817353726872,0,0,736.86817353726872,0,736.86817353726872,0,2026,86,95,12.999999999999481,12.999999999999481
curtailment_MWh,32,510.63989473686627,510.63989473686627,510.63989473686627,510.63989473686627,0,0,0,0,0,0,0,0,2026,122,122,1,1
curtailment_MWh,33,6768.5067632493965,7079.0425761769875,7255.3064323423578,7588.1763783752676,819.66961512587113,310.53581292759026,509.13380219828036,486.79966909296127,332.86994603290935,22.334133105319111,321.70287948024981,497.96673564562082,2026,63,288,22.99999999999747,24.65418943657
curtailment_MWh,34,1545.3436011081262,928.1436011081264,1545.343601108126,928.14360110812629,-617.19999999999993,-617.19999999999982,-1.0304463961087489e-13,-1.7156760469073953e-13,-617.1999999999997,6.8522965079864641e-14,-617.19999999999982,-1.3730612215080721e-13,2026,179,239,4,3.9999999999999996
curtailment_MWh,35,0,0,0,0,0,0,0,0,0,0,0,0,2026,93,93,3.9999999999999996,4
curtailment_MWh,36,3097.77540166157,3097.77540166157,3097.7754016615695,3097.7754016615695,-4.5474735088646412e-13,0,-4.5856287680570737e-13,-4.5856287680570737e-13,0,-0,0,-4.5856287680570737e-13,2026,105,105,5.9999999999988001,5.9999999999987992
curtailment_MWh,37,531.21706250000943,531.21706250000943,531.21706250000943,531.21706250000943,0,0,0,0,0,0,0,0,2026,91,91,1,1
curtailment_MWh,38,0,0,0,0,0,0,0,0,0,0,0,0,2026,275,263,19.999999999999996,20
curtailment_MWh,39,2667.3836011081262,1765.3178393352423,2667.3836011081262,1765.3178393352423,-902.06576177288389,-902.06576177288389,0,0,-902.06576177288389,-0,-902.06576177288389,0,2026,192,23,4,4
curtailment_MWh,40,1045.4090962457167,391.28887362990088,1922.51547500014,719.58328796867954,-325.82580827703714,-654.12022261581592,328.29441433877867,877.1063787544233,-1202.9321870314604,-548.81196441564464,-928.52620482363818,602.70039654660104,2026,357,271,10.331658229521704,18.999999999999432
curtailment_MWh,41,0,443.53083062456415,0,443.53083062456415,443.53083062456415,443.53083062456415,0,0,443.53083062456415,0,443.53083062456415,0,2026,169,202,9.0000000000009006,9.0000000000009006
curtailment_MWh,42,0,0,0,0,0,0,-0,-0,0,-0,0,-0,2026,21,21,8,7.9999965547399992
curtailment_MWh,43,0,0,0,0,0,0,0,0,0,0,0,0,2026,308,308,1.9999999999999998,2
curtailment_MWh,44,3724.6547368422866,3095.3747368424074,3724.6547368422866,3095.3747368424074,-629.27999999987924,-629.27999999987958,0,0,-629.27999999987958,-0,-629.27999999987958,0,2026,283,224,18.999999999999428,18.999999999999428
curtailment_MWh,45,238.06537349523407,238.06537349523407,238.0653735936813,238.0653735936813,9.8447230811871123e-08,0,9.8447232915953241e-08,9.8447232915953241e-08,0,0,0,9.8447232915953241e-08,2026,364,364,2.9999999941275632,2.999999995368154
curtailment_MWh,46,415.70656509696846,415.70656509696846,415.70656509696846,415.70656509696846,0,0,0,0,0,0,0,0,2026,123,123,1,1
curtailment_MWh,47,1727.2789473685111,1434.5789473685115,1727.2789473685109,1434.5789473685113,-292.69999999999982,-292.69999999999959,-2.548324124817667e-13,-3.0682637717101195e-13,-292.69999999999953,5.1993964689245248e-14,-292.69999999999959,-2.8082939482638935e-13,2026,124,133,5.0000000000000009,5
total_load_MWh,0,17543.999999996493,18421.199999996315,17543.999999996493,18421.199999996315,877.19999999982247,877.19999999982349,0,0,877.19999999982349,0,877.19999999982349,0,2026,331,26,5.9999999999988001,5.9999999999988001
total_load_MWh,1,55555.999999998341,52778.199999998425,55556.000031848504,52778.200030256085,-2777.7999697422565,-2777.7999999999133,3.0257658384869049e-05,3.1850166720914785e-05,-2777.8000015924217,-1.5925083360457372e-06,-2777.8000007961673,3.1053912552891917e-05,2026,337,87,18.999999999999432,19.000000010892101
total_load_MWh,2,20468.000000006137,20468.000000006137,20468.000000006141,20468.000000006141,3.637978807091713e-12,0,2.5970336992031662e-12,2.5970336992031662e-12,0,0,0,2.5970336992031662e-12,2026,127,97,7.0000000000020988,7.0000000000020997
total_load_MWh,3,12957.542636855764,12957.542636855764,12280.864101665755,12280.864101665755,-676.67853519000892,0,-676.67853519000982,-676.67853519000982,0,-0,0,-676.67853519000982,2026,347,140,4.2204229811920282,4.0000208786612452
total_load_MWh,4,12280.799999999997,12280.799999999997,12280.799999999999,12280.799999999999,1.8189894035458565e-12,0,1.3634426920816622e-12,1.3634426920816622e-12,0,0,0,1.3634426920816622e-12,2026,344,344,3.9999999999999996,4
total_load_MWh,5,9210.600000000919,9210.600000000919,9210.600000000919,9210.600000000919,0,0,0,0,0,0,0,0,2026,326,326,3.0000000000002998,3.0000000000002998
total_load_MWh,6,3070.1999999999994,3070.1999999999994,3070.2000000000003,3070.2000000000003,9.0949470177292824e-13,0,1.0225820190612465e-12,1.0225820190612465e-12,0,0,0,1.0225820190612465e-12,2026,332,332,0.99999999999999989,1.0000000000000002
total_load_MWh,7,9210.6000000009208,9210.6000000009208,9210.6000000009208,9210.6000000009208,0,0,0,0,0,0,0,0,2026,167,167,3.0000000000003002,3.0000000000003002
total_load_MWh,8,6140.3999999999987,6140.3999999999987,6140.3999999999996,6140.3999999999996,9.0949470177292824e-13,0,6.8172134604083108e-13,6.8172134604083108e-13,0,0,0,6.8172134604083108e-13,2026,152,152,1.9999999999999998,2
total_load_MWh,9,8772.0000000008786,8772.0000000008786,8772.0000000008786,8772.0000000008786,0,0,-1.2985168496015831e-12,-1.2985168496015831e-12,0,-0,0,-1.2985168496015831e-12,2026,31,31,3.0000000000003006,3.0000000000003002
total_load_MWh,10,41666.999999997919,41666.999999997919,48338.585277421902,48338.585277421902,6671.5852774239829,0,6671.5852774239811,6671.5852774239811,0,0,0,6671.5852774239811,2026,303,24,14.99999999999925,17.401751485859997
total_load_MWh,11,11111.199999999999,11111.199999999999,11111.200000000003,11111.200000000003,3.637978807091713e-12,0,3.7007730213645125e-12,3.7007730213645125e-12,0,0,0,3.7007730213645125e-12,2026,333,75,3.9999999999999996,4.0000000000000009
total_load_MWh,12,2924,2924,2923.9999999999995,2923.9999999999995,-4.5474735088646412e-13,0,-3.2462921240039577e-13,-3.2462921240039577e-13,0,-0,0,-3.2462921240039577e-13,2026,13,13,1,0.99999999999999989
total_load_MWh,13,23392,23392,23392,23392,0,0,0,0,0,0,0,0,2026,166,352,8,8
total_load_MWh,14,18551.029603665986,18551.029603665986,11695.999999999998,11695.999999999998,-6855.0296036659875,0,-6855.0296036659884,-6855.0296036659884,0,-0,0,-6855.0296036659884,2026,106,106,6.3444013692428136,3.9999999999999996
total_load_MWh,15,92425.10506904409,92425.10506904409,58344.940599926558,58344.940599926558,-34080.164469117532,0,-34080.164469117539,-34080.164469117539,0,-0,0,-34080.164469117539,2026,206,176,30.103936248141522,19.003628623518519
total_load_MWh,16,52630.775363828725,52630.775363828725,52631.99999999578,52631.99999999578,1.2246361670549959,0,1.2246361670582075,1.2246361670582075,0,0,0,1.2246361670582075,2026,4,205,17.999581177780001,17.999999999998558
total_load_MWh,17,15350.999999999996,14619.999999999998,15350.999999999996,14619.999999999998,-730.99999999999818,-730.99999999999898,0,0,-730.99999999999898,-0,-730.99999999999898,0,2026,254,25,4.9999999999999991,4.9999999999999991
total_load_MWh,18,46784,46784,46784,46784,0,0,0,0,0,0,0,0,2026,181,211,16,16
total_load_MWh,19,26316.000000002627,25000.2000000025,29065.767654090003,27612.479271385506,1296.4792713828792,-1315.8000000001298,2612.2792713830072,2749.7676540873758,-1453.2883827044984,-137.48838270436863,-1384.5441913523141,2681.0234627351915,2026,49,99,9.0000000000008988,9.9404130143946663
total_load_MWh,20,5555.6000000000004,5555.6000000000004,5555.6000000000013,5555.6000000000013,9.0949470177292824e-13,0,1.233591007121504e-12,1.233591007121504e-12,0,0,0,1.233591007121504e-12,2026,42,42,2,2.0000000000000004
total_load_MWh,21,3070.1999999999994,3070.1999999999994,3070.1999999999994,3070.1999999999994,0,0,0,0,0,0,0,0,2026,74,74,0.99999999999999989,0.99999999999999989
total_load_MWh,22,5847.9999999999991,5847.9999999999991,5848,5848,9.0949470177292824e-13,0,6.4925842480079154e-13,6.4925842480079154e-13,0,0,0,6.4925842480079154e-13,2026,73,73,1.9999999999999998,2
total_load_MWh,23,16666.799999996663,17543.999999996486,16666.799999996667,17543.999999996493,877.19999999982974,877.19999999982326,5.1940673984063324e-12,4.9343640284860161e-12,877.19999999982349,2.5970336992031629e-13,877.19999999982338,5.0642157134461742e-12,2026,255,313,5.9999999999987983,5.9999999999988001
total_load_MWh,24,67251.999999992593,67251.999999992593,67251.999999992593,67251.999999992593,0,0,0,0,0,0,0,0,2026,280,256,22.999999999997467,22.999999999997467
total_load_MWh,25,3070.1999999999998,3070.1999999999998,3070.1999999999994,3070.1999999999994,-4.5474735088646412e-13,0,-6.8172134604083108e-13,-6.8172134604083108e-13,0,-0,0,-6.8172134604083108e-13,2026,92,92,1,0.99999999999999978
total_load_MWh,26,27778.000000000007,27778.000000000007,27778,27778,-7.2759576141834259e-12,0,-4.9343640284860161e-12,-4.9343640284860161e-12,0,-0,0,-4.9343640284860161e-12,2026,207,96,10.000000000000002,10
total_load_MWh,27,2777.8000000000002,2777.8000000000002,2777.8000000000002,2777.8000000000002,0,0,0,0,0,0,0,0,2026,186,186,1,1
total_load_MWh,28,40936.000000000815,40936.000000000815,40936.000000000808,40936.000000000808,-7.2759576141834259e-12,0,-5.1940673984063324e-12,-5.1940673984063324e-12,0,-0,0,-5.1940673984063324e-12,2026,304,292,14.000000000000279,14.000000000000277
total_load_MWh,29,11111.200000000003,11111.200000000003,11111.200000000001,11111.200000000001,-1.8189894035458565e-12,0,-2.467182014243008e-12,-2.467182014243008e-12,0,-0,0,-2.467182014243008e-12,2026,315,354,4.0000000000000009,4
total_load_MWh,30,9210.600000000919,9210.600000000919,9210.6000000009208,9210.6000000009208,1.8189894035458565e-12,0,2.7268853841633243e-12,2.7268853841633243e-12,0,0,0,2.7268853841633243e-12,2026,125,125,3.0000000000002993,3.0000000000003002
total_load_MWh,31,39912.599999998405,39912.599999998405,39912.599999998405,39912.599999998405,0,0,0,0,0,0,0,0,2026,86,95,12.999999999999481,12.999999999999481
total_load_MWh,32,3070.1999999999998,3070.1999999999998,3070.1999999999998,3070.1999999999998,0,0,0,0,0,0,0,0,2026,122,122,1,1
total_load_MWh,33,63889.39999999298,63889.39999999298,68484.407416904156,68484.407416904156,4595.0074169111758,0,4595.007416911174,4595.007416911174,0,0,0,4595.007416911174,2026,63,288,22.99999999999747,24.65418943657
total_load_MWh,34,12280.799999999999,12280.799999999999,12280.799999999997,12280.799999999997,-1.8189894035458565e-12,0,-1.3634426920816622e-12,-1.3634426920816622e-12,0,-0,0,-1.3634426920816622e-12,2026,179,239,4,3.9999999999999996
total_load_MWh,35,11111.199999999999,11111.199999999999,11111.200000000001,11111.200000000001,1.8189894035458565e-12,0,1.233591007121504e-12,1.233591007121504e-12,0,0,0,1.233591007121504e-12,2026,93,93,3.9999999999999996,4
total_load_MWh,36,16666.799999996667,16666.799999996667,16666.799999996667,16666.799999996667,0,0,-2.467182014243008e-12,-2.467182014243008e-12,0,-0,0,-2.467182014243008e-12,2026,105,105,5.9999999999988001,5.9999999999987992
total_load_MWh,37,2924,2924,2924,2924,0,0,0,0,0,0,0,0,2026,91,91,1,1
total_load_MWh,38,61403.999999999985,61403.999999999985,61404,61404,1.4551915228366852e-11,0,1.0907541536653297e-11,1.0907541536653297e-11,0,0,0,1.0907541536653297e-11,2026,275,263,19.999999999999996,20
total_load_MWh,39,11111.200000000001,12280.799999999999,11111.200000000001,12280.799999999999,1169.5999999999985,1169.5999999999985,0,0,1169.5999999999985,0,1169.5999999999985,0,2026,192,23,4,4
total_load_MWh,40,28699.280229965392,30209.768663121464,52778.199999998425,55555.999999998341,26856.719770032949,1510.4884331560713,25346.231336876877,24078.919770033033,2777.7999999999133,1267.3115668438422,2144.1442165779927,24712.575553454953,2026,357,271,10.331658229521704,18.999999999999432
total_load_MWh,41,26316.000000002634,26316.000000002634,26316.000000002634,26316.000000002634,0,0,0,0,0,0,0,0,2026,169,202,9.0000000000009006,9.0000000000009006
total_load_MWh,42,22222.400000000001,22222.400000000001,22222.390429756771,22222.390429756771,-0.0095702432299731299,0,-0.0095702432303472317,-0.0095702432303472317,0,-0,0,-0.0095702432303472317,2026,21,21,8,7.9999965547399992
total_load_MWh,43,6140.3999999999987,6140.3999999999987,6140.3999999999996,6140.3999999999996,9.0949470177292824e-13,0,6.8172134604083108e-13,6.8172134604083108e-13,0,0,0,6.8172134604083108e-13,2026,308,308,1.9999999999999998,2
total_load_MWh,44,55555.999999998327,58333.799999998242,55555.999999998327,58333.799999998242,2777.7999999999156,2777.7999999999129,0,0,2777.7999999999129,0,2777.7999999999129,0,2026,283,224,18.999999999999428,18.999999999999428
total_load_MWh,45,8771.9999828289947,8771.9999828289947,8771.9999864564816,8771.9999864564816,3.6274868762120605e-06,0,3.6274873274066977e-06,3.6274873274066977e-06,0,0,0,3.6274873274066977e-06,2026,364,364,2.9999999941275632,2.999999995368154
total_load_MWh,46,2777.8000000000002,2777.8000000000002,2777.8000000000002,2777.8000000000002,0,0,0,0,0,0,0,0,2026,123,123,1,1
total_load_MWh,47,14620.000000000002,14620.000000000002,14620,14620,-1.8189894035458565e-12,0,-2.5970336992031662e-12,-2.5970336992031662e-12,0,-0,0,-2.5970336992031662e-12,2026,124,133,5.0000000000000009,5
thermal_generation_MWh,0,13460.184481576043,12754.807894734164,13460.184481576043,12754.807894734164,-705.37658684187954,-705.37658684187943,0,0,-705.37658684187943,-0,-705.37658684187943,0,2026,331,26,5.9999999999988001,5.9999999999988001
thermal_generation_MWh,1,43589.254799998671,43392.849999998703,43589.254824988326,43392.850024875755,-196.40477512291545,-196.40479999996845,2.4877052109504773e-05,2.4989650669962457e-05,-196.40480011256702,-1.1259856045768425e-07,-196.40480005626773,2.4933351389733615e-05,2026,337,87,18.999999999999432,19.000000010892101
thermal_generation_MWh,2,14343.994736846407,14678.804736846507,14343.994736846409,14678.804736846509,334.81000000010135,334.81000000009988,1.8624853706078764e-12,1.8200037967936194e-12,334.81000000009993,4.2481573814256925e-14,334.81000000009988,1.8412445837007479e-12,2026,127,97,7.0000000000020988,7.0000000000020997
thermal_generation_MWh,3,7785.751907243407,6635.3538043082735,7379.1585165366696,6288.8373683911996,-1496.9145388522074,-1150.3981029351332,-346.51643591707375,-406.59339070673656,-1090.3211481454703,60.076954789662814,-1120.3596255403017,-376.55491331190512,2026,347,140,4.2204229811920282,4.0000208786612452
thermal_generation_MWh,4,7980.2158448753444,7980.2158448753444,7980.2158448753453,7980.2158448753453,9.0949470177292824e-13,0,8.8598193724591049e-13,8.8598193724591049e-13,0,0,0,8.8598193724591049e-13,2026,344,344,3.9999999999999996,4
thermal_generation_MWh,5,5740.1860387817069,5740.1860387817069,5740.1860387817069,5740.1860387817069,0,0,0,0,0,0,0,0,2026,326,326,3.0000000000002998,3.0000000000002998
thermal_generation_MWh,6,1617.6521052631522,1617.6521052631522,1617.6521052631529,1617.6521052631529,6.8212102632969618e-13,0,5.3878638392895275e-13,5.3878638392895275e-13,0,0,0,5.3878638392895275e-13,2026,332,332,0.99999999999999989,1.0000000000000002
thermal_generation_MWh,7,7120.0626315796599,7120.0626315796599,7120.0626315796599,7120.0626315796599,0,0,0,0,0,0,0,0,2026,167,167,3.0000000000003002,3.0000000000003002
thermal_generation_MWh,8,3845.285729085841,3845.285729085841,3845.2857290858415,3845.2857290858415,4.5474735088646412e-13,0,4.2691247526936332e-13,4.2691247526936332e-13,0,0,0,4.2691247526936332e-13,2026,152,152,1.9999999999999998,2
thermal_generation_MWh,9,5475.4197717689794,5475.4197717689794,5475.4197717689785,5475.4197717689785,-9.0949470177292824e-13,0,-8.1052494668068414e-13,-8.1052494668068414e-13,0,-0,0,-8.1052494668068414e-13,2026,31,31,3.0000000000003006,3.0000000000003002
thermal_generation_MWh,10,32466.93157894567,32737.981578945735,37665.431656350724,37979.881305700306,5512.9497267546358,271.05000000006396,5241.8997267545719,5198.5000774050559,314.44964934958006,43.399649349516089,292.74982467482198,5220.1999020798139,2026,303,24,14.99999999999925,17.401751485859997
thermal_generation_MWh,11,8803.3368421052601,8570.4870914127405,8803.3368421052637,8570.4870914127441,-232.84975069251595,-232.84975069251956,2.8545456303417346e-12,2.9321001766908534e-12,-232.84975069251965,-7.7554546349118822e-14,-232.84975069251959,2.893322903516294e-12,2026,333,75,3.9999999999999996,4.0000000000000009
thermal_generation_MWh,12,856.08669999999142,856.08669999999142,856.08669999999131,856.08669999999131,-1.1368683772161603e-13,0,-9.5044716541535948e-14,-9.5044716541535948e-14,0,-0,0,-9.5044716541535948e-14,2026,13,13,1,0.99999999999999989
thermal_generation_MWh,13,16404.25684210522,17588.730526315619,16404.25684210522,17588.730526315619,1184.4736842103994,1184.4736842103994,0,0,1184.4736842103994,0,1184.4736842103994,0,2026,166,352,8,8
thermal_generation_MWh,14,11634.676233101329,11634.676233101329,7335.3973407201966,7335.3973407201966,-4299.2788923811322,0,-4299.2788923811322,-4299.2788923811322,0,-0,0,-4299.2788923811322,2026,106,106,6.3444013692428136,3.9999999999999996
thermal_generation_MWh,15,63064.498383577091,61369.583396098824,39810.551574761921,38740.607275618619,-24323.891107958472,-1694.9149874782672,-22628.976120480205,-23253.94680881517,-1069.9442991433054,624.97068833496166,-1382.4296433107863,-22941.461464647688,2026,206,176,30.103936248141522,19.003628623518519
thermal_generation_MWh,16,45217.003660223141,42836.559049461735,45218.055789470061,42837.555789470251,-2379.4478707528906,-2380.4446107614053,0.99674000851503231,1.0521292469190842,-2380.4999999998095,-0.055389238404051966,-2380.4723053806074,1.0244346277170582,2026,4,205,17.999581177780001,17.999999999998558
thermal_generation_MWh,17,12000.042105263155,11618.448199445953,12000.042105263155,11618.448199445953,-381.59390581720254,-381.59390581720339,0,0,-381.59390581720339,-0,-381.59390581720339,0,2026,254,25,4.9999999999999991,4.9999999999999991
thermal_generation_MWh,18,34651.553684210441,33902.273684210442,34651.553684210441,33902.273684210442,-749.27999999999884,-749.27999999999884,0,0,-749.27999999999884,-0,-749.27999999999884,0,2026,181,211,16,16
thermal_generation_MWh,19,18541.496842106972,17782.621329641606,20478.904057291038,19640.733388355995,1099.2365462490234,-758.87551246536407,1858.1120587143887,1937.4072151840662,-838.17066893504148,-79.295156469677423,-798.52309070020283,1897.7596369492276,2026,49,99,9.0000000000008988,9.9404130143946663
thermal_generation_MWh,20,3128.6739499999912,3128.6739499999912,3128.6739499999921,3128.6739499999921,9.0949470177292824e-13,0,6.9470517116698521e-13,6.9470517116698521e-13,0,0,0,6.9470517116698521e-13,2026,42,42,2,2.0000000000000004
thermal_generation_MWh,21,1811.3069529085778,1811.3069529085778,1811.3069529085778,1811.3069529085778,0,0,0,0,0,0,0,0,2026,74,74,0.99999999999999989,0.99999999999999989
thermal_generation_MWh,22,3018.5999999999885,3018.5999999999885,3018.599999999989,3018.599999999989,4.5474735088646412e-13,0,3.3513192221334853e-13,3.3513192221334853e-13,0,0,0,3.3513192221334853e-13,2026,73,73,1.9999999999999998,2
thermal_generation_MWh,23,12553.25684210271,13726.885263155147,12553.256842102714,13726.885263155151,1173.6284210524409,1173.6284210524359,4.0639744201455058e-12,3.7165106080369343e-12,1173.6284210524364,3.4746381210857151e-13,1173.6284210524361,3.8902425140912205e-12,2026,255,313,5.9999999999987983,5.9999999999988001
thermal_generation_MWh,24,50852.818421046912,50618.678421046934,50852.818421046912,50618.678421046934,-234.13999999997759,-234.13999999997046,0,0,-234.13999999997046,-0,-234.13999999997046,0,2026,280,256,22.999999999997467,22.999999999997467
thermal_generation_MWh,25,1539.6093429697648,1539.6093429697648,1539.6093429697644,1539.6093429697644,-4.5474735088646412e-13,0,-3.4186194829860846e-13,-3.4186194829860846e-13,0,-0,0,-3.4186194829860846e-13,2026,92,92,1,0.99999999999999978
thermal_generation_MWh,26,19558.975900276946,20700.42105263158,19558.975900276942,20700.421052631576,1141.4451523546304,1141.4451523546361,-3.6771334515307035e-12,-3.4743720612121616e-12,1141.4451523546359,-2.0276139031854183e-13,1141.4451523546361,-3.5757527563714325e-12,2026,207,96,10.000000000000002,10
thermal_generation_MWh,27,1321.3799999999894,1321.3799999999894,1321.3799999999894,1321.3799999999894,0,0,0,0,0,0,0,0,2026,186,186,1,1
thermal_generation_MWh,28,30287.408421053231,29482.540923684584,30287.408421053227,29482.540923684581,-804.86749736865022,-804.86749736864806,-3.7408223723345603e-12,-3.8429460783175412e-12,-804.86749736864795,1.021237059829809e-13,-804.86749736864806,-3.7918842253260507e-12,2026,304,292,14.000000000000279,14.000000000000277
thermal_generation_MWh,29,7544.6732409972201,7806.9831578946923,7544.6732409972183,7806.9831578946905,262.30991689747043,262.30991689747231,-1.7334984909510999e-12,-1.6752539890856829e-12,262.30991689747225,-5.824450186541702e-14,262.30991689747225,-1.7043762400183913e-12,2026,315,354,4.0000000000000009,4
thermal_generation_MWh,30,5376.1629457369672,5376.1629457369672,5376.1629457369681,5376.1629457369681,9.0949470177292824e-13,0,1.5916639697315176e-12,1.5916639697315176e-12,0,0,0,1.5916639697315176e-12,2026,125,125,3.0000000000002993,3.0000000000003002
thermal_generation_MWh,31,29985.56736841979,28704.862033334422,29985.56736841979,28704.862033334422,-1280.7053350853676,-1280.7053350853646,0,0,-1280.7053350853646,-0,-1280.7053350853646,0,2026,86,95,12.999999999999481,12.999999999999481
thermal_generation_MWh,32,1317.4278499999882,1317.4278499999882,1317.4278499999882,1317.4278499999882,0,0,0,0,0,0,0,0,2026,122,122,1,1
thermal_generation_MWh,33,48308.159371046786,49038.578421047241,51782.544020257948,52565.49574316197,4257.3363721151836,730.41905000044983,3526.9173221147335,3474.3846492111588,782.95172290402468,52.532672903574763,756.68538645223725,3500.6509856629464,2026,63,288,22.99999999999747,24.65418943657
thermal_generation_MWh,34,8495.9284210526312,8436.2484210526309,8495.9284210526293,8436.2484210526291,-59.68000000000211,-59.680000000000291,-9.366117238510253e-13,-9.4323753486198827e-13,-59.680000000000284,6.6258110109629665e-15,-59.680000000000291,-9.3992462935650678e-13,2026,179,239,4,3.9999999999999996
thermal_generation_MWh,35,7179.3627332457208,7179.3627332457208,7179.3627332457218,7179.3627332457218,9.0949470177292824e-13,0,7.9706938085851961e-13,7.9706938085851961e-13,0,0,0,7.9706938085851961e-13,2026,93,93,3.9999999999999996,4
thermal_generation_MWh,36,10890.230858723538,10890.230858723538,10890.230858723537,10890.230858723537,-1.8189894035458565e-12,0,-1.6120780057120907e-12,-1.6120780057120907e-12,0,-0,0,-1.6120780057120907e-12,2026,105,105,5.9999999999988001,5.9999999999987992
thermal_generation_MWh,37,1343.9571052631418,1343.9571052631418,1343.9571052631418,1343.9571052631418,0,0,0,0,0,0,0,0,2026,91,91,1,1
thermal_generation_MWh,38,50270.684210526306,49810.484210526301,50270.684210526313,49810.484210526309,-460.19999999999709,-460.20000000000431,8.8481194301206597e-12,8.92986737186986e-12,-460.20000000000437,-8.1747941749200302e-14,-460.20000000000437,8.8889934009952599e-12,2026,275,263,19.999999999999996,20
thermal_generation_MWh,39,6562.8399999999783,8001.8852631578302,6562.8399999999783,8001.8852631578302,1439.0452631578519,1439.0452631578519,0,0,1439.0452631578519,0,1439.0452631578519,0,2026,192,23,4,4
thermal_generation_MWh,40,23165.25256676376,23390.593135764546,42601.079999998627,43015.483062498402,19850.230495734642,225.34056900078693,19624.889926733857,19435.827433234866,414.40306249977755,189.06249349899062,319.87181575028222,19530.358679984362,2026,357,271,10.331658229521704,18.999999999999432
thermal_generation_MWh,41,19989.847894738843,20402.175123454501,19989.847894738843,20402.175123454501,412.32722871565784,412.32722871565954,0,0,412.32722871565954,0,412.32722871565954,0,2026,169,202,9.0000000000009006,9.0000000000009006
thermal_generation_MWh,42,18941.559445983363,18941.559445983363,18941.551288658724,18941.551288658724,-0.0081573246388870757,0,-0.008157324639109273,-0.008157324639109273,0,-0,0,-0.008157324639109273,2026,21,21,8,7.9999965547399992
thermal_generation_MWh,43,4166.2308605263042,4166.2308605263042,4166.2308605263052,4166.2308605263052,9.0949470177292824e-13,0,4.6254454272601832e-13,4.6254454272601832e-13,0,0,0,4.6254454272601832e-13,2026,308,308,1.9999999999999998,2
thermal_generation_MWh,44,42089.219999998633,41356.199999998753,42089.219999998633,41356.199999998753,-733.01999999988038,-733.01999999988152,0,0,-733.01999999988152,-0,-733.01999999988152,0,2026,283,224,18.999999999999428,18.999999999999428
thermal_generation_MWh,45,6008.9060824204953,6008.9060824204953,6008.9060849053603,6008.9060849053603,2.4848650355124846e-06,0,2.4848644218222747e-06,2.4848644218222747e-06,0,0,0,2.4848644218222747e-06,2026,364,364,2.9999999941275632,2.999999995368154
thermal_generation_MWh,46,1953.1295567867016,1953.1295567867016,1953.1295567867016,1953.1295567867016,0,0,0,0,0,0,0,0,2026,123,123,1,1
thermal_generation_MWh,47,9671.3929362880626,9730.7427977839052,9671.3929362880608,9730.7427977839034,59.349861495840742,59.349861495843477,-1.7285271521288166e-12,-1.7179844988902567e-12,59.34986149584347,-1.0542653238559913e-14,59.34986149584347,-1.7232558255095367e-12,2026,124,133,5.0000000000000009,5
unserved_MWh,0,769.61999999978241,1179.8399999997005,769.61999999978241,1179.8399999997005,410.21999999991806,410.219999999918,0,0,410.219999999918,0,410.219999999918,0,2026,331,26,5.9999999999988001,5.9999999999988001
unserved_MWh,1,4237.1899999996713,2792.0856249997069,4237.1900024288461,2792.0856266004052,-1445.104373399266,-1445.1043749999646,1.6006982622095344e-06,2.4291743093128824e-06,-1445.1043758284407,-8.2847604710334821e-07,-1445.1043754142027,2.0149362857612084e-06,2026,337,87,18.999999999999432,19.000000010892101
unserved_MWh,2,700.92155000010712,859.95420000017839,700.92155000010723,859.9542000001785,159.03265000007138,159.03265000007121,1.0911325176720212e-13,8.8934770658952975e-14,159.03265000007121,2.0178481108249145e-14,159.03265000007121,9.9024011213077548e-14,2026,127,97,7.0000000000020988,7.0000000000020997
unserved_MWh,3,0,0,0,0,0,0,-0,-0,0,-0,0,-0,2026,347,140,4.2204229811920282,4.0000208786612452
unserved_MWh,4,259.55999999995743,259.55999999995743,259.55999999995748,259.55999999995748,5.6843418860808015e-14,0,2.8816948827165843e-14,2.8816948827165843e-14,0,0,0,2.8816948827165843e-14,2026,344,344,3.9999999999999996,4
unserved_MWh,5,233.5499999999914,233.5499999999914,233.5499999999914,233.5499999999914,0,0,0,0,0,0,0,0,2026,326,326,3.0000000000002998,3.0000000000002998
unserved_MWh,6,1.1799999999893582,1.1799999999893582,1.1799999999893587,1.1799999999893587,4.4408920985006262e-16,0,3.9301895071376107e-16,3.9301895071376107e-16,0,0,0,3.9301895071376107e-16,2026,332,332,0.99999999999999989,1.0000000000000002
unserved_MWh,7,678.84000000003596,678.84000000003596,678.84000000003596,678.84000000003596,0,0,0,0,0,0,0,0,2026,167,167,3.0000000000003002,3.0000000000003002
unserved_MWh,8,0,0,0,0,0,0,0,0,0,0,0,0,2026,152,152,1.9999999999999998,2
unserved_MWh,9,75.839999999975717,75.839999999975717,75.839999999975703,75.839999999975703,-1.4210854715202004e-14,0,-1.1226575225004863e-14,-1.1226575225004863e-14,0,-0,0,-1.1226575225004863e-14,2026,31,31,3.0000000000003006,3.0000000000003002
unserved_MWh,10,991.71262499969828,1252.4756249996326,1150.5024430423653,1453.0179712227914,461.30534622309312,260.76299999993421,200.54234622315897,158.78981804266704,302.51552818042614,41.752528180491936,281.63926409018018,179.666082132913,2026,303,24,14.99999999999925,17.401751485859997
unserved_MWh,11,176.71999999995742,235.83999999995743,176.71999999995748,235.83999999995751,59.12000000000009,59.119999999999997,7.8550499438264912e-14,5.8859583873513121e-14,59.120000000000019,1.9690915564751778e-14,59.120000000000005,6.8705041655889017e-14,2026,333,75,3.9999999999999996,4.0000000000000009
unserved_MWh,12,0,0,0,0,0,0,-0,-0,0,-0,0,-0,2026,13,13,1,0.99999999999999989
unserved_MWh,13,400.959999999915,460.63999999991518,400.959999999915,460.63999999991518,59.680000000000177,59.680000000000177,0,0,59.680000000000177,0,59.680000000000177,0,2026,166,352,8,8
unserved_MWh,14,330.41642331009837,330.41642331009837,208.3199999999575,208.3199999999575,-122.09642331014086,0,-122.09642331014086,-122.09642331014086,0,-0,0,-122.09642331014086,2026,106,106,6.3444013692428136,3.9999999999999996
unserved_MWh,15,5918.8417747204476,6943.7739349960011,3736.3708865513763,4383.3769783005782,-1535.4647964198693,1024.9321602755531,-2560.3969566954229,-2182.4708881690713,647.00609174920169,-377.92606852635146,835.96912601237739,-2371.4339224322471,2026,206,176,30.103936248141522,19.003628623518519
unserved_MWh,16,4454.3563540650248,3408.4006918242299,4454.4599999994516,3408.4799999995357,-1045.8763540654891,-1045.9556622407952,0.079308175305789735,0.10364593442608809,-1045.9799999999154,-0.024337759120298355,-1045.9678311203554,0.091477054865938906,2026,4,205,17.999581177780001,17.999999999998558
unserved_MWh,17,294.44999999989324,142.54999999994678,294.44999999989324,142.54999999994678,-151.89999999994646,-151.89999999994646,0,0,-151.89999999994646,-0,-151.89999999994646,0,2026,254,25,4.9999999999999991,4.9999999999999991
unserved_MWh,18,3333.7599999998297,2699.1919999998286,3333.7599999998297,2699.1919999998286,-634.56800000000112,-634.56800000000112,0,0,-634.56800000000112,-0,-634.56800000000112,0,2026,181,211,16,16
unserved_MWh,19,1215.5400000000257,623.69999999996651,1342.5521817240381,688.87062189744449,-526.66937810258116,-591.84000000005926,65.170621897478071,127.01218172401224,-653.68155982659346,-61.841559826534166,-622.76077991332636,96.091401810745154,2026,49,99,9.0000000000008988,9.9404130143946663
unserved_MWh,20,0,0,0,0,0,0,0,0,0,0,0,0,2026,42,42,2,2.0000000000000004
unserved_MWh,21,0,0,0,0,0,0,0,0,0,0,0,0,2026,74,74,0.99999999999999989,0.99999999999999989
unserved_MWh,22,0,0,0,0,0,0,0,0,0,0,0,0,2026,73,73,1.9999999999999998,2
unserved_MWh,23,448.61999999984641,485.63774999979671,448.61999999984658,485.63774999979682,37.017749999950411,37.017749999950276,1.4377765644721011e-13,1.3281820088193786e-13,37.017749999950283,1.0959455565272243e-14,37.017749999950283,1.3829792866457398e-13,2026,255,313,5.9999999999987983,5.9999999999988001
unserved_MWh,24,4138.412424999271,4770.1999999992295,4138.412424999271,4770.1999999992295,631.78757499995845,631.78757499995891,0,0,631.78757499995891,0,631.78757499995891,0,2026,280,256,22.999999999997467,22.999999999997467
unserved_MWh,25,0,0,0,0,0,0,-0,-0,0,-0,0,-0,2026,92,92,1,0.99999999999999978
unserved_MWh,26,439.9999999998937,870.01874999988968,439.99999999989365,870.01874999988956,430.01874999999586,430.01874999999603,-1.5454637569687605e-13,-7.8159700933592126e-14,430.01874999999592,-7.6386674763283923e-14,430.01874999999598,-1.1635303831523409e-13,2026,207,96,10.000000000000002,10
unserved_MWh,27,0,0,0,0,0,0,0,0,0,0,0,0,2026,186,186,1,1
unserved_MWh,28,996.23999999972193,1790.8799999998869,996.23999999972182,1790.8799999998866,794.64000000016472,794.64000000016495,-2.2723156689606116e-13,-1.2640555269168403e-13,794.64000000016483,-1.0082601420437713e-13,794.64000000016495,-1.7681855979387259e-13,2026,304,292,14.000000000000279,14.000000000000277
unserved_MWh,29,48.159999999957492,260.07999999995752,48.159999999957478,260.07999999995747,211.91999999999996,211.92000000000004,-5.7749360848892698e-14,-1.0693668173180066e-14,211.91999999999999,-4.7055692675712632e-14,211.92000000000002,-3.4221514511036385e-14,2026,315,354,4.0000000000000009,4
unserved_MWh,30,0,0,0,0,0,0,0,0,0,0,0,0,2026,125,125,3.0000000000002993,3.0000000000003002
unserved_MWh,31,4262.8299999996907,3956.6799999997033,4262.8299999996907,3956.6799999997033,-306.14999999998736,-306.14999999998719,0,0,-306.14999999998719,-0,-306.14999999998719,0,2026,86,95,12.999999999999481,12.999999999999481
unserved_MWh,32,0,0,0,0,0,0,0,0,0,0,0,0,2026,122,122,1,1
unserved_MWh,33,1755.8199999995629,2607.3052999993956,1882.1008215874922,2794.8260341376149,1039.006034138052,851.48529999983293,187.52073413821938,126.28082158792937,912.72521255012293,61.239912550290001,882.10525627497793,156.90077786307438,2026,63,288,22.99999999999747,24.65418943657
unserved_MWh,34,958.31999999995719,761.03999999995733,958.31999999995708,761.03999999995722,-197.27999999999997,-197.27999999999986,-8.4492413066068176e-14,-1.0639489289587325e-13,-197.27999999999983,2.1902479829805073e-14,-197.27999999999986,-9.5443652980970719e-14,2026,179,239,4,3.9999999999999996
unserved_MWh,35,0,0,0,0,0,0,0,0,0,0,0,0,2026,93,93,3.9999999999999996,4
unserved_MWh,36,32.339999999929965,32.339999999929965,32.339999999929958,32.339999999929958,-7.1054273576010019e-15,0,-4.7872816821742652e-15,-4.7872816821742652e-15,0,-0,0,-4.7872816821742652e-15,2026,105,105,5.9999999999988001,5.9999999999987992
unserved_MWh,37,0,0,0,0,0,0,0,0,0,0,0,0,2026,91,91,1,1
unserved_MWh,38,5549.3999999997859,5482.5999999997839,5549.3999999997868,5482.5999999997848,-66.800000000001091,-66.800000000001759,9.7390540076954314e-13,9.8577146445673712e-13,-66.800000000001774,-1.1866063687193988e-14,-66.800000000001759,9.7983843261314003e-13,2026,275,263,19.999999999999996,20
unserved_MWh,39,0,173.11999999995743,0,173.11999999995743,173.11999999995743,173.11999999995743,0,0,173.11999999995743,0,173.11999999995743,0,2026,192,23,4,4
unserved_MWh,40,1460.7655198861873,1297.1396907163398,2686.3591749996945,2385.4499999997265,924.68448011353917,-163.62582916984741,1088.3103092833865,1225.5936551135071,-300.90917499996817,-137.28334583012077,-232.26750208490779,1156.9519821984468,2026,357,271,10.331658229521704,18.999999999999432
unserved_MWh,41,1871.8200000000916,1381.5875250000299,1871.8200000000916,1381.5875250000299,-490.23247500006164,-490.23247500006175,0,0,-490.23247500006175,-0,-490.23247500006175,0,2026,169,202,9.0000000000009006,9.0000000000009006
unserved_MWh,42,593.83999999991522,593.83999999991522,593.83974425826534,593.83974425826534,-0.00025574164988029224,0,-0.00025574164986268756,-0.00025574164986268756,0,-0,0,-0.00025574164986268756,2026,21,21,8,7.9999965547399992
unserved_MWh,43,271.83999999997872,271.83999999997872,271.83999999997877,271.83999999997877,5.6843418860808015e-14,0,3.0180302701407899e-14,3.0180302701407899e-14,0,0,0,3.0180302701407899e-14,2026,308,308,1.9999999999999998,2
unserved_MWh,44,3918.5599999996803,4761.2099999996535,3918.5599999996803,4761.2099999996535,842.64999999997326,842.64999999997292,0,0,842.64999999997292,0,842.64999999997292,0,2026,283,224,18.999999999999428,18.999999999999428
unserved_MWh,45,217.16999957486229,217.16999957486229,217.16999966466864,217.16999966466864,8.9806349024001975e-08,0,8.9806363758868712e-08,8.9806363758868712e-08,0,0,0,8.9806363758868712e-08,2026,364,364,2.9999999941275632,2.999999995368154
unserved_MWh,46,61.51477499998883,61.51477499998883,61.51477499998883,61.51477499998883,0,0,0,0,0,0,0,0,2026,123,123,1,1
unserved_MWh,47,159.14999999994686,112.34999999994686,159.14999999994683,112.34999999994685,-46.800000000000011,-46.800000000000004,-1.9957369090652372e-14,-2.8270719099045544e-14,-46.799999999999997,8.3133500083931717e-15,-46.799999999999997,-2.4114044094848958e-14,2026,124,133,5.0000000000000009,5
discharge_MWh,0,676.9802148750473,644.17552500006798,676.9802148750473,644.17552500006798,-32.804689874979317,-32.804689874979267,0,0,-32.804689874979267,-0,-32.804689874979267,0,2026,331,26,5.9999999999988001,5.9999999999988001
discharge_MWh,1,650.95520000020838,599.03437500019174,650.95520037339998,599.03437534361717,-51.920824656591208,-51.920825000016613,3.4342545747202222e-07,3.7319158412869326e-07,-51.920825029782741,-2.9766126656671087e-08,-51.920825014899677,3.5830852080035774e-07,2026,337,87,18.999999999999432,19.000000010892101
discharge_MWh,2,724.31467500047086,668.91020000043488,724.31467500047097,668.910200000435,-55.404475000035859,-55.404475000035987,8.4873086336786123e-14,9.1902951915333595e-14,-55.404475000035994,-7.029865578547472e-15,-55.404475000035987,8.8388019126059859e-14,2026,127,97,7.0000000000020988,7.0000000000020997
discharge_MWh,3,64.150429314141277,27.390545147936233,60.800317355672206,25.960135502511452,-38.190293811629829,-36.759884166205048,-1.4304096454247799,-3.3501119584690735,-34.84018185316075,1.9197023130442936,-35.800033009682899,-2.3902608019469267,2026,347,140,4.2204229811920282,4.0000208786612452
discharge_MWh,4,283.52000000004267,283.52000000004267,283.52000000004273,283.52000000004273,5.6843418860808015e-14,0,3.1477043194177182e-14,3.1477043194177182e-14,0,0,0,3.1477043194177182e-14,2026,344,344,3.9999999999999996,4
discharge_MWh,5,347.10000000006647,347.10000000006647,347.10000000006647,347.10000000006647,0,0,0,0,0,0,0,0,2026,326,326,3.0000000000002998,3.0000000000002998
discharge_MWh,6,81.700000000028595,81.700000000028595,81.700000000028624,81.700000000028624,2.8421709430404007e-14,0,2.7211566333572116e-14,2.7211566333572116e-14,0,0,0,2.7211566333572116e-14,2026,332,332,0.99999999999999989,1.0000000000000002
discharge_MWh,7,91.200000000041058,91.200000000041058,91.200000000041058,91.200000000041058,0,0,0,0,0,0,0,0,2026,167,167,3.0000000000003002,3.0000000000003002
discharge_MWh,8,80.583800000003905,80.583800000003905,80.583800000003919,80.583800000003919,1.4210854715202004e-14,0,8.946599017179304e-15,8.946599017179304e-15,0,0,0,8.946599017179304e-15,2026,152,152,1.9999999999999998,2
discharge_MWh,9,142.29327201057566,142.29327201057566,142.29327201057563,142.29327201057563,-2.8421709430404007e-14,0,-2.106363557805008e-14,-2.106363557805008e-14,0,-0,0,-2.106363557805008e-14,2026,31,31,3.0000000000003006,3.0000000000003002
discharge_MWh,10,1548.3873750002547,1698.9243750003,1796.3101535732592,1970.9506511351142,422.56327613485951,150.53700000004525,272.02627613481428,247.92277857300454,174.640497561855,24.103497561809728,162.58874878095011,259.97452735390942,2026,303,24,14.99999999999925,17.401751485859997
discharge_MWh,11,121.60000000004256,121.88000000004251,121.6000000000426,121.88000000004256,0.28000000000000114,0.27999999999995845,4.059419467240839e-14,4.0500935938339892e-14,0.27999999999995856,9.3258734068499329e-17,0.2799999999999585,4.0547565305374144e-14,2026,333,75,3.9999999999999996,4.0000000000000009
discharge_MWh,12,84.333300000008521,84.333300000008521,84.333300000008506,84.333300000008506,-1.4210854715202004e-14,0,-9.3628771402630174e-15,-9.3628771402630174e-15,0,-0,0,-9.3628771402630174e-15,2026,13,13,1,0.99999999999999989
discharge_MWh,13,364.80000000012762,614.46190000017668,364.80000000012762,614.46190000017668,249.66190000004906,249.66190000004906,0,0,249.66190000004906,0,249.66190000004906,0,2026,166,352,8,8
discharge_MWh,14,670.85700078380273,670.85700078380273,422.96000000004261,422.96000000004261,-247.89700078376012,0,-247.89700078376018,-247.89700078376018,0,-0,0,-247.89700078376018,2026,106,106,6.3444013692428136,3.9999999999999996
discharge_MWh,15,2704.983170790455,2813.6583806462831,1707.5672492411302,1776.1703485720559,-928.81282221839911,108.67520985582853,-1037.4880320742275,-997.41592154932459,68.603099330925616,-40.072110524902918,88.639154593377071,-1017.451976811776,2026,206,176,30.103936248141522,19.003628623518519
discharge_MWh,16,547.18726780470365,547.18726780470365,547.20000000014772,547.20000000014772,0.012732195444073113,0,0.012732195444111676,0.012732195444111676,0,0,0,0.012732195444111676,2026,4,205,17.999581177780001,17.999999999998558
discharge_MWh,17,304.00000000010641,222.60000000005311,304.00000000010641,222.60000000005311,-81.400000000053296,-81.400000000053282,0,0,-81.400000000053282,-0,-81.400000000053282,0,2026,254,25,4.9999999999999991,4.9999999999999991
discharge_MWh,18,1176.6016000004113,1134.1480000003974,1176.6016000004113,1134.1480000003974,-42.453600000013921,-42.453600000013921,0,0,-42.453600000013921,-0,-42.453600000013921,0,2026,181,211,16,16
discharge_MWh,19,1017.9159750004147,962.28000000019222,1124.2783561614831,1062.8289594991838,44.912984498769106,-55.635975000222615,100.54895949899165,106.36238116106837,-61.449396662299328,-5.8134216620767125,-58.542685831260968,103.45567033003002,2026,49,99,9.0000000000008988,9.9404130143946663
discharge_MWh,20,24.566050000008524,24.566050000008524,24.566050000008531,24.566050000008531,7.1054273576010019e-15,0,5.454758866820458e-15,5.454758866820458e-15,0,0,0,5.454758866820458e-15,2026,42,42,2,2.0000000000000004
discharge_MWh,21,44.310000000007307,44.310000000007307,44.310000000007307,44.310000000007307,0,0,0,0,0,0,0,0,2026,74,74,0.99999999999999989,0.99999999999999989
discharge_MWh,22,133.00000000004653,133.00000000004653,133.00000000004655,133.00000000004655,2.8421709430404007e-14,0,1.4765966227519751e-14,1.4765966227519751e-14,0,0,0,1.4765966227519751e-14,2026,73,73,1.9999999999999998,2
discharge_MWh,23,459.59100000003315,302.3422500000454,459.59100000003326,302.34225000004545,-157.24874999998769,-157.24874999998775,8.9511287271224759e-14,1.3606626936283715e-13,-157.24874999998781,-4.6554982091612386e-14,-157.24874999998778,1.1278877831703095e-13,2026,255,313,5.9999999999987983,5.9999999999988001
discharge_MWh,24,1623.4877750003891,1579.6894500003787,1623.4877750003891,1579.6894500003787,-43.798325000010436,-43.7983250000105,0,0,-43.7983250000105,-0,-43.7983250000105,0,2026,280,256,22.999999999997467,22.999999999997467
discharge_MWh,25,80.015353515134478,80.015353515134478,80.015353515134464,80.015353515134464,-1.4210854715202004e-14,0,-1.776697755920475e-14,-1.776697755920475e-14,0,-0,0,-1.776697755920475e-14,2026,92,92,1,0.99999999999999978
discharge_MWh,26,1073.9000000001067,921.11050000032219,1073.9000000001065,921.11050000032208,-152.78949999978465,-152.78949999978454,-1.6362209365189565e-13,-1.9076296098321183e-13,-152.78949999978451,2.7140867331316178e-14,-152.78949999978454,-1.7719252731755375e-13,2026,207,96,10.000000000000002,10
discharge_MWh,27,90.400000000010635,90.400000000010635,90.400000000010635,90.400000000010635,0,0,0,0,0,0,0,0,2026,186,186,1,1
discharge_MWh,28,1624.0000000004047,1600.4457000003965,1624.0000000004045,1600.4457000003963,-23.554300000008425,-23.554300000008269,-2.0306876180602637e-13,-2.0605739337047631e-13,-23.554300000008265,2.988631564449941e-15,-23.554300000008269,-2.0456307758825134e-13,2026,304,292,14.000000000000279,14.000000000000277
discharge_MWh,29,356.2800000001144,391.79330000011521,356.28000000011434,391.7933000001151,35.513300000000697,35.513300000000761,-8.6995588510799825e-14,-7.9110051842715543e-14,35.513300000000754,-7.8855366680842818e-15,35.513300000000754,-8.3052820176757684e-14,2026,315,354,4.0000000000000009,4
discharge_MWh,30,9.5613695090472479,9.5613695090472479,9.5613695090472497,9.5613695090472497,1.7763568394002505e-15,0,2.8307340202378998e-15,2.8307340202378998e-15,0,0,0,2.8307340202378998e-15,2026,125,125,3.0000000000002993,3.0000000000003002
discharge_MWh,31,592.80000000018379,753.088548390509,592.80000000018379,753.088548390509,160.28854839032522,160.28854839032516,0,0,160.28854839032516,0,160.28854839032516,0,2026,86,95,12.999999999999481,12.999999999999481
discharge_MWh,32,101.89415000003568,101.89415000003568,101.89415000003568,101.89415000003568,0,0,0,0,0,0,0,0,2026,122,122,1,1
discharge_MWh,33,2514.7131132502855,2175.5447000002009,2695.5744988133069,2332.012659197248,-182.70045405303745,-339.16841325008437,156.46795919704701,180.86138556302171,-363.56183961605905,-24.393426365974683,-351.36512643307174,168.66467238003438,2026,63,288,22.99999999999747,24.65418943657
discharge_MWh,34,361.60000000004254,361.6000000000426,361.60000000004248,361.60000000004254,0,5.6843418860808015e-14,-4.014566457045039e-14,-4.0145664570450384e-14,5.6843418860808009e-14,-6.3108872417680944e-30,5.6843418860808015e-14,-4.0145664570450384e-14,2026,179,239,4,3.9999999999999996
discharge_MWh,35,19.278633377138892,19.278633377138892,19.278633377138895,19.278633377138895,3.5527136788005009e-15,0,2.1403582658606641e-15,2.1403582658606641e-15,0,0,0,2.1403582658606641e-15,2026,93,93,3.9999999999999996,4
discharge_MWh,36,659.93999999993184,659.93999999993184,659.93999999993173,659.93999999993173,-1.1368683772161603e-13,0,-9.7690744382826223e-14,-9.7690744382826223e-14,0,-0,0,-9.7690744382826223e-14,2026,105,105,5.9999999999988001,5.9999999999987992
discharge_MWh,37,70.99706250002005,70.99706250002005,70.99706250002005,70.99706250002005,0,0,0,0,0,0,0,0,2026,91,91,1,1
discharge_MWh,38,608.00000000021271,608.00000000021271,608.00000000021282,608.00000000021282,1.1368683772161603e-13,7.1054273576010006e-14,1.0800249583557304e-13,1.0800249583557303e-13,7.1054273576010019e-14,1.2621774483536189e-29,7.1054273576010019e-14,1.0800249583557304e-13,2026,275,263,19.999999999999996,20
discharge_MWh,39,300.80000000002127,464.00000000010641,300.80000000002127,464.00000000010641,163.20000000008514,163.20000000008514,0,0,163.20000000008514,0,163.20000000008514,0,2026,192,23,4,4
discharge_MWh,40,812.35452377364857,708.64730309502386,1493.9263000004792,1303.2079129691042,490.85338919545563,-103.70722067862469,594.56060987408046,681.57177622683059,-190.71838703137493,-87.011166352750237,-147.21280385499981,638.06619305045547,2026,357,271,10.331658229521704,18.999999999999432
discharge_MWh,41,273.60000000012315,472.09374963884176,273.60000000012315,472.09374963884176,198.49374963871861,198.49374963871858,0,0,198.49374963871858,0,198.49374963871858,0,2026,169,202,9.0000000000009006,9.0000000000009006
discharge_MWh,42,281.76000000008509,281.76000000008509,281.75987865802784,281.75987865802784,-0.00012134205724123603,0,-0.00012134205722979742,-0.00012134205722979742,0,-0,0,-0.00012134205722979742,2026,21,21,8,7.9999965547399992
discharge_MWh,43,90.813350000031846,90.813350000031846,90.813350000031861,90.813350000031861,1.4210854715202004e-14,0,1.0082307211337833e-14,1.0082307211337833e-14,0,0,0,1.0082307211337833e-14,2026,308,308,1.9999999999999998,2
discharge_MWh,44,1626.4000000002545,1626.4000000002545,1626.4000000002545,1626.4000000002545,0,0,0,0,0,0,0,0,2026,283,224,18.999999999999428,18.999999999999428
discharge_MWh,45,214.19999958075587,214.19999958075587,214.19999966933403,214.19999966933403,8.8578161694385926e-08,0,8.857817892506706e-08,8.857817892506706e-08,0,0,0,8.857817892506706e-08,2026,364,364,2.9999999941275632,2.999999995368154
discharge_MWh,46,77.085225000012201,77.085225000012201,77.085225000012201,77.085225000012201,0,0,0,0,0,0,0,0,2026,123,123,1,1
discharge_MWh,47,481.00000000014302,482.85000000014304,481.0000000001429,482.85000000014293,1.8499999999999091,1.850000000000023,-8.5771389990466483e-14,-8.5442763975177432e-14,1.8500000000000227,-3.2862601528905037e-16,1.8500000000000227,-8.5607076982821957e-14,2026,124,133,5.0000000000000009,5
total_cost_CNY,0,12720318.080179717,16618373.709910497,12720318.080179717,16618373.709910497,3898055.6297307797,3898055.6297307797,0,0,3898055.6297307797,0,3898055.6297307797,0,2026,331,26,5.9999999999988001,5.9999999999988001
total_cost_CNY,1,57864783.339267135,43344478.701017499,57864783.372440927,43344478.725866817,-14520304.613400318,-14520304.638249643,0.024849320920487229,0.033173788548947473,-14520304.64657411,-0.0083244676284602425,-14520304.642411876,0.029011554734717351,2026,337,87,18.999999999999432,19.000000010892101
total_cost_CNY,2,12583230.483905209,14309792.07415596,12583230.483905211,14309792.074155962,1726561.5902507529,1726561.5902507517,1.8156640729510583e-09,1.5965933951305743e-09,1726561.5902507519,2.1907067782048401e-10,1726561.5902507517,1.7061287340408163e-09,2026,127,97,7.0000000000020988,7.0000000000020997
total_cost_CNY,3,2777590.8876714124,2373766.9677643045,2632537.4476865376,2249802.3241859479,-527788.56348546455,-403823.91990710789,-123964.64357835636,-145053.43998487451,-382735.12350058975,21088.796406518155,-393279.52170384879,-134509.04178161544,2026,347,140,4.2204229811920282,4.0000208786612452
total_cost_CNY,4,5594605.3887879178,5594605.3887879178,5594605.3887879187,5594605.3887879187,9.3132257461547852e-10,0,6.211259716324323e-10,6.211259716324323e-10,0,0,0,6.211259716324323e-10,2026,344,344,3.9999999999999996,4
total_cost_CNY,5,4831664.6969930781,4831664.6969930781,4831664.6969930781,4831664.6969930781,0,0,0,0,0,0,0,0,2026,326,326,3.0000000000002998,3.0000000000002998
total_cost_CNY,6,645728.74248783593,645728.74248783593,645728.74248783616,645728.74248783616,2.3283064365386963e-10,0,2.1507087527167324e-10,2.1507087527167324e-10,0,0,0,2.1507087527167324e-10,2026,332,332,0.99999999999999989,1.0000000000000002
total_cost_CNY,7,9317670.9643065426,9317670.9643065426,9317670.9643065426,9317670.9643065426,0,0,0,0,0,0,0,0,2026,167,167,3.0000000000003002,3.0000000000003002
total_cost_CNY,8,1370880.5386822431,1370880.5386822431,1370880.5386822433,1370880.5386822433,2.3283064365386963e-10,0,1.5219831380555641e-10,1.5219831380555641e-10,0,0,0,1.5219831380555641e-10,2026,152,152,1.9999999999999998,2
total_cost_CNY,9,2725196.3697765195,2725196.3697765195,2725196.369776519,2725196.369776519,-4.6566128730773926e-10,0,-4.0341010084673075e-10,-4.0341010084673075e-10,0,-0,0,-4.0341010084673075e-10,2026,31,31,3.0000000000003006,3.0000000000003002
total_cost_CNY,10,22122824.772145852,24758247.642145235,25665059.923341911,28722458.179600809,6599633.4074549563,2635422.8699993831,3964210.5374555741,3542235.1511960588,3057398.2562588979,421975.38625951513,2846410.5631291405,3753222.8443258163,2026,303,24,14.99999999999925,17.401751485859997
total_cost_CNY,11,4898033.2857408132,5407738.6729984311,4898033.2857408151,5407738.672998433,509705.38725761976,509705.38725761784,1.8011387957756249e-09,1.631372798762958e-09,509705.38725761801,1.6976599701266678e-10,509705.3872576179,1.7162557972692914e-09,2026,333,75,3.9999999999999996,4.0000000000000009
total_cost_CNY,12,383427.20580650278,383427.20580650278,383427.20580650272,383427.20580650272,-5.8207660913467407e-11,0,-4.256897121540679e-11,-4.256897121540679e-11,0,-0,0,-4.256897121540679e-11,2026,13,13,1,0.99999999999999989
total_cost_CNY,13,9867021.9399026688,10874624.728376303,9867021.9399026688,10874624.728376303,1007602.788473634,1007602.788473634,0,0,1007602.788473634,0,1007602.788473634,0,2026,166,352,8,8
total_cost_CNY,14,8692820.8403921518,8692820.8403921518,5480624.7804776663,5480624.7804776663,-3212196.0599144856,0,-3212196.0599144851,-3212196.0599144851,0,-0,0,-3212196.0599144851,2026,106,106,6.3444013692428136,3.9999999999999996
total_cost_CNY,15,83458054.688053489,93442017.080063701,52684335.49220594,58986883.834223859,-24471170.85382963,9983962.3920102082,-34455133.245839834,-30773719.195847552,6302548.3420179226,-3681414.0499922847,8143255.3670140654,-32614426.220843695,2026,206,176,30.103936248141522,19.003628623518519
total_cost_CNY,16,60593003.881005809,49300291.644831367,60594413.785828806,49301438.785829715,-11291565.095176093,-11292712.236174442,1147.1409983496389,1409.9048229940406,-11292974.999999087,-262.76382464440172,-11292843.618086765,1278.5229106718398,2026,4,205,17.999581177780001,17.999999999998558
total_cost_CNY,17,7208116.475596535,5554744.6085610483,7208116.475596535,5554744.6085610483,-1653371.8670354867,-1653371.8670354863,0,0,-1653371.8670354863,-0,-1653371.8670354863,0,2026,254,25,4.9999999999999991,4.9999999999999991
total_cost_CNY,18,46001343.689489573,39286802.833489567,46001343.689489573,39286802.833489567,-6714540.8560000062,-6714540.8560000062,0,0,-6714540.8560000062,-0,-6714540.8560000062,0,2026,181,211,16,16
total_cost_CNY,19,19320939.800300319,13560490.01563289,21339791.271246888,14977430.159216961,-4343509.6410833579,-5760449.7846674295,1416940.143584071,2018851.4709465695,-6362361.1120299278,-601911.32736249827,-6061405.4483486786,1717895.8072653203,2026,49,99,9.0000000000008988,9.9404130143946663
total_cost_CNY,20,1119506.238502196,1119506.238502196,1119506.2385021963,1119506.2385021963,2.3283064365386963e-10,0,2.4858032043932799e-10,2.4858032043932799e-10,0,0,0,2.4858032043932799e-10,2026,42,42,2,2.0000000000000004
total_cost_CNY,21,676874.88126910315,676874.88126910315,676874.88126910315,676874.88126910315,0,0,0,0,0,0,0,0,2026,74,74,0.99999999999999989,0.99999999999999989
total_cost_CNY,22,1190079.011291676,1190079.011291676,1190079.0112916762,1190079.0112916762,2.3283064365386963e-10,0,1.3212531194591606e-10,1.3212531194591606e-10,0,0,0,1.3212531194591606e-10,2026,73,73,1.9999999999999998,2
total_cost_CNY,23,9001623.0386094209,9736484.8511088509,9001623.0386094227,9736484.8511088546,734861.81249943376,734861.81249943096,2.8825785761646001e-09,2.6650157750566518e-09,734861.81249943119,2.1756280110794834e-10,734861.81249943108,2.773797175610626e-09,2026,255,313,5.9999999999987983,5.9999999999988001
total_cost_CNY,24,59749829.613384388,66034008.230133981,59749829.613384388,66034008.230133981,6284178.6167495921,6284178.6167495903,0,0,6284178.6167495903,0,6284178.6167495903,0,2026,280,256,22.999999999997467,22.999999999997467
total_cost_CNY,25,606580.77632567182,606580.77632567182,606580.7763256717,606580.7763256717,-1.1641532182693481e-10,0,-1.3468798883435258e-10,-1.3468798883435258e-10,0,-0,0,-1.3468798883435258e-10,2026,92,92,1,0.99999999999999978
total_cost_CNY,26,12317755.843160925,16940155.300930988,12317755.843160924,16940155.300930984,4622399.4577700589,4622399.4577700626,-3.0091760729311164e-09,-2.1880729838061305e-09,4622399.4577700626,-8.2110308912498591e-10,4622399.4577700626,-2.5986245283686232e-09,2026,207,96,10.000000000000002,10
total_cost_CNY,27,640668.1067538705,640668.1067538705,640668.1067538705,640668.1067538705,0,0,0,0,0,0,0,0,2026,186,186,1,1
total_cost_CNY,28,21417626.303415947,29254178.566338558,21417626.303415943,29254178.566338554,7836552.2629226074,7836552.262922612,-3.7118471555250483e-09,-2.7175247834136331e-09,7836552.2629226111,-9.9432237211141527e-10,7836552.2629226111,-3.2146859694693407e-09,2026,304,292,14.000000000000279,14.000000000000277
total_cost_CNY,29,3324260.4569319626,5620270.7208460746,3324260.4569319617,5620270.7208460737,2296010.2639141111,2296010.2639141125,-1.2479507917819874e-09,-7.3813409982736149e-10,2296010.263914112,-5.0981669195462587e-10,2296010.263914112,-9.9304244580467442e-10,2026,315,354,4.0000000000000009,4
total_cost_CNY,30,1918089.6879563306,1918089.6879563306,1918089.6879563311,1918089.6879563311,4.6566128730773926e-10,0,5.6786862263066335e-10,5.6786862263066335e-10,0,0,0,5.6786862263066335e-10,2026,125,125,3.0000000000002993,3.0000000000003002
total_cost_CNY,31,53305320.152339704,49944549.805251308,53305320.152339704,49944549.805251308,-3360770.3470883965,-3360770.3470883952,0,0,-3360770.3470883952,-0,-3360770.3470883952,0,2026,86,95,12.999999999999481,12.999999999999481
total_cost_CNY,32,576359.01569846889,576359.01569846889,576359.01569846889,576359.01569846889,0,0,0,0,0,0,0,0,2026,122,122,1,1
total_cost_CNY,33,36123488.26191964,44952703.407871142,38721535.770399027,48185759.369727083,12062271.107807443,8829215.1459515002,3233055.9618559387,2598047.5084793833,9464223.599328056,635008.453376555,9146719.3726397771,2915551.7351676608,2026,63,288,22.99999999999747,24.65418943657
total_cost_CNY,34,12917909.058594016,10800781.058594018,12917909.058594014,10800781.058594016,-2117128,-2117127.9999999981,-1.1991275815186351e-09,-1.4341760066864957e-09,-2117127.9999999977,2.3504842516786063e-10,-2117127.9999999981,-1.3166517941025655e-09,2026,179,239,4,3.9999999999999996
total_cost_CNY,35,2561419.1339741712,2561419.1339741712,2561419.1339741717,2561419.1339741717,4.6566128730773926e-10,0,2.843746498253554e-10,2.843746498253554e-10,0,0,0,2.843746498253554e-10,2026,93,93,3.9999999999999996,4
total_cost_CNY,36,4833809.3673914336,4833809.3673914336,4833809.3673914326,4833809.3673914326,-9.3132257461547852e-10,0,-7.1554752751037395e-10,-7.1554752751037395e-10,0,-0,0,-7.1554752751037395e-10,2026,105,105,5.9999999999988001,5.9999999999987992
total_cost_CNY,37,589450.71771820111,589450.71771820111,589450.71771820111,589450.71771820111,0,0,0,0,0,0,0,0,2026,91,91,1,1
total_cost_CNY,38,73337066.428704053,72507996.428704038,73337066.428704068,72507996.428704053,-829070,-829070.00000001851,1.2880007536733737e-08,1.3027279953217897e-08,-829070.00000001863,-1.4727241648415987e-10,-829070.00000001863,1.2953643744975817e-08,2026,275,263,19.999999999999996,20
total_cost_CNY,39,2881928.1112260157,4938012.8009762624,2881928.1112260157,4938012.8009762624,2056084.6897502467,2056084.6897502467,0,0,2056084.6897502467,0,2056084.6897502467,0,2026,192,23,4,4
total_cost_CNY,40,23057839.599037543,21368589.389759399,42403546.715267375,39297002.415866017,16239162.816828474,-1689250.2092781453,17928413.026106618,19345707.116229836,-3106544.2994013606,-1417294.0901232152,-2397897.2543397527,18637060.071168229,2026,357,271,10.331658229521704,18.999999999999432
total_cost_CNY,41,25826393.892919417,21159074.776590582,25826393.892919417,21159074.776590582,-4667319.1163288355,-4667319.1163288355,0,0,-4667319.1163288355,-0,-4667319.1163288355,0,2026,169,202,9.0000000000009006,9.0000000000009006
total_cost_CNY,42,12667662.188102126,12667662.188102126,12667656.732678397,12667656.732678397,-5.4554237294942141,0,-5.4554237301106072,-5.4554237301106072,0,-0,0,-5.4554237301106072,2026,21,21,8,7.9999965547399992
total_cost_CNY,43,4201713.6301861927,4201713.6301861927,4201713.6301861936,4201713.6301861936,9.3132257461547852e-10,0,4.6648392151140623e-10,4.6648392151140623e-10,0,0,0,4.6648392151140623e-10,2026,308,308,1.9999999999999998,2
total_cost_CNY,44,54908156.554635666,62952243.554635458,54908156.554635666,62952243.554635458,8044086.9999997914,8044086.9999997932,0,0,8044086.9999997932,0,8044086.9999997932,0,2026,283,224,18.999999999999428,18.999999999999428
total_cost_CNY,45,4360909.24247282,4360909.24247282,4360909.2442761883,4360909.2442761883,0.0018033683300018311,0,0.0018033678800737044,0.0018033678800737044,0,0,0,0.0018033678800737044,2026,364,364,2.9999999941275632,2.999999995368154
total_cost_CNY,46,1394767.6078957273,1394767.6078957273,1394767.6078957273,1394767.6078957273,0,0,0,0,0,0,0,0,2026,123,123,1,1
total_cost_CNY,47,5387315.0559294913,4881566.0074530365,5387315.0559294894,4881566.0074530356,-505749.04847645573,-505749.04847645445,-8.6714031643229738e-10,-9.5697939456042922e-10,-505749.04847645434,8.9839078128131848e-11,-505749.04847645439,-9.120598554963633e-10,2026,124,133,5.0000000000000009,5
thermal_cost_CNY,0,4711064.5685516149,4464182.7631569579,4711064.5685516149,4464182.7631569579,-246881.80539465696,-246881.80539465742,0,0,-246881.80539465742,-0,-246881.80539465742,0,2026,331,26,5.9999999999988001,5.9999999999988001
thermal_cost_CNY,1,15256239.179999534,15187497.499999546,15256239.188745912,15187497.508706514,-68741.671293020248,-68741.679999988221,0.0087069682383266716,0.0087463777344868598,-68741.680039397717,-3.9409496160189067e-05,-68741.680019692969,0.0087266729864067649,2026,337,87,18.999999999999432,19.000000010892101
thermal_cost_CNY,2,5020398.1578962421,5137581.6578962775,5020398.157896243,5137581.6578962784,117183.50000003632,117183.50000003513,6.518698797127567e-10,6.3700132887776675e-10,117183.50000003514,1.4868550834989946e-11,117183.50000003514,6.4443560429526173e-10,2026,127,97,7.0000000000020988,7.0000000000020997
thermal_cost_CNY,3,2725013.1675351923,2322373.8315078956,2582705.4807878346,2201093.0789369196,-523920.08859827276,-402639.33602729702,-121280.7525709758,-142307.6867473578,-381612.40185091499,21026.934176382005,-392125.868939106,-131794.21965916679,2026,347,140,4.2204229811920282,4.0000208786612452
thermal_cost_CNY,4,2793075.5457063704,2793075.5457063704,2793075.5457063708,2793075.5457063708,4.6566128730773926e-10,0,3.1009367803606867e-10,3.1009367803606867e-10,0,0,0,3.1009367803606867e-10,2026,344,344,3.9999999999999996,4
thermal_cost_CNY,5,2009065.1135735975,2009065.1135735975,2009065.1135735975,2009065.1135735975,0,0,0,0,0,0,0,0,2026,326,326,3.0000000000002998,3.0000000000002998
thermal_cost_CNY,6,566178.23684210319,566178.23684210319,566178.23684210342,566178.23684210342,2.3283064365386963e-10,0,1.8857523437513345e-10,1.8857523437513345e-10,0,0,0,1.8857523437513345e-10,2026,332,332,0.99999999999999989,1.0000000000000002
thermal_cost_CNY,7,2492021.9210528811,2492021.9210528811,2492021.9210528811,2492021.9210528811,0,0,0,0,0,0,0,0,2026,167,167,3.0000000000003002,3.0000000000003002
thermal_cost_CNY,8,1345850.0051800443,1345850.0051800443,1345850.0051800446,1345850.0051800446,2.3283064365386963e-10,0,1.4941936634427717e-10,1.4941936634427717e-10,0,0,0,1.4941936634427717e-10,2026,152,152,1.9999999999999998,2
thermal_cost_CNY,9,1916396.9201191426,1916396.9201191426,1916396.9201191424,1916396.9201191424,-2.3283064365386963e-10,0,-2.8368373133823944e-10,-2.8368373133823944e-10,0,-0,0,-2.8368373133823944e-10,2026,31,31,3.0000000000003006,3.0000000000003002
thermal_cost_CNY,10,11363426.052630985,11458293.552631008,13182901.079722755,13292958.456995107,1929532.4043641221,94867.50000002145,1834664.9043641002,1819475.0270917697,110057.37727235194,15189.877272330485,102462.43863618669,1827069.9657279351,2026,303,24,14.99999999999925,17.401751485859997
thermal_cost_CNY,11,3081167.8947368413,2999670.4819944594,3081167.8947368423,2999670.4819944603,-81497.412742380984,-81497.412742381901,9.9909097061960717e-10,1.0262350618417988e-09,-81497.41274238193,-2.7144091222191607e-11,-81497.412742381915,1.0126630162307029e-09,2026,333,75,3.9999999999999996,4.0000000000000009
thermal_cost_CNY,12,299630.344999997,299630.344999997,299630.34499999695,299630.34499999695,-5.8207660913467407e-11,0,-3.3265650789537582e-11,-3.3265650789537582e-11,0,-0,0,-3.3265650789537582e-11,2026,13,13,1,0.99999999999999989
thermal_cost_CNY,13,5741489.8947368274,6156055.6842104672,5741489.8947368274,6156055.6842104672,414565.7894736398,414565.7894736398,0,0,414565.7894736398,0,414565.7894736398,0,2026,166,352,8,8
thermal_cost_CNY,14,4072136.6815854651,4072136.6815854651,2567389.0692520686,2567389.0692520686,-1504747.6123333964,0,-1504747.6123333962,-1504747.6123333962,0,-0,0,-1504747.6123333962,2026,106,106,6.3444013692428136,3.9999999999999996
thermal_cost_CNY,15,22072574.434251979,21479354.188634589,13933693.051166672,13559212.546466516,-8513361.8877854627,-593220.24561739108,-7920141.642168073,-8138881.3830853086,-374480.50470015535,218739.74091723567,-483850.37515877327,-8029511.5126266908,2026,206,176,30.103936248141522,19.003628623518519
thermal_cost_CNY,16,15825951.281078098,14992795.667311607,15826319.526314519,14993144.526314586,-832806.75476351194,-833155.61376649176,348.85900298026127,368.24523642167946,-833174.99999993318,-19.386233441418188,-833165.30688321253,358.55211970097037,2026,4,205,17.999581177780001,17.999999999998558
thermal_cost_CNY,17,4200014.7368421042,4066456.8698060829,4200014.7368421042,4066456.8698060829,-133557.86703602131,-133557.86703602117,0,0,-133557.86703602117,-0,-133557.86703602117,0,2026,254,25,4.9999999999999991,4.9999999999999991
thermal_cost_CNY,18,12128043.789473655,11865795.789473655,12128043.789473655,11865795.789473655,-262248,-262248,0,0,-262248,-0,-262248,0,2026,181,211,16,16
thermal_cost_CNY,19,6489523.8947374402,6223917.4653745629,7167616.4200518634,6874256.6859245989,384732.79118715879,-265606.42936287797,650339.22055003606,678092.52531442326,-293359.73412726511,-27753.304764387154,-279483.08174507157,664215.87293222966,2026,49,99,9.0000000000008988,9.9404130143946663
thermal_cost_CNY,20,1095035.882499997,1095035.882499997,1095035.8824999973,1095035.8824999973,2.3283064365386963e-10,0,2.4314680990844485e-10,2.4314680990844485e-10,0,0,0,2.4314680990844485e-10,2026,42,42,2,2.0000000000000004
thermal_cost_CNY,21,633957.43351800216,633957.43351800216,633957.43351800216,633957.43351800216,0,0,0,0,0,0,0,0,2026,74,74,0.99999999999999989,0.99999999999999989
thermal_cost_CNY,22,1056509.9999999958,1056509.9999999958,1056509.999999996,1056509.999999996,2.3283064365386963e-10,0,1.1729617277467197e-10,1.1729617277467197e-10,0,0,0,1.1729617277467197e-10,2026,73,73,1.9999999999999998,2
thermal_cost_CNY,23,4393639.8947359491,4804409.8421043009,4393639.89473595,4804409.8421043027,410769.94736835361,410769.94736835215,1.422391047050927e-09,1.3007787128129271e-09,410769.94736835227,1.2161233423799989e-10,410769.94736835221,1.3615848799319272e-09,2026,255,313,5.9999999999987983,5.9999999999988001
thermal_cost_CNY,24,17798486.44736642,17716537.447366428,17798486.44736642,17716537.447366428,-81948.999999992549,-81948.999999990978,0,0,-81948.999999990978,-0,-81948.999999990978,0,2026,280,256,22.999999999997467,22.999999999997467
thermal_cost_CNY,25,538863.27003941766,538863.27003941766,538863.27003941755,538863.27003941755,-1.1641532182693481e-10,0,-1.1965168190451296e-10,-1.1965168190451296e-10,0,-0,0,-1.1965168190451296e-10,2026,92,92,1,0.99999999999999978
thermal_cost_CNY,26,6845641.5650969306,7245147.3684210526,6845641.5650969287,7245147.3684210517,399505.80332412105,399505.80332412274,-1.2869967080357461e-09,-1.2160302214242565e-09,399505.80332412268,-7.0966486611489664e-11,399505.80332412268,-1.2515134647300012e-09,2026,207,96,10.000000000000002,10
thermal_cost_CNY,27,462482.99999999627,462482.99999999627,462482.99999999627,462482.99999999627,0,0,0,0,0,0,0,0,2026,186,186,1,1
thermal_cost_CNY,28,10600592.947368631,10318889.323289605,10600592.947368629,10318889.323289603,-281703.62407902814,-281703.62407902675,-1.3092878303170962e-09,-1.3450311274111395e-09,-281703.62407902675,3.5743297094043309e-11,-281703.62407902675,-1.3271594788641178e-09,2026,304,292,14.000000000000279,14.000000000000277
thermal_cost_CNY,29,2640635.6343490267,2732444.1052631424,2640635.6343490263,2732444.1052631419,91808.470914115198,91808.470914115678,-6.0672447183288501e-10,-5.8633889617998897e-10,91808.470914115664,-2.038557565289604e-11,91808.470914115664,-5.9653168400643694e-10,2026,315,354,4.0000000000000009,4
thermal_cost_CNY,30,1881657.0310079383,1881657.0310079383,1881657.031007939,1881657.031007939,6.9849193096160889e-10,0,5.5708238940603117e-10,5.5708238940603117e-10,0,0,0,5.5708238940603117e-10,2026,125,125,3.0000000000002993,3.0000000000003002
thermal_cost_CNY,31,10494948.578946926,10046701.711667048,10494948.578946926,10046701.711667048,-448246.86727987789,-448246.86727987748,0,0,-448246.86727987748,-0,-448246.86727987748,0,2026,86,95,12.999999999999481,12.999999999999481
thermal_cost_CNY,32,461099.74749999586,461099.74749999586,461099.74749999586,461099.74749999586,0,0,0,0,0,0,0,0,2026,122,122,1,1
thermal_cost_CNY,33,16907855.779866379,17163502.447366536,18123890.407090284,18397923.51010669,1490067.7302403115,255646.66750015685,1234421.0627401567,1216034.6272239056,274033.10301640799,18386.435516251124,264839.88525828242,1225227.8449820313,2026,63,288,22.99999999999747,24.65418943657
thermal_cost_CNY,34,2973574.9473684211,2952686.9473684207,2973574.9473684207,2952686.9473684202,-20888.000000000931,-20888.000000000466,-3.2781410334785884e-10,-3.3013313720169592e-10,-20888.000000000462,2.3190338538370787e-12,-20888.000000000466,-3.2897362027477735e-10,2026,179,239,4,3.9999999999999996
thermal_cost_CNY,35,2512776.9566360023,2512776.9566360023,2512776.9566360028,2512776.9566360028,4.6566128730773926e-10,0,2.7897428330048188e-10,2.7897428330048188e-10,0,0,0,2.7897428330048188e-10,2026,93,93,3.9999999999999996,4
thermal_cost_CNY,36,3811580.8005532385,3811580.8005532385,3811580.8005532376,3811580.8005532376,-9.3132257461547852e-10,0,-5.6422730199923174e-10,-5.6422730199923174e-10,0,-0,0,-5.6422730199923174e-10,2026,105,105,5.9999999999988001,5.9999999999987992
thermal_cost_CNY,37,470384.98684209964,470384.98684209964,470384.98684209964,470384.98684209964,0,0,0,0,0,0,0,0,2026,91,91,1,1
thermal_cost_CNY,38,17594739.473684207,17433669.473684207,17594739.47368421,17433669.47368421,-161069.99999999627,-161070.0000000023,3.0968418005422309e-09,3.1254535801544512e-09,-161070.00000000233,-2.8611779612220248e-11,-161070.0000000023,3.1111476903483413e-09,2026,275,263,19.999999999999996,20
thermal_cost_CNY,39,2296993.9999999925,2800659.8421052406,2296993.9999999925,2800659.8421052406,503665.84210524801,503665.84210524801,0,0,503665.84210524801,0,503665.84210524801,0,2026,192,23,4,4
thermal_cost_CNY,40,8107838.3983673155,8186707.597517591,14910377.999999519,15055419.071874442,6947580.673507126,78869.199150275468,6868711.4743568497,6802539.601632203,145041.07187492223,66171.872724646746,111955.13551259885,6835625.5379945263,2026,357,271,10.331658229521704,18.999999999999432
thermal_cost_CNY,41,6996446.7631585943,7140761.293209075,6996446.7631585943,7140761.293209075,144314.53005048074,144314.53005048097,0,0,144314.53005048097,0,144314.53005048097,0,2026,169,202,9.0000000000009006,9.0000000000009006
thermal_cost_CNY,42,6629545.8060941771,6629545.8060941771,6629542.9510305533,6629542.9510305533,-2.8550636237487197,0,-2.8550636236882458,-2.8550636236882458,0,-0,0,-2.8550636236882458,2026,21,21,8,7.9999965547399992
thermal_cost_CNY,43,1458180.8011842065,1458180.8011842065,1458180.8011842067,1458180.8011842067,2.3283064365386963e-10,0,1.618905899541064e-10,1.618905899541064e-10,0,0,0,1.618905899541064e-10,2026,308,308,1.9999999999999998,2
thermal_cost_CNY,44,14731226.999999521,14474669.999999562,14731226.999999521,14474669.999999562,-256556.99999995902,-256556.99999995911,0,0,-256556.99999995911,-0,-256556.99999995911,0,2026,283,224,18.999999999999428,18.999999999999428
thermal_cost_CNY,45,2103117.1288471734,2103117.1288471734,2103117.129716876,2103117.129716876,0.00086970254778862,0,0.0008697025476377962,0.0008697025476377962,0,0,0,0.0008697025476377962,2026,364,364,2.9999999941275632,2.999999995368154
thermal_cost_CNY,46,683595.34487534559,683595.34487534559,683595.34487534559,683595.34487534559,0,0,0,0,0,0,0,0,2026,123,123,1,1
thermal_cost_CNY,47,3384987.5277008214,3405759.9792243671,3384987.5277008209,3405759.9792243661,20772.451523544732,20772.451523545318,-6.0498450324508579e-10,-6.012945746115898e-10,20772.451523545315,-3.6899286334959872e-12,20772.451523545315,-6.0313953892833775e-10,2026,124,133,5.0000000000000009,5
curtailment_cost_CNY,0,233609.62297494654,276675.10499995208,233609.62297494654,276675.10499995208,43065.482025005535,43065.482025005505,0,0,43065.482025005505,0,43065.482025005505,0,2026,331,26,5.9999999999988001,5.9999999999988001
curtailment_cost_CNY,1,0,0,0,0,0,0,0,0,0,0,0,0,2026,337,87,18.999999999999432,19.000000010892101
curtailment_cost_CNY,2,461587.24500016856,481192.88000017544,461587.24500016862,481192.8800001755,19605.635000006936,19605.635000006849,6.1055018818482809e-11,5.8567404259694476e-11,19605.635000006849,2.4876145587883323e-12,19605.635000006849,5.9811211539088642e-11,2026,127,97,7.0000000000020988,7.0000000000020997
curtailment_cost_CNY,3,816.98503814866399,0,774.31983114296725,0,-816.98503814866399,-816.98503814866399,-0,-42.665207005696701,-774.31983114296725,42.665207005696701,-795.65243464581567,-21.33260350284835,2026,347,140,4.2204229811920282,4.0000208786612452
curtailment_cost_CNY,4,154645.25207757473,154645.25207757473,154645.25207757475,154645.25207757475,2.9103830456733704e-11,0,1.7169071950548482e-11,1.7169071950548482e-11,0,0,0,1.7169071950548482e-11,2026,344,344,3.9999999999999996,4
curtailment_cost_CNY,5,447291.54016626376,447291.54016626376,447291.54016626376,447291.54016626376,0,0,0,0,0,0,0,0,2026,326,326,3.0000000000002998,3.0000000000002998
curtailment_cost_CNY,6,54821.157894739365,54821.157894739365,54821.157894739386,54821.157894739386,2.1827872842550278e-11,0,1.8259113519405249e-11,1.8259113519405249e-11,0,0,0,1.8259113519405249e-11,2026,332,332,0.99999999999999989,1.0000000000000002
curtailment_cost_CNY,7,0,0,0,0,0,0,0,0,0,0,0,0,2026,167,167,3.0000000000003002,3.0000000000003002
curtailment_cost_CNY,8,0,0,0,0,0,0,0,0,0,0,0,0,2026,152,152,1.9999999999999998,2
curtailment_cost_CNY,9,12639.473684211805,12639.473684211805,12639.473684211804,12639.473684211804,-1.8189894035458565e-12,0,-1.8710179604472393e-12,-1.8710179604472393e-12,0,-0,0,-1.8710179604472393e-12,2026,31,31,3.0000000000003006,3.0000000000003002
curtailment_cost_CNY,10,645103.37950139935,576523.37950141879,748395.24618482287,668834.43839148944,23731.058890090091,-68579.999999980631,92311.058890070708,103291.86668342349,-79560.807793333413,-10980.80779335278,-74070.403896657022,97801.462786747099,2026,303,24,14.99999999999925,17.401751485859997
curtailment_cost_CNY,11,0,0,0,0,0,0,0,0,0,0,0,0,2026,333,75,3.9999999999999996,4.0000000000000009
curtailment_cost_CNY,12,70841.180055406308,70841.180055406308,70841.180055406294,70841.180055406294,-1.4551915228366852e-11,0,-7.8649509189128506e-12,-7.8649509189128506e-12,0,-0,0,-7.8649509189128506e-12,2026,13,13,1,0.99999999999999989
curtailment_cost_CNY,13,15385.263157894758,9125.6431578875472,15385.263157894758,9125.6431578875472,-6259.6200000072113,-6259.6200000072113,0,0,-6259.6200000072113,-0,-6259.6200000072113,0,2026,166,352,8,8
curtailment_cost_CNY,14,1232965.7600410455,1232965.7600410455,777356.72022162518,777356.72022162518,-455609.03981942032,0,-455609.03981942037,-455609.03981942037,0,-0,0,-455609.03981942037,2026,106,106,6.3444013692428136,3.9999999999999996
curtailment_cost_CNY,15,1805383.3303747042,2132157.613148225,1139679.3446122843,1345961.242845044,-459422.0875296602,326774.28277352097,-786196.370303181,-665703.98576241988,206281.89823275976,-120492.3845407612,266528.09050314035,-725950.17803280044,2026,206,176,30.103936248141522,19.003628623518519
curtailment_cost_CNY,16,0,0,0,0,0,0,0,0,0,0,0,0,2026,4,205,17.999581177780001,17.999999999998558
curtailment_cost_CNY,17,0,0,0,0,0,0,0,0,0,0,0,0,2026,254,25,4.9999999999999991,4.9999999999999991
curtailment_cost_CNY,18,330136.32000003103,223948.00000002814,330136.32000003103,223948.00000002814,-106188.32000000289,-106188.32000000289,0,0,-106188.32000000289,-0,-106188.32000000289,0,2026,181,211,16,16
curtailment_cost_CNY,19,556825.6160527115,980938.62049875478,615008.51117312757,1083437.2255030221,526611.60945031059,424113.00444604323,102498.6050042673,58182.895120416077,468428.71432989446,44315.709883851225,446270.85938796884,80340.750062341685,2026,49,99,9.0000000000008988,9.9404130143946663
curtailment_cost_CNY,20,0,0,0,0,0,0,0,0,0,0,0,0,2026,42,42,2,2.0000000000000004
curtailment_cost_CNY,21,30362.000000001462,30362.000000001462,30362.000000001462,30362.000000001462,0,0,0,0,0,0,0,0,2026,74,74,0.99999999999999989,0.99999999999999989
curtailment_cost_CNY,22,108014.31578948085,108014.31578948085,108014.31578948087,108014.31578948087,1.4551915228366852e-11,0,1.1991998037861425e-11,1.1991998037861425e-11,0,0,0,1.1991998037861425e-11,2026,73,73,1.9999999999999998,2
curtailment_cost_CNY,23,44513.147368424368,0,44513.147368424383,0,-44513.147368424368,-44513.147368424368,0,1.3178538961857954e-11,-44513.147368424383,-1.3178538961857954e-11,-44513.147368424376,6.5892694809289769e-12,2026,255,313,5.9999999999987983,5.9999999999988001
curtailment_cost_CNY,24,272400.04000000429,321089.89000000182,272400.04000000429,321089.89000000182,48689.849999997532,48689.849999997539,0,0,48689.849999997539,0,48689.849999997539,0,2026,280,256,22.999999999997467,22.999999999997467
curtailment_cost_CNY,25,54805.005000003381,54805.005000003381,54805.005000003366,54805.005000003366,-1.4551915228366852e-11,0,-1.2169155683140116e-11,-1.2169155683140116e-11,0,-0,0,-1.2169155683140116e-11,2026,92,92,1,0.99999999999999978
curtailment_cost_CNY,26,940251.80055406329,864485.8500000427,940251.80055406305,864485.85000004258,-75765.950554020703,-75765.950554020543,-1.5356353522123146e-10,-1.6702227166726102e-10,-75765.950554020528,1.3458736446029556e-11,-75765.950554020543,-1.6029290344424624e-10,2026,207,96,10.000000000000002,10
curtailment_cost_CNY,27,165168.75900277472,165168.75900277472,165168.75900277472,165168.75900277472,0,0,0,0,0,0,0,0,2026,186,186,1,1
curtailment_cost_CNY,28,668820.48753469775,840911.91753468697,668820.48753469763,840911.91753468686,172091.42999998911,172091.4299999892,-1.0669711686042077e-10,-8.4861703383089041e-11,172091.4299999892,-2.1835413477331727e-11,172091.4299999892,-9.5779410121754898e-11,2026,304,292,14.000000000000279,14.000000000000277
curtailment_cost_CNY,29,150012.63157896177,234659.29157895767,150012.63157896174,234659.29157895761,84646.659999995842,84646.659999995885,-5.2104829690637368e-11,-3.3309495512714834e-11,84646.659999995871,-1.8795334177922534e-11,84646.659999995871,-4.2707162601676098e-11,2026,315,354,4.0000000000000009,4
curtailment_cost_CNY,30,0,0,0,0,0,0,0,0,0,0,0,0,2026,125,125,3.0000000000002993,3.0000000000003002
curtailment_cost_CNY,31,18683.052631578201,166056.68733903195,18683.052631578201,166056.68733903195,147373.63470745375,147373.63470745375,0,0,147373.63470745375,0,147373.63470745375,0,2026,86,95,12.999999999999481,12.999999999999481
curtailment_cost_CNY,32,102127.97894737325,102127.97894737325,102127.97894737325,102127.97894737325,0,0,0,0,0,0,0,0,2026,122,122,1,1
curtailment_cost_CNY,33,1353701.3526498794,1415808.5152353975,1451061.2864684716,1517635.2756750535,163933.92302517407,62107.16258551801,101826.76043965606,97359.933818592253,66573.989206581828,4466.8266210638194,64340.575896049922,99593.347129124159,2026,63,288,22.99999999999747,24.65418943657
curtailment_cost_CNY,34,309068.72022162523,185628.72022162529,309068.72022162518,185628.72022162526,-123439.99999999997,-123439.99999999994,-2.0608927922174979e-11,-3.4313520938147905e-11,-123439.99999999993,1.3704593015972926e-11,-123439.99999999994,-2.7461224430161442e-11,2026,179,239,4,3.9999999999999996
curtailment_cost_CNY,35,0,0,0,0,0,0,0,0,0,0,0,0,2026,93,93,3.9999999999999996,4
curtailment_cost_CNY,36,619555.08033231401,619555.08033231401,619555.0803323139,619555.0803323139,-1.1641532182693481e-10,0,-9.1712575361141478e-11,-9.1712575361141478e-11,0,-0,0,-9.1712575361141478e-11,2026,105,105,5.9999999999988001,5.9999999999987992
curtailment_cost_CNY,37,106243.41250000188,106243.41250000188,106243.41250000188,106243.41250000188,0,0,0,0,0,0,0,0,2026,91,91,1,1
curtailment_cost_CNY,38,0,0,0,0,0,0,0,0,0,0,0,0,2026,275,263,19.999999999999996,20
curtailment_cost_CNY,39,533476.72022162529,353063.56786704843,533476.72022162529,353063.56786704843,-180413.15235457686,-180413.15235457686,0,0,-180413.15235457686,-0,-180413.15235457686,0,2026,192,23,4,4
curtailment_cost_CNY,40,209081.81924914333,78257.774725980169,384503.09500002797,143916.6575937359,-65165.161655407428,-130824.04452316317,65658.882867755732,175421.27575088464,-240586.43740629207,-109762.39288312891,-185705.24096472762,120540.07930932019,2026,357,271,10.331658229521704,18.999999999999432
curtailment_cost_CNY,41,0,88706.166124912823,0,88706.166124912823,88706.166124912823,88706.166124912823,0,0,88706.166124912823,0,88706.166124912823,0,2026,169,202,9.0000000000009006,9.0000000000009006
curtailment_cost_CNY,42,0,0,0,0,0,0,-0,-0,0,-0,0,-0,2026,21,21,8,7.9999965547399992
curtailment_cost_CNY,43,0,0,0,0,0,0,0,0,0,0,0,0,2026,308,308,1.9999999999999998,2
curtailment_cost_CNY,44,744930.94736845733,619074.94736848143,744930.94736845733,619074.94736848143,-125855.9999999759,-125855.99999997589,0,0,-125855.99999997589,-0,-125855.99999997589,0,2026,283,224,18.999999999999428,18.999999999999428
curtailment_cost_CNY,45,47613.074699046811,47613.074699046811,47613.074718736258,47613.074718736258,1.9689447071868926e-05,0,1.9689446583190648e-05,1.9689446583190648e-05,0,0,0,1.9689446583190648e-05,2026,364,364,2.9999999941275632,2.999999995368154
curtailment_cost_CNY,46,83141.313019393696,83141.313019393696,83141.313019393696,83141.313019393696,0,0,0,0,0,0,0,0,2026,123,123,1,1
curtailment_cost_CNY,47,345455.78947370226,286915.78947370232,345455.7894737022,286915.78947370226,-58540,-58539.999999999935,-5.0966482496353337e-11,-6.136527543420239e-11,-58539.999999999927,1.0398792937849053e-11,-58539.999999999927,-5.6165878965277864e-11,2026,124,133,5.0000000000000009,5
load_shedding_cost_CNY,0,7696199.9999978235,11798399.999997003,7696199.9999978235,11798399.999997003,4102199.9999991795,4102199.9999991795,0,0,4102199.9999991795,0,4102199.9999991795,0,2026,331,26,5.9999999999988001,5.9999999999988001
load_shedding_cost_CNY,1,42371899.999996714,27920856.249997068,42371900.024288461,27920856.266004052,-14451043.733992662,-14451043.749999648,0.016006982622095343,0.024291743093128825,-14451043.758284409,-0.0082847604710334817,-14451043.754142027,0.020149362857612083,2026,337,87,18.999999999999432,19.000000010892101
load_shedding_cost_CNY,2,7009215.500001071,8599542.0000017826,7009215.500001072,8599542.0000017844,1590326.5000007134,1590326.5000007115,1.0911325176720211e-09,8.8934770658952975e-10,1590326.5000007118,2.0178481108249138e-10,1590326.5000007115,9.9024011213077544e-10,2026,127,97,7.0000000000020988,7.0000000000020997
load_shedding_cost_CNY,3,0,0,0,0,0,0,-0,-0,0,-0,0,-0,2026,347,140,4.2204229811920282,4.0000208786612452
load_shedding_cost_CNY,4,2595599.9999995744,2595599.9999995744,2595599.9999995749,2595599.9999995749,4.6566128730773926e-10,0,2.8816948827165843e-10,2.8816948827165843e-10,0,0,0,2.8816948827165843e-10,2026,344,344,3.9999999999999996,4
load_shedding_cost_CNY,5,2335499.9999999139,2335499.9999999139,2335499.9999999139,2335499.9999999139,0,0,0,0,0,0,0,0,2026,326,326,3.0000000000002998,3.0000000000002998
load_shedding_cost_CNY,6,11799.999999893582,11799.999999893582,11799.999999893585,11799.999999893585,3.637978807091713e-12,0,3.9301895071376106e-12,3.9301895071376106e-12,0,0,0,3.9301895071376106e-12,2026,332,332,0.99999999999999989,1.0000000000000002
load_shedding_cost_CNY,7,6788400.0000003595,6788400.0000003595,6788400.0000003595,6788400.0000003595,0,0,0,0,0,0,0,0,2026,167,167,3.0000000000003002,3.0000000000003002
load_shedding_cost_CNY,8,0,0,0,0,0,0,0,0,0,0,0,0,2026,152,152,1.9999999999999998,2
load_shedding_cost_CNY,9,758399.99999975716,758399.99999975716,758399.99999975704,758399.99999975704,-1.1641532182693481e-10,0,-1.1226575225004863e-10,-1.1226575225004863e-10,0,-0,0,-1.1226575225004863e-10,2026,31,31,3.0000000000003006,3.0000000000003002
load_shedding_cost_CNY,10,9917126.2499969825,12524756.249996325,11505024.430423653,14530179.712227914,4613053.462230932,2607629.9999993425,2005423.4622315897,1587898.1804266702,3025155.2818042617,417525.28180491942,2816392.6409018021,1796660.8213291299,2026,303,24,14.99999999999925,17.401751485859997
load_shedding_cost_CNY,11,1767199.9999995744,2358399.9999995739,1767199.9999995751,2358399.9999995749,591200.00000000047,591199.99999999965,7.85504994382649e-10,5.8859583873513134e-10,591199.99999999988,1.9690915564751769e-10,591199.99999999977,6.8705041655889022e-10,2026,333,75,3.9999999999999996,4.0000000000000009
load_shedding_cost_CNY,12,0,0,0,0,0,0,-0,-0,0,-0,0,-0,2026,13,13,1,0.99999999999999989
load_shedding_cost_CNY,13,4009599.9999991502,4606399.9999991516,4009599.9999991502,4606399.9999991516,596800.0000000014,596800.0000000014,0,0,596800.0000000014,0,596800.0000000014,0,2026,166,352,8,8
load_shedding_cost_CNY,14,3304164.2331009838,3304164.2331009838,2083199.9999995751,2083199.9999995751,-1220964.2331014087,0,-1220964.2331014087,-1220964.2331014087,0,-0,0,-1220964.2331014087,2026,106,106,6.3444013692428136,3.9999999999999996
load_shedding_cost_CNY,15,59188417.747204475,69437739.349960014,37363708.865513764,43833769.783005781,-15354647.964198694,10249321.602755534,-25603969.566954229,-21824708.881690715,6470060.9174920181,-3779260.6852635155,8359691.2601237763,-23714339.224322472,2026,206,176,30.103936248141522,19.003628623518519
load_shedding_cost_CNY,16,44543563.540650249,34084006.918242298,44544599.999994509,34084799.999995358,-10458763.54065489,-10459556.62240795,793.08175305789734,1036.4593442608809,-10459799.999999154,-243.37759120298352,-10459678.311203552,914.77054865938919,2026,4,205,17.999581177780001,17.999999999998558
load_shedding_cost_CNY,17,2944499.9999989327,1425499.9999994677,2944499.9999989327,1425499.9999994677,-1518999.999999465,-1518999.9999994647,0,0,-1518999.9999994647,-0,-1518999.9999994647,0,2026,254,25,4.9999999999999991,4.9999999999999991
load_shedding_cost_CNY,18,33337599.999998298,26991919.999998286,33337599.999998298,26991919.999998286,-6345680.0000000112,-6345680.0000000112,0,0,-6345680.0000000112,-0,-6345680.0000000112,0,2026,181,211,16,16
load_shedding_cost_CNY,19,12155400.000000259,6236999.9999996638,13425521.817240382,6888706.218974445,-5266693.7810258139,-5918400.0000005942,651706.21897478064,1270121.8172401225,-6536815.5982659357,-618415.59826534183,-6227607.7991332654,960914.0181074515,2026,49,99,9.0000000000008988,9.9404130143946663
load_shedding_cost_CNY,20,0,0,0,0,0,0,0,0,0,0,0,0,2026,42,42,2,2.0000000000000004
load_shedding_cost_CNY,21,0,0,0,0,0,0,0,0,0,0,0,0,2026,74,74,0.99999999999999989,0.99999999999999989
load_shedding_cost_CNY,22,0,0,0,0,0,0,0,0,0,0,0,0,2026,73,73,1.9999999999999998,2
load_shedding_cost_CNY,23,4486199.9999984642,4856377.4999979669,4486199.9999984661,4856377.4999979688,370177.49999950454,370177.49999950256,1.4377765644721011e-09,1.3281820088193787e-09,370177.49999950267,1.0959455565272238e-10,370177.49999950262,1.3829792866457399e-09,2026,255,313,5.9999999999987983,5.9999999999988001
load_shedding_cost_CNY,24,41384124.249992706,47701999.999992296,41384124.249992706,47701999.999992296,6317875.7499995902,6317875.7499995884,0,0,6317875.7499995884,0,6317875.7499995884,0,2026,280,256,22.999999999997467,22.999999999997467
load_shedding_cost_CNY,25,0,0,0,0,0,0,-0,-0,0,-0,0,-0,2026,92,92,1,0.99999999999999978
load_shedding_cost_CNY,26,4399999.9999989374,8700187.4999988973,4399999.9999989364,8700187.4999988955,4300187.4999999581,4300187.499999959,-1.5454637569687604e-09,-7.815970093359213e-10,4300187.499999959,-7.6386674763283911e-10,4300187.499999959,-1.1635303831523409e-09,2026,207,96,10.000000000000002,10
load_shedding_cost_CNY,27,0,0,0,0,0,0,0,0,0,0,0,0,2026,186,186,1,1
load_shedding_cost_CNY,28,9962399.9999972191,17908799.999998871,9962399.9999972172,17908799.999998868,7946400.0000016484,7946400.0000016512,-2.2723156689606118e-09,-1.2640555269168402e-09,7946400.0000016503,-1.0082601420437716e-09,7946400.0000016503,-1.768185597938726e-09,2026,304,292,14.000000000000279,14.000000000000277
load_shedding_cost_CNY,29,481599.99999957491,2600799.9999995753,481599.99999957479,2600799.9999995749,2119200,2119200.0000000005,-5.7749360848892702e-10,-1.0693668173180066e-10,2119200,-4.7055692675712635e-10,2119200,-3.4221514511036385e-10,2026,315,354,4.0000000000000009,4
load_shedding_cost_CNY,30,0,0,0,0,0,0,0,0,0,0,0,0,2026,125,125,3.0000000000002993,3.0000000000003002
load_shedding_cost_CNY,31,42628299.999996908,39566799.999997035,42628299.999996908,39566799.999997035,-3061499.9999998733,-3061499.9999998719,0,0,-3061499.9999998719,-0,-3061499.9999998719,0,2026,86,95,12.999999999999481,12.999999999999481
load_shedding_cost_CNY,32,0,0,0,0,0,0,0,0,0,0,0,0,2026,122,122,1,1
load_shedding_cost_CNY,33,17558199.999995627,26073052.999993958,18821008.215874922,27948260.341376152,10390060.341380525,8514852.9999983292,1875207.3413821936,1262808.2158792936,9127252.1255012304,612399.1255029001,8821052.5627497789,1569007.7786307437,2026,63,288,22.99999999999747,24.65418943657
load_shedding_cost_CNY,34,9583199.9999995716,7610399.9999995735,9583199.9999995697,7610399.9999995725,-1972799.9999999991,-1972799.9999999981,-8.4492413066068178e-10,-1.0639489289587325e-09,-1972799.9999999979,2.1902479829805068e-10,-1972799.9999999981,-9.5443652980970701e-10,2026,179,239,4,3.9999999999999996
load_shedding_cost_CNY,35,0,0,0,0,0,0,0,0,0,0,0,0,2026,93,93,3.9999999999999996,4
load_shedding_cost_CNY,36,323399.99999929965,323399.99999929965,323399.99999929959,323399.99999929959,-5.8207660913467407e-11,0,-4.7872816821742652e-11,-4.7872816821742652e-11,0,-0,0,-4.7872816821742652e-11,2026,105,105,5.9999999999988001,5.9999999999987992
load_shedding_cost_CNY,37,0,0,0,0,0,0,0,0,0,0,0,0,2026,91,91,1,1
load_shedding_cost_CNY,38,55493999.999997854,54825999.999997839,55493999.999997869,54825999.999997847,-668000.00000000745,-668000.00000001851,9.739054007695431e-09,9.8577146445673711e-09,-668000.00000001863,-1.1866063687194004e-10,-668000.00000001863,9.7983843261314011e-09,2026,275,263,19.999999999999996,20
load_shedding_cost_CNY,39,0,1731199.9999995744,0,1731199.9999995744,1731199.9999995744,1731199.9999995744,0,0,1731199.9999995744,0,1731199.9999995744,0,2026,192,23,4,4
load_shedding_cost_CNY,40,14607655.198861873,12971396.9071634,26863591.749996945,23854499.999997266,9246844.8011353929,-1636258.291698473,10883103.092833865,12255936.551135072,-3009091.7499996801,-1372833.4583012068,-2322675.0208490766,11569519.82198447,2026,357,271,10.331658229521704,18.999999999999432
load_shedding_cost_CNY,41,18718200.000000916,13815875.2500003,18718200.000000916,13815875.2500003,-4902324.7500006165,-4902324.7500006165,0,0,-4902324.7500006165,-0,-4902324.7500006165,0,2026,169,202,9.0000000000009006,9.0000000000009006
load_shedding_cost_CNY,42,5938399.9999991525,5938399.9999991525,5938397.4425826538,5938397.4425826538,-2.5574164986610413,0,-2.5574164986268757,-2.5574164986268757,0,-0,0,-2.5574164986268757,2026,21,21,8,7.9999965547399992
load_shedding_cost_CNY,43,2718399.9999997872,2718399.9999997872,2718399.9999997877,2718399.9999997877,4.6566128730773926e-10,0,3.0180302701407898e-10,3.0180302701407898e-10,0,0,0,3.0180302701407898e-10,2026,308,308,1.9999999999999998,2
load_shedding_cost_CNY,44,39185599.999996804,47612099.999996528,39185599.999996804,47612099.999996528,8426499.9999997243,8426499.9999997281,0,0,8426499.9999997281,0,8426499.9999997281,0,2026,283,224,18.999999999999428,18.999999999999428
load_shedding_cost_CNY,45,2171699.9957486228,2171699.9957486228,2171699.9966466865,2171699.9966466865,0.00089806364849209785,0,0.00089806363758868708,0.00089806363758868708,0,0,0,0.00089806363758868708,2026,364,364,2.9999999941275632,2.999999995368154
load_shedding_cost_CNY,46,615147.74999988836,615147.74999988836,615147.74999988836,615147.74999988836,0,0,0,0,0,0,0,0,2026,123,123,1,1
load_shedding_cost_CNY,47,1591499.9999994689,1123499.9999994687,1591499.9999994687,1123499.9999994684,-468000.00000000047,-468000.00000000023,-1.9957369090652371e-10,-2.8270719099045546e-10,-468000.00000000012,8.3133500083931748e-11,-468000.00000000017,-2.411404409484896e-10,2026,124,133,5.0000000000000009,5
storage_variable_om_CNY,0,6769.802148750473,6441.7552500006805,6769.802148750473,6441.7552500006805,-328.04689874979249,-328.04689874979283,0,0,-328.04689874979283,-0,-328.04689874979283,0,2026,331,26,5.9999999999988001,5.9999999999988001
storage_variable_om_CNY,1,6509.5520000020833,5990.3437500019172,6509.5520037339993,5990.3437534361719,-519.2082465659114,-519.208250000166,3.434254574720222e-06,3.7319158412869328e-06,-519.20825029782725,-2.976612665667108e-07,-519.20825014899663,3.5830852080035772e-06,2026,337,87,18.999999999999432,19.000000010892101
storage_variable_om_CNY,2,7243.1467500047083,6689.1020000043491,7243.1467500047092,6689.10200000435,-554.04475000035836,-554.04475000035904,8.4873086336786125e-13,9.1902951915333587e-13,-554.04475000035916,-7.0298655785474619e-14,-554.04475000035904,8.8388019126059851e-13,2026,127,97,7.0000000000020988,7.0000000000020997
storage_variable_om_CNY,3,641.50429314141286,273.90545147936234,608.00317355672212,259.60135502511457,-381.90293811629829,-367.59884166205046,-14.3040964542478,-33.501119584690734,-348.40181853160755,19.197023130442936,-358.00033009682898,-23.902608019469266,2026,347,140,4.2204229811920282,4.0000208786612452
storage_variable_om_CNY,4,2835.2000000004268,2835.2000000004268,2835.2000000004273,2835.2000000004273,4.5474735088646412e-13,0,3.1477043194177182e-13,3.1477043194177182e-13,0,0,0,3.1477043194177182e-13,2026,344,344,3.9999999999999996,4
storage_variable_om_CNY,5,3471.0000000006648,3471.0000000006648,3471.0000000006648,3471.0000000006648,0,0,0,0,0,0,0,0,2026,326,326,3.0000000000002998,3.0000000000002998
storage_variable_om_CNY,6,817.00000000028592,817.00000000028592,817.00000000028626,817.00000000028626,3.4106051316484809e-13,0,2.7211566333572114e-13,2.7211566333572114e-13,0,0,0,2.7211566333572114e-13,2026,332,332,0.99999999999999989,1.0000000000000002
storage_variable_om_CNY,7,912.00000000041052,912.00000000041052,912.00000000041052,912.00000000041052,0,0,0,0,0,0,0,0,2026,167,167,3.0000000000003002,3.0000000000003002
storage_variable_om_CNY,8,805.83800000003907,805.83800000003907,805.83800000003919,805.83800000003919,1.1368683772161603e-13,0,8.946599017179304e-14,8.946599017179304e-14,0,0,0,8.946599017179304e-14,2026,152,152,1.9999999999999998,2
storage_variable_om_CNY,9,1422.9327201057565,1422.9327201057565,1422.9327201057563,1422.9327201057563,-2.2737367544323206e-13,0,-2.106363557805008e-13,-2.106363557805008e-13,0,-0,0,-2.106363557805008e-13,2026,31,31,3.0000000000003006,3.0000000000003002
storage_variable_om_CNY,10,15483.873750002545,16989.243750002999,17963.101535732592,19709.506511351141,4225.6327613485955,1505.3700000004526,2720.2627613481427,2479.2277857300451,1746.40497561855,241.03497561809729,1625.8874878095012,2599.7452735390939,2026,303,24,14.99999999999925,17.401751485859997
storage_variable_om_CNY,11,1216.0000000004254,1218.8000000004251,1216.0000000004259,1218.8000000004256,2.8000000000001819,2.7999999999997267,4.0594194672408391e-13,4.0500935938339887e-13,2.7999999999997276,9.3258734068504062e-16,2.7999999999997272,4.0547565305374142e-13,2026,333,75,3.9999999999999996,4.0000000000000009
storage_variable_om_CNY,12,843.33300000008524,843.33300000008524,843.33300000008512,843.33300000008512,-1.1368683772161603e-13,0,-9.3628771402630177e-14,-9.3628771402630177e-14,0,-0,0,-9.3628771402630177e-14,2026,13,13,1,0.99999999999999989
storage_variable_om_CNY,13,3648.000000001276,6144.6190000017668,3648.000000001276,6144.6190000017668,2496.6190000004908,2496.6190000004908,0,0,2496.6190000004908,0,2496.6190000004908,0,2026,166,352,8,8
storage_variable_om_CNY,14,6708.5700078380287,6708.5700078380287,4229.600000000426,4229.600000000426,-2478.9700078376027,0,-2478.9700078376018,-2478.9700078376018,0,-0,0,-2478.9700078376018,2026,106,106,6.3444013692428136,3.9999999999999996
storage_variable_om_CNY,15,27049.831707904548,28136.583806462833,17075.672492411304,17761.703485720558,-9288.1282221839901,1086.7520985582828,-10374.880320742273,-9974.1592154932459,686.03099330925443,-400.7211052490282,886.39154593376873,-10174.51976811776,2026,206,176,30.103936248141522,19.003628623518519
storage_variable_om_CNY,16,5471.8726780470361,5471.8726780470361,5472.000000001477,5472.000000001477,0.12732195444095851,0,0.12732195444111677,0.12732195444111677,0,0,0,0.12732195444111677,2026,4,205,17.999581177780001,17.999999999998558
storage_variable_om_CNY,17,3040.0000000010641,2226.0000000005311,3040.0000000010641,2226.0000000005311,-814.00000000053296,-814.00000000053285,0,0,-814.00000000053285,-0,-814.00000000053285,0,2026,254,25,4.9999999999999991,4.9999999999999991
storage_variable_om_CNY,18,11766.016000004112,11341.480000003974,11766.016000004112,11341.480000003974,-424.5360000001383,-424.5360000001383,0,0,-424.5360000001383,-0,-424.5360000001383,0,2026,181,211,16,16
storage_variable_om_CNY,19,10179.159750004148,9622.8000000019219,11242.783561614831,10628.289594991838,449.12984498769038,-556.35975000222618,1005.4895949899164,1063.6238116106836,-614.4939666229933,-58.13421662076712,-585.42685831260974,1034.5567033002999,2026,49,99,9.0000000000008988,9.9404130143946663
storage_variable_om_CNY,20,245.66050000008522,245.66050000008522,245.66050000008528,245.66050000008528,5.6843418860808015e-14,0,5.4547588668204577e-14,5.4547588668204577e-14,0,0,0,5.4547588668204577e-14,2026,42,42,2,2.0000000000000004
storage_variable_om_CNY,21,443.10000000007307,443.10000000007307,443.10000000007307,443.10000000007307,0,0,0,0,0,0,0,0,2026,74,74,0.99999999999999989,0.99999999999999989
storage_variable_om_CNY,22,1330.0000000004654,1330.0000000004654,1330.0000000004657,1330.0000000004657,2.2737367544323206e-13,0,1.4765966227519752e-13,1.4765966227519752e-13,0,0,0,1.4765966227519752e-13,2026,73,73,1.9999999999999998,2
storage_variable_om_CNY,23,4595.9100000003309,3023.422500000454,4595.9100000003327,3023.4225000004549,-1572.487499999876,-1572.4874999998774,8.9511287271224759e-13,1.3606626936283715e-12,-1572.4874999998779,-4.6554982091612386e-13,-1572.4874999998776,1.1278877831703096e-12,2026,255,313,5.9999999999987983,5.9999999999988001
storage_variable_om_CNY,24,16234.87775000389,15796.894500003786,16234.87775000389,15796.894500003786,-437.98325000010482,-437.98325000010499,0,0,-437.98325000010499,-0,-437.98325000010499,0,2026,280,256,22.999999999997467,22.999999999997467
storage_variable_om_CNY,25,800.15353515134484,800.15353515134484,800.15353515134461,800.15353515134461,-2.2737367544323206e-13,0,-1.7766977559204752e-13,-1.7766977559204752e-13,0,-0,0,-1.7766977559204752e-13,2026,92,92,1,0.99999999999999978
storage_variable_om_CNY,26,10739.000000001068,9211.1050000032228,10739.000000001066,9211.105000003221,-1527.8949999978468,-1527.8949999978445,-1.6362209365189565e-12,-1.9076296098321182e-12,-1527.8949999978443,2.7140867331316163e-13,-1527.8949999978443,-1.7719252731755374e-12,2026,207,96,10.000000000000002,10
storage_variable_om_CNY,27,904.00000000010641,904.00000000010641,904.00000000010641,904.00000000010641,0,0,0,0,0,0,0,0,2026,186,186,1,1
storage_variable_om_CNY,28,16240.000000004047,16004.457000003964,16240.000000004045,16004.457000003962,-235.54300000008516,-235.54300000008348,-2.0306876180602636e-12,-2.0605739337047631e-12,-235.54300000008345,2.9886315644499511e-14,-235.54300000008345,-2.0456307758825133e-12,2026,304,292,14.000000000000279,14.000000000000277
storage_variable_om_CNY,29,3562.8000000011443,3917.9330000011519,3562.8000000011434,3917.933000001151,355.13300000000663,355.1330000000076,-8.6995588510799825e-13,-7.9110051842715543e-13,355.13300000000754,-7.8855366680842818e-14,355.13300000000754,-8.3052820176757679e-13,2026,315,354,4.0000000000000009,4
storage_variable_om_CNY,30,95.613695090472476,95.613695090472476,95.613695090472504,95.613695090472504,2.8421709430404007e-14,0,2.8307340202378997e-14,2.8307340202378997e-14,0,0,0,2.8307340202378997e-14,2026,125,125,3.0000000000002993,3.0000000000003002
storage_variable_om_CNY,31,5928.0000000018381,7530.8854839050891,5928.0000000018381,7530.8854839050891,1602.885483903251,1602.885483903251,0,0,1602.885483903251,0,1602.885483903251,0,2026,86,95,12.999999999999481,12.999999999999481
storage_variable_om_CNY,32,1018.9415000003568,1018.9415000003568,1018.9415000003568,1018.9415000003568,0,0,0,0,0,0,0,0,2026,122,122,1,1
storage_variable_om_CNY,33,25147.131132502855,21755.447000002008,26955.744988133072,23320.126591972479,-1827.0045405303754,-3391.6841325008463,1564.6795919704703,1808.6138556302171,-3635.6183961605934,-243.93426365974702,-3513.6512643307196,1686.6467238003436,2026,63,288,22.99999999999747,24.65418943657
storage_variable_om_CNY,34,3616.0000000004256,3616.0000000004261,3616.0000000004252,3616.0000000004256,0,4.5474735088646412e-13,-4.0145664570450391e-13,-4.0145664570450386e-13,4.5474735088646407e-13,-5.0487097934144756e-29,4.5474735088646412e-13,-4.0145664570450386e-13,2026,179,239,4,3.9999999999999996
storage_variable_om_CNY,35,192.78633377138894,192.78633377138894,192.78633377138897,192.78633377138897,2.8421709430404007e-14,0,2.1403582658606642e-14,2.1403582658606642e-14,0,0,0,2.1403582658606642e-14,2026,93,93,3.9999999999999996,4
storage_variable_om_CNY,36,6599.3999999993193,6599.3999999993193,6599.3999999993184,6599.3999999993184,-9.0949470177292824e-13,0,-9.7690744382826234e-13,-9.7690744382826234e-13,0,-0,0,-9.7690744382826234e-13,2026,105,105,5.9999999999988001,5.9999999999987992
storage_variable_om_CNY,37,709.97062500020047,709.97062500020047,709.97062500020047,709.97062500020047,0,0,0,0,0,0,0,0,2026,91,91,1,1
storage_variable_om_CNY,38,6080.0000000021273,6080.0000000021273,6080.0000000021282,6080.0000000021282,9.0949470177292824e-13,0,1.0800249583557303e-12,1.0800249583557303e-12,0,0,0,1.0800249583557303e-12,2026,275,263,19.999999999999996,20
storage_variable_om_CNY,39,3008.0000000002128,4640.0000000010641,3008.0000000002128,4640.0000000010641,1632.0000000008513,1632.0000000008513,0,0,1632.0000000008513,0,1632.0000000008513,0,2026,192,23,4,4
storage_variable_om_CNY,40,8123.5452377364854,7086.4730309502393,14939.263000004792,13032.079129691043,4908.5338919545575,-1037.0722067862466,5945.6060987408046,6815.7177622683066,-1907.1838703137487,-870.11166352750206,-1472.1280385499977,6380.6619305045551,2026,357,271,10.331658229521704,18.999999999999432
storage_variable_om_CNY,41,2736.0000000012315,4720.9374963884175,2736.0000000012315,4720.9374963884175,1984.937496387186,1984.9374963871858,0,0,1984.9374963871858,0,1984.9374963871858,0,2026,169,202,9.0000000000009006,9.0000000000009006
storage_variable_om_CNY,42,2817.6000000008507,2817.6000000008507,2817.5987865802786,2817.5987865802786,-0.0012134205721849867,0,-0.001213420572297974,-0.001213420572297974,0,-0,0,-0.001213420572297974,2026,21,21,8,7.9999965547399992
storage_variable_om_CNY,43,908.13350000031846,908.13350000031846,908.13350000031858,908.13350000031858,1.1368683772161603e-13,0,1.0082307211337833e-13,1.0082307211337833e-13,0,0,0,1.0082307211337833e-13,2026,308,308,1.9999999999999998,2
storage_variable_om_CNY,44,16264.000000002543,16264.000000002543,16264.000000002543,16264.000000002543,0,0,0,0,0,0,0,0,2026,283,224,18.999999999999428,18.999999999999428
storage_variable_om_CNY,45,2141.9999958075587,2141.9999958075587,2141.9999966933406,2141.9999966933406,8.8578190116095357e-07,0,8.8578178925067057e-07,8.8578178925067057e-07,0,0,0,8.8578178925067057e-07,2026,364,364,2.9999999941275632,2.999999995368154
storage_variable_om_CNY,46,770.85225000012201,770.85225000012201,770.85225000012201,770.85225000012201,0,0,0,0,0,0,0,0,2026,123,123,1,1
storage_variable_om_CNY,47,4810.0000000014297,4828.5000000014297,4810.0000000014288,4828.5000000014297,18.5,18.500000000000231,-8.5771389990466483e-13,-8.5442763975177432e-13,18.500000000000227,-3.2862601528905037e-15,18.500000000000231,-8.5607076982821957e-13,2026,124,133,5.0000000000000009,5
storage_investment_allocated_CNY,0,60180.935821652951,60180.935821652951,60180.935821652951,60180.935821652951,0,0,0,0,0,0,0,0,2026,331,26,5.9999999999988001,5.9999999999988001
storage_investment_allocated_CNY,1,190572.96343526675,190572.96343526675,190572.96354452192,190572.96354452192,0.00010925516835413873,0,0.00010925517780099764,0.00010925517780099764,0,0,0,0.00010925517780099764,2026,337,87,18.999999999999432,19.000000010892101
storage_investment_allocated_CNY,2,70211.091791963539,70211.091791963539,70211.091791963539,70211.091791963539,0,0,8.908568079026844e-12,8.908568079026844e-12,0,0,0,8.908568079026844e-12,2026,127,97,7.0000000000020988,7.0000000000020997
storage_investment_allocated_CNY,3,42331.500761899573,42331.500761899573,40120.83329733873,40120.83329733873,-2210.6674645608437,0,-2210.6674645608459,-2210.6674645608459,0,-0,0,-2210.6674645608459,2026,347,140,4.2204229811920282,4.0000208786612452
storage_investment_allocated_CNY,4,40120.623881109983,40120.623881109983,40120.62388110999,40120.62388110999,7.2759576141834259e-12,0,4.454284039513422e-12,4.454284039513422e-12,0,0,0,4.454284039513422e-12,2026,344,344,3.9999999999999996,4
storage_investment_allocated_CNY,5,30090.467910835498,30090.467910835498,30090.467910835498,30090.467910835498,0,0,0,0,0,0,0,0,2026,326,326,3.0000000000002998,3.0000000000002998
storage_investment_allocated_CNY,6,10030.155970277496,10030.155970277496,10030.155970277499,10030.155970277499,3.637978807091713e-12,0,3.3407130296350665e-12,3.3407130296350665e-12,0,0,0,3.3407130296350665e-12,2026,332,332,0.99999999999999989,1.0000000000000002
storage_investment_allocated_CNY,7,30090.467910835505,30090.467910835505,30090.467910835505,30090.467910835505,0,0,0,0,0,0,0,0,2026,167,167,3.0000000000003002,3.0000000000003002
storage_investment_allocated_CNY,8,20060.311940554991,20060.311940554991,20060.311940554995,20060.311940554995,3.637978807091713e-12,0,2.227142019756711e-12,2.227142019756711e-12,0,0,0,2.227142019756711e-12,2026,152,152,1.9999999999999998,2
storage_investment_allocated_CNY,9,30090.467910835509,30090.467910835509,30090.467910835505,30090.467910835505,-3.637978807091713e-12,0,-4.454284039513422e-12,-4.454284039513422e-12,0,-0,0,-4.454284039513422e-12,2026,31,31,3.0000000000003006,3.0000000000003002
storage_investment_allocated_CNY,10,150452.33955415495,150452.33955415495,174542.28155918396,174542.28155918396,24089.942005029006,0,24089.942005029014,24089.942005029014,0,0,0,24089.942005029014,2026,303,24,14.99999999999925,17.401751485859997
storage_investment_allocated_CNY,11,40120.623881109983,40120.623881109983,40120.623881109997,40120.623881109997,1.4551915228366852e-11,0,1.3362852118540266e-11,1.3362852118540266e-11,0,0,0,1.3362852118540266e-11,2026,333,75,3.9999999999999996,4.0000000000000009
storage_investment_allocated_CNY,12,10030.155970277498,10030.155970277498,10030.155970277496,10030.155970277496,-1.8189894035458565e-12,0,-1.1135710098783555e-12,-1.1135710098783555e-12,0,-0,0,-1.1135710098783555e-12,2026,13,13,1,0.99999999999999989
storage_investment_allocated_CNY,13,80241.24776221998,80241.24776221998,80241.24776221998,80241.24776221998,0,0,0,0,0,0,0,0,2026,166,352,8,8
storage_investment_allocated_CNY,14,63635.335271547534,63635.335271547534,40120.623881109983,40120.623881109983,-23514.711390437551,0,-23514.711390437551,-23514.711390437551,0,-0,0,-23514.711390437551,2026,106,106,6.3444013692428136,3.9999999999999996
storage_investment_allocated_CNY,15,301947.17588814988,301947.17588814988,190609.35909512063,190609.35909512063,-111337.81679302925,0,-111337.81679302924,-111337.81679302924,0,-0,0,-111337.81679302924,2026,206,176,30.103936248141522,19.003628623518519
storage_investment_allocated_CNY,16,180538.60661280455,180538.60661280455,180542.80746498049,180542.80746498049,4.2008521759416908,0,4.2008521759359203,4.2008521759359203,0,0,0,4.2008521759359203,2026,4,205,17.999581177780001,17.999999999998558
storage_investment_allocated_CNY,17,50150.77985138748,50150.77985138748,50150.77985138748,50150.77985138748,0,0,0,0,0,0,0,0,2026,254,25,4.9999999999999991,4.9999999999999991
storage_investment_allocated_CNY,18,160482.49552443996,160482.49552443996,160482.49552443996,160482.49552443996,0,0,0,0,0,0,0,0,2026,181,211,16,16
storage_investment_allocated_CNY,19,90271.4037325065,90271.4037325065,99703.892943354804,99703.892943354804,9432.4892108483036,0,9432.4892108483054,9432.4892108483054,0,0,0,9432.4892108483054,2026,49,99,9.0000000000008988,9.9404130143946663
storage_investment_allocated_CNY,20,20060.311940554995,20060.311940554995,20060.311940554999,20060.311940554999,3.637978807091713e-12,0,4.454284039513422e-12,4.454284039513422e-12,0,0,0,4.454284039513422e-12,2026,42,42,2,2.0000000000000004
storage_investment_allocated_CNY,21,10030.155970277496,10030.155970277496,10030.155970277496,10030.155970277496,0,0,0,0,0,0,0,0,2026,74,74,0.99999999999999989,0.99999999999999989
storage_investment_allocated_CNY,22,20060.311940554991,20060.311940554991,20060.311940554995,20060.311940554995,3.637978807091713e-12,0,2.227142019756711e-12,2.227142019756711e-12,0,0,0,2.227142019756711e-12,2026,73,73,1.9999999999999998,2
storage_investment_allocated_CNY,23,60180.935821652929,60180.935821652929,60180.935821652951,60180.935821652951,2.1827872842550278e-11,0,1.7817136158053688e-11,1.7817136158053688e-11,0,0,0,1.7817136158053688e-11,2026,255,313,5.9999999999987983,5.9999999999988001
storage_investment_allocated_CNY,24,230693.58731635704,230693.58731635704,230693.58731635704,230693.58731635704,0,0,0,0,0,0,0,0,2026,280,256,22.999999999997467,22.999999999997467
storage_investment_allocated_CNY,25,10030.155970277498,10030.155970277498,10030.155970277496,10030.155970277496,-1.8189894035458565e-12,0,-2.227142019756711e-12,-2.227142019756711e-12,0,-0,0,-2.227142019756711e-12,2026,92,92,1,0.99999999999999978
storage_investment_allocated_CNY,26,100301.55970277499,100301.55970277499,100301.55970277498,100301.55970277498,-1.4551915228366852e-11,0,-1.7817136158053688e-11,-1.7817136158053688e-11,0,-0,0,-1.7817136158053688e-11,2026,207,96,10.000000000000002,10
storage_investment_allocated_CNY,27,10030.155970277498,10030.155970277498,10030.155970277498,10030.155970277498,0,0,0,0,0,0,0,0,2026,186,186,1,1
storage_investment_allocated_CNY,28,140422.18358388776,140422.18358388776,140422.18358388776,140422.18358388776,0,0,-1.7817136158053688e-11,-1.7817136158053688e-11,0,-0,0,-1.7817136158053688e-11,2026,304,292,14.000000000000279,14.000000000000277
storage_investment_allocated_CNY,29,40120.623881109997,40120.623881109997,40120.62388110999,40120.62388110999,-7.2759576141834259e-12,0,-8.908568079026844e-12,-8.908568079026844e-12,0,-0,0,-8.908568079026844e-12,2026,315,354,4.0000000000000009,4
storage_investment_allocated_CNY,30,30090.467910835494,30090.467910835494,30090.467910835505,30090.467910835505,1.0913936421275139e-11,0,8.908568079026844e-12,8.908568079026844e-12,0,0,0,8.908568079026844e-12,2026,125,125,3.0000000000002993,3.0000000000003002
storage_investment_allocated_CNY,31,130392.02761360226,130392.02761360226,130392.02761360226,130392.02761360226,0,0,0,0,0,0,0,0,2026,86,95,12.999999999999481,12.999999999999481
storage_investment_allocated_CNY,32,10030.155970277498,10030.155970277498,10030.155970277498,10030.155970277498,0,0,0,0,0,0,0,0,2026,122,122,1,1
storage_investment_allocated_CNY,33,230693.58731635706,230693.58731635706,247285.365369565,247285.365369565,16591.778053207934,0,16591.77805320793,16591.77805320793,0,0,0,16591.77805320793,2026,63,288,22.99999999999747,24.65418943657
storage_investment_allocated_CNY,34,40120.62388110999,40120.62388110999,40120.623881109983,40120.623881109983,-7.2759576141834259e-12,0,-4.454284039513422e-12,-4.454284039513422e-12,0,-0,0,-4.454284039513422e-12,2026,179,239,4,3.9999999999999996
storage_investment_allocated_CNY,35,40120.623881109983,40120.623881109983,40120.62388110999,40120.62388110999,7.2759576141834259e-12,0,4.454284039513422e-12,4.454284039513422e-12,0,0,0,4.454284039513422e-12,2026,93,93,3.9999999999999996,4
storage_investment_allocated_CNY,36,60180.935821652951,60180.935821652951,60180.935821652944,60180.935821652944,-7.2759576141834259e-12,0,-8.908568079026844e-12,-8.908568079026844e-12,0,-0,0,-8.908568079026844e-12,2026,105,105,5.9999999999988001,5.9999999999987992
storage_investment_allocated_CNY,37,10030.155970277498,10030.155970277498,10030.155970277498,10030.155970277498,0,0,0,0,0,0,0,0,2026,91,91,1,1
storage_investment_allocated_CNY,38,200603.11940554992,200603.11940554992,200603.11940554995,200603.11940554995,2.9103830456733704e-11,0,3.5634272316107376e-11,3.5634272316107376e-11,0,0,0,3.5634272316107376e-11,2026,275,263,19.999999999999996,20
storage_investment_allocated_CNY,39,40120.62388110999,40120.62388110999,40120.62388110999,40120.62388110999,0,0,0,0,0,0,0,0,2026,192,23,4,4
storage_investment_allocated_CNY,40,103628.14347370376,103628.14347370376,190572.96343526675,190572.96343526675,86944.819961562986,0,86944.819961563,86944.819961563,0,0,0,86944.819961563,2026,357,271,10.331658229521704,18.999999999999432
storage_investment_allocated_CNY,41,90271.403732506515,90271.403732506515,90271.403732506515,90271.403732506515,0,0,0,0,0,0,0,0,2026,169,202,9.0000000000009006,9.0000000000009006
storage_investment_allocated_CNY,42,80241.24776221998,80241.24776221998,80241.213205724809,80241.213205724809,-0.034556495171273127,0,-0.034556495166633693,-0.034556495166633693,0,-0,0,-0.034556495166633693,2026,21,21,8,7.9999965547399992
storage_investment_allocated_CNY,43,20060.311940554991,20060.311940554991,20060.311940554995,20060.311940554995,3.637978807091713e-12,0,2.227142019756711e-12,2.227142019756711e-12,0,0,0,2.227142019756711e-12,2026,308,308,1.9999999999999998,2
storage_investment_allocated_CNY,44,190572.96343526672,190572.96343526672,190572.96343526672,190572.96343526672,0,0,0,0,0,0,0,0,2026,283,224,18.999999999999428,18.999999999999428
storage_investment_allocated_CNY,45,30090.467851931036,30090.467851931036,30090.467864374354,30090.467864374354,1.2443317245924845e-05,0,1.2443318629991194e-05,1.2443318629991194e-05,0,0,0,1.2443318629991194e-05,2026,364,364,2.9999999941275632,2.999999995368154
storage_investment_allocated_CNY,46,10030.155970277498,10030.155970277498,10030.155970277498,10030.155970277498,0,0,0,0,0,0,0,0,2026,123,123,1,1
storage_investment_allocated_CNY,47,50150.779851387495,50150.779851387495,50150.779851387488,50150.779851387488,-7.2759576141834259e-12,0,-8.908568079026844e-12,-8.908568079026844e-12,0,-0,0,-8.908568079026844e-12,2026,124,133,5.0000000000000009,5
storage_fixed_om_CNY,0,12493.150684929007,12493.150684929007,12493.150684929007,12493.150684929007,0,0,0,0,0,0,0,0,2026,331,26,5.9999999999988001,5.9999999999988001
storage_fixed_om_CNY,1,39561.64383561525,39561.64383561525,39561.64385829588,39561.64385829588,2.2680629626847804e-05,0,2.2680627689499501e-05,2.2680627689499501e-05,0,0,0,2.2680627689499501e-05,2026,337,87,18.999999999999432,19.000000010892101
storage_fixed_om_CNY,2,14575.342465757794,14575.342465757794,14575.342465757796,14575.342465757796,1.8189894035458565e-12,0,1.8493578054030004e-12,1.8493578054030004e-12,0,0,0,1.8493578054030004e-12,2026,127,97,7.0000000000020988,7.0000000000020997
storage_fixed_om_CNY,3,8787.7300430299765,8787.7300430299765,8328.8105966645107,8328.8105966645107,-458.91944636546577,0,-458.91944636546589,-458.91944636546589,0,-0,0,-458.91944636546589,2026,347,140,4.2204229811920282,4.0000208786612452
storage_fixed_om_CNY,4,8328.7671232876692,8328.7671232876692,8328.767123287671,8328.767123287671,1.8189894035458565e-12,0,9.2467890270150021e-13,9.2467890270150021e-13,0,0,0,9.2467890270150021e-13,2026,344,344,3.9999999999999996,4
storage_fixed_om_CNY,5,6246.5753424663772,6246.5753424663772,6246.5753424663772,6246.5753424663772,0,0,0,0,0,0,0,0,2026,326,326,3.0000000000002998,3.0000000000002998
storage_fixed_om_CNY,6,2082.1917808219173,2082.1917808219173,2082.1917808219182,2082.1917808219182,9.0949470177292824e-13,0,6.9350917702612516e-13,6.9350917702612516e-13,0,0,0,6.9350917702612516e-13,2026,332,332,0.99999999999999989,1.0000000000000002
storage_fixed_om_CNY,7,6246.5753424663781,6246.5753424663781,6246.5753424663781,6246.5753424663781,0,0,0,0,0,0,0,0,2026,167,167,3.0000000000003002,3.0000000000003002
storage_fixed_om_CNY,8,4164.3835616438346,4164.3835616438346,4164.3835616438355,4164.3835616438355,9.0949470177292824e-13,0,4.6233945135075011e-13,4.6233945135075011e-13,0,0,0,4.6233945135075011e-13,2026,152,152,1.9999999999999998,2
storage_fixed_om_CNY,9,6246.575342466379,6246.575342466379,6246.5753424663781,6246.5753424663781,-9.0949470177292824e-13,0,-9.2467890270150021e-13,-9.2467890270150021e-13,0,-0,0,-9.2467890270150021e-13,2026,31,31,3.0000000000003006,3.0000000000003002
storage_fixed_om_CNY,10,31232.876712327205,31232.876712327205,36233.783915763277,36233.783915763277,5000.9072034360725,0,5000.9072034360743,5000.9072034360743,0,0,0,5000.9072034360743,2026,303,24,14.99999999999925,17.401751485859997
storage_fixed_om_CNY,11,8328.7671232876692,8328.7671232876692,8328.7671232876728,8328.7671232876728,3.637978807091713e-12,0,2.7740367081045006e-12,2.7740367081045006e-12,0,0,0,2.7740367081045006e-12,2026,333,75,3.9999999999999996,4.0000000000000009
storage_fixed_om_CNY,12,2082.1917808219177,2082.1917808219177,2082.1917808219173,2082.1917808219173,-4.5474735088646412e-13,0,-2.3116972567537505e-13,-2.3116972567537505e-13,0,-0,0,-2.3116972567537505e-13,2026,13,13,1,0.99999999999999989
storage_fixed_om_CNY,13,16657.534246575342,16657.534246575342,16657.534246575342,16657.534246575342,0,0,0,0,0,0,0,0,2026,166,352,8,8
storage_fixed_om_CNY,14,13210.260385272708,13210.260385272708,8328.7671232876692,8328.7671232876692,-4881.4932619850388,0,-4881.493261985037,-4881.493261985037,0,-0,0,-4881.493261985037,2026,106,106,6.3444013692428136,3.9999999999999996
storage_fixed_om_CNY,15,62682.168626267281,62682.168626267281,39569.199325682399,39569.199325682399,-23112.969300584882,0,-23112.969300584882,-23112.969300584882,0,-0,0,-23112.969300584882,2026,206,176,30.103936248141522,19.003628623518519
storage_fixed_om_CNY,16,37478.579986610413,37478.579986610413,37479.452054791516,37479.452054791516,0.87206818110280437,0,0.87206818110323414,0.87206818110323414,0,0,0,0.87206818110323414,2026,4,205,17.999581177780001,17.999999999998558
storage_fixed_om_CNY,17,10410.958904109586,10410.958904109586,10410.958904109586,10410.958904109586,0,0,0,0,0,0,0,0,2026,254,25,4.9999999999999991,4.9999999999999991
storage_fixed_om_CNY,18,33315.068493150684,33315.068493150684,33315.068493150684,33315.068493150684,0,0,0,0,0,0,0,0,2026,181,211,16,16
storage_fixed_om_CNY,19,18739.726027399131,18739.726027399131,20697.846276547796,20697.846276547796,1958.1202491486656,0,1958.1202491486665,1958.1202491486665,0,0,0,1958.1202491486665,2026,49,99,9.0000000000008988,9.9404130143946663
storage_fixed_om_CNY,20,4164.3835616438355,4164.3835616438355,4164.3835616438364,4164.3835616438364,9.0949470177292824e-13,0,9.2467890270150021e-13,9.2467890270150021e-13,0,0,0,9.2467890270150021e-13,2026,42,42,2,2.0000000000000004
storage_fixed_om_CNY,21,2082.1917808219173,2082.1917808219173,2082.1917808219173,2082.1917808219173,0,0,0,0,0,0,0,0,2026,74,74,0.99999999999999989,0.99999999999999989
storage_fixed_om_CNY,22,4164.3835616438346,4164.3835616438346,4164.3835616438355,4164.3835616438355,9.0949470177292824e-13,0,4.6233945135075011e-13,4.6233945135075011e-13,0,0,0,4.6233945135075011e-13,2026,73,73,1.9999999999999998,2
storage_fixed_om_CNY,23,12493.150684929004,12493.150684929004,12493.150684929007,12493.150684929007,3.637978807091713e-12,0,3.6987156108060009e-12,3.6987156108060009e-12,0,0,0,3.6987156108060009e-12,2026,255,313,5.9999999999987983,5.9999999999988001
storage_fixed_om_CNY,24,47890.410958898836,47890.410958898836,47890.410958898836,47890.410958898836,0,0,0,0,0,0,0,0,2026,280,256,22.999999999997467,22.999999999997467
storage_fixed_om_CNY,25,2082.1917808219177,2082.1917808219177,2082.1917808219173,2082.1917808219173,-4.5474735088646412e-13,0,-4.6233945135075011e-13,-4.6233945135075011e-13,0,-0,0,-4.6233945135075011e-13,2026,92,92,1,0.99999999999999978
storage_fixed_om_CNY,26,20821.917808219183,20821.917808219183,20821.917808219179,20821.917808219179,-3.637978807091713e-12,0,-3.6987156108060009e-12,-3.6987156108060009e-12,0,-0,0,-3.6987156108060009e-12,2026,207,96,10.000000000000002,10
storage_fixed_om_CNY,27,2082.1917808219177,2082.1917808219177,2082.1917808219177,2082.1917808219177,0,0,0,0,0,0,0,0,2026,186,186,1,1
storage_fixed_om_CNY,28,29150.684931507429,29150.684931507429,29150.684931507425,29150.684931507425,-3.637978807091713e-12,0,-3.6987156108060009e-12,-3.6987156108060009e-12,0,-0,0,-3.6987156108060009e-12,2026,304,292,14.000000000000279,14.000000000000277
storage_fixed_om_CNY,29,8328.7671232876728,8328.7671232876728,8328.767123287671,8328.767123287671,-1.8189894035458565e-12,0,-1.8493578054030004e-12,-1.8493578054030004e-12,0,-0,0,-1.8493578054030004e-12,2026,315,354,4.0000000000000009,4
storage_fixed_om_CNY,30,6246.5753424663762,6246.5753424663762,6246.5753424663781,6246.5753424663781,1.8189894035458565e-12,0,1.8493578054030004e-12,1.8493578054030004e-12,0,0,0,1.8493578054030004e-12,2026,125,125,3.0000000000002993,3.0000000000003002
storage_fixed_om_CNY,31,27068.493150683851,27068.493150683851,27068.493150683851,27068.493150683851,0,0,0,0,0,0,0,0,2026,86,95,12.999999999999481,12.999999999999481
storage_fixed_om_CNY,32,2082.1917808219177,2082.1917808219177,2082.1917808219177,2082.1917808219177,0,0,0,0,0,0,0,0,2026,122,122,1,1
storage_fixed_om_CNY,33,47890.410958898843,47890.410958898843,51334.750607652604,51334.750607652604,3444.3396487537611,0,3444.3396487537607,3444.3396487537607,0,0,0,3444.3396487537607,2026,63,288,22.99999999999747,24.65418943657
storage_fixed_om_CNY,34,8328.767123287671,8328.767123287671,8328.7671232876692,8328.7671232876692,-1.8189894035458565e-12,0,-9.2467890270150021e-13,-9.2467890270150021e-13,0,-0,0,-9.2467890270150021e-13,2026,179,239,4,3.9999999999999996
storage_fixed_om_CNY,35,8328.7671232876692,8328.7671232876692,8328.767123287671,8328.767123287671,1.8189894035458565e-12,0,9.2467890270150021e-13,9.2467890270150021e-13,0,0,0,9.2467890270150021e-13,2026,93,93,3.9999999999999996,4
storage_fixed_om_CNY,36,12493.150684929007,12493.150684929007,12493.150684929005,12493.150684929005,-1.8189894035458565e-12,0,-1.8493578054030004e-12,-1.8493578054030004e-12,0,-0,0,-1.8493578054030004e-12,2026,105,105,5.9999999999988001,5.9999999999987992
storage_fixed_om_CNY,37,2082.1917808219177,2082.1917808219177,2082.1917808219177,2082.1917808219177,0,0,0,0,0,0,0,0,2026,91,91,1,1
storage_fixed_om_CNY,38,41643.835616438344,41643.835616438344,41643.835616438359,41643.835616438359,1.4551915228366852e-11,0,7.3974312216120017e-12,7.3974312216120017e-12,0,0,0,7.3974312216120017e-12,2026,275,263,19.999999999999996,20
storage_fixed_om_CNY,39,8328.767123287671,8328.767123287671,8328.767123287671,8328.767123287671,0,0,0,0,0,0,0,0,2026,192,23,4,4
storage_fixed_om_CNY,40,21512.493847771217,21512.493847771217,39561.64383561525,39561.64383561525,18049.149987844034,0,18049.149987844034,18049.149987844034,0,0,0,18049.149987844034,2026,357,271,10.331658229521704,18.999999999999432
storage_fixed_om_CNY,41,18739.726027399134,18739.726027399134,18739.726027399134,18739.726027399134,0,0,0,0,0,0,0,0,2026,169,202,9.0000000000009006,9.0000000000009006
storage_fixed_om_CNY,42,16657.534246575342,16657.534246575342,16657.527072883284,16657.527072883284,-0.0071736920581315644,0,-0.0071736920565539644,-0.0071736920565539644,0,-0,0,-0.0071736920565539644,2026,21,21,8,7.9999965547399992
storage_fixed_om_CNY,43,4164.3835616438346,4164.3835616438346,4164.3835616438355,4164.3835616438355,9.0949470177292824e-13,0,4.6233945135075011e-13,4.6233945135075011e-13,0,0,0,4.6233945135075011e-13,2026,308,308,1.9999999999999998,2
storage_fixed_om_CNY,44,39561.643835615243,39561.643835615243,39561.643835615243,39561.643835615243,0,0,0,0,0,0,0,0,2026,283,224,18.999999999999428,18.999999999999428
storage_fixed_om_CNY,45,6246.5753302382136,6246.5753302382136,6246.5753328213614,6246.5753328213614,2.5831477614701726e-06,0,2.5831478447886082e-06,2.5831478447886082e-06,0,0,0,2.5831478447886082e-06,2026,364,364,2.9999999941275632,2.999999995368154
storage_fixed_om_CNY,46,2082.1917808219177,2082.1917808219177,2082.1917808219177,2082.1917808219177,0,0,0,0,0,0,0,0,2026,123,123,1,1
storage_fixed_om_CNY,47,10410.958904109591,10410.958904109591,10410.95890410959,10410.95890410959,-1.8189894035458565e-12,0,-1.8493578054030004e-12,-1.8493578054030004e-12,0,-0,0,-1.8493578054030004e-12,2026,124,133,5.0000000000000009,5
