seed,day_set,cluster,metric,difference
42,old,0,renewable_available_MWh,0
42,old,0,renewable_used_MWh,0
42,old,0,curtailment_MWh,0
42,old,0,total_load_MWh,0
42,old,0,thermal_generation_MWh,0
42,old,0,unserved_MWh,0
42,old,0,discharge_MWh,0
42,old,0,total_cost_CNY,0
42,old,0,thermal_cost_CNY,0
42,old,0,curtailment_cost_CNY,0
42,old,0,load_shedding_cost_CNY,0
42,old,0,storage_variable_om_CNY,0
42,old,0,storage_investment_allocated_CNY,0
42,old,0,storage_fixed_om_CNY,0
42,old,1,renewable_available_MWh,0
42,old,1,renewable_used_MWh,0
42,old,1,curtailment_MWh,0
42,old,1,total_load_MWh,0
42,old,1,thermal_generation_MWh,0
42,old,1,unserved_MWh,0
42,old,1,discharge_MWh,0
42,old,1,total_cost_CNY,0
42,old,1,thermal_cost_CNY,0
42,old,1,curtailment_cost_CNY,0
42,old,1,load_shedding_cost_CNY,0
42,old,1,storage_variable_om_CNY,0
42,old,1,storage_investment_allocated_CNY,0
42,old,1,storage_fixed_om_CNY,0
42,old,2,renewable_available_MWh,0
42,old,2,renewable_used_MWh,0
42,old,2,curtailment_MWh,0
42,old,2,total_load_MWh,0
42,old,2,thermal_generation_MWh,0
42,old,2,unserved_MWh,0
42,old,2,discharge_MWh,0
42,old,2,total_cost_CNY,0
42,old,2,thermal_cost_CNY,0
42,old,2,curtailment_cost_CNY,0
42,old,2,load_shedding_cost_CNY,0
42,old,2,storage_variable_om_CNY,0
42,old,2,storage_investment_allocated_CNY,0
42,old,2,storage_fixed_om_CNY,0
42,old,3,renewable_available_MWh,0
42,old,3,renewable_used_MWh,0
42,old,3,curtailment_MWh,0
42,old,3,total_load_MWh,0
42,old,3,thermal_generation_MWh,0
42,old,3,unserved_MWh,0
42,old,3,discharge_MWh,0
42,old,3,total_cost_CNY,0
42,old,3,thermal_cost_CNY,0
42,old,3,curtailment_cost_CNY,0
42,old,3,load_shedding_cost_CNY,0
42,old,3,storage_variable_om_CNY,0
42,old,3,storage_investment_allocated_CNY,0
42,old,3,storage_fixed_om_CNY,0
42,old,4,renewable_available_MWh,0
42,old,4,renewable_used_MWh,0
42,old,4,curtailment_MWh,0
42,old,4,total_load_MWh,0
42,old,4,thermal_generation_MWh,0
42,old,4,unserved_MWh,0
42,old,4,discharge_MWh,0
42,old,4,total_cost_CNY,0
42,old,4,thermal_cost_CNY,0
42,old,4,curtailment_cost_CNY,0
42,old,4,load_shedding_cost_CNY,0
42,old,4,storage_variable_om_CNY,0
42,old,4,storage_investment_allocated_CNY,0
42,old,4,storage_fixed_om_CNY,0
42,old,5,renewable_available_MWh,0
42,old,5,renewable_used_MWh,0
42,old,5,curtailment_MWh,0
42,old,5,total_load_MWh,0
42,old,5,thermal_generation_MWh,0
42,old,5,unserved_MWh,0
42,old,5,discharge_MWh,0
42,old,5,total_cost_CNY,0
42,old,5,thermal_cost_CNY,0
42,old,5,curtailment_cost_CNY,0
42,old,5,load_shedding_cost_CNY,0
42,old,5,storage_variable_om_CNY,0
42,old,5,storage_investment_allocated_CNY,0
42,old,5,storage_fixed_om_CNY,0
42,old,6,renewable_available_MWh,0
42,old,6,renewable_used_MWh,0
42,old,6,curtailment_MWh,0
42,old,6,total_load_MWh,0
42,old,6,thermal_generation_MWh,0
42,old,6,unserved_MWh,0
42,old,6,discharge_MWh,0
42,old,6,total_cost_CNY,0
42,old,6,thermal_cost_CNY,0
42,old,6,curtailment_cost_CNY,0
42,old,6,load_shedding_cost_CNY,0
42,old,6,storage_variable_om_CNY,0
42,old,6,storage_investment_allocated_CNY,0
42,old,6,storage_fixed_om_CNY,0
42,old,7,renewable_available_MWh,0
42,old,7,renewable_used_MWh,0
42,old,7,curtailment_MWh,0
42,old,7,total_load_MWh,0
42,old,7,thermal_generation_MWh,0
42,old,7,unserved_MWh,0
42,old,7,discharge_MWh,0
42,old,7,total_cost_CNY,0
42,old,7,thermal_cost_CNY,0
42,old,7,curtailment_cost_CNY,0
42,old,7,load_shedding_cost_CNY,0
42,old,7,storage_variable_om_CNY,0
42,old,7,storage_investment_allocated_CNY,0
42,old,7,storage_fixed_om_CNY,0
42,old,8,renewable_available_MWh,0
42,old,8,renewable_used_MWh,0
42,old,8,curtailment_MWh,0
42,old,8,total_load_MWh,0
42,old,8,thermal_generation_MWh,0
42,old,8,unserved_MWh,0
42,old,8,discharge_MWh,0
42,old,8,total_cost_CNY,0
42,old,8,thermal_cost_CNY,0
42,old,8,curtailment_cost_CNY,0
42,old,8,load_shedding_cost_CNY,0
42,old,8,storage_variable_om_CNY,0
42,old,8,storage_investment_allocated_CNY,0
42,old,8,storage_fixed_om_CNY,0
42,old,9,renewable_available_MWh,0
42,old,9,renewable_used_MWh,0
42,old,9,curtailment_MWh,0
42,old,9,total_load_MWh,0
42,old,9,thermal_generation_MWh,0
42,old,9,unserved_MWh,0
42,old,9,discharge_MWh,0
42,old,9,total_cost_CNY,0
42,old,9,thermal_cost_CNY,0
42,old,9,curtailment_cost_CNY,0
42,old,9,load_shedding_cost_CNY,0
42,old,9,storage_variable_om_CNY,0
42,old,9,storage_investment_allocated_CNY,0
42,old,9,storage_fixed_om_CNY,0
42,old,10,renewable_available_MWh,0
42,old,10,renewable_used_MWh,0
42,old,10,curtailment_MWh,0
42,old,10,total_load_MWh,0
42,old,10,thermal_generation_MWh,0
42,old,10,unserved_MWh,0
42,old,10,discharge_MWh,0
42,old,10,total_cost_CNY,0
42,old,10,thermal_cost_CNY,0
42,old,10,curtailment_cost_CNY,0
42,old,10,load_shedding_cost_CNY,0
42,old,10,storage_variable_om_CNY,0
42,old,10,storage_investment_allocated_CNY,0
42,old,10,storage_fixed_om_CNY,0
42,old,11,renewable_available_MWh,0
42,old,11,renewable_used_MWh,0
42,old,11,curtailment_MWh,0
42,old,11,total_load_MWh,0
42,old,11,thermal_generation_MWh,0
42,old,11,unserved_MWh,0
42,old,11,discharge_MWh,0
42,old,11,total_cost_CNY,0
42,old,11,thermal_cost_CNY,0
42,old,11,curtailment_cost_CNY,0
42,old,11,load_shedding_cost_CNY,0
42,old,11,storage_variable_om_CNY,0
42,old,11,storage_investment_allocated_CNY,0
42,old,11,storage_fixed_om_CNY,0
42,old,12,renewable_available_MWh,0
42,old,12,renewable_used_MWh,0
42,old,12,curtailment_MWh,0
42,old,12,total_load_MWh,0
42,old,12,thermal_generation_MWh,0
42,old,12,unserved_MWh,0
42,old,12,discharge_MWh,0
42,old,12,total_cost_CNY,0
42,old,12,thermal_cost_CNY,0
42,old,12,curtailment_cost_CNY,0
42,old,12,load_shedding_cost_CNY,0
42,old,12,storage_variable_om_CNY,0
42,old,12,storage_investment_allocated_CNY,0
42,old,12,storage_fixed_om_CNY,0
42,old,13,renewable_available_MWh,0
42,old,13,renewable_used_MWh,0
42,old,13,curtailment_MWh,0
42,old,13,total_load_MWh,0
42,old,13,thermal_generation_MWh,0
42,old,13,unserved_MWh,0
42,old,13,discharge_MWh,0
42,old,13,total_cost_CNY,0
42,old,13,thermal_cost_CNY,0
42,old,13,curtailment_cost_CNY,0
42,old,13,load_shedding_cost_CNY,0
42,old,13,storage_variable_om_CNY,0
42,old,13,storage_investment_allocated_CNY,0
42,old,13,storage_fixed_om_CNY,0
42,old,14,renewable_available_MWh,0
42,old,14,renewable_used_MWh,0
42,old,14,curtailment_MWh,0
42,old,14,total_load_MWh,0
42,old,14,thermal_generation_MWh,0
42,old,14,unserved_MWh,0
42,old,14,discharge_MWh,0
42,old,14,total_cost_CNY,0
42,old,14,thermal_cost_CNY,0
42,old,14,curtailment_cost_CNY,0
42,old,14,load_shedding_cost_CNY,0
42,old,14,storage_variable_om_CNY,0
42,old,14,storage_investment_allocated_CNY,0
42,old,14,storage_fixed_om_CNY,0
42,old,15,renewable_available_MWh,0
42,old,15,renewable_used_MWh,0
42,old,15,curtailment_MWh,0
42,old,15,total_load_MWh,0
42,old,15,thermal_generation_MWh,0
42,old,15,unserved_MWh,0
42,old,15,discharge_MWh,0
42,old,15,total_cost_CNY,0
42,old,15,thermal_cost_CNY,0
42,old,15,curtailment_cost_CNY,0
42,old,15,load_shedding_cost_CNY,0
42,old,15,storage_variable_om_CNY,0
42,old,15,storage_investment_allocated_CNY,0
42,old,15,storage_fixed_om_CNY,0
42,old,16,renewable_available_MWh,0
42,old,16,renewable_used_MWh,0
42,old,16,curtailment_MWh,0
42,old,16,total_load_MWh,0
42,old,16,thermal_generation_MWh,0
42,old,16,unserved_MWh,0
42,old,16,discharge_MWh,0
42,old,16,total_cost_CNY,0
42,old,16,thermal_cost_CNY,0
42,old,16,curtailment_cost_CNY,0
42,old,16,load_shedding_cost_CNY,0
42,old,16,storage_variable_om_CNY,0
42,old,16,storage_investment_allocated_CNY,0
42,old,16,storage_fixed_om_CNY,0
42,old,17,renewable_available_MWh,0
42,old,17,renewable_used_MWh,0
42,old,17,curtailment_MWh,0
42,old,17,total_load_MWh,0
42,old,17,thermal_generation_MWh,0
42,old,17,unserved_MWh,0
42,old,17,discharge_MWh,0
42,old,17,total_cost_CNY,0
42,old,17,thermal_cost_CNY,0
42,old,17,curtailment_cost_CNY,0
42,old,17,load_shedding_cost_CNY,0
42,old,17,storage_variable_om_CNY,0
42,old,17,storage_investment_allocated_CNY,0
42,old,17,storage_fixed_om_CNY,0
42,old,18,renewable_available_MWh,0
42,old,18,renewable_used_MWh,0
42,old,18,curtailment_MWh,0
42,old,18,total_load_MWh,0
42,old,18,thermal_generation_MWh,0
42,old,18,unserved_MWh,0
42,old,18,discharge_MWh,0
42,old,18,total_cost_CNY,0
42,old,18,thermal_cost_CNY,0
42,old,18,curtailment_cost_CNY,0
42,old,18,load_shedding_cost_CNY,0
42,old,18,storage_variable_om_CNY,0
42,old,18,storage_investment_allocated_CNY,0
42,old,18,storage_fixed_om_CNY,0
42,old,19,renewable_available_MWh,0
42,old,19,renewable_used_MWh,0
42,old,19,curtailment_MWh,0
42,old,19,total_load_MWh,0
42,old,19,thermal_generation_MWh,0
42,old,19,unserved_MWh,0
42,old,19,discharge_MWh,0
42,old,19,total_cost_CNY,0
42,old,19,thermal_cost_CNY,0
42,old,19,curtailment_cost_CNY,0
42,old,19,load_shedding_cost_CNY,0
42,old,19,storage_variable_om_CNY,0
42,old,19,storage_investment_allocated_CNY,0
42,old,19,storage_fixed_om_CNY,0
42,old,20,renewable_available_MWh,0
42,old,20,renewable_used_MWh,0
42,old,20,curtailment_MWh,0
42,old,20,total_load_MWh,0
42,old,20,thermal_generation_MWh,0
42,old,20,unserved_MWh,0
42,old,20,discharge_MWh,0
42,old,20,total_cost_CNY,0
42,old,20,thermal_cost_CNY,0
42,old,20,curtailment_cost_CNY,0
42,old,20,load_shedding_cost_CNY,0
42,old,20,storage_variable_om_CNY,0
42,old,20,storage_investment_allocated_CNY,0
42,old,20,storage_fixed_om_CNY,0
42,old,21,renewable_available_MWh,0
42,old,21,renewable_used_MWh,0
42,old,21,curtailment_MWh,0
42,old,21,total_load_MWh,0
42,old,21,thermal_generation_MWh,0
42,old,21,unserved_MWh,0
42,old,21,discharge_MWh,0
42,old,21,total_cost_CNY,0
42,old,21,thermal_cost_CNY,0
42,old,21,curtailment_cost_CNY,0
42,old,21,load_shedding_cost_CNY,0
42,old,21,storage_variable_om_CNY,0
42,old,21,storage_investment_allocated_CNY,0
42,old,21,storage_fixed_om_CNY,0
42,old,22,renewable_available_MWh,0
42,old,22,renewable_used_MWh,0
42,old,22,curtailment_MWh,0
42,old,22,total_load_MWh,0
42,old,22,thermal_generation_MWh,0
42,old,22,unserved_MWh,0
42,old,22,discharge_MWh,0
42,old,22,total_cost_CNY,0
42,old,22,thermal_cost_CNY,0
42,old,22,curtailment_cost_CNY,0
42,old,22,load_shedding_cost_CNY,0
42,old,22,storage_variable_om_CNY,0
42,old,22,storage_investment_allocated_CNY,0
42,old,22,storage_fixed_om_CNY,0
42,old,23,renewable_available_MWh,0
42,old,23,renewable_used_MWh,0
42,old,23,curtailment_MWh,0
42,old,23,total_load_MWh,0
42,old,23,thermal_generation_MWh,0
42,old,23,unserved_MWh,0
42,old,23,discharge_MWh,0
42,old,23,total_cost_CNY,0
42,old,23,thermal_cost_CNY,0
42,old,23,curtailment_cost_CNY,0
42,old,23,load_shedding_cost_CNY,0
42,old,23,storage_variable_om_CNY,0
42,old,23,storage_investment_allocated_CNY,0
42,old,23,storage_fixed_om_CNY,0
42,old,24,renewable_available_MWh,0
42,old,24,renewable_used_MWh,0
42,old,24,curtailment_MWh,0
42,old,24,total_load_MWh,0
42,old,24,thermal_generation_MWh,0
42,old,24,unserved_MWh,0
42,old,24,discharge_MWh,0
42,old,24,total_cost_CNY,0
42,old,24,thermal_cost_CNY,0
42,old,24,curtailment_cost_CNY,0
42,old,24,load_shedding_cost_CNY,0
42,old,24,storage_variable_om_CNY,0
42,old,24,storage_investment_allocated_CNY,0
42,old,24,storage_fixed_om_CNY,0
42,old,25,renewable_available_MWh,0
42,old,25,renewable_used_MWh,0
42,old,25,curtailment_MWh,0
42,old,25,total_load_MWh,0
42,old,25,thermal_generation_MWh,0
42,old,25,unserved_MWh,0
42,old,25,discharge_MWh,0
42,old,25,total_cost_CNY,0
42,old,25,thermal_cost_CNY,0
42,old,25,curtailment_cost_CNY,0
42,old,25,load_shedding_cost_CNY,0
42,old,25,storage_variable_om_CNY,0
42,old,25,storage_investment_allocated_CNY,0
42,old,25,storage_fixed_om_CNY,0
42,old,26,renewable_available_MWh,0
42,old,26,renewable_used_MWh,0
42,old,26,curtailment_MWh,0
42,old,26,total_load_MWh,0
42,old,26,thermal_generation_MWh,0
42,old,26,unserved_MWh,0
42,old,26,discharge_MWh,0
42,old,26,total_cost_CNY,0
42,old,26,thermal_cost_CNY,0
42,old,26,curtailment_cost_CNY,0
42,old,26,load_shedding_cost_CNY,0
42,old,26,storage_variable_om_CNY,0
42,old,26,storage_investment_allocated_CNY,0
42,old,26,storage_fixed_om_CNY,0
42,old,27,renewable_available_MWh,0
42,old,27,renewable_used_MWh,0
42,old,27,curtailment_MWh,0
42,old,27,total_load_MWh,0
42,old,27,thermal_generation_MWh,0
42,old,27,unserved_MWh,0
42,old,27,discharge_MWh,0
42,old,27,total_cost_CNY,0
42,old,27,thermal_cost_CNY,0
42,old,27,curtailment_cost_CNY,0
42,old,27,load_shedding_cost_CNY,0
42,old,27,storage_variable_om_CNY,0
42,old,27,storage_investment_allocated_CNY,0
42,old,27,storage_fixed_om_CNY,0
42,old,28,renewable_available_MWh,0
42,old,28,renewable_used_MWh,0
42,old,28,curtailment_MWh,0
42,old,28,total_load_MWh,0
42,old,28,thermal_generation_MWh,0
42,old,28,unserved_MWh,0
42,old,28,discharge_MWh,0
42,old,28,total_cost_CNY,0
42,old,28,thermal_cost_CNY,0
42,old,28,curtailment_cost_CNY,0
42,old,28,load_shedding_cost_CNY,0
42,old,28,storage_variable_om_CNY,0
42,old,28,storage_investment_allocated_CNY,0
42,old,28,storage_fixed_om_CNY,0
42,old,29,renewable_available_MWh,0
42,old,29,renewable_used_MWh,0
42,old,29,curtailment_MWh,0
42,old,29,total_load_MWh,0
42,old,29,thermal_generation_MWh,0
42,old,29,unserved_MWh,0
42,old,29,discharge_MWh,0
42,old,29,total_cost_CNY,0
42,old,29,thermal_cost_CNY,0
42,old,29,curtailment_cost_CNY,0
42,old,29,load_shedding_cost_CNY,0
42,old,29,storage_variable_om_CNY,0
42,old,29,storage_investment_allocated_CNY,0
42,old,29,storage_fixed_om_CNY,0
42,old,30,renewable_available_MWh,0
42,old,30,renewable_used_MWh,0
42,old,30,curtailment_MWh,0
42,old,30,total_load_MWh,0
42,old,30,thermal_generation_MWh,0
42,old,30,unserved_MWh,0
42,old,30,discharge_MWh,0
42,old,30,total_cost_CNY,0
42,old,30,thermal_cost_CNY,0
42,old,30,curtailment_cost_CNY,0
42,old,30,load_shedding_cost_CNY,0
42,old,30,storage_variable_om_CNY,0
42,old,30,storage_investment_allocated_CNY,0
42,old,30,storage_fixed_om_CNY,0
42,old,31,renewable_available_MWh,0
42,old,31,renewable_used_MWh,0
42,old,31,curtailment_MWh,0
42,old,31,total_load_MWh,0
42,old,31,thermal_generation_MWh,0
42,old,31,unserved_MWh,0
42,old,31,discharge_MWh,0
42,old,31,total_cost_CNY,0
42,old,31,thermal_cost_CNY,0
42,old,31,curtailment_cost_CNY,0
42,old,31,load_shedding_cost_CNY,0
42,old,31,storage_variable_om_CNY,0
42,old,31,storage_investment_allocated_CNY,0
42,old,31,storage_fixed_om_CNY,0
42,old,32,renewable_available_MWh,0
42,old,32,renewable_used_MWh,0
42,old,32,curtailment_MWh,0
42,old,32,total_load_MWh,0
42,old,32,thermal_generation_MWh,0
42,old,32,unserved_MWh,0
42,old,32,discharge_MWh,0
42,old,32,total_cost_CNY,0
42,old,32,thermal_cost_CNY,0
42,old,32,curtailment_cost_CNY,0
42,old,32,load_shedding_cost_CNY,0
42,old,32,storage_variable_om_CNY,0
42,old,32,storage_investment_allocated_CNY,0
42,old,32,storage_fixed_om_CNY,0
42,old,33,renewable_available_MWh,0
42,old,33,renewable_used_MWh,0
42,old,33,curtailment_MWh,0
42,old,33,total_load_MWh,0
42,old,33,thermal_generation_MWh,0
42,old,33,unserved_MWh,0
42,old,33,discharge_MWh,0
42,old,33,total_cost_CNY,0
42,old,33,thermal_cost_CNY,0
42,old,33,curtailment_cost_CNY,0
42,old,33,load_shedding_cost_CNY,0
42,old,33,storage_variable_om_CNY,0
42,old,33,storage_investment_allocated_CNY,0
42,old,33,storage_fixed_om_CNY,0
42,old,34,renewable_available_MWh,0
42,old,34,renewable_used_MWh,0
42,old,34,curtailment_MWh,0
42,old,34,total_load_MWh,0
42,old,34,thermal_generation_MWh,0
42,old,34,unserved_MWh,0
42,old,34,discharge_MWh,0
42,old,34,total_cost_CNY,0
42,old,34,thermal_cost_CNY,0
42,old,34,curtailment_cost_CNY,0
42,old,34,load_shedding_cost_CNY,0
42,old,34,storage_variable_om_CNY,0
42,old,34,storage_investment_allocated_CNY,0
42,old,34,storage_fixed_om_CNY,0
42,old,35,renewable_available_MWh,0
42,old,35,renewable_used_MWh,0
42,old,35,curtailment_MWh,0
42,old,35,total_load_MWh,0
42,old,35,thermal_generation_MWh,0
42,old,35,unserved_MWh,0
42,old,35,discharge_MWh,0
42,old,35,total_cost_CNY,0
42,old,35,thermal_cost_CNY,0
42,old,35,curtailment_cost_CNY,0
42,old,35,load_shedding_cost_CNY,0
42,old,35,storage_variable_om_CNY,0
42,old,35,storage_investment_allocated_CNY,0
42,old,35,storage_fixed_om_CNY,0
42,old,36,renewable_available_MWh,0
42,old,36,renewable_used_MWh,0
42,old,36,curtailment_MWh,0
42,old,36,total_load_MWh,0
42,old,36,thermal_generation_MWh,0
42,old,36,unserved_MWh,0
42,old,36,discharge_MWh,0
42,old,36,total_cost_CNY,0
42,old,36,thermal_cost_CNY,0
42,old,36,curtailment_cost_CNY,0
42,old,36,load_shedding_cost_CNY,0
42,old,36,storage_variable_om_CNY,0
42,old,36,storage_investment_allocated_CNY,0
42,old,36,storage_fixed_om_CNY,0
42,old,37,renewable_available_MWh,0
42,old,37,renewable_used_MWh,0
42,old,37,curtailment_MWh,0
42,old,37,total_load_MWh,0
42,old,37,thermal_generation_MWh,0
42,old,37,unserved_MWh,0
42,old,37,discharge_MWh,0
42,old,37,total_cost_CNY,0
42,old,37,thermal_cost_CNY,0
42,old,37,curtailment_cost_CNY,0
42,old,37,load_shedding_cost_CNY,0
42,old,37,storage_variable_om_CNY,0
42,old,37,storage_investment_allocated_CNY,0
42,old,37,storage_fixed_om_CNY,0
42,old,38,renewable_available_MWh,0
42,old,38,renewable_used_MWh,0
42,old,38,curtailment_MWh,0
42,old,38,total_load_MWh,0
42,old,38,thermal_generation_MWh,0
42,old,38,unserved_MWh,0
42,old,38,discharge_MWh,0
42,old,38,total_cost_CNY,0
42,old,38,thermal_cost_CNY,0
42,old,38,curtailment_cost_CNY,0
42,old,38,load_shedding_cost_CNY,0
42,old,38,storage_variable_om_CNY,0
42,old,38,storage_investment_allocated_CNY,0
42,old,38,storage_fixed_om_CNY,0
42,old,39,renewable_available_MWh,0
42,old,39,renewable_used_MWh,0
42,old,39,curtailment_MWh,0
42,old,39,total_load_MWh,0
42,old,39,thermal_generation_MWh,0
42,old,39,unserved_MWh,0
42,old,39,discharge_MWh,0
42,old,39,total_cost_CNY,0
42,old,39,thermal_cost_CNY,0
42,old,39,curtailment_cost_CNY,0
42,old,39,load_shedding_cost_CNY,0
42,old,39,storage_variable_om_CNY,0
42,old,39,storage_investment_allocated_CNY,0
42,old,39,storage_fixed_om_CNY,0
42,old,40,renewable_available_MWh,0
42,old,40,renewable_used_MWh,0
42,old,40,curtailment_MWh,0
42,old,40,total_load_MWh,0
42,old,40,thermal_generation_MWh,0
42,old,40,unserved_MWh,0
42,old,40,discharge_MWh,0
42,old,40,total_cost_CNY,0
42,old,40,thermal_cost_CNY,0
42,old,40,curtailment_cost_CNY,0
42,old,40,load_shedding_cost_CNY,0
42,old,40,storage_variable_om_CNY,0
42,old,40,storage_investment_allocated_CNY,0
42,old,40,storage_fixed_om_CNY,0
42,old,41,renewable_available_MWh,0
42,old,41,renewable_used_MWh,0
42,old,41,curtailment_MWh,0
42,old,41,total_load_MWh,0
42,old,41,thermal_generation_MWh,0
42,old,41,unserved_MWh,0
42,old,41,discharge_MWh,0
42,old,41,total_cost_CNY,0
42,old,41,thermal_cost_CNY,0
42,old,41,curtailment_cost_CNY,0
42,old,41,load_shedding_cost_CNY,0
42,old,41,storage_variable_om_CNY,0
42,old,41,storage_investment_allocated_CNY,0
42,old,41,storage_fixed_om_CNY,0
42,old,42,renewable_available_MWh,0
42,old,42,renewable_used_MWh,0
42,old,42,curtailment_MWh,0
42,old,42,total_load_MWh,0
42,old,42,thermal_generation_MWh,0
42,old,42,unserved_MWh,0
42,old,42,discharge_MWh,0
42,old,42,total_cost_CNY,0
42,old,42,thermal_cost_CNY,0
42,old,42,curtailment_cost_CNY,0
42,old,42,load_shedding_cost_CNY,0
42,old,42,storage_variable_om_CNY,0
42,old,42,storage_investment_allocated_CNY,0
42,old,42,storage_fixed_om_CNY,0
42,old,43,renewable_available_MWh,0
42,old,43,renewable_used_MWh,0
42,old,43,curtailment_MWh,0
42,old,43,total_load_MWh,0
42,old,43,thermal_generation_MWh,0
42,old,43,unserved_MWh,0
42,old,43,discharge_MWh,0
42,old,43,total_cost_CNY,0
42,old,43,thermal_cost_CNY,0
42,old,43,curtailment_cost_CNY,0
42,old,43,load_shedding_cost_CNY,0
42,old,43,storage_variable_om_CNY,0
42,old,43,storage_investment_allocated_CNY,0
42,old,43,storage_fixed_om_CNY,0
42,old,44,renewable_available_MWh,0
42,old,44,renewable_used_MWh,0
42,old,44,curtailment_MWh,0
42,old,44,total_load_MWh,0
42,old,44,thermal_generation_MWh,0
42,old,44,unserved_MWh,0
42,old,44,discharge_MWh,0
42,old,44,total_cost_CNY,0
42,old,44,thermal_cost_CNY,0
42,old,44,curtailment_cost_CNY,0
42,old,44,load_shedding_cost_CNY,0
42,old,44,storage_variable_om_CNY,0
42,old,44,storage_investment_allocated_CNY,0
42,old,44,storage_fixed_om_CNY,0
42,old,45,renewable_available_MWh,0
42,old,45,renewable_used_MWh,0
42,old,45,curtailment_MWh,0
42,old,45,total_load_MWh,0
42,old,45,thermal_generation_MWh,0
42,old,45,unserved_MWh,0
42,old,45,discharge_MWh,0
42,old,45,total_cost_CNY,0
42,old,45,thermal_cost_CNY,0
42,old,45,curtailment_cost_CNY,0
42,old,45,load_shedding_cost_CNY,0
42,old,45,storage_variable_om_CNY,0
42,old,45,storage_investment_allocated_CNY,0
42,old,45,storage_fixed_om_CNY,0
42,old,46,renewable_available_MWh,0
42,old,46,renewable_used_MWh,0
42,old,46,curtailment_MWh,0
42,old,46,total_load_MWh,0
42,old,46,thermal_generation_MWh,0
42,old,46,unserved_MWh,0
42,old,46,discharge_MWh,0
42,old,46,total_cost_CNY,0
42,old,46,thermal_cost_CNY,0
42,old,46,curtailment_cost_CNY,0
42,old,46,load_shedding_cost_CNY,0
42,old,46,storage_variable_om_CNY,0
42,old,46,storage_investment_allocated_CNY,0
42,old,46,storage_fixed_om_CNY,0
42,old,47,renewable_available_MWh,0
42,old,47,renewable_used_MWh,0
42,old,47,curtailment_MWh,0
42,old,47,total_load_MWh,0
42,old,47,thermal_generation_MWh,0
42,old,47,unserved_MWh,0
42,old,47,discharge_MWh,0
42,old,47,total_cost_CNY,0
42,old,47,thermal_cost_CNY,0
42,old,47,curtailment_cost_CNY,0
42,old,47,load_shedding_cost_CNY,0
42,old,47,storage_variable_om_CNY,0
42,old,47,storage_investment_allocated_CNY,0
42,old,47,storage_fixed_om_CNY,0
42,new,0,renewable_available_MWh,0
42,new,0,renewable_used_MWh,0
42,new,0,curtailment_MWh,0
42,new,0,total_load_MWh,0
42,new,0,thermal_generation_MWh,0
42,new,0,unserved_MWh,0
42,new,0,discharge_MWh,0
42,new,0,total_cost_CNY,0
42,new,0,thermal_cost_CNY,0
42,new,0,curtailment_cost_CNY,0
42,new,0,load_shedding_cost_CNY,0
42,new,0,storage_variable_om_CNY,0
42,new,0,storage_investment_allocated_CNY,0
42,new,0,storage_fixed_om_CNY,0
42,new,1,renewable_available_MWh,0
42,new,1,renewable_used_MWh,0
42,new,1,curtailment_MWh,0
42,new,1,total_load_MWh,0
42,new,1,thermal_generation_MWh,0
42,new,1,unserved_MWh,0
42,new,1,discharge_MWh,0
42,new,1,total_cost_CNY,0
42,new,1,thermal_cost_CNY,0
42,new,1,curtailment_cost_CNY,0
42,new,1,load_shedding_cost_CNY,0
42,new,1,storage_variable_om_CNY,0
42,new,1,storage_investment_allocated_CNY,0
42,new,1,storage_fixed_om_CNY,0
42,new,2,renewable_available_MWh,0
42,new,2,renewable_used_MWh,0
42,new,2,curtailment_MWh,0
42,new,2,total_load_MWh,0
42,new,2,thermal_generation_MWh,0
42,new,2,unserved_MWh,0
42,new,2,discharge_MWh,0
42,new,2,total_cost_CNY,0
42,new,2,thermal_cost_CNY,0
42,new,2,curtailment_cost_CNY,0
42,new,2,load_shedding_cost_CNY,0
42,new,2,storage_variable_om_CNY,0
42,new,2,storage_investment_allocated_CNY,0
42,new,2,storage_fixed_om_CNY,0
42,new,3,renewable_available_MWh,0
42,new,3,renewable_used_MWh,0
42,new,3,curtailment_MWh,0
42,new,3,total_load_MWh,0
42,new,3,thermal_generation_MWh,0
42,new,3,unserved_MWh,0
42,new,3,discharge_MWh,0
42,new,3,total_cost_CNY,0
42,new,3,thermal_cost_CNY,0
42,new,3,curtailment_cost_CNY,0
42,new,3,load_shedding_cost_CNY,0
42,new,3,storage_variable_om_CNY,0
42,new,3,storage_investment_allocated_CNY,0
42,new,3,storage_fixed_om_CNY,0
42,new,4,renewable_available_MWh,0
42,new,4,renewable_used_MWh,0
42,new,4,curtailment_MWh,0
42,new,4,total_load_MWh,0
42,new,4,thermal_generation_MWh,0
42,new,4,unserved_MWh,0
42,new,4,discharge_MWh,0
42,new,4,total_cost_CNY,0
42,new,4,thermal_cost_CNY,0
42,new,4,curtailment_cost_CNY,0
42,new,4,load_shedding_cost_CNY,0
42,new,4,storage_variable_om_CNY,0
42,new,4,storage_investment_allocated_CNY,0
42,new,4,storage_fixed_om_CNY,0
42,new,5,renewable_available_MWh,0
42,new,5,renewable_used_MWh,0
42,new,5,curtailment_MWh,0
42,new,5,total_load_MWh,0
42,new,5,thermal_generation_MWh,0
42,new,5,unserved_MWh,0
42,new,5,discharge_MWh,0
42,new,5,total_cost_CNY,0
42,new,5,thermal_cost_CNY,0
42,new,5,curtailment_cost_CNY,0
42,new,5,load_shedding_cost_CNY,0
42,new,5,storage_variable_om_CNY,0
42,new,5,storage_investment_allocated_CNY,0
42,new,5,storage_fixed_om_CNY,0
42,new,6,renewable_available_MWh,0
42,new,6,renewable_used_MWh,0
42,new,6,curtailment_MWh,0
42,new,6,total_load_MWh,0
42,new,6,thermal_generation_MWh,0
42,new,6,unserved_MWh,0
42,new,6,discharge_MWh,0
42,new,6,total_cost_CNY,0
42,new,6,thermal_cost_CNY,0
42,new,6,curtailment_cost_CNY,0
42,new,6,load_shedding_cost_CNY,0
42,new,6,storage_variable_om_CNY,0
42,new,6,storage_investment_allocated_CNY,0
42,new,6,storage_fixed_om_CNY,0
42,new,7,renewable_available_MWh,0
42,new,7,renewable_used_MWh,0
42,new,7,curtailment_MWh,0
42,new,7,total_load_MWh,0
42,new,7,thermal_generation_MWh,0
42,new,7,unserved_MWh,0
42,new,7,discharge_MWh,0
42,new,7,total_cost_CNY,0
42,new,7,thermal_cost_CNY,0
42,new,7,curtailment_cost_CNY,0
42,new,7,load_shedding_cost_CNY,0
42,new,7,storage_variable_om_CNY,0
42,new,7,storage_investment_allocated_CNY,0
42,new,7,storage_fixed_om_CNY,0
42,new,8,renewable_available_MWh,0
42,new,8,renewable_used_MWh,0
42,new,8,curtailment_MWh,0
42,new,8,total_load_MWh,0
42,new,8,thermal_generation_MWh,0
42,new,8,unserved_MWh,0
42,new,8,discharge_MWh,0
42,new,8,total_cost_CNY,0
42,new,8,thermal_cost_CNY,0
42,new,8,curtailment_cost_CNY,0
42,new,8,load_shedding_cost_CNY,0
42,new,8,storage_variable_om_CNY,0
42,new,8,storage_investment_allocated_CNY,0
42,new,8,storage_fixed_om_CNY,0
42,new,9,renewable_available_MWh,0
42,new,9,renewable_used_MWh,0
42,new,9,curtailment_MWh,0
42,new,9,total_load_MWh,0
42,new,9,thermal_generation_MWh,0
42,new,9,unserved_MWh,0
42,new,9,discharge_MWh,0
42,new,9,total_cost_CNY,0
42,new,9,thermal_cost_CNY,0
42,new,9,curtailment_cost_CNY,0
42,new,9,load_shedding_cost_CNY,0
42,new,9,storage_variable_om_CNY,0
42,new,9,storage_investment_allocated_CNY,0
42,new,9,storage_fixed_om_CNY,0
42,new,10,renewable_available_MWh,0
42,new,10,renewable_used_MWh,0
42,new,10,curtailment_MWh,0
42,new,10,total_load_MWh,0
42,new,10,thermal_generation_MWh,0
42,new,10,unserved_MWh,0
42,new,10,discharge_MWh,0
42,new,10,total_cost_CNY,0
42,new,10,thermal_cost_CNY,0
42,new,10,curtailment_cost_CNY,0
42,new,10,load_shedding_cost_CNY,0
42,new,10,storage_variable_om_CNY,0
42,new,10,storage_investment_allocated_CNY,0
42,new,10,storage_fixed_om_CNY,0
42,new,11,renewable_available_MWh,0
42,new,11,renewable_used_MWh,0
42,new,11,curtailment_MWh,0
42,new,11,total_load_MWh,0
42,new,11,thermal_generation_MWh,0
42,new,11,unserved_MWh,0
42,new,11,discharge_MWh,0
42,new,11,total_cost_CNY,0
42,new,11,thermal_cost_CNY,0
42,new,11,curtailment_cost_CNY,0
42,new,11,load_shedding_cost_CNY,0
42,new,11,storage_variable_om_CNY,0
42,new,11,storage_investment_allocated_CNY,0
42,new,11,storage_fixed_om_CNY,0
42,new,12,renewable_available_MWh,0
42,new,12,renewable_used_MWh,0
42,new,12,curtailment_MWh,0
42,new,12,total_load_MWh,0
42,new,12,thermal_generation_MWh,0
42,new,12,unserved_MWh,0
42,new,12,discharge_MWh,0
42,new,12,total_cost_CNY,0
42,new,12,thermal_cost_CNY,0
42,new,12,curtailment_cost_CNY,0
42,new,12,load_shedding_cost_CNY,0
42,new,12,storage_variable_om_CNY,0
42,new,12,storage_investment_allocated_CNY,0
42,new,12,storage_fixed_om_CNY,0
42,new,13,renewable_available_MWh,0
42,new,13,renewable_used_MWh,0
42,new,13,curtailment_MWh,0
42,new,13,total_load_MWh,0
42,new,13,thermal_generation_MWh,0
42,new,13,unserved_MWh,0
42,new,13,discharge_MWh,0
42,new,13,total_cost_CNY,0
42,new,13,thermal_cost_CNY,0
42,new,13,curtailment_cost_CNY,0
42,new,13,load_shedding_cost_CNY,0
42,new,13,storage_variable_om_CNY,0
42,new,13,storage_investment_allocated_CNY,0
42,new,13,storage_fixed_om_CNY,0
42,new,14,renewable_available_MWh,0
42,new,14,renewable_used_MWh,0
42,new,14,curtailment_MWh,0
42,new,14,total_load_MWh,0
42,new,14,thermal_generation_MWh,0
42,new,14,unserved_MWh,0
42,new,14,discharge_MWh,0
42,new,14,total_cost_CNY,0
42,new,14,thermal_cost_CNY,0
42,new,14,curtailment_cost_CNY,0
42,new,14,load_shedding_cost_CNY,0
42,new,14,storage_variable_om_CNY,0
42,new,14,storage_investment_allocated_CNY,0
42,new,14,storage_fixed_om_CNY,0
42,new,15,renewable_available_MWh,0
42,new,15,renewable_used_MWh,0
42,new,15,curtailment_MWh,0
42,new,15,total_load_MWh,0
42,new,15,thermal_generation_MWh,0
42,new,15,unserved_MWh,0
42,new,15,discharge_MWh,0
42,new,15,total_cost_CNY,0
42,new,15,thermal_cost_CNY,0
42,new,15,curtailment_cost_CNY,0
42,new,15,load_shedding_cost_CNY,0
42,new,15,storage_variable_om_CNY,0
42,new,15,storage_investment_allocated_CNY,0
42,new,15,storage_fixed_om_CNY,0
42,new,16,renewable_available_MWh,0
42,new,16,renewable_used_MWh,0
42,new,16,curtailment_MWh,0
42,new,16,total_load_MWh,0
42,new,16,thermal_generation_MWh,0
42,new,16,unserved_MWh,0
42,new,16,discharge_MWh,0
42,new,16,total_cost_CNY,0
42,new,16,thermal_cost_CNY,0
42,new,16,curtailment_cost_CNY,0
42,new,16,load_shedding_cost_CNY,0
42,new,16,storage_variable_om_CNY,0
42,new,16,storage_investment_allocated_CNY,0
42,new,16,storage_fixed_om_CNY,0
42,new,17,renewable_available_MWh,0
42,new,17,renewable_used_MWh,0
42,new,17,curtailment_MWh,0
42,new,17,total_load_MWh,0
42,new,17,thermal_generation_MWh,0
42,new,17,unserved_MWh,0
42,new,17,discharge_MWh,0
42,new,17,total_cost_CNY,0
42,new,17,thermal_cost_CNY,0
42,new,17,curtailment_cost_CNY,0
42,new,17,load_shedding_cost_CNY,0
42,new,17,storage_variable_om_CNY,0
42,new,17,storage_investment_allocated_CNY,0
42,new,17,storage_fixed_om_CNY,0
42,new,18,renewable_available_MWh,0
42,new,18,renewable_used_MWh,0
42,new,18,curtailment_MWh,0
42,new,18,total_load_MWh,0
42,new,18,thermal_generation_MWh,0
42,new,18,unserved_MWh,0
42,new,18,discharge_MWh,0
42,new,18,total_cost_CNY,0
42,new,18,thermal_cost_CNY,0
42,new,18,curtailment_cost_CNY,0
42,new,18,load_shedding_cost_CNY,0
42,new,18,storage_variable_om_CNY,0
42,new,18,storage_investment_allocated_CNY,0
42,new,18,storage_fixed_om_CNY,0
42,new,19,renewable_available_MWh,0
42,new,19,renewable_used_MWh,0
42,new,19,curtailment_MWh,0
42,new,19,total_load_MWh,0
42,new,19,thermal_generation_MWh,0
42,new,19,unserved_MWh,0
42,new,19,discharge_MWh,0
42,new,19,total_cost_CNY,0
42,new,19,thermal_cost_CNY,0
42,new,19,curtailment_cost_CNY,0
42,new,19,load_shedding_cost_CNY,0
42,new,19,storage_variable_om_CNY,0
42,new,19,storage_investment_allocated_CNY,0
42,new,19,storage_fixed_om_CNY,0
42,new,20,renewable_available_MWh,0
42,new,20,renewable_used_MWh,0
42,new,20,curtailment_MWh,0
42,new,20,total_load_MWh,0
42,new,20,thermal_generation_MWh,0
42,new,20,unserved_MWh,0
42,new,20,discharge_MWh,0
42,new,20,total_cost_CNY,0
42,new,20,thermal_cost_CNY,0
42,new,20,curtailment_cost_CNY,0
42,new,20,load_shedding_cost_CNY,0
42,new,20,storage_variable_om_CNY,0
42,new,20,storage_investment_allocated_CNY,0
42,new,20,storage_fixed_om_CNY,0
42,new,21,renewable_available_MWh,0
42,new,21,renewable_used_MWh,0
42,new,21,curtailment_MWh,0
42,new,21,total_load_MWh,0
42,new,21,thermal_generation_MWh,0
42,new,21,unserved_MWh,0
42,new,21,discharge_MWh,0
42,new,21,total_cost_CNY,0
42,new,21,thermal_cost_CNY,0
42,new,21,curtailment_cost_CNY,0
42,new,21,load_shedding_cost_CNY,0
42,new,21,storage_variable_om_CNY,0
42,new,21,storage_investment_allocated_CNY,0
42,new,21,storage_fixed_om_CNY,0
42,new,22,renewable_available_MWh,0
42,new,22,renewable_used_MWh,0
42,new,22,curtailment_MWh,0
42,new,22,total_load_MWh,0
42,new,22,thermal_generation_MWh,0
42,new,22,unserved_MWh,0
42,new,22,discharge_MWh,0
42,new,22,total_cost_CNY,0
42,new,22,thermal_cost_CNY,0
42,new,22,curtailment_cost_CNY,0
42,new,22,load_shedding_cost_CNY,0
42,new,22,storage_variable_om_CNY,0
42,new,22,storage_investment_allocated_CNY,0
42,new,22,storage_fixed_om_CNY,0
42,new,23,renewable_available_MWh,0
42,new,23,renewable_used_MWh,0
42,new,23,curtailment_MWh,0
42,new,23,total_load_MWh,0
42,new,23,thermal_generation_MWh,0
42,new,23,unserved_MWh,0
42,new,23,discharge_MWh,0
42,new,23,total_cost_CNY,0
42,new,23,thermal_cost_CNY,0
42,new,23,curtailment_cost_CNY,0
42,new,23,load_shedding_cost_CNY,0
42,new,23,storage_variable_om_CNY,0
42,new,23,storage_investment_allocated_CNY,0
42,new,23,storage_fixed_om_CNY,0
42,new,24,renewable_available_MWh,0
42,new,24,renewable_used_MWh,0
42,new,24,curtailment_MWh,0
42,new,24,total_load_MWh,0
42,new,24,thermal_generation_MWh,0
42,new,24,unserved_MWh,0
42,new,24,discharge_MWh,0
42,new,24,total_cost_CNY,0
42,new,24,thermal_cost_CNY,0
42,new,24,curtailment_cost_CNY,0
42,new,24,load_shedding_cost_CNY,0
42,new,24,storage_variable_om_CNY,0
42,new,24,storage_investment_allocated_CNY,0
42,new,24,storage_fixed_om_CNY,0
42,new,25,renewable_available_MWh,0
42,new,25,renewable_used_MWh,0
42,new,25,curtailment_MWh,0
42,new,25,total_load_MWh,0
42,new,25,thermal_generation_MWh,0
42,new,25,unserved_MWh,0
42,new,25,discharge_MWh,0
42,new,25,total_cost_CNY,0
42,new,25,thermal_cost_CNY,0
42,new,25,curtailment_cost_CNY,0
42,new,25,load_shedding_cost_CNY,0
42,new,25,storage_variable_om_CNY,0
42,new,25,storage_investment_allocated_CNY,0
42,new,25,storage_fixed_om_CNY,0
42,new,26,renewable_available_MWh,0
42,new,26,renewable_used_MWh,0
42,new,26,curtailment_MWh,0
42,new,26,total_load_MWh,0
42,new,26,thermal_generation_MWh,0
42,new,26,unserved_MWh,0
42,new,26,discharge_MWh,0
42,new,26,total_cost_CNY,0
42,new,26,thermal_cost_CNY,0
42,new,26,curtailment_cost_CNY,0
42,new,26,load_shedding_cost_CNY,0
42,new,26,storage_variable_om_CNY,0
42,new,26,storage_investment_allocated_CNY,0
42,new,26,storage_fixed_om_CNY,0
42,new,27,renewable_available_MWh,0
42,new,27,renewable_used_MWh,0
42,new,27,curtailment_MWh,0
42,new,27,total_load_MWh,0
42,new,27,thermal_generation_MWh,0
42,new,27,unserved_MWh,0
42,new,27,discharge_MWh,0
42,new,27,total_cost_CNY,0
42,new,27,thermal_cost_CNY,0
42,new,27,curtailment_cost_CNY,0
42,new,27,load_shedding_cost_CNY,0
42,new,27,storage_variable_om_CNY,0
42,new,27,storage_investment_allocated_CNY,0
42,new,27,storage_fixed_om_CNY,0
42,new,28,renewable_available_MWh,0
42,new,28,renewable_used_MWh,0
42,new,28,curtailment_MWh,0
42,new,28,total_load_MWh,0
42,new,28,thermal_generation_MWh,0
42,new,28,unserved_MWh,0
42,new,28,discharge_MWh,0
42,new,28,total_cost_CNY,0
42,new,28,thermal_cost_CNY,0
42,new,28,curtailment_cost_CNY,0
42,new,28,load_shedding_cost_CNY,0
42,new,28,storage_variable_om_CNY,0
42,new,28,storage_investment_allocated_CNY,0
42,new,28,storage_fixed_om_CNY,0
42,new,29,renewable_available_MWh,0
42,new,29,renewable_used_MWh,0
42,new,29,curtailment_MWh,0
42,new,29,total_load_MWh,0
42,new,29,thermal_generation_MWh,0
42,new,29,unserved_MWh,0
42,new,29,discharge_MWh,0
42,new,29,total_cost_CNY,0
42,new,29,thermal_cost_CNY,0
42,new,29,curtailment_cost_CNY,0
42,new,29,load_shedding_cost_CNY,0
42,new,29,storage_variable_om_CNY,0
42,new,29,storage_investment_allocated_CNY,0
42,new,29,storage_fixed_om_CNY,0
42,new,30,renewable_available_MWh,0
42,new,30,renewable_used_MWh,0
42,new,30,curtailment_MWh,0
42,new,30,total_load_MWh,0
42,new,30,thermal_generation_MWh,0
42,new,30,unserved_MWh,0
42,new,30,discharge_MWh,0
42,new,30,total_cost_CNY,0
42,new,30,thermal_cost_CNY,0
42,new,30,curtailment_cost_CNY,0
42,new,30,load_shedding_cost_CNY,0
42,new,30,storage_variable_om_CNY,0
42,new,30,storage_investment_allocated_CNY,0
42,new,30,storage_fixed_om_CNY,0
42,new,31,renewable_available_MWh,0
42,new,31,renewable_used_MWh,0
42,new,31,curtailment_MWh,0
42,new,31,total_load_MWh,0
42,new,31,thermal_generation_MWh,0
42,new,31,unserved_MWh,0
42,new,31,discharge_MWh,0
42,new,31,total_cost_CNY,0
42,new,31,thermal_cost_CNY,0
42,new,31,curtailment_cost_CNY,0
42,new,31,load_shedding_cost_CNY,0
42,new,31,storage_variable_om_CNY,0
42,new,31,storage_investment_allocated_CNY,0
42,new,31,storage_fixed_om_CNY,0
42,new,32,renewable_available_MWh,0
42,new,32,renewable_used_MWh,0
42,new,32,curtailment_MWh,0
42,new,32,total_load_MWh,0
42,new,32,thermal_generation_MWh,0
42,new,32,unserved_MWh,0
42,new,32,discharge_MWh,0
42,new,32,total_cost_CNY,0
42,new,32,thermal_cost_CNY,0
42,new,32,curtailment_cost_CNY,0
42,new,32,load_shedding_cost_CNY,0
42,new,32,storage_variable_om_CNY,0
42,new,32,storage_investment_allocated_CNY,0
42,new,32,storage_fixed_om_CNY,0
42,new,33,renewable_available_MWh,0
42,new,33,renewable_used_MWh,0
42,new,33,curtailment_MWh,0
42,new,33,total_load_MWh,0
42,new,33,thermal_generation_MWh,0
42,new,33,unserved_MWh,0
42,new,33,discharge_MWh,0
42,new,33,total_cost_CNY,0
42,new,33,thermal_cost_CNY,0
42,new,33,curtailment_cost_CNY,0
42,new,33,load_shedding_cost_CNY,0
42,new,33,storage_variable_om_CNY,0
42,new,33,storage_investment_allocated_CNY,0
42,new,33,storage_fixed_om_CNY,0
42,new,34,renewable_available_MWh,0
42,new,34,renewable_used_MWh,0
42,new,34,curtailment_MWh,0
42,new,34,total_load_MWh,0
42,new,34,thermal_generation_MWh,0
42,new,34,unserved_MWh,0
42,new,34,discharge_MWh,0
42,new,34,total_cost_CNY,0
42,new,34,thermal_cost_CNY,0
42,new,34,curtailment_cost_CNY,0
42,new,34,load_shedding_cost_CNY,0
42,new,34,storage_variable_om_CNY,0
42,new,34,storage_investment_allocated_CNY,0
42,new,34,storage_fixed_om_CNY,0
42,new,35,renewable_available_MWh,0
42,new,35,renewable_used_MWh,0
42,new,35,curtailment_MWh,0
42,new,35,total_load_MWh,0
42,new,35,thermal_generation_MWh,0
42,new,35,unserved_MWh,0
42,new,35,discharge_MWh,0
42,new,35,total_cost_CNY,0
42,new,35,thermal_cost_CNY,0
42,new,35,curtailment_cost_CNY,0
42,new,35,load_shedding_cost_CNY,0
42,new,35,storage_variable_om_CNY,0
42,new,35,storage_investment_allocated_CNY,0
42,new,35,storage_fixed_om_CNY,0
42,new,36,renewable_available_MWh,0
42,new,36,renewable_used_MWh,0
42,new,36,curtailment_MWh,0
42,new,36,total_load_MWh,0
42,new,36,thermal_generation_MWh,0
42,new,36,unserved_MWh,0
42,new,36,discharge_MWh,0
42,new,36,total_cost_CNY,0
42,new,36,thermal_cost_CNY,0
42,new,36,curtailment_cost_CNY,0
42,new,36,load_shedding_cost_CNY,0
42,new,36,storage_variable_om_CNY,0
42,new,36,storage_investment_allocated_CNY,0
42,new,36,storage_fixed_om_CNY,0
42,new,37,renewable_available_MWh,0
42,new,37,renewable_used_MWh,0
42,new,37,curtailment_MWh,0
42,new,37,total_load_MWh,0
42,new,37,thermal_generation_MWh,0
42,new,37,unserved_MWh,0
42,new,37,discharge_MWh,0
42,new,37,total_cost_CNY,0
42,new,37,thermal_cost_CNY,0
42,new,37,curtailment_cost_CNY,0
42,new,37,load_shedding_cost_CNY,0
42,new,37,storage_variable_om_CNY,0
42,new,37,storage_investment_allocated_CNY,0
42,new,37,storage_fixed_om_CNY,0
42,new,38,renewable_available_MWh,0
42,new,38,renewable_used_MWh,0
42,new,38,curtailment_MWh,0
42,new,38,total_load_MWh,0
42,new,38,thermal_generation_MWh,0
42,new,38,unserved_MWh,0
42,new,38,discharge_MWh,0
42,new,38,total_cost_CNY,0
42,new,38,thermal_cost_CNY,0
42,new,38,curtailment_cost_CNY,0
42,new,38,load_shedding_cost_CNY,0
42,new,38,storage_variable_om_CNY,0
42,new,38,storage_investment_allocated_CNY,0
42,new,38,storage_fixed_om_CNY,0
42,new,39,renewable_available_MWh,0
42,new,39,renewable_used_MWh,0
42,new,39,curtailment_MWh,0
42,new,39,total_load_MWh,0
42,new,39,thermal_generation_MWh,0
42,new,39,unserved_MWh,0
42,new,39,discharge_MWh,0
42,new,39,total_cost_CNY,0
42,new,39,thermal_cost_CNY,0
42,new,39,curtailment_cost_CNY,0
42,new,39,load_shedding_cost_CNY,0
42,new,39,storage_variable_om_CNY,0
42,new,39,storage_investment_allocated_CNY,0
42,new,39,storage_fixed_om_CNY,0
42,new,40,renewable_available_MWh,0
42,new,40,renewable_used_MWh,0
42,new,40,curtailment_MWh,0
42,new,40,total_load_MWh,0
42,new,40,thermal_generation_MWh,0
42,new,40,unserved_MWh,0
42,new,40,discharge_MWh,0
42,new,40,total_cost_CNY,0
42,new,40,thermal_cost_CNY,0
42,new,40,curtailment_cost_CNY,0
42,new,40,load_shedding_cost_CNY,0
42,new,40,storage_variable_om_CNY,0
42,new,40,storage_investment_allocated_CNY,0
42,new,40,storage_fixed_om_CNY,0
42,new,41,renewable_available_MWh,0
42,new,41,renewable_used_MWh,0
42,new,41,curtailment_MWh,0
42,new,41,total_load_MWh,0
42,new,41,thermal_generation_MWh,0
42,new,41,unserved_MWh,0
42,new,41,discharge_MWh,0
42,new,41,total_cost_CNY,0
42,new,41,thermal_cost_CNY,0
42,new,41,curtailment_cost_CNY,0
42,new,41,load_shedding_cost_CNY,0
42,new,41,storage_variable_om_CNY,0
42,new,41,storage_investment_allocated_CNY,0
42,new,41,storage_fixed_om_CNY,0
42,new,42,renewable_available_MWh,0
42,new,42,renewable_used_MWh,0
42,new,42,curtailment_MWh,0
42,new,42,total_load_MWh,0
42,new,42,thermal_generation_MWh,0
42,new,42,unserved_MWh,0
42,new,42,discharge_MWh,0
42,new,42,total_cost_CNY,0
42,new,42,thermal_cost_CNY,0
42,new,42,curtailment_cost_CNY,0
42,new,42,load_shedding_cost_CNY,0
42,new,42,storage_variable_om_CNY,0
42,new,42,storage_investment_allocated_CNY,0
42,new,42,storage_fixed_om_CNY,0
42,new,43,renewable_available_MWh,0
42,new,43,renewable_used_MWh,0
42,new,43,curtailment_MWh,0
42,new,43,total_load_MWh,0
42,new,43,thermal_generation_MWh,0
42,new,43,unserved_MWh,0
42,new,43,discharge_MWh,0
42,new,43,total_cost_CNY,0
42,new,43,thermal_cost_CNY,0
42,new,43,curtailment_cost_CNY,0
42,new,43,load_shedding_cost_CNY,0
42,new,43,storage_variable_om_CNY,0
42,new,43,storage_investment_allocated_CNY,0
42,new,43,storage_fixed_om_CNY,0
42,new,44,renewable_available_MWh,0
42,new,44,renewable_used_MWh,0
42,new,44,curtailment_MWh,0
42,new,44,total_load_MWh,0
42,new,44,thermal_generation_MWh,0
42,new,44,unserved_MWh,0
42,new,44,discharge_MWh,0
42,new,44,total_cost_CNY,0
42,new,44,thermal_cost_CNY,0
42,new,44,curtailment_cost_CNY,0
42,new,44,load_shedding_cost_CNY,0
42,new,44,storage_variable_om_CNY,0
42,new,44,storage_investment_allocated_CNY,0
42,new,44,storage_fixed_om_CNY,0
42,new,45,renewable_available_MWh,0
42,new,45,renewable_used_MWh,0
42,new,45,curtailment_MWh,0
42,new,45,total_load_MWh,0
42,new,45,thermal_generation_MWh,0
42,new,45,unserved_MWh,0
42,new,45,discharge_MWh,0
42,new,45,total_cost_CNY,0
42,new,45,thermal_cost_CNY,0
42,new,45,curtailment_cost_CNY,0
42,new,45,load_shedding_cost_CNY,0
42,new,45,storage_variable_om_CNY,0
42,new,45,storage_investment_allocated_CNY,0
42,new,45,storage_fixed_om_CNY,0
42,new,46,renewable_available_MWh,0
42,new,46,renewable_used_MWh,0
42,new,46,curtailment_MWh,0
42,new,46,total_load_MWh,0
42,new,46,thermal_generation_MWh,0
42,new,46,unserved_MWh,0
42,new,46,discharge_MWh,0
42,new,46,total_cost_CNY,0
42,new,46,thermal_cost_CNY,0
42,new,46,curtailment_cost_CNY,0
42,new,46,load_shedding_cost_CNY,0
42,new,46,storage_variable_om_CNY,0
42,new,46,storage_investment_allocated_CNY,0
42,new,46,storage_fixed_om_CNY,0
42,new,47,renewable_available_MWh,0
42,new,47,renewable_used_MWh,0
42,new,47,curtailment_MWh,0
42,new,47,total_load_MWh,0
42,new,47,thermal_generation_MWh,0
42,new,47,unserved_MWh,0
42,new,47,discharge_MWh,0
42,new,47,total_cost_CNY,0
42,new,47,thermal_cost_CNY,0
42,new,47,curtailment_cost_CNY,0
42,new,47,load_shedding_cost_CNY,0
42,new,47,storage_variable_om_CNY,0
42,new,47,storage_investment_allocated_CNY,0
42,new,47,storage_fixed_om_CNY,0
7,old,0,renewable_available_MWh,0
7,old,0,renewable_used_MWh,0
7,old,0,curtailment_MWh,0
7,old,0,total_load_MWh,0
7,old,0,thermal_generation_MWh,0
7,old,0,unserved_MWh,0
7,old,0,discharge_MWh,0
7,old,0,total_cost_CNY,0
7,old,0,thermal_cost_CNY,0
7,old,0,curtailment_cost_CNY,0
7,old,0,load_shedding_cost_CNY,0
7,old,0,storage_variable_om_CNY,0
7,old,0,storage_investment_allocated_CNY,0
7,old,0,storage_fixed_om_CNY,0
7,old,1,renewable_available_MWh,0
7,old,1,renewable_used_MWh,0
7,old,1,curtailment_MWh,0
7,old,1,total_load_MWh,0
7,old,1,thermal_generation_MWh,0
7,old,1,unserved_MWh,0
7,old,1,discharge_MWh,0
7,old,1,total_cost_CNY,0
7,old,1,thermal_cost_CNY,0
7,old,1,curtailment_cost_CNY,0
7,old,1,load_shedding_cost_CNY,0
7,old,1,storage_variable_om_CNY,0
7,old,1,storage_investment_allocated_CNY,0
7,old,1,storage_fixed_om_CNY,0
7,old,2,renewable_available_MWh,0
7,old,2,renewable_used_MWh,0
7,old,2,curtailment_MWh,0
7,old,2,total_load_MWh,0
7,old,2,thermal_generation_MWh,0
7,old,2,unserved_MWh,0
7,old,2,discharge_MWh,0
7,old,2,total_cost_CNY,0
7,old,2,thermal_cost_CNY,0
7,old,2,curtailment_cost_CNY,0
7,old,2,load_shedding_cost_CNY,0
7,old,2,storage_variable_om_CNY,0
7,old,2,storage_investment_allocated_CNY,0
7,old,2,storage_fixed_om_CNY,0
7,old,3,renewable_available_MWh,0
7,old,3,renewable_used_MWh,0
7,old,3,curtailment_MWh,0
7,old,3,total_load_MWh,0
7,old,3,thermal_generation_MWh,0
7,old,3,unserved_MWh,0
7,old,3,discharge_MWh,0
7,old,3,total_cost_CNY,0
7,old,3,thermal_cost_CNY,0
7,old,3,curtailment_cost_CNY,0
7,old,3,load_shedding_cost_CNY,0
7,old,3,storage_variable_om_CNY,0
7,old,3,storage_investment_allocated_CNY,0
7,old,3,storage_fixed_om_CNY,0
7,old,4,renewable_available_MWh,0
7,old,4,renewable_used_MWh,0
7,old,4,curtailment_MWh,0
7,old,4,total_load_MWh,0
7,old,4,thermal_generation_MWh,0
7,old,4,unserved_MWh,0
7,old,4,discharge_MWh,0
7,old,4,total_cost_CNY,0
7,old,4,thermal_cost_CNY,0
7,old,4,curtailment_cost_CNY,0
7,old,4,load_shedding_cost_CNY,0
7,old,4,storage_variable_om_CNY,0
7,old,4,storage_investment_allocated_CNY,0
7,old,4,storage_fixed_om_CNY,0
7,old,5,renewable_available_MWh,0
7,old,5,renewable_used_MWh,0
7,old,5,curtailment_MWh,0
7,old,5,total_load_MWh,0
7,old,5,thermal_generation_MWh,0
7,old,5,unserved_MWh,0
7,old,5,discharge_MWh,0
7,old,5,total_cost_CNY,0
7,old,5,thermal_cost_CNY,0
7,old,5,curtailment_cost_CNY,0
7,old,5,load_shedding_cost_CNY,0
7,old,5,storage_variable_om_CNY,0
7,old,5,storage_investment_allocated_CNY,0
7,old,5,storage_fixed_om_CNY,0
7,old,6,renewable_available_MWh,0
7,old,6,renewable_used_MWh,0
7,old,6,curtailment_MWh,0
7,old,6,total_load_MWh,0
7,old,6,thermal_generation_MWh,0
7,old,6,unserved_MWh,0
7,old,6,discharge_MWh,0
7,old,6,total_cost_CNY,0
7,old,6,thermal_cost_CNY,0
7,old,6,curtailment_cost_CNY,0
7,old,6,load_shedding_cost_CNY,0
7,old,6,storage_variable_om_CNY,0
7,old,6,storage_investment_allocated_CNY,0
7,old,6,storage_fixed_om_CNY,0
7,old,7,renewable_available_MWh,0
7,old,7,renewable_used_MWh,0
7,old,7,curtailment_MWh,0
7,old,7,total_load_MWh,0
7,old,7,thermal_generation_MWh,0
7,old,7,unserved_MWh,0
7,old,7,discharge_MWh,0
7,old,7,total_cost_CNY,0
7,old,7,thermal_cost_CNY,0
7,old,7,curtailment_cost_CNY,0
7,old,7,load_shedding_cost_CNY,0
7,old,7,storage_variable_om_CNY,0
7,old,7,storage_investment_allocated_CNY,0
7,old,7,storage_fixed_om_CNY,0
7,old,8,renewable_available_MWh,0
7,old,8,renewable_used_MWh,0
7,old,8,curtailment_MWh,0
7,old,8,total_load_MWh,0
7,old,8,thermal_generation_MWh,0
7,old,8,unserved_MWh,0
7,old,8,discharge_MWh,0
7,old,8,total_cost_CNY,0
7,old,8,thermal_cost_CNY,0
7,old,8,curtailment_cost_CNY,0
7,old,8,load_shedding_cost_CNY,0
7,old,8,storage_variable_om_CNY,0
7,old,8,storage_investment_allocated_CNY,0
7,old,8,storage_fixed_om_CNY,0
7,old,9,renewable_available_MWh,0
7,old,9,renewable_used_MWh,0
7,old,9,curtailment_MWh,0
7,old,9,total_load_MWh,0
7,old,9,thermal_generation_MWh,0
7,old,9,unserved_MWh,0
7,old,9,discharge_MWh,0
7,old,9,total_cost_CNY,0
7,old,9,thermal_cost_CNY,0
7,old,9,curtailment_cost_CNY,0
7,old,9,load_shedding_cost_CNY,0
7,old,9,storage_variable_om_CNY,0
7,old,9,storage_investment_allocated_CNY,0
7,old,9,storage_fixed_om_CNY,0
7,old,10,renewable_available_MWh,0
7,old,10,renewable_used_MWh,0
7,old,10,curtailment_MWh,0
7,old,10,total_load_MWh,0
7,old,10,thermal_generation_MWh,0
7,old,10,unserved_MWh,0
7,old,10,discharge_MWh,0
7,old,10,total_cost_CNY,0
7,old,10,thermal_cost_CNY,0
7,old,10,curtailment_cost_CNY,0
7,old,10,load_shedding_cost_CNY,0
7,old,10,storage_variable_om_CNY,0
7,old,10,storage_investment_allocated_CNY,0
7,old,10,storage_fixed_om_CNY,0
7,old,11,renewable_available_MWh,0
7,old,11,renewable_used_MWh,0
7,old,11,curtailment_MWh,0
7,old,11,total_load_MWh,0
7,old,11,thermal_generation_MWh,0
7,old,11,unserved_MWh,0
7,old,11,discharge_MWh,0
7,old,11,total_cost_CNY,0
7,old,11,thermal_cost_CNY,0
7,old,11,curtailment_cost_CNY,0
7,old,11,load_shedding_cost_CNY,0
7,old,11,storage_variable_om_CNY,0
7,old,11,storage_investment_allocated_CNY,0
7,old,11,storage_fixed_om_CNY,0
7,old,12,renewable_available_MWh,0
7,old,12,renewable_used_MWh,0
7,old,12,curtailment_MWh,0
7,old,12,total_load_MWh,0
7,old,12,thermal_generation_MWh,0
7,old,12,unserved_MWh,0
7,old,12,discharge_MWh,0
7,old,12,total_cost_CNY,0
7,old,12,thermal_cost_CNY,0
7,old,12,curtailment_cost_CNY,0
7,old,12,load_shedding_cost_CNY,0
7,old,12,storage_variable_om_CNY,0
7,old,12,storage_investment_allocated_CNY,0
7,old,12,storage_fixed_om_CNY,0
7,old,13,renewable_available_MWh,0
7,old,13,renewable_used_MWh,0
7,old,13,curtailment_MWh,0
7,old,13,total_load_MWh,0
7,old,13,thermal_generation_MWh,0
7,old,13,unserved_MWh,0
7,old,13,discharge_MWh,0
7,old,13,total_cost_CNY,0
7,old,13,thermal_cost_CNY,0
7,old,13,curtailment_cost_CNY,0
7,old,13,load_shedding_cost_CNY,0
7,old,13,storage_variable_om_CNY,0
7,old,13,storage_investment_allocated_CNY,0
7,old,13,storage_fixed_om_CNY,0
7,old,14,renewable_available_MWh,0
7,old,14,renewable_used_MWh,0
7,old,14,curtailment_MWh,0
7,old,14,total_load_MWh,0
7,old,14,thermal_generation_MWh,0
7,old,14,unserved_MWh,0
7,old,14,discharge_MWh,0
7,old,14,total_cost_CNY,0
7,old,14,thermal_cost_CNY,0
7,old,14,curtailment_cost_CNY,0
7,old,14,load_shedding_cost_CNY,0
7,old,14,storage_variable_om_CNY,0
7,old,14,storage_investment_allocated_CNY,0
7,old,14,storage_fixed_om_CNY,0
7,old,15,renewable_available_MWh,0
7,old,15,renewable_used_MWh,0
7,old,15,curtailment_MWh,0
7,old,15,total_load_MWh,0
7,old,15,thermal_generation_MWh,0
7,old,15,unserved_MWh,0
7,old,15,discharge_MWh,0
7,old,15,total_cost_CNY,0
7,old,15,thermal_cost_CNY,0
7,old,15,curtailment_cost_CNY,0
7,old,15,load_shedding_cost_CNY,0
7,old,15,storage_variable_om_CNY,0
7,old,15,storage_investment_allocated_CNY,0
7,old,15,storage_fixed_om_CNY,0
7,old,16,renewable_available_MWh,0
7,old,16,renewable_used_MWh,0
7,old,16,curtailment_MWh,0
7,old,16,total_load_MWh,0
7,old,16,thermal_generation_MWh,0
7,old,16,unserved_MWh,0
7,old,16,discharge_MWh,0
7,old,16,total_cost_CNY,0
7,old,16,thermal_cost_CNY,0
7,old,16,curtailment_cost_CNY,0
7,old,16,load_shedding_cost_CNY,0
7,old,16,storage_variable_om_CNY,0
7,old,16,storage_investment_allocated_CNY,0
7,old,16,storage_fixed_om_CNY,0
7,old,17,renewable_available_MWh,0
7,old,17,renewable_used_MWh,0
7,old,17,curtailment_MWh,0
7,old,17,total_load_MWh,0
7,old,17,thermal_generation_MWh,0
7,old,17,unserved_MWh,0
7,old,17,discharge_MWh,0
7,old,17,total_cost_CNY,0
7,old,17,thermal_cost_CNY,0
7,old,17,curtailment_cost_CNY,0
7,old,17,load_shedding_cost_CNY,0
7,old,17,storage_variable_om_CNY,0
7,old,17,storage_investment_allocated_CNY,0
7,old,17,storage_fixed_om_CNY,0
7,old,18,renewable_available_MWh,0
7,old,18,renewable_used_MWh,0
7,old,18,curtailment_MWh,0
7,old,18,total_load_MWh,0
7,old,18,thermal_generation_MWh,0
7,old,18,unserved_MWh,0
7,old,18,discharge_MWh,0
7,old,18,total_cost_CNY,0
7,old,18,thermal_cost_CNY,0
7,old,18,curtailment_cost_CNY,0
7,old,18,load_shedding_cost_CNY,0
7,old,18,storage_variable_om_CNY,0
7,old,18,storage_investment_allocated_CNY,0
7,old,18,storage_fixed_om_CNY,0
7,old,19,renewable_available_MWh,0
7,old,19,renewable_used_MWh,0
7,old,19,curtailment_MWh,0
7,old,19,total_load_MWh,0
7,old,19,thermal_generation_MWh,0
7,old,19,unserved_MWh,0
7,old,19,discharge_MWh,0
7,old,19,total_cost_CNY,0
7,old,19,thermal_cost_CNY,0
7,old,19,curtailment_cost_CNY,0
7,old,19,load_shedding_cost_CNY,0
7,old,19,storage_variable_om_CNY,0
7,old,19,storage_investment_allocated_CNY,0
7,old,19,storage_fixed_om_CNY,0
7,old,20,renewable_available_MWh,0
7,old,20,renewable_used_MWh,0
7,old,20,curtailment_MWh,0
7,old,20,total_load_MWh,0
7,old,20,thermal_generation_MWh,0
7,old,20,unserved_MWh,0
7,old,20,discharge_MWh,0
7,old,20,total_cost_CNY,0
7,old,20,thermal_cost_CNY,0
7,old,20,curtailment_cost_CNY,0
7,old,20,load_shedding_cost_CNY,0
7,old,20,storage_variable_om_CNY,0
7,old,20,storage_investment_allocated_CNY,0
7,old,20,storage_fixed_om_CNY,0
7,old,21,renewable_available_MWh,0
7,old,21,renewable_used_MWh,0
7,old,21,curtailment_MWh,0
7,old,21,total_load_MWh,0
7,old,21,thermal_generation_MWh,0
7,old,21,unserved_MWh,0
7,old,21,discharge_MWh,0
7,old,21,total_cost_CNY,0
7,old,21,thermal_cost_CNY,0
7,old,21,curtailment_cost_CNY,0
7,old,21,load_shedding_cost_CNY,0
7,old,21,storage_variable_om_CNY,0
7,old,21,storage_investment_allocated_CNY,0
7,old,21,storage_fixed_om_CNY,0
7,old,22,renewable_available_MWh,0
7,old,22,renewable_used_MWh,0
7,old,22,curtailment_MWh,0
7,old,22,total_load_MWh,0
7,old,22,thermal_generation_MWh,0
7,old,22,unserved_MWh,0
7,old,22,discharge_MWh,0
7,old,22,total_cost_CNY,0
7,old,22,thermal_cost_CNY,0
7,old,22,curtailment_cost_CNY,0
7,old,22,load_shedding_cost_CNY,0
7,old,22,storage_variable_om_CNY,0
7,old,22,storage_investment_allocated_CNY,0
7,old,22,storage_fixed_om_CNY,0
7,old,23,renewable_available_MWh,0
7,old,23,renewable_used_MWh,0
7,old,23,curtailment_MWh,0
7,old,23,total_load_MWh,0
7,old,23,thermal_generation_MWh,0
7,old,23,unserved_MWh,0
7,old,23,discharge_MWh,0
7,old,23,total_cost_CNY,0
7,old,23,thermal_cost_CNY,0
7,old,23,curtailment_cost_CNY,0
7,old,23,load_shedding_cost_CNY,0
7,old,23,storage_variable_om_CNY,0
7,old,23,storage_investment_allocated_CNY,0
7,old,23,storage_fixed_om_CNY,0
7,old,24,renewable_available_MWh,0
7,old,24,renewable_used_MWh,0
7,old,24,curtailment_MWh,0
7,old,24,total_load_MWh,0
7,old,24,thermal_generation_MWh,0
7,old,24,unserved_MWh,0
7,old,24,discharge_MWh,0
7,old,24,total_cost_CNY,0
7,old,24,thermal_cost_CNY,0
7,old,24,curtailment_cost_CNY,0
7,old,24,load_shedding_cost_CNY,0
7,old,24,storage_variable_om_CNY,0
7,old,24,storage_investment_allocated_CNY,0
7,old,24,storage_fixed_om_CNY,0
7,old,25,renewable_available_MWh,0
7,old,25,renewable_used_MWh,0
7,old,25,curtailment_MWh,0
7,old,25,total_load_MWh,0
7,old,25,thermal_generation_MWh,0
7,old,25,unserved_MWh,0
7,old,25,discharge_MWh,0
7,old,25,total_cost_CNY,0
7,old,25,thermal_cost_CNY,0
7,old,25,curtailment_cost_CNY,0
7,old,25,load_shedding_cost_CNY,0
7,old,25,storage_variable_om_CNY,0
7,old,25,storage_investment_allocated_CNY,0
7,old,25,storage_fixed_om_CNY,0
7,old,26,renewable_available_MWh,0
7,old,26,renewable_used_MWh,0
7,old,26,curtailment_MWh,0
7,old,26,total_load_MWh,0
7,old,26,thermal_generation_MWh,0
7,old,26,unserved_MWh,0
7,old,26,discharge_MWh,0
7,old,26,total_cost_CNY,0
7,old,26,thermal_cost_CNY,0
7,old,26,curtailment_cost_CNY,0
7,old,26,load_shedding_cost_CNY,0
7,old,26,storage_variable_om_CNY,0
7,old,26,storage_investment_allocated_CNY,0
7,old,26,storage_fixed_om_CNY,0
7,old,27,renewable_available_MWh,0
7,old,27,renewable_used_MWh,0
7,old,27,curtailment_MWh,0
7,old,27,total_load_MWh,0
7,old,27,thermal_generation_MWh,0
7,old,27,unserved_MWh,0
7,old,27,discharge_MWh,0
7,old,27,total_cost_CNY,0
7,old,27,thermal_cost_CNY,0
7,old,27,curtailment_cost_CNY,0
7,old,27,load_shedding_cost_CNY,0
7,old,27,storage_variable_om_CNY,0
7,old,27,storage_investment_allocated_CNY,0
7,old,27,storage_fixed_om_CNY,0
7,old,28,renewable_available_MWh,0
7,old,28,renewable_used_MWh,0
7,old,28,curtailment_MWh,0
7,old,28,total_load_MWh,0
7,old,28,thermal_generation_MWh,0
7,old,28,unserved_MWh,0
7,old,28,discharge_MWh,0
7,old,28,total_cost_CNY,0
7,old,28,thermal_cost_CNY,0
7,old,28,curtailment_cost_CNY,0
7,old,28,load_shedding_cost_CNY,0
7,old,28,storage_variable_om_CNY,0
7,old,28,storage_investment_allocated_CNY,0
7,old,28,storage_fixed_om_CNY,0
7,old,29,renewable_available_MWh,0
7,old,29,renewable_used_MWh,0
7,old,29,curtailment_MWh,0
7,old,29,total_load_MWh,0
7,old,29,thermal_generation_MWh,0
7,old,29,unserved_MWh,0
7,old,29,discharge_MWh,0
7,old,29,total_cost_CNY,0
7,old,29,thermal_cost_CNY,0
7,old,29,curtailment_cost_CNY,0
7,old,29,load_shedding_cost_CNY,0
7,old,29,storage_variable_om_CNY,0
7,old,29,storage_investment_allocated_CNY,0
7,old,29,storage_fixed_om_CNY,0
7,old,30,renewable_available_MWh,0
7,old,30,renewable_used_MWh,0
7,old,30,curtailment_MWh,0
7,old,30,total_load_MWh,0
7,old,30,thermal_generation_MWh,0
7,old,30,unserved_MWh,0
7,old,30,discharge_MWh,0
7,old,30,total_cost_CNY,0
7,old,30,thermal_cost_CNY,0
7,old,30,curtailment_cost_CNY,0
7,old,30,load_shedding_cost_CNY,0
7,old,30,storage_variable_om_CNY,0
7,old,30,storage_investment_allocated_CNY,0
7,old,30,storage_fixed_om_CNY,0
7,old,31,renewable_available_MWh,0
7,old,31,renewable_used_MWh,0
7,old,31,curtailment_MWh,0
7,old,31,total_load_MWh,0
7,old,31,thermal_generation_MWh,0
7,old,31,unserved_MWh,0
7,old,31,discharge_MWh,0
7,old,31,total_cost_CNY,0
7,old,31,thermal_cost_CNY,0
7,old,31,curtailment_cost_CNY,0
7,old,31,load_shedding_cost_CNY,0
7,old,31,storage_variable_om_CNY,0
7,old,31,storage_investment_allocated_CNY,0
7,old,31,storage_fixed_om_CNY,0
7,old,32,renewable_available_MWh,0
7,old,32,renewable_used_MWh,0
7,old,32,curtailment_MWh,0
7,old,32,total_load_MWh,0
7,old,32,thermal_generation_MWh,0
7,old,32,unserved_MWh,0
7,old,32,discharge_MWh,0
7,old,32,total_cost_CNY,0
7,old,32,thermal_cost_CNY,0
7,old,32,curtailment_cost_CNY,0
7,old,32,load_shedding_cost_CNY,0
7,old,32,storage_variable_om_CNY,0
7,old,32,storage_investment_allocated_CNY,0
7,old,32,storage_fixed_om_CNY,0
7,old,33,renewable_available_MWh,0
7,old,33,renewable_used_MWh,0
7,old,33,curtailment_MWh,0
7,old,33,total_load_MWh,0
7,old,33,thermal_generation_MWh,0
7,old,33,unserved_MWh,0
7,old,33,discharge_MWh,0
7,old,33,total_cost_CNY,0
7,old,33,thermal_cost_CNY,0
7,old,33,curtailment_cost_CNY,0
7,old,33,load_shedding_cost_CNY,0
7,old,33,storage_variable_om_CNY,0
7,old,33,storage_investment_allocated_CNY,0
7,old,33,storage_fixed_om_CNY,0
7,old,34,renewable_available_MWh,0
7,old,34,renewable_used_MWh,0
7,old,34,curtailment_MWh,0
7,old,34,total_load_MWh,0
7,old,34,thermal_generation_MWh,0
7,old,34,unserved_MWh,0
7,old,34,discharge_MWh,0
7,old,34,total_cost_CNY,0
7,old,34,thermal_cost_CNY,0
7,old,34,curtailment_cost_CNY,0
7,old,34,load_shedding_cost_CNY,0
7,old,34,storage_variable_om_CNY,0
7,old,34,storage_investment_allocated_CNY,0
7,old,34,storage_fixed_om_CNY,0
7,old,35,renewable_available_MWh,0
7,old,35,renewable_used_MWh,0
7,old,35,curtailment_MWh,0
7,old,35,total_load_MWh,0
7,old,35,thermal_generation_MWh,0
7,old,35,unserved_MWh,0
7,old,35,discharge_MWh,0
7,old,35,total_cost_CNY,0
7,old,35,thermal_cost_CNY,0
7,old,35,curtailment_cost_CNY,0
7,old,35,load_shedding_cost_CNY,0
7,old,35,storage_variable_om_CNY,0
7,old,35,storage_investment_allocated_CNY,0
7,old,35,storage_fixed_om_CNY,0
7,old,36,renewable_available_MWh,0
7,old,36,renewable_used_MWh,0
7,old,36,curtailment_MWh,0
7,old,36,total_load_MWh,0
7,old,36,thermal_generation_MWh,0
7,old,36,unserved_MWh,0
7,old,36,discharge_MWh,0
7,old,36,total_cost_CNY,0
7,old,36,thermal_cost_CNY,0
7,old,36,curtailment_cost_CNY,0
7,old,36,load_shedding_cost_CNY,0
7,old,36,storage_variable_om_CNY,0
7,old,36,storage_investment_allocated_CNY,0
7,old,36,storage_fixed_om_CNY,0
7,old,37,renewable_available_MWh,0
7,old,37,renewable_used_MWh,0
7,old,37,curtailment_MWh,0
7,old,37,total_load_MWh,0
7,old,37,thermal_generation_MWh,0
7,old,37,unserved_MWh,0
7,old,37,discharge_MWh,0
7,old,37,total_cost_CNY,0
7,old,37,thermal_cost_CNY,0
7,old,37,curtailment_cost_CNY,0
7,old,37,load_shedding_cost_CNY,0
7,old,37,storage_variable_om_CNY,0
7,old,37,storage_investment_allocated_CNY,0
7,old,37,storage_fixed_om_CNY,0
7,old,38,renewable_available_MWh,0
7,old,38,renewable_used_MWh,0
7,old,38,curtailment_MWh,0
7,old,38,total_load_MWh,0
7,old,38,thermal_generation_MWh,0
7,old,38,unserved_MWh,0
7,old,38,discharge_MWh,0
7,old,38,total_cost_CNY,0
7,old,38,thermal_cost_CNY,0
7,old,38,curtailment_cost_CNY,0
7,old,38,load_shedding_cost_CNY,0
7,old,38,storage_variable_om_CNY,0
7,old,38,storage_investment_allocated_CNY,0
7,old,38,storage_fixed_om_CNY,0
7,old,39,renewable_available_MWh,0
7,old,39,renewable_used_MWh,0
7,old,39,curtailment_MWh,0
7,old,39,total_load_MWh,0
7,old,39,thermal_generation_MWh,0
7,old,39,unserved_MWh,0
7,old,39,discharge_MWh,0
7,old,39,total_cost_CNY,0
7,old,39,thermal_cost_CNY,0
7,old,39,curtailment_cost_CNY,0
7,old,39,load_shedding_cost_CNY,0
7,old,39,storage_variable_om_CNY,0
7,old,39,storage_investment_allocated_CNY,0
7,old,39,storage_fixed_om_CNY,0
7,old,40,renewable_available_MWh,0
7,old,40,renewable_used_MWh,0
7,old,40,curtailment_MWh,0
7,old,40,total_load_MWh,0
7,old,40,thermal_generation_MWh,0
7,old,40,unserved_MWh,0
7,old,40,discharge_MWh,0
7,old,40,total_cost_CNY,0
7,old,40,thermal_cost_CNY,0
7,old,40,curtailment_cost_CNY,0
7,old,40,load_shedding_cost_CNY,0
7,old,40,storage_variable_om_CNY,0
7,old,40,storage_investment_allocated_CNY,0
7,old,40,storage_fixed_om_CNY,0
7,old,41,renewable_available_MWh,0
7,old,41,renewable_used_MWh,0
7,old,41,curtailment_MWh,0
7,old,41,total_load_MWh,0
7,old,41,thermal_generation_MWh,0
7,old,41,unserved_MWh,0
7,old,41,discharge_MWh,0
7,old,41,total_cost_CNY,0
7,old,41,thermal_cost_CNY,0
7,old,41,curtailment_cost_CNY,0
7,old,41,load_shedding_cost_CNY,0
7,old,41,storage_variable_om_CNY,0
7,old,41,storage_investment_allocated_CNY,0
7,old,41,storage_fixed_om_CNY,0
7,old,42,renewable_available_MWh,0
7,old,42,renewable_used_MWh,0
7,old,42,curtailment_MWh,0
7,old,42,total_load_MWh,0
7,old,42,thermal_generation_MWh,0
7,old,42,unserved_MWh,0
7,old,42,discharge_MWh,0
7,old,42,total_cost_CNY,0
7,old,42,thermal_cost_CNY,0
7,old,42,curtailment_cost_CNY,0
7,old,42,load_shedding_cost_CNY,0
7,old,42,storage_variable_om_CNY,0
7,old,42,storage_investment_allocated_CNY,0
7,old,42,storage_fixed_om_CNY,0
7,old,43,renewable_available_MWh,0
7,old,43,renewable_used_MWh,0
7,old,43,curtailment_MWh,0
7,old,43,total_load_MWh,0
7,old,43,thermal_generation_MWh,0
7,old,43,unserved_MWh,0
7,old,43,discharge_MWh,0
7,old,43,total_cost_CNY,0
7,old,43,thermal_cost_CNY,0
7,old,43,curtailment_cost_CNY,0
7,old,43,load_shedding_cost_CNY,0
7,old,43,storage_variable_om_CNY,0
7,old,43,storage_investment_allocated_CNY,0
7,old,43,storage_fixed_om_CNY,0
7,old,44,renewable_available_MWh,0
7,old,44,renewable_used_MWh,0
7,old,44,curtailment_MWh,0
7,old,44,total_load_MWh,0
7,old,44,thermal_generation_MWh,0
7,old,44,unserved_MWh,0
7,old,44,discharge_MWh,0
7,old,44,total_cost_CNY,0
7,old,44,thermal_cost_CNY,0
7,old,44,curtailment_cost_CNY,0
7,old,44,load_shedding_cost_CNY,0
7,old,44,storage_variable_om_CNY,0
7,old,44,storage_investment_allocated_CNY,0
7,old,44,storage_fixed_om_CNY,0
7,old,45,renewable_available_MWh,0
7,old,45,renewable_used_MWh,0
7,old,45,curtailment_MWh,0
7,old,45,total_load_MWh,0
7,old,45,thermal_generation_MWh,0
7,old,45,unserved_MWh,0
7,old,45,discharge_MWh,0
7,old,45,total_cost_CNY,0
7,old,45,thermal_cost_CNY,0
7,old,45,curtailment_cost_CNY,0
7,old,45,load_shedding_cost_CNY,0
7,old,45,storage_variable_om_CNY,0
7,old,45,storage_investment_allocated_CNY,0
7,old,45,storage_fixed_om_CNY,0
7,old,46,renewable_available_MWh,0
7,old,46,renewable_used_MWh,0
7,old,46,curtailment_MWh,0
7,old,46,total_load_MWh,0
7,old,46,thermal_generation_MWh,0
7,old,46,unserved_MWh,0
7,old,46,discharge_MWh,0
7,old,46,total_cost_CNY,0
7,old,46,thermal_cost_CNY,0
7,old,46,curtailment_cost_CNY,0
7,old,46,load_shedding_cost_CNY,0
7,old,46,storage_variable_om_CNY,0
7,old,46,storage_investment_allocated_CNY,0
7,old,46,storage_fixed_om_CNY,0
7,old,47,renewable_available_MWh,0
7,old,47,renewable_used_MWh,0
7,old,47,curtailment_MWh,0
7,old,47,total_load_MWh,0
7,old,47,thermal_generation_MWh,0
7,old,47,unserved_MWh,0
7,old,47,discharge_MWh,0
7,old,47,total_cost_CNY,0
7,old,47,thermal_cost_CNY,0
7,old,47,curtailment_cost_CNY,0
7,old,47,load_shedding_cost_CNY,0
7,old,47,storage_variable_om_CNY,0
7,old,47,storage_investment_allocated_CNY,0
7,old,47,storage_fixed_om_CNY,0
7,new,0,renewable_available_MWh,0
7,new,0,renewable_used_MWh,0
7,new,0,curtailment_MWh,0
7,new,0,total_load_MWh,0
7,new,0,thermal_generation_MWh,0
7,new,0,unserved_MWh,0
7,new,0,discharge_MWh,0
7,new,0,total_cost_CNY,0
7,new,0,thermal_cost_CNY,0
7,new,0,curtailment_cost_CNY,0
7,new,0,load_shedding_cost_CNY,0
7,new,0,storage_variable_om_CNY,0
7,new,0,storage_investment_allocated_CNY,0
7,new,0,storage_fixed_om_CNY,0
7,new,1,renewable_available_MWh,0
7,new,1,renewable_used_MWh,0
7,new,1,curtailment_MWh,0
7,new,1,total_load_MWh,0
7,new,1,thermal_generation_MWh,0
7,new,1,unserved_MWh,0
7,new,1,discharge_MWh,0
7,new,1,total_cost_CNY,0
7,new,1,thermal_cost_CNY,0
7,new,1,curtailment_cost_CNY,0
7,new,1,load_shedding_cost_CNY,0
7,new,1,storage_variable_om_CNY,0
7,new,1,storage_investment_allocated_CNY,0
7,new,1,storage_fixed_om_CNY,0
7,new,2,renewable_available_MWh,0
7,new,2,renewable_used_MWh,0
7,new,2,curtailment_MWh,0
7,new,2,total_load_MWh,0
7,new,2,thermal_generation_MWh,0
7,new,2,unserved_MWh,0
7,new,2,discharge_MWh,0
7,new,2,total_cost_CNY,0
7,new,2,thermal_cost_CNY,0
7,new,2,curtailment_cost_CNY,0
7,new,2,load_shedding_cost_CNY,0
7,new,2,storage_variable_om_CNY,0
7,new,2,storage_investment_allocated_CNY,0
7,new,2,storage_fixed_om_CNY,0
7,new,3,renewable_available_MWh,0
7,new,3,renewable_used_MWh,0
7,new,3,curtailment_MWh,0
7,new,3,total_load_MWh,0
7,new,3,thermal_generation_MWh,0
7,new,3,unserved_MWh,0
7,new,3,discharge_MWh,0
7,new,3,total_cost_CNY,0
7,new,3,thermal_cost_CNY,0
7,new,3,curtailment_cost_CNY,0
7,new,3,load_shedding_cost_CNY,0
7,new,3,storage_variable_om_CNY,0
7,new,3,storage_investment_allocated_CNY,0
7,new,3,storage_fixed_om_CNY,0
7,new,4,renewable_available_MWh,0
7,new,4,renewable_used_MWh,0
7,new,4,curtailment_MWh,0
7,new,4,total_load_MWh,0
7,new,4,thermal_generation_MWh,0
7,new,4,unserved_MWh,0
7,new,4,discharge_MWh,0
7,new,4,total_cost_CNY,0
7,new,4,thermal_cost_CNY,0
7,new,4,curtailment_cost_CNY,0
7,new,4,load_shedding_cost_CNY,0
7,new,4,storage_variable_om_CNY,0
7,new,4,storage_investment_allocated_CNY,0
7,new,4,storage_fixed_om_CNY,0
7,new,5,renewable_available_MWh,0
7,new,5,renewable_used_MWh,0
7,new,5,curtailment_MWh,0
7,new,5,total_load_MWh,0
7,new,5,thermal_generation_MWh,0
7,new,5,unserved_MWh,0
7,new,5,discharge_MWh,0
7,new,5,total_cost_CNY,0
7,new,5,thermal_cost_CNY,0
7,new,5,curtailment_cost_CNY,0
7,new,5,load_shedding_cost_CNY,0
7,new,5,storage_variable_om_CNY,0
7,new,5,storage_investment_allocated_CNY,0
7,new,5,storage_fixed_om_CNY,0
7,new,6,renewable_available_MWh,0
7,new,6,renewable_used_MWh,0
7,new,6,curtailment_MWh,0
7,new,6,total_load_MWh,0
7,new,6,thermal_generation_MWh,0
7,new,6,unserved_MWh,0
7,new,6,discharge_MWh,0
7,new,6,total_cost_CNY,0
7,new,6,thermal_cost_CNY,0
7,new,6,curtailment_cost_CNY,0
7,new,6,load_shedding_cost_CNY,0
7,new,6,storage_variable_om_CNY,0
7,new,6,storage_investment_allocated_CNY,0
7,new,6,storage_fixed_om_CNY,0
7,new,7,renewable_available_MWh,0
7,new,7,renewable_used_MWh,0
7,new,7,curtailment_MWh,0
7,new,7,total_load_MWh,0
7,new,7,thermal_generation_MWh,0
7,new,7,unserved_MWh,0
7,new,7,discharge_MWh,0
7,new,7,total_cost_CNY,0
7,new,7,thermal_cost_CNY,0
7,new,7,curtailment_cost_CNY,0
7,new,7,load_shedding_cost_CNY,0
7,new,7,storage_variable_om_CNY,0
7,new,7,storage_investment_allocated_CNY,0
7,new,7,storage_fixed_om_CNY,0
7,new,8,renewable_available_MWh,0
7,new,8,renewable_used_MWh,0
7,new,8,curtailment_MWh,0
7,new,8,total_load_MWh,0
7,new,8,thermal_generation_MWh,0
7,new,8,unserved_MWh,0
7,new,8,discharge_MWh,0
7,new,8,total_cost_CNY,0
7,new,8,thermal_cost_CNY,0
7,new,8,curtailment_cost_CNY,0
7,new,8,load_shedding_cost_CNY,0
7,new,8,storage_variable_om_CNY,0
7,new,8,storage_investment_allocated_CNY,0
7,new,8,storage_fixed_om_CNY,0
7,new,9,renewable_available_MWh,0
7,new,9,renewable_used_MWh,0
7,new,9,curtailment_MWh,0
7,new,9,total_load_MWh,0
7,new,9,thermal_generation_MWh,0
7,new,9,unserved_MWh,0
7,new,9,discharge_MWh,0
7,new,9,total_cost_CNY,0
7,new,9,thermal_cost_CNY,0
7,new,9,curtailment_cost_CNY,0
7,new,9,load_shedding_cost_CNY,0
7,new,9,storage_variable_om_CNY,0
7,new,9,storage_investment_allocated_CNY,0
7,new,9,storage_fixed_om_CNY,0
7,new,10,renewable_available_MWh,0
7,new,10,renewable_used_MWh,0
7,new,10,curtailment_MWh,0
7,new,10,total_load_MWh,0
7,new,10,thermal_generation_MWh,0
7,new,10,unserved_MWh,0
7,new,10,discharge_MWh,0
7,new,10,total_cost_CNY,0
7,new,10,thermal_cost_CNY,0
7,new,10,curtailment_cost_CNY,0
7,new,10,load_shedding_cost_CNY,0
7,new,10,storage_variable_om_CNY,0
7,new,10,storage_investment_allocated_CNY,0
7,new,10,storage_fixed_om_CNY,0
7,new,11,renewable_available_MWh,0
7,new,11,renewable_used_MWh,0
7,new,11,curtailment_MWh,0
7,new,11,total_load_MWh,0
7,new,11,thermal_generation_MWh,0
7,new,11,unserved_MWh,0
7,new,11,discharge_MWh,0
7,new,11,total_cost_CNY,0
7,new,11,thermal_cost_CNY,0
7,new,11,curtailment_cost_CNY,0
7,new,11,load_shedding_cost_CNY,0
7,new,11,storage_variable_om_CNY,0
7,new,11,storage_investment_allocated_CNY,0
7,new,11,storage_fixed_om_CNY,0
7,new,12,renewable_available_MWh,0
7,new,12,renewable_used_MWh,0
7,new,12,curtailment_MWh,0
7,new,12,total_load_MWh,0
7,new,12,thermal_generation_MWh,0
7,new,12,unserved_MWh,0
7,new,12,discharge_MWh,0
7,new,12,total_cost_CNY,0
7,new,12,thermal_cost_CNY,0
7,new,12,curtailment_cost_CNY,0
7,new,12,load_shedding_cost_CNY,0
7,new,12,storage_variable_om_CNY,0
7,new,12,storage_investment_allocated_CNY,0
7,new,12,storage_fixed_om_CNY,0
7,new,13,renewable_available_MWh,0
7,new,13,renewable_used_MWh,0
7,new,13,curtailment_MWh,0
7,new,13,total_load_MWh,0
7,new,13,thermal_generation_MWh,0
7,new,13,unserved_MWh,0
7,new,13,discharge_MWh,0
7,new,13,total_cost_CNY,0
7,new,13,thermal_cost_CNY,0
7,new,13,curtailment_cost_CNY,0
7,new,13,load_shedding_cost_CNY,0
7,new,13,storage_variable_om_CNY,0
7,new,13,storage_investment_allocated_CNY,0
7,new,13,storage_fixed_om_CNY,0
7,new,14,renewable_available_MWh,0
7,new,14,renewable_used_MWh,0
7,new,14,curtailment_MWh,0
7,new,14,total_load_MWh,0
7,new,14,thermal_generation_MWh,0
7,new,14,unserved_MWh,0
7,new,14,discharge_MWh,0
7,new,14,total_cost_CNY,0
7,new,14,thermal_cost_CNY,0
7,new,14,curtailment_cost_CNY,0
7,new,14,load_shedding_cost_CNY,0
7,new,14,storage_variable_om_CNY,0
7,new,14,storage_investment_allocated_CNY,0
7,new,14,storage_fixed_om_CNY,0
7,new,15,renewable_available_MWh,0
7,new,15,renewable_used_MWh,0
7,new,15,curtailment_MWh,0
7,new,15,total_load_MWh,0
7,new,15,thermal_generation_MWh,0
7,new,15,unserved_MWh,0
7,new,15,discharge_MWh,0
7,new,15,total_cost_CNY,0
7,new,15,thermal_cost_CNY,0
7,new,15,curtailment_cost_CNY,0
7,new,15,load_shedding_cost_CNY,0
7,new,15,storage_variable_om_CNY,0
7,new,15,storage_investment_allocated_CNY,0
7,new,15,storage_fixed_om_CNY,0
7,new,16,renewable_available_MWh,0
7,new,16,renewable_used_MWh,0
7,new,16,curtailment_MWh,0
7,new,16,total_load_MWh,0
7,new,16,thermal_generation_MWh,0
7,new,16,unserved_MWh,0
7,new,16,discharge_MWh,0
7,new,16,total_cost_CNY,0
7,new,16,thermal_cost_CNY,0
7,new,16,curtailment_cost_CNY,0
7,new,16,load_shedding_cost_CNY,0
7,new,16,storage_variable_om_CNY,0
7,new,16,storage_investment_allocated_CNY,0
7,new,16,storage_fixed_om_CNY,0
7,new,17,renewable_available_MWh,0
7,new,17,renewable_used_MWh,0
7,new,17,curtailment_MWh,0
7,new,17,total_load_MWh,0
7,new,17,thermal_generation_MWh,0
7,new,17,unserved_MWh,0
7,new,17,discharge_MWh,0
7,new,17,total_cost_CNY,0
7,new,17,thermal_cost_CNY,0
7,new,17,curtailment_cost_CNY,0
7,new,17,load_shedding_cost_CNY,0
7,new,17,storage_variable_om_CNY,0
7,new,17,storage_investment_allocated_CNY,0
7,new,17,storage_fixed_om_CNY,0
7,new,18,renewable_available_MWh,0
7,new,18,renewable_used_MWh,0
7,new,18,curtailment_MWh,0
7,new,18,total_load_MWh,0
7,new,18,thermal_generation_MWh,0
7,new,18,unserved_MWh,0
7,new,18,discharge_MWh,0
7,new,18,total_cost_CNY,0
7,new,18,thermal_cost_CNY,0
7,new,18,curtailment_cost_CNY,0
7,new,18,load_shedding_cost_CNY,0
7,new,18,storage_variable_om_CNY,0
7,new,18,storage_investment_allocated_CNY,0
7,new,18,storage_fixed_om_CNY,0
7,new,19,renewable_available_MWh,0
7,new,19,renewable_used_MWh,0
7,new,19,curtailment_MWh,0
7,new,19,total_load_MWh,0
7,new,19,thermal_generation_MWh,0
7,new,19,unserved_MWh,0
7,new,19,discharge_MWh,0
7,new,19,total_cost_CNY,0
7,new,19,thermal_cost_CNY,0
7,new,19,curtailment_cost_CNY,0
7,new,19,load_shedding_cost_CNY,0
7,new,19,storage_variable_om_CNY,0
7,new,19,storage_investment_allocated_CNY,0
7,new,19,storage_fixed_om_CNY,0
7,new,20,renewable_available_MWh,0
7,new,20,renewable_used_MWh,0
7,new,20,curtailment_MWh,0
7,new,20,total_load_MWh,0
7,new,20,thermal_generation_MWh,0
7,new,20,unserved_MWh,0
7,new,20,discharge_MWh,0
7,new,20,total_cost_CNY,0
7,new,20,thermal_cost_CNY,0
7,new,20,curtailment_cost_CNY,0
7,new,20,load_shedding_cost_CNY,0
7,new,20,storage_variable_om_CNY,0
7,new,20,storage_investment_allocated_CNY,0
7,new,20,storage_fixed_om_CNY,0
7,new,21,renewable_available_MWh,0
7,new,21,renewable_used_MWh,0
7,new,21,curtailment_MWh,0
7,new,21,total_load_MWh,0
7,new,21,thermal_generation_MWh,0
7,new,21,unserved_MWh,0
7,new,21,discharge_MWh,0
7,new,21,total_cost_CNY,0
7,new,21,thermal_cost_CNY,0
7,new,21,curtailment_cost_CNY,0
7,new,21,load_shedding_cost_CNY,0
7,new,21,storage_variable_om_CNY,0
7,new,21,storage_investment_allocated_CNY,0
7,new,21,storage_fixed_om_CNY,0
7,new,22,renewable_available_MWh,0
7,new,22,renewable_used_MWh,0
7,new,22,curtailment_MWh,0
7,new,22,total_load_MWh,0
7,new,22,thermal_generation_MWh,0
7,new,22,unserved_MWh,0
7,new,22,discharge_MWh,0
7,new,22,total_cost_CNY,0
7,new,22,thermal_cost_CNY,0
7,new,22,curtailment_cost_CNY,0
7,new,22,load_shedding_cost_CNY,0
7,new,22,storage_variable_om_CNY,0
7,new,22,storage_investment_allocated_CNY,0
7,new,22,storage_fixed_om_CNY,0
7,new,23,renewable_available_MWh,0
7,new,23,renewable_used_MWh,0
7,new,23,curtailment_MWh,0
7,new,23,total_load_MWh,0
7,new,23,thermal_generation_MWh,0
7,new,23,unserved_MWh,0
7,new,23,discharge_MWh,0
7,new,23,total_cost_CNY,0
7,new,23,thermal_cost_CNY,0
7,new,23,curtailment_cost_CNY,0
7,new,23,load_shedding_cost_CNY,0
7,new,23,storage_variable_om_CNY,0
7,new,23,storage_investment_allocated_CNY,0
7,new,23,storage_fixed_om_CNY,0
7,new,24,renewable_available_MWh,0
7,new,24,renewable_used_MWh,0
7,new,24,curtailment_MWh,0
7,new,24,total_load_MWh,0
7,new,24,thermal_generation_MWh,0
7,new,24,unserved_MWh,0
7,new,24,discharge_MWh,0
7,new,24,total_cost_CNY,0
7,new,24,thermal_cost_CNY,0
7,new,24,curtailment_cost_CNY,0
7,new,24,load_shedding_cost_CNY,0
7,new,24,storage_variable_om_CNY,0
7,new,24,storage_investment_allocated_CNY,0
7,new,24,storage_fixed_om_CNY,0
7,new,25,renewable_available_MWh,0
7,new,25,renewable_used_MWh,0
7,new,25,curtailment_MWh,0
7,new,25,total_load_MWh,0
7,new,25,thermal_generation_MWh,0
7,new,25,unserved_MWh,0
7,new,25,discharge_MWh,0
7,new,25,total_cost_CNY,0
7,new,25,thermal_cost_CNY,0
7,new,25,curtailment_cost_CNY,0
7,new,25,load_shedding_cost_CNY,0
7,new,25,storage_variable_om_CNY,0
7,new,25,storage_investment_allocated_CNY,0
7,new,25,storage_fixed_om_CNY,0
7,new,26,renewable_available_MWh,0
7,new,26,renewable_used_MWh,0
7,new,26,curtailment_MWh,0
7,new,26,total_load_MWh,0
7,new,26,thermal_generation_MWh,0
7,new,26,unserved_MWh,0
7,new,26,discharge_MWh,0
7,new,26,total_cost_CNY,0
7,new,26,thermal_cost_CNY,0
7,new,26,curtailment_cost_CNY,0
7,new,26,load_shedding_cost_CNY,0
7,new,26,storage_variable_om_CNY,0
7,new,26,storage_investment_allocated_CNY,0
7,new,26,storage_fixed_om_CNY,0
7,new,27,renewable_available_MWh,0
7,new,27,renewable_used_MWh,0
7,new,27,curtailment_MWh,0
7,new,27,total_load_MWh,0
7,new,27,thermal_generation_MWh,0
7,new,27,unserved_MWh,0
7,new,27,discharge_MWh,0
7,new,27,total_cost_CNY,0
7,new,27,thermal_cost_CNY,0
7,new,27,curtailment_cost_CNY,0
7,new,27,load_shedding_cost_CNY,0
7,new,27,storage_variable_om_CNY,0
7,new,27,storage_investment_allocated_CNY,0
7,new,27,storage_fixed_om_CNY,0
7,new,28,renewable_available_MWh,0
7,new,28,renewable_used_MWh,0
7,new,28,curtailment_MWh,0
7,new,28,total_load_MWh,0
7,new,28,thermal_generation_MWh,0
7,new,28,unserved_MWh,0
7,new,28,discharge_MWh,0
7,new,28,total_cost_CNY,0
7,new,28,thermal_cost_CNY,0
7,new,28,curtailment_cost_CNY,0
7,new,28,load_shedding_cost_CNY,0
7,new,28,storage_variable_om_CNY,0
7,new,28,storage_investment_allocated_CNY,0
7,new,28,storage_fixed_om_CNY,0
7,new,29,renewable_available_MWh,0
7,new,29,renewable_used_MWh,0
7,new,29,curtailment_MWh,0
7,new,29,total_load_MWh,0
7,new,29,thermal_generation_MWh,0
7,new,29,unserved_MWh,0
7,new,29,discharge_MWh,0
7,new,29,total_cost_CNY,0
7,new,29,thermal_cost_CNY,0
7,new,29,curtailment_cost_CNY,0
7,new,29,load_shedding_cost_CNY,0
7,new,29,storage_variable_om_CNY,0
7,new,29,storage_investment_allocated_CNY,0
7,new,29,storage_fixed_om_CNY,0
7,new,30,renewable_available_MWh,0
7,new,30,renewable_used_MWh,0
7,new,30,curtailment_MWh,0
7,new,30,total_load_MWh,0
7,new,30,thermal_generation_MWh,0
7,new,30,unserved_MWh,0
7,new,30,discharge_MWh,0
7,new,30,total_cost_CNY,0
7,new,30,thermal_cost_CNY,0
7,new,30,curtailment_cost_CNY,0
7,new,30,load_shedding_cost_CNY,0
7,new,30,storage_variable_om_CNY,0
7,new,30,storage_investment_allocated_CNY,0
7,new,30,storage_fixed_om_CNY,0
7,new,31,renewable_available_MWh,0
7,new,31,renewable_used_MWh,0
7,new,31,curtailment_MWh,0
7,new,31,total_load_MWh,0
7,new,31,thermal_generation_MWh,0
7,new,31,unserved_MWh,0
7,new,31,discharge_MWh,0
7,new,31,total_cost_CNY,0
7,new,31,thermal_cost_CNY,0
7,new,31,curtailment_cost_CNY,0
7,new,31,load_shedding_cost_CNY,0
7,new,31,storage_variable_om_CNY,0
7,new,31,storage_investment_allocated_CNY,0
7,new,31,storage_fixed_om_CNY,0
7,new,32,renewable_available_MWh,0
7,new,32,renewable_used_MWh,0
7,new,32,curtailment_MWh,0
7,new,32,total_load_MWh,0
7,new,32,thermal_generation_MWh,0
7,new,32,unserved_MWh,0
7,new,32,discharge_MWh,0
7,new,32,total_cost_CNY,0
7,new,32,thermal_cost_CNY,0
7,new,32,curtailment_cost_CNY,0
7,new,32,load_shedding_cost_CNY,0
7,new,32,storage_variable_om_CNY,0
7,new,32,storage_investment_allocated_CNY,0
7,new,32,storage_fixed_om_CNY,0
7,new,33,renewable_available_MWh,0
7,new,33,renewable_used_MWh,0
7,new,33,curtailment_MWh,0
7,new,33,total_load_MWh,0
7,new,33,thermal_generation_MWh,0
7,new,33,unserved_MWh,0
7,new,33,discharge_MWh,0
7,new,33,total_cost_CNY,0
7,new,33,thermal_cost_CNY,0
7,new,33,curtailment_cost_CNY,0
7,new,33,load_shedding_cost_CNY,0
7,new,33,storage_variable_om_CNY,0
7,new,33,storage_investment_allocated_CNY,0
7,new,33,storage_fixed_om_CNY,0
7,new,34,renewable_available_MWh,0
7,new,34,renewable_used_MWh,0
7,new,34,curtailment_MWh,0
7,new,34,total_load_MWh,0
7,new,34,thermal_generation_MWh,0
7,new,34,unserved_MWh,0
7,new,34,discharge_MWh,0
7,new,34,total_cost_CNY,0
7,new,34,thermal_cost_CNY,0
7,new,34,curtailment_cost_CNY,0
7,new,34,load_shedding_cost_CNY,0
7,new,34,storage_variable_om_CNY,0
7,new,34,storage_investment_allocated_CNY,0
7,new,34,storage_fixed_om_CNY,0
7,new,35,renewable_available_MWh,0
7,new,35,renewable_used_MWh,0
7,new,35,curtailment_MWh,0
7,new,35,total_load_MWh,0
7,new,35,thermal_generation_MWh,0
7,new,35,unserved_MWh,0
7,new,35,discharge_MWh,0
7,new,35,total_cost_CNY,0
7,new,35,thermal_cost_CNY,0
7,new,35,curtailment_cost_CNY,0
7,new,35,load_shedding_cost_CNY,0
7,new,35,storage_variable_om_CNY,0
7,new,35,storage_investment_allocated_CNY,0
7,new,35,storage_fixed_om_CNY,0
7,new,36,renewable_available_MWh,0
7,new,36,renewable_used_MWh,0
7,new,36,curtailment_MWh,0
7,new,36,total_load_MWh,0
7,new,36,thermal_generation_MWh,0
7,new,36,unserved_MWh,0
7,new,36,discharge_MWh,0
7,new,36,total_cost_CNY,0
7,new,36,thermal_cost_CNY,0
7,new,36,curtailment_cost_CNY,0
7,new,36,load_shedding_cost_CNY,0
7,new,36,storage_variable_om_CNY,0
7,new,36,storage_investment_allocated_CNY,0
7,new,36,storage_fixed_om_CNY,0
7,new,37,renewable_available_MWh,0
7,new,37,renewable_used_MWh,0
7,new,37,curtailment_MWh,0
7,new,37,total_load_MWh,0
7,new,37,thermal_generation_MWh,0
7,new,37,unserved_MWh,0
7,new,37,discharge_MWh,0
7,new,37,total_cost_CNY,0
7,new,37,thermal_cost_CNY,0
7,new,37,curtailment_cost_CNY,0
7,new,37,load_shedding_cost_CNY,0
7,new,37,storage_variable_om_CNY,0
7,new,37,storage_investment_allocated_CNY,0
7,new,37,storage_fixed_om_CNY,0
7,new,38,renewable_available_MWh,0
7,new,38,renewable_used_MWh,0
7,new,38,curtailment_MWh,0
7,new,38,total_load_MWh,0
7,new,38,thermal_generation_MWh,0
7,new,38,unserved_MWh,0
7,new,38,discharge_MWh,0
7,new,38,total_cost_CNY,0
7,new,38,thermal_cost_CNY,0
7,new,38,curtailment_cost_CNY,0
7,new,38,load_shedding_cost_CNY,0
7,new,38,storage_variable_om_CNY,0
7,new,38,storage_investment_allocated_CNY,0
7,new,38,storage_fixed_om_CNY,0
7,new,39,renewable_available_MWh,0
7,new,39,renewable_used_MWh,0
7,new,39,curtailment_MWh,0
7,new,39,total_load_MWh,0
7,new,39,thermal_generation_MWh,0
7,new,39,unserved_MWh,0
7,new,39,discharge_MWh,0
7,new,39,total_cost_CNY,0
7,new,39,thermal_cost_CNY,0
7,new,39,curtailment_cost_CNY,0
7,new,39,load_shedding_cost_CNY,0
7,new,39,storage_variable_om_CNY,0
7,new,39,storage_investment_allocated_CNY,0
7,new,39,storage_fixed_om_CNY,0
7,new,40,renewable_available_MWh,0
7,new,40,renewable_used_MWh,0
7,new,40,curtailment_MWh,0
7,new,40,total_load_MWh,0
7,new,40,thermal_generation_MWh,0
7,new,40,unserved_MWh,0
7,new,40,discharge_MWh,0
7,new,40,total_cost_CNY,0
7,new,40,thermal_cost_CNY,0
7,new,40,curtailment_cost_CNY,0
7,new,40,load_shedding_cost_CNY,0
7,new,40,storage_variable_om_CNY,0
7,new,40,storage_investment_allocated_CNY,0
7,new,40,storage_fixed_om_CNY,0
7,new,41,renewable_available_MWh,0
7,new,41,renewable_used_MWh,0
7,new,41,curtailment_MWh,0
7,new,41,total_load_MWh,0
7,new,41,thermal_generation_MWh,0
7,new,41,unserved_MWh,0
7,new,41,discharge_MWh,0
7,new,41,total_cost_CNY,0
7,new,41,thermal_cost_CNY,0
7,new,41,curtailment_cost_CNY,0
7,new,41,load_shedding_cost_CNY,0
7,new,41,storage_variable_om_CNY,0
7,new,41,storage_investment_allocated_CNY,0
7,new,41,storage_fixed_om_CNY,0
7,new,42,renewable_available_MWh,0
7,new,42,renewable_used_MWh,0
7,new,42,curtailment_MWh,0
7,new,42,total_load_MWh,0
7,new,42,thermal_generation_MWh,0
7,new,42,unserved_MWh,0
7,new,42,discharge_MWh,0
7,new,42,total_cost_CNY,0
7,new,42,thermal_cost_CNY,0
7,new,42,curtailment_cost_CNY,0
7,new,42,load_shedding_cost_CNY,0
7,new,42,storage_variable_om_CNY,0
7,new,42,storage_investment_allocated_CNY,0
7,new,42,storage_fixed_om_CNY,0
7,new,43,renewable_available_MWh,0
7,new,43,renewable_used_MWh,0
7,new,43,curtailment_MWh,0
7,new,43,total_load_MWh,0
7,new,43,thermal_generation_MWh,0
7,new,43,unserved_MWh,0
7,new,43,discharge_MWh,0
7,new,43,total_cost_CNY,0
7,new,43,thermal_cost_CNY,0
7,new,43,curtailment_cost_CNY,0
7,new,43,load_shedding_cost_CNY,0
7,new,43,storage_variable_om_CNY,0
7,new,43,storage_investment_allocated_CNY,0
7,new,43,storage_fixed_om_CNY,0
7,new,44,renewable_available_MWh,0
7,new,44,renewable_used_MWh,0
7,new,44,curtailment_MWh,0
7,new,44,total_load_MWh,0
7,new,44,thermal_generation_MWh,0
7,new,44,unserved_MWh,0
7,new,44,discharge_MWh,0
7,new,44,total_cost_CNY,0
7,new,44,thermal_cost_CNY,0
7,new,44,curtailment_cost_CNY,0
7,new,44,load_shedding_cost_CNY,0
7,new,44,storage_variable_om_CNY,0
7,new,44,storage_investment_allocated_CNY,0
7,new,44,storage_fixed_om_CNY,0
7,new,45,renewable_available_MWh,0
7,new,45,renewable_used_MWh,0
7,new,45,curtailment_MWh,0
7,new,45,total_load_MWh,0
7,new,45,thermal_generation_MWh,0
7,new,45,unserved_MWh,0
7,new,45,discharge_MWh,0
7,new,45,total_cost_CNY,0
7,new,45,thermal_cost_CNY,0
7,new,45,curtailment_cost_CNY,0
7,new,45,load_shedding_cost_CNY,0
7,new,45,storage_variable_om_CNY,0
7,new,45,storage_investment_allocated_CNY,0
7,new,45,storage_fixed_om_CNY,0
7,new,46,renewable_available_MWh,0
7,new,46,renewable_used_MWh,0
7,new,46,curtailment_MWh,0
7,new,46,total_load_MWh,0
7,new,46,thermal_generation_MWh,0
7,new,46,unserved_MWh,0
7,new,46,discharge_MWh,0
7,new,46,total_cost_CNY,0
7,new,46,thermal_cost_CNY,0
7,new,46,curtailment_cost_CNY,0
7,new,46,load_shedding_cost_CNY,0
7,new,46,storage_variable_om_CNY,0
7,new,46,storage_investment_allocated_CNY,0
7,new,46,storage_fixed_om_CNY,0
7,new,47,renewable_available_MWh,0
7,new,47,renewable_used_MWh,0
7,new,47,curtailment_MWh,0
7,new,47,total_load_MWh,0
7,new,47,thermal_generation_MWh,0
7,new,47,unserved_MWh,0
7,new,47,discharge_MWh,0
7,new,47,total_cost_CNY,0
7,new,47,thermal_cost_CNY,0
7,new,47,curtailment_cost_CNY,0
7,new,47,load_shedding_cost_CNY,0
7,new,47,storage_variable_om_CNY,0
7,new,47,storage_investment_allocated_CNY,0
7,new,47,storage_fixed_om_CNY,0
2026,old,0,renewable_available_MWh,0
2026,old,0,renewable_used_MWh,0
2026,old,0,curtailment_MWh,0
2026,old,0,total_load_MWh,0
2026,old,0,thermal_generation_MWh,0
2026,old,0,unserved_MWh,0
2026,old,0,discharge_MWh,0
2026,old,0,total_cost_CNY,0
2026,old,0,thermal_cost_CNY,0
2026,old,0,curtailment_cost_CNY,0
2026,old,0,load_shedding_cost_CNY,0
2026,old,0,storage_variable_om_CNY,0
2026,old,0,storage_investment_allocated_CNY,0
2026,old,0,storage_fixed_om_CNY,0
2026,old,1,renewable_available_MWh,0
2026,old,1,renewable_used_MWh,0
2026,old,1,curtailment_MWh,0
2026,old,1,total_load_MWh,0
2026,old,1,thermal_generation_MWh,0
2026,old,1,unserved_MWh,0
2026,old,1,discharge_MWh,0
2026,old,1,total_cost_CNY,0
2026,old,1,thermal_cost_CNY,0
2026,old,1,curtailment_cost_CNY,0
2026,old,1,load_shedding_cost_CNY,0
2026,old,1,storage_variable_om_CNY,0
2026,old,1,storage_investment_allocated_CNY,0
2026,old,1,storage_fixed_om_CNY,0
2026,old,2,renewable_available_MWh,0
2026,old,2,renewable_used_MWh,0
2026,old,2,curtailment_MWh,0
2026,old,2,total_load_MWh,0
2026,old,2,thermal_generation_MWh,0
2026,old,2,unserved_MWh,0
2026,old,2,discharge_MWh,0
2026,old,2,total_cost_CNY,0
2026,old,2,thermal_cost_CNY,0
2026,old,2,curtailment_cost_CNY,0
2026,old,2,load_shedding_cost_CNY,0
2026,old,2,storage_variable_om_CNY,0
2026,old,2,storage_investment_allocated_CNY,0
2026,old,2,storage_fixed_om_CNY,0
2026,old,3,renewable_available_MWh,0
2026,old,3,renewable_used_MWh,0
2026,old,3,curtailment_MWh,0
2026,old,3,total_load_MWh,0
2026,old,3,thermal_generation_MWh,0
2026,old,3,unserved_MWh,0
2026,old,3,discharge_MWh,0
2026,old,3,total_cost_CNY,0
2026,old,3,thermal_cost_CNY,0
2026,old,3,curtailment_cost_CNY,0
2026,old,3,load_shedding_cost_CNY,0
2026,old,3,storage_variable_om_CNY,0
2026,old,3,storage_investment_allocated_CNY,0
2026,old,3,storage_fixed_om_CNY,0
2026,old,4,renewable_available_MWh,0
2026,old,4,renewable_used_MWh,0
2026,old,4,curtailment_MWh,0
2026,old,4,total_load_MWh,0
2026,old,4,thermal_generation_MWh,0
2026,old,4,unserved_MWh,0
2026,old,4,discharge_MWh,0
2026,old,4,total_cost_CNY,0
2026,old,4,thermal_cost_CNY,0
2026,old,4,curtailment_cost_CNY,0
2026,old,4,load_shedding_cost_CNY,0
2026,old,4,storage_variable_om_CNY,0
2026,old,4,storage_investment_allocated_CNY,0
2026,old,4,storage_fixed_om_CNY,0
2026,old,5,renewable_available_MWh,0
2026,old,5,renewable_used_MWh,0
2026,old,5,curtailment_MWh,0
2026,old,5,total_load_MWh,0
2026,old,5,thermal_generation_MWh,0
2026,old,5,unserved_MWh,0
2026,old,5,discharge_MWh,0
2026,old,5,total_cost_CNY,0
2026,old,5,thermal_cost_CNY,0
2026,old,5,curtailment_cost_CNY,0
2026,old,5,load_shedding_cost_CNY,0
2026,old,5,storage_variable_om_CNY,0
2026,old,5,storage_investment_allocated_CNY,0
2026,old,5,storage_fixed_om_CNY,0
2026,old,6,renewable_available_MWh,0
2026,old,6,renewable_used_MWh,0
2026,old,6,curtailment_MWh,0
2026,old,6,total_load_MWh,0
2026,old,6,thermal_generation_MWh,0
2026,old,6,unserved_MWh,0
2026,old,6,discharge_MWh,0
2026,old,6,total_cost_CNY,0
2026,old,6,thermal_cost_CNY,0
2026,old,6,curtailment_cost_CNY,0
2026,old,6,load_shedding_cost_CNY,0
2026,old,6,storage_variable_om_CNY,0
2026,old,6,storage_investment_allocated_CNY,0
2026,old,6,storage_fixed_om_CNY,0
2026,old,7,renewable_available_MWh,0
2026,old,7,renewable_used_MWh,0
2026,old,7,curtailment_MWh,0
2026,old,7,total_load_MWh,0
2026,old,7,thermal_generation_MWh,0
2026,old,7,unserved_MWh,0
2026,old,7,discharge_MWh,0
2026,old,7,total_cost_CNY,0
2026,old,7,thermal_cost_CNY,0
2026,old,7,curtailment_cost_CNY,0
2026,old,7,load_shedding_cost_CNY,0
2026,old,7,storage_variable_om_CNY,0
2026,old,7,storage_investment_allocated_CNY,0
2026,old,7,storage_fixed_om_CNY,0
2026,old,8,renewable_available_MWh,0
2026,old,8,renewable_used_MWh,0
2026,old,8,curtailment_MWh,0
2026,old,8,total_load_MWh,0
2026,old,8,thermal_generation_MWh,0
2026,old,8,unserved_MWh,0
2026,old,8,discharge_MWh,0
2026,old,8,total_cost_CNY,0
2026,old,8,thermal_cost_CNY,0
2026,old,8,curtailment_cost_CNY,0
2026,old,8,load_shedding_cost_CNY,0
2026,old,8,storage_variable_om_CNY,0
2026,old,8,storage_investment_allocated_CNY,0
2026,old,8,storage_fixed_om_CNY,0
2026,old,9,renewable_available_MWh,0
2026,old,9,renewable_used_MWh,0
2026,old,9,curtailment_MWh,0
2026,old,9,total_load_MWh,0
2026,old,9,thermal_generation_MWh,0
2026,old,9,unserved_MWh,0
2026,old,9,discharge_MWh,0
2026,old,9,total_cost_CNY,0
2026,old,9,thermal_cost_CNY,0
2026,old,9,curtailment_cost_CNY,0
2026,old,9,load_shedding_cost_CNY,0
2026,old,9,storage_variable_om_CNY,0
2026,old,9,storage_investment_allocated_CNY,0
2026,old,9,storage_fixed_om_CNY,0
2026,old,10,renewable_available_MWh,0
2026,old,10,renewable_used_MWh,0
2026,old,10,curtailment_MWh,0
2026,old,10,total_load_MWh,0
2026,old,10,thermal_generation_MWh,0
2026,old,10,unserved_MWh,0
2026,old,10,discharge_MWh,0
2026,old,10,total_cost_CNY,0
2026,old,10,thermal_cost_CNY,0
2026,old,10,curtailment_cost_CNY,0
2026,old,10,load_shedding_cost_CNY,0
2026,old,10,storage_variable_om_CNY,0
2026,old,10,storage_investment_allocated_CNY,0
2026,old,10,storage_fixed_om_CNY,0
2026,old,11,renewable_available_MWh,0
2026,old,11,renewable_used_MWh,0
2026,old,11,curtailment_MWh,0
2026,old,11,total_load_MWh,0
2026,old,11,thermal_generation_MWh,0
2026,old,11,unserved_MWh,0
2026,old,11,discharge_MWh,0
2026,old,11,total_cost_CNY,0
2026,old,11,thermal_cost_CNY,0
2026,old,11,curtailment_cost_CNY,0
2026,old,11,load_shedding_cost_CNY,0
2026,old,11,storage_variable_om_CNY,0
2026,old,11,storage_investment_allocated_CNY,0
2026,old,11,storage_fixed_om_CNY,0
2026,old,12,renewable_available_MWh,0
2026,old,12,renewable_used_MWh,0
2026,old,12,curtailment_MWh,0
2026,old,12,total_load_MWh,0
2026,old,12,thermal_generation_MWh,0
2026,old,12,unserved_MWh,0
2026,old,12,discharge_MWh,0
2026,old,12,total_cost_CNY,0
2026,old,12,thermal_cost_CNY,0
2026,old,12,curtailment_cost_CNY,0
2026,old,12,load_shedding_cost_CNY,0
2026,old,12,storage_variable_om_CNY,0
2026,old,12,storage_investment_allocated_CNY,0
2026,old,12,storage_fixed_om_CNY,0
2026,old,13,renewable_available_MWh,0
2026,old,13,renewable_used_MWh,0
2026,old,13,curtailment_MWh,0
2026,old,13,total_load_MWh,0
2026,old,13,thermal_generation_MWh,0
2026,old,13,unserved_MWh,0
2026,old,13,discharge_MWh,0
2026,old,13,total_cost_CNY,0
2026,old,13,thermal_cost_CNY,0
2026,old,13,curtailment_cost_CNY,0
2026,old,13,load_shedding_cost_CNY,0
2026,old,13,storage_variable_om_CNY,0
2026,old,13,storage_investment_allocated_CNY,0
2026,old,13,storage_fixed_om_CNY,0
2026,old,14,renewable_available_MWh,0
2026,old,14,renewable_used_MWh,0
2026,old,14,curtailment_MWh,0
2026,old,14,total_load_MWh,0
2026,old,14,thermal_generation_MWh,0
2026,old,14,unserved_MWh,0
2026,old,14,discharge_MWh,0
2026,old,14,total_cost_CNY,0
2026,old,14,thermal_cost_CNY,0
2026,old,14,curtailment_cost_CNY,0
2026,old,14,load_shedding_cost_CNY,0
2026,old,14,storage_variable_om_CNY,0
2026,old,14,storage_investment_allocated_CNY,0
2026,old,14,storage_fixed_om_CNY,0
2026,old,15,renewable_available_MWh,0
2026,old,15,renewable_used_MWh,0
2026,old,15,curtailment_MWh,0
2026,old,15,total_load_MWh,0
2026,old,15,thermal_generation_MWh,0
2026,old,15,unserved_MWh,0
2026,old,15,discharge_MWh,0
2026,old,15,total_cost_CNY,0
2026,old,15,thermal_cost_CNY,0
2026,old,15,curtailment_cost_CNY,0
2026,old,15,load_shedding_cost_CNY,0
2026,old,15,storage_variable_om_CNY,0
2026,old,15,storage_investment_allocated_CNY,0
2026,old,15,storage_fixed_om_CNY,0
2026,old,16,renewable_available_MWh,0
2026,old,16,renewable_used_MWh,0
2026,old,16,curtailment_MWh,0
2026,old,16,total_load_MWh,0
2026,old,16,thermal_generation_MWh,0
2026,old,16,unserved_MWh,0
2026,old,16,discharge_MWh,0
2026,old,16,total_cost_CNY,0
2026,old,16,thermal_cost_CNY,0
2026,old,16,curtailment_cost_CNY,0
2026,old,16,load_shedding_cost_CNY,0
2026,old,16,storage_variable_om_CNY,0
2026,old,16,storage_investment_allocated_CNY,0
2026,old,16,storage_fixed_om_CNY,0
2026,old,17,renewable_available_MWh,0
2026,old,17,renewable_used_MWh,0
2026,old,17,curtailment_MWh,0
2026,old,17,total_load_MWh,0
2026,old,17,thermal_generation_MWh,0
2026,old,17,unserved_MWh,0
2026,old,17,discharge_MWh,0
2026,old,17,total_cost_CNY,0
2026,old,17,thermal_cost_CNY,0
2026,old,17,curtailment_cost_CNY,0
2026,old,17,load_shedding_cost_CNY,0
2026,old,17,storage_variable_om_CNY,0
2026,old,17,storage_investment_allocated_CNY,0
2026,old,17,storage_fixed_om_CNY,0
2026,old,18,renewable_available_MWh,0
2026,old,18,renewable_used_MWh,0
2026,old,18,curtailment_MWh,0
2026,old,18,total_load_MWh,0
2026,old,18,thermal_generation_MWh,0
2026,old,18,unserved_MWh,0
2026,old,18,discharge_MWh,0
2026,old,18,total_cost_CNY,0
2026,old,18,thermal_cost_CNY,0
2026,old,18,curtailment_cost_CNY,0
2026,old,18,load_shedding_cost_CNY,0
2026,old,18,storage_variable_om_CNY,0
2026,old,18,storage_investment_allocated_CNY,0
2026,old,18,storage_fixed_om_CNY,0
2026,old,19,renewable_available_MWh,0
2026,old,19,renewable_used_MWh,0
2026,old,19,curtailment_MWh,0
2026,old,19,total_load_MWh,0
2026,old,19,thermal_generation_MWh,0
2026,old,19,unserved_MWh,0
2026,old,19,discharge_MWh,0
2026,old,19,total_cost_CNY,0
2026,old,19,thermal_cost_CNY,0
2026,old,19,curtailment_cost_CNY,0
2026,old,19,load_shedding_cost_CNY,0
2026,old,19,storage_variable_om_CNY,0
2026,old,19,storage_investment_allocated_CNY,0
2026,old,19,storage_fixed_om_CNY,0
2026,old,20,renewable_available_MWh,0
2026,old,20,renewable_used_MWh,0
2026,old,20,curtailment_MWh,0
2026,old,20,total_load_MWh,0
2026,old,20,thermal_generation_MWh,0
2026,old,20,unserved_MWh,0
2026,old,20,discharge_MWh,0
2026,old,20,total_cost_CNY,0
2026,old,20,thermal_cost_CNY,0
2026,old,20,curtailment_cost_CNY,0
2026,old,20,load_shedding_cost_CNY,0
2026,old,20,storage_variable_om_CNY,0
2026,old,20,storage_investment_allocated_CNY,0
2026,old,20,storage_fixed_om_CNY,0
2026,old,21,renewable_available_MWh,0
2026,old,21,renewable_used_MWh,0
2026,old,21,curtailment_MWh,0
2026,old,21,total_load_MWh,0
2026,old,21,thermal_generation_MWh,0
2026,old,21,unserved_MWh,0
2026,old,21,discharge_MWh,0
2026,old,21,total_cost_CNY,0
2026,old,21,thermal_cost_CNY,0
2026,old,21,curtailment_cost_CNY,0
2026,old,21,load_shedding_cost_CNY,0
2026,old,21,storage_variable_om_CNY,0
2026,old,21,storage_investment_allocated_CNY,0
2026,old,21,storage_fixed_om_CNY,0
2026,old,22,renewable_available_MWh,0
2026,old,22,renewable_used_MWh,0
2026,old,22,curtailment_MWh,0
2026,old,22,total_load_MWh,0
2026,old,22,thermal_generation_MWh,0
2026,old,22,unserved_MWh,0
2026,old,22,discharge_MWh,0
2026,old,22,total_cost_CNY,0
2026,old,22,thermal_cost_CNY,0
2026,old,22,curtailment_cost_CNY,0
2026,old,22,load_shedding_cost_CNY,0
2026,old,22,storage_variable_om_CNY,0
2026,old,22,storage_investment_allocated_CNY,0
2026,old,22,storage_fixed_om_CNY,0
2026,old,23,renewable_available_MWh,0
2026,old,23,renewable_used_MWh,0
2026,old,23,curtailment_MWh,0
2026,old,23,total_load_MWh,0
2026,old,23,thermal_generation_MWh,0
2026,old,23,unserved_MWh,0
2026,old,23,discharge_MWh,0
2026,old,23,total_cost_CNY,0
2026,old,23,thermal_cost_CNY,0
2026,old,23,curtailment_cost_CNY,0
2026,old,23,load_shedding_cost_CNY,0
2026,old,23,storage_variable_om_CNY,0
2026,old,23,storage_investment_allocated_CNY,0
2026,old,23,storage_fixed_om_CNY,0
2026,old,24,renewable_available_MWh,0
2026,old,24,renewable_used_MWh,0
2026,old,24,curtailment_MWh,0
2026,old,24,total_load_MWh,0
2026,old,24,thermal_generation_MWh,0
2026,old,24,unserved_MWh,0
2026,old,24,discharge_MWh,0
2026,old,24,total_cost_CNY,0
2026,old,24,thermal_cost_CNY,0
2026,old,24,curtailment_cost_CNY,0
2026,old,24,load_shedding_cost_CNY,0
2026,old,24,storage_variable_om_CNY,0
2026,old,24,storage_investment_allocated_CNY,0
2026,old,24,storage_fixed_om_CNY,0
2026,old,25,renewable_available_MWh,0
2026,old,25,renewable_used_MWh,0
2026,old,25,curtailment_MWh,0
2026,old,25,total_load_MWh,0
2026,old,25,thermal_generation_MWh,0
2026,old,25,unserved_MWh,0
2026,old,25,discharge_MWh,0
2026,old,25,total_cost_CNY,0
2026,old,25,thermal_cost_CNY,0
2026,old,25,curtailment_cost_CNY,0
2026,old,25,load_shedding_cost_CNY,0
2026,old,25,storage_variable_om_CNY,0
2026,old,25,storage_investment_allocated_CNY,0
2026,old,25,storage_fixed_om_CNY,0
2026,old,26,renewable_available_MWh,0
2026,old,26,renewable_used_MWh,0
2026,old,26,curtailment_MWh,0
2026,old,26,total_load_MWh,0
2026,old,26,thermal_generation_MWh,0
2026,old,26,unserved_MWh,0
2026,old,26,discharge_MWh,0
2026,old,26,total_cost_CNY,0
2026,old,26,thermal_cost_CNY,0
2026,old,26,curtailment_cost_CNY,0
2026,old,26,load_shedding_cost_CNY,0
2026,old,26,storage_variable_om_CNY,0
2026,old,26,storage_investment_allocated_CNY,0
2026,old,26,storage_fixed_om_CNY,0
2026,old,27,renewable_available_MWh,0
2026,old,27,renewable_used_MWh,0
2026,old,27,curtailment_MWh,0
2026,old,27,total_load_MWh,0
2026,old,27,thermal_generation_MWh,0
2026,old,27,unserved_MWh,0
2026,old,27,discharge_MWh,0
2026,old,27,total_cost_CNY,0
2026,old,27,thermal_cost_CNY,0
2026,old,27,curtailment_cost_CNY,0
2026,old,27,load_shedding_cost_CNY,0
2026,old,27,storage_variable_om_CNY,0
2026,old,27,storage_investment_allocated_CNY,0
2026,old,27,storage_fixed_om_CNY,0
2026,old,28,renewable_available_MWh,0
2026,old,28,renewable_used_MWh,0
2026,old,28,curtailment_MWh,0
2026,old,28,total_load_MWh,0
2026,old,28,thermal_generation_MWh,0
2026,old,28,unserved_MWh,0
2026,old,28,discharge_MWh,0
2026,old,28,total_cost_CNY,0
2026,old,28,thermal_cost_CNY,0
2026,old,28,curtailment_cost_CNY,0
2026,old,28,load_shedding_cost_CNY,0
2026,old,28,storage_variable_om_CNY,0
2026,old,28,storage_investment_allocated_CNY,0
2026,old,28,storage_fixed_om_CNY,0
2026,old,29,renewable_available_MWh,0
2026,old,29,renewable_used_MWh,0
2026,old,29,curtailment_MWh,0
2026,old,29,total_load_MWh,0
2026,old,29,thermal_generation_MWh,0
2026,old,29,unserved_MWh,0
2026,old,29,discharge_MWh,0
2026,old,29,total_cost_CNY,0
2026,old,29,thermal_cost_CNY,0
2026,old,29,curtailment_cost_CNY,0
2026,old,29,load_shedding_cost_CNY,0
2026,old,29,storage_variable_om_CNY,0
2026,old,29,storage_investment_allocated_CNY,0
2026,old,29,storage_fixed_om_CNY,0
2026,old,30,renewable_available_MWh,0
2026,old,30,renewable_used_MWh,0
2026,old,30,curtailment_MWh,0
2026,old,30,total_load_MWh,0
2026,old,30,thermal_generation_MWh,0
2026,old,30,unserved_MWh,0
2026,old,30,discharge_MWh,0
2026,old,30,total_cost_CNY,0
2026,old,30,thermal_cost_CNY,0
2026,old,30,curtailment_cost_CNY,0
2026,old,30,load_shedding_cost_CNY,0
2026,old,30,storage_variable_om_CNY,0
2026,old,30,storage_investment_allocated_CNY,0
2026,old,30,storage_fixed_om_CNY,0
2026,old,31,renewable_available_MWh,0
2026,old,31,renewable_used_MWh,0
2026,old,31,curtailment_MWh,0
2026,old,31,total_load_MWh,0
2026,old,31,thermal_generation_MWh,0
2026,old,31,unserved_MWh,0
2026,old,31,discharge_MWh,0
2026,old,31,total_cost_CNY,0
2026,old,31,thermal_cost_CNY,0
2026,old,31,curtailment_cost_CNY,0
2026,old,31,load_shedding_cost_CNY,0
2026,old,31,storage_variable_om_CNY,0
2026,old,31,storage_investment_allocated_CNY,0
2026,old,31,storage_fixed_om_CNY,0
2026,old,32,renewable_available_MWh,0
2026,old,32,renewable_used_MWh,0
2026,old,32,curtailment_MWh,0
2026,old,32,total_load_MWh,0
2026,old,32,thermal_generation_MWh,0
2026,old,32,unserved_MWh,0
2026,old,32,discharge_MWh,0
2026,old,32,total_cost_CNY,0
2026,old,32,thermal_cost_CNY,0
2026,old,32,curtailment_cost_CNY,0
2026,old,32,load_shedding_cost_CNY,0
2026,old,32,storage_variable_om_CNY,0
2026,old,32,storage_investment_allocated_CNY,0
2026,old,32,storage_fixed_om_CNY,0
2026,old,33,renewable_available_MWh,0
2026,old,33,renewable_used_MWh,0
2026,old,33,curtailment_MWh,0
2026,old,33,total_load_MWh,0
2026,old,33,thermal_generation_MWh,0
2026,old,33,unserved_MWh,0
2026,old,33,discharge_MWh,0
2026,old,33,total_cost_CNY,0
2026,old,33,thermal_cost_CNY,0
2026,old,33,curtailment_cost_CNY,0
2026,old,33,load_shedding_cost_CNY,0
2026,old,33,storage_variable_om_CNY,0
2026,old,33,storage_investment_allocated_CNY,0
2026,old,33,storage_fixed_om_CNY,0
2026,old,34,renewable_available_MWh,0
2026,old,34,renewable_used_MWh,0
2026,old,34,curtailment_MWh,0
2026,old,34,total_load_MWh,0
2026,old,34,thermal_generation_MWh,0
2026,old,34,unserved_MWh,0
2026,old,34,discharge_MWh,0
2026,old,34,total_cost_CNY,0
2026,old,34,thermal_cost_CNY,0
2026,old,34,curtailment_cost_CNY,0
2026,old,34,load_shedding_cost_CNY,0
2026,old,34,storage_variable_om_CNY,0
2026,old,34,storage_investment_allocated_CNY,0
2026,old,34,storage_fixed_om_CNY,0
2026,old,35,renewable_available_MWh,0
2026,old,35,renewable_used_MWh,0
2026,old,35,curtailment_MWh,0
2026,old,35,total_load_MWh,0
2026,old,35,thermal_generation_MWh,0
2026,old,35,unserved_MWh,0
2026,old,35,discharge_MWh,0
2026,old,35,total_cost_CNY,0
2026,old,35,thermal_cost_CNY,0
2026,old,35,curtailment_cost_CNY,0
2026,old,35,load_shedding_cost_CNY,0
2026,old,35,storage_variable_om_CNY,0
2026,old,35,storage_investment_allocated_CNY,0
2026,old,35,storage_fixed_om_CNY,0
2026,old,36,renewable_available_MWh,0
2026,old,36,renewable_used_MWh,0
2026,old,36,curtailment_MWh,0
2026,old,36,total_load_MWh,0
2026,old,36,thermal_generation_MWh,0
2026,old,36,unserved_MWh,0
2026,old,36,discharge_MWh,0
2026,old,36,total_cost_CNY,0
2026,old,36,thermal_cost_CNY,0
2026,old,36,curtailment_cost_CNY,0
2026,old,36,load_shedding_cost_CNY,0
2026,old,36,storage_variable_om_CNY,0
2026,old,36,storage_investment_allocated_CNY,0
2026,old,36,storage_fixed_om_CNY,0
2026,old,37,renewable_available_MWh,0
2026,old,37,renewable_used_MWh,0
2026,old,37,curtailment_MWh,0
2026,old,37,total_load_MWh,0
2026,old,37,thermal_generation_MWh,0
2026,old,37,unserved_MWh,0
2026,old,37,discharge_MWh,0
2026,old,37,total_cost_CNY,0
2026,old,37,thermal_cost_CNY,0
2026,old,37,curtailment_cost_CNY,0
2026,old,37,load_shedding_cost_CNY,0
2026,old,37,storage_variable_om_CNY,0
2026,old,37,storage_investment_allocated_CNY,0
2026,old,37,storage_fixed_om_CNY,0
2026,old,38,renewable_available_MWh,0
2026,old,38,renewable_used_MWh,0
2026,old,38,curtailment_MWh,0
2026,old,38,total_load_MWh,0
2026,old,38,thermal_generation_MWh,0
2026,old,38,unserved_MWh,0
2026,old,38,discharge_MWh,0
2026,old,38,total_cost_CNY,0
2026,old,38,thermal_cost_CNY,0
2026,old,38,curtailment_cost_CNY,0
2026,old,38,load_shedding_cost_CNY,0
2026,old,38,storage_variable_om_CNY,0
2026,old,38,storage_investment_allocated_CNY,0
2026,old,38,storage_fixed_om_CNY,0
2026,old,39,renewable_available_MWh,0
2026,old,39,renewable_used_MWh,0
2026,old,39,curtailment_MWh,0
2026,old,39,total_load_MWh,0
2026,old,39,thermal_generation_MWh,0
2026,old,39,unserved_MWh,0
2026,old,39,discharge_MWh,0
2026,old,39,total_cost_CNY,0
2026,old,39,thermal_cost_CNY,0
2026,old,39,curtailment_cost_CNY,0
2026,old,39,load_shedding_cost_CNY,0
2026,old,39,storage_variable_om_CNY,0
2026,old,39,storage_investment_allocated_CNY,0
2026,old,39,storage_fixed_om_CNY,0
2026,old,40,renewable_available_MWh,0
2026,old,40,renewable_used_MWh,0
2026,old,40,curtailment_MWh,0
2026,old,40,total_load_MWh,0
2026,old,40,thermal_generation_MWh,0
2026,old,40,unserved_MWh,0
2026,old,40,discharge_MWh,0
2026,old,40,total_cost_CNY,0
2026,old,40,thermal_cost_CNY,0
2026,old,40,curtailment_cost_CNY,0
2026,old,40,load_shedding_cost_CNY,0
2026,old,40,storage_variable_om_CNY,0
2026,old,40,storage_investment_allocated_CNY,0
2026,old,40,storage_fixed_om_CNY,0
2026,old,41,renewable_available_MWh,0
2026,old,41,renewable_used_MWh,0
2026,old,41,curtailment_MWh,0
2026,old,41,total_load_MWh,0
2026,old,41,thermal_generation_MWh,0
2026,old,41,unserved_MWh,0
2026,old,41,discharge_MWh,0
2026,old,41,total_cost_CNY,0
2026,old,41,thermal_cost_CNY,0
2026,old,41,curtailment_cost_CNY,0
2026,old,41,load_shedding_cost_CNY,0
2026,old,41,storage_variable_om_CNY,0
2026,old,41,storage_investment_allocated_CNY,0
2026,old,41,storage_fixed_om_CNY,0
2026,old,42,renewable_available_MWh,0
2026,old,42,renewable_used_MWh,0
2026,old,42,curtailment_MWh,0
2026,old,42,total_load_MWh,0
2026,old,42,thermal_generation_MWh,0
2026,old,42,unserved_MWh,0
2026,old,42,discharge_MWh,0
2026,old,42,total_cost_CNY,0
2026,old,42,thermal_cost_CNY,0
2026,old,42,curtailment_cost_CNY,0
2026,old,42,load_shedding_cost_CNY,0
2026,old,42,storage_variable_om_CNY,0
2026,old,42,storage_investment_allocated_CNY,0
2026,old,42,storage_fixed_om_CNY,0
2026,old,43,renewable_available_MWh,0
2026,old,43,renewable_used_MWh,0
2026,old,43,curtailment_MWh,0
2026,old,43,total_load_MWh,0
2026,old,43,thermal_generation_MWh,0
2026,old,43,unserved_MWh,0
2026,old,43,discharge_MWh,0
2026,old,43,total_cost_CNY,0
2026,old,43,thermal_cost_CNY,0
2026,old,43,curtailment_cost_CNY,0
2026,old,43,load_shedding_cost_CNY,0
2026,old,43,storage_variable_om_CNY,0
2026,old,43,storage_investment_allocated_CNY,0
2026,old,43,storage_fixed_om_CNY,0
2026,old,44,renewable_available_MWh,0
2026,old,44,renewable_used_MWh,0
2026,old,44,curtailment_MWh,0
2026,old,44,total_load_MWh,0
2026,old,44,thermal_generation_MWh,0
2026,old,44,unserved_MWh,0
2026,old,44,discharge_MWh,0
2026,old,44,total_cost_CNY,0
2026,old,44,thermal_cost_CNY,0
2026,old,44,curtailment_cost_CNY,0
2026,old,44,load_shedding_cost_CNY,0
2026,old,44,storage_variable_om_CNY,0
2026,old,44,storage_investment_allocated_CNY,0
2026,old,44,storage_fixed_om_CNY,0
2026,old,45,renewable_available_MWh,0
2026,old,45,renewable_used_MWh,0
2026,old,45,curtailment_MWh,0
2026,old,45,total_load_MWh,0
2026,old,45,thermal_generation_MWh,0
2026,old,45,unserved_MWh,0
2026,old,45,discharge_MWh,0
2026,old,45,total_cost_CNY,0
2026,old,45,thermal_cost_CNY,0
2026,old,45,curtailment_cost_CNY,0
2026,old,45,load_shedding_cost_CNY,0
2026,old,45,storage_variable_om_CNY,0
2026,old,45,storage_investment_allocated_CNY,0
2026,old,45,storage_fixed_om_CNY,0
2026,old,46,renewable_available_MWh,0
2026,old,46,renewable_used_MWh,0
2026,old,46,curtailment_MWh,0
2026,old,46,total_load_MWh,0
2026,old,46,thermal_generation_MWh,0
2026,old,46,unserved_MWh,0
2026,old,46,discharge_MWh,0
2026,old,46,total_cost_CNY,0
2026,old,46,thermal_cost_CNY,0
2026,old,46,curtailment_cost_CNY,0
2026,old,46,load_shedding_cost_CNY,0
2026,old,46,storage_variable_om_CNY,0
2026,old,46,storage_investment_allocated_CNY,0
2026,old,46,storage_fixed_om_CNY,0
2026,old,47,renewable_available_MWh,0
2026,old,47,renewable_used_MWh,0
2026,old,47,curtailment_MWh,0
2026,old,47,total_load_MWh,0
2026,old,47,thermal_generation_MWh,0
2026,old,47,unserved_MWh,0
2026,old,47,discharge_MWh,0
2026,old,47,total_cost_CNY,0
2026,old,47,thermal_cost_CNY,0
2026,old,47,curtailment_cost_CNY,0
2026,old,47,load_shedding_cost_CNY,0
2026,old,47,storage_variable_om_CNY,0
2026,old,47,storage_investment_allocated_CNY,0
2026,old,47,storage_fixed_om_CNY,0
2026,new,0,renewable_available_MWh,0
2026,new,0,renewable_used_MWh,0
2026,new,0,curtailment_MWh,0
2026,new,0,total_load_MWh,0
2026,new,0,thermal_generation_MWh,0
2026,new,0,unserved_MWh,0
2026,new,0,discharge_MWh,0
2026,new,0,total_cost_CNY,0
2026,new,0,thermal_cost_CNY,0
2026,new,0,curtailment_cost_CNY,0
2026,new,0,load_shedding_cost_CNY,0
2026,new,0,storage_variable_om_CNY,0
2026,new,0,storage_investment_allocated_CNY,0
2026,new,0,storage_fixed_om_CNY,0
2026,new,1,renewable_available_MWh,0
2026,new,1,renewable_used_MWh,0
2026,new,1,curtailment_MWh,0
2026,new,1,total_load_MWh,0
2026,new,1,thermal_generation_MWh,0
2026,new,1,unserved_MWh,0
2026,new,1,discharge_MWh,0
2026,new,1,total_cost_CNY,0
2026,new,1,thermal_cost_CNY,0
2026,new,1,curtailment_cost_CNY,0
2026,new,1,load_shedding_cost_CNY,0
2026,new,1,storage_variable_om_CNY,0
2026,new,1,storage_investment_allocated_CNY,0
2026,new,1,storage_fixed_om_CNY,0
2026,new,2,renewable_available_MWh,0
2026,new,2,renewable_used_MWh,0
2026,new,2,curtailment_MWh,0
2026,new,2,total_load_MWh,0
2026,new,2,thermal_generation_MWh,0
2026,new,2,unserved_MWh,0
2026,new,2,discharge_MWh,0
2026,new,2,total_cost_CNY,0
2026,new,2,thermal_cost_CNY,0
2026,new,2,curtailment_cost_CNY,0
2026,new,2,load_shedding_cost_CNY,0
2026,new,2,storage_variable_om_CNY,0
2026,new,2,storage_investment_allocated_CNY,0
2026,new,2,storage_fixed_om_CNY,0
2026,new,3,renewable_available_MWh,0
2026,new,3,renewable_used_MWh,0
2026,new,3,curtailment_MWh,0
2026,new,3,total_load_MWh,0
2026,new,3,thermal_generation_MWh,0
2026,new,3,unserved_MWh,0
2026,new,3,discharge_MWh,0
2026,new,3,total_cost_CNY,0
2026,new,3,thermal_cost_CNY,0
2026,new,3,curtailment_cost_CNY,0
2026,new,3,load_shedding_cost_CNY,0
2026,new,3,storage_variable_om_CNY,0
2026,new,3,storage_investment_allocated_CNY,0
2026,new,3,storage_fixed_om_CNY,0
2026,new,4,renewable_available_MWh,0
2026,new,4,renewable_used_MWh,0
2026,new,4,curtailment_MWh,0
2026,new,4,total_load_MWh,0
2026,new,4,thermal_generation_MWh,0
2026,new,4,unserved_MWh,0
2026,new,4,discharge_MWh,0
2026,new,4,total_cost_CNY,0
2026,new,4,thermal_cost_CNY,0
2026,new,4,curtailment_cost_CNY,0
2026,new,4,load_shedding_cost_CNY,0
2026,new,4,storage_variable_om_CNY,0
2026,new,4,storage_investment_allocated_CNY,0
2026,new,4,storage_fixed_om_CNY,0
2026,new,5,renewable_available_MWh,0
2026,new,5,renewable_used_MWh,0
2026,new,5,curtailment_MWh,0
2026,new,5,total_load_MWh,0
2026,new,5,thermal_generation_MWh,0
2026,new,5,unserved_MWh,0
2026,new,5,discharge_MWh,0
2026,new,5,total_cost_CNY,0
2026,new,5,thermal_cost_CNY,0
2026,new,5,curtailment_cost_CNY,0
2026,new,5,load_shedding_cost_CNY,0
2026,new,5,storage_variable_om_CNY,0
2026,new,5,storage_investment_allocated_CNY,0
2026,new,5,storage_fixed_om_CNY,0
2026,new,6,renewable_available_MWh,0
2026,new,6,renewable_used_MWh,0
2026,new,6,curtailment_MWh,0
2026,new,6,total_load_MWh,0
2026,new,6,thermal_generation_MWh,0
2026,new,6,unserved_MWh,0
2026,new,6,discharge_MWh,0
2026,new,6,total_cost_CNY,0
2026,new,6,thermal_cost_CNY,0
2026,new,6,curtailment_cost_CNY,0
2026,new,6,load_shedding_cost_CNY,0
2026,new,6,storage_variable_om_CNY,0
2026,new,6,storage_investment_allocated_CNY,0
2026,new,6,storage_fixed_om_CNY,0
2026,new,7,renewable_available_MWh,0
2026,new,7,renewable_used_MWh,0
2026,new,7,curtailment_MWh,0
2026,new,7,total_load_MWh,0
2026,new,7,thermal_generation_MWh,0
2026,new,7,unserved_MWh,0
2026,new,7,discharge_MWh,0
2026,new,7,total_cost_CNY,0
2026,new,7,thermal_cost_CNY,0
2026,new,7,curtailment_cost_CNY,0
2026,new,7,load_shedding_cost_CNY,0
2026,new,7,storage_variable_om_CNY,0
2026,new,7,storage_investment_allocated_CNY,0
2026,new,7,storage_fixed_om_CNY,0
2026,new,8,renewable_available_MWh,0
2026,new,8,renewable_used_MWh,0
2026,new,8,curtailment_MWh,0
2026,new,8,total_load_MWh,0
2026,new,8,thermal_generation_MWh,0
2026,new,8,unserved_MWh,0
2026,new,8,discharge_MWh,0
2026,new,8,total_cost_CNY,0
2026,new,8,thermal_cost_CNY,0
2026,new,8,curtailment_cost_CNY,0
2026,new,8,load_shedding_cost_CNY,0
2026,new,8,storage_variable_om_CNY,0
2026,new,8,storage_investment_allocated_CNY,0
2026,new,8,storage_fixed_om_CNY,0
2026,new,9,renewable_available_MWh,0
2026,new,9,renewable_used_MWh,0
2026,new,9,curtailment_MWh,0
2026,new,9,total_load_MWh,0
2026,new,9,thermal_generation_MWh,0
2026,new,9,unserved_MWh,0
2026,new,9,discharge_MWh,0
2026,new,9,total_cost_CNY,0
2026,new,9,thermal_cost_CNY,0
2026,new,9,curtailment_cost_CNY,0
2026,new,9,load_shedding_cost_CNY,0
2026,new,9,storage_variable_om_CNY,0
2026,new,9,storage_investment_allocated_CNY,0
2026,new,9,storage_fixed_om_CNY,0
2026,new,10,renewable_available_MWh,0
2026,new,10,renewable_used_MWh,0
2026,new,10,curtailment_MWh,0
2026,new,10,total_load_MWh,0
2026,new,10,thermal_generation_MWh,0
2026,new,10,unserved_MWh,0
2026,new,10,discharge_MWh,0
2026,new,10,total_cost_CNY,0
2026,new,10,thermal_cost_CNY,0
2026,new,10,curtailment_cost_CNY,0
2026,new,10,load_shedding_cost_CNY,0
2026,new,10,storage_variable_om_CNY,0
2026,new,10,storage_investment_allocated_CNY,0
2026,new,10,storage_fixed_om_CNY,0
2026,new,11,renewable_available_MWh,0
2026,new,11,renewable_used_MWh,0
2026,new,11,curtailment_MWh,0
2026,new,11,total_load_MWh,0
2026,new,11,thermal_generation_MWh,0
2026,new,11,unserved_MWh,0
2026,new,11,discharge_MWh,0
2026,new,11,total_cost_CNY,0
2026,new,11,thermal_cost_CNY,0
2026,new,11,curtailment_cost_CNY,0
2026,new,11,load_shedding_cost_CNY,0
2026,new,11,storage_variable_om_CNY,0
2026,new,11,storage_investment_allocated_CNY,0
2026,new,11,storage_fixed_om_CNY,0
2026,new,12,renewable_available_MWh,0
2026,new,12,renewable_used_MWh,0
2026,new,12,curtailment_MWh,0
2026,new,12,total_load_MWh,0
2026,new,12,thermal_generation_MWh,0
2026,new,12,unserved_MWh,0
2026,new,12,discharge_MWh,0
2026,new,12,total_cost_CNY,0
2026,new,12,thermal_cost_CNY,0
2026,new,12,curtailment_cost_CNY,0
2026,new,12,load_shedding_cost_CNY,0
2026,new,12,storage_variable_om_CNY,0
2026,new,12,storage_investment_allocated_CNY,0
2026,new,12,storage_fixed_om_CNY,0
2026,new,13,renewable_available_MWh,0
2026,new,13,renewable_used_MWh,0
2026,new,13,curtailment_MWh,0
2026,new,13,total_load_MWh,0
2026,new,13,thermal_generation_MWh,0
2026,new,13,unserved_MWh,0
2026,new,13,discharge_MWh,0
2026,new,13,total_cost_CNY,0
2026,new,13,thermal_cost_CNY,0
2026,new,13,curtailment_cost_CNY,0
2026,new,13,load_shedding_cost_CNY,0
2026,new,13,storage_variable_om_CNY,0
2026,new,13,storage_investment_allocated_CNY,0
2026,new,13,storage_fixed_om_CNY,0
2026,new,14,renewable_available_MWh,0
2026,new,14,renewable_used_MWh,0
2026,new,14,curtailment_MWh,0
2026,new,14,total_load_MWh,0
2026,new,14,thermal_generation_MWh,0
2026,new,14,unserved_MWh,0
2026,new,14,discharge_MWh,0
2026,new,14,total_cost_CNY,0
2026,new,14,thermal_cost_CNY,0
2026,new,14,curtailment_cost_CNY,0
2026,new,14,load_shedding_cost_CNY,0
2026,new,14,storage_variable_om_CNY,0
2026,new,14,storage_investment_allocated_CNY,0
2026,new,14,storage_fixed_om_CNY,0
2026,new,15,renewable_available_MWh,0
2026,new,15,renewable_used_MWh,0
2026,new,15,curtailment_MWh,0
2026,new,15,total_load_MWh,0
2026,new,15,thermal_generation_MWh,0
2026,new,15,unserved_MWh,0
2026,new,15,discharge_MWh,0
2026,new,15,total_cost_CNY,0
2026,new,15,thermal_cost_CNY,0
2026,new,15,curtailment_cost_CNY,0
2026,new,15,load_shedding_cost_CNY,0
2026,new,15,storage_variable_om_CNY,0
2026,new,15,storage_investment_allocated_CNY,0
2026,new,15,storage_fixed_om_CNY,0
2026,new,16,renewable_available_MWh,0
2026,new,16,renewable_used_MWh,0
2026,new,16,curtailment_MWh,0
2026,new,16,total_load_MWh,0
2026,new,16,thermal_generation_MWh,0
2026,new,16,unserved_MWh,0
2026,new,16,discharge_MWh,0
2026,new,16,total_cost_CNY,0
2026,new,16,thermal_cost_CNY,0
2026,new,16,curtailment_cost_CNY,0
2026,new,16,load_shedding_cost_CNY,0
2026,new,16,storage_variable_om_CNY,0
2026,new,16,storage_investment_allocated_CNY,0
2026,new,16,storage_fixed_om_CNY,0
2026,new,17,renewable_available_MWh,0
2026,new,17,renewable_used_MWh,0
2026,new,17,curtailment_MWh,0
2026,new,17,total_load_MWh,0
2026,new,17,thermal_generation_MWh,0
2026,new,17,unserved_MWh,0
2026,new,17,discharge_MWh,0
2026,new,17,total_cost_CNY,0
2026,new,17,thermal_cost_CNY,0
2026,new,17,curtailment_cost_CNY,0
2026,new,17,load_shedding_cost_CNY,0
2026,new,17,storage_variable_om_CNY,0
2026,new,17,storage_investment_allocated_CNY,0
2026,new,17,storage_fixed_om_CNY,0
2026,new,18,renewable_available_MWh,0
2026,new,18,renewable_used_MWh,0
2026,new,18,curtailment_MWh,0
2026,new,18,total_load_MWh,0
2026,new,18,thermal_generation_MWh,0
2026,new,18,unserved_MWh,0
2026,new,18,discharge_MWh,0
2026,new,18,total_cost_CNY,0
2026,new,18,thermal_cost_CNY,0
2026,new,18,curtailment_cost_CNY,0
2026,new,18,load_shedding_cost_CNY,0
2026,new,18,storage_variable_om_CNY,0
2026,new,18,storage_investment_allocated_CNY,0
2026,new,18,storage_fixed_om_CNY,0
2026,new,19,renewable_available_MWh,0
2026,new,19,renewable_used_MWh,0
2026,new,19,curtailment_MWh,0
2026,new,19,total_load_MWh,0
2026,new,19,thermal_generation_MWh,0
2026,new,19,unserved_MWh,0
2026,new,19,discharge_MWh,0
2026,new,19,total_cost_CNY,0
2026,new,19,thermal_cost_CNY,0
2026,new,19,curtailment_cost_CNY,0
2026,new,19,load_shedding_cost_CNY,0
2026,new,19,storage_variable_om_CNY,0
2026,new,19,storage_investment_allocated_CNY,0
2026,new,19,storage_fixed_om_CNY,0
2026,new,20,renewable_available_MWh,0
2026,new,20,renewable_used_MWh,0
2026,new,20,curtailment_MWh,0
2026,new,20,total_load_MWh,0
2026,new,20,thermal_generation_MWh,0
2026,new,20,unserved_MWh,0
2026,new,20,discharge_MWh,0
2026,new,20,total_cost_CNY,0
2026,new,20,thermal_cost_CNY,0
2026,new,20,curtailment_cost_CNY,0
2026,new,20,load_shedding_cost_CNY,0
2026,new,20,storage_variable_om_CNY,0
2026,new,20,storage_investment_allocated_CNY,0
2026,new,20,storage_fixed_om_CNY,0
2026,new,21,renewable_available_MWh,0
2026,new,21,renewable_used_MWh,0
2026,new,21,curtailment_MWh,0
2026,new,21,total_load_MWh,0
2026,new,21,thermal_generation_MWh,0
2026,new,21,unserved_MWh,0
2026,new,21,discharge_MWh,0
2026,new,21,total_cost_CNY,0
2026,new,21,thermal_cost_CNY,0
2026,new,21,curtailment_cost_CNY,0
2026,new,21,load_shedding_cost_CNY,0
2026,new,21,storage_variable_om_CNY,0
2026,new,21,storage_investment_allocated_CNY,0
2026,new,21,storage_fixed_om_CNY,0
2026,new,22,renewable_available_MWh,0
2026,new,22,renewable_used_MWh,0
2026,new,22,curtailment_MWh,0
2026,new,22,total_load_MWh,0
2026,new,22,thermal_generation_MWh,0
2026,new,22,unserved_MWh,0
2026,new,22,discharge_MWh,0
2026,new,22,total_cost_CNY,0
2026,new,22,thermal_cost_CNY,0
2026,new,22,curtailment_cost_CNY,0
2026,new,22,load_shedding_cost_CNY,0
2026,new,22,storage_variable_om_CNY,0
2026,new,22,storage_investment_allocated_CNY,0
2026,new,22,storage_fixed_om_CNY,0
2026,new,23,renewable_available_MWh,0
2026,new,23,renewable_used_MWh,0
2026,new,23,curtailment_MWh,0
2026,new,23,total_load_MWh,0
2026,new,23,thermal_generation_MWh,0
2026,new,23,unserved_MWh,0
2026,new,23,discharge_MWh,0
2026,new,23,total_cost_CNY,0
2026,new,23,thermal_cost_CNY,0
2026,new,23,curtailment_cost_CNY,0
2026,new,23,load_shedding_cost_CNY,0
2026,new,23,storage_variable_om_CNY,0
2026,new,23,storage_investment_allocated_CNY,0
2026,new,23,storage_fixed_om_CNY,0
2026,new,24,renewable_available_MWh,0
2026,new,24,renewable_used_MWh,0
2026,new,24,curtailment_MWh,0
2026,new,24,total_load_MWh,0
2026,new,24,thermal_generation_MWh,0
2026,new,24,unserved_MWh,0
2026,new,24,discharge_MWh,0
2026,new,24,total_cost_CNY,0
2026,new,24,thermal_cost_CNY,0
2026,new,24,curtailment_cost_CNY,0
2026,new,24,load_shedding_cost_CNY,0
2026,new,24,storage_variable_om_CNY,0
2026,new,24,storage_investment_allocated_CNY,0
2026,new,24,storage_fixed_om_CNY,0
2026,new,25,renewable_available_MWh,0
2026,new,25,renewable_used_MWh,0
2026,new,25,curtailment_MWh,0
2026,new,25,total_load_MWh,0
2026,new,25,thermal_generation_MWh,0
2026,new,25,unserved_MWh,0
2026,new,25,discharge_MWh,0
2026,new,25,total_cost_CNY,0
2026,new,25,thermal_cost_CNY,0
2026,new,25,curtailment_cost_CNY,0
2026,new,25,load_shedding_cost_CNY,0
2026,new,25,storage_variable_om_CNY,0
2026,new,25,storage_investment_allocated_CNY,0
2026,new,25,storage_fixed_om_CNY,0
2026,new,26,renewable_available_MWh,0
2026,new,26,renewable_used_MWh,0
2026,new,26,curtailment_MWh,0
2026,new,26,total_load_MWh,0
2026,new,26,thermal_generation_MWh,0
2026,new,26,unserved_MWh,0
2026,new,26,discharge_MWh,0
2026,new,26,total_cost_CNY,0
2026,new,26,thermal_cost_CNY,0
2026,new,26,curtailment_cost_CNY,0
2026,new,26,load_shedding_cost_CNY,0
2026,new,26,storage_variable_om_CNY,0
2026,new,26,storage_investment_allocated_CNY,0
2026,new,26,storage_fixed_om_CNY,0
2026,new,27,renewable_available_MWh,0
2026,new,27,renewable_used_MWh,0
2026,new,27,curtailment_MWh,0
2026,new,27,total_load_MWh,0
2026,new,27,thermal_generation_MWh,0
2026,new,27,unserved_MWh,0
2026,new,27,discharge_MWh,0
2026,new,27,total_cost_CNY,0
2026,new,27,thermal_cost_CNY,0
2026,new,27,curtailment_cost_CNY,0
2026,new,27,load_shedding_cost_CNY,0
2026,new,27,storage_variable_om_CNY,0
2026,new,27,storage_investment_allocated_CNY,0
2026,new,27,storage_fixed_om_CNY,0
2026,new,28,renewable_available_MWh,0
2026,new,28,renewable_used_MWh,0
2026,new,28,curtailment_MWh,0
2026,new,28,total_load_MWh,0
2026,new,28,thermal_generation_MWh,0
2026,new,28,unserved_MWh,0
2026,new,28,discharge_MWh,0
2026,new,28,total_cost_CNY,0
2026,new,28,thermal_cost_CNY,0
2026,new,28,curtailment_cost_CNY,0
2026,new,28,load_shedding_cost_CNY,0
2026,new,28,storage_variable_om_CNY,0
2026,new,28,storage_investment_allocated_CNY,0
2026,new,28,storage_fixed_om_CNY,0
2026,new,29,renewable_available_MWh,0
2026,new,29,renewable_used_MWh,0
2026,new,29,curtailment_MWh,0
2026,new,29,total_load_MWh,0
2026,new,29,thermal_generation_MWh,0
2026,new,29,unserved_MWh,0
2026,new,29,discharge_MWh,0
2026,new,29,total_cost_CNY,0
2026,new,29,thermal_cost_CNY,0
2026,new,29,curtailment_cost_CNY,0
2026,new,29,load_shedding_cost_CNY,0
2026,new,29,storage_variable_om_CNY,0
2026,new,29,storage_investment_allocated_CNY,0
2026,new,29,storage_fixed_om_CNY,0
2026,new,30,renewable_available_MWh,0
2026,new,30,renewable_used_MWh,0
2026,new,30,curtailment_MWh,0
2026,new,30,total_load_MWh,0
2026,new,30,thermal_generation_MWh,0
2026,new,30,unserved_MWh,0
2026,new,30,discharge_MWh,0
2026,new,30,total_cost_CNY,0
2026,new,30,thermal_cost_CNY,0
2026,new,30,curtailment_cost_CNY,0
2026,new,30,load_shedding_cost_CNY,0
2026,new,30,storage_variable_om_CNY,0
2026,new,30,storage_investment_allocated_CNY,0
2026,new,30,storage_fixed_om_CNY,0
2026,new,31,renewable_available_MWh,0
2026,new,31,renewable_used_MWh,0
2026,new,31,curtailment_MWh,0
2026,new,31,total_load_MWh,0
2026,new,31,thermal_generation_MWh,0
2026,new,31,unserved_MWh,0
2026,new,31,discharge_MWh,0
2026,new,31,total_cost_CNY,0
2026,new,31,thermal_cost_CNY,0
2026,new,31,curtailment_cost_CNY,0
2026,new,31,load_shedding_cost_CNY,0
2026,new,31,storage_variable_om_CNY,0
2026,new,31,storage_investment_allocated_CNY,0
2026,new,31,storage_fixed_om_CNY,0
2026,new,32,renewable_available_MWh,0
2026,new,32,renewable_used_MWh,0
2026,new,32,curtailment_MWh,0
2026,new,32,total_load_MWh,0
2026,new,32,thermal_generation_MWh,0
2026,new,32,unserved_MWh,0
2026,new,32,discharge_MWh,0
2026,new,32,total_cost_CNY,0
2026,new,32,thermal_cost_CNY,0
2026,new,32,curtailment_cost_CNY,0
2026,new,32,load_shedding_cost_CNY,0
2026,new,32,storage_variable_om_CNY,0
2026,new,32,storage_investment_allocated_CNY,0
2026,new,32,storage_fixed_om_CNY,0
2026,new,33,renewable_available_MWh,0
2026,new,33,renewable_used_MWh,0
2026,new,33,curtailment_MWh,0
2026,new,33,total_load_MWh,0
2026,new,33,thermal_generation_MWh,0
2026,new,33,unserved_MWh,0
2026,new,33,discharge_MWh,0
2026,new,33,total_cost_CNY,0
2026,new,33,thermal_cost_CNY,0
2026,new,33,curtailment_cost_CNY,0
2026,new,33,load_shedding_cost_CNY,0
2026,new,33,storage_variable_om_CNY,0
2026,new,33,storage_investment_allocated_CNY,0
2026,new,33,storage_fixed_om_CNY,0
2026,new,34,renewable_available_MWh,0
2026,new,34,renewable_used_MWh,0
2026,new,34,curtailment_MWh,0
2026,new,34,total_load_MWh,0
2026,new,34,thermal_generation_MWh,0
2026,new,34,unserved_MWh,0
2026,new,34,discharge_MWh,0
2026,new,34,total_cost_CNY,0
2026,new,34,thermal_cost_CNY,0
2026,new,34,curtailment_cost_CNY,0
2026,new,34,load_shedding_cost_CNY,0
2026,new,34,storage_variable_om_CNY,0
2026,new,34,storage_investment_allocated_CNY,0
2026,new,34,storage_fixed_om_CNY,0
2026,new,35,renewable_available_MWh,0
2026,new,35,renewable_used_MWh,0
2026,new,35,curtailment_MWh,0
2026,new,35,total_load_MWh,0
2026,new,35,thermal_generation_MWh,0
2026,new,35,unserved_MWh,0
2026,new,35,discharge_MWh,0
2026,new,35,total_cost_CNY,0
2026,new,35,thermal_cost_CNY,0
2026,new,35,curtailment_cost_CNY,0
2026,new,35,load_shedding_cost_CNY,0
2026,new,35,storage_variable_om_CNY,0
2026,new,35,storage_investment_allocated_CNY,0
2026,new,35,storage_fixed_om_CNY,0
2026,new,36,renewable_available_MWh,0
2026,new,36,renewable_used_MWh,0
2026,new,36,curtailment_MWh,0
2026,new,36,total_load_MWh,0
2026,new,36,thermal_generation_MWh,0
2026,new,36,unserved_MWh,0
2026,new,36,discharge_MWh,0
2026,new,36,total_cost_CNY,0
2026,new,36,thermal_cost_CNY,0
2026,new,36,curtailment_cost_CNY,0
2026,new,36,load_shedding_cost_CNY,0
2026,new,36,storage_variable_om_CNY,0
2026,new,36,storage_investment_allocated_CNY,0
2026,new,36,storage_fixed_om_CNY,0
2026,new,37,renewable_available_MWh,0
2026,new,37,renewable_used_MWh,0
2026,new,37,curtailment_MWh,0
2026,new,37,total_load_MWh,0
2026,new,37,thermal_generation_MWh,0
2026,new,37,unserved_MWh,0
2026,new,37,discharge_MWh,0
2026,new,37,total_cost_CNY,0
2026,new,37,thermal_cost_CNY,0
2026,new,37,curtailment_cost_CNY,0
2026,new,37,load_shedding_cost_CNY,0
2026,new,37,storage_variable_om_CNY,0
2026,new,37,storage_investment_allocated_CNY,0
2026,new,37,storage_fixed_om_CNY,0
2026,new,38,renewable_available_MWh,0
2026,new,38,renewable_used_MWh,0
2026,new,38,curtailment_MWh,0
2026,new,38,total_load_MWh,0
2026,new,38,thermal_generation_MWh,0
2026,new,38,unserved_MWh,0
2026,new,38,discharge_MWh,0
2026,new,38,total_cost_CNY,0
2026,new,38,thermal_cost_CNY,0
2026,new,38,curtailment_cost_CNY,0
2026,new,38,load_shedding_cost_CNY,0
2026,new,38,storage_variable_om_CNY,0
2026,new,38,storage_investment_allocated_CNY,0
2026,new,38,storage_fixed_om_CNY,0
2026,new,39,renewable_available_MWh,0
2026,new,39,renewable_used_MWh,0
2026,new,39,curtailment_MWh,0
2026,new,39,total_load_MWh,0
2026,new,39,thermal_generation_MWh,0
2026,new,39,unserved_MWh,0
2026,new,39,discharge_MWh,0
2026,new,39,total_cost_CNY,0
2026,new,39,thermal_cost_CNY,0
2026,new,39,curtailment_cost_CNY,0
2026,new,39,load_shedding_cost_CNY,0
2026,new,39,storage_variable_om_CNY,0
2026,new,39,storage_investment_allocated_CNY,0
2026,new,39,storage_fixed_om_CNY,0
2026,new,40,renewable_available_MWh,0
2026,new,40,renewable_used_MWh,0
2026,new,40,curtailment_MWh,0
2026,new,40,total_load_MWh,0
2026,new,40,thermal_generation_MWh,0
2026,new,40,unserved_MWh,0
2026,new,40,discharge_MWh,0
2026,new,40,total_cost_CNY,0
2026,new,40,thermal_cost_CNY,0
2026,new,40,curtailment_cost_CNY,0
2026,new,40,load_shedding_cost_CNY,0
2026,new,40,storage_variable_om_CNY,0
2026,new,40,storage_investment_allocated_CNY,0
2026,new,40,storage_fixed_om_CNY,0
2026,new,41,renewable_available_MWh,0
2026,new,41,renewable_used_MWh,0
2026,new,41,curtailment_MWh,0
2026,new,41,total_load_MWh,0
2026,new,41,thermal_generation_MWh,0
2026,new,41,unserved_MWh,0
2026,new,41,discharge_MWh,0
2026,new,41,total_cost_CNY,0
2026,new,41,thermal_cost_CNY,0
2026,new,41,curtailment_cost_CNY,0
2026,new,41,load_shedding_cost_CNY,0
2026,new,41,storage_variable_om_CNY,0
2026,new,41,storage_investment_allocated_CNY,0
2026,new,41,storage_fixed_om_CNY,0
2026,new,42,renewable_available_MWh,0
2026,new,42,renewable_used_MWh,0
2026,new,42,curtailment_MWh,0
2026,new,42,total_load_MWh,0
2026,new,42,thermal_generation_MWh,0
2026,new,42,unserved_MWh,0
2026,new,42,discharge_MWh,0
2026,new,42,total_cost_CNY,0
2026,new,42,thermal_cost_CNY,0
2026,new,42,curtailment_cost_CNY,0
2026,new,42,load_shedding_cost_CNY,0
2026,new,42,storage_variable_om_CNY,0
2026,new,42,storage_investment_allocated_CNY,0
2026,new,42,storage_fixed_om_CNY,0
2026,new,43,renewable_available_MWh,0
2026,new,43,renewable_used_MWh,0
2026,new,43,curtailment_MWh,0
2026,new,43,total_load_MWh,0
2026,new,43,thermal_generation_MWh,0
2026,new,43,unserved_MWh,0
2026,new,43,discharge_MWh,0
2026,new,43,total_cost_CNY,0
2026,new,43,thermal_cost_CNY,0
2026,new,43,curtailment_cost_CNY,0
2026,new,43,load_shedding_cost_CNY,0
2026,new,43,storage_variable_om_CNY,0
2026,new,43,storage_investment_allocated_CNY,0
2026,new,43,storage_fixed_om_CNY,0
2026,new,44,renewable_available_MWh,0
2026,new,44,renewable_used_MWh,0
2026,new,44,curtailment_MWh,0
2026,new,44,total_load_MWh,0
2026,new,44,thermal_generation_MWh,0
2026,new,44,unserved_MWh,0
2026,new,44,discharge_MWh,0
2026,new,44,total_cost_CNY,0
2026,new,44,thermal_cost_CNY,0
2026,new,44,curtailment_cost_CNY,0
2026,new,44,load_shedding_cost_CNY,0
2026,new,44,storage_variable_om_CNY,0
2026,new,44,storage_investment_allocated_CNY,0
2026,new,44,storage_fixed_om_CNY,0
2026,new,45,renewable_available_MWh,0
2026,new,45,renewable_used_MWh,0
2026,new,45,curtailment_MWh,0
2026,new,45,total_load_MWh,0
2026,new,45,thermal_generation_MWh,0
2026,new,45,unserved_MWh,0
2026,new,45,discharge_MWh,0
2026,new,45,total_cost_CNY,0
2026,new,45,thermal_cost_CNY,0
2026,new,45,curtailment_cost_CNY,0
2026,new,45,load_shedding_cost_CNY,0
2026,new,45,storage_variable_om_CNY,0
2026,new,45,storage_investment_allocated_CNY,0
2026,new,45,storage_fixed_om_CNY,0
2026,new,46,renewable_available_MWh,0
2026,new,46,renewable_used_MWh,0
2026,new,46,curtailment_MWh,0
2026,new,46,total_load_MWh,0
2026,new,46,thermal_generation_MWh,0
2026,new,46,unserved_MWh,0
2026,new,46,discharge_MWh,0
2026,new,46,total_cost_CNY,0
2026,new,46,thermal_cost_CNY,0
2026,new,46,curtailment_cost_CNY,0
2026,new,46,load_shedding_cost_CNY,0
2026,new,46,storage_variable_om_CNY,0
2026,new,46,storage_investment_allocated_CNY,0
2026,new,46,storage_fixed_om_CNY,0
2026,new,47,renewable_available_MWh,0
2026,new,47,renewable_used_MWh,0
2026,new,47,curtailment_MWh,0
2026,new,47,total_load_MWh,0
2026,new,47,thermal_generation_MWh,0
2026,new,47,unserved_MWh,0
2026,new,47,discharge_MWh,0
2026,new,47,total_cost_CNY,0
2026,new,47,thermal_cost_CNY,0
2026,new,47,curtailment_cost_CNY,0
2026,new,47,load_shedding_cost_CNY,0
2026,new,47,storage_variable_om_CNY,0
2026,new,47,storage_investment_allocated_CNY,0
2026,new,47,storage_fixed_om_CNY,0
