evaluation,generation,energy,power,cost,best_cost
1,0,77.395604855596332,24.749529788842356,486648.79774170846,486648.79774170846
2,0,85.859791991138252,36.381561307671376,487779.95748694957,486648.79774170846
3,0,9.4177347887649532,48.90300582365402,515500.09768275492,486648.79774170846
4,0,76.113970199035293,40.372893737462924,487699.09806652897,486648.79774170846
5,0,12.811363267554587,25.26736720530052,511061.29569034663,486648.79774170846
6,0,37.079802423258123,46.70442449818708,500068.14331456856,486648.79774170846
7,0,64.386512008066461,42.024272597187348,488618.13625723898,486648.79774170846
8,0,44.341419882733113,15.22574248031496,494557.06283379946,486648.79774170846
9,0,55.458478701583481,7.8717765246878901,501726.72331312246,486648.79774170846
10,0,82.763117199258204,33.424897960492913,487447.70613902464,486648.79774170846
11,0,75.808774008537384,20.953668565844076,486371.88052720687,486371.88052720687
12,0,97.069802439490331,45.190450459498898,488861.10213237186,486371.88052720687
13,0,77.838349707376182,13.758741853338542,492493.3278842541,486371.88052720687
14,0,46.672100372703419,6.971169460425295,503306.74690859759,486371.88052720687
15,0,15.428949206754783,35.737202895910457,510473.74341001664,486371.88052720687
16,0,74.47621559078172,48.537937959539448,488229.44827154494,486371.88052720687
17,0,32.582535813815191,21.670686771569098,499706.04263216851,486371.88052720687
18,0,46.955581127580793,13.526211158792856,493971.71606646827,486371.88052720687
19,0,12.992150533547164,26.406721680167017,511060.51806076604,486371.88052720687
20,0,22.690934905088412,35.141629760712966,506051.27336336719,486371.88052720687
21,0,43.715191887233075,42.470518822602685,496928.94437445968,486371.88052720687
22,0,70.026510200224905,19.056498862191848,486880.4173893634,486371.88052720687
23,0,83.225980139520104,41.214396087356086,488024.42592137144,486371.88052720687
24,0,38.747837903017448,17.974764676860985,497001.53920142219,486371.88052720687
25,0,68.249550397497543,11.288861762418941,496005.95097095787,486371.88052720687
26,0,19.990820247510833,5.3313021387952482,508323.58445485297,486371.88052720687
27,0,78.692437750213841,34.918288546641449,487399.98381320352,486371.88052720687
28,0,70.516537862633513,40.132806395988553,487473.62452057656,486371.88052720687
29,0,45.891577553833997,30.593353817880217,495051.33771775651,486371.88052720687
30,0,13.979699812765745,10.153853309118805,508957.83601510117,486371.88052720687
31,1,43.715191887233075,42.470518822602685,496928.94437445968,486371.88052720687
32,1,10.541026816443878,33.365001504516577,513213.58035026526,486371.88052720687
33,1,76.817455480886281,13.758741853338542,492455.37538374664,486371.88052720687
34,1,21.0118120343557,7.4013987669262971,506800.73875604128,486371.88052720687
35,1,85.053354808004158,20.800891243554204,486788.89383487264,486371.88052720687
36,1,77.23103839310626,29.418386806611622,486947.40456360462,486371.88052720687
37,1,75.808774008537384,26.545218395628631,486686.48326368729,486371.88052720687
38,1,75.808774008537384,20.953668565844076,486371.88052720687,486371.88052720687
39,1,38.747837903017448,43.138392177808164,499032.18415804469,486371.88052720687
40,1,83.225980139520104,18.61345692055151,487707.421871208,486371.88052720687
41,1,75.877187579746433,30.058750526495295,486943.44321307633,486371.88052720687
42,1,82.763117199258204,17.761596519249334,488103.7641832357,486371.88052720687
43,1,78.109691832862836,17.778809099096243,487886.94583352626,486371.88052720687
44,1,44.525954920954888,19.629204118674398,494802.29157071258,486371.88052720687
45,1,74.193180736814426,48.938581308895394,488247.93702670612,486371.88052720687
46,1,83.046152053222897,33.370689407451245,487457.24471116165,486371.88052720687
47,1,82.807750367827907,38.211487932184745,487791.43583334162,486371.88052720687
48,1,70.617308577079783,44.258573320676163,487776.11959932104,486371.88052720687
49,1,37.079802423258123,46.70442449818708,500068.14331456856,486371.88052720687
50,1,85.859791991138252,36.381561307671376,487779.95748694957,486371.88052720687
51,1,82.654564415808366,31.878380716148733,487343.42851069081,486371.88052720687
52,1,82.497673096273829,24.150881710838707,486851.31487898953,486371.88052720687
53,1,70.185658825616514,33.613592657261599,486989.26430972735,486371.88052720687
54,1,82.763117199258204,33.452189368199868,487449.45821459597,486371.88052720687
55,1,70.516537862633513,37.238010618121479,487264.01090616675,486371.88052720687
56,1,83.225980139520104,40.139579447919246,487946.59790934291,486371.88052720687
57,1,84.661735818583139,40.621180326590242,488034.84615344292,486371.88052720687
58,1,74.47621559078172,45.896070993839274,488038.1493593023,486371.88052720687
59,1,87.033801529277056,38.068470747373254,487942.25572114228,486371.88052720687
60,2,75.808774008537384,20.953668565844076,486371.88052720687,486371.88052720687
61,2,74.437969022370226,27.314721745770843,486691.24269460945,486371.88052720687
62,2,80.492130396389371,19.498131161309672,487142.63077348692,486371.88052720687
63,2,83.38634738414531,37.813024951365072,487784.0927024954,486371.88052720687
64,2,82.658287181182629,37.252039532849423,487716.40528857335,486371.88052720687
65,2,78.259155019508114,17.778809099096243,487893.82066104555,486371.88052720687
66,2,70.459224040264942,35.892095020645954,487164.42179870879,486371.88052720687
67,2,90.959389467096671,35.809213656655011,487977.77859415219,486371.88052720687
68,2,82.763117199258204,33.612328882218925,487459.73897891387,486371.88052720687
69,2,75.808774008537384,26.545218395628631,486686.48326368729,486371.88052720687
70,2,73.677188375240107,38.053538279683153,487440.56320164946,486371.88052720687
71,2,80.984399034420449,30.22643052726669,487160.55303989019,486371.88052720687
72,2,70.516537862633513,37.238010618121479,487264.01090616675,486371.88052720687
73,2,70.185658825616514,34.952712205632167,487086.23062797589,486371.88052720687
74,2,94.173295262431296,34.465304116054185,488039.33058222546,486371.88052720687
75,2,77.160424185992255,36.381561307671376,487448.98638666049,486371.88052720687
76,2,71.126473403996769,34.17655873884712,487065.00444625138,486371.88052720687
77,2,70.845663464061531,33.613592657261599,487013.8004719633,486371.88052720687
78,2,71.431030046820936,18.454473264190785,487243.79177774361,486371.88052720687
79,2,89.355374899766687,36.511592404875671,487949.09093670704,486371.88052720687
80,2,81.395577638252703,24.434285733684877,486815.84756088804,486371.88052720687
81,2,82.499211654130718,31.594976693302517,487318.0885839762,486371.88052720687
82,2,70.185658825616514,36.127830314568293,487171.32151972561,486371.88052720687
83,2,70.617308577079783,44.64707278220957,487804.2510402163,486371.88052720687
84,2,75.226723220953346,24.676264507557072,486545.10004912777,486371.88052720687
85,2,75.808774008537384,30.702794762786212,486987.53545402421,486371.88052720687
86,2,81.228671799216187,38.601083897966731,487760.94325500011,486371.88052720687
87,2,88.606648486063278,24.496262823665539,487150.86335133552,486371.88052720687
88,2,75.742419055110034,41.387058767119555,487758.72157555411,486371.88052720687
89,3,80.346975018288362,19.498131161309672,487135.95409135189,486371.88052720687
90,3,75.371878599054355,26.013388081796268,486631.92282827018,486371.88052720687
91,3,77.057426063810738,23.980509039869442,486591.92788583075,486371.88052720687
92,3,75.808774008537384,17.463444694492011,488043.52769773052,486371.88052720687
93,3,70.185658825616514,40.646950628955302,487498.55328864488,486371.88052720687
94,3,74.480331579806972,38.053538279683153,487470.42064631294,486371.88052720687
95,3,67.704009723291762,35.540803391434871,487036.55745866656,486371.88052720687
96,3,88.606648486063278,24.515121871076335,487151.87653098971,486371.88052720687
97,3,80.139559082628637,28.552894491717549,487014.2541080683,486371.88052720687
98,3,80.984399034420449,30.22643052726669,487160.55303989019,486371.88052720687
99,3,71.157433708897798,24.48904526976122,486364.67770865827,486364.67770865827
100,3,81.669173976166292,18.399713728114669,487741.8894373707,486364.67770865827
101,3,80.05048349497369,22.852942065585076,486669.02175379614,486364.67770865827
102,3,78.066045611732434,33.420247756943205,487268.22333553713,486364.67770865827
103,3,75.226723220953346,24.730353042944955,486548.00589067931,486364.67770865827
104,3,83.166863739731511,30.17234199187881,487257.46700205409,486364.67770865827
105,3,82.517045994110333,17.97957405376042,487989.39415444736,486364.67770865827
106,3,71.413195706817689,31.836340929926909,486906.2072151606,486364.67770865827
107,3,72.697418675069798,27.865980294568921,486666.45335178112,486364.67770865827
108,3,66.302043567558798,26.95252620505071,486797.30265588156,486364.67770865827
109,3,80.610785769726149,20.135540036804397,486831.75768451759,486364.67770865827
110,3,71.431030046820936,24.616511194091721,486384.07872708619,486364.67770865827
111,3,71.127203109579639,29.428256004942753,486721.20459071686,486364.67770865827
112,3,67.659769021132632,34.148763487660048,486934.11446999939,486364.67770865827
113,3,70.705048831728789,37.238010618121479,487271.01894133596,486364.67770865827
114,3,84.201267949696401,30.22643052726669,487308.51869915589,486364.67770865827
115,3,81.395577638252703,24.497497599727879,486819.24354241235,486364.67770865827
116,3,88.606648486063278,24.433050957622541,487147.46736981103,486364.67770865827
117,3,96.634583798687927,43.973490191147469,488762.95608338463,486364.67770865827
118,4,67.704009723291762,35.540803391434871,487036.55745866656,486364.67770865827
119,4,73.982440642807234,22.869999601680959,486390.82762775169,486364.67770865827
120,4,66.302043567558798,25.359268793990115,486681.9340875108,486364.67770865827
121,4,71.431030046820936,24.616511194091721,486384.07872708619,486364.67770865827
122,4,80.859528622133581,23.506651782952378,486741.35500529362,486364.67770865827
123,4,76.745949505942562,23.466021030248069,486549.96071260161,486364.67770865827
124,4,69.514209152950215,30.518610190532669,486740.19343686942,486364.67770865827
125,4,83.393415113415543,37.238010618121479,487742.71837426239,486364.67770865827
126,4,65.36547492083038,20.514152011736119,486694.14122694725,486364.67770865827
127,4,56.441600086480967,25.155740069474785,490448.21562551806,486364.67770865827
128,4,80.984399034420449,30.22643052726669,487160.55303989019,486364.67770865827
129,4,87.141110645878385,21.941479942855509,486946.20066857821,486364.67770865827
130,4,77.987076333460053,22.062315217829578,486531.63616099436,486364.67770865827
131,4,75.226723220953346,25.010670803428201,486563.06562542892,486364.67770865827
132,4,71.127203109579639,29.428256004942753,486721.20459071686,486364.67770865827
133,4,71.127203109579639,29.428256004942753,486721.20459071686,486364.67770865827
134,4,78.066045611732434,28.11282003359678,486890.62688326422,486364.67770865827
135,4,83.166863739731511,25.123486781388706,486934.34754205181,486364.67770865827
136,4,58.138237803485623,34.47392360623558,490450.90608621138,486364.67770865827
137,4,77.975805749668311,20.175779360955666,486690.58723037236,486364.67770865827
138,4,77.0580690444379,20.037722184235378,486716.8887748188,486364.67770865827
139,4,75.612576688827957,23.966598671221448,486524.72212782805,486364.67770865827
140,4,80.596060018378651,30.22643052726669,487142.69068987377,486364.67770865827
141,4,60.816154523794438,28.348316859466912,488987.53218120837,486364.67770865827
142,4,81.443973972715526,20.953668565844076,486631.08166339091,486364.67770865827
143,4,81.402719763247603,24.497497599727879,486819.57205726887,486364.67770865827
144,4,80.587240967864659,24.913594976800656,486804.4169779339,486364.67770865827
145,4,74.837495205240472,29.428256004942753,486859.13745288312,486364.67770865827
146,4,87.525980243896413,24.522307698985674,487102.55530562025,486364.67770865827
147,5,50.426789944866428,20.511926352205688,492511.8199563644,486364.67770865827
148,5,66.266939413517079,28.628575389433216,486932.03473149356,486364.67770865827
149,5,72.323565117802303,25.644690404169495,486491.71035310056,486364.67770865827
150,5,74.975103018738494,29.510504776331288,486870.20880027273,486364.67770865827
151,5,71.127203109579639,29.491639487536201,486725.79422048677,486364.67770865827
152,5,79.773719978305309,23.966598671221448,486716.12138168648,486364.67770865827
153,5,83.050718984571304,21.941479942855509,486758.05576284905,486364.67770865827
154,5,73.792914283437355,22.736702610152179,486374.948802053,486364.67770865827
155,5,75.612576688827957,23.966598671221448,486524.72212782805,486364.67770865827
156,5,81.402719763247603,27.897840013800593,487030.30174051772,486364.67770865827
157,5,94.387990353514894,22.174029053348995,487292.02732858807,486364.67770865827
158,5,81.443973972715526,20.00185580363528,486936.42597478419,486364.67770865827
159,5,78.822558901933718,24.616398435153819,486707.28073215461,486364.67770865827
160,5,72.865006259999035,28.11282003359678,486690.55733394995,486364.67770865827
161,5,67.625969950332873,33.852467767761382,486911.40304274869,486364.67770865827
162,5,71.056016355587204,24.79322276631747,486382.93308839411,486364.67770865827
163,5,69.606996338621983,30.518610190532669,486743.64286935609,486364.67770865827
164,5,75.133936035281565,25.010670803428201,486558.79771229386,486364.67770865827
165,5,73.982440642807234,21.369191544915154,486310.19851882011,486310.19851882011
166,5,77.052174917597412,24.683132985142638,486629.43397686403,486310.19851882011
167,5,75.612576688827957,28.338483681106773,486809.04072160443,486310.19851882011
168,5,82.774987468328405,22.622909865680288,486781.98200042784,486310.19851882011
169,5,80.872252564303679,21.089932678519492,486612.10493677447,486310.19851882011
170,5,78.087568146614132,27.828852482397082,486873.3864754173,486310.19851882011
171,5,71.152008625228547,29.224566909153801,486707.37752456067,486310.19851882011
172,5,74.534012796451734,21.499969091356022,486342.59493646317,486310.19851882011
173,5,72.310065492609752,24.015806067534022,486375.46080636617,486310.19851882011
174,5,66.302043567558798,32.774497371528426,487218.87450855802,486310.19851882011
175,5,75.867524157857034,23.974198039714501,486536.85716117988,486310.19851882011
176,6,75.518523960199985,29.741081636906625,486907.10706319672,486310.19851882011
177,6,70.315836655683,21.155656734923063,486130.07458675868,486130.07458675868
178,6,78.822558901933718,25.018231116488195,486728.86870997044,486130.07458675868
179,6,85.430137885156398,22.440428820216638,486894.30683438131,486130.07458675868
180,6,75.80780114347688,24.683132985142638,486572.19677177217,486130.07458675868
181,6,87.13845203850201,25.342010697861006,487130.04587071494,486130.07458675868
182,6,83.062930506490687,19.569138402157755,487225.64013472426,486130.07458675868
183,6,68.174478520197852,22.365686037261227,486100.03062860342,486100.03062860342
184,6,73.982440642807234,21.369191544915154,486310.19851882011,486100.03062860342
185,6,75.907093002295809,20.107458379386465,486629.33915196289,486100.03062860342
186,6,82.774987468328405,22.622596389957675,486781.96515932132,486100.03062860342
187,6,75.156819891414969,28.805299949020476,486825.90002457006,486100.03062860342
188,6,67.642399822378238,24.7081159739048,486249.86673490267,486100.03062860342
189,6,74.124207670669435,34.480716249758125,487198.47164025973,486100.03062860342
190,6,72.310065492609752,24.015806067534022,486375.46080636617,486100.03062860342
191,6,75.612576688827957,23.771757805645233,486514.2545365165,486100.03062860342
192,6,58.948258362744909,23.158208063763027,489323.05396907026,486100.03062860342
193,6,73.964236605299575,26.462880551349997,486611.94909222785,486100.03062860342
194,6,66.868960229904701,26.227099180138385,486528.8785038935,486100.03062860342
195,6,72.323565117802303,25.644690404169495,486491.71035310056,486100.03062860342
196,6,75.489687843358993,29.669693961319563,486900.86584175506,486100.03062860342
197,6,75.141569210340776,24.851481618439923,486550.59656625352,486100.03062860342
198,6,71.157433708897798,24.316327972701117,486352.17116253689,486100.03062860342
199,6,60.891998004026405,24.48904526976122,488679.19735236949,486100.03062860342
200,6,82.774987468328405,25.827218450811625,486960.49024097045,486100.03062860342
201,6,82.109002084140855,21.488017658144443,486690.37808765162,486100.03062860342
202,6,65.400701899477937,22.713097705042113,486833.576283378,486100.03062860342
203,6,73.781311423843064,24.816827671427536,486486.16732637741,486100.03062860342
204,6,78.822558901933718,23.873742290959981,486667.3824234542,486100.03062860342
205,7,75.094691097261347,29.663142871156147,486885.7071768507,486100.03062860342
206,7,72.885274792665513,26.384296163457051,486566.1475511649,486100.03062860342
207,7,76.74762084948145,24.816827671427536,486622.60805222567,486100.03062860342
208,7,73.781311423843064,24.816827671427536,486486.16732637741,486100.03062860342
209,7,82.774987468328405,24.666401540853265,486891.76613447163,486100.03062860342
210,7,67.642399822378238,21.368509061227744,486018.54029682209,486018.54029682209
211,7,72.310065492609752,23.593545243184892,486352.77535112074,486018.54029682209
212,7,80.921380316371511,21.686586032916349,486646.41914021561,486018.54029682209
213,7,69.668467555784218,27.629395311149811,486536.71860871976,486018.54029682209
214,7,81.37757449765887,24.053404454086685,486794.55708518543,486018.54029682209
215,7,68.456386002745745,24.316430447906711,486251.76512981707,486018.54029682209
216,7,77.942146438761213,30.022314081720385,487017.57120987878,486018.54029682209
217,7,77.780473625728504,29.640095734159303,486983.88428078918,486018.54029682209
218,7,72.310065492609752,24.015806067534022,486375.46080636617,486018.54029682209
219,7,74.688880726171291,27.425034593495795,486708.55833204777,486018.54029682209
220,7,75.51464945682595,23.438873567558833,486491.86639215366,486018.54029682209
221,7,67.642399822378238,23.821782415306714,486185.68687730737,486018.54029682209
222,7,74.655886310047549,27.274057417611431,486696.39940709609,486018.54029682209
223,7,71.583007242212688,23.771757805645233,486328.90725771704,486018.54029682209
224,7,74.062973091291667,23.584455284106422,486432.91513505089,486018.54029682209
225,7,79.046563138873779,18.70403818293742,487470.22876034549,486018.54029682209
226,7,75.583796906536833,24.683132985142638,486561.8932948623,486018.54029682209
227,7,81.621116473824216,21.453469440248014,486666.08085188828,486018.54029682209
228,7,65.0617637133426,24.851481618439923,487117.49361843406,486018.54029682209
229,7,85.430137885156398,22.440428820216638,486894.30683438131,486018.54029682209
230,7,76.599443731911236,23.771757805645233,486559.64725735958,486018.54029682209
231,7,77.381655258719491,19.639395366292941,486929.45282385399,486018.54029682209
232,7,82.792089452734643,25.018231116488195,486911.45439200901,486018.54029682209
233,7,75.921433811215152,22.942797144910056,486483.92605907668,486018.54029682209
234,8,78.012913153644149,23.870304084741978,486629.95660064247,486018.54029682209
235,8,69.583517333198046,24.768306001992269,486326.38760905195,486018.54029682209
236,8,74.051923877291301,27.15189696801794,486665.10095600924,486018.54029682209
237,8,90.342524459560323,24.053404454086685,487206.91604861629,486018.54029682209
238,8,76.184947417402682,30.382726986142679,486978.34371140145,486018.54029682209
239,8,76.412572542191498,27.005434210290289,486743.47958302801,486018.54029682209
240,8,72.885274792665513,26.384296163457051,486566.1475511649,486018.54029682209
241,8,78.22534167299473,23.584455284106422,486624.37074841408,486018.54029682209
242,8,68.456386002745745,24.121363121064697,486237.64020682784,486018.54029682209
243,8,75.068089327097098,20.237901346386415,486526.01193187642,486018.54029682209
244,8,67.533634309171532,32.422338632384992,486804.41402866947,486018.54029682209
245,8,67.79471069943591,23.821782415306714,486191.34914719779,486018.54029682209
246,8,75.70267356252792,22.942797144910056,486473.86378880835,486018.54029682209
247,8,72.528825741296984,25.520799921712836,486490.37009712495,486018.54029682209
248,8,66.842830440636661,26.990488450886527,486594.1067615397,486018.54029682209
249,8,71.583007242212688,25.412312094915652,486447.35293454607,486018.54029682209
250,8,71.857325912153357,23.438873567558833,486323.64123169926,486018.54029682209
251,8,91.616140866400585,21.486800900558791,487127.61063013627,486018.54029682209
252,8,75.853294293943648,28.090468563612479,486800.03067815036,486018.54029682209
253,8,80.962308148002137,27.097367370411821,486958.65483627678,486018.54029682209
254,8,73.833430968153621,24.015806067534022,486445.53073549311,486018.54029682209
255,8,75.094691097261347,30.497725277343022,486946.13970753958,486018.54029682209
256,8,69.858934171848119,23.584455284106422,486250.90321007877,486018.54029682209
257,8,78.765574088819832,25.018231116488195,486726.24759121425,486018.54029682209
258,8,76.235477335376942,21.423525333725319,486416.75000265543,486018.54029682209
259,8,66.990719393538058,23.91604011612322,486315.1647146297,486018.54029682209
260,8,72.187264214281228,24.015806067534022,486369.8123411751,486018.54029682209
261,8,73.7210189415852,24.816827671427536,486483.71578032238,486018.54029682209
262,8,74.617044667856874,21.274204772564843,486334.28521974594,486018.54029682209
263,9,70.047064815832741,24.121363121064697,486296.77487219474,486018.54029682209
264,9,76.235477335376942,21.423525333725319,486416.75000265543,486018.54029682209
265,9,71.908152954595479,24.015770426178232,486358.31618491106,486018.54029682209
266,9,67.269830653223792,22.238765823836864,486087.42010340525,486018.54029682209
267,9,69.858934171848119,23.584455284106422,486250.90321007877,486018.54029682209
268,9,68.546088183886496,25.27758233317201,486324.69736513041,486018.54029682209
269,9,73.527609371987623,24.893331617643017,486482.06532516109,486018.54029682209
270,9,63.123818211946926,23.745278469091229,487775.40955084626,486018.54029682209
271,9,71.830620137439539,21.274204772564843,486206.11862250266,486018.54029682209
272,9,71.471160644258603,22.57977918539282,486259.72505404905,486018.54029682209
273,9,70.586997198915441,23.584455284106422,486277.96949342988,486018.54029682209
274,9,65.768383099454425,23.584455284106422,486756.64980266744,486018.54029682209
275,9,73.633454236105962,24.003071925415309,486435.64832030784,486018.54029682209
276,9,69.858934171848119,23.597189426225132,486251.82529569749,486018.54029682209
277,9,74.304935277902558,19.147788910166938,487031.9061512684,486018.54029682209
278,9,65.224992171284072,23.871738360436051,486984.38856128475,486018.54029682209
279,9,68.437429697589636,24.015806067534022,486229.29205291695,486018.54029682209
280,9,59.715292070791449,26.10638341594515,489244.42778260959,486018.54029682209
281,9,69.858934171848119,23.584455284106422,486250.90321007877,486018.54029682209
282,9,66.073136219562755,27.005434210290289,486888.30722199543,486018.54029682209
283,9,74.870316643774359,24.121363121064697,486498.89507892833,486018.54029682209
284,9,69.613330933870515,24.768306001992269,486327.49595178722,486018.54029682209
285,9,79.058748001717348,30.497725277343022,487093.50646480324,486018.54029682209
286,9,81.206701565747196,23.584455284106422,486761.503747507,486018.54029682209
287,9,72.885274792665513,26.384296163457051,486566.1475511649,486018.54029682209
288,9,71.387029410360242,30.712530115681428,486823.85875887121,486018.54029682209
289,9,69.632732687688062,26.403641337999172,486446.63267840084,486018.54029682209
290,9,68.877622012102037,23.821782415306714,486231.60717890353,486018.54029682209
291,9,63.76005330071694,27.53835991220523,487807.77472537156,486018.54029682209
292,10,70.882552007925838,24.112676787054134,486327.20574679511,486018.54029682209
293,10,70.586997198915441,23.584455284106422,486277.96949342988,486018.54029682209
294,10,68.467741461143888,25.27758233317201,486321.78476757067,486018.54029682209
295,10,65.30333889402668,23.871738360436051,486954.5522287481,486018.54029682209
296,10,69.758467047217877,24.018019844061918,486278.56289743813,486018.54029682209
297,10,72.008620079225707,21.331248853416636,486217.37067397311,486018.54029682209
298,10,72.371421105583096,23.972439747732697,486375.95316450176,486018.54029682209
299,10,68.082820032898866,25.320913011617545,486310.612623978,486018.54029682209
300,10,68.156279604334316,26.406082556591468,486391.92120917677,486018.54029682209
301,10,71.078132283314815,23.821782415306714,486313.41278129967,486018.54029682209
302,10,69.513666734191517,24.783859457871095,486324.91709474201,486018.54029682209
303,10,76.335141535055939,21.407971877846492,486420.49864567153,486018.54029682209
304,10,63.484869442383641,23.63841095112641,487630.1741533702,486018.54029682209
305,10,76.823027985756454,21.277581222970806,486435.93477740255,486018.54029682209
306,10,70.327569386784404,24.121363121064697,486307.2028377853,486018.54029682209
307,10,68.877622012102037,23.890039763208573,486236.54972770548,486018.54029682209
308,10,69.184458650902016,26.332280435479884,486424.80047966074,486018.54029682209
309,10,69.612923375910157,23.990499829813963,486271.1594654122,486018.54029682209
310,10,67.269830653223792,27.276620946814223,486452.21372003097,486018.54029682209
311,10,68.877622012102037,22.222127487392704,486121.21618229203,486018.54029682209
312,10,71.437067598748143,23.597189426225132,486312.81602552696,486018.54029682209
313,10,69.893027217358593,22.57977918539282,486187.13597470813,486018.54029682209
314,10,74.261380790260617,24.121363121064697,486470.88598145463,486018.54029682209
315,10,69.632732687688062,26.403641337999172,486446.63267840084,486018.54029682209
316,10,68.437429697589636,24.015806067534022,486229.29205291695,486018.54029682209
317,10,72.107427891879667,22.944461280036847,486308.58341524901,486018.54029682209
318,10,67.751992667285407,24.809256125741964,486261.26453937037,486018.54029682209
319,10,62.597187828393579,23.965280031761669,487991.89359935472,486018.54029682209
320,10,58.814860036183553,21.368509061227744,489244.26228522771,486018.54029682209
321,11,65.406640085424797,23.990499829813963,486923.81220676785,486018.54029682209
322,11,67.642399822378238,21.368509061227744,486018.54029682209,486018.54029682209
323,11,71.39479774507916,22.95551690605118,486276.39866286609,486018.54029682209
324,11,62.694092183670207,23.954224405747333,487954.18952674617,486018.54029682209
325,11,67.187582044968281,24.052927945454254,486250.10675788025,486018.54029682209
326,11,70.315309241913269,25.409701055598529,486400.03625392378,486018.54029682209
327,11,71.133929458377267,21.368509061227744,486179.13946888701,486018.54029682209
328,11,67.751992667285407,24.809256125741964,486261.26453937037,486018.54029682209
329,11,69.613231704813956,25.267881610429939,486363.6667832841,486018.54029682209
330,11,73.472216671763334,23.584455284106422,486405.74223326286,486018.54029682209
331,11,65.446329324379803,23.961169617327254,486906.57376639888,486018.54029682209
332,11,70.327569386784404,24.121363121064697,486307.2028377853,486018.54029682209
333,11,74.30045312571518,21.308327350029455,486321.55621802091,486018.54029682209
334,11,60.517651729021495,24.0387275709212,488789.14976426295,486018.54029682209
335,11,68.437429697589636,23.589784767419008,486198.44363686774,486018.54029682209
336,11,81.206158473557451,24.010476584221433,486784.36624929542,486018.54029682209
337,11,68.951676500935477,23.999669566487391,486247.24110733729,486018.54029682209
338,11,59.75985758831078,22.962811557611374,488999.82853727962,486018.54029682209
339,11,69.484614313040566,26.456733063575765,486444.97066638264,486018.54029682209
340,11,68.331530798809013,24.367611283710136,486250.82957494445,486018.54029682209
341,11,70.965538260371304,22.57977918539282,486236.46804503404,486018.54029682209
342,11,74.576780892494043,23.584455284106422,486456.54864702938,486018.54029682209
343,11,73.133590328333085,25.168665617183027,486487.35444782896,486018.54029682209
344,11,58.787212457511451,18.139643919231805,489020.98740921851,486018.54029682209
345,11,72.008620079225707,21.342920814418044,486217.99773604865,486018.54029682209
346,11,71.480506725696259,23.585517465223724,486314.18702405819,486018.54029682209
347,11,61.032531619331607,25.298349134241377,488684.28084141604,486018.54029682209
348,11,70.115319174329642,23.167649242142637,486230.25337822916,486018.54029682209
349,11,71.012200341262144,22.274812965722038,486222.2304075915,486018.54029682209
350,12,68.331530798809013,24.367611283710136,486250.82957494445,486018.54029682209
351,12,71.39479774507916,20.614958230906812,486169.92793431226,486018.54029682209
352,12,68.437429697589636,18.469622723034977,487098.57744099083,486018.54029682209
353,12,65.007478736942033,18.115975987073774,487116.31714957737,486018.54029682209
354,12,67.745221425528158,24.744844772717549,486256.3487550476,486018.54029682209
355,12,67.19435328672553,24.117339298478669,486252.19216314907,486018.54029682209
356,12,68.437429697589636,25.195512596478359,486314.71519446129,486018.54029682209
357,12,69.613231704813956,29.268753799486827,486653.37194547622,486018.54029682209
358,12,71.052117170301088,21.368509061227744,486175.37636586331,486018.54029682209
359,12,67.602482993339308,21.018847314820885,485997.91909358185,485997.91909358185
360,12,79.094244093676338,21.379214950801543,486545.86358844046,485997.91909358185
361,12,71.019662900877691,19.942297948388397,486486.49822409765,485997.91909358185
362,12,68.437429697589636,24.004004110803915,486228.43746730982,485997.91909358185
363,12,65.406640085424797,23.576280486429059,486893.81837632577,485997.91909358185
364,12,71.605386033890156,24.246095851755012,486363.73857955151,485997.91909358185
365,12,68.437429697589636,24.054082794515111,486232.06368991843,485997.91909358185
366,12,67.648073670060455,23.128006127406955,486135.661117777,485997.91909358185
367,12,67.181908197286077,21.368509061227744,486064.32153157389,485997.91909358185
368,12,74.30045312571518,21.013521861084914,486305.71814747353,485997.91909358185
369,12,62.694092183670207,21.190352306005334,487754.05616154533,485997.91909358185
370,12,69.613231704813956,26.386367958369746,486444.65694081178,485997.91909358185
371,12,58.147278438852972,25.267881610429939,489780.84907395992,485997.91909358185
372,12,71.39479774507916,22.010359398828445,486225.62121183635,485997.91909358185
373,12,69.318721844675579,19.698484025870346,486529.25943489088,485997.91909358185
374,12,65.55897326197092,21.808582484753295,486707.80630838114,485997.91909358185
375,12,71.021285520786165,23.931539659452739,486319.24703781604,485997.91909358185
376,12,74.637907193042722,23.066084080350553,486431.511391067,485997.91909358185
377,12,73.16148151658544,25.058098442883658,486480.38509889087,485997.91909358185
378,12,69.517501617251881,26.65141173688539,486460.29005671781,485997.91909358185
379,13,71.83127173957584,19.889788843172255,486549.88864858367,485997.91909358185
380,13,70.965103756373765,21.066030966301057,486155.12375563936,485997.91909358185
381,13,73.932070037501163,21.368509061227744,486307.84496681427,485997.91909358185
382,13,67.181908197286077,21.307898030699075,486061.06527681119,485997.91909358185
383,13,67.176341841328139,23.258890667498022,486196.89066246856,485997.91909358185
384,13,66.526888604207969,20.614958230906812,486267.50730707572,485997.91909358185
385,13,70.059914523662528,21.952030318293978,486161.08720252698,485997.91909358185
386,13,72.116236274998968,19.159349885594416,486925.49557546806,485997.91909358185
387,13,71.39479774507916,25.256882714736154,486429.10138742498,485997.91909358185
388,13,73.155512399425547,20.728948774469362,486237.76619683916,485997.91909358185
389,13,71.39479774507916,21.373741515530103,486191.41968124849,485997.91909358185
390,13,67.642399822378238,22.8743650273329,486117.08390898537,485997.91909358185
391,13,67.488662489593821,24.461441632225956,486226.28962264484,485997.91909358185
392,13,67.609955886951525,27.814745684739808,486473.61322328472,485997.91909358185
393,13,62.048500869066828,16.186862972681457,488759.62850721856,485997.91909358185
394,13,68.331530798809013,24.419743297710578,486254.60448022955,485997.91909358185
395,13,51.689025353216181,24.367611283710136,492287.38934940373,485997.91909358185
396,13,67.602482993339308,18.987333227936738,486803.24516570522,485997.91909358185
397,13,71.605386033890156,24.246095851755012,486363.73857955151,485997.91909358185
398,13,68.999954509606638,23.171087124723798,486189.03780787706,485997.91909358185
399,13,68.807213050173331,20.874039839005754,486045.55320716416,485997.91909358185
400,13,68.707723963233917,28.117134736841745,486536.31970915897,485997.91909358185
401,13,68.280666260916931,18.436677936896992,487107.71653870319,485997.91909358185
402,13,71.551561181751865,20.647903017044797,486160.78883659997,485997.91909358185
403,13,71.052117170301088,21.368509061227744,486175.37636586331,485997.91909358185
404,13,77.988494727689769,23.066084080350553,486585.62767822261,485997.91909358185
405,13,67.653245240754671,21.355917674914103,486018.36269421049,485997.91909358185
406,13,65.395794667048364,23.5888718727427,486898.86032333027,485997.91909358185
407,13,67.205185715077548,21.803567448261365,486080.52553131356,485997.91909358185
408,14,66.636240339285052,23.258890667498022,486402.57441616181,485997.91909358185
409,14,67.602482993339308,21.018847314820885,485997.91909358185,485997.91909358185
410,14,62.94123730704321,24.041008774040183,487866.35476818529,485997.91909358185
411,14,75.058583953380321,25.256882714736154,486568.9455434815,485997.91909358185
412,14,63.626980323139733,21.368509061227744,487411.69014815975,485997.91909358185
413,14,67.653245240754671,21.355917674914103,486018.36269421049,485997.91909358185
414,14,66.579405576504385,17.255047120722665,487839.23071876506,485997.91909358185
415,14,67.152668742781131,20.614958230906812,486034.71508975851,485997.91909358185
416,14,72.307004360133575,22.06757235977139,486270.65348984743,485997.91909358185
417,14,71.615053481580802,20.350853370336175,486311.12794934318,485997.91909358185
418,14,67.653245240754671,21.355917674914103,486018.36269421049,485997.91909358185
419,14,67.181908197286077,21.307898030699075,486061.06527681119,485997.91909358185
420,14,71.605386033890156,16.982437832693254,488358.48990312556,485997.91909358185
421,14,68.999954509606638,23.171087124723798,486189.03780787706,485997.91909358185
422,14,65.104856334475613,21.046688607314657,486825.57593241561,485997.91909358185
423,14,74.753932789289877,20.70110748197559,486309.7926714744,485997.91909358185
424,14,71.389173551523982,25.256882714736154,486428.89230385469,485997.91909358185
425,14,69.005578703161802,23.171087124723798,486189.2468914474,485997.91909358185
426,14,71.975232073397379,21.373741515530103,486218.1177999184,485997.91909358185
427,14,67.609955886951525,27.814745684739808,486473.61322328472,485997.91909358185
428,14,65.849173782343939,21.060123857808872,486543.53538128326,485997.91909358185
429,14,61.883844233556481,21.488953746384723,488084.24011592288,485997.91909358185
430,14,71.061068831371941,22.252057023848881,486223.25566588313,485997.91909358185
431,14,74.90321224798663,21.640021069110926,486367.10105202539,485997.91909358185
432,14,62.964013144420434,24.557850684229706,487895.10595880251,485997.91909358185
433,14,71.749004803720084,20.551493965041047,486217.71612851607,485997.91909358185
434,14,73.765501003873695,19.566425192574933,486799.33467944525,485997.91909358185
435,14,59.427162947446945,24.446087322149872,489233.93146915827,485997.91909358185
436,14,68.349237078570198,23.148532286649967,486163.2136973312,485997.91909358185
437,15,67.152668742781131,20.614958230906812,486034.71508975851,485997.91909358185
438,15,76.339480663314419,20.551493965041047,486428.86330448423,485997.91909358185
439,15,66.475341529684883,19.56539345304876,486464.5227381108,485997.91909358185
440,15,73.765501003873695,20.983642539882396,486279.5068338975,485997.91909358185
441,15,67.602482993339308,25.227091832848402,486285.9620994397,485997.91909358185
442,15,76.076818965127245,21.048638196708637,486389.31186532724,485997.91909358185
443,15,73.953932496386585,20.399126702804228,486394.75198126282,485997.91909358185
444,15,71.613007378860601,24.260327595827487,486365.05243643344,485997.91909358185
445,15,68.349237078570198,23.148700206813146,486163.22585651453,485997.91909358185
446,15,73.555135152220515,23.170919204560619,486387.33948877419,485997.91909358185
447,15,67.558441428802965,21.022585404892528,485996.09414717602,485996.09414717602
448,15,71.793046368256441,20.817571151941895,486179.8582571462,485996.09414717602
449,15,64.29314964762267,21.046688607314657,487134.69352904614,485996.09414717602
450,15,72.157862707008334,21.640021069110926,486240.8237726441,485996.09414717602
451,15,72.549056613942469,21.938366602522748,486274.84569367638,485996.09414717602
452,15,75.510028302664125,18.552795778516778,487382.6174993625,485996.09414717602
453,15,75.641707054292596,23.171087124723798,486483.32412961929,485996.09414717602
454,15,67.602482993339308,21.018847314820885,485997.91909358185,485996.09414717602
455,15,67.609955886951525,28.694458253795677,486537.31365170568,485996.09414717602
456,15,71.389173551523982,25.293098290262861,486431.51469184575,485996.09414717602
457,15,68.817582079013803,20.614958230906812,486051.38427427021,485996.09414717602
458,15,61.115472399008723,17.360927448806642,488110.77087273489,485996.09414717602
459,15,67.602482993339308,21.018847314820885,485997.91909358185,485996.09414717602
460,15,72.816816223902748,22.7342470603609,486329.91949847993,485996.09414717602
461,15,67.653245240754671,17.073054829023572,488080.94447440916,485996.09414717602
462,15,74.90321224798663,20.139233962116695,486567.39438942901,485996.09414717602
463,15,58.647838556812481,21.373741515530103,489308.24700080795,485996.09414717602
464,15,72.951710748515225,29.100337547017524,486765.28727618122,485996.09414717602
465,15,67.152668742781131,18.889937524793663,486830.89032159332,485996.09414717602
466,16,72.549701989044181,22.7342470603609,486317.63309983979,485996.09414717602
467,16,71.414230247023497,23.729679909762012,486319.23828389659,485996.09414717602
468,16,66.877112244209329,21.047279414298963,486160.44892638817,485996.09414717602
469,16,67.670102929577979,21.021994597908225,486001.19847791438,485996.09414717602
470,16,66.698873623611036,28.326841705032439,486745.69501904323,485996.09414717602
471,16,71.768651918947057,21.777572900471693,486230.31113071757,485996.09414717602
472,16,67.046948429803763,21.020495096232782,486095.8303656936,485996.09414717602
473,16,68.271717613125347,14.103508815668169,491597.78208616877,485996.09414717602
474,16,67.034347315807651,27.585842029943628,486564.28234098403,485996.09414717602
475,16,74.01654738593507,20.460281434320819,486367.2824276,485996.09414717602
476,16,65.960713637445096,21.046688607314657,486501.32040499098,485996.09414717602
477,16,76.856791604075795,23.148700206813146,486538.01141401153,485996.09414717602
478,16,67.602482993339308,22.161690458201242,486063.9948481851,485996.09414717602
479,16,73.765501003873695,18.62194747531969,487268.05649380188,485996.09414717602
480,16,73.747852335231144,25.293098290262861,486519.20032607397,485996.09414717602
481,16,68.243024120221136,21.018847314820885,486027.38193233177,485996.09414717602
482,16,75.921242650393495,24.094277706173752,486545.77917540725,485996.09414717602
483,16,65.646225786670541,21.018847314820885,486617.39331060002,485996.09414717602
484,16,62.236576694952539,19.096563088930605,487781.94313485792,485996.09414717602
485,16,67.609955886951525,29.138861127296558,486569.49308670452,485996.09414717602
486,16,69.307590655477654,32.778780264596833,486896.17228973506,485996.09414717602
487,16,66.472148667637185,19.519575133617117,486487.11441824323,485996.09414717602
488,16,60.203137305195874,25.227091832848402,488994.9745386375,485996.09414717602
489,16,65.407582548022589,20.834900850708255,486695.70890051161,485996.09414717602
490,16,75.514965738397748,27.310158901914804,486730.95044898044,485996.09414717602
491,16,72.586927172741071,21.018961039942379,486227.19365924003,485996.09414717602
492,16,63.774160657235953,21.640021069110926,487375.3006273536,485996.09414717602
493,16,78.527284097869227,24.260327595827487,486674.5695597328,485996.09414717602
494,16,74.493055729607292,25.574555845980399,486567.28429809026,485996.09414717602
495,17,71.077677446740353,26.156805472804336,486482.47606333316,485996.09414717602
496,17,83.110983269596716,21.021994597908225,486711.42948182538,485996.09414717602
497,17,68.883452074272839,21.018613284346877,486056.82699248707,485996.09414717602
498,17,69.143082684846974,21.022819435366536,486068.9951388028,485996.09414717602
499,17,67.046948429803763,21.590031238019126,486126.42801034858,485996.09414717602
500,17,68.65983605342899,21.482854661818518,486071.48218227032,485996.09414717602
501,17,79.432520421446043,22.184288056113839,486604.6748001735,485996.09414717602
502,17,67.602723490653887,20.999396999995628,485996.88521090487,485996.09414717602
503,17,67.558441428802965,21.00867052033761,485995.34658672835,485995.34658672835
504,17,74.01654738593507,18.606644326177527,487287.19841144828,485995.34658672835
505,17,67.602482993339308,22.161690458201242,486063.9948481851,485995.34658672835
506,17,68.243024120221136,21.018847314820885,486027.38193233177,485995.34658672835
507,17,83.66180392010456,22.161690458201242,486797.99425645813,485995.34658672835
508,17,67.702868084938245,22.7342470603609,486109.18584924663,485995.34658672835
509,17,75.921242650393495,24.927666414278722,486590.55198204622,485995.34658672835
510,17,71.312980895875,31.320555982454323,486865.1334084103,485995.34658672835
511,17,69.884833129306031,21.021994597908225,486103.06896835531,485995.34658672835
512,17,74.47559115651282,22.62215288622075,486400.19570383767,485995.34658672835
513,17,74.305481394188547,19.945010362854767,486636.28923620406,485995.34658672835
514,17,66.398806532879178,32.353345036798132,487151.52897227532,485995.34658672835
515,17,58.747007603938727,31.686841147177699,490017.25773978705,485995.34658672835
516,17,81.369395607729857,21.327171066824278,486647.71727056394,485995.34658672835
517,17,67.670102929577979,22.683624989645878,486104.30221074354,485995.34658672835
518,17,72.549701989044181,21.072616668623247,486228.36400426505,485995.34658672835
519,17,68.243024120221136,22.023405626110502,486081.35062016215,485995.34658672835
520,17,57.837784719446333,29.375932495516601,490196.73442910664,485995.34658672835
521,17,67.670102929577979,21.021994597908225,486001.19847791438,485995.34658672835
522,17,67.670102929577979,21.271067400308333,486014.57961484662,485995.34658672835
523,17,71.414230247023497,23.729679909762012,486319.23828389659,485995.34658672835
524,18,46.749131325048637,17.883017599445054,493788.81821971497,485995.34658672835
525,18,72.644090797313382,19.945010362854767,486559.87059390871,485995.34658672835
526,18,64.850686556874095,22.514152204813477,487028.62972457043,485995.34658672835
527,18,69.884833129306031,21.191467382740626,486112.17369002022,485995.34658672835
528,18,63.996537309872494,25.934432943524559,487601.57472169737,485995.34658672835
529,18,66.038772909695027,25.895060193747319,486820.99086443346,485995.34658672835
530,18,71.981326218136076,21.271067400308333,486212.88206761633,485995.34658672835
531,18,80.38278231463508,21.021994597908225,486585.94098243903,485995.34658672835
532,18,59.208657237253533,21.003428681545131,489067.85910495359,485995.34658672835
533,18,67.446933757230724,19.616321155795426,486483.9386595001,485995.34658672835
534,18,78.988165420983805,22.7342470603609,486613.78178088577,485995.34658672835
535,18,71.414230247023497,23.729679909762012,486319.23828389659,485995.34658672835
536,18,67.088807202896731,19.006128292127464,486770.29018272873,485995.34658672835
537,18,72.549701989044181,21.070267919435928,486228.2378205377,485995.34658672835
538,18,68.190569364325057,20.932231374613803,486020.31584441336,485995.34658672835
539,18,80.891588758361735,24.740211328517297,486809.10117268527,485995.34658672835
540,18,72.406814203365158,20.840223707679879,486209.30659161392,485995.34658672835
541,18,72.79125934459455,23.911450799990359,486391.98781990004,485995.34658672835
542,18,68.946078915209327,21.018613284346877,486059.70762643329,485995.34658672835
543,18,88.378315286439346,21.021994597908225,486953.70987153484,485995.34658672835
544,18,68.839736664394664,23.427784702108241,486201.66919092881,485995.34658672835
545,18,60.466589438126256,21.483190037764167,488623.54776857578,485995.34658672835
546,18,81.68763833360174,21.922676696749534,486694.34824010503,485995.34658672835
547,18,67.670102929577979,23.135312143335323,486137.00910412474,485995.34658672835
548,18,65.092245331093565,21.590031238019126,486869.72222087573,485995.34658672835
549,18,67.558441428802965,20.7406393763412,485980.94693568116,485980.94693568116
550,18,71.079284202711548,29.197434020961602,486702.70923414477,485980.94693568116
551,18,67.556834672831783,20.721105445544435,485979.82359310455,485979.82359310455
552,18,68.65983605342899,31.133091641340357,486752.92639293481,485979.82359310455
553,19,60.608947442461947,21.00867052033761,488534.97419092187,485979.82359310455
554,19,71.981326218136076,23.578051932524623,486336.82203869591,485979.82359310455
555,19,68.247786785544875,21.743980342435293,486066.55789999495,485979.82359310455
556,19,72.657131462856626,19.985577398835702,486540.33796817693,485979.82359310455
557,19,72.79125934459455,24.724173989870099,486442.44217774522,485979.82359310455
558,19,67.343296422646716,23.911450799990359,486181.06041916372,485979.82359310455
559,19,72.644090797313382,19.945010362854767,486559.87059390871,485979.82359310455
560,19,67.558441428802965,20.7406393763412,485980.94693568116,485979.82359310455
561,19,68.080583821222547,20.598083345371059,486025.85932076955,485979.82359310455
562,19,71.990295018803764,20.885188847087118,486192.56374223891,485979.82359310455
563,19,76.49501656947487,21.021994597908225,486407.11621938215,485979.82359310455
564,19,71.981326218136076,21.271067400308333,486212.88206761633,485979.82359310455
565,19,71.17712295601163,19.815777838407094,486556.5298015913,485979.82359310455
566,19,67.460602675502884,29.141258740681945,486564.11438261799,485979.82359310455
567,19,72.236856653293628,23.040933768413396,486319.71959190845,485979.82359310455
568,19,82.000483669347659,21.070267919435928,486662.94348580809,485979.82359310455
569,19,86.518384666439502,24.740332835726853,487067.9222770544,485979.82359310455
570,19,68.653509108016294,25.934311436315006,486376.24490150891,485979.82359310455
571,19,67.48025007529786,21.483190037764167,486017.24302580638,485979.82359310455
572,19,64.934571083680538,19.616321155795426,486806.20395194564,485979.82359310455
573,19,80.38278231463508,21.021994597908225,486585.94098243903,485979.82359310455
574,19,67.556834672831783,20.915030605739979,485990.24198924471,485979.82359310455
575,19,67.67448894792814,18.312518406514499,487141.4517454271,485979.82359310455
576,19,67.926957363690875,22.149950945834782,486075.20735973091,485979.82359310455
577,19,72.907802172391925,20.140615112970757,486474.92648942868,485979.82359310455
578,19,80.072830643672688,23.911450799990359,486726.91676047409,485979.82359310455
579,19,69.884833129306031,25.180305506110948,486367.42233815079,485979.82359310455
580,19,71.981326218136076,21.191369725716847,486208.60040584265,485979.82359310455
581,19,81.197027057078259,20.932231374613803,486618.57120946102,485979.82359310455
582,20,77.775042929256443,22.141312389906354,486526.12733213603,485979.82359310455
583,20,70.974440097734217,20.142691767054007,486384.96743688313,485979.82359310455
584,20,71.981326218136076,21.202378070193657,486209.19181591831,485979.82359310455
585,20,80.38278231463508,22.983452402591315,486691.31794539269,485979.82359310455
586,20,67.896315887899803,19.423120532636378,486600.48966861109,485979.82359310455
587,20,68.122750506468861,26.332739578289445,486385.36393822718,485979.82359310455
588,20,67.670270164646723,20.701997632517251,485984.01471784973,485979.82359310455
589,20,66.834739406810172,28.374093068230479,486697.37552789773,485979.82359310455
590,20,72.236856653293628,23.040933768413396,486319.71959190845,485979.82359310455
591,20,67.558441428802965,20.7406393763412,485980.94693568116,485979.82359310455
592,20,72.79125934459455,25.142359206828651,486472.72317908198,485979.82359310455
593,20,73.047564132847413,23.712380560382059,486393.08220929443,485979.82359310455
594,20,71.052636315177097,23.527541693202597,486291.39167793584,485979.82359310455
595,20,63.515835553160564,20.999859541162618,487427.32267603662,485979.82359310455
596,20,72.187044519015529,20.39310537670762,486316.46903845208,485979.82359310455
597,20,61.089145260620384,24.07802312680526,488574.35657512606,485979.82359310455
598,20,71.586745554559101,25.615436070593741,486462.20021805458,485979.82359310455
599,20,67.44641039235178,20.090974090541604,486248.35563068878,485979.82359310455
600,20,72.004766518783043,20.105963004820826,486450.58676042967,485979.82359310455
601,20,55.298636973733451,28.947387225207194,491178.80461235793,485979.82359310455
602,20,74.94121566400284,21.300366347075084,486350.60154566681,485979.82359310455
603,20,71.981326218136076,23.548752985757872,486335.24798799685,485979.82359310455
604,20,67.556834672831783,21.603475274164445,486027.22785156977,485979.82359310455
605,20,72.907802172391925,20.140615112970757,486474.92648942868,485979.82359310455
606,20,71.981326218136076,21.255886073448291,486212.06646907824,485979.82359310455
607,20,67.926957363690875,22.165132272694823,486076.30664722447,485979.82359310455
608,20,65.86394216019788,27.777172629197391,487023.85536045243,485979.82359310455
609,20,80.38278231463508,22.225389781944383,486650.59194226307,485979.82359310455
610,20,64.598573450088153,27.958329648381874,487518.85613104689,485979.82359310455
611,21,80.11130016159855,21.533594087206215,486600.93874120025,485979.82359310455
612,21,67.94175231765179,22.983452402591315,486136.1116317194,485979.82359310455
613,21,72.79125934459455,25.166245794658227,486474.45281888905,485979.82359310455
614,21,78.20797559034088,23.688493972552482,486629.16131775989,485979.82359310455
615,21,68.122750506468861,25.568889415877852,486330.0531647919,485979.82359310455
616,21,67.558441428802965,19.825588978754578,486385.21301461686,485979.82359310455
617,21,67.556834672831783,19.44683635821756,486573.10502099316,485979.82359310455
618,21,68.787113294797251,17.984001599474105,487355.6639724382,485979.82359310455
619,21,67.556834672831783,20.721105445544435,485979.82359310455,485979.82359310455
620,21,78.422372732997118,21.823666693049837,486538.83729499427,485979.82359310455
621,21,72.236856653293628,23.040933768413396,486319.71959190845,485979.82359310455
622,21,73.047564132847413,24.959805327198456,486469.0326817974,485979.82359310455
623,21,74.099110331339418,25.010793157896863,486511.81674650504,485979.82359310455
624,21,66.226279804413494,28.374093068230479,486929.09170442761,485979.82359310455
625,21,77.775042929256443,22.141312389906354,486526.12733213603,485979.82359310455
626,21,67.556834672831783,21.603475274164445,486027.22785156977,485979.82359310455
627,21,73.476118499563938,21.796578632179891,486309.87018067564,485979.82359310455
628,21,79.292984500454438,22.425752904547799,486611.22900380532,485979.82359310455
629,21,71.052636315177097,24.328113005933677,486349.12860182143,485979.82359310455
630,21,66.141195527186881,17.403431887954451,487662.26867993787,485979.82359310455
631,21,72.012724329878992,27.063765321320428,486582.91054273641,485979.82359310455
632,21,87.34546681236813,25.69558214681636,487162.26674882119,485979.82359310455
633,21,72.907802172391925,20.140615112970757,486474.92648942868,485979.82359310455
634,21,67.670270164646723,20.226781701204242,486191.25437747303,485979.82359310455
635,21,67.926957363690875,23.037206477046752,486139.45397782535,485979.82359310455
636,21,67.896315887899803,19.423120532636378,486600.48966861109,485979.82359310455
637,21,72.938611775155664,20.144457864359811,486474.4365663362,485979.82359310455
638,21,68.27700660599325,20.389262625318562,486138.52689312887,485979.82359310455
639,21,67.558441428802965,24.267803651612841,486214.86228317971,485979.82359310455
640,22,64.722755168781177,22.339622773366202,487064.71133682283,485979.82359310455
641,22,71.053078192224234,24.75364632834545,486379.95811026654,485979.82359310455
642,22,67.558767830459672,21.161714797463713,486003.58371999464,485979.82359310455
643,22,67.939819160023902,22.983452402591315,486136.03976514935,485979.82359310455
644,22,72.107244655039722,29.885280703678415,486790.73175017844,485979.82359310455
645,22,72.44085859015928,19.297113694626955,486872.05826155597,485979.82359310455
646,22,64.174888304818609,19.999057699290169,487109.37044140632,485979.82359310455
647,22,67.49690590083361,19.823812149679206,486383.26437554945,485979.82359310455
648,22,70.216645467458704,26.792370686590395,486496.48815646366,485979.82359310455
649,22,67.936497547663876,21.591404403261979,486044.04263386701,485979.82359310455
650,22,72.440940465533899,21.354447748108029,486238.50235878746,485979.82359310455
651,22,68.620402695218615,28.348447927344544,486549.82298037328,485979.82359310455
652,22,74.462419538862022,20.127000428703525,486553.1905491589,485979.82359310455
653,22,67.133605961534897,22.867967723447116,486184.85859570489,485979.82359310455
654,22,68.830594766234412,22.558215377605002,486138.36338308861,485979.82359310455
655,22,67.670270164646723,20.050111604583197,486278.93154202413,485979.82359310455
656,22,78.796518362245266,27.490950351083221,486884.30300229299,485979.82359310455
657,22,67.556834672831783,21.603475274164445,486027.22785156977,485979.82359310455
658,22,77.066162017739373,21.766855604862059,486473.40384164389,485979.82359310455
659,22,68.595177841447139,23.277291594318537,486181.6802537645,485979.82359310455
660,22,73.850517812925347,24.328113005933677,486463.094990468,485979.82359310455
661,22,71.075333242000184,21.796578632179891,486199.44175392319,485979.82359310455
662,22,64.09257063554962,23.412287567148617,487382.37308981805,485979.82359310455
663,22,68.122750506468861,25.568889415877852,486330.0531647919,485979.82359310455
664,22,72.938611775155664,25.281265887868965,486488.25941749971,485979.82359310455
665,22,74.099110331339418,19.873985134387727,486662.04495940515,485979.82359310455
666,22,68.491439059882396,20.721105445544435,486022.81239927752,485979.82359310455
667,22,67.511095018155302,20.226781701204242,486183.93283093075,485979.82359310455
668,22,67.556834672831783,21.796809811746687,486037.61451721977,485979.82359310455
669,23,73.879559785397944,24.328113005933677,486464.43082811468,485979.82359310455
670,23,67.556834672831783,21.603475274164445,486027.22785156977,485979.82359310455
671,23,69.185870780950822,21.364078628354072,486089.29699404025,485979.82359310455
672,23,67.31071612645826,20.711474565298396,485981.10618050717,485979.82359310455
673,23,67.581844757309995,21.412285009661829,486018.10676813131,485979.82359310455
674,23,54.132345608781421,20.88318264712581,491060.21322967147,485979.82359310455
675,23,77.066162017739373,20.184107176001515,486644.61363791116,485979.82359310455
676,23,67.511095018155302,21.80953013006479,486036.19402352342,485979.82359310455
677,23,58.865547717824001,24.202978841838963,489430.20456517726,485979.82359310455
678,23,74.228993894433643,21.286848961558427,486317.11542182026,485979.82359310455
679,23,68.491439059882396,22.299501325101435,486107.60982073034,485979.82359310455
680,23,67.556834672831783,20.771865569192894,485982.55061973567,485979.82359310455
681,23,74.249186439803012,29.619965983743146,486851.14845366374,485979.82359310455
682,23,68.538484159161882,22.559883454949233,486127.62474079971,485979.82359310455
683,23,68.507393597601052,27.665324881302567,486496.15650086035,485979.82359310455
684,23,70.870082401180909,22.983452402591315,486253.76423986,485979.82359310455
685,23,71.053078192224234,24.75364632834545,486379.95811026654,485979.82359310455
686,23,67.670270164646723,20.088115733446472,486260.07099728903,485979.82359310455
687,23,68.626384716862205,28.138402951266123,486534.83590438159,485979.82359310455
688,23,56.352332569255118,27.694369734772728,490667.65615888813,485979.82359310455
689,23,72.113878416667319,20.721105445544435,486189.43299889867,485979.82359310455
690,23,68.523210243862252,20.226781701204242,486230.48688723717,485979.82359310455
691,23,69.930797180044991,22.142196194235126,486165.36465168616,485979.82359310455
692,23,67.164076527629504,24.415385012836538,486285.30392714171,485979.82359310455
693,23,58.699893908398664,23.406146188596797,489435.59050207253,485979.82359310455
694,23,68.491439059882396,20.4713268455858,486107.66357914498,485979.82359310455
695,23,67.476068008272847,33.368922725070881,486870.81658769911,485979.82359310455
696,23,72.188011319598644,22.634165497944853,486295.6197267056,485979.82359310455
697,23,72.426559245684345,22.059452155488401,486275.71638316062,485979.82359310455
698,24,70.880868562675374,22.983452402591315,486254.26036871527,485979.82359310455
699,24,77.234403992205273,19.974106394298186,486756.57061983534,485979.82359310455
700,24,67.556834672831783,17.840866617019511,487370.10958462628,485979.82359310455
701,24,67.556834672831783,22.906338410253468,486116.21816974774,485979.82359310455
702,24,63.146970340400969,22.634165497944853,487686.13641109434,485979.82359310455
703,24,75.574823185898879,20.226781701204242,486554.83848046086,485979.82359310455
704,24,72.188011319598644,22.62038514031412,486294.87939355534,485979.82359310455
705,24,68.266771473283214,27.679105238933296,486488.20903742663,485979.82359310455
706,24,70.339142404679876,23.958966524485312,486295.87385429605,485979.82359310455
707,24,67.524492632413143,19.093894290456095,486746.77413970057,485979.82359310455
708,24,63.092061027583199,22.559883454949233,487701.66840940597,485979.82359310455
709,24,69.185870780950822,22.912253660344817,486177.20712224609,485979.82359310455
710,24,68.511067207848555,26.37579129889177,486402.91729646787,485979.82359310455
711,24,69.627058069806282,28.150737274353002,486572.92981342645,485979.82359310455
712,24,68.491439059882396,20.895958460051549,486032.20616731461,485979.82359310455
713,24,68.491439059882396,22.299501325101435,486107.60982073034,485979.82359310455
714,24,67.556834672831783,21.155810969172151,486003.1776248606,485979.82359310455
715,24,62.975308764459839,19.148520854515393,487509.92380569701,485979.82359310455
716,24,67.556834672831783,21.07219080944488,485998.68523228791,485979.82359310455
717,24,72.188011319598644,22.634165497944853,486295.6197267056,485979.82359310455
718,24,67.108750232915227,22.25343097779254,486149.82534608664,485979.82359310455
719,24,68.47745717207323,24.214752342750842,486245.18590357515,485979.82359310455
720,24,77.280392128906996,19.761262812056607,486864.31513132225,485979.82359310455
721,24,80.102534106173962,19.498026147317141,487124.76270883251,485979.82359310455
722,24,74.938388705615139,21.456718826858943,486358.871363691,485979.82359310455
723,24,74.187430881588469,21.286848961558427,486315.20365644456,485979.82359310455
724,24,74.513535068206906,22.139617976770165,486376.01739412954,485979.82359310455
725,24,65.904972493551142,22.317805821125937,486612.91452501353,485979.82359310455
726,24,69.558685917833927,21.967241320548023,486138.84948603419,485979.82359310455
727,25,63.020524606327044,21.427124790345655,487646.8875908035,485979.82359310455
728,25,75.843251581234867,20.750699482057723,486362.56211497646,485979.82359310455
729,25,66.062803674445803,22.951005241012226,486598.65887031215,485979.82359310455
730,25,69.579995351996786,21.967241320548023,486139.82965170126,485979.82359310455
731,25,67.107246247698583,23.128948523458824,486213.79476480733,485979.82359310455
732,25,67.558338658048427,20.040402360558225,486278.60151823406,485979.82359310455
733,25,69.270034232983761,29.379580608528094,486648.63834959542,485979.82359310455
734,25,70.374465157442444,16.714247771843866,488585.28165735939,485979.82359310455
735,25,69.9172188610181,22.634165497944853,486191.17055204476,485979.82359310455
736,25,69.468661497870514,20.721105445544435,486067.76149919519,485979.82359310455
737,25,67.556834672831783,25.8027301899191,486325.94735144835,485979.82359310455
738,25,66.059024851500837,21.07219080944488,486466.11839340883,485979.82359310455
739,25,70.595702438990756,21.456718826858943,486159.12171477848,485979.82359310455
740,25,74.681828671304245,23.958966524485312,486481.50067438825,485979.82359310455
741,25,64.473708214435845,20.896370822471532,487055.04786063579,485979.82359310455
742,25,64.482839205511269,22.422269483457423,487162.06164522254,485979.82359310455
743,25,68.511067207848555,26.37579129889177,486402.91729646787,485979.82359310455
744,25,80.281901473474321,18.942925453911638,487408.49629664683,485979.82359310455
745,25,70.051717799038514,22.946543477519256,486214.13920358161,485979.82359310455
746,25,77.053620973070423,21.979879718238106,486484.27145823621,485979.82359310455
747,25,73.657390620609732,19.984410572792214,486586.92575135932,485979.82359310455
748,25,68.491439059882396,20.090596531743536,486296.61097327608,485979.82359310455
749,25,69.623670895800288,21.627911963702463,486123.6085248919,485979.82359310455
750,25,69.810585874362616,22.976968239510736,486205.11738460022,485979.82359310455
751,25,69.273880017120902,27.362582912382546,486502.7295045004,485979.82359310455
752,25,72.188011319598644,18.948278955902889,487033.54647679493,485979.82359310455
753,25,71.079906600918321,19.780205194259185,486569.71201758779,485979.82359310455
754,25,58.990967886246032,21.182269785913334,489163.71046457894,485979.82359310455
755,25,64.475773889473203,24.851412690559343,487340.64776712685,485979.82359310455
756,26,71.561713181375666,21.533804484667801,486207.69644694019,485979.82359310455
757,26,67.556834672831783,20.721105445544435,485979.82359310455,485979.82359310455
758,26,78.632124187336032,24.48643946787033,486691.53945636132,485979.82359310455
759,26,70.757207043248087,21.468837255143384,486167.20145690348,485979.82359310455
760,26,68.31270668661972,19.889690422568513,486388.09477779339,485979.82359310455
761,26,69.468661497870514,23.623756558661224,486239.2403588015,485979.82359310455
762,26,66.124839623902403,21.627911963702463,486479.22822797892,485979.82359310455
763,26,69.579995351996786,21.967241320548023,486139.82965170126,485979.82359310455
764,26,68.427140989495115,22.991229760197758,486154.71947818011,485979.82359310455
765,26,65.065470435203324,20.858824208805498,486826.97168294346,485979.82359310455
766,26,67.556834672831783,28.272451119538697,486504.78108286363,485979.82359310455
767,26,76.171276859536448,23.128948523458824,486505.41879755678,485979.82359310455
768,26,71.924196757554981,27.362582912382546,486601.25699620316,485979.82359310455
769,26,54.403157079654939,15.431136952891192,490587.2709416335,485979.82359310455
770,26,69.665651138849242,21.627911963702463,486125.53948151524,485979.82359310455
771,26,66.017044608451883,21.07219080944488,486481.73517837777,485979.82359310455
772,26,69.579995351996786,19.667778594189951,486556.51555379637,485979.82359310455
773,26,68.289441582334021,20.269834356208307,486198.36826998263,485979.82359310455
774,26,69.491100857616161,20.457691443452848,486160.41174327349,485979.82359310455
775,26,70.590606731985304,21.456718826858943,486158.88732858287,485979.82359310455
776,26,67.596108058983972,27.362582912382546,486440.35708683194,485979.82359310455
777,26,71.121211338077316,25.8027301899191,486458.45569920301,485979.82359310455
778,26,66.059024851500837,21.07219080944488,486466.11839340883,485979.82359310455
779,26,68.1948074092263,21.07219080944488,486028.02993330505,485979.82359310455
780,26,67.104891953505685,22.131033328064035,486142.43179725175,485979.82359310455
781,26,63.865660567640766,22.976968239510736,487437.26425714069,485979.82359310455
782,26,61.577311297546849,21.967241320548023,488235.60833696218,485979.82359310455
783,26,71.049438286516661,20.392918919751143,486264.23533221078,485979.82359310455
784,26,67.303705924716226,22.716079450411328,486109.08209742286,485979.82359310455
785,27,69.491100857616161,20.457691443452848,486160.41174327349,485979.82359310455
786,27,74.030637078610582,26.684352082214385,486630.45444375119,485979.82359310455
787,27,69.531295005269527,20.275637468061678,486252.60960068821,485979.82359310455
788,27,67.892262644376657,19.639516569907716,486492.91102890467,485979.82359310455
789,27,66.883898045346157,26.553457785850537,486546.82161176414,485979.82359310455
790,27,71.561713181375666,21.533804484667801,486207.69644694019,485979.82359310455
791,27,69.47000976055719,21.682943368551598,486119.49710127269,485979.82359310455
792,27,65.261111813495376,20.803792803956362,486748.52524080611,485979.82359310455
793,27,76.58435674933034,24.644428836200781,486605.836506714,485979.82359310455
794,27,66.890626034922207,22.726623128974101,486267.15641294251,485979.82359310455
795,27,68.264972121601716,22.036847532559932,486083.08230814547,485979.82359310455
796,27,69.604464812729077,20.200228144196402,486293.39903013868,485979.82359310455
797,27,71.561713181375666,19.969287537493493,486498.03650882817,485979.82359310455
798,27,66.059024851500837,20.369357071474447,486428.35949561774,485979.82359310455
799,27,72.066112691095626,21.468724743964874,486227.40087681927,485979.82359310455
800,27,68.448222148190666,21.456831338037457,486060.35054911935,485979.82359310455
801,27,67.132822177691551,18.63632589891089,486955.83885767992,485979.82359310455
802,27,77.836136727623,26.87469041399731,486800.56537811639,485979.82359310455
803,27,65.842223454567289,22.191819694721225,486627.68816260551,485979.82359310455
804,27,69.416387735364026,20.715059149661013,486065.03224368428,485979.82359310455
805,27,69.491100857616161,18.868384549985976,486949.14693211555,485979.82359310455
806,27,71.561713181375666,22.806145828683647,486276.0514563382,485979.82359310455
807,27,69.588979737113277,19.889690422568513,486446.79924735846,485979.82359310455
808,27,68.303722301503228,21.967241320548023,486081.12518214143,485979.82359310455
809,27,68.668962612471347,21.293973636989968,486061.75456871185,485979.82359310455
810,27,73.249348306419478,25.802667837753173,486537.56625539873,485979.82359310455
811,27,76.032278263375304,26.810501851173672,486714.00150831899,485979.82359310455
812,27,65.35185403356671,21.627911963702463,486773.59989176109,485979.82359310455
813,27,66.059024851500837,18.802601274510295,486823.92911056697,485979.82359310455
814,28,67.892262644376657,18.386352655138367,487114.826456966,485979.82359310455
815,28,76.58435674933034,23.848003129415261,486563.04949289234,485979.82359310455
816,28,71.445868256259473,20.776010617589804,486161.65638703032,485979.82359310455
817,28,72.066112691095626,21.847640373027343,486247.75766354712,485979.82359310455
818,28,73.517917754034883,24.438330372452878,486453.71774936287,485979.82359310455
819,28,68.576145254174051,20.457691443452848,486118.32671816397,485979.82359310455
820,28,68.668962612471347,21.293973636989968,486061.75456871185,485979.82359310455
821,28,66.890626034922207,22.726623128974101,486267.15641294251,485979.82359310455
822,28,68.446415270619781,21.451371597913731,486059.97412056272,485979.82359310455
823,28,69.872448748812459,21.29943337711369,486117.40439149551,485979.82359310455
824,28,66.890626034922207,22.726623128974101,486267.15641294251,485979.82359310455
825,28,69.590165754676875,20.275637468061678,486255.31746646756,485979.82359310455
826,28,68.448222148190666,21.452088359728673,486060.09573831066,485979.82359310455
827,28,64.65983958073862,20.182968612965617,486938.84740516968,485979.82359310455
828,28,67.014975272559809,26.73255590679786,486509.87280877022,485979.82359310455
829,28,77.073564332258997,21.468724743964874,486457.72760223085,485979.82359310455
830,28,45.250225805149135,26.214412513232677,494990.15103359183,485979.82359310455
831,28,70.873524769704801,20.378432414890341,486263.33318189159,485979.82359310455
832,28,69.237064278639679,19.499392093114061,486624.30803681532,485979.82359310455
833,28,72.066112691095626,21.468724743964874,486227.40087681927,485979.82359310455
834,28,69.467246314293263,21.293973636989968,486098.47306030407,485979.82359310455
835,28,47.321685081960197,20.457691443452848,493746.8068870139,485979.82359310455
836,28,69.491100857616161,20.457691443452848,486160.41174327349,485979.82359310455
837,28,68.668962612471347,22.20720539394738,486110.81684718194,485979.82359310455
838,28,69.531295005269527,18.048601480661539,487357.83456215385,485979.82359310455
839,28,69.12653417878137,13.862039361693295,492007.69755015371,485979.82359310455
840,28,69.482779828948352,20.226501454788544,486274.76309212594,485979.82359310455
841,28,55.335624413328034,19.814418119235302,490502.72402034642,485979.82359310455
842,28,73.801763698094163,21.305899626487722,486298.48767624132,485979.82359310455
843,29,68.576145254174051,20.27719850900943,486207.90106614889,485979.82359310455
844,29,65.403456310818981,21.279519559603347,486728.72122407367,485979.82359310455
845,29,67.014975272559809,26.34918797268643,486482.11294435,485979.82359310455
846,29,68.576145254174051,20.841059377564314,486033.15299352683,485979.82359310455
847,29,76.649251762048237,16.617522264447675,488976.11652516946,485979.82359310455
848,29,74.872535962367252,22.20720539394738,486396.16133732907,485979.82359310455
849,29,75.428663024349632,21.847640373027343,486402.42420109652,485979.82359310455
850,29,64.65983958073862,21.494953269408899,487027.50817645201,485979.82359310455
851,29,51.059850980453085,21.586701684663414,492337.05825882399,485979.82359310455
852,29,68.446415270619781,21.972253108834405,486087.95785365568,485979.82359310455
853,29,68.446415270619781,21.451371597913731,486059.97412056272,485979.82359310455
854,29,65.422776593816664,21.69642164485083,486751.55168077431,485979.82359310455
855,29,66.22359107983506,21.954214316465333,486465.24899510969,485979.82359310455
856,29,69.783549756880419,24.116763361825047,486286.64543344156,485979.82359310455
857,29,63.874324188645453,20.763361425785146,487273.6765602972,485979.82359310455
858,29,68.446415270619781,20.655990978335439,486017.24325279496,485979.82359310455
859,29,47.542583619202333,20.457691443452848,493658.66998786619,485979.82359310455
860,29,66.623985816842691,24.070625291825593,486466.0193469217,485979.82359310455
861,29,69.467246314293263,24.89431411988237,486331.18945866713,485979.82359310455
862,29,66.890626034922207,22.726623128974101,486267.15641294251,485979.82359310455
863,29,70.873524769704801,19.701867561120931,486599.09621790342,485979.82359310455
864,29,69.491100857616161,20.457691443452848,486160.41174327349,485979.82359310455
865,29,67.556834672831783,20.721105445544435,485979.82359310455,485979.82359310455
866,29,75.979203974333458,21.847640373027343,486427.74732018169,485979.82359310455
867,29,68.582214774347364,20.721105445544435,486026.98779118288,485979.82359310455
868,29,72.066112691095626,23.084901439678244,486314.22802720882,485979.82359310455
869,29,65.102693433862626,20.457691443452848,486788.86350620555,485979.82359310455
870,29,64.184133294608415,26.234171255456904,487551.83782155556,485979.82359310455
871,29,67.901410875515367,19.459764492506466,486582.53849648486,485979.82359310455
872,30,64.65983958073862,21.494597442272138,487027.48241083062,485979.82359310455
873,30,63.26045954910731,23.567287279560791,487710.48478370073,485979.82359310455
874,30,70.913793650069564,25.063785008206647,486397.23740142962,485979.82359310455
875,30,76.555923569120196,20.519125372683014,486454.88274647534,485979.82359310455
876,30,65.102693433862626,20.198696149619785,486774.94929534744,485979.82359310455
877,30,75.979203974333458,23.161785986114861,486498.34821368853,485979.82359310455
878,30,79.956627744499954,21.847640373027343,486610.69606500951,485979.82359310455
879,30,75.979203974333458,21.847640373027343,486427.74732018169,485979.82359310455
880,30,69.783549756880419,26.191586214318175,486436.88439699705,485979.82359310455
881,30,75.428663024349632,24.57498285669541,486548.94739786204,485979.82359310455
882,30,65.746441842593498,21.46978175870478,486611.88099476293,485979.82359310455
883,30,78.355769315429015,22.688346552996631,486582.22763742309,485979.82359310455
884,30,38.972392651068581,19.614651520527318,497024.54154288874,485979.82359310455
885,30,74.872535962367252,22.20720539394738,486396.16133732907,485979.82359310455
886,30,73.449219360255952,26.158804681705259,486570.78465767915,485979.82359310455
887,30,55.031378610560246,18.481095802962166,490527.56933049223,485979.82359310455
888,30,69.467246314293263,24.867246503490666,486329.22947898594,485979.82359310455
889,30,66.991259488736716,23.197602624003167,486262.9366140769,485979.82359310455
890,30,68.684882174289697,25.84918199014264,486371.24695262377,485979.82359310455
891,30,70.322915454096517,21.977246175988693,486174.5390939936,485979.82359310455
892,30,73.201060072492794,10.521941291053841,497457.35696765664,485979.82359310455
893,30,68.446415270619781,23.125874144217843,486165.18568127422,485979.82359310455
894,30,63.497827527901386,19.964749626288352,487359.39606058074,485979.82359310455
895,30,69.53558318302467,21.954214316465333,486137.08697414433,485979.82359310455
896,30,74.150279658643115,18.751006919650269,487221.70594775246,485979.82359310455
897,30,68.210799241945153,16.495301589267182,488717.13160191162,485979.82359310455
898,30,66.694471990438103,22.726623128974101,486341.85663136758,485979.82359310455
899,30,66.738435342623873,20.721105445544435,486194.51387385372,485979.82359310455
900,30,66.93948811205199,20.415734475448112,486103.31591087882,485979.82359310455
901,31,78.372221557186322,21.977246175988693,486544.78137477499,485979.82359310455
902,31,70.30646321233921,23.153142888310853,486236.95598108775,485979.82359310455
903,31,77.753751404904108,21.838033325848102,486508.85468707408,485979.82359310455
904,31,75.979203974333458,22.438900887606543,486459.51208065316,485979.82359310455
905,31,66.282359738819338,19.708389691392178,486384.68056422775,485979.82359310455
906,31,67.166828891845569,26.722527203283306,486451.31708344427,485979.82359310455
907,31,74.778899518795285,25.40618644946036,486565.7190406266,485979.82359310455
908,31,70.248529854949837,29.20422158944524,486672.31681597664,485979.82359310455
909,31,71.699265096923426,18.191162482592713,487386.80460492003,485979.82359310455
910,31,70.846183283408095,21.304230094312796,486162.45075689384,485979.82359310455
911,31,66.93948811205199,20.415734475448112,486103.31591087882,485979.82359310455
912,31,67.229748987551645,20.721105445544435,486011.74362316035,485979.82359310455
913,31,67.863595338026002,18.042423345864663,487284.19178411376,485979.82359310455
914,31,65.088902496312414,23.125319287739625,486982.16623128409,485979.82359310455
915,31,70.913793650069564,22.171229676221724,486212.13912749023,485979.82359310455
916,31,79.956627744499954,21.847640373027343,486610.69606500951,485979.82359310455
917,31,70.715159566770495,21.79611153329914,486182.84982498398,485979.82359310455
918,31,69.537174107753842,25.025349286656862,486343.2773984393,485979.82359310455
919,31,62.959750179555058,21.977246175988693,487709.8665322701,485979.82359310455
920,31,59.657270628014771,25.84918199014264,489247.89967123198,485979.82359310455
921,31,67.129363367564068,24.706295178311741,486319.5884915776,485979.82359310455
922,31,63.307952272389308,20.437617466016672,487465.77744145133,485979.82359310455
923,31,66.694471990438103,22.726623128974101,486341.85663136758,485979.82359310455
924,31,61.076364203731039,21.46978175870478,488390.35984578042,485979.82359310455
925,31,66.93948811205199,20.942240862143763,486131.60183366208,485979.82359310455
926,31,66.874393097482468,15.862824607125322,489324.03201386263,485979.82359310455
927,31,70.322915454096517,24.152570240249226,486309.28954754112,485979.82359310455
928,31,66.694471990438103,21.981679759471785,486287.91490829131,485979.82359310455
929,31,86.747848275660942,21.847640373027343,486923.07044195296,485979.82359310455
930,32,66.282359738819338,19.708389691392178,486384.68056422775,485979.82359310455
931,32,71.686034398340013,20.942240862143763,486181.63377985772,485979.82359310455
932,32,70.846183283408095,21.304230094312796,486162.45075689384,485979.82359310455
933,32,65.386837201590097,19.708389691392178,486642.90577787516,485979.82359310455
934,32,63.307952272389308,21.940148558637961,487574.57647159213,485979.82359310455
935,32,79.956627744499954,22.787399299659363,486661.18348378583,485979.82359310455
936,32,69.973821444598983,22.171229676221724,486168.90341887623,485979.82359310455
937,32,70.913793650069564,22.171229676221724,486212.13912749023,485979.82359310455
938,32,66.282359738819338,18.84258275813464,486814.35994070093,485979.82359310455
939,32,70.846183283408095,21.306832968163615,486162.59059316292,485979.82359310455
940,32,77.23702068516782,23.171940035606852,486556.74926488282,485979.82359310455
941,32,62.933905172567883,24.133773092953227,487875.86413372331,485979.82359310455
942,32,68.343257955057865,21.847640373027343,486076.51827833522,485979.82359310455
943,32,86.37746108545403,21.676212758488312,486896.8240758407,485979.82359310455
944,32,58.926507141805601,20.437617466016672,489134.33803170722,485979.82359310455
945,32,80.15675555481296,19.541362660765031,487105.74984137854,485979.82359310455
946,32,77.753751404904108,24.978924201871301,486677.59527414857,485979.82359310455
947,32,58.414358204211069,19.483219393523271,489260.26832760539,485979.82359310455
948,32,66.93948811205199,20.942240862143763,486131.60183366208,485979.82359310455
949,32,70.30646321233921,24.851935791302356,486359.31933362142,485979.82359310455
950,32,78.137874195271905,21.864111623732136,486527.92412943783,485979.82359310455
951,32,66.555365321680071,18.176931538631987,487157.26418151276,485979.82359310455
952,32,66.773072494386,21.981679759471785,486257.98192969774,485979.82359310455
953,32,70.299242959525287,23.231276077472813,486241.6981325071,485979.82359310455
954,32,71.699265096923426,26.338127530974294,486518.7136667181,485979.82359310455
955,32,77.697469644431223,20.527421704463897,486503.27293498674,485979.82359310455
956,32,67.166828891845569,26.722527203283306,486451.31708344427,485979.82359310455
957,32,72.206437911538671,19.37488329955578,486822.68045755179,485979.82359310455
958,32,65.569218445922317,21.841462210824254,486706.28553125751,485979.82359310455
959,33,75.229707036327198,21.564905723708154,486378.08328415221,485979.82359310455
960,33,70.437043191909936,18.39818992913834,487226.00364813418,485979.82359310455
961,33,83.463644132999022,17.169415859557674,488670.07410073286,485979.82359310455
962,33,65.569218445922317,21.841462210824254,486706.28553125751,485979.82359310455
963,33,65.386837201590097,18.833411561472161,486777.72022100317,485979.82359310455
964,33,69.973821444598983,19.883873910302487,486467.38732900808,485979.82359310455
965,33,68.343257955057865,21.847640373027343,486076.51827833522,485979.82359310455
966,33,71.141196499811898,24.978924201871301,486399.54645757866,485979.82359310455
967,33,65.386837201590097,19.708389691392178,486642.90577787516,485979.82359310455
968,33,66.282359738819338,19.708389691392178,486384.68056422775,485979.82359310455
969,33,63.456784473522106,20.721105445544435,487429.62603571441,485979.82359310455
970,33,67.408002471698978,24.86984758963753,486252.8639068628,485979.82359310455
971,33,69.405063042552314,18.42104037825554,487167.19573490875,485979.82359310455
972,33,89.670623038698068,21.304230094312796,487028.31464879145,485979.82359310455
973,33,70.905944548973821,21.847640373027343,486194.39364762761,485979.82359310455
974,33,67.208023799374317,20.840306994976757,486026.22942276322,485979.82359310455
975,33,69.063940479799172,21.862748752709336,486110.47904404975,485979.82359310455
976,33,78.137874195271905,21.849003244050138,486527.11244989908,485979.82359310455
977,33,77.995447319483759,14.946152470361202,490725.58730090898,485979.82359310455
978,33,75.134773694604803,20.555138485440267,486371.64195655438,485979.82359310455
979,33,70.56939965555992,21.014211540762538,486134.13869897905,485979.82359310455
980,33,63.533585173406536,23.087514227083908,487571.73131311941,485979.82359310455
981,33,61.053302976136706,24.851935791302356,488644.04559078021,485979.82359310455
982,33,70.846183283408095,21.543038683443925,486175.28046130546,485979.82359310455
983,33,64.815005025255218,23.008106423685792,487077.98559014604,485979.82359310455
984,33,75.654788701958267,23.492386381450615,486501.18725985719,485979.82359310455
985,33,72.103376603795624,25.089354165314838,486443.31250605069,485979.82359310455
986,33,67.495346248583843,20.799516532591046,485981.20786407357,485979.82359310455
987,33,69.420810956462148,19.752657388240486,486507.07025628549,485979.82359310455
988,34,78.694266798163582,18.39818992913834,487605.80946763838,485979.82359310455
989,34,69.405063042552314,18.42104037825554,487167.19573490875,485979.82359310455
990,34,67.491472604370529,19.960919182561671,486314.97150378948,485979.82359310455
991,34,66.286233383032652,20.871684669034348,486370.82414002938,485979.82359310455
992,34,76.98823404678123,21.504832003850517,486455.74250173994,485979.82359310455
993,34,69.405063042552314,18.42104037825554,487167.19573490875,485979.82359310455
994,34,71.919707366528755,21.862748752709336,486241.83516741649,485979.82359310455
995,34,70.754756527829528,19.752657388240486,486568.42747695104,485979.82359310455
996,34,74.463027537483427,21.564905723708154,486342.81848459336,485979.82359310455
997,34,70.343704286315997,20.151138373131104,486351.76376163383,485979.82359310455
998,34,74.287834641906912,19.302100382646419,486954.53846533783,485979.82359310455
999,34,60.070402636646378,24.978924201871301,489027.55317763588,485979.82359310455
1000,34,63.409257875377627,20.252682705700032,487413.80659161316,485979.82359310455
1001,34,74.885657127323512,20.952249306294966,486329.34386146604,485979.82359310455
1002,34,66.222898407328785,16.307788681606453,488823.84902576881,485979.82359310455
1003,34,70.905644614898648,16.207527981843334,489145.19095698773,485979.82359310455
1004,34,66.773029107275676,24.388166922633143,486432.25339523103,485979.82359310455
1005,34,67.495346248583843,20.799516532591046,485981.20786407357,485979.82359310455
1006,34,76.074829587567535,22.780004048684148,486482.23590969085,485979.82359310455
1007,34,54.680302116077385,19.78181744840996,490761.83218836517,485979.82359310455
1008,34,72.686994824628954,20.175888457131055,486447.26473789389,485979.82359310455
1009,34,72.797166305302525,21.876291962901817,486282.9230588277,485979.82359310455
1010,34,70.905944548973821,21.847640373027343,486194.39364762761,485979.82359310455
1011,34,69.973821444598983,21.7646575260584,486147.06081879389,485979.82359310455
1012,34,73.60880370010959,21.833359111905274,486317.94926167617,485979.82359310455
1013,34,67.495346248583843,22.691116156523758,486098.34794058331,485979.82359310455
1014,34,67.847456430748238,21.841462210824254,486053.38108303974,485979.82359310455
1015,34,65.386837201590097,19.708389691392178,486642.90577787516,485979.82359310455
1016,34,83.654775345924733,23.492386381450615,486869.16100360005,485979.82359310455
1017,35,75.093931935419278,21.527951411168775,486369.85273867723,485979.82359310455
1018,35,66.375246834080457,21.862748752709336,486400.87173769262,485979.82359310455
1019,35,67.501458964061911,23.695871848630116,486171.3300490054,485979.82359310455
1020,35,67.841343715270156,21.841462210824254,486053.09991772496,485979.82359310455
1021,35,71.108227417879831,21.876291962901817,486205.23728346144,485979.82359310455
1022,35,74.26847643857451,22.085841677996967,486361.85641562741,485979.82359310455
1023,35,67.847456430748238,27.70383339752372,486474.41126790084,485979.82359310455
1024,35,67.495346248583843,18.924008540653254,486829.74375414383,485979.82359310455
1025,35,67.447367593064044,23.064839078405111,486123.62576270528,485979.82359310455
1026,35,64.122404390461128,22.691116156523758,487318.79128862731,485979.82359310455
1027,35,66.603427886372799,19.560082974643361,486473.04976403003,485979.82359310455
1028,35,73.97064013856675,19.028126013265414,487075.91549434233,485979.82359310455
1029,35,69.228353613130167,14.139513701044951,491576.96270640579,485979.82359310455
1030,35,69.405063042552314,22.974488106286493,486189.86218468973,485979.82359310455
1031,35,66.148021649741537,10.210037296181108,497670.58452502161,485979.82359310455
1032,35,66.806078282585702,19.15331156697389,486684.24200197653,485979.82359310455
1033,35,67.913656474604366,24.408083732503041,486238.2254171496,485979.82359310455
1034,35,66.773029107275676,27.936228759789749,486689.17033269594,485979.82359310455
1035,35,70.011429943355651,19.608573446844108,486605.74226781324,485979.82359310455
1036,35,64.626559036313211,21.7646575260584,487059.71163559996,485979.82359310455
1037,35,75.837254768414709,21.876291962901817,486422.75738392008,485979.82359310455
1038,35,73.360137115327731,21.876291962901817,486308.81791163236,485979.82359310455
1039,35,71.919707366528755,22.376918466580996,486269.45831728051,485979.82359310455
1040,35,72.797166305302525,21.876291962901817,486282.9230588277,485979.82359310455
1041,35,73.714070474342378,19.960919182561671,486601.19106088218,485979.82359310455
1042,35,67.492883258772068,20.721105445544435,485976.88203304063,485976.88203304063
1043,35,73.353279419968416,20.443416715643981,486345.14378562919,485976.88203304063
1044,35,66.184858099937742,21.855638387186243,486472.86152094771,485976.88203304063
1045,35,77.646149655243946,22.258292682286097,486526.48328026471,485976.88203304063
1046,36,69.67673863398241,20.68827018395006,486075.56834555394,485976.88203304063
1047,36,56.508740008900574,21.605926662791582,490164.38351851347,485976.88203304063
1048,36,67.841343715270156,21.632595683159959,486041.87881457631,485976.88203304063
1049,36,60.98526481709294,23.042280116401738,488538.91809699789,485976.88203304063
1050,36,73.252617562289984,21.889578789083959,486304.58617558231,485976.88203304063
1051,36,81.166364824903155,23.889656911996653,486776.04497733526,485976.88203304063
1052,36,71.705610547116066,26.370615133349144,486521.30200712662,485976.88203304063
1053,36,70.0961399444531,20.379982406981249,486226.80674744723,485976.88203304063
1054,36,73.360137115327731,21.876291962901817,486308.81791163236,485976.88203304063
1055,36,68.130324299359046,29.461378607500667,486612.19182114571,485976.88203304063
1056,36,77.442219928663249,12.795394570753752,493993.73628964717,485976.88203304063
1057,36,67.556834672831783,20.721105445544435,485979.82359310455,485976.88203304063
1058,36,66.307759094057403,24.550197526965349,486621.17222006805,485976.88203304063
1059,36,62.574297399579834,23.166319174730965,487942.75767347071,485976.88203304063
1060,36,68.17361934097886,23.284817477718356,486166.55345665268,485976.88203304063
1061,36,73.041910097425443,18.634374478866949,487228.60640526435,485976.88203304063
1062,36,67.538383594152847,25.489128806395346,486302.55338540964,485976.88203304063
1063,36,67.870619129035376,21.894689267564608,486057.30605256784,485976.88203304063
1064,36,66.014557995426117,22.553152126337721,486588.22325161134,485976.88203304063
1065,36,63.17020405045978,27.911466384598022,488059.42045519489,485976.88203304063
1066,36,67.447367593064044,23.064839078405111,486123.62576270528,485976.88203304063
1067,36,73.360137115327731,22.35075759630007,486334.30800749571,485976.88203304063
1068,36,77.468950069590917,23.570091563032314,486588.80748542887,485976.88203304063
1069,36,71.919707366528755,20.375140680823026,486313.08783735603,485976.88203304063
1070,36,67.492883258772068,20.42708413731604,486083.689816133,485976.88203304063
1071,36,67.556834672831783,20.530424667011712,486035.34593061381,485976.88203304063
1072,36,67.913656474604366,20.760845099954352,485998.3712174535,485976.88203304063
1073,36,67.003648959103344,27.542231735959621,486572.8151766372,485976.88203304063
1074,36,67.976066908783793,20.721105445544435,485999.10693221359,485976.88203304063
1075,37,69.26810938657691,21.909294786714238,486122.37078908214,485976.88203304063
1076,37,68.130914690500333,29.184679503946708,486592.17784848198,485976.88203304063
1077,37,65.063424382576216,21.88867005721179,486902.3225239056,485976.88203304063
1078,37,67.559527428524902,20.727124655897249,485980.27082607511,485976.88203304063
1079,37,73.630746041731314,19.102439777672082,487023.40130258363,485976.88203304063
1080,37,57.344427108147066,17.003829521979352,489507.6878945427,485976.88203304063
1081,37,59.857907470850407,21.698425668352563,488870.93394701963,485976.88203304063
1082,37,67.866628953387277,28.140756865211713,486506.76186812797,485976.88203304063
1083,37,67.976066908783793,21.436556027644098,486037.5436547905,485976.88203304063
1084,37,67.538383594152847,27.623130706040662,486457.0775334558,485976.88203304063
1085,37,72.401895898860033,19.821031256650439,486610.25828481949,485976.88203304063
1086,37,70.140717898866413,21.476333940824507,486139.24768268375,485976.88203304063
1087,37,66.172332219061516,23.284817477718356,486581.11925509979,485976.88203304063
1088,37,66.307759094057403,24.550197526965349,486621.17222006805,485976.88203304063
1089,37,71.949222825725357,21.898467599962203,486245.11173607595,485976.88203304063
1090,37,68.17361934097886,23.275928666840116,486165.90981339809,485976.88203304063
1091,37,67.547332357930998,24.644195194361608,486241.70399564836,485976.88203304063
1092,37,67.013151274004144,20.720334536929762,486092.27725071297,485976.88203304063
1093,37,73.894155330860173,20.721105445544435,486271.32003074035,485976.88203304063
1094,37,73.360137115327731,22.45167087870211,486339.72945229855,485976.88203304063
1095,37,67.849963482087261,21.632595683159959,486042.2752962145,485976.88203304063
1096,37,67.967447141966673,20.721105445544435,485998.71045056992,485976.88203304063
1097,37,68.128869821133677,30.60809361831744,486695.17195900512,485976.88203304063
1098,37,61.974660986729788,20.291272337331996,487962.93018165557,485976.88203304063
1099,37,73.566696602887248,26.244986785182906,486581.39245069824,485976.88203304063
1100,37,67.224304553555584,21.882976976698391,486078.99469762848,485976.88203304063
1101,37,75.07043934736997,27.479516202878116,486726.68809761608,485976.88203304063
1102,37,67.538358949330942,21.82596555278014,486038.33105030062,485976.88203304063
1103,37,58.214767102365656,18.273068520399939,489248.64982906054,485976.88203304063
1104,38,65.328373807389724,21.88867005721179,486801.42335582612,485976.88203304063
1105,38,74.852934849648108,27.479516202878116,486718.6022064978,485976.88203304063
1106,38,71.15960374558388,20.721105445544435,486145.53942270647,485976.88203304063
1107,38,61.974660986729788,20.291272337331996,487962.93018165557,485976.88203304063
1108,38,67.967447141966673,20.751129367261658,486000.32344967651,485976.88203304063
1109,38,62.191127499257995,25.466611697783467,488255.24340190506,485976.88203304063
1110,38,67.976066908783793,21.436556027644098,486037.5436547905,485976.88203304063
1111,38,69.26810938657691,21.909294786714238,486122.37078908214,485976.88203304063
1112,38,70.931561044014089,20.717384746990323,486134.85029931436,485976.88203304063
1113,38,73.894155330860173,21.886697675252503,486333.94007228053,485976.88203304063
1114,38,68.672422086658756,21.882976976698391,486093.55718989787,485976.88203304063
1115,38,64.957996694094973,24.644195194361608,487142.00090257957,485976.88203304063
1116,38,76.135972853788545,20.697687524690689,486373.17835157667,485976.88203304063
1117,38,67.520410880961549,26.037572540608821,486341.59832236904,485976.88203304063
1118,38,67.538358949330942,21.786466754543895,486036.20902484166,485976.88203304063
1119,38,71.731840486953104,23.951474666747192,486347.10594988801,485976.88203304063
1120,38,69.197848613292976,24.644195194361608,486303.06316233892,485976.88203304063
1121,38,67.617593131214917,21.909294786714238,486046.45233163901,485976.88203304063
1122,38,71.949222825725357,21.898467599962203,486245.11173607595,485976.88203304063
1123,38,67.224304553555584,23.926314172720247,486226.95376900444,485976.88203304063
1124,38,81.6379199603725,16.09108898341449,489697.76306273375,485976.88203304063
1125,38,67.84181310401712,20.721105445544435,485992.93168751174,485976.88203304063
1126,38,63.88057644957577,18.960352267641166,487163.05219407118,485976.88203304063
1127,38,73.325928047538525,29.036891894015877,486774.60495042877,485976.88203304063
1128,38,74.659928854952952,20.974439135226817,486320.15320633887,485976.88203304063
1129,38,67.634815045972587,33.84368197145627,486911.09568182332,485976.88203304063
1130,38,51.846496600779695,17.638454985683197,491737.29789135151,485976.88203304063
1131,38,76.417061504586911,21.433885061634744,486425.65885634534,485976.88203304063
1132,38,67.538358949330942,19.827898149280781,486383.14329855022,485976.88203304063
1133,39,76.135972853788545,20.697687524690689,486373.17835157667,485976.88203304063
1134,39,68.672422086658756,22.53839063945783,486131.04767710686,485976.88203304063
1135,39,68.598951862452111,20.721105445544435,486027.75764359033,485976.88203304063
1136,39,67.84181310401712,20.721105445544435,485992.93168751174,485976.88203304063
1137,39,57.082161539133104,21.911599571846367,489957.7264546954,485976.88203304063
1138,39,67.656257728647176,18.890956310684615,486853.54820162558,485976.88203304063
1139,39,76.417061504586911,22.446847402726654,486480.07904057519,485976.88203304063
1140,39,70.905939782258002,16.312108377539019,489034.68907488376,485976.88203304063
1141,39,68.773334574039652,21.916616392630164,486100.00607805233,485976.88203304063
1142,39,68.397389149952616,25.56206724429159,486339.7690633157,485976.88203304063
1143,39,73.171947445553471,23.951474666747192,486411.64848648343,485976.88203304063
1144,39,75.213023640602927,26.037572540608821,486627.57691061852,485976.88203304063
1145,39,67.617593131214917,21.909294786714238,486046.45233163901,485976.88203304063
1146,39,71.731840486953104,23.951474666747192,486347.10594988801,485976.88203304063
1147,39,70.640279637494814,20.904312921651609,486131.49477973994,485976.88203304063
1148,39,71.210708997825591,20.721105445544435,486147.89010050852,485976.88203304063
1149,39,64.760951813142881,21.733491574445512,487006.27486390411,485976.88203304063
1150,39,58.853615423340315,19.376376097968464,489085.25194648164,485976.88203304063
1151,39,70.931561044014089,22.59775030676926,486235.87067888037,485976.88203304063
1152,39,70.931561044014089,23.740222559198596,486302.05809660972,485976.88203304063
1153,39,67.751355152288156,19.226745262222899,486691.27831276902,485976.88203304063
1154,39,67.884185128241995,23.926314172720247,486202.24462247745,485976.88203304063
1155,39,63.168692072477043,17.856616710926076,487368.57859797974,485976.88203304063
1156,39,71.949222825725357,22.744519497248689,486290.56485733297,485976.88203304063
1157,39,70.274151143026927,20.721105445544435,486104.81144108082,485976.88203304063
1158,39,67.003372785729496,21.338843472187857,486129.14352880575,485976.88203304063
1159,39,71.476398462375968,21.348246296076372,486193.80335267272,485976.88203304063
1160,39,68.691555987881443,26.57230322123084,486423.85662768717,485976.88203304063
1161,39,74.339662944218929,21.909294786714238,486355.64599718526,485976.88203304063
1162,40,73.423279377324548,20.721105445544435,486249.66124614596,485976.88203304063
1163,40,67.714015264130396,20.721105445544435,485987.05339650251,485976.88203304063
1164,40,67.884185128241995,21.527459988303335,486038.20109341346,485976.88203304063
1165,40,77.755890394270352,22.53839063945783,486546.57892860135,485976.88203304063
1166,40,70.229604339892518,25.56206724429159,486407.88302274374,485976.88203304063
1167,40,68.399295080556271,24.202989104677442,486241.4283878486,485976.88203304063
1168,40,74.910483721435099,22.094559079234099,486391.85502475745,485976.88203304063
1169,40,64.89499580552696,22.481099691181726,487009.36233874795,485976.88203304063
1170,40,67.631810461763706,21.914218581629665,486047.37080823234,485976.88203304063
1171,40,64.760951813142881,27.259818846167857,487406.43899385579,485976.88203304063
1172,40,80.856636211523352,23.951474666747192,486765.11953844456,485976.88203304063
1173,40,61.444221541705033,20.721105445544435,488196.05882064829,485976.88203304063
1174,40,56.966491402947376,28.73636702386591,490498.06282695464,485976.88203304063
1175,40,71.686973704467718,20.165668279670616,486406.33900253027,485976.88203304063
1176,40,71.949222825725357,17.175336885167617,488170.45898790075,485976.88203304063
1177,40,71.748137720389352,22.79485846426315,486284.01998750854,485976.88203304063
1178,40,71.476398462375968,17.569301529394185,487732.38797139202,485976.88203304063
1179,40,71.731840486953104,23.196766287958969,486304.86238175875,485976.88203304063
1180,40,64.605754205725347,20.721105445544435,486992.07049013348,485976.88203304063
1181,40,73.171947445553471,18.57002578290415,487266.52243291604,485976.88203304063
1182,40,69.359821646573565,23.951474666747192,486258.92438915343,485976.88203304063
1183,40,71.737115054979867,21.348246296076372,486205.79548027401,485976.88203304063
1184,40,68.397389149952616,23.195968949875006,486168.43869889609,485976.88203304063
1185,40,68.773334574039652,26.321025870234344,486408.70168827887,485976.88203304063
1186,40,68.253584129829449,23.956820124767198,486218.18625579088,485976.88203304063
1187,40,88.324258107627003,21.285112275157218,486965.35909553035,485976.88203304063
1188,40,70.806174539761017,20.636641003201245,486132.09250966809,485976.88203304063
1189,40,79.6191672694452,21.348246296076372,486568.34461826767,485976.88203304063
1190,40,65.667912306011843,24.413245231567274,486854.92461386736,485976.88203304063
1191,41,71.737115054979867,26.258702638910609,486514.36957072286,485976.88203304063
1192,41,71.748137720389352,19.53784512107574,486720.72604386677,485976.88203304063
1193,41,65.612508841598569,24.233072896188879,486862.97722789668,485976.88203304063
1194,41,67.464055174286813,23.176373909944559,486132.3224290231,485976.88203304063
1195,41,77.624518843298603,22.969027764643275,486563.6717202696,485976.88203304063
1196,41,68.397389149952616,24.247171217412138,486244.55678240978,485976.88203304063
1197,41,71.170841942562333,21.348191699550348,486179.74579900794,485976.88203304063
1198,41,67.631810461763706,21.914273178155689,486047.37374136486,485976.88203304063
1199,41,70.629415952037476,23.956820124767198,486306.50956696068,485976.88203304063
1200,41,71.737115054979867,21.348246296076372,486205.79548027401,485976.88203304063
1201,41,71.677402824373047,20.622773190159926,486179.04848384659,485976.88203304063
1202,41,65.870779099065274,16.588677054418934,488510.82354063331,485976.88203304063
1203,41,68.399295080556271,22.886931746803864,486146.13201438304,485976.88203304063
1204,41,73.423279377324548,21.469381512419925,486289.86147843715,485976.88203304063
1205,41,74.910483721435099,22.763666950193549,486427.8020408806,485976.88203304063
1206,41,67.938253150438484,22.125750593303696,486073.87492931914,485976.88203304063
1207,41,70.806174539761017,17.686147069974922,487597.9640422138,485976.88203304063
1208,41,65.023673203060511,20.721105445544435,486832.91679812555,485976.88203304063
1209,41,73.423279377324548,20.721105445544435,486249.66124614596,485976.88203304063
1210,41,64.605754205725347,20.01851186809516,486950.13209708058,485976.88203304063
1211,41,52.882358959818824,19.329948657438131,491446.47829900298,485976.88203304063
1212,41,70.806174539761017,22.464066668243703,486222.92130878131,485976.88203304063
1213,41,70.338818748282421,22.79485846426315,486219.1958320011,485976.88203304063
1214,41,79.6191672694452,21.348246296076372,486568.34461826767,485976.88203304063
1215,41,68.399295080556271,21.328200307905686,486051.18951334525,485976.88203304063
1216,41,79.6191672694452,24.223035092848125,486722.78919097956,485976.88203304063
1217,41,67.446079825020234,20.262648128677181,486163.1426860253,485976.88203304063
1218,41,68.444192583704449,24.174114147335562,486241.00663570157,485976.88203304063
1219,41,79.535682612327491,23.956613570717909,486704.63598829479,485976.88203304063
1220,42,68.444192583704449,14.193966017558234,491462.53954436595,485976.88203304063
1221,42,78.706217419173242,21.328200307905686,486525.27490475925,485976.88203304063
1222,42,74.152177983042037,20.622773190159926,486292.8802088956,485976.88203304063
1223,42,58.152560409680433,19.756122859780312,489379.72835531004,485976.88203304063
1224,42,79.535682612327491,21.415524744388655,486568.11904539942,485976.88203304063
1225,42,80.126042764113208,31.822841544686543,487229.13627331401,485976.88203304063
1226,42,68.469240396787598,20.262648128677181,486210.2047928496,485976.88203304063
1227,42,76.695209053396766,24.032578108093528,486578.06441244658,485976.88203304063
1228,42,74.910483721435099,22.763666950193549,486427.8020408806,485976.88203304063
1229,42,67.631810461763706,21.914273178155689,486047.37374136486,485976.88203304063
1230,42,55.631836892706652,21.704727254516175,490521.41564240295,485976.88203304063
1231,42,65.102889791976409,21.317457691703421,486845.93136473204,485976.88203304063
1232,42,70.629415952037476,21.384475083042602,486156.79122001608,485976.88203304063
1233,42,79.253893679071865,24.81871329932347,486737.98987227632,485976.88203304063
1234,42,71.600066429708676,20.721105445544435,486165.79929438757,485976.88203304063
1235,42,63.21149641338873,20.622773190159926,487515.91739123827,485976.88203304063
1236,42,72.780248458499216,20.494401286295854,486293.48376901785,485976.88203304063
1237,42,72.908464942170724,23.4933134180399,486374.91497346305,485976.88203304063
1238,42,67.492883258772068,20.700863064482775,485975.79453544866,485975.79453544866
1239,42,71.170841942562333,21.368434080612005,486180.8332965998,485975.79453544866
1240,42,65.126546453440625,21.383479257884417,486841.70298890863,485975.79453544866
1241,42,89.713420127822602,19.46961480740503,487566.23962256988,485975.79453544866
1242,42,58.924798369549336,20.721105445544435,489155.51628044783,485975.79453544866
1243,42,74.059956055923294,18.805158999633012,487190.6769629565,485975.79453544866
1244,42,91.085630213348992,24.24717867030984,487251.50681831269,485975.79453544866
1245,42,68.397389149952616,24.223027639950427,486242.80853385443,485975.79453544866
1246,42,77.587467001689944,20.05585373589016,486732.24112641189,485975.79453544866
1247,42,76.092630188835912,21.275955097261665,486402.25145819632,485975.79453544866
1248,42,71.527538111001661,22.697772961845651,486268.65731062973,485975.79453544866
1249,43,64.302203560859155,20.700863064482775,487106.20417822612,485975.79453544866
1250,43,71.682883267405373,23.880632756938518,486340.15623069322,485975.79453544866
1251,43,71.50812634050601,23.432819641434051,486307.25393076299,485975.79453544866
1252,43,63.853724921719959,22.653841190242421,487418.41184891254,485975.79453544866
1253,43,67.587373873718903,21.368434080612005,486016.00525130983,485975.79453544866
1254,43,68.032652854154932,20.721105445544435,486001.70970433363,485975.79453544866
1255,43,68.602083917400336,24.194584859089765,486248.35865771363,485975.79453544866
1256,43,53.666152580750577,20.679521063284582,491231.47359736613,485975.79453544866
1257,43,72.224628132678902,21.336453756861687,486227.58597925655,485975.79453544866
1258,43,77.410553060468033,25.420506511041015,486687.63303483219,485975.79453544866
1259,43,67.303518527247832,18.816992240341374,486874.02993688517,485975.79453544866
1260,43,80.644433806236222,20.700863064482775,486580.7237067527,485975.79453544866
1261,43,76.069224619533216,21.905839377253574,486435.01465287223,485975.79453544866
1262,43,78.729622988475953,21.275955097261665,486523.54467478272,485975.79453544866
1263,43,67.457229096848394,25.929662462918564,486331.43566980102,485975.79453544866
1264,43,73.406051749939877,24.764000511172409,486468.18140005384,485975.79453544866
1265,43,79.256724790221,18.249298742853302,487705.57188490022,485975.79453544866
1266,43,72.803669896981276,19.553100140005824,486761.70643790404,485975.79453544866
1267,43,80.126042764113208,31.822841544686543,487229.13627331401,485975.79453544866
1268,43,80.126042764113208,35.921604919911182,487525.92978540249,485975.79453544866
1269,43,67.492883258772068,20.721105445544435,485976.88203304063,485975.79453544866
1270,43,68.397389149952616,26.570378845819473,486412.78141218779,485975.79453544866
1271,43,76.020241309376388,21.36009407687089,486403.44206731021,485975.79453544866
1272,43,67.378791654092154,16.954257740600767,488193.85945509234,485975.79453544866
1273,43,67.160445676326077,20.700863064482775,486036.43717948202,485975.79453544866
1274,43,79.382022829224567,31.822841544686543,487201.47678007337,485975.79453544866
1275,43,70.563016107386446,21.384475083042602,486153.7370399842,485975.79453544866
1276,43,71.593937955652692,25.402411253758498,486447.04236705339,485975.79453544866
1277,43,67.724658398738171,14.81395231894707,490471.53854365903,485975.79453544866
1278,44,76.020241309376388,21.36009407687089,486403.44206731021,485975.79453544866
1279,44,67.492883258772068,20.700863064482775,485975.79453544866,485975.79453544866
1280,44,72.874631380918487,22.081961659240324,486297.53556123807,485975.79453544866
1281,44,67.492883258772068,19.198085537930901,486693.6125732587,485975.79453544866
1282,44,76.020241309376388,21.655720167025759,486419.32422367157,485975.79453544866
1283,44,42.189193969516928,20.721105445544435,495813.70720554382,485975.79453544866
1284,44,84.944807013759245,22.466736878697532,486873.39653872023,485975.79453544866
1285,44,78.729622988475953,21.359579435504674,486528.03729184141,485975.79453544866
1286,44,78.729622988475953,21.275955097261665,486523.54467478272,485975.79453544866
1287,44,70.563016107386446,22.534058080212255,486215.49700474885,485975.79453544866
1288,44,79.382022829224567,28.987836318976228,487007.33261102682,485975.79453544866
1289,44,65.316402226668572,23.880632756938518,486950.22144249891,485975.79453544866
1290,44,67.598876193771218,21.273668773912011,486011.44316897239,485975.79453544866
1291,44,68.279290694283375,23.475405144248928,486184.28241616831,485975.79453544866
1292,44,71.551255541955499,26.182804410967016,486501.96427663584,485975.79453544866
1293,44,77.101718322608875,17.928786169149696,487765.51125745813,485975.79453544866
1294,44,67.510998601216016,25.192084989992697,486280.02623622341,485975.79453544866
1295,44,68.379273807508667,20.721105445544435,486017.65315717994,485975.79453544866
1296,44,78.319652527862218,20.981351207331173,486488.86010776222,485975.79453544866
1297,44,70.547540617166433,26.598300122452358,486494.73668231507,485975.79453544866
1298,44,76.069224619533216,21.905839377253574,486435.01465287223,485975.79453544866
1299,44,69.729485616855783,21.384475083042602,486115.39730908914,485975.79453544866
1300,44,71.807805764647995,21.341425025279985,486208.68056176219,485975.79453544866
1301,44,71.893606899606013,23.899301808529419,486350.04599465581,485975.79453544866
1302,44,76.713943265374752,35.400532907331261,487361.35136849864,485975.79453544866
1303,44,67.457229096848394,24.226224066593307,486208.08884101664,485975.79453544866
1304,44,70.563016107386446,20.70597623977455,486117.28550516139,485975.79453544866
1305,44,80.644433806236222,24.571777035015344,486788.68390711717,485975.79453544866
1306,44,67.621184748957134,19.553100140005824,486523.32873220416,485975.79453544866
1307,45,67.621184748957134,23.429530033878446,486156.4949995022,485975.79453544866
1308,45,70.547540617166433,26.598300122452358,486494.73668231507,485975.79453544866
1309,45,67.599990334037685,22.028720143242083,486054.27373452188,485975.79453544866
1310,45,71.50368945538321,26.579093971147792,486528.89149791392,485975.79453544866
1311,45,68.325922220721196,25.187619593894162,486309.99828498077,485975.79453544866
1312,45,63.822203699873846,20.700198928388165,487288.95167863031,485975.79453544866
1313,45,67.492883258772068,23.001584765163773,486120.73756481119,485975.79453544866
1314,45,67.492883258772068,20.794665330128666,485980.83394942328,485975.79453544866
1315,45,69.729485616855783,25.834938294326307,486409.04946767492,485975.79453544866
1316,45,62.023656755869318,23.703831063734398,488191.37649348215,485975.79453544866
1317,45,76.020241309376388,22.965579287280004,486489.69483050291,485975.79453544866
1318,45,74.971796221058227,26.182804410967016,486629.12541486253,485975.79453544866
1319,45,71.551255541955499,26.182804410967016,486501.96427663584,485975.79453544866
1320,45,70.404248212569968,20.646726213914793,486108.60013681743,485975.79453544866
1321,45,67.620004401726774,19.077070277489696,486759.51673220727,485975.79453544866
1322,45,67.494063606002427,19.571091849154083,486508.55271000304,485975.79453544866
1323,45,67.510998601216016,13.82188387190536,492010.52162445965,485975.79453544866
1324,45,76.020241309376388,26.022002787085114,486662.29848851118,485975.79453544866
1325,45,76.020241309376388,22.36819561313936,486457.60111064371,485975.79453544866
1326,45,67.492883258772068,26.380881359143704,486365.43412635894,485975.79453544866
1327,45,67.763167073596108,23.89724308493237,486195.64063443616,485975.79453544866
1328,45,78.860280251142839,25.553033281277894,486762.82389823603,485975.79453544866
1329,45,63.818506603499465,23.475405144248928,487491.31369684997,485975.79453544866
1330,45,70.607666087983503,22.363315886128969,486208.37784159061,485975.79453544866
1331,45,76.945382227656864,22.073817147698623,486484.33949836378,485975.79453544866
1332,45,72.874631380918487,17.783519787486494,487643.76268535998,485975.79453544866
1333,45,67.492883258772068,23.934134558775742,486188.26396316732,485975.79453544866
1334,45,65.603092054484222,20.705984603775967,486616.05286703398,485975.79453544866
1335,45,67.474164941106466,23.889976336898993,486184.37057681056,485975.79453544866
1336,46,67.492883258772068,20.437605499109786,486078.46831466467,485975.79453544866
1337,46,75.645786713312361,25.187750136194907,486591.8545771903,485975.79453544866
1338,46,68.325922220721196,25.489640442845786,486331.86776615772,485975.79453544866
1339,46,76.020241309376388,22.729500286224578,486477.01176993002,485975.79453544866
1340,46,67.763167073596108,23.89724308493237,486195.64063443616,485975.79453544866
1341,46,67.621184748957134,23.843793654858921,486186.49203610711,485975.79453544866
1342,46,67.326478046456259,22.073817147698623,486053.90338553529,485975.79453544866
1343,46,77.111787439972474,20.379412278594721,486549.78698655771,485975.79453544866
1344,46,75.596139050788736,20.794665330128666,486353.55774296878,485975.79453544866
1345,46,68.432808979506746,22.36819561313936,486109.81597478734,485975.79453544866
1346,46,67.492983843756846,23.001584765163773,486120.74130412936,485975.79453544866
1347,46,71.730124610308422,19.571091849154083,486703.39793860458,485975.79453544866
1348,46,71.860783623797616,23.90293314917588,486348.73131858988,485975.79453544866
1349,46,62.838178229942947,25.181929529650652,487988.21680897969,485975.79453544866
1350,46,68.325922220721196,25.187619593894162,486309.99828498077,485975.79453544866
1351,46,70.547540617166433,26.598300122452358,486494.73668231507,485975.79453544866
1352,46,70.434165331059944,20.646726213914793,486109.97622837959,485975.79453544866
1353,46,75.499930140878462,22.36819561313936,486433.66846461553,485975.79453544866
1354,46,75.617449595781778,22.415339678340541,486441.60674110125,485975.79453544866
1355,46,67.404343463984034,20.648839272271207,485969.56547321734,485969.56547321734
1356,46,65.603092054484222,23.609954341094159,486821.44304170308,485969.56547321734
1357,46,67.621184748957134,24.151306780269945,486208.75921577774,485969.56547321734
1358,46,68.329071521562454,25.218430325125247,486312.34638307884,485969.56547321734
1359,46,67.492883258772068,23.575431032913936,486162.29006092116,485969.56547321734
1360,46,68.125436478513308,19.647446075943314,486499.70105276379,485969.56547321734
1361,46,79.699306141483305,18.092880173597976,487803.55602194509,485969.56547321734
1362,46,67.621184748957134,21.476183296330763,486023.34914030536,485969.56547321734
1363,46,67.621184748957134,23.429530033878446,486156.4949995022,485969.56547321734
1364,46,72.901991307552464,14.20723658010245,491607.48004683427,485969.56547321734
1365,47,75.596139050788736,20.794665330128666,486353.55774296878,485969.56547321734
1366,47,72.901991307552464,14.20723658010245,491607.48004683427,485969.56547321734
1367,47,74.801365329100875,20.556987752031223,486355.38849339465,485969.56547321734
1368,47,67.326478046456259,21.977364337460713,486046.9191891618,485969.56547321734
1369,47,67.492983843756846,23.001584765163773,486120.74130412936,485969.56547321734
1370,47,67.404343463984034,25.353490355429951,486287.7486958162,485969.56547321734
1371,47,67.621184748957134,26.34846826773277,486367.85678126098,485969.56547321734
1372,47,61.527738221172442,20.570326965887737,488153.33569781517,485969.56547321734
1373,47,67.621184748957134,20.851426903025004,485989.78485400992,485969.56547321734
1374,47,66.558045410966571,23.278966195336221,486433.8066207525,485969.56547321734
1375,47,67.492883258772068,18.734707254175099,486923.57618799049,485969.56547321734
1376,47,67.621184748957134,21.497110679471799,486024.47343881067,485969.56547321734
1377,47,67.345635841351879,23.348892298357814,486140.41224548838,485969.56547321734
1378,47,67.744009278700474,23.89724308493237,486194.92842919438,485969.56547321734
1379,47,67.409896640748954,21.192162921042382,485998.37191127543,485969.56547321734
1380,47,67.551004441468692,23.519101404690893,486160.37190237851,485969.56547321734
1381,47,65.410793767707986,21.678669382285662,486754.82958138525,485969.56547321734
1382,47,67.099391618975233,20.700863064482775,486059.14948450623,485969.56547321734
1383,47,73.828658983375178,18.733844689296113,487215.42963405803,485969.56547321734
1384,47,68.26921803618113,22.147944259634645,486089.24614473584,485969.56547321734
1385,47,69.264954101651171,24.006377635849532,486259.37316930166,485969.56547321734
1386,47,67.621184748957134,21.476183296330763,486023.34914030536,485969.56547321734
1387,47,69.340044359649113,25.187750136194907,486347.70848073839,485969.56547321734
1388,47,67.492883258772068,20.437605499109786,486078.46831466467,485969.56547321734
1389,47,67.492883258772068,20.739462846744502,485977.86826235516,485969.56547321734
1390,47,67.404343463984034,15.126979099950518,490126.01365627197,485969.56547321734
1391,47,60.71476130718267,25.351981470688145,488809.17902910314,485969.56547321734
1392,47,66.492842493249086,23.262037077824061,486457.41162761586,485969.56547321734
1393,47,70.488029981975544,14.794101945251807,490600.97421579331,485969.56547321734
1394,48,75.838510565772879,23.001584765163773,486483.27014980919,485969.56547321734
1395,48,67.250612328772704,20.794665330128666,486007.93430973537,485969.56547321734
1396,48,74.814459355975004,23.958254978536814,486487.56303381833,485969.56547321734
1397,48,68.256124009307001,21.338145558912462,486045.13839961716,485969.56547321734
1398,48,68.253695163320387,22.147944259634645,486088.53214233648,485969.56547321734
1399,48,73.303313748845056,24.006377635849532,486420.64051139622,485969.56547321734
1400,48,64.728210451926131,21.010152595779378,486966.36623019772,485969.56547321734
1401,48,66.81078765334216,26.189742574978396,486548.32702166657,485969.56547321734
1402,48,60.070046402907707,25.119001471086996,489037.83190541115,485969.56547321734
1403,48,68.19571934574364,23.519101404690893,486184.33965740621,485969.56547321734
1404,48,67.404343463984034,21.698472317705264,486025.31734670966,485969.56547321734
1405,48,70.128985724541991,20.629036336851602,486104.71800965007,485969.56547321734
1406,48,68.552616231996566,20.310293763502546,486190.39441934339,485969.56547321734
1407,48,64.899658174994414,19.054972049176364,486789.03385985387,485969.56547321734
1408,48,69.340044359649113,25.187750136194907,486347.70848073839,485969.56547321734
1409,48,67.551004441468692,23.519101404690893,486160.37190237851,485969.56547321734
1410,48,67.404343463984034,20.648839272271207,485969.56547321734,485969.56547321734
1411,48,65.436527077794437,23.262037077824061,486859.68216178927,485969.56547321734
1412,48,78.024791984866383,21.7281870570596,486515.42032624036,485969.56547321734
1413,48,68.097856086211479,11.452739305192759,495742.37824803119,485969.56547321734
1414,48,65.410793767707986,23.916108410094374,486916.84366376977,485969.56547321734
1415,48,69.264954101651171,21.76893860804082,486114.68518909265,485969.56547321734
1416,48,61.830657777049723,25.815793526738837,488417.80344774656,485969.56547321734
1417,48,69.340044359649113,28.179675208452277,486564.35527607857,485969.56547321734
1418,48,67.141851194938127,20.205964859329679,486177.27970179921,485969.56547321734
1419,48,69.28106002214156,26.34846826773277,486429.56387637882,485969.56547321734
1420,48,67.239122020328878,21.977364337460713,486080.18648297398,485969.56547321734
1421,48,67.403153585180149,20.648839272271207,485969.51074261055,485969.51074261055
1422,48,67.32594043785258,20.103378441183356,486236.65841489384,485969.51074261055
1423,49,69.278591401935614,29.772444370884283,486677.40393081459,485969.51074261055
1424,49,66.488526113185287,20.648839272271207,486283.59849492111,485969.51074261055
1425,49,67.851305295641708,20.467129500818125,486080.30252009002,485969.51074261055
1426,49,71.538130536104561,23.916108410094374,486337.34375032282,485969.51074261055
1427,49,70.125566176353843,19.874910058319241,486478.81564670696,485969.51074261055
1428,49,69.268373649839319,19.141835463881215,486803.19501347782,485969.51074261055
1429,49,52.719477028735504,24.773887860420562,491905.6653656062,485969.51074261055
1430,49,62.664491658545586,29.768997808899307,488386.51278377674,485969.51074261055
1431,49,69.28106002214156,31.721722110088429,486818.64388252265,485969.51074261055
1432,49,63.503262697890442,19.308452909507086,487322.11540766328,485969.51074261055
1433,49,62.421887904159561,21.7281870570596,487896.66303839895,485969.51074261055
1434,49,85.807377204805803,20.648839272271207,486816.04603915301,485969.51074261055
1435,49,67.400169442558109,20.116142692220514,486233.73811716231,485969.51074261055
1436,49,67.146025216364052,21.788294484814429,486101.94936138252,485969.51074261055
1437,49,67.404469251313046,18.021923427866561,487273.24707717675,485969.51074261055
1438,49,66.667507521097875,20.648839272271207,486217.01683750248,485969.51074261055
1439,49,67.141851194938127,20.205964859329679,486177.27970179921,485969.51074261055
1440,49,68.44639136043331,12.466949291538267,494167.09986041777,485969.51074261055
1441,49,65.410793767707986,29.841440895731811,487345.89996141632,485969.51074261055
1442,49,74.814459355975004,23.958113001818145,486487.55540628976,485969.51074261055
1443,49,65.160954057050347,20.748325855561919,486782.80435210082,485969.51074261055
1444,49,59.121940537405713,27.011106789491723,489535.90191327798,485969.51074261055
1445,49,65.752890170410126,21.635010474251764,486621.3896092808,485969.51074261055
1446,49,58.189135107954925,20.428093869186419,489414.4575808568,485969.51074261055
1447,49,68.552616231996566,20.310293763502546,486190.39441934339,485969.51074261055
1448,49,67.404343463984034,21.698472317705264,486025.31734670966,485969.51074261055
1449,49,71.322626748805604,20.595665672982971,486176.1827371805,485969.51074261055
1450,49,68.416156430266554,20.648839272271207,486016.10562656441,485969.51074261055
1451,49,68.256124009307001,23.458251389090954,486182.1790654455,485969.51074261055
1452,50,79.46956292837416,23.674067166472888,486686.41522880475,485969.51074261055
1453,50,69.327051646775828,20.932885107616464,486072.62550772703,485969.51074261055
1454,50,67.851305295641708,20.55682587548883,486035.78834393888,485969.51074261055
1455,50,71.082982787968461,20.647404579083879,486139.4830952881,485969.51074261055
1456,50,68.16745410702292,23.279881608724281,486165.96685075393,485969.51074261055
1457,50,69.958063164571826,18.960042039809654,486925.1382705812,485969.51074261055
1458,50,68.552616231996566,22.955699968327874,486156.81138338678,485969.51074261055
1459,50,68.44639136043331,12.997363314159998,493336.48059750831,485969.51074261055
1460,50,62.421887904159561,22.357464407430317,487942.22932700755,485969.51074261055
1461,50,63.569428911379518,23.580523475418339,487593.78019519732,485969.51074261055
1462,50,63.417388971506483,24.04470715965352,487685.29246588552,485969.51074261055
1463,50,74.814459355975004,24.386537649500141,486510.57200553518,485969.51074261055
1464,50,67.406146026502014,19.62609635150012,486477.21135762532,485969.51074261055
1465,50,67.845328711697803,18.123046076952299,487243.34043507342,485969.51074261055
1466,50,65.287132508660065,20.748325855561919,486735.86556367646,485969.51074261055
1467,50,69.206609098363202,19.404296336433358,486670.10095708654,485969.51074261055
1468,50,68.256124009307001,23.458251389090954,486182.1790654455,485969.51074261055
1469,50,69.268373649839319,19.141835463881215,486803.19501347782,485969.51074261055
1470,50,65.347729534883186,17.772143835683089,487303.31410322682,485969.51074261055
1471,50,67.400549891053529,19.723084639639485,486428.82097405859,485969.51074261055
1472,50,61.379504279303006,12.221678292089461,494288.47326741961,485969.51074261055
1473,50,68.527629653637334,20.310293763502546,486189.2451168301,485969.51074261055
1474,50,70.626016462709956,22.852137092107064,486235.4832317562,485969.51074261055
1475,50,67.403153585180149,20.648839272271207,485969.51074261055,485969.51074261055
1476,50,65.752890170410126,20.589099540481577,486554.04797824443,485969.51074261055
1477,50,64.572519729603982,21.7281870570596,487077.65026951721,485969.51074261055
1478,50,66.900842294963397,20.648839272271207,486130.21555372776,485969.51074261055
1479,50,67.424267297288424,19.847808317558844,486368.01450554916,485969.51074261055
1480,50,69.631144894632584,20.212978880595468,486288.2983413632,485969.51074261055
