evaluation,generation,energy,power,cost,best_cost
1,0,17.893481367543618,33.796092457181956,508792.30379110714,508792.30379110714
2,0,46.726840114348512,21.672523719862163,494072.11228872184,494072.11228872184
3,0,35.49173343096512,40.573321063396925,500143.50869986118,494072.11228872184
4,0,90.514383667717397,12.980893632037189,494296.96308252972,494072.11228872184
5,0,65.278480268513192,18.423624531000616,486976.10370048706,486976.10370048706
6,0,96.696220016239053,46.393257224177518,488921.13728687901,486976.10370048706
7,0,63.587080414465134,38.872944368558898,488694.38994273508,486976.10370048706
8,0,51.515369632235178,42.165286626900652,493728.10944222088,486976.10370048706
9,0,44.838054540010319,20.246560399119282,494722.4691855709,486976.10370048706
10,0,27.789921550015904,15.184987557953155,501419.59836427326,486976.10370048706
11,0,52.581684334524837,24.391042730799416,491932.9216339179,486976.10370048706
12,0,66.318062047259545,5.5778217065062954,507219.87852476188,486976.10370048706
13,0,44.770190153872079,21.433136050957611,494835.46711698436,486976.10370048706
14,0,19.539759987155403,31.768964195272378,507601.62166552508,486976.10370048706
15,0,43.531315595064456,18.499617668531741,495117.35145841248,486976.10370048706
16,0,20.941612123621955,44.358082573648076,507966.28527544282,486976.10370048706
17,0,79.746231552143271,32.301935450824054,487249.7079397107,486976.10370048706
18,0,34.510057866729213,47.606890594084177,501225.08551897213,486976.10370048706
19,0,56.337737450254558,24.474323282897842,490440.31432564411,486976.10370048706
20,0,90.044959900422199,19.370381175583809,487624.80603025435,486976.10370048706
21,0,69.599487013378337,19.121914726806654,486828.3113546386,486828.3113546386
22,0,26.155304631179998,36.537840027538493,504143.23834174412,486828.3113546386
23,0,22.789197890735768,27.189964534319635,505232.99875849916,486828.3113546386
24,0,58.002845302055619,13.50078641395063,492107.61891045689,486828.3113546386
25,0,73.124065835844462,29.68173790810836,486813.79419625597,486813.79419625597
26,0,62.150325962593769,21.746494255857346,488001.40604671248,486813.79419625597
27,0,42.019325992063386,27.267335506267532,496336.81433583255,486813.79419625597
28,0,46.997091240616982,35.403765028233039,494994.98997629259,486813.79419625597
29,0,57.717750449619921,23.732178934660983,489835.96019753203,486813.79419625597
30,0,0,0,521956.5,486813.79419625597
31,1,27.696592813039217,16.981332666148898,501568.26201055176,486813.79419625597
32,1,42.795953801385764,27.142744130827005,496024.49248923827,486813.79419625597
33,1,55.278980684609124,24.625473604188027,490873.69539448048,486813.79419625597
34,1,57.57601549879427,18.92225186068336,489544.22217300767,486813.79419625597
35,1,67.47573781416969,23.732178934660983,486173.00286048395,486173.00286048395
36,1,79.746231552143271,32.301935450824054,487249.7079397107,486173.00286048395
37,1,80.977150874460463,33.900172079590227,487411.19739504391,486173.00286048395
38,1,59.140718930405448,13.50078641395063,492159.95745020284,486173.00286048395
39,1,57.735716117748233,24.486184868308545,489883.3899753727,486173.00286048395
40,1,56.319771782126246,23.7903210735412,490397.95355260163,486173.00286048395
41,1,52.513921971570014,13.458432634475153,491922.75436080538,486173.00286048395
42,1,58.070607665010442,25.192245719728422,489804.57033172407,486173.00286048395
43,1,18.880987368498914,41.796410270801061,508957.9676269585,486173.00286048395
44,1,55.338262036563329,18.446366348285995,490402.61031298991,486173.00286048395
45,1,44.838054540010319,19.595469615978274,494675.32337535301,486173.00286048395
46,1,46.726840114348512,20.228080996740669,493967.51946655574,486173.00286048395
47,1,44.402728952984511,20.16898578210299,494890.54369080265,486173.00286048395
48,1,63.826726531612145,18.501199148016912,487158.41708669299,486173.00286048395
49,1,79.746231552143271,21.554363654780573,486585.26257535064,486173.00286048395
50,1,63.552441160153144,32.494066051926112,488245.6836322695,486173.00286048395
51,1,90.111736909090212,22.546689235155679,487115.35409690661,486173.00286048395
52,1,66.952745303715702,21.043687642820906,486132.12022223405,486132.12022223405
53,1,86.044485425020198,19.370381175583809,487461.42058589379,486132.12022223405
54,1,63.587080414465134,39.104052322156669,488711.12458558718,486132.12022223405
55,1,51.11312292608266,42.833983966856543,493949.08994720998,486132.12022223405
56,1,69.259252364813236,18.114943752212945,487312.3973821043,486132.12022223405
57,1,34.510057866729213,13.289745789792923,499072.20012790081,486132.12022223405
58,1,92.289959507040535,46.296273795130034,488729.36739506858,486132.12022223405
59,1,50.397081024014248,24.451306254879437,492808.92607317795,486132.12022223405
60,2,57.735716117748233,24.492468531274866,489883.8449785604,486132.12022223405
61,2,64.460231536366067,24.619189941221705,487329.75130644446,486132.12022223405
62,2,50.188755371768472,25.192948750988634,492945.74918842915,486132.12022223405
63,2,67.724109025400423,24.450603223619225,486234.25770773704,486132.12022223405
64,2,68.911603119524727,25.287344764619576,486338.99255668285,486132.12022223405
65,2,58.475189507186926,20.948588597929756,489343.21041096176,486132.12022223405
66,2,51.42901034935592,24.724344594162417,492416.96467031009,486132.12022223405
67,2,59.125629578012578,13.262626855518681,492539.43182375131,486132.12022223405
68,2,61.885684850780606,29.666028814288676,488675.64527181926,486132.12022223405
69,2,72.893134968047832,23.806030167360888,486391.0101752677,486132.12022223405
70,2,55.802671956583673,23.732178934660983,490600.06249581481,486132.12022223405
71,2,66.693226586744615,13.34578806903721,492725.67820525513,486132.12022223405
72,2,72.404285502608019,28.643540595794345,486711.85944001412,486132.12022223405
73,2,63.587080414465134,39.325141541587499,488727.13376687263,486132.12022223405
74,2,34.510057866729213,10.981839574186193,499978.48753335548,486132.12022223405
75,2,63.587080414465134,40.386246769007869,488803.96892867895,486132.12022223405
76,2,57.57601549879427,21.54888214361117,489734.41778940742,486132.12022223405
77,2,83.470314563094178,18.927733371852764,487562.69254792889,486132.12022223405
78,2,99.819775516419782,18.256098424276885,488507.42870728602,486132.12022223405
79,2,42.700411477241097,44.644845746277738,497550.70315877453,486132.12022223405
80,2,64.203938717321734,23.732178934660983,487363.12491711375,486132.12022223405
81,2,67.47573781416969,25.253211015997568,486283.14155649842,486132.12022223405
82,2,57.549603551212883,13.458432634475153,492154.37957289896,486132.12022223405
83,2,59.140718930405448,12.096950720909863,494400.56599801924,486132.12022223405
84,2,52.513921971570014,16.250581292107974,491370.50342432235,486132.12022223405
85,2,34.510057866729213,13.28662846611841,499073.39084026928,486132.12022223405
86,2,53.729551311367857,29.759441553597497,491863.65956551884,486132.12022223405
87,2,69.534482721494797,9.2148331379937432,499427.64237111242,486132.12022223405
88,2,35.330415280895551,14.758956308624471,498176.458307161,486132.12022223405
89,3,64.156539322769817,16.92581121260541,488075.70707858377,486132.12022223405
90,3,82.900855608912281,36.664960902510359,487682.91229176935,486132.12022223405
91,3,63.56400012791228,37.644656042023762,488614.23850186035,486132.12022223405
92,3,66.388404029723233,23.23177735561606,486494.99320631451,486132.12022223405
93,3,66.693226586744615,13.34578806903721,492725.67820525513,486132.12022223405
94,3,66.693226586744615,15.720672548097298,489465.91829429014,486132.12022223405
95,3,59.832280549662102,20.949371988165058,488826.45394752512,486132.12022223405
96,3,64.126066807417089,24.618406550986403,487456.95261567133,486132.12022223405
97,3,71.336587416859174,8.0555442570713005,502003.73963627557,486132.12022223405
98,3,58.143300392116046,24.295976562497923,489711.98787859938,486132.12022223405
99,3,62.842550181846732,20.923473449493422,487678.19492268341,486132.12022223405
100,3,61.134900413216862,29.691143962728187,488963.38079856668,486132.12022223405
101,3,99.819775516419782,22.442983640896397,487542.5530032292,486132.12022223405
102,3,57.57601549879427,21.54888214361117,489734.41778940742,486132.12022223405
103,3,68.980295522092888,25.287344764619576,486341.54624773061,486132.12022223405
104,3,42.631719072984815,44.644845746277738,497578.71686448192,486132.12022223405
105,3,64.494216315955541,24.356499574686538,487297.78753676574,486132.12022223405
106,3,67.441753034580202,25.253211015997568,486281.87814709824,486132.12022223405
107,3,52.513921971570014,14.666859276257787,491346.0051657923,486132.12022223405
108,3,57.57601549879427,21.480797646088785,489729.48775678809,486132.12022223405
109,3,64.460231536366067,24.619189941221705,487329.75130644446,486132.12022223405
110,3,42.700411477241097,43.018380830509962,497395.17440615816,486132.12022223405
111,3,53.932723586736692,13.262626855518681,492300.57479266293,486132.12022223405
112,3,99.851371415254789,20.93896641941036,487417.36436396569,486132.12022223405
113,3,53.260652364802326,22.625107445191514,491534.1461007261,486132.12022223405
114,3,81.128937529426025,28.783021882045468,487074.53624728415,486132.12022223405
115,3,67.47573781416969,25.720673823783326,486316.99077290652,486132.12022223405
116,3,34.510057866729213,10.981839574186193,499978.48753335548,486132.12022223405
117,3,68.64603379933618,20.144112588970771,486277.16309015197,486132.12022223405
118,4,63.198629417107085,15.594205890182741,489438.82181827305,486132.12022223405
119,4,99.659629711556107,21.065433077326215,487420.86159198137,486132.12022223405
120,4,64.976879379455298,18.513485828936584,486917.63500264636,486132.12022223405
121,4,67.47573781416969,25.654793220768632,486312.22032539395,486132.12022223405
122,4,64.460231536366067,28.106659752611858,487582.28074492858,486132.12022223405
123,4,77.028476638301541,20.144112588970771,486662.72859300056,486132.12022223405
124,4,84.164981747718642,19.595446674828857,487263.27478983661,486132.12022223405
125,4,66.388404029723233,23.23177735561606,486494.99320631451,486132.12022223405
126,4,46.818174313807113,24.004932678426218,494204.5615145053,486132.12022223405
127,4,60.528730657797908,20.119784636691804,488501.15801568213,486132.12022223405
128,4,55.074828231075507,13.262626855518681,492353.1079455805,486132.12022223405
129,4,65.657086647604814,24.356499574686538,486854.93830571597,486132.12022223405
130,4,61.134900413216862,29.691143962728187,488963.38079856668,486132.12022223405
131,4,50.166307604163606,24.618406550986403,492913.10279444454,486132.12022223405
132,4,65.884888104114438,21.740771091374445,486578.77977347921,486132.12022223405
133,4,64.160908625275496,24.449896917137778,487431.48213912826,486132.12022223405
134,4,64.460231536366067,24.619189941221705,487329.75130644446,486132.12022223405
135,4,99.819775516419782,22.442983640896397,487542.5530032292,486132.12022223405
136,4,64.460231536366067,22.10178300405164,487147.4646073014,486132.12022223405
137,4,64.842490702754134,25.253211015997568,487230.08752716437,486132.12022223405
138,4,68.812560224554048,20.144112588970771,486284.82277195336,486132.12022223405
139,4,59.877193069952959,20.949371988165058,488809.35017032031,486132.12022223405
140,4,65.891471700220833,21.480797646088785,486557.44777278655,486132.12022223405
141,4,58.072947828296677,23.23177735561606,489661.72064308589,486132.12022223405
142,4,76.973250550016715,26.109738547223319,486711.76638930105,486132.12022223405
143,4,64.126066807417089,24.618406550986403,487456.95261567133,486132.12022223405
144,4,67.441753034580202,25.253211015997568,486281.87814709824,486132.12022223405
145,4,64.494216315955541,24.356499574686538,487297.78753676574,486132.12022223405
146,4,62.863999692811134,24.60321427156455,487936.47830740799,486132.12022223405
147,5,60.528730657797908,21.989025383512008,488636.51067583822,486132.12022223405
148,5,74.379890292871892,20.144112588970771,486540.90211047017,486132.12022223405
149,5,64.84707180562387,25.253211015997568,487228.34293206409,486132.12022223405
150,5,71.112065132452287,21.480797646088785,486184.16634922975,486132.12022223405
151,5,76.0016299792143,24.521926324053847,486572.45164284849,486132.12022223405
152,5,70.333807280200531,21.467797853456773,486147.67058429506,486132.12022223405
153,5,71.570854904172947,22.839617443060941,486278.27016853553,486132.12022223405
154,5,64.348862860200228,21.750579339394882,487164.44566722016,486132.12022223405
155,5,58.705977839690732,20.949371988165058,489255.37734119804,486132.12022223405
156,5,67.992707519641939,21.043687642820906,486017.2026877937,486017.2026877937
157,5,65.657086647604814,23.786622895458688,486813.67324950232,486017.2026877937
158,5,76.973250550016715,26.109738547223319,486711.76638930105,486017.2026877937
159,5,84.658398760944877,18.509361861299126,487824.96843719552,486017.2026877937
160,5,65.299664801833018,19.599570642466318,486669.48801738361,486017.2026877937
161,5,67.04480725445697,19.399088079607914,486573.24973527773,486017.2026877937
162,5,97.698755086209289,22.442983640896397,487458.76115643175,486017.2026877937
163,5,60.998719375612531,24.619189941221705,488647.97910618252,486017.2026877937
164,5,64.596412573970412,29.691143962728187,487645.15299884381,486017.2026877937
165,5,66.337321664251022,22.935164080853262,486492.96869421651,486017.2026877937
166,5,97.438813409053765,22.066140261884897,487422.37766327133,486017.2026877937
167,5,76.90005890157542,20.144112588970771,486656.82178872055,486017.2026877937
168,5,67.47573781416969,25.654793220768632,486312.22032539395,486017.2026877937
169,5,75.316600468978862,20.896087918222467,486346.14867083612,486017.2026877937
170,5,87.001538876687917,24.82861234168826,487094.88853244914,486017.2026877937
171,5,65.824305691550464,21.094566605691391,486555.0590348093,486017.2026877937
172,5,64.61416898347521,19.639375841647002,486926.63314547087,486017.2026877937
173,5,65.92414034906173,21.523051106980027,486548.06635313143,486017.2026877937
174,5,72.283574021936772,21.166005604386282,486221.14017910918,486017.2026877937
175,5,67.688722422854411,24.633931293366359,486246.21706202126,486017.2026877937
176,6,72.457662986957587,22.935164080853262,486324.1936261846,486017.2026877937
177,6,74.745283196010746,21.166005604386282,486334.37091074744,486017.2026877937
178,6,67.992707519641939,22.569119539530135,486108.003878708,486017.2026877937
179,6,71.112065132452287,21.052515125560305,486161.15738559491,486017.2026877937
180,6,77.659167204292956,21.636958582023695,486493.70161808707,486017.2026877937
181,6,72.283574021936772,22.182781881985477,486275.76526249386,486017.2026877937
182,6,72.299431767382302,21.183831498910923,486222.82725932827,486017.2026877937
183,6,68.138634026619357,20.230111545160593,486211.1450915907,486017.2026877937
184,6,67.494404276237617,21.523051106980027,486020.03556171694,486017.2026877937
185,6,65.905473886993803,25.654793220768632,486854.356513798,486017.2026877937
186,6,82.994194290737141,18.509361861299126,487748.42036574439,486017.2026877937
187,6,65.92414034906173,20.784436899769311,486500.83662772016,486017.2026877937
188,6,66.311975654353006,22.935164080853262,486502.62106962717,486017.2026877937
189,6,67.070153264354985,15.409979157503315,489811.58132728143,486017.2026877937
190,6,72.953667741368534,21.113178357542779,486249.12426204793,486017.2026877937
191,6,79.727802393362509,20.273438537795549,486722.70753504202,486017.2026877937
192,6,74.509368576517005,21.480797646088785,486340.43141848134,486017.2026877937
193,6,69.766790328342481,19.286353075938038,486754.39993151394,486017.2026877937
194,6,90.698524112172549,18.496391078555334,488056.36716127885,486017.2026877937
195,6,65.657086647604814,21.097986604206312,486618.98774693522,486017.2026877937
196,6,79.192124141868433,18.479122950561354,487588.54417721403,486017.2026877937
197,6,70.333807280200531,21.512631539477717,486150.07922018808,486017.2026877937
198,6,74.560970359571442,24.62544945540921,486511.74757380708,486017.2026877937
199,6,61.284360767192169,20.896087918222467,488269.60825009033,486017.2026877937
200,6,75.316600468978862,19.573258748397826,486867.28895206115,486017.2026877937
201,6,67.688722422854411,24.633931293366359,486246.21706202126,486017.2026877937
202,6,73.154319389065535,21.480797646088785,486278.10349911626,486017.2026877937
203,6,67.501618739709286,25.654793220768632,486313.18246800569,486017.2026877937
204,6,83.80032981999129,25.613865125016016,486993.95567561325,486017.2026877937
205,7,76.63372222833992,22.946186685274487,486516.87114218582,486017.2026877937
206,7,72.457662986957587,21.804348405520543,486263.44191322778,486017.2026877937
207,7,86.649090680460546,21.052515125560305,486875.81076090795,486017.2026877937
208,7,70.333807280200531,20.877689119472329,486115.96770185191,486017.2026877937
209,7,79.174408195982494,25.321458006159226,486762.40592252905,486017.2026877937
210,7,65.526661670793217,19.780108579572513,486594.7436382263,486017.2026877937
211,7,67.992707519641939,21.043687642820906,486017.2026877937,486017.2026877937
212,7,60.855530955269309,18.075783497348059,488240.85641998774,486017.2026877937
213,7,67.595939600829681,23.002266535627495,486124.6181281404,486017.2026877937
214,7,71.333379538306545,24.634394999767032,486381.74347229989,486017.2026877937
215,7,77.663820682742156,21.181145015576849,486469.42762718897,486017.2026877937
216,7,80.336532359426485,21.639645065357765,486616.99616170942,486017.2026877937
217,7,81.205241133107194,19.573258748397826,487138.1475480994,486017.2026877937
218,7,72.741556819160522,21.043687642820906,486235.6345343733,486017.2026877937
219,7,65.04534777550937,24.92649236876256,487129.17677183414,486017.2026877937
220,7,67.688722422854411,26.656176936052951,486392.64888344001,486017.2026877937
221,7,65.096982291129592,22.229736948340125,486914.23968295741,486017.2026877937
222,7,74.516780025638155,24.62544945540921,486509.71496008505,486017.2026877937
223,7,71.325329574253388,21.229479392068761,486180.47405886743,486017.2026877937
224,7,71.390014855933586,21.480797646088785,486196.95114561555,486017.2026877937
225,7,72.283574021936772,22.182781881985477,486275.76526249386,486017.2026877937
226,7,74.560970359571442,24.62544945540921,486511.74757380708,486017.2026877937
227,7,73.154319389065535,21.941383963141408,486302.84794539155,486017.2026877937
228,7,72.953667741368534,24.40460497908078,486425.9522011113,486017.2026877937
229,7,72.953667741368534,26.276562471555994,486560.88905911613,486017.2026877937
230,7,73.154319389065535,25.239532257682487,486493.25655502954,486017.2026877937
231,7,62.79887957852884,17.21361586301424,487709.12117173045,486017.2026877937
232,7,66.99907352576605,25.654793220768632,486437.88724294561,486017.2026877937
233,7,76.765934686867809,22.352241232599372,486491.04348596244,486017.2026877937
234,8,73.154319389065535,21.941383963141408,486302.84794539155,486017.2026877937
235,8,73.154319389065535,18.933832071911617,487085.16319545603,486017.2026877937
236,8,70.333807280200531,21.498908799619045,486149.34198248351,486017.2026877937
237,8,72.352042595413451,23.002266535627495,486322.94042544125,486017.2026877937
238,8,72.283574021936772,21.999522554708729,486265.9198754073,486017.2026877937
239,8,72.283574021936772,23.136509393726175,486327.00312671531,486017.2026877937
240,8,73.154319389065535,21.978675126129641,486304.85136830033,486017.2026877937
241,8,70.333807280200531,25.162734498869522,486382.84095996222,486017.2026877937
242,8,67.799409695725572,21.473062369394558,486031.37924855336,486017.2026877937
243,8,67.632108713916423,21.051422919515129,486001.0318669838,486001.0318669838
244,8,72.283574021936772,22.112490610434776,486271.98894841783,486001.0318669838
245,8,67.992707519641939,21.113978914371607,486020.97900187015,486001.0318669838
246,8,59.830038376931356,20.781937515725584,488815.18380715605,486001.0318669838
247,8,66.136774357691991,20.960116623287533,486431.17427696183,486001.0318669838
248,8,86.649090680460546,21.052515125560305,486875.81076090795,486001.0318669838
249,8,72.457662986957587,21.804348405520543,486263.44191322778,486001.0318669838
250,8,70.333807280200531,23.566989127647187,486267.29223714821,486001.0318669838
251,8,62.204228399471248,20.887878348358889,487918.70588261681,486001.0318669838
252,8,72.457662986957587,22.568304458572165,486304.48453392991,486001.0318669838
253,8,68.369596703672372,22.279705782061708,486101.05841846694,486001.0318669838
254,8,67.992707519641939,21.473035733965588,486040.26889792894,486001.0318669838
255,8,64.520494173747011,21.046102018279402,487048.07274339843,486001.0318669838
256,8,66.162654149739723,26.652282498230001,486828.64473004569,486001.0318669838
257,8,71.350126033468214,23.091150031401895,486281.63063394651,486001.0318669838
258,8,72.598248724625194,21.696150238753585,486264.09559008887,486001.0318669838
259,8,63.88005266359847,19.794876792444715,487208.08087115944,486001.0318669838
260,8,74.636609434241223,21.043687642820906,486322.80088056432,486001.0318669838
261,8,73.154319389065535,28.228817870923308,486709.71222581842,486001.0318669838
262,8,72.111821564370274,22.973648649643525,486310.3535664542,486001.0318669838
263,9,64.306681627727755,20.23287413612978,487072.90440989117,486001.0318669838
264,9,74.739176686416556,18.491768082334467,487377.44738906587,486001.0318669838
265,9,72.286957782113049,19.190862805571953,486917.70910535415,486001.0318669838
266,9,72.348658835237174,23.471121572284332,486347.97345661611,486001.0318669838
267,9,65.490712424798616,22.986880314350643,486819.1228279497,486001.0318669838
268,9,72.111821564370274,21.030455978113793,486205.95787582541,486001.0318669838
269,9,74.636609434241223,19.046470461166699,487097.444034421,486001.0318669838
270,9,67.992707519641939,21.467039913205365,486039.94677966536,486001.0318669838
271,9,70.92664027167929,24.396167254199057,486349.37244765495,486001.0318669838
272,9,71.369337932375444,22.258099830716539,486237.75969898386,486001.0318669838
273,9,67.992707519641939,21.113978914371607,486020.97900187015,486001.0318669838
274,9,70.938473732811858,21.051422919515129,486153.11406015838,486001.0318669838
275,9,68.256960331845761,23.566989127647187,486190.083910555,486001.0318669838
276,9,67.799409695725572,21.752367680458473,486046.38459067477,486001.0318669838
277,9,73.055959640151912,23.387590544659179,486376.01942251308,486001.0318669838
278,9,62.627807866139641,21.964311669168488,487835.34162329993,486001.0318669838
279,9,88.371099612525356,21.941383963141408,487002.77106223872,486001.0318669838
280,9,67.948112825500075,19.923391050730476,486354.59980904695,486001.0318669838
281,9,70.333807280200531,21.498908799619045,486149.34198248351,486001.0318669838
282,9,68.304084694082576,21.498908799619045,486055.98124927178,486001.0318669838
283,9,70.697219487770752,19.612296444080126,486635.43875380885,486001.0318669838
284,9,69.888792703830262,22.524110405400499,486183.95046236448,486001.0318669838
285,9,69.118860749278596,21.696150238753585,486104.05489549751,486001.0318669838
286,9,66.162654149739723,26.652282498230001,486828.64473004569,486001.0318669838
287,9,80.932029605953915,21.473062369394558,486635.43767122476,486001.0318669838
288,9,70.644410268243561,21.599030487396568,486169.0076417079,486001.0318669838
289,9,67.24458532558566,21.369063164504475,486041.03520748374,486001.0318669838
290,9,73.154319389065535,21.574293296988607,486283.12644058245,486001.0318669838
291,9,72.457662986957587,18.619527331689525,487209.10119664937,486001.0318669838
292,10,66.634242280600049,21.051422919515129,486251.01993614878,486001.0318669838
293,10,67.830376480947223,22.42865178377016,486091.79776121693,486001.0318669838
294,10,70.235840398443457,21.113978914371607,486124.15592451586,486001.0318669838
295,10,68.090674401399014,23.41866457777537,486173.16185262462,486001.0318669838
296,10,61.2665026929117,21.696150238753585,488334.34195194271,486001.0318669838
297,10,80.31485409441828,21.196592169068811,486592.19654668227,486001.0318669838
298,10,69.465820608287643,21.473062369394558,486108.02880928136,486001.0318669838
299,10,59.271819349266934,25.098357053726431,489340.32125811372,486001.0318669838
300,10,70.942233687633291,21.752367680458473,486190.9444207988,486001.0318669838
301,10,62.614882209814638,24.310769096485135,488010.1721861664,486001.0318669838
302,10,68.420793245541617,21.030455978113793,486036.18240378518,486001.0318669838
303,10,64.921043921229241,21.051422919515129,486895.91897219338,486001.0318669838
304,10,98.510091300845573,21.082429560125224,487379.55464449793,486001.0318669838
305,10,67.470598962016112,21.990555760647471,486046.7000121543,486001.0318669838
306,10,67.992707519641939,21.467039913205365,486039.94677966536,486001.0318669838
307,10,69.888792703830262,24.45589662135415,486315.11472754239,486001.0318669838
308,10,68.304806330509749,23.543960112302372,486190.19507850771,486001.0318669838
309,10,66.843760012676555,20.500984542757468,486143.50702807785,486001.0318669838
310,10,67.910451775595547,22.528925350426643,486102.03547898354,486001.0318669838
311,10,70.262347745831605,21.747552735432325,486159.41316953924,486001.0318669838
312,10,72.103611909949336,18.008707008554104,487495.95157197519,486001.0318669838
313,10,67.632108713916423,21.051422919515129,486001.0318669838,486001.0318669838
314,10,73.152950316530607,20.920521910220764,486247.94038569328,486001.0318669838
315,10,71.370707004910358,22.315875058900819,486240.92657662497,486001.0318669838
316,10,70.916837124281443,13.399804487327478,492798.10527678247,486001.0318669838
317,10,65.74848667855025,20.324987828408286,486541.49700704805,486001.0318669838
318,10,68.304084694082576,23.247519960225425,486168.70287102566,486001.0318669838
319,10,72.240722124486211,21.498908799619045,486237.05395319778,486001.0318669838
320,10,72.348658835237174,23.471121572284332,486347.97345661611,486001.0318669838
321,11,70.256133443115317,21.10897697411,486124.82061630278,486001.0318669838
322,11,73.75692974143908,14.634095747679453,490970.80888171919,486001.0318669838
323,11,72.082852191922228,22.142307354993502,486264.35825635848,486001.0318669838
324,11,57.228633281602207,22.844404962077622,489966.83020801644,486001.0318669838
325,11,62.861058590545881,25.056494858777629,487970.4206251952,486001.0318669838
326,11,70.678313811631185,18.425358224143938,487223.61834505957,486001.0318669838
327,11,70.942233687633291,20.048983969166738,486429.99099527317,486001.0318669838
328,11,70.254120556599545,24.018558014310411,486297.02815366699,486001.0318669838
329,11,67.680481328397875,23.448249800202404,486160.05490151671,486001.0318669838
330,11,72.138776468855397,23.102348577691057,486318.507654602,486001.0318669838
331,11,70.235840398443457,21.113978914371607,486124.15592451586,486001.0318669838
332,11,91.358916627015148,22.689324337762468,487180.38326586614,486001.0318669838
333,11,70.262347745831605,23.676045869187362,486272.53252928884,486001.0318669838
334,11,70.064581497490281,21.787305895946972,486152.45224677224,486001.0318669838
335,11,67.910451775595547,27.880528733302285,486489.54776449595,486001.0318669838
336,11,62.614882209814638,24.310769096485135,488010.1721861664,486001.0318669838
337,11,67.555873947926429,22.348808761667144,486075.81145255384,486001.0318669838
338,11,73.152950316530607,20.858361700016602,486244.6009031143,486001.0318669838
339,11,72.644083898941872,22.003502326627601,486282.71598268743,486001.0318669838
340,11,70.857050635751193,21.304772267815768,486162.97974789236,486001.0318669838
341,11,73.229276023411842,20.250533333050544,486435.16345938551,486001.0318669838
342,11,67.760694399537513,21.990555760647471,486057.48452533135,486001.0318669838
343,11,67.460725836128958,23.217681828924434,486135.18978553941,486001.0318669838
344,11,68.55724454271386,23.256917763503814,486178.79477592674,486001.0318669838
345,11,81.856234724951065,18.008707008554104,487944.54096196801,486001.0318669838
346,11,66.17315411233308,14.832180797630329,490380.91135267232,486001.0318669838
347,11,66.78935868343666,18.514524021024378,487000.48801117786,486001.0318669838
348,11,68.174051334668917,22.430373354294908,486104.69878873951,486001.0318669838
349,11,67.992707519641939,21.467039913205365,486039.94677966536,486001.0318669838
350,12,68.241978311318476,20.858361700016602,486018.7119317163,486001.0318669838
351,12,70.68726480442804,22.142307354993502,486200.16570972232,486001.0318669838
352,12,75.412061981166701,21.051422919515129,486358.8847806541,486001.0318669838
353,12,57.228633281602207,22.844404962077622,489966.83020801644,486001.0318669838
354,12,75.155600023133189,23.857933236028614,486497.86474603845,486001.0318669838
355,12,73.93675218990478,24.295183707486991,486465.2924084285,486001.0318669838
356,12,66.17315411233308,14.832180797630329,490380.91135267232,486001.0318669838
357,12,74.295074242961334,21.695595868081526,486342.11434229824,486001.0318669838
358,12,68.270611250619766,22.430373354294908,486108.28847527504,486001.0318669838
359,12,89.279152134450484,22.003502326627601,487047.8758021351,486001.0318669838
360,12,67.555873947926429,29.95875225709181,486626.85127848131,486001.0318669838
361,12,67.555873947926429,24.515363653823968,486232.69277911755,486001.0318669838
362,12,59.915883022907352,23.324809285719876,488966.62270401639,486001.0318669838
363,12,73.524272163800035,20.981431837327762,486268.29231311299,486001.0318669838
364,12,70.092442866508534,21.98312528367244,486164.25394167576,486001.0318669838
365,12,67.732833030519245,23.242012733484486,486147.06738543703,486001.0318669838
366,12,72.157672679735725,20.858361700016602,486198.82132192655,486001.0318669838
367,12,71.179580525942228,22.430373354294908,486238.28665449226,486001.0318669838
368,12,72.137147024932716,23.689487755292468,486349.97605200094,486001.0318669838
369,12,70.178404576276094,18.05478700856878,487384.52979798126,486001.0318669838
370,12,80.683328938845108,23.281343996555297,486721.14599460934,486001.0318669838
371,12,65.661611451702754,22.44926153388046,486715.11108727765,486001.0318669838
372,12,63.465099746616808,16.224822699175135,488784.67352844053,486001.0318669838
373,12,78.612145644195365,21.10897697411,486509.17039452319,486001.0318669838
374,12,67.992707519641939,21.873655805235082,486061.79172972665,486001.0318669838
375,12,72.138776468855397,24.73536187643797,486418.99576309446,486001.0318669838
376,12,67.167770217689466,24.859894794114801,486316.08445661474,486001.0318669838
377,12,67.902106177810879,20.472540522893624,486079.95383636362,486001.0318669838
378,12,67.992707519641939,18.292320657318342,487166.11244201753,486001.0318669838
379,13,67.902106177810879,20.037859162474927,486295.67585097789,486001.0318669838
380,13,67.732833030519245,24.261660563296726,486220.90059628588,486001.0318669838
381,13,65.980375768493005,20.858361700016602,486483.8883924926,486001.0318669838
382,13,66.108860851727741,20.644315239679962,486424.59214089636,486001.0318669838
383,13,61.32374653713201,22.44926153388046,488367.07527411589,486001.0318669838
384,13,65.430798196467578,23.381882206056243,486870.54190461524,486001.0318669838
385,13,67.732833030519245,23.242012733484486,486147.06738543703,486001.0318669838
386,13,71.73581976618479,20.858361700016602,486179.41744003771,486001.0318669838
387,13,62.502637133892051,20.472540522893624,487774.98977749655,486001.0318669838
388,13,67.164417717860928,24.859894794114801,486317.36116988072,486001.0318669838
389,13,68.468097518300951,25.498832095971679,486337.8188105725,486001.0318669838
390,13,75.155600023133189,24.651401156125569,486540.49285632512,486001.0318669838
391,13,67.625586119737036,21.051422919515129,486000.73184855713,486000.73184855713
392,13,67.562396542105816,24.515363653823968,486232.93526139244,486000.73184855713
393,13,78.612145644195365,25.184629901618486,486728.12994926237,486000.73184855713
394,13,58.428025559120741,23.242012733484486,489527.23957860452,486000.73184855713
395,13,70.604997194887787,21.988694061505427,486188.12897381769,486000.73184855713
396,13,70.166536427429449,22.424804576461923,486191.39069711178,486000.73184855713
397,13,72.146506962350841,24.752954524363957,486420.55704238766,486000.73184855713
398,13,68.961034335902326,24.315932010956523,486270.48971404787,486000.73184855713
399,13,67.167770217689466,23.572898326580066,486222.89239679638,486000.73184855713
400,13,73.524272163800035,24.617163261832172,486463.61761387374,486000.73184855713
401,13,72.606996160730574,20.981431837327762,486226.10055706277,486000.73184855713
402,13,71.381309272444625,21.461532057427782,486195.51569608139,486000.73184855713
403,13,73.181045922151583,20.21901563595037,486448.58651232591,486000.73184855713
404,13,71.196457313917193,18.05478700856878,487431.35696080746,486000.73184855713
405,13,73.477283672549589,20.783200766684939,486255.4812671215,486000.73184855713
406,13,72.680437368675811,21.085643684200274,486235.07727344485,486000.73184855713
407,13,77.850585155538468,19.539281971166972,487000.7059915741,486000.73184855713
408,14,64.261964126852362,24.830176887872437,487420.53401617915,486000.73184855713
409,14,70.060704385598768,25.683384202091148,486410.38866336463,486000.73184855713
410,14,73.132739860209398,21.026699108582996,486252.7150118383,486000.73184855713
411,14,68.608777170175472,18.498190617507074,487092.28130935092,486000.73184855713
412,14,73.822502453250962,26.052482266924748,486576.96287429484,486000.73184855713
413,14,69.507103084681532,22.387819323398549,486159.07188872725,486000.73184855713
414,14,61.533226913468404,24.515363653823968,488436.9075561947,486000.73184855713
415,14,77.627248893415967,23.242012733484486,486578.46308316092,486000.73184855713
416,14,70.373199832549062,22.342719421753504,486196.48662507243,486000.73184855713
417,14,65.608948257058842,21.786090751585636,486687.14598028018,486000.73184855713
418,14,67.732833030519245,24.272721613279639,486221.70153246383,486000.73184855713
419,14,73.370911265811429,23.230951683501576,486382.09095325868,486000.73184855713
420,14,72.606996160730574,20.981431837327762,486226.10055706277,486000.73184855713
421,14,69.518796478573918,21.988694061505427,486138.16722240369,486000.73184855713
422,14,66.009312444413155,21.224125468049593,486493.98539766972,486000.73184855713
423,14,67.703896354599095,24.871721781015189,486263.9996926887,486000.73184855713
424,14,70.66324715545197,21.988694061505427,486190.80828530155,486000.73184855713
425,14,54.060422186058261,20.858361700016602,491087.1128515501,486000.73184855713
426,14,65.323853397999741,25.740658174578222,487082.06922925415,486000.73184855713
427,14,67.386684040451243,21.658507506394979,486022.35800838249,486000.73184855713
428,14,68.949290167251178,22.449309194689391,486136.71775187517,486000.73184855713
429,14,66.878752488015252,22.424756915652992,486249.81986370421,486000.73184855713
430,14,63.615571093520018,22.114140127508559,487470.02657910984,486000.73184855713
431,14,70.762836203151423,18.058183400718882,487409.72623097739,486000.73184855713
432,14,69.243339607117889,21.051422919515129,486075.14332368429,486000.73184855713
433,14,67.501367592499676,20.578988034409104,486008.69377917412,486000.73184855713
434,14,72.146506962350841,24.752954524363957,486420.55704238766,486000.73184855713
435,14,75.742447170477163,22.145913610912835,486432.88163725717,486000.73184855713
436,14,73.002601921721009,21.863298002797567,486291.6743538226,486000.73184855713
437,15,66.597130072337336,22.342719421753504,486351.12813506764,486000.73184855713
438,15,65.822687241394306,23.148277551901888,486704.38561972865,486000.73184855713
439,15,66.009312444413155,18.825231214539134,486810.41179849481,486000.73184855713
440,15,77.73469143714064,21.94630033170262,486513.79450440267,486000.73184855713
441,15,72.377105865340383,22.394547283179456,486291.44426913874,486000.73184855713
442,15,73.002601921721009,21.893507635271099,486293.2973300165,486000.73184855713
443,15,66.303035268101681,21.117421615942952,486377.77570703503,486000.73184855713
444,15,66.254217062073138,21.922695365077608,486451.30357506534,486000.73184855713
445,15,74.932845453871465,22.342719421753504,486406.21570889896,486000.73184855713
446,15,67.703896354599095,15.375378301240726,489877.29597457423,486000.73184855713
447,15,70.66324715545197,20.079812931051187,486401.85882889852,486000.73184855713
448,15,63.526660426338694,24.587397321613881,487682.97571206448,486000.73184855713
449,15,75.715471486015559,24.272721613279639,486545.90104581707,486000.73184855713
450,15,67.240127295713336,22.12620255881593,486090.58110000286,486000.73184855713
451,15,70.060704385598768,24.90700943526787,486354.17097704124,486000.73184855713
452,15,53.263536879012868,19.210880605883553,491285.76932254166,486000.73184855713
453,15,58.429817364307858,20.79225051458512,489349.16870456026,486000.73184855713
454,15,69.243339607117889,22.34254175864794,486144.50713143754,486000.73184855713
455,15,69.518796478573918,16.75782346298227,488499.87497676758,486000.73184855713
456,15,77.627248893415967,23.242012733484486,486578.46308316092,486000.73184855713
457,15,71.043379005495382,24.229990121795137,486341.67932719988,486000.73184855713
458,15,65.619606121871115,21.094154410999632,486632.9837493035,486000.73184855713
459,15,65.722988728530851,22.343468456211596,486684.076601554,486000.73184855713
460,15,70.373199832549062,21.987945027047331,486177.42679714289,486000.73184855713
461,15,69.254601678458968,22.520262923125735,486154.57300657185,486000.73184855713
462,15,72.512564232064619,20.508034305972764,486274.40540936962,486000.73184855713
463,15,87.727285451238572,22.448574864651999,487000.40589595935,486000.73184855713
464,15,68.949290167251178,22.541289223131798,486141.6592683465,486000.73184855713
465,15,77.627248893415967,23.513157809801676,486593.0300264791,486000.73184855713
466,16,66.597130072337336,22.058007273164709,486330.51198556658,486000.73184855713
467,16,69.591940860305982,24.730357064699021,486323.95285833388,486000.73184855713
468,16,92.783398999226662,22.28638542801734,487224.25748056913,486000.73184855713
469,16,80.801759284505238,21.94630033170262,486654.86979469564,486000.73184855713
470,16,71.004788168880992,29.305239277533651,486707.74602150789,486000.73184855713
471,16,56.185620275496547,23.647058325425249,490441.10529415193,486000.73184855713
472,16,75.510041259933246,22.396007796316081,486435.62771979626,486000.73184855713
473,16,74.713870032963158,23.514973790904374,486459.12149837328,486000.73184855713
474,16,73.567305189212718,24.922245461742371,486485.63471258653,486000.73184855713
475,16,52.103047002818968,23.759833447329562,492078.18824427109,486000.73184855713
476,16,69.243339607117889,24.240047334858897,486275.48977454728,486000.73184855713
477,16,71.588447618376648,20.533627534322402,486219.1976969965,486000.73184855713
478,16,70.373453517691729,22.31091034012773,486194.78938910231,486000.73184855713
479,16,81.380431893022177,22.34332572739871,486702.81659207412,486000.73184855713
480,16,66.260854533311928,20.768848052521612,486374.74037985626,486000.73184855713
481,16,65.465209578062399,23.519119949232806,486867.37466958025,486000.73184855713
482,16,72.010733772879675,23.655822116234155,486342.35280159721,486000.73184855713
483,16,72.512564232064619,20.365369999540285,486345.20630952029,486000.73184855713
484,16,67.240127295713336,22.12620255881593,486090.58110000286,486000.73184855713
485,16,74.932845453871465,28.356641612617089,486785.08603343565,486000.73184855713
486,16,67.240127295713336,24.168601425728028,486238.47222649737,486000.73184855713
487,16,67.240127295713336,22.911192997063612,486147.42265141627,486000.73184855713
488,16,70.856272971973013,22.572618833995925,486231.05751071166,486000.73184855713
489,16,70.079789689520922,24.90700943526787,486354.88048737764,486000.73184855713
490,16,72.36731287733204,19.129507328544683,486951.85444528598,486000.73184855713
491,16,69.243339607117889,25.849774521769426,486392.05092764908,486000.73184855713
492,16,79.627117969984013,23.244012626183068,486670.55809244717,486000.73184855713
493,16,74.95084284757597,21.995478918325141,486388.38845264295,486000.73184855713
494,16,66.254217062073138,21.856012445274754,486446.47503139207,486000.73184855713
495,17,80.801759284505238,23.622693749302545,486744.93201609043,486000.73184855713
496,17,66.254217062073138,21.856012445274754,486446.47503139207,486000.73184855713
497,17,78.886349117059083,26.924842903678865,486852.091511406,486000.73184855713
498,17,66.349226223695922,20.078663868618555,486304.78651207226,486000.73184855713
499,17,67.240127295713336,24.168601425728028,486238.47222649737,486000.73184855713
500,17,80.801759284505238,21.914541479542528,486653.16358853638,486000.73184855713
501,17,43.120359808274721,22.871884015883804,495597.91780820419,486000.73184855713
502,17,74.486881840662491,21.345630336845094,486332.13539948355,486000.73184855713
503,17,67.625586119737036,22.575638660168845,486094.82792101515,486000.73184855713
504,17,71.936231568364747,21.048403093342205,486198.8454860046,486000.73184855713
505,17,70.205548621299357,22.895831086186774,486218.49046606803,486000.73184855713
506,17,73.567305189212718,24.922245461742371,486485.63471258653,486000.73184855713
507,17,75.463610656070827,19.179478455286205,487069.47473774094,486000.73184855713
508,17,72.413743481194459,22.346036669574556,486290.52330762875,486000.73184855713
509,17,66.260854533311928,20.184259083290218,486343.33404013957,486000.73184855713
510,17,72.010733772879675,23.655822116234155,486342.35280159721,486000.73184855713
511,17,66.239053214900068,23.150093691328152,486545.9548644257,486000.73184855713
512,17,65.439343489653638,21.24097259769098,486712.26331098058,486000.73184855713
513,17,70.775299282351924,27.669810879204633,486580.79241112684,486000.73184855713
514,17,67.240127295713336,25.365915233167058,486325.17031990999,486000.73184855713
515,17,72.36731287733204,19.129507328544683,486951.85444528598,486000.73184855713
516,17,84.646360482766184,21.560369349832623,486810.97544881731,486000.73184855713
517,17,67.51138193989155,22.12620255881593,486058.03840232373,486000.73184855713
518,17,64.413680050298851,22.911192997063612,487223.80232606037,486000.73184855713
519,17,71.588447618376648,18.800967066218387,487079.07585339923,486000.73184855713
520,17,67.625586119737036,21.051422919515129,486000.73184855713,486000.73184855713
521,17,67.240127295713336,22.911192997063612,486147.42265141627,486000.73184855713
522,17,69.243339607117889,25.849774521769426,486392.05092764908,486000.73184855713
523,17,72.390812832212688,23.247797567430929,486337.91459163016,486000.73184855713
524,18,73.595027660408775,19.440185550898434,486854.1431819555,486000.73184855713
525,18,60.479484328175559,20.078663868618555,488516.93463717005,486000.73184855713
526,18,71.414756283974555,22.575638660168845,486256.90818952251,486000.73184855713
527,18,63.229190272083855,20.184259083290218,487477.42611417524,486000.73184855713
528,18,67.240127295713336,25.433583831452999,486330.07023705705,486000.73184855713
529,18,74.842377063774663,21.788343846988816,486372.27129150834,486000.73184855713
530,18,65.738788281014962,23.555229862324687,486765.80399998941,486000.73184855713
531,18,67.240127295713336,21.019407783008727,486023.90879379568,486000.73184855713
532,18,66.35119520533587,20.611689492230749,486332.69020554808,486000.73184855713
533,18,67.445080716365936,16.264166176731795,488926.16362906451,486000.73184855713
534,18,66.260854533311928,14.448537360523542,490974.58858479495,486000.73184855713
535,18,71.598344795871412,22.895831086186774,486282.55462585686,486000.73184855713
536,18,67.240127295713336,24.174375051220778,486238.89029761561,486000.73184855713
537,18,67.240127295713336,26.817309314887734,486430.26649343933,486000.73184855713
538,18,66.690713533978112,21.856012445274754,486280.24658641889,486000.73184855713
539,18,72.010733772879675,22.654509612847708,486288.55849089485,486000.73184855713
540,18,80.806764206589676,20.890405824604024,486598.37334182038,486000.73184855713
541,18,67.506377017729378,20.416602659975112,486089.51219355047,486000.73184855713
542,18,78.840548982620376,20.811885885091677,486503.7153543387,486000.73184855713
543,18,65.138995698897389,24.128699975351577,487035.74482350261,486000.73184855713
544,18,66.242324541835941,20.008854607594408,486340.80386173597,486000.73184855713
545,18,71.954761559840748,22.300130296061141,486266.94534565369,486000.73184855713
546,18,70.3824949627341,24.186305154587167,486313.94722206274,486000.73184855713
547,18,72.010733772879675,23.638118387375016,486341.40169004316,486000.73184855713
548,18,65.424345514195224,25.054954126234847,486994.14721956477,486000.73184855713
549,18,72.115899004443577,25.365915233167058,486463.8039612436,486000.73184855713
550,18,68.843210915803823,21.230249147968713,486066.34591057565,486000.73184855713
551,18,67.039373165045632,27.981664318475527,486591.03006615408,486000.73184855713
552,18,76.80190006207043,21.051422919515129,486422.81287761696,486000.73184855713
553,19,67.248386971391227,25.356390751876162,486321.33516258234,486000.73184855713
554,19,66.242324541835941,20.008854607594408,486340.80386173597,486000.73184855713
555,19,71.598344795871412,19.319093068794714,486822.3974871512,486000.73184855713
556,19,67.415097322212617,22.770550627864495,486101.11651711346,486000.73184855713
557,19,65.738788281014962,24.276018295784841,486817.99665202986,486000.73184855713
558,19,76.857231568414278,14.234525558099492,491711.78496728372,486000.73184855713
559,19,50.43956663351365,21.433573580619175,492573.45908928046,486000.73184855713
560,19,80.806764206589676,20.229983325243449,486793.90210796485,486000.73184855713
561,19,75.035507605624133,21.987236452181175,486391.83994355565,486000.73184855713
562,19,76.60876952022096,21.81690593879441,486455.05414684408,486000.73184855713
563,19,71.735802434317776,22.919781284663749,486290.16393226077,486000.73184855713
564,19,65.349468262314346,21.027472721038158,486731.03034457,486000.73184855713
565,19,66.242324541835941,21.426343010243155,486419.89141226374,486000.73184855713
566,19,68.919972586745828,19.952275289208249,486384.96768284985,486000.73184855713
567,19,65.495053528416079,20.078663868618555,486622.54149255349,486000.73184855713
568,19,67.240127295713336,25.75635260959551,486353.4420861947,486000.73184855713
569,19,67.624925447842443,24.174375051220778,486210.56866410328,486000.73184855713
570,19,67.240787967607943,22.046083142940372,486084.52801301592,486000.73184855713
571,19,66.690713533978112,23.108466601715499,486370.93742016295,486000.73184855713
572,19,67.188170426229235,20.184259083290218,486190.18229806121,486000.73184855713
573,19,65.009185027225513,24.174375051220778,487088.48723136541,486000.73184855713
574,19,73.500681819199244,22.300130296061141,486338.05272254039,486000.73184855713
575,19,66.690713533978112,20.379603226015817,486193.91974335938,486000.73184855713
576,19,66.242324541835941,20.070513203745065,486344.11639570235,486000.73184855713
577,19,72.010733772879675,22.654509612847708,486288.55849089485,486000.73184855713
578,19,66.35119520533587,20.611689492230749,486332.69020554808,486000.73184855713
579,19,70.973961663292357,21.591813573620644,486183.77822957578,486000.73184855713
580,19,66.111662803196282,25.139747345236341,486738.5400425822,486000.73184855713
581,19,66.2463576314303,32.022237852029761,487185.60957468656,486000.73184855713
582,20,72.060139972775517,25.065819946285689,486440.00102760067,486000.73184855713
583,20,67.795961654811492,22.654509612847708,486106.8728432199,486000.73184855713
584,20,76.911210452245371,21.015072442856457,486425.88791952725,486000.73184855713
585,20,67.074456444992705,19.829767959802151,486360.87732780882,486000.73184855713
586,20,67.188170426229235,20.225488612017255,486169.7210641338,486000.73184855713
587,20,81.923898264345098,23.583244197419646,486794.42743267806,486000.73184855713
588,20,65.325856830320106,21.591813573620644,486780.88635485945,486000.73184855713
589,20,70.997573095286612,20.297404796082816,486309.25108617742,486000.73184855713
590,20,60.68685221369897,22.774390087711168,488633.16280385782,486000.73184855713
591,20,72.010733772879675,19.958783393755098,486523.90297337389,486000.73184855713
592,20,71.543031389592727,20.897438829346768,486172.64916445827,486000.73184855713
593,20,80.609864696204824,22.802474777492495,486692.04020171054,486000.73184855713
594,20,66.081749809979726,25.40386486803521,486769.05651834572,486000.73184855713
595,20,65.495053528416079,19.964543276938031,486616.41050093435,486000.73184855713
596,20,70.37717341985838,21.185535172099485,486134.50106443604,486000.73184855713
597,20,81.283134038792369,21.81690593879441,486670.05993224226,486000.73184855713
598,20,73.500681819199244,22.300130296061141,486338.05272254039,486000.73184855713
599,20,69.136595840881171,21.738826875605575,486107.16340388532,486000.73184855713
600,20,66.253247710949196,19.840546944710141,486327.69828092412,486000.73184855713
601,20,67.3463344657779,25.730494440643572,486312.89122319111,486000.73184855713
602,20,66.646291365386674,19.430922966230604,486539.12038509391,486000.73184855713
603,20,73.545103987790696,22.327163526660446,486341.54832773621,486000.73184855713
604,20,70.487162743922738,19.233557926834116,486813.73572974827,486000.73184855713
605,20,72.362924584197245,24.187469701708011,486387.65548841248,486000.73184855713
606,20,74.726201163357047,22.300130296061141,486394.42268428957,486000.73184855713
607,20,66.048326151011992,27.305955591398984,486919.51640190498,486000.73184855713
608,20,70.973961663292357,21.591813573620644,486183.77822957578,486000.73184855713
609,20,66.242324541835941,21.342171701755532,486413.79652559257,486000.73184855713
610,20,65.738788281014962,22.96041979479806,486722.73350462137,486000.73184855713
611,21,67.625586119737036,23.864362250038365,486188.14504262817,486000.73184855713
612,21,66.646291365386674,20.233687276861367,486202.60577347229,486000.73184855713
613,21,63.445875207048495,19.967157576997309,487379.1868056563,486000.73184855713
614,21,66.168820274006194,20.053501273640681,486370.5462734272,486000.73184855713
615,21,71.762133876132182,21.706744380226489,486226.20614452509,486000.73184855713
616,21,67.074456444992705,21.056465355446793,486087.5297548176,486000.73184855713
617,21,89.237951782959641,23.676304861139283,487135.85002354253,486000.73184855713
618,21,76.800974964272314,22.802474777492495,486516.84348244604,486000.73184855713
619,21,70.997573095286612,20.371076919205954,486272.68936471909,486000.73184855713
620,21,68.244630768570147,22.580837489724566,486118.21781510406,486000.73184855713
621,21,63.429216799682727,20.954780404201983,487457.0449956262,486000.73184855713
622,21,73.545103987790696,21.939894649072976,486320.74277277151,486000.73184855713
623,21,71.543031389592727,20.903842337418769,486172.99318523268,486000.73184855713
624,21,66.534184783308618,20.219085103945257,486243.5252971442,486000.73184855713
625,21,81.283134038792369,23.000759685536984,486733.66105183522,486000.73184855713
626,21,72.202277568666844,21.341138120541295,486226.80958675669,486000.73184855713
627,21,63.67913786343577,21.181857755191896,487378.31177689112,486000.73184855713
628,21,65.617790619014784,21.742504292513164,486680.62247698585,486000.73184855713
629,21,67.795961654811492,22.654509612847708,486106.8728432199,486000.73184855713
630,21,73.545103987790696,23.146947738910953,486385.59024918772,486000.73184855713
631,21,66.646291365386674,19.495129388755746,486507.25626557833,486000.73184855713
632,21,65.738788281014962,26.009812497667106,486943.54155992204,486000.73184855713
633,21,65.495053528416079,21.147831304495742,486684.30316905567,486000.73184855713
634,21,68.446059942119859,19.969899170276918,486354.42290743918,486000.73184855713
635,21,71.866308655313304,17.725405672135551,487626.83246970735,486000.73184855713
636,21,65.156115232817015,20.581800700604127,486775.65804643102,486000.73184855713
637,21,72.060139972775517,24.406486711326728,486392.25837731181,486000.73184855713
638,21,66.646291365386674,18.259714130057112,487120.36345801549,486000.73184855713
639,21,67.074456444992705,18.691360666458007,486925.84177563625,486000.73184855713
640,22,66.646291365386674,22.884175819844991,486371.61345151794,486000.73184855713
641,22,72.202277568666844,21.341138120541295,486226.80958675669,486000.73184855713
642,22,67.638044344036373,23.22563355635917,486142.3575212431,486000.73184855713
643,22,68.232172544270824,21.490252153185015,486052.20845295407,486000.73184855713
644,22,72.481421185119487,22.654509612847708,486310.2086031895,486000.73184855713
645,22,68.616584149356171,19.585462585466999,486553.05320260918,486000.73184855713
646,22,66.840766500193453,19.969899170276918,486280.58455446642,486000.73184855713
647,22,70.535706909609189,20.395480568862805,486239.33405000775,486000.73184855713
648,22,71.536538940675086,22.654509612847708,486266.74704852072,486000.73184855713
649,22,68.609941887315642,22.654509612847708,486137.13316244195,486000.73184855713
650,22,59.968159527195724,21.857427266879455,488840.460674993,486000.73184855713
651,22,70.322753438050725,22.580837489724566,486206.9588596109,486000.73184855713
652,22,58.003567562248975,18.828797215543617,489369.32033078163,486000.73184855713
653,22,70.997573095286612,20.411393906653252,486252.6810033184,486000.73184855713
654,22,67.147367401947534,21.974551795845795,486114.9252098836,486000.73184855713
655,22,67.055003230833407,21.716156781127285,486131.38921416656,486000.73184855713
656,22,73.506412117336851,24.168249649329827,486438.67876473116,486000.73184855713
657,22,68.646784408046173,21.939894649072976,486095.43577238952,486000.73184855713
658,22,65.617790619014784,21.742504292513164,486680.62247698585,486000.73184855713
659,22,71.762133876132182,21.706744380226489,486226.20614452509,486000.73184855713
660,22,67.530501431377459,24.382258595014985,486222.1113329067,486000.73184855713
661,22,67.238542855531506,28.700223040202374,486567.21261408034,486000.73184855713
662,22,80.157131534278747,19.827080333672725,486963.97225368663,486000.73184855713
663,22,76.800974964272314,21.70665273416143,486457.9717603075,486000.73184855713
664,22,66.168820274006194,20.291891742074789,486383.35351480718,486000.73184855713
665,22,70.997573095286612,20.371076919205954,486272.68936471909,486000.73184855713
666,22,67.310347230591077,22.654509612847708,486102.09462421632,486000.73184855713
667,22,67.351118814063994,22.654509612847708,486090.33548047987,486000.73184855713
668,22,71.939264452354053,24.132925762310609,486367.95605458954,486000.73184855713
669,23,71.749295041152379,24.382258595014985,486378.9481162366,486000.73184855713
670,23,53.833471228641699,21.490252153185015,491223.42012672068,486000.73184855713
671,23,67.246353014919038,27.114268522386368,486449.39855371712,486000.73184855713
672,23,70.779414172916375,18.6673576473903,487108.17008298141,486000.73184855713
673,23,76.866769383076289,20.411393906653252,486522.64522037661,486000.73184855713
674,23,67.238542855531506,28.700223040202374,486567.21261408034,486000.73184855713
675,23,72.202277568666844,21.341138120541295,486226.80958675669,486000.73184855713
676,23,66.646291365386674,24.90046196181752,486517.61374250014,486000.73184855713
677,23,71.78498778882269,20.409819190099189,486289.68104971852,486000.73184855713
678,23,54.223326362137115,22.615767341954477,491149.36990204116,486000.73184855713
679,23,66.63145512683775,24.973372670356035,486528.54324302368,486000.73184855713
680,23,67.545337669926369,26.373250244366741,486366.83158516802,486000.73184855713
681,23,67.055003230833407,23.561541709679375,486265.01446255506,486000.73184855713
682,23,66.840766500193453,19.969899170276918,486280.58455446642,486000.73184855713
683,23,72.285819838424899,22.650565675356638,486300.99968489073,486000.73184855713
684,23,70.150449747167571,21.055366857006199,486117.07936592202,486000.73184855713
685,23,71.045109414396293,21.833873727495881,486200.05518889555,486000.73184855713
686,23,57.075574587511262,20.394630458589528,489850.5101057124,486000.73184855713
687,23,71.762133876132182,21.706744380226489,486226.20614452509,486000.73184855713
688,23,80.591404719223959,28.967398728018207,487061.64823283325,486000.73184855713
689,23,75.174572066027167,20.411393906653252,486444.80956769118,486000.73184855713
690,23,71.929763173807714,20.411393906653252,486295.55875903653,486000.73184855713
691,23,62.69250583449535,21.323438298589192,487764.29710526759,486000.73184855713
692,23,73.960237011868116,23.57820518942485,486427.85382586229,486000.73184855713
693,23,69.206401508041139,19.451398579906694,486646.71568609873,486000.73184855713
694,23,69.080946136208667,22.730007394370141,486160.10992716602,486000.73184855713
695,23,70.535706909609189,20.395480568862805,486239.33405000775,486000.73184855713
696,23,67.638044344036373,23.812828217674216,486184.87658122717,486000.73184855713
697,23,69.987060885366532,19.806243889014521,486506.5222329708,486000.73184855713
698,24,73.960237011868116,23.57820518942485,486427.85382586229,486000.73184855713
699,24,73.862400456244217,26.428370141331101,486605.66434170888,486000.73184855713
700,24,71.762133876132182,26.12981262547256,486505.96667343791,486000.73184855713
701,24,69.973111330739187,21.055366857006199,486108.92236717785,486000.73184855713
702,24,71.093648871426282,21.232191878202375,486169.96321418672,486000.73184855713
703,24,67.488022015223549,23.967206951625549,486190.47803138226,486000.73184855713
704,24,66.63145512683775,28.480421786863243,486782.49042881309,486000.73184855713
705,24,69.987060885366532,22.119640176123426,486166.74080683035,486000.73184855713
706,24,74.995240103978148,22.730007394370141,486429.89224363241,486000.73184855713
707,24,69.132693141961227,24.973372670356035,486324.47686549579,486000.73184855713
708,24,71.65565012346336,19.285206701871637,486841.85034600936,486000.73184855713
709,24,75.096090698095949,21.049438738811709,486344.24451667443,486000.73184855713
710,24,63.187872664073744,23.79971796772028,487754.95805305318,486000.73184855713
711,24,67.638044344036373,22.743117644324077,486107.41830200539,486000.73184855713
712,24,70.535706909609189,20.395480568862805,486239.33405000775,486000.73184855713
713,24,72.285819838424899,27.549611021064116,486628.24340177403,486000.73184855713
714,24,71.749270900839335,21.706744380226489,486225.61448888679,486000.73184855713
715,24,71.762158016445213,24.382258595014985,486379.42630688765,486000.73184855713
716,24,67.57731942344077,20.411393906653252,486095.36029714852,486000.73184855713
717,24,71.978029870103967,23.249512598730497,486319.02003643493,486000.73184855713
718,24,74.00051478319925,21.346111125797947,486309.78990357468,486000.73184855713
719,24,67.755816627862572,21.050393851749547,486006.66674907703,486000.73184855713
720,24,71.045109414396293,21.833873727495881,486200.05518889555,486000.73184855713
721,24,63.941381249899479,20.294428881398179,487214.18396393734,486000.73184855713
722,24,75.174572066027167,20.122239707954318,486588.3099152043,486000.73184855713
723,24,72.285819838424899,21.615919863855343,486245.41458227555,486000.73184855713
724,24,66.947958617996321,21.341138120541295,486149.88105404674,486000.73184855713
725,24,72.892363294706897,23.812828217674216,486391.33989784634,486000.73184855713
726,24,69.199907517865938,19.432200098925719,486655.94473258971,486000.73184855713
727,25,70.910583633857158,19.108951222497286,486895.05107548519,486000.73184855713
728,25,79.037290546231048,23.812828217674216,486673.98685545439,486000.73184855713
729,25,67.492493886341805,21.047321808402732,485994.38970514445,485994.38970514445
730,25,70.887859911961357,18.026989422756799,487430.95774975442,485994.38970514445
731,25,69.37121853578239,32.266126180485706,486861.41616401006,485994.38970514445
732,25,66.63145512683775,28.480421786863243,486782.49042881309,485994.38970514445
733,25,72.361054520529564,21.618268613825933,486249.00132027204,485994.38970514445
734,25,72.645214248437838,25.404492825622867,486486.27507108479,485994.38970514445
735,25,60.355361486692985,25.36651838389637,488947.09982419969,485994.38970514445
736,25,71.978029870103967,23.249512598730497,486319.02003643493,485994.38970514445
737,25,69.987060885366532,23.238835118463683,486230.63988616917,485994.38970514445
738,25,64.808207151499076,15.12457089948083,490009.14457588224,485994.38970514445
739,25,67.715233000092852,21.024766997115556,486003.42326032353,485994.38970514445
740,25,78.857822154864053,19.406440419591032,487112.96176578326,485994.38970514445
741,25,67.623733872367254,18.899029214229536,486848.04581856943,485994.38970514445
742,25,62.59664268024089,21.35368431914047,487802.99424936378,485994.38970514445
743,25,75.349357982820379,20.12885448266222,486593.06675187434,485994.38970514445
744,25,70.918862954633084,17.567886315317015,487708.23865424126,485994.38970514445
745,25,63.208767728038815,21.050393851749547,487547.92076743522,485994.38970514445
746,25,67.919061764908278,15.649518602535977,489597.49480088212,485994.38970514445
747,25,51.844711853009912,18.149311716607052,491775.00138478982,485994.38970514445
748,25,64.959667206978523,20.411393906653252,486839.58244152914,485994.38970514445
749,25,63.344063338318328,20.395480568862805,487448.9743177066,485994.38970514445
750,25,67.755106602507851,17.341770759122696,487801.66388843482,485994.38970514445
751,25,74.995240103978148,22.735974877113563,486430.21283947024,485994.38970514445
752,25,78.355705589745014,23.243545115987075,486612.05208171689,485994.38970514445
753,25,68.042683310336372,20.122239707954318,486260.26589186018,485994.38970514445
754,25,65.09399101417479,21.637592724911993,486872.50137352874,485994.38970514445
755,25,71.038460679310774,21.050163608112314,486157.64548422373,485994.38970514445
756,26,68.358871742014898,22.413149080491205,486110.32240624109,485994.38970514445
757,26,62.988054952221567,20.932496086039791,487623.43651012523,485994.38970514445
758,26,72.456987741633569,20.395480568862805,486327.70681011962,485994.38970514445
759,26,80.510857512949244,23.243545115987075,486711.18216240569,485994.38970514445
760,26,63.98720502761423,30.206449801682467,487914.46756486781,485994.38970514445
761,26,75.786851085834627,34.012734605964852,487226.39485753299,485994.38970514445
762,26,63.354503965049261,21.047321808402732,487492.19842492766,485994.38970514445
763,26,69.947891612201545,17.397246635739577,487843.90077118366,485994.38970514445
764,26,83.539926500244377,18.968469043158848,487545.67832966708,485994.38970514445
765,26,70.90791105928389,18.802370197861158,487047.07701211935,485994.38970514445
766,26,67.715233000092852,19.403179010153192,486602.05693923339,485994.38970514445
767,26,80.140732102595678,20.576092031658767,486591.50125168567,485994.38970514445
768,26,68.847919267237614,25.404492825622867,486345.1078120782,485994.38970514445
769,26,71.038460679310774,21.050163608112314,486157.64548422373,485994.38970514445
770,26,72.460688740831557,21.592390293177807,486252.19389338809,485994.38970514445
771,26,72.645214248437838,25.404492825622867,486486.27507108479,485994.38970514445
772,26,73.320083738653935,19.141349784973915,486989.80172174773,485994.38970514445
773,26,76.016422771087122,16.304661090097284,489271.79413517611,485994.38970514445
774,26,68.493990375628258,22.03191515852496,486093.35142790107,485994.38970514445
775,26,69.37121853578239,32.266126180485706,486861.41616401006,485994.38970514445
776,26,68.7161186200195,18.899029214229536,486898.29201560648,485994.38970514445
777,26,67.927372007766209,21.637592724911993,486046.1043003457,485994.38970514445
778,26,67.593125647672196,21.186123572236646,486006.47540155001,485994.38970514445
779,26,72.97870630201146,22.051877776629688,486300.70645359351,485994.38970514445
780,26,66.820536639503018,20.188622098916856,486171.10706140485,485994.38970514445
781,26,79.69381987966014,27.698240107551086,486938.88374924054,485994.38970514445
782,26,69.987060885366532,22.882177377567579,486207.70720143488,485994.38970514445
783,26,74.995240103978148,23.239191735572252,486457.24756034196,485994.38970514445
784,26,79.037290546231048,26.795492976834048,486850.73022351443,485994.38970514445
785,27,72.645214248437838,25.270305675502346,486476.55851223145,485994.38970514445
786,27,72.460688740831557,24.874709129113839,486441.05329517368,485994.38970514445
787,27,90.120263531263262,23.908169168189055,487188.89016714256,485994.38970514445
788,27,61.728654015836376,22.051877776629688,488184.10192683031,485994.38970514445
789,27,80.510857512949244,19.98751731984683,486900.62145677122,485994.38970514445
790,27,72.460688740831557,23.243649305308452,486340.90579905966,485994.38970514445
791,27,80.140732102595678,19.558051312338527,487096.73063331528,485994.38970514445
792,27,67.593125647672196,21.186123572236646,486006.47540155001,485994.38970514445
793,27,65.859783415442749,19.976972226178383,486481.39754426398,485994.38970514445
794,27,67.596997197363024,18.899029214229536,486846.81601721584,485994.38970514445
795,27,68.217524497547529,26.638592465831728,486411.03419269458,485994.38970514445
796,27,74.183010372723331,21.199066132772234,486310.28430024319,485994.38970514445
797,27,80.678811163432599,23.239191735572252,486718.67361186806,485994.38970514445
798,27,72.97870630201146,22.386005528012724,486318.65706542693,485994.38970514445
799,27,68.358871742014898,21.047580048470063,486034.25418319838,485994.38970514445
800,27,67.492493886341805,23.326408660891694,486144.24375082878,485994.38970514445
801,27,67.262580080111974,25.404492825622867,486319.4131777751,485994.38970514445
802,27,72.645214248437838,27.165213298263364,486613.76972374995,485994.38970514445
803,27,66.820536639503018,20.506369028684912,486152.43547237164,485994.38970514445
804,27,67.593125647672196,21.186123572236646,486006.47540155001,485994.38970514445
805,27,75.887298914426026,33.692551600546707,487206.94446806639,485994.38970514445
806,27,68.330111345398024,22.03191515852496,486085.81351778621,485994.38970514445
807,27,69.42505090119684,32.049646981786104,486847.74205477093,485994.38970514445
808,27,70.575509556297689,23.766129409946853,486290.69754637301,485994.38970514445
809,27,64.97235943636143,24.008999166304267,487090.53635888436,485994.38970514445
810,27,72.826219132098871,20.294600365863598,486394.75471460214,485994.38970514445
811,27,69.270441851001209,34.647713715789024,487030.12166408484,485994.38970514445
812,27,80.400701387483579,21.186123572236646,486595.5828342181,485994.38970514445
813,27,79.855688954278392,27.698240107551086,486946.32920784235,485994.38970514445
814,28,76.105652078228289,19.942493159222341,486720.34054594534,485994.38970514445
815,28,80.400701387483579,23.295088834687181,486708.8844580414,485994.38970514445
816,28,67.354077544174899,21.749721278187781,486025.75856431865,485994.38970514445
817,28,62.536830631937669,18.279035998867428,487626.32704764424,485994.38970514445
818,28,70.575509556297689,23.766129409946853,486290.69754637301,485994.38970514445
819,28,79.855688954278392,26.524917343568958,486871.00329668727,485994.38970514445
820,28,67.312498699660807,20.971906293021199,485994.43443910615,485994.38970514445
821,28,73.861908212122813,15.875267501216385,489627.95497979491,485994.38970514445
822,28,80.400701387483579,21.186123572236646,486595.5828342181,485994.38970514445
823,28,72.460688740831557,23.681619520731207,486364.43522245862,485994.38970514445
824,28,68.217524497547529,22.627813198652081,486120.61165400589,485994.38970514445
825,28,67.593125647672196,25.162810257499309,486280.95957206027,485994.38970514445
826,28,67.643387574149855,21.16509911634995,486007.65777544002,485994.38970514445
827,28,58.744251266664179,23.304936110293408,489411.36947148672,485994.38970514445
828,28,80.678811163432599,23.239191735572252,486718.67361186806,485994.38970514445
829,28,75.190209076844923,18.392352046174587,487447.53124619386,485994.38970514445
830,28,65.960809839166416,28.159916400304073,487014.68046696123,485994.38970514445
831,28,72.359662317107905,20.945547464542262,486212.79614821967,485994.38970514445
832,28,74.183010372723331,20.412909709072618,486398.44865132374,485994.38970514445
833,28,68.358871742014898,21.047580048470063,486034.25418319838,485994.38970514445
834,28,68.29478865539933,23.326408660891694,486174.06965427578,485994.38970514445
835,28,66.820536639503018,20.506369028684912,486152.43547237164,485994.38970514445
836,28,80.678811163432599,26.579274004746306,486912.35391231766,485994.38970514445
837,28,73.10897565466783,20.496091178677347,486307.76551301876,485994.38970514445
838,28,66.798781280740187,31.29826469170046,486922.80998869304,485994.38970514445
839,28,69.425469406395905,26.56116007970877,486450.33352320874,485994.38970514445
840,28,66.157781758395444,27.698240107551086,486906.2385700462,485994.38970514445
841,28,68.136121034631017,21.186123572236646,486031.45144891611,485994.38970514445
842,28,72.174224319111872,27.165213298263364,486596.26032359205,485994.38970514445
843,29,78.18297891194517,19.884029885038331,486844.90485363279,485994.38970514445
844,29,72.362315594892024,22.365793450573651,486289.21919901459,485994.38970514445
845,29,66.820536639503018,21.16751048508009,486187.95450244751,485994.38970514445
846,29,70.272598003381461,24.623829603872938,486341.54308589175,485994.38970514445
847,29,67.649086639398462,23.681966224466265,486175.81130417588,485994.38970514445
848,29,72.454989675582937,21.164752412614888,486228.9574235265,485994.38970514445
849,29,69.425469406395905,21.267778652375505,486095.14416237798,485994.38970514445
850,29,68.217524497547529,24.076248659462387,486225.49359231081,485994.38970514445
851,29,69.425143192004896,23.138910685478017,486202.51460058789,485994.38970514445
852,29,68.217850711938524,26.050062592882831,486368.43057663197,485994.38970514445
853,29,74.698786293701644,27.165213298263364,486690.11278854433,485994.38970514445
854,29,70.575509556297689,23.766129409946853,486290.69754637301,485994.38970514445
855,29,68.805566147253472,21.16509911634995,486061.11426474224,485994.38970514445
856,29,67.822273604895386,21.047321808402732,486009.55851517554,485994.38970514445
857,29,66.712794139143938,20.971906293021199,486217.52645780914,485994.38970514445
858,29,67.420241200019888,24.063317310381478,486194.91762856429,485994.38970514445
859,29,67.354077544174899,20.956918658492679,485983.16619649652,485983.16619649652
860,29,66.820536639503018,19.376637212410611,486574.0758369352,485983.16619649652
861,29,85.536682697621202,19.950172503057818,487150.32665012893,485983.16619649652
862,29,66.744084763401759,26.695976725808038,486610.38576903695,485983.16619649652
863,29,68.293406373361478,21.080518984321756,486033.01259080379,485983.16619649652
864,29,68.36025402405275,25.22200439103851,486313.7644156593,485983.16619649652
865,29,75.579792381498891,16.166299663242111,489396.1349132242,485983.16619649652
866,29,67.643387574149855,21.16509911634995,486007.65777544002,485983.16619649652
867,29,72.359662317107905,20.57385472771055,486234.70730245445,485983.16619649652
868,29,62.341438296783217,26.56116007970877,488277.25820138876,485983.16619649652
869,29,65.536483974154677,20.945547464542262,486653.87797597452,485983.16619649652
870,29,72.359662317107905,20.945547464542262,486212.79614821967,485983.16619649652
871,29,66.437470970267242,29.228683666219261,486910.54631931125,485983.16619649652
872,30,67.492493886341805,15.556508067417855,489676.1630405059,485983.16619649652
873,30,67.643387574149855,21.16509911634995,486007.65777544002,485983.16619649652
874,30,72.391648229658728,24.120186913795653,486384.8210862861,485983.16619649652
875,30,69.915189639784131,21.091592210190946,486108.20431860426,485983.16619649652
876,30,72.454989675582937,18.971979567284183,487034.06457604258,485983.16619649652
877,30,73.525589628861596,19.908458248194041,486618.55665937613,485983.16619649652
878,30,67.50895171848417,26.287990147984338,486359.30518406793,485983.16619649652
879,30,69.40901157425354,21.916926973560031,486129.26186815475,485983.16619649652
880,30,65.415491515153093,20.945547464542262,486699.95483938092,485983.16619649652
881,30,67.541233659021458,24.063317310381478,486199.4156130199,485983.16619649652
882,30,67.903455557199024,27.149791152658683,486436.37460010685,485983.16619649652
883,30,69.4254871016594,20.745171555648628,486067.06853818998,485983.16619649652
884,30,68.90055523541271,24.222548253026691,486261.47939384967,485983.16619649652
885,30,67.529341020944315,23.927483737958575,486189.13771825493,485983.16619649652
886,30,74.515666759960737,20.971906293021199,486313.38153846248,485983.16619649652
887,30,66.900982196791389,24.895917524249274,486420.29223064799,485983.16619649652
888,30,67.354077544174899,23.762267679337992,486170.6587907559,485983.16619649652
889,30,70.575509556297689,19.773768970600148,486549.70551488281,485983.16619649652
890,30,66.820536639503018,19.989486450919451,486269.93334447045,485983.16619649652
891,30,85.536682697621202,19.337323264548978,487454.46914259368,485983.16619649652
892,30,68.293406373361478,23.060389303398956,486154.75567179138,485983.16619649652
893,30,66.63279472675697,21.080518984321756,486253.12158192991,485983.16619649652
894,30,69.705416870452581,21.080518984321756,486097.96054784075,485983.16619649652
895,30,64.025932352243558,19.813672923023333,487154.82295892597,485983.16619649652
896,30,69.214647539551578,25.573222390591781,486370.95900019881,485983.16619649652
897,30,69.425469406395905,27.107026746542729,486489.8600023808,485983.16619649652
898,30,68.285606928006644,23.138910685478017,486160.15149428661,485983.16619649652
899,30,68.287443424985966,21.080518984321756,486032.73831429105,485983.16619649652
900,30,70.624237207185899,21.16509911634995,486144.76730421802,485983.16619649652
901,31,62.13566046566924,23.022082945474885,488099.35704058595,485983.16619649652
902,31,69.705416870452581,17.554051270890234,487667.04422358476,485983.16619649652
903,31,65.721660094883745,27.513294376254358,487058.93226571311,485983.16619649652
904,31,69.718082241382163,20.18511637753388,486306.12467786018,485983.16619649652
905,31,69.076873810386957,21.16509911634995,486073.59354763664,485983.16619649652
906,31,74.515666759960737,22.318519650706467,486385.72672252211,485983.16619649652
907,31,76.445249047444761,21.080518984321756,486407.97122520051,485983.16619649652
908,31,69.11290532331256,22.679976765259049,486157.67529071937,485983.16619649652
909,31,69.459818603985767,20.049866023518561,486361.36691033433,485983.16619649652
910,31,64.563476795720021,24.410921503297189,487275.35218510678,485983.16619649652
911,31,66.795641585733591,20.341639402534465,486152.84661100263,485983.16619649652
912,31,67.648842074864177,25.409814164620276,486300.91654840368,485983.16619649652
913,31,78.200192074233428,26.28653178702648,486779.55168027221,485983.16619649652
914,31,67.125359822604651,27.108485107500588,486495.05691642041,485983.16619649652
915,31,68.285606928006644,22.080271284298608,486086.36433196464,485983.16619649652
916,31,67.529341020944315,23.927483737958575,486189.13771825493,485983.16619649652
917,31,74.876151099766375,27.676199611863979,486733.7072321322,485983.16619649652
918,31,68.788532502696711,21.091592210190946,486056.38170150743,485983.16619649652
919,31,69.214647539551578,22.68092164578831,486161.52605238452,485983.16619649652
920,31,58.5821005411334,21.080518984321756,489312.04924126563,485983.16619649652
921,31,76.759681333775177,21.462094625779855,486442.93379523861,485983.16619649652
922,31,69.43848629935772,25.99643940530175,486409.92572854919,485983.16619649652
923,31,67.529341020944315,20.896724311703185,485987.99388573546,485983.16619649652
924,31,72.068869405637912,24.120701565955034,486371.88905472291,485983.16619649652
925,31,68.286821641141145,20.745171555648628,486014.69357669854,485983.16619649652
926,31,61.156195301034657,23.138910685478017,488480.82069028006,485983.16619649652
927,31,65.92588025668168,24.879027006718953,486790.41165249096,485983.16619649652
928,31,59.029628976869411,23.578906589559278,489322.52905662544,485983.16619649652
929,31,74.860084488000126,26.96804229792729,486681.83191757853,485983.16619649652
930,32,74.079187726519493,22.401087297420759,486370.08593357704,485983.16619649652
931,32,66.158139128324962,26.253297916525071,486801.47348602425,485983.16619649652
932,32,67.648842074864177,21.244395368905753,486012.16876084468,485983.16619649652
933,32,68.788532502696711,25.257011005905472,486332.22083248227,485983.16619649652
934,32,69.058699330505036,26.132816703883719,486405.68201473303,485983.16619649652
935,32,65.72062203534324,21.16509911634995,486599.65158071648,485983.16619649652
936,32,68.286821641141145,28.539663868920261,486551.26789937762,485983.16619649652
937,32,58.956446610784432,20.760920662148365,489146.3469022655,485983.16619649652
938,32,65.045403756551508,20.728926250333156,486825.20758461079,485983.16619649652
939,32,60.983262715272403,27.68109243762461,488875.57927310531,485983.16619649652
940,32,68.286821641141145,20.745171555648628,486014.69357669854,485983.16619649652
941,32,64.54888056385856,24.410921503297189,487280.91078427865,485983.16619649652
942,32,74.847892531287386,18.123399197707734,487565.26068044396,485983.16619649652
943,32,84.158499305315985,26.228773312209867,487049.90669043892,485983.16619649652
944,32,83.643548584764986,22.049947644444281,486791.15132118406,485983.16619649652
945,32,56.176785469472634,20.775495195502955,490236.69899035658,485983.16619649652
946,32,61.150318972204744,20.956918658492679,488325.05940160609,485983.16619649652
947,32,65.92588025668168,24.879027006718953,486790.41165249096,485983.16619649652
948,32,65.504947636134148,29.437967830789994,487280.82819732488,485983.16619649652
949,32,69.43848629935772,26.156701535180254,486421.53038976697,485983.16619649652
950,32,75.309458728050288,21.16509911634995,486360.27247692086,485983.16619649652
951,32,68.643566182103029,27.676199611863979,486502.00626244233,485983.16619649652
952,32,69.075053439429112,20.943853527030587,486061.6236630489,485983.16619649652
953,32,68.790352873654555,23.877882515291084,486232.42512029904,485983.16619649652
954,32,74.550090859371423,32.226615035430747,487051.08356419706,485983.16619649652
955,32,73.986979936931519,21.627401676154928,486324.2793407471,485983.16619649652
956,32,67.529341020944315,20.896724311703185,485987.99388573546,485983.16619649652
957,32,69.11290532331256,22.679976765259049,486157.67529071937,485983.16619649652
958,32,66.795641585733591,23.882596345827508,486387.03339582687,485983.16619649652
959,33,62.176178676612864,26.821207380729078,488359.02322911168,485983.16619649652
960,33,65.723130593452666,26.945522053649615,487017.25958549691,485983.16619649652
961,33,65.92588025668168,24.879027006718953,486790.41165249096,485983.16619649652
962,33,74.847892531287386,18.123399197707734,487565.26068044396,485983.16619649652
963,33,56.990345623891926,21.637170296135508,489974.48877117113,485983.16619649652
964,33,67.619542532007628,20.934084907050007,485994.15001920331,485983.16619649652
965,33,79.107246642461604,24.839051043443369,486732.33719948155,485983.16619649652
966,33,68.790352873654555,23.877882515291084,486232.42512029904,485983.16619649652
967,33,65.856620879542717,24.879027006718953,486816.78730338492,485983.16619649652
968,33,75.378718105189222,21.16509911634995,486363.4581862741,485983.16619649652
969,33,75.891474372978536,21.162411124120297,486386.89892193681,485983.16619649652
970,33,62.366471394815605,18.965865999028082,487726.60034611,485983.16619649652
971,33,68.286821641141145,20.745171555648628,486014.69357669854,485983.16619649652
972,33,67.648842074864177,21.244395368905753,486012.16876084468,485983.16619649652
973,33,67.529341020944315,22.308293888578081,486071.8913690169,485983.16619649652
974,33,68.286821641141145,19.274780128102091,486692.06949415733,485983.16619649652
975,33,79.132149316621721,20.745171555648628,486513.54388789274,485983.16619649652
976,33,82.915552885697863,20.424306353017649,486794.46173384995,485983.16619649652
977,33,65.92588025668168,21.178289578206936,486522.4393988683,485983.16619649652
978,33,67.648842074864177,24.94513279741777,486267.26873750344,485983.16619649652
979,33,67.648842074864177,21.244395368905753,486012.16876084468,485983.16619649652
980,33,69.075053439429112,20.943853527030587,486061.6236630489,485983.16619649652
981,33,74.659841688593929,20.440754389966312,486406.56271101662,485983.16619649652
982,33,67.717391863637772,20.887131243658313,485996.12824570475,485983.16619649652
983,33,73.92311194483365,20.283170316056847,486450.88072988746,485983.16619649652
984,33,67.618416575209693,21.627401676154928,486031.34583887795,485983.16619649652
985,33,64.812834741363829,24.957886490081201,487219.9966395814,485983.16619649652
986,33,69.075053439429112,20.864994043668339,486057.38703209156,485983.16619649652
987,33,65.271284897486311,21.337555099296967,486783.25768700859,485983.16619649652
988,34,68.286821641141145,20.745171555648628,486014.69357669854,485983.16619649652
989,34,73.92311194483365,20.283170316056847,486450.88072988746,485983.16619649652
990,34,67.648842074864177,21.246803811184339,486012.29815151164,485983.16619649652
991,34,67.618416575209693,22.010023858174698,486053.60493632575,485983.16619649652
992,34,67.619542532007628,20.934084907050007,485994.15001920331,485983.16619649652
993,34,64.173720565682856,21.627401676154928,487222.22474517004,485983.16619649652
994,34,65.989939100042278,20.446882792670628,486458.22459278139,485983.16619649652
995,34,64.319526447452319,20.881002840953997,487112.65121436899,485983.16619649652
996,34,76.586766091132461,21.549512237811914,486439.6766544471,485983.16619649652
997,34,67.354077544174899,21.36222880473235,486004.94099693478,485983.16619649652
998,34,62.176178676612864,20.771749524330975,487920.97895110247,485983.16619649652
999,34,68.67518072420765,22.139164140216849,486107.44742580957,485983.16619649652
1000,34,61.573022568569343,20.283170316056847,488115.2971627654,485983.16619649652
1001,34,58.056444887532301,30.816801509014745,490217.24076712911,485983.16619649652
1002,34,62.798250181581373,18.123399197707734,487520.71673719015,485983.16619649652
1003,34,75.891474372978536,19.452878496662528,486953.47316316166,485983.16619649652
1004,34,66.305012140664942,20.957119460187627,486368.42826346017,485983.16619649652
1005,34,67.717391863637772,20.886930441963365,485996.11745787517,485983.16619649652
1006,34,65.880983150008447,21.162411124120297,486538.38753936428,485983.16619649652
1007,34,72.590248280275461,21.178289578206936,486235.90615375433,485983.16619649652
1008,34,67.648842074864177,19.049485068766828,486774.533055351,485983.16619649652
1009,34,73.203918279418573,23.204703190033126,486372.99964237178,485983.16619649652
1010,34,66.422994540042765,24.879027006718953,486601.09847444692,485983.16619649652
1011,34,67.695337634980049,24.879027006718953,486264.21049099427,485983.16619649652
1012,34,70.135811905275347,20.542274227927471,486148.08996197494,485983.16619649652
1013,34,67.139789612302906,19.910171260554229,486323.98019937216,485983.16619649652
1014,34,70.738577714619311,16.998787806745153,488301.34164402273,485983.16619649652
1015,34,63.92706857434456,21.247376910407855,487288.6380227966,485983.16619649652
1016,34,68.449890172314426,21.979679348064476,486088.51665377652,485983.16619649652
1017,35,59.768953941833267,21.82694021496776,488914.11541148444,485983.16619649652
1018,35,68.286821641141145,21.961268617391344,486080.02692963497,485983.16619649652
1019,35,65.267904058275079,20.446882792670628,486726.82394261635,485983.16619649652
1020,35,73.112716904218829,21.100049804540522,486255.73469801829,485983.16619649652
1021,35,67.744792907910579,20.889566160396992,485997.51941888896,485983.16619649652
1022,35,77.502807795361576,26.093074803543935,486735.05453291273,485983.16619649652
1023,35,69.150570963311978,21.549512237811914,486097.63551335898,485983.16619649652
1024,35,60.005168104915107,26.928389031062295,489193.55779597897,485983.16619649652
1025,35,67.354077544174899,20.956918658492679,485983.16619649652,485983.16619649652
1026,35,63.252951475594017,21.162411124120297,487539.20575144759,485983.16619649652
1027,35,58.771679484082227,22.010023858174698,489307.15889520012,485983.16619649652
1028,35,66.432385435550401,20.446882792670628,486293.63313782593,485983.16619649652
1029,35,67.618409882931005,19.149184862000681,486723.65463734773,485983.16619649652
1030,35,77.934081379225049,19.837142490999049,486856.72546273924,485983.16619649652
1031,35,67.000910491189089,20.150618950930742,486198.26373838563,485983.16619649652
1032,35,76.586766091132461,20.961141069908685,486408.0671206527,485983.16619649652
1033,35,62.887137796265179,22.329032029355204,487762.99207935587,485983.16619649652
1034,35,39.72222709845984,23.078984076809412,496947.76907408668,485983.16619649652
1035,35,67.611876219416317,24.58334222755245,486239.69706774846,485983.16619649652
1036,35,71.03453485740404,19.871954452888378,486522.09208920959,485983.16619649652
1037,35,65.291115989102508,19.973242322536258,486692.74326499231,485983.16619649652
1038,35,67.108146533755772,21.564330614172896,486102.28138439823,485983.16619649652
1039,35,66.615379981614907,21.979679348064476,486317.89021306107,485983.16619649652
1040,35,67.353490525126659,21.36222880473235,486004.91399594041,485983.16619649652
1041,35,68.348483783352748,19.796715231503889,486435.88178427226,485983.16619649652
1042,35,68.286821641141145,18.943918145575747,486856.26842221635,485983.16619649652
1043,35,67.648842074864177,22.233963797052812,486070.9516301665,485983.16619649652
1044,35,67.619542532007628,20.934084907050007,485994.15001920331,485983.16619649652
1045,35,67.64599528742437,21.122970041643917,486005.5143879914,485983.16619649652
1046,36,68.526341180466503,26.141161035689322,486386.49542267621,485983.16619649652
1047,36,77.263288256036134,21.868904473927273,486487.95346960443,485983.16619649652
1048,36,65.267904058275079,20.446882792670628,486726.82394261635,485983.16619649652
1049,36,66.219060005908389,20.446882792670628,486372.99088140973,485983.16619649652
1050,36,62.131599268915735,21.36222880473235,487980.71277185716,485983.16619649652
1051,36,67.353490525126659,21.548113542729652,486014.90043006232,485983.16619649652
1052,36,67.655327873465794,23.018137376448571,486127.97514679696,485983.16619649652
1053,36,74.680062579969473,20.920350816873462,486318.17346326337,485983.16619649652
1054,36,58.387138357266245,17.203734407914382,489118.92147115403,485983.16619649652
1055,36,67.618919245526996,19.733437884650094,486433.72719532636,485983.16619649652
1056,36,66.448367660489581,21.09046312332152,486322.26327862561,485983.16619649652
1057,36,70.388685609189551,21.371815485951352,486145.03827420145,485983.16619649652
1058,36,67.35410273311112,20.913926014352572,485980.85762697842,485980.85762697842
1059,36,67.353465336190425,21.36222880473235,486004.91283733305,485980.85762697842
1060,36,67.354077544174899,20.956918658492679,485983.16619649652,485980.85762697842
1061,36,64.079451330347538,16.730994438263789,488278.03413847648,485980.85762697842
1062,36,79.633494518474038,16.512606922356504,489194.99206237984,485980.85762697842
1063,36,61.003484532716051,21.549512237811914,488423.88751640217,485980.85762697842
1064,36,74.672092102005308,22.11305123696064,486381.88324331178,485980.85762697842
1065,36,69.973943792143942,20.955695930953212,486103.60595703428,485980.85762697842
1066,36,61.860680817966248,24.607805546724364,488318.89892986289,485980.85762697842
1067,36,57.952266374550049,21.706849841295597,489597.25830187649,485980.85762697842
1068,36,68.286821641141145,22.129987103929306,486089.09112753044,485980.85762697842
1069,36,71.03453485740404,22.73220479532943,486247.83055002679,485980.85762697842
1070,36,67.619542532007628,18.447808970595688,487071.78289910301,485980.85762697842
1071,36,67.354077544174899,19.633880502459842,486470.95328545576,485980.85762697842
1072,36,77.786509356771106,15.122147255232893,490539.01219394803,485980.85762697842
1073,36,64.284100860154581,20.105563275833234,487074.46490485605,485980.85762697842
1074,36,69.150570963311978,21.549512237811914,486097.63551335898,485980.85762697842
1075,37,64.079451330347538,16.730994438263789,488278.03413847648,485980.85762697842
1076,37,67.353490525126659,21.548113542729652,486014.90043006232,485980.85762697842
1077,37,90.989985415013635,23.848374599161296,487225.68219478294,485980.85762697842
1078,37,66.448367660489581,23.103130708919675,486462.84223290597,485980.85762697842
1079,37,68.18018018503497,21.549512237811914,486053.00064789318,485980.85762697842
1080,37,69.538998765922543,18.912022029469085,486929.69383979012,485980.85762697842
1081,37,74.893772385700458,30.783343330952142,486959.35215187108,485980.85762697842
1082,37,67.354077544174899,20.913702719870198,485980.84447213792,485980.84447213792
1083,37,66.498840713157563,25.014693406508673,486582.03808392712,485980.84447213792
1084,37,69.92347073947596,21.097239324876224,486108.88860709936,485980.84447213792
1085,37,68.525159724252148,22.069108410346651,486096.7832807863,485980.84447213792
1086,37,66.696107551619505,21.014281606037379,486226.0104846101,485980.84447213792
1087,37,69.973943792143942,21.264477481825665,486120.19487471,485980.84447213792
1088,37,67.353490525126659,27.782686950107383,486461.75754407217,485980.84447213792
1089,37,67.354077544174899,26.027428439058482,486334.68021765421,485980.84447213792
1090,37,68.526341180466503,23.662014780738566,486206.97919872554,485980.84447213792
1091,37,63.899258943759598,21.324250070356097,487304.79502880527,485980.84447213792
1092,37,62.008184921576557,21.549557964511699,488041.27654751821,485980.84447213792
1093,37,67.216154503380423,21.899731115710495,486083.31161004939,485980.84447213792
1094,37,67.353465336190425,21.36222880473235,486004.91283733305,485980.84447213792
1095,37,77.520745645727914,20.597530843069002,486460.35070045048,485980.84447213792
1096,37,61.818293939013074,13.894359933780585,491654.86527490156,485980.84447213792
1097,37,67.288322222488603,24.299363863815742,486229.58700300584,485980.84447213792
1098,37,73.238381158828261,21.37551643702982,486276.31396467227,485980.84447213792
1099,37,65.112108579889409,19.733437884650094,486746.45138978888,485980.84447213792
1100,37,68.286821641141145,23.811474966463219,486208.89736911975,485980.84447213792
1101,37,66.320007868365153,20.446882792670628,486335.43795301579,485980.84447213792
1102,37,63.541331214068066,20.446882792670628,487377.57198613579,485980.84447213792
1103,37,67.35410273311112,17.552053911929416,487561.00202127686,485980.84447213792
1104,38,74.893772385700458,30.783343330952142,486959.35215187108,485980.84447213792
1105,38,67.354077544174899,20.913702719870198,485980.84447213792,485980.84447213792
1106,38,68.615311769456483,23.662014780738566,486210.28674640204,485980.84447213792
1107,38,69.884973203153962,21.264477481825665,486116.10251279065,485980.84447213792
1108,38,66.254181696247798,21.241886192551384,486402.63610212848,485980.84447213792
1109,38,70.039769964261296,20.325022451297759,486251.48922709882,485980.84447213792
1110,38,68.176397776480712,24.077413241328095,486224.04900389258,485980.84447213792
1111,38,63.524251718096124,23.164793837174827,487580.88157464773,485980.84447213792
1112,38,66.320007868365153,21.638286187239824,486405.65462884761,485980.84447213792
1113,38,60.580569526235173,20.446882792670628,488505.10185864381,485980.84447213792
1114,38,67.353490525126659,21.547945088323562,486014.89138005202,485980.84447213792
1115,38,72.370393571593425,21.549680692218001,486245.74608304718,485980.84447213792
1116,38,66.83483533837817,21.376359906267016,486193.85552475782,485980.84447213792
1117,38,67.839100951098658,21.835305934858635,486052.66601923032,485980.84447213792
1118,38,69.705394995762774,19.361510329058618,486714.27718687267,485980.84447213792
1119,38,67.35410273311112,17.925986488357331,487318.54159874417,485980.84447213792
1120,38,66.646836453945568,21.359101828760767,486262.86454287695,485980.84447213792
1121,38,67.354101164125112,20.917052990324155,485981.02554783347,485980.84447213792
1122,38,75.731299166805286,23.363430809504599,486497.77851290262,485980.84447213792
1123,38,67.353465336190425,21.36222880473235,486004.91283733305,485980.84447213792
1124,38,67.353465336190425,21.602909535692326,486017.84312031406,485980.84447213792
1125,38,74.610746088438731,23.307347955676192,486443.22367902851,485980.84447213792
1126,38,63.610759929578819,25.955242091277338,487749.99490708334,485980.84447213792
1127,38,80.007006163256648,27.275988082739374,486926.18124198716,485980.84447213792
1128,38,64.278442061746844,21.296823134947569,487158.4069011457,485980.84447213792
1129,38,66.696107551619505,19.939766853412067,486288.88465826679,485980.84447213792
1130,38,67.354077544174899,20.913702719870198,485980.84447213792,485980.84447213792
1131,38,68.526341180466503,21.37820143483081,486059.71947716945,485980.84447213792
1132,38,59.958569423757254,23.462629664933566,488960.34632989403,485980.84447213792
1133,39,65.236967176156341,24.39189750661523,487017.49317365442,485980.84447213792
1134,39,64.201771939027878,21.640031048950014,487212.45660094189,485980.84447213792
1135,39,69.884973203153962,20.93391298801544,486098.34333268763,485980.84447213792
1136,39,68.600230503487921,21.244267213680427,486055.92269414756,485980.84447213792
1137,39,68.395877707520938,17.195224792190537,487985.99993213906,485980.84447213792
1138,39,72.356091630065563,22.357926417270519,486288.51026966784,485980.84447213792
1139,39,69.594273140651026,25.909872995570755,486409.44890283316,485980.84447213792
1140,39,68.111711207624296,21.222274593320698,486032.27084526734,485980.84447213792
1141,39,67.354077544174899,23.176914897913012,486128.27310221893,485980.84447213792
1142,39,69.884973203153962,18.898593654789714,486952.27173775772,485980.84447213792
1143,39,66.957997260910687,22.514201419998059,486226.11825330072,485980.84447213792
1144,39,66.50364622855983,22.333957025591868,486386.09456099512,485980.84447213792
1145,39,67.349025258617175,17.203955852485979,487928.62151643517,485980.84447213792
1146,39,69.761672271406397,21.359101828760767,486115.51464443881,485980.84447213792
1147,39,65.103364505539275,21.162091749515358,486834.50045647612,485980.84447213792
1148,39,74.893772385700458,25.682981097019393,486590.03236398537,485980.84447213792
1149,39,68.526341180466503,21.385498350698203,486060.1114952038,485980.84447213792
1150,39,67.839100951098658,21.828009018991242,486052.27400119614,485980.84447213792
1151,39,67.839100951098658,23.816102648388441,486192.58811297233,485980.84447213792
1152,39,67.354077544174899,18.952289644276846,486809.21060784697,485980.84447213792
1153,39,67.354077544174899,24.722529320360078,486240.19181788445,485980.84447213792
1154,39,66.254181696247798,21.318984342896972,486407.60202527419,485980.84447213792
1155,39,68.615311769456483,20.898337502667058,486038.03172611789,485980.84447213792
1156,39,69.825735994047122,23.677379997941703,486256.39776832488,485980.84447213792
1157,39,68.615311769456483,21.712225241143447,486081.75686660351,485980.84447213792
1158,39,67.839100951098658,26.744120943409886,486404.60738651501,485980.84447213792
1159,39,68.023131843812237,20.932666248456449,486012.6376182239,485980.84447213792
1160,39,65.592415267311878,21.617492067740386,486681.23382855789,485980.84447213792
1161,39,67.353465336190425,21.36222880473235,486004.91283733305,485980.84447213792
1162,40,66.866648146183621,21.712189208948267,486202.83210559527,485980.84447213792
1163,40,72.214899952883343,21.617528099935562,486242.23889540281,485980.84447213792
1164,40,72.482229958053921,22.910728801739289,486324.01087211102,485980.84447213792
1165,40,72.137462880117639,23.817000653581829,486356.84105751838,485980.84447213792
1166,40,68.051266332269066,21.513069686915394,486045.113191618,485980.84447213792
1167,40,73.378500463686777,21.359407988759443,486281.89359656,485980.84447213792
1168,40,70.360323162901281,18.197458363317619,487322.09307180875,485980.84447213792
1169,40,67.839100951098658,19.43252884751363,486593.18884213583,485980.84447213792
1170,40,69.717369932217011,21.712225241143447,486132.44800972642,485980.84447213792
1171,40,67.354077544174899,23.176914897913012,486128.27310221893,485980.84447213792
1172,40,68.02026511199621,19.212016926264543,486710.95663162798,485980.84447213792
1173,40,88.846980833600327,20.913466737858929,486969.43645568646,485980.84447213792
1174,40,67.432296451069462,20.928229479515782,485985.22272384469,485980.84447213792
1175,40,69.884973203153962,22.519884928497714,486183.54776890774,485980.84447213792
1176,40,67.354077544174899,22.964319305375156,486112.87894871744,485980.84447213792
1177,40,72.018374053219262,21.779144156665069,486241.88196232426,485980.84447213792
1178,40,57.675787416749259,17.705811910737214,489416.33088119072,485980.84447213792
1179,40,63.166129962444067,21.644238543394813,487607.15885488421,485980.84447213792
1180,40,64.258524566968362,27.828263295846707,487638.93682477024,485980.84447213792
1181,40,67.839100951098658,22.18660944813762,486074.59569292929,485980.84447213792
1182,40,69.868439050813734,20.981663419947832,486100.14814923925,485980.84447213792
1183,40,65.702247648921414,23.408057421932405,486769.06272884679,485980.84447213792
1184,40,69.346785924284973,21.2095286689684,486088.39556405402,485980.84447213792
1185,40,67.823998981540853,23.850841193100468,486194.54212149349,485980.84447213792
1186,40,65.716111530123555,15.535524637582183,489616.62941055838,485980.84447213792
1187,40,63.873182331264658,19.97862989137024,487220.50857118104,485980.84447213792
1188,40,68.615311769456483,20.511508557761722,486093.42009923985,485980.84447213792
1189,40,67.353465336190425,21.36222880473235,486004.91283733305,485980.84447213792
1190,40,67.354077544174899,20.913702719870198,485980.84447213792,485980.84447213792
1191,41,64.080919683576283,15.300982714158177,489789.26828628511,485980.84447213792
1192,41,54.120659031757924,21.24427221777481,491091.02276529197,485980.84447213792
1193,41,67.839100951098658,18.049313373401596,487279.64576412586,485980.84447213792
1194,41,73.224409652722514,23.817000653581829,486406.83712513396,485980.84447213792
1195,41,65.999347063313508,21.712189208948267,486533.12139684055,485980.84447213792
1196,41,71.684697731579391,20.1569712635483,486410.5504372032,485980.84447213792
1197,41,70.935123164472387,24.951717291975388,486389.91546240775,485980.84447213792
1198,41,69.623105502014113,28.822213118877453,486621.40477653086,485980.84447213792
1199,41,65.147606675397142,21.004027172744227,486806.20642968145,485980.84447213792
1200,41,67.347189290634631,21.884195702436088,486034.41058086418,485980.84447213792
1201,41,70.441974779426047,21.779144156665069,486169.37264846929,485980.84447213792
1202,41,72.018374053219262,25.220063905344251,486449.61723099404,485980.84447213792
1203,41,69.893814631439298,21.712190197024551,486140.56201763934,485980.84447213792
1204,41,66.69020344696132,21.712224253067166,486270.02906479477,485980.84447213792
1205,41,64.822409471000086,24.653897071921548,487194.33832401619,485980.84447213792
1206,41,68.73881573802197,21.513069686915394,486076.73826052237,485980.84447213792
1207,41,67.059542935968608,21.2095286689684,486101.30077051243,485980.84447213792
1208,41,69.868439050813734,20.981663419947832,486100.14814923925,485980.84447213792
1209,41,66.835048360067702,23.611088847979097,486352.36634611624,485980.84447213792
1210,41,64.603108349236464,20.737870963387078,486994.29209602659,485980.84447213792
1211,41,72.470418401411848,21.207826354601288,486231.98119122232,485980.84447213792
1212,41,73.304733235497011,20.402572983717334,486363.18058889703,485980.84447213792
1213,41,73.378500463686777,23.484118123428242,486396.04109471838,485980.84447213792
1214,41,69.346785924284973,21.2095286689684,486088.39556405402,485980.84447213792
1215,41,67.839100951098658,22.18660944813762,486074.59569292929,485980.84447213792
1216,41,69.884973203153962,24.571846532614003,486323.36872600892,485980.84447213792
1217,41,59.559866610454804,20.664045330275385,488909.53513733495,485980.84447213792
1218,41,66.927228987696679,17.816670712439187,487353.40196706064,485980.84447213792
1219,41,70.328509044484875,21.617528099935562,486155.47095995257,485980.84447213792
1220,42,84.13483362605939,21.510396752624459,486784.76213525934,485980.84447213792
1221,42,67.292439416607962,20.958954425453147,486001.20073316968,485980.84447213792
1222,42,73.378500463686777,23.567677266664571,486400.53020925389,485980.84447213792
1223,42,69.346785924284973,21.548557674967583,486106.60948990041,485980.84447213792
1224,42,65.999347063313508,21.712189208948267,486533.12139684055,485980.84447213792
1225,42,73.304733235497011,23.477039535854008,486392.26775005652,485980.84447213792
1226,42,66.820013646405215,25.42690239573929,486489.57589966501,485980.84447213792
1227,42,70.805312965028492,22.826586486849106,486242.35762061679,485980.84447213792
1228,42,66.966956288695215,19.649973755595738,486445.1602499733,485980.84447213792
1229,42,82.166142907225748,24.581845722482367,486859.21857644967,485980.84447213792
1230,42,73.224409652722514,26.411683576202783,486580.73827756604,485980.84447213792
1231,42,59.310286884972243,29.010210925131847,489608.93118853105,485980.84447213792
1232,42,67.839100951098658,22.18660944813762,486074.59569292929,485980.84447213792
1233,42,69.893814631439298,24.645723904778851,486329.04691024171,485980.84447213792
1234,42,65.740839632789928,18.177579876247645,487119.47685603902,485980.84447213792
1235,42,71.538706102286469,21.949401335605657,486228.96563632606,485980.84447213792
1236,42,62.097243134258377,22.18660944813762,488053.49023726693,485980.84447213792
1237,42,61.888993120701542,22.106983883306953,488127.03116703685,485980.84447213792
1238,42,69.266075385707907,21.878262736196227,486120.61007194256,485980.84447213792
1239,42,68.819526276599035,21.513069686915394,486080.45068660064,485980.84447213792
1240,42,68.602474819798402,20.981663419947832,486041.91785232862,485980.84447213792
1241,42,67.264667958158967,21.77060217476884,486055.48621824832,485980.84447213792
1242,42,70.247170466434483,23.544653975266709,486262.45414971479,485980.84447213792
1243,42,64.494355777862765,24.653897071921548,487319.2691282428,485980.84447213792
1244,42,69.893814631439298,20.558162455933026,486129.07391358836,485980.84447213792
1245,42,73.304733235497011,20.402572983717334,486363.18058889703,485980.84447213792
1246,42,69.868625629413756,21.704363947138592,486138.98294841964,485980.84447213792
1247,42,60.058707155377057,20.989489669833791,488743.13014490076,485980.84447213792
1248,42,69.31364826761461,29.07426340450186,486628.15156180493,485980.84447213792
1249,43,72.746085256956462,28.062601795431128,486682.50002959208,485980.84447213792
1250,43,68.573608205446035,17.970410370309683,487352.58842625015,485980.84447213792
1251,43,77.938615481834674,21.936490506334785,486522.64733576024,485980.84447213792
1252,43,74.717630325679281,20.415483812988207,486421.76198905829,485980.84447213792
1253,43,69.89765944801924,21.047078208877259,486105.00652475713,485980.84447213792
1254,43,68.598630003218474,25.816794855010457,486365.69529545307,485980.84447213792
1255,43,57.516227458604931,23.796653290974668,489921.03501607082,485980.84447213792
1256,43,70.959866597202719,22.686981718734359,486241.96649395349,485980.84447213792
1257,43,66.13796756835967,22.973897955755699,486571.69230915594,485980.84447213792
1258,43,67.700480446052495,21.712189208948267,486039.67562219349,485980.84447213792
1259,43,65.716984764061777,27.168287363214276,487035.7306142223,485980.84447213792
1260,43,66.53435063321551,21.882685607548929,486341.72478912555,485980.84447213792
1261,43,67.839100951098658,22.18660944813762,486074.59569292929,485980.84447213792
1262,43,84.13483362605939,23.378029342916797,486885.09845134395,485980.84447213792
1263,43,69.265931093035761,24.887420626556498,486323.20625460363,485980.84447213792
1264,43,70.398710894389708,19.104230163798775,486873.84951922216,485980.84447213792
1265,43,67.292439416607962,20.812192077282397,485993.31610241724,485980.84447213792
1266,43,65.999347063313508,21.712189208948267,486533.12139684055,485980.84447213792
1267,43,69.567469044634166,17.115939713927141,488123.6739801662,485980.84447213792
1268,43,69.266075385707907,21.883662151694175,486120.90014905075,485980.84447213792
1269,43,70.247170466434483,19.665568708502956,486588.30018428399,485980.84447213792
1270,43,66.791629565637223,15.841545076819658,489342.71232590853,485980.84447213792
1271,43,64.227217222891838,22.744120751369064,487282.71410881355,485980.84447213792
1272,43,66.806055398006563,26.572660699949218,486577.85647280462,485980.84447213792
1273,43,69.334611435038823,24.657639473040099,486309.12092869525,485980.84447213792
1274,43,64.506530267108928,17.882400114619841,487209.19327247306,485980.84447213792
1275,43,73.359913772024541,19.967720479500617,486581.52566592046,485980.84447213792
1276,43,58.273814564697652,22.406192355458462,489525.44469326071,485980.84447213792
1277,43,65.999347063313508,21.712189208948267,486533.12139684055,485980.84447213792
1278,44,88.388181416593937,23.148117331380863,487068.38707023626,485980.84447213792
1279,44,76.826045791900057,21.936490506334785,486471.47269607423,485980.84447213792
1280,44,66.212632908674621,21.883662151694175,486464.3134148622,485980.84447213792
1281,44,63.596453992558452,21.712189208948267,487448.20136725547,485980.84447213792
1282,44,58.546542198683724,27.168287363214276,489766.40908279346,485980.84447213792
1283,44,62.935887021412469,25.816794855010457,487996.97784766706,485980.84447213792
1284,44,83.282930757765584,28.900470823199271,487181.15311257285,485980.84447213792
1285,44,77.464396333086611,21.712189208948267,486488.78445729916,485980.84447213792
1286,44,67.359384275345505,26.559089206006551,486373.37532215775,485980.84447213792
1287,44,74.853123702668725,20.927274213812868,486326.50567138375,485980.84447213792
1288,44,69.265931093035761,24.764605094525901,486314.31312032056,485980.84447213792
1289,44,77.938615481834674,22.059306038365381,486529.24545259826,485980.84447213792
1290,44,64.882468242390757,21.892231266719161,486971.4928806703,485980.84447213792
1291,44,69.901525305996742,22.218336318614142,486168.10877596855,485980.84447213792
1292,44,64.30744379359929,22.71466969066433,487250.02931847773,485980.84447213792
1293,44,74.637403754971743,20.444934873692937,486403.45596340729,485980.84447213792
1294,44,69.017556422838311,27.367097830779539,486493.52741216758,485980.84447213792
1295,44,68.570477584516283,24.657639473040099,486280.7136857172,485980.84447213792
1296,44,50.089569315800375,27.549590952777585,493155.96934262133,485980.84447213792
1297,44,54.127829250576724,23.977236706873793,491286.05723008368,485980.84447213792
1298,44,63.876705782913817,20.829992629921836,487277.59439034789,485980.84447213792
1299,44,65.942687629796623,21.715669574809858,486554.95069859305,485980.84447213792
1300,44,78.400684432165022,21.955470085908161,486544.92068152892,485980.84447213792
1301,44,77.388396940882629,22.668002139160983,486536.63862968085,485980.84447213792
1302,44,67.839100951098658,25.005804580623973,486278.73502668325,485980.84447213792
1303,44,67.292439416607962,20.812192077282397,485993.31610241724,485980.84447213792
1304,44,64.863062254235274,22.973897955755699,487057.20717926341,485980.84447213792
1305,44,55.513252036341612,24.080349803987378,490740.7501524323,485980.84447213792
1306,44,69.266075385707907,21.883662151694175,486120.90014905075,485980.84447213792
1307,45,76.826045791900057,23.387650636754397,486549.43452983774,485980.84447213792
1308,45,73.2416178712907,25.023111193695872,486480.83078309015,485980.84447213792
1309,45,67.271562471684703,20.813937067642566,486001.17614035355,485980.84447213792
1310,45,66.23350985359788,21.881917161334005,486456.23661217827,485980.84447213792
1311,45,70.57959738991606,26.504189507945036,486489.11381983152,485980.84447213792
1312,45,77.464396333086611,21.712189208948267,486488.78445729916,485980.84447213792
1313,45,78.52883577724397,21.712189208948267,486537.74525994796,485980.84447213792
1314,45,67.354077544174899,20.120414320039483,486229.49813033978,485980.84447213792
1315,45,49.229578479575004,24.996013578568498,493314.19357158255,485980.84447213792
1316,45,80.671434146279339,22.069097040420854,486655.47236163891,485980.84447213792
1317,45,77.388396940882629,22.029458876844483,486502.33366041945,485980.84447213792
1318,45,76.826045791900057,21.925178051217912,486470.86494801985,485980.84447213792
1319,45,67.359384275345505,24.162938777135373,486199.86886760721,485980.84447213792
1320,45,67.359384275345505,26.471009450830739,486366.99742290162,485980.84447213792
1321,45,73.966956271100514,21.487286612079902,486315.83080289402,485980.84447213792
1322,45,78.973568412685097,21.748766232306494,486560.16659231711,485980.84447213792
1323,45,65.698843736601873,16.756534486622929,488325.53152182093,485980.84447213792
1324,45,73.821028260760585,27.737958102274227,486698.95422083058,485980.84447213792
1325,45,69.901525305996742,22.218336318614142,486168.10877596855,485980.84447213792
1326,45,74.431768941382614,25.005804580623973,486526.23884461803,485980.84447213792
1327,45,76.444508665872618,22.668002139160983,486493.22279441683,485980.84447213792
1328,45,67.354077544174899,20.913702719870198,485980.84447213792,485980.84447213792
1329,45,77.388396940882629,23.372571400119885,486574.49076635833,485980.84447213792
1330,45,67.292439416607962,22.624964065838462,486106.77494629711,485980.84447213792
1331,45,77.388396940882629,21.993200487639175,486500.38572204049,485980.84447213792
1332,45,75.1078641629815,22.867617864015781,486442.4655464387,485980.84447213792
1333,45,78.175007221016983,24.448763489082616,486668.48944440112,485980.84447213792
1334,45,64.171857354401965,21.712189208948267,487229.07380900253,485980.84447213792
1335,45,64.863062254235274,22.388024651619052,487014.78379941563,485980.84447213792
1336,46,67.664903464035021,20.913702719870198,485995.14146818209,485980.84447213792
1337,46,69.901525305996742,22.218336318614142,486168.10877596855,485980.84447213792
1338,46,57.441166725671081,22.246482040110386,489838.73502109246,485980.84447213792
1339,46,69.893782494629306,22.839472142519533,486201.1224070153,485980.84447213792
1340,46,78.804079453306471,21.748766232306494,486552.37064343772,485980.84447213792
1341,46,79.834472504024447,21.748766232306494,486599.76542111742,485980.84447213792
1342,46,70.51954556978518,21.925178051217912,486180.78615164687,485980.84447213792
1343,46,76.488733623478097,20.813937067642566,486395.64958326973,485980.84447213792
1344,46,67.353942342924967,24.162938777135373,486199.66655973188,485980.84447213792
1345,46,62.127927240218966,21.787920619823335,488012.93572732515,485980.84447213792
1346,46,74.265871262313283,20.913702719870198,486298.76482921687,485980.84447213792
1347,46,67.519975223244217,25.005804580623973,486266.8712909171,485980.84447213792
1348,46,77.388396940882629,22.218506156523759,486512.48999829206,485980.84447213792
1349,46,69.901525305996742,19.249242199454216,486779.01455346559,485980.84447213792
1350,46,67.926015181412879,24.789676396602871,486266.31617747701,485980.84447213792
1351,46,79.045876659205703,21.442047815759249,486547.01446162665,485980.84447213792
1352,46,67.293081981503917,20.914520243720055,485998.57452397072,485980.84447213792
1353,46,66.453763709740372,23.642497451404921,486499.8431028417,485980.84447213792
1354,46,64.006870404181228,22.32577540971749,487336.33492647525,485980.84447213792
1355,46,76.826045791900057,23.449899878655959,486552.77879553719,485980.84447213792
1356,46,69.901525305996742,22.218336318614142,486168.10877596855,485980.84447213792
1357,46,67.354077544174899,14.107484477633843,491557.44231715181,485980.84447213792
1358,46,75.1078641629815,22.823320966072913,486440.08574884036,485980.84447213792
1359,46,75.265024278012831,22.262633216557006,486417.19233498111,485980.84447213792
1360,46,67.347703237250272,20.914775155193833,485980.60888974962,485980.60888974962
1361,46,75.863465322153885,20.812864632318931,486366.8316302452,485980.60888974962
1362,46,77.464396333086611,19.258921708795341,487122.07866975438,485980.60888974962
1363,46,73.966956271100514,19.10712642920776,487036.54002187232,485980.60888974962
1364,46,67.354077544174899,20.913702719870198,485980.84447213792,485980.60888974962
1365,47,68.511259148228817,21.551398352174591,486068.33054823329,485980.60888974962
1366,47,63.296403146155299,23.694279768125728,487705.99217983725,485980.60888974962
1367,47,76.462431470983574,19.249242199454216,487080.79520777287,485980.60888974962
1368,47,64.284688849907212,20.913702719870198,487128.28603123163,485980.60888974962
1369,47,67.201139107918863,22.830207179425795,486156.40607541159,485980.60888974962
1370,47,75.260802599237536,20.90681650651732,486344.15852818586,485980.60888974962
1371,47,67.293081981503917,21.133053256314021,486010.31494740344,485980.60888974962
1372,47,75.849914641046354,22.218506156523759,486441.72474370233,485980.60888974962
1373,47,66.913237354596362,22.231230979087236,486222.67387982638,485980.60888974962
1374,47,75.223864729597253,15.287668558575678,490275.5771725754,485980.60888974962
1375,47,79.85781656096664,21.748766232306494,486600.83917291177,485980.60888974962
1376,47,71.373174977531718,21.451625628977947,486194.60933362896,485980.60888974962
1377,47,91.319508058505107,20.913702719870198,487083.17746083974,485980.60888974962
1378,47,57.471144611023647,23.449899878655959,489913.91415366752,485980.60888974962
1379,47,68.305604212565001,21.748766232306494,486069.47443249903,485980.60888974962
1380,47,67.354077544174899,22.130987174542643,486052.53695109446,485980.60888974962
1381,47,60.710396883312768,24.790903735217288,488770.21318730147,485980.60888974962
1382,47,74.806347830582141,21.151765330742805,486336.41464662523,485980.60888974962
1383,47,74.245348681244124,19.422330656830869,486892.91682349693,485980.60888974962
1384,47,77.464396333086611,16.145061214938906,489487.77436297666,485980.60888974962
1385,47,73.077412318485415,21.474631505406023,486274.23475187737,485980.60888974962
1386,47,87.612449449649958,19.074542739560982,487672.231286617,485980.60888974962
1387,47,69.793403420347246,25.142894898970543,486361.31445004157,485980.60888974962
1388,47,68.034137067062389,22.120253339609341,486077.04142617458,485980.60888974962
1389,47,67.274134407283114,20.914775155193833,486005.6367771267,485980.60888974962
1390,47,68.059344632577677,16.986208058073508,488191.39917437459,485980.60888974962
1391,47,67.355350313066694,20.516784445434709,486032.8476132272,485980.60888974962
1392,47,72.501421223022021,22.13211903860379,486283.06373512279,485980.60888974962
1393,47,69.901525305996742,25.954357828295574,486424.09239915223,485980.60888974962
1394,48,87.612449449649958,21.566998100304971,486947.76215592027,485980.60888974962
1395,48,67.274134407283114,20.914775155193833,486005.6367771267,485980.60888974962
1396,48,58.531712491258176,22.522367870761581,489435.64323411713,485980.60888974962
1397,48,77.253349169203929,21.057488885369338,486443.90397626342,485980.60888974962
1398,48,57.680940642012843,22.231230979087236,489741.96264689259,485980.60888974962
1399,48,61.590246606151673,20.540063331392307,488127.33958354121,485980.60888974962
1400,48,67.27151341755409,26.271252895204231,486378.77367760718,485980.60888974962
1401,48,67.356698533903923,22.31940024745597,486066.27747345797,485980.60888974962
1402,48,74.058146527022032,27.08686780664047,486660.62349343073,485980.60888974962
1403,48,74.719633731604574,21.065555144359955,486327.79453736928,485980.60888974962
1404,48,68.528401049407563,16.986208058073508,488212.97426610609,485980.60888974962
1405,48,63.473010615462883,21.551398352174591,487483.56865312194,485980.60888974962
1406,48,70.454990059380179,19.057604418923052,486899.57742800988,485980.60888974962
1407,48,67.347821857090196,20.914775155193833,485980.61434588523,485980.60888974962
1408,48,68.323661866977872,22.422037041820271,486109.65703474195,485980.60888974962
1409,48,50.048477878436316,24.369889988424163,492942.12078341807,485980.60888974962
1410,48,68.688959888117296,20.516784445434709,486094.18937914068,485980.60888974962
1411,48,67.293081981503917,22.037518195813224,486063.99299187242,485980.60888974962
1412,48,68.105700264528195,26.136133246035008,486370.49371968262,485980.60888974962
1413,48,63.085427069452152,20.913702719870198,487584.99400877149,485980.60888974962
1414,48,68.511259148228817,21.502607543297376,486065.70932067093,485980.60888974962
1415,48,68.034137067062389,23.389507491855902,486168.94875604252,485980.60888974962
1416,48,74.101484657192486,20.976295450353689,486294.56629149185,485980.60888974962
1417,48,71.891331200235086,25.892837533135719,486493.61019453156,485980.60888974962
1418,48,64.792083361697451,20.914775155193833,486935.13554841455,485980.60888974962
1419,48,67.079235347470657,22.231230979087236,486159.45781739027,485980.60888974962
1420,48,70.460317723661205,19.422330656830869,486718.81753137929,485980.60888974962
1421,48,67.355350313066694,20.038713778700995,486270.1027079823,485980.60888974962
1422,48,79.411134444486308,20.914714175408573,486535.48478302034,485980.60888974962
1423,49,76.59752067388267,20.791400762857762,486399.44270301377,485980.60888974962
1424,49,68.492744184881005,22.351687154315233,486110.84872474719,485980.60888974962
1425,49,63.927542476513878,22.184101000447342,487356.28621061461,485980.60888974962
1426,49,62.792770156085766,23.095363571788678,487854.42001729994,485980.60888974962
1427,49,82.949702623795275,27.323994443236778,487064.61779776285,485980.60888974962
1428,49,74.716321175141871,21.065803404219306,486327.65550784935,485980.60888974962
1429,49,87.612449449649958,21.566998100304971,486947.76215592027,485980.60888974962
1430,49,67.347821857090196,23.006190024148374,486115.67826866114,485980.60888974962
1431,49,67.079235347470657,22.231230979087236,486159.45781739027,485980.60888974962
1432,49,70.618881990898558,21.502607543297376,486162.65321600053,485980.60888974962
1433,49,67.355350313066694,22.101954885889292,486050.48202463577,485980.60888974962
1434,49,69.86349616856549,18.993749235432098,486904.06041284732,485980.60888974962
1435,49,70.454990059380179,19.057604418923052,486899.57742800988,485980.60888974962
1436,49,68.906994973755403,20.516784445434709,486104.21829422808,485980.60888974962
1437,49,74.058146527022032,28.773047142893976,486782.72058501758,485980.60888974962
1438,49,58.531712491258176,27.90946101888408,489825.72535133414,485980.60888974962
1439,49,76.157408694790618,20.857261974376584,486382.73727706767,485980.60888974962
1440,49,64.729275394386562,21.423290831422211,486995.87622115761,485980.60888974962
1441,49,66.832192994051496,22.415590246791815,486266.88708534196,485980.60888974962
1442,49,68.323661866977872,22.528814665790037,486117.38885605719,485980.60888974962
1443,49,56.896300646600096,20.022858352634906,489895.11889096897,485980.60888974962
1444,49,68.335738212514585,22.41524251090371,486109.61398646003,485980.60888974962
1445,49,68.738710903183048,26.832389750477368,486444.44264271035,485980.60888974962
1446,49,74.008395511956294,20.771262501597882,486279.26934045192,485980.60888974962
1447,49,64.823325298059913,23.592456154030259,487117.13008553814,485980.60888974962
1448,49,68.034137067062389,20.313835783260352,486164.78821949067,485980.60888974962
1449,49,67.306207285689553,22.290405976607655,486077.30628870724,485980.60888974962
1450,49,68.730574459517939,20.521319340378859,486093.85295559803,485980.60888974962
1451,49,67.355350313066694,20.038713778700995,486270.1027079823,485980.60888974962
1452,50,66.05498574182073,23.912750414719866,486671.27657917491,485980.60888974962
1453,50,68.029015957229646,19.09086674389907,486771.48309482512,485980.60888974962
1454,50,73.936193115848297,22.732062636636748,486381.28989209759,485980.60888974962
1455,50,68.227465470690262,20.771262501597882,486013.36508782429,485980.60888974962
1456,50,67.21721817826986,22.003279618040715,486090.40453584446,485980.60888974962
1457,50,77.432389102251449,19.676415280241468,486913.41431575152,485980.60888974962
1458,50,64.398121742134876,22.41524251090371,487193.81528373447,485980.60888974962
1459,50,72.174394929792854,19.808197474557957,486606.16307007143,485980.60888974962
1460,50,69.009881433605017,20.653050947709144,486043.00294063875,485980.60888974962
1461,50,76.851555497719332,22.533801800680553,486504.73589211737,485980.60888974962
1462,50,76.590314373315451,20.952658964006652,486407.77463931724,485980.60888974962
1463,50,67.347703237250272,21.554662769874191,486014.98608272598,485980.60888974962
1464,50,68.738710903183048,20.812622898145825,486039.10277664376,485980.60888974962
1465,50,67.355350313066694,25.508611021553936,486297.15970432153,485980.60888974962
1466,50,68.335738212514585,24.956494168477821,486293.6272937688,485980.60888974962
1467,50,68.906994973755403,20.566633424577525,486079.47943218297,485980.60888974962
1468,50,68.636720647096581,23.095363571788678,486170.05113902141,485980.60888974962
1469,50,62.886623968507145,20.521319340378859,487632.29037480464,485980.60888974962
1470,50,71.906873006777388,22.081434773792552,486252.9934716401,485980.60888974962
1471,50,70.618881990898558,21.502607543297376,486162.65321600053,485980.60888974962
1472,50,63.754649729673794,20.052651070363122,487268.57977777009,485980.60888974962
1473,50,65.2873794757882,19.043667127260921,486668.80065076408,485980.60888974962
1474,50,86.026197752164123,19.703532099366821,487295.24453641736,485980.60888974962
1475,50,67.355350313066694,22.86399634512421,486105.66182896669,485980.60888974962
1476,50,77.507655127050711,20.771262501597882,486440.22406677791,485980.60888974962
1477,50,64.285783504654944,20.659801587866806,487109.48405182111,485980.60888974962
1478,50,68.492744184881005,19.876429812241071,486402.95685098291,485980.60888974962
1479,50,76.34170767741611,20.670671880515123,486381.19011102803,485980.60888974962
1480,50,68.884738433769897,28.135769648487177,486544.24971676577,485980.60888974962
