evaluation,generation,energy,power,cost,best_cost
1,0,62.509546660466697,45.374621043630896,489602.12597522559,489602.12597522559
2,0,77.568569024519348,15.134323549576633,490518.53919411253,489602.12597522559
3,0,30.016628491122542,44.309905042831787,502781.93421666831,489602.12597522559
4,0,0,0,521956.5,489602.12597522559
5,0,79.706942875204618,26.057072877967435,486834.12640145799,486834.12640145799
6,0,30.303242681931351,17.529152544534799,500352.83851260645,486834.12640145799
7,0,25.48695876541246,25.028433764719097,503436.52004506247,486834.12640145799
8,0,50.454825895795331,29.907380843352161,493180.96339000063,486834.12640145799
9,0,99.550028343439266,40.669786364618886,488684.96337301633,486834.12640145799
10,0,62.217922944116268,49.50320664568482,490067.29989034066,486834.12640145799
11,0,21.530869823559897,12.209541523603004,504757.64397473971,486834.12640145799
12,0,61.253960427303078,6.9773903582622516,503928.3647284233,486834.12640145799
13,0,0,0,521956.5,486834.12640145799
14,0,46.620602532528906,46.272549793678351,496107.64265919197,486834.12640145799
15,0,62.922625449101041,28.135294096978125,488169.91186925245,486834.12640145799
16,0,49.687343539350422,16.138171491229887,492490.14787510445,486834.12640145799
17,0,0,0,521956.5,486834.12640145799
18,0,69.203212088183918,14.027302579414783,491751.74874362355,486834.12640145799
19,0,36.953631060220673,5.1680408923434182,506987.97154462303,486834.12640145799
20,0,83.00477298017455,11.950748647764794,495606.73175269994,486834.12640145799
21,0,26.759930456378545,44.61494692913729,504559.29722628911,486834.12640145799
22,0,50.97908098684232,43.121761086464119,494028.90491384699,486834.12640145799
23,0,63.971716694252621,38.379692631283568,488512.19451120711,486834.12640145799
24,0,9.1495605063045655,29.351471961941993,513849.31989421527,486834.12640145799
25,0,50.777223630034996,44.210271951179628,494215.31265886076,486834.12640145799
26,0,36.126405901415758,31.918283024324587,499051.45446268073,486834.12640145799
27,0,5.9251642345503619,22.443431049982792,516365.06249626185,486834.12640145799
28,0,32.303634625820663,11.758987808170335,500562.70127388427,486834.12640145799
29,0,81.633810381907566,22.07507771976406,486700.05988863565,486700.05988863565
30,0,97.874788441122163,31.549626185477461,488022.40438566811,486700.05988863565
31,1,84.798137985486647,16.487495065110611,489412.50473239418,486700.05988863565
32,1,46.76456735163363,46.734257286504572,496093.08205315418,486700.05988863565
33,1,40.455233520061398,22.07507771976406,496592.29629089433,486700.05988863565
34,1,80.205022361485078,11.355708484794844,496434.03369517945,486700.05988863565
35,1,76.257709420381005,26.998577893514501,486736.00075945246,486700.05988863565
36,1,50.369728512881188,15.134323549576633,492148.16350213561,486700.05988863565
37,1,49.679253807693456,20.224819467321364,492789.29184877832,486700.05988863565
38,1,54.289176057866051,43.154015938533703,492681.10220563278,486700.05988863565
39,1,35.718206718314107,24.120596069838633,498612.21413000027,486700.05988863565
40,1,75.351559448198486,36.520376899181535,487391.79220423539,486700.05988863565
41,1,69.203212088183918,12.061769726020723,494829.73948346649,486700.05988863565
42,1,97.874788441122163,33.515359750283764,488148.6021177863,486700.05988863565
43,1,50.777223630034996,24.163032004910519,492636.37787337776,486700.05988863565
44,1,81.633810381907566,44.106020717752074,488174.61981906614,486700.05988863565
45,1,97.810587156034032,26.182035703504901,487674.85847504961,486700.05988863565
46,1,80.204794000684629,37.036538297604679,487609.59030622942,486700.05988863565
47,1,63.144254323476638,38.379692631283568,488827.31225447555,486700.05988863565
48,1,59.290040166053245,29.907380843352161,489681.60615407163,486700.05988863565
49,1,51.473092879103987,36.941463446589268,493300.54821772134,486700.05988863565
50,1,45.124207741889819,16.138171491229887,494310.8056512294,486700.05988863565
51,1,77.568569024519348,15.638550726759917,490006.25302951119,486700.05988863565
52,1,62.217922944116268,48.606649333488029,489990.95911283733,486700.05988863565
53,1,50.454825895795331,29.080196813773803,493121.06657947338,486700.05988863565
54,1,57.12354844132954,38.379692631283568,491133.67626313423,486700.05988863565
55,1,9.9053887215070802,28.859360867740179,513185.55185263598,486700.05988863565
56,1,62.217922944116268,49.741268355175194,490087.57055876171,486700.05988863565
57,1,37.254363768933501,15.134323549576633,497404.92069413589,486700.05988863565
58,1,78.712419485494593,44.210271951179628,488073.56382855593,486700.05988863565
59,1,61.253960427303078,25.895739231030269,488643.21269653132,486700.05988863565
60,2,97.150350561703107,9.1822740343398159,500695.61018267041,486700.05988863565
61,2,69.818555260656737,22.678514721925602,486189.01495142328,486189.01495142328
62,2,38.150445607542551,22.07507771976406,497510.4488003623,486189.01495142328
63,2,51.473092879103987,36.643118770918122,493275.1445271878,486189.01495142328
64,2,61.946796381917309,22.808634836406426,488155.82518046442,486189.01495142328
65,2,76.528835982547108,49.741268355175194,488392.88971549668,486189.01495142328
66,2,71.615555971611897,26.998577893514501,486563.42525992182,486189.01495142328
67,2,54.289176057866051,43.154015938533703,492681.10220563278,486189.01495142328
68,2,97.874788441122163,44.322362546076668,488842.39870763902,486189.01495142328
69,2,78.712419485494593,32.808862470684545,487247.98204871302,486189.01495142328
70,2,80.352992642198259,36.49636147285382,487575.9852258605,486189.01495142328
71,2,75.681699738869767,44.130036099947226,487955.08465455507,486189.01495142328
72,2,53.500174539550947,25.895739231030269,491675.40659483778,486189.01495142328
73,2,75.375328828173167,11.355708484794844,496211.8832729772,486189.01495142328
74,2,66.515377311270228,47.717545672752095,488240.77006353368,486189.01495142328
75,2,62.217922944116268,39.673024169725018,489273.73250005028,486189.01495142328
76,2,77.585590616065645,41.334067471740738,487823.40571991785,486189.01495142328
77,2,62.249798545900646,47.562094431317597,489889.59633967548,486189.01495142328
78,2,63.144254323476638,44.115948004003684,489247.64061435143,486189.01495142328
79,2,81.633810381907566,40.193453980144334,487891.30889891065,486189.01495142328
80,2,76.257709420381005,32.635146235168691,487144.14750057855,486189.01495142328
81,2,76.31955879852643,30.638820705149914,487001.89186405251,486189.01495142328
82,2,84.28217226951088,16.487495065110611,489393.32332399505,486189.01495142328
83,2,62.733888261458254,48.606649333488029,489789.91564654978,486189.01495142328
84,2,64.426396093887035,14.038982501538955,491543.97205124417,486189.01495142328
85,2,88.530295357885961,44.808477521351911,488481.86701565259,486189.01495142328
86,2,57.12354844132954,37.982633647428543,491104.9250229341,486189.01495142328
87,2,54.289176057866051,43.154015938533703,492681.10220563278,486189.01495142328
88,2,78.196179775870831,41.531141686571701,487860.37506783108,486189.01495142328
89,3,76.954232307363171,30.638820705149914,487025.48632274993,486189.01495142328
90,3,75.681699738869767,43.918148965111314,487939.74180083151,486189.01495142328
91,3,61.794311988061068,23.387530001239707,488255.8130258809,486189.01495142328
92,3,69.818555260656737,46.831859032592142,487932.75826125924,486189.01495142328
93,3,75.681699738869767,44.380139273989698,487973.19475084834,486189.01495142328
94,3,56.642925844340887,25.747931955759704,490410.76903359714,486189.01495142328
95,3,72.423797823219616,21.198857065782768,486229.35492979112,486189.01495142328
96,3,66.515377311270228,48.523614238662702,488309.4058330548,486189.01495142328
97,3,61.510475289316204,43.981032686926049,489872.747076331,486189.01495142328
98,3,62.616123585991858,40.185364111685857,489159.18682832841,486189.01495142328
99,3,93.925025540613461,16.463964632778818,489775.71006628813,486189.01495142328
100,3,83.254494807051799,44.808477521351911,488285.73521485727,486189.01495142328
101,3,51.574941523589935,38.133450100877461,493360.50917284167,486189.01495142328
102,3,62.632039616972314,44.187887999340916,489453.34827684192,486189.01495142328
103,3,92.603058668263898,25.937829332711871,487419.65110050945,486189.01495142328
104,3,62.417538789994211,41.850281093761517,489355.37020974531,486189.01495142328
105,3,76.610003580819011,32.635146235168691,487157.24429743778,486189.01495142328
106,3,61.594502221426069,22.808634836406426,488289.98734269221,486189.01495142328
107,3,72.498638749433596,31.608051717620754,486930.02882943023,486189.01495142328
108,3,71.884426004024405,24.903714070664666,486421.73056263808,486189.01495142328
109,3,76.217310133981158,43.745769025901673,487947.17139689351,486189.01495142328
110,3,55.013140798887051,46.694996686553665,492691.22597751592,486189.01495142328
111,3,76.528835982547108,49.974560363069159,488409.78250681621,486189.01495142328
112,3,77.585590616065645,40.35614661309657,487752.59397998272,486189.01495142328
113,3,81.633810381907566,22.07507771976406,486700.05988863565,486189.01495142328
114,3,62.733888261458254,48.606649333488029,489789.91564654978,486189.01495142328
115,3,80.368012796177752,39.021148643697188,487759.36471679789,486189.01495142328
116,3,61.931776224450807,18.986061948701952,487889.39334590198,486189.01495142328
117,3,76.565942882949372,44.130036099947226,487987.95704965922,486189.01495142328
118,4,67.106599470211037,44.380139273989698,487752.85045598081,486189.01495142328
119,4,77.892504362071136,24.759802634634035,486672.20542262204,486189.01495142328
120,4,89.783828652275005,25.937829332711871,487289.97555608524,486189.01495142328
121,4,92.603058668263898,26.572201750805153,487460.3770472575,486189.01495142328
122,4,93.925025540613461,17.726382498871679,488535.12553897838,486189.01495142328
123,4,81.633810381907566,16.199046277362129,489587.92752689775,486189.01495142328
124,4,59.339191369684585,15.204168470563371,489673.47255051235,486189.01495142328
125,4,73.344629872101109,39.47131491945958,487530.86201019085,486189.01495142328
126,4,70.136128353584411,25.629199727246629,486409.26908034133,486189.01495142328
127,4,61.018591120934595,49.656363774638123,490547.65505641769,486189.01495142328
128,4,86.09473590435789,21.937276065017727,486897.84493606753,486189.01495142328
129,4,61.931776224450807,13.903073934414994,491646.17514446197,486189.01495142328
130,4,93.925025540613461,16.463964632778818,489775.71006628813,486189.01495142328
131,4,70.546133080998501,22.678514721925602,486222.48119909567,486189.01495142328
132,4,78.036391442442934,32.568896802442644,487205.47417009971,486189.01495142328
133,4,73.713660667082053,40.607336851223941,487626.84092181275,486189.01495142328
134,4,68.628739822253365,27.399726164314497,486481.43550048571,486189.01495142328
135,4,75.681699738869767,43.513849217427499,487910.46625329007,486189.01495142328
136,4,66.910873836385363,25.009154205023993,486424.72477919009,486189.01495142328
137,4,62.632039616972314,41.557447390094083,489252.47885611036,486189.01495142328
138,4,83.245384153588304,39.987239307102953,487936.28824194893,486189.01495142328
139,4,62.184291466915283,32.635146235168691,488776.92391069996,486189.01495142328
140,4,69.471504991031082,47.144452897077187,487942.49148846563,486189.01495142328
141,4,57.791880972275706,47.913944620378061,491657.95324994146,486189.01495142328
142,4,71.266162875737962,45.285974028558982,487874.63584004785,486189.01495142328
143,4,83.782402707632997,21.887571036424923,486788.81467768422,486189.01495142328
144,4,77.585590616065645,43.740464827968069,487997.65415961837,486189.01495142328
145,4,73.920482592947721,26.331821406595243,486600.83244593127,486189.01495142328
146,4,80.416881725266535,22.678514721925602,486676.50399861124,486189.01495142328
147,5,79.620383282997693,22.678514721925602,486639.86762323696,486189.01495142328
148,5,92.929936111843261,30.900559298234803,487753.28771395423,486189.01495142328
149,5,86.029391289362209,24.89157354039736,487053.55537412199,486189.01495142328
150,5,66.9762182743588,22.054856729644357,486185.91786992585,486185.91786992585
151,5,75.979873983572517,32.568896802442644,487129.02160736715,486185.91786992585
152,5,70.933578758794923,32.568896802442644,486941.42183738656,486185.91786992585
153,5,70.284269911537564,26.767531663723446,486497.20353925321,486185.91786992585
154,5,98.99836619255386,25.129820373296205,487662.88617572718,486185.91786992585
155,5,69.471504991031082,47.21337218653138,487947.4819687875,486185.91786992585
156,5,80.416881725266535,22.678514721925602,486676.50399861124,486185.91786992585
157,5,82.068145211234253,37.426315686469238,487707.08574658667,486185.91786992585
158,5,70.125516628988777,24.299679023604259,486312.6033205188,486185.91786992585
159,5,73.822772813749282,23.78847225053536,486432.82725848007,486185.91786992585
160,5,67.008583615583802,24.258848511201272,486333.18451336824,486185.91786992585
161,5,74.831983137236207,24.759802634634035,486531.43125598278,486185.91786992585
162,5,66.910873836385363,25.009154205023993,486424.72477919009,486185.91786992585
163,5,66.910873836385363,25.315901470389935,486446.93650255067,486185.91786992585
164,5,73.213055980193943,34.788091997613755,487186.8561320731,486185.91786992585
165,5,70.152611552934673,45.210932998176872,487827.8049845706,486185.91786992585
166,5,71.2496796763877,25.703662992154136,486456.05809953099,486185.91786992585
167,5,70.136128353584411,20.791436467404722,486102.24128477299,486102.24128477299
168,5,73.344629872101109,39.47131491945958,487530.86201019085,486102.24128477299
169,5,66.89554305789126,43.684289022693036,487782.83899181389,486102.24128477299
170,5,67.121930248705141,25.704818628124777,486394.7227874549,486102.24128477299
171,5,89.783828652275005,13.600752233513003,493267.40134046564,486102.24128477299
172,5,61.931776224450807,24.476304152107978,488282.30199249979,486102.24128477299
173,5,69.818555260656737,40.820670353866376,487497.48507360241,486102.24128477299
174,5,73.372662134564891,22.465175493243166,486341.03108221933,486102.24128477299
175,5,77.771592033352505,27.312461683151511,486825.70091835619,486102.24128477299
176,6,73.429389772696226,24.258848511201272,486440.00329870702,486102.24128477299
177,6,66.951855977452482,22.465175493243166,486224.90701106354,486102.24128477299
178,6,67.121930248705141,25.704818628124777,486394.7227874549,486102.24128477299
179,6,77.95955136599926,24.451849656167838,486658.74496627663,486102.24128477299
180,6,64.543551112470126,19.950248350253553,486969.60447170614,486102.24128477299
181,6,67.986078944035725,25.378967889369903,486311.21998502815,486102.24128477299
182,6,71.254708957771555,25.78515093047239,486462.14564929664,486102.24128477299
183,6,73.36763285318105,22.405918768447226,486337.61625508365,486102.24128477299
184,6,64.732262990327015,25.704818628124777,487304.76604768628,486102.24128477299
185,6,61.734158244058214,18.445991831864792,487933.89325014449,486102.24128477299
186,6,67.323732596192514,24.258848511201272,486213.1681367202,486102.24128477299
187,6,73.015981645836078,25.056303841504949,486474.84608523559,486102.24128477299
188,6,85.144991872994495,20.189583064969767,487013.49636328401,486102.24128477299
189,6,71.682355497142737,25.493426942832325,486456.91984647606,486102.24128477299
190,6,74.95713371685288,37.6253891625298,487457.14362726215,486102.24128477299
191,6,97.890902178977768,24.560729146939263,487581.37263868225,486102.24128477299
192,6,70.125516628988777,24.299291431413067,486312.57525477372,486102.24128477299
193,6,67.008583615583802,24.57973664526499,486356.42018412502,486102.24128477299
194,6,76.019163756527703,22.678514721925602,486474.22306779365,486102.24128477299
195,6,70.916472352624183,28.924317721201895,486676.88009451726,486102.24128477299
196,6,70.559335514775412,27.201231413248951,486538.83372360747,486102.24128477299
197,6,77.496526430114642,28.943946504333265,486922.91981812922,486102.24128477299
198,6,92.929936111843261,32.09294687153583,487829.83756295196,486102.24128477299
199,6,96.034486078871566,25.559886141767404,487553.22226427117,486102.24128477299
200,6,70.133590163152846,24.299679023604259,486312.90346014587,486102.24128477299
201,6,70.925505224630868,28.97609529664247,486680.96513845015,486102.24128477299
202,6,73.808081955786946,23.78847225053536,486432.15152609895,486102.24128477299
203,6,69.177693910913447,24.299679023604259,486277.36730757344,486102.24128477299
204,6,66.949518965773393,27.276369552344626,486574.17797708936,486102.24128477299
205,7,60.721470390506859,24.273892475808719,488728.55908248801,486102.24128477299
206,7,63.732787433511,23.117539202479406,487498.04438378668,486102.24128477299
207,7,70.133590163152846,24.200386620141497,486305.71364740236,486102.24128477299
208,7,89.954156722997979,24.305475537268848,487202.59459350712,486102.24128477299
209,7,67.323732596192514,22.405337911046168,486078.95450437476,486078.95450437476
210,7,69.91379886053771,27.582155926521111,486542.4183545094,486078.95450437476
211,7,71.639246191883487,25.493426942832325,486455.3172260584,486078.95450437476
212,7,71.662583936344646,24.299679023604259,486369.74493837223,486078.95450437476
213,7,68.886911969751523,24.299679023604259,486266.55727311061,486078.95450437476
214,7,70.133590163152846,24.299679023604259,486312.90346014587,486078.95450437476
215,7,69.177693910913447,23.400405934682045,486212.25049209653,486078.95450437476
216,7,81.460231949567287,14.569735062233757,491357.97258778627,486078.95450437476
217,7,70.96680310123044,28.564876637830768,486652.72386829433,486078.95450437476
218,7,70.136128353584411,21.202655126217589,486124.33351294708,486078.95450437476
219,7,72.493771193359294,24.258848511201272,486397.68838361721,486078.95450437476
220,7,71.250026194552234,25.78515093047239,486461.97156409471,486078.95450437476
221,7,81.19466927424935,28.76541090804248,487076.42909349664,486078.95450437476
222,7,70.925505224630868,28.97609529664247,486680.96513845015,486078.95450437476
223,7,70.312227541818956,22.962684743979928,486226.98898688849,486078.95450437476
224,7,69.173673423758331,25.058895654337647,486332.19310006045,486078.95450437476
225,7,70.133590163152846,25.709926133438415,486415.02016079985,486078.95450437476
226,7,79.04950964024701,24.294571518290624,486700.42997439904,486078.95450437476
227,7,71.325375012740864,21.500685939422951,486195.04639466573,486078.95450437476
228,7,67.051264193735818,25.704818628124777,486421.63413539517,486078.95450437476
229,7,67.467651339946883,22.678514721925602,486096.40588560351,486078.95450437476
230,7,79.226587365230642,22.207543206406626,486596.45189465175,486078.95450437476
231,7,77.95955136599926,26.102037741967944,486756.63868306542,486078.95450437476
232,7,69.367854147107536,23.647087493483237,486237.18217541103,486078.95450437476
233,7,69.387262169281328,24.774774443901332,486319.56006081199,486078.95450437476
234,8,62.952784393192609,20.760368842311966,487624.40457453509,486078.95450437476
235,8,76.216754908792865,22.743960128838143,486486.82760329719,486078.95450437476
236,8,70.133545272665046,23.118868839218411,486227.39873351733,486078.95450437476
237,8,70.136173244072225,21.118805539749271,486119.83085951972,486078.95450437476
238,8,69.387262169281328,24.774774443901332,486319.56006081199,486078.95450437476
239,8,71.662583936344646,24.299679023604259,486369.74493837223,486078.95450437476
240,8,69.91379886053771,29.449765355909353,486677.65289015207,486078.95450437476
241,8,70.99160202746792,23.430916115211804,486283.39320329187,486078.95450437476
242,8,74.192106607572555,27.31915833516647,486682.42383253662,486078.95450437476
243,8,67.323732596192514,22.668335502400808,486097.99829189398,486078.95450437476
244,8,70.312227541818956,22.962684743979928,486226.98898688849,486078.95450437476
245,8,69.317119448463373,22.405337911046168,486151.27441546519,486078.95450437476
246,8,70.284051949509049,22.962684743979928,486225.69299994974,486078.95450437476
247,8,67.351908188502406,22.439432548242387,486074.79098792491,486074.79098792491
248,8,75.879356814473866,24.258848511201272,486552.69392989669,486074.79098792491
249,8,70.136128353584411,20.791436467404722,486102.24128477299,486074.79098792491
250,8,67.301483543799577,28.564876637830768,486533.44277228962,486074.79098792491
251,8,82.104151158832181,24.299679023604259,486841.20808798069,486074.79098792491
252,8,71.277932432711395,21.409540227132759,486187.96749421471,486074.79098792491
253,8,70.897479901605266,17.916591047223687,487486.18832496443,486074.79098792491
254,8,70.142371117619049,24.469269842137706,486325.51005488564,486074.79098792491
255,8,71.402472253752919,23.635406735015117,486313.27792952338,486074.79098792491
256,8,71.308458429769985,20.898449510166632,486161.91385777656,486074.79098792491
257,8,69.820863401783328,28.03924680411988,486572.06158959959,486074.79098792491
258,8,70.162632388521757,22.177171662935407,486177.90734320553,486074.79098792491
259,8,87.232217334761188,20.791436467404722,486888.60658083775,486074.79098792491
260,8,67.551735238025387,23.647087493483237,486169.66660717624,486074.79098792491
261,8,69.373674681534283,23.04006163526731,486193.4435112038,486074.79098792491
262,8,68.661724218574804,20.791436467404722,486034.42342038511,486034.42342038511
263,9,65.589061109157711,20.791436467404722,486625.86322234006,486034.42342038511
264,9,78.884407015219949,22.743960128838143,486609.53104972257,486034.42342038511
265,9,63.69654973560494,20.817685240162522,487345.31099909835,486034.42342038511
266,9,68.726499617588232,22.082706733395437,486106.77482409519,486034.42342038511
267,9,71.911835903559648,21.09278868263096,486200.1079260562,486034.42342038511
268,9,71.662583936344646,23.998326808378017,486347.92387329845,486034.42342038511
269,9,70.159227600813935,20.118415662292147,486359.51792804606,486034.42342038511
270,9,66.992815773512518,22.177171662935407,486188.45402530476,486034.42342038511
271,9,69.373674681534283,19.241602812654875,486758.52636249748,486034.42342038511
272,9,66.604934346293774,20.811904031338369,486249.05471728183,486034.42342038511
273,9,67.323732596192514,25.281604389371864,486287.22640290996,486034.42342038511
274,9,70.99160202746792,23.430916115211804,486283.39320329187,486034.42342038511
275,9,70.230955949331189,24.245471226448167,486312.59789172083,486034.42342038511
276,9,65.905437415954665,21.173013336905363,486529.84247323463,486034.42342038511
277,9,71.308458429769985,20.898449510166632,486161.91385777656,486034.42342038511
278,9,67.351908188502406,23.515652829453824,486152.72063835856,486034.42342038511
279,9,67.580431284272478,23.37317227990113,486150.89906596963,486034.42342038511
280,9,69.879429665504446,18.801433980379485,487000.23478699464,486034.42342038511
281,9,68.661724218574804,20.791436467404722,486034.42342038511,486034.42342038511
282,9,70.136128353584411,21.922696499237787,486163.01687024836,486034.42342038511
283,9,66.653375177572627,22.668335502400808,486353.28665834025,486034.42342038511
284,9,70.312227541818956,21.622351895041341,486154.98121561215,486034.42342038511
285,9,69.310880956730557,18.150247867389588,487297.25153965328,486034.42342038511
286,9,67.329971087925344,22.377419615232437,486074.55715758225,486034.42342038511
287,9,70.135846337668582,20.540053367523193,486149.19370592316,486034.42342038511
288,9,70.162959294925415,21.118805539749271,486121.06293200387,486034.42342038511
289,9,59.673316324394754,23.717700006322083,489087.44740113046,486034.42342038511
290,9,75.551486521642275,24.074141138053914,486527.68976571766,486034.42342038511
291,9,62.430750572180919,21.118805539749271,487849.16229806934,486034.42342038511
292,10,65.453052812318447,18.808238012929991,486793.25895991438,486034.42342038511
293,10,62.925559229178106,22.924934883057151,487791.5098902469,486034.42342038511
294,10,67.270034866694189,20.817685240162522,486001.94578038156,486001.94578038156
295,10,63.77842305741315,23.298192069325946,487493.74639589334,486001.94578038156
296,10,64.503713294464873,20.791436467404722,487036.02284900536,486001.94578038156
297,10,70.159227600813935,24.3439848478999,486317.06475788204,486001.94578038156
298,10,70.135846337668582,20.544328449251342,486147.07208459894,486001.94578038156
299,10,70.162959294925415,15.587235767540408,489766.5243557847,486001.94578038156
300,10,68.288671186925569,14.54090499442777,490913.45743319101,486001.94578038156
301,10,58.415447538356972,22.177171662935407,489454.92391794984,486001.94578038156
302,10,70.136128353584411,25.248157189234526,486381.67759901931,486001.94578038156
303,10,68.726499617588232,18.477729091832622,487107.85073285195,486001.94578038156
304,10,59.157258704643375,28.691154543855202,489644.10499912081,486001.94578038156
305,10,68.245322656072631,20.771688555127536,486014.20935032534,486001.94578038156
306,10,68.56485500233758,20.22815878016096,486231.71900113451,486001.94578038156
307,10,67.729540507262882,24.530133997780304,486240.21849035606,486001.94578038156
308,10,70.924120321891166,21.118805539749271,486156.07389954367,486001.94578038156
309,10,71.856007134637736,23.704455220999428,486337.84862727387,486001.94578038156
310,10,67.329971087925344,22.377419615232437,486074.55715758225,486001.94578038156
311,10,70.345402195000986,16.865755230195479,488423.83916551329,486001.94578038156
312,10,71.499539547670395,20.622502499274127,486171.00168066466,486001.94578038156
313,10,68.470643100674408,22.878615557653312,486148.18225055077,486001.94578038156
314,10,70.199279978170523,31.923936983361454,486867.42187124328,486001.94578038156
315,10,71.694259907505312,28.71066060111232,486690.32390484569,486001.94578038156
316,10,68.419413933539985,20.791436467404722,486023.27792393399,486001.94578038156
317,10,68.749476914767442,22.591974390017747,486137.79227378051,486001.94578038156
318,10,70.425044807282504,20.129558388299365,486366.21479779028,486001.94578038156
319,10,67.038500382728543,21.562096572212795,486128.06995458575,486001.94578038156
320,10,70.790046552259994,23.681103342590191,486292.51633822505,486001.94578038156
321,11,71.856007134637736,23.704455220999428,486337.84862727387,486001.94578038156
322,11,70.425044807282504,20.459572712076682,486202.43654259056,486001.94578038156
323,11,71.350640180340321,26.006223029498898,486481.71990527055,486001.94578038156
324,11,70.10387244578645,20.129558388299365,486351.44189859164,486001.94578038156
325,11,65.993799394665842,22.4971375453833,486592.07258643035,486001.94578038156
326,11,67.329971087925344,18.688520082779132,486939.00434430188,486001.94578038156
327,11,70.815241385649188,23.307577546944653,486268.65496271616,486001.94578038156
328,11,62.799988379204351,22.347842327043782,487797.5427545291,486001.94578038156
329,11,68.470643100674408,22.878615557653312,486148.18225055077,486001.94578038156
330,11,70.9488334993313,20.605248054115503,486154.23393808835,486001.94578038156
331,11,67.734172523594282,24.3439848478999,486226.91153568542,486001.94578038156
332,11,70.154595584482536,24.530133997780304,486330.37171255809,486001.94578038156
333,11,70.199279978170523,31.923936983361454,486867.42187124328,486001.94578038156
334,11,70.199279978170523,34.189751977183995,487031.49067156104,486001.94578038156
335,11,68.679730346603492,20.791436467404722,486035.25164456113,486001.94578038156
336,11,68.401407805511298,19.068064087083528,486799.92834216915,486001.94578038156
337,11,67.270571133592682,20.791436467404722,486000.3361036093,486000.3361036093
338,11,68.418877666641492,20.817685240162522,486024.66344114218,486000.3361036093
339,11,71.499539547670395,23.95878583631692,486338.99939553277,486000.3361036093
340,11,73.207287573135829,20.791436467404722,486243.50476507528,486000.3361036093
341,11,61.624675859178275,23.197774647809826,488306.67429843708,486000.3361036093
342,11,67.270034866694189,13.728917543937232,492147.14729404746,486000.3361036093
343,11,73.951192806768589,22.591974390017747,486374.45375713299,486000.3361036093
344,11,68.727109833836067,16.880513351033855,488333.80724199233,486000.3361036093
345,11,67.174176656317101,23.649169530354612,486225.97550568421,486000.3361036093
346,11,70.136169380845075,24.247122281999808,486309.19368445198,486000.3361036093
347,11,63.77842305741315,23.298192069325946,487493.74639589334,486000.3361036093
348,11,66.883299867233447,19.488977219525545,486521.21107217803,486000.3361036093
349,11,67.06738806464648,20.866343896066283,486079.94516807131,486000.3361036093
350,12,70.089966795129072,20.791436467404722,486100.11800104188,486000.3361036093
351,12,66.883299867233447,20.089467272476426,486223.20214938244,486000.3361036093
352,12,67.174176656317101,25.075776214909094,486329.27681135025,486000.3361036093
353,12,67.174176656317101,23.759707648572338,486233.97962627426,486000.3361036093
354,12,68.470643100674408,19.941710809560682,486369.54286653682,486000.3361036093
355,12,70.9488334993313,20.605248054115503,486154.23393808835,486000.3361036093
356,12,68.439172894557402,23.70764731077784,486207.0429274012,486000.3361036093
357,12,53.988229917435682,18.646392012725176,490955.74720354495,486000.3361036093
358,12,68.343635951394504,23.649169530354612,486199.25686522067,486000.3361036093
359,12,61.662594902080002,19.068064087083528,487993.93512693985,486000.3361036093
360,12,70.815241385649188,23.227456357637056,486264.35054812318,486000.3361036093
361,12,70.9488334993313,20.59125950827563,486161.1761204889,486000.3361036093
362,12,68.379579604266354,20.791436467404722,486021.4456724663,486000.3361036093
363,12,71.248984241668438,28.017613637915357,486623.58657325123,486000.3361036093
364,12,82.180185192351203,32.159973281646614,487339.68649115536,486000.3361036093
365,12,70.10387244578645,19.447013266718759,486690.17279919883,486000.3361036093
366,12,79.842520958903009,24.777376871868931,486762.84409057267,486000.3361036093
367,12,70.425044807282504,23.117795828542416,486240.51137607649,486000.3361036093
368,12,77.393358940907703,26.006223029498898,486724.44445691578,486000.3361036093
369,12,75.524407249345558,21.610946642324336,486394.11204237811,486000.3361036093
370,12,67.041002854180121,22.4971375453833,486193.2721061242,486000.3361036093
371,12,63.557996484530086,20.791436467404722,487396.17475130828,486000.3361036093
372,12,67.270034866694189,23.557172219952861,486182.80880247138,486000.3361036093
373,12,57.804972509543191,20.90968255056427,489596.78085514298,486000.3361036093
374,12,65.417247125811869,19.763079933119336,486634.53135609347,486000.3361036093
375,12,65.52552906860933,20.791436467404722,486649.49734505278,486000.3361036093
376,12,67.307561923788171,20.817685240162522,485987.98559485038,485987.98559485038
377,12,74.181302358708251,23.197774647809826,486417.58394966304,485987.98559485038
378,12,67.270571133592682,27.418739641986207,486462.22261315817,485987.98559485038
379,13,75.705076180174459,19.9513920869678,486697.49901251553,485987.98559485038
380,13,68.338458738246388,20.791436467404722,486019.55424443277,485987.98559485038
381,13,67.041002854180121,22.4971375453833,486193.2721061242,485987.98559485038
382,13,66.034611776736369,23.197774647809826,486627.26372537389,485987.98559485038
383,13,70.425044807282504,23.694614844803045,486279.92550213006,485987.98559485038
384,13,72.278641176168946,23.104862521045888,486325.07604142086,485987.98559485038
385,13,89.377771566910184,25.044376916434445,487215.77931224497,485987.98559485038
386,13,67.424649371720463,23.197774647809826,486132.40712723439,485987.98559485038
387,13,79.34350646441419,20.79141703133865,486525.75012184051,485987.98559485038
388,13,70.9488334993313,20.605267490181578,486154.22429243493,485987.98559485038
389,13,68.401076109504913,21.009119973843802,486034.12922754418,485987.98559485038
390,13,67.30866791864517,20.791436467404722,485986.16397745465,485986.16397745465
391,13,70.425044807282504,23.117795828542416,486240.51137607649,485986.16397745465
392,13,67.270571133592682,28.18689530950201,486517.84515037783,485986.16397745465
393,13,70.483356004744508,23.759707648572338,486286.80666674121,485986.16397745465
394,13,67.115865458855097,23.117795828542416,486209.70478788373,485986.16397745465
395,13,72.498253859214188,20.98080825106889,486221.06525831774,485986.16397745465
396,13,64.405454715820909,25.84310001859253,487439.23559113767,485986.16397745465
397,13,67.143861794445812,20.810770145919104,486048.51106254006,485986.16397745465
398,13,66.03529987338176,20.74451346354417,486457.34008976421,485986.16397745465
399,13,69.38216125808502,20.791436467404722,486067.56121502584,485986.16397745465
400,13,75.417891956058853,22.393435305549406,486431.25094320456,485986.16397745465
401,13,68.604486122424163,21.656168392397863,486078.24733471655,485986.16397745465
402,13,70.590334867491379,20.791436467404722,486123.13332857849,485986.16397745465
403,13,71.248984241668438,26.656191877230327,486525.00534062157,485986.16397745465
404,13,70.9488334993313,20.605248054115503,486154.23393808835,485986.16397745465
405,13,67.491657829128371,22.549991121865812,486087.99188629835,485986.16397745465
406,13,65.443059236016936,19.926182116124465,486633.69163709535,485986.16397745465
407,13,70.11966567549473,20.791436467404722,486101.48405434983,485986.16397745465
408,14,70.9488334993313,20.481855835610059,486215.470559643,485986.16397745465
409,14,68.604486122424163,21.656168392397863,486078.24733471655,485986.16397745465
410,14,70.590334867491379,24.543050613491438,486347.50594240346,485986.16397745465
411,14,72.278641176168946,23.104862521045888,486325.07604142086,485986.16397745465
412,14,71.550528448237202,21.009119973843802,486178.9939403765,485986.16397745465
413,14,80.664722553859221,19.67343589220436,487063.56989350333,485986.16397745465
414,14,67.307561923788171,21.66252551904833,486033.37362336507,485986.16397745465
415,14,68.604486122424163,16.611934930600327,488611.98751291423,485986.16397745465
416,14,70.9488334993313,19.881028668965833,486513.64678393991,485986.16397745465
417,14,67.465468273742403,26.689181983680864,486386.73915681615,485986.16397745465
418,14,67.307561923788171,20.817685240162522,485987.98559485038,485986.16397745465
419,14,68.401076109504913,20.404222867621019,486136.80928038619,485986.16397745465
420,14,65.168448656077473,21.656168392397863,486845.49117071129,485986.16397745465
421,14,68.879096702363611,19.673051735620938,486521.65952785872,485986.16397745465
422,14,65.964565810482767,17.658807488685966,487389.11992485868,485986.16397745465
423,14,70.190399738393708,20.797955913323079,486105.08784392441,485986.16397745465
424,14,79.34350646441419,21.907604202504302,486585.71593599394,485986.16397745465
425,14,69.417056275323503,22.549991121865812,486163.64250906452,485986.16397745465
426,14,70.529551624884192,22.574719289468213,486216.14222040877,485986.16397745465
427,14,67.387151011526697,23.669886677200644,486165.19896674366,485986.16397745465
428,14,70.9488334993313,22.771882884426425,486246.02021989418,485986.16397745465
429,14,76.317520648592833,20.583067322854426,486412.18410809786,485986.16397745465
430,14,67.307561923788171,20.817685240162522,485987.98559485038,485986.16397745465
431,14,67.424649371720463,23.724562458397219,486170.5520968549,485986.16397745465
432,14,68.338458738246388,22.898254196142638,486144.69024244358,485986.16397745465
433,14,70.483356004744508,23.759707648572338,486286.80666674121,485986.16397745465
434,14,62.463015350987632,21.688126630231618,487878.09991337312,485986.16397745465
435,14,70.504589913931866,20.606218488582339,486133.31855354004,485986.16397745465
436,14,81.420395470247996,16.527242463132286,489246.55197294714,485986.16397745465
437,15,67.391956023645875,20.489149615439946,486048.24586705351,485986.16397745465
438,15,75.197767783650846,15.480914523427515,490078.27241309237,485986.16397745465
439,15,79.499979268319834,19.134681660546111,487277.36633952224,485986.16397745465
440,15,66.311430099404831,22.235598065332514,486452.17290407774,485986.16397745465
441,15,67.441055499135828,23.087855194968473,486125.05771447992,485986.16397745465
442,15,70.136495250784591,20.740162582065732,486099.5035330074,485986.16397745465
443,15,68.338458738246388,21.709304163569634,486068.86558316438,485986.16397745465
444,15,67.614590040526025,16.107372900345673,489099.65199793392,485986.16397745465
445,15,70.504589913931866,18.58613812271258,487135.83636517765,485986.16397745465
446,15,68.879096702363611,19.673051735620938,486521.65952785872,485986.16397745465
447,15,69.494309031232547,21.738558949151869,486123.60267005861,485986.16397745465
448,15,64.646132916661415,19.937797074224896,486930.7747818979,485986.16397745465
449,15,70.9488334993313,19.881028668965833,486513.64678393991,485986.16397745465
450,15,70.9488334993313,22.771882884426425,486246.02021989418,485986.16397745465
451,15,71.68160563203314,20.817685240162522,486174.7384697271,485986.16397745465
452,15,67.202965168102594,21.830718416993964,486083.33718473435,485986.16397745465
453,15,68.604486122424163,21.656168392397863,486078.24733471655,485986.16397745465
454,15,68.604486122424163,21.656168392397863,486078.24733471655,485986.16397745465
455,15,70.968331113233219,22.771882884426425,486246.91704763961,485986.16397745465
456,15,68.016220038783644,22.898254196142638,486132.71077964589,485986.16397745465
457,15,68.319807895711975,16.394131354483488,488829.05741780752,485986.16397745465
458,15,76.38660015163515,23.774762124037597,486550.01853827608,485986.16397745465
459,15,72.234440707738941,20.564921054485424,486233.38107920473,485986.16397745465
460,15,71.550528448237202,20.171170324134767,486397.33242436033,485986.16397745465
461,15,70.9488334993313,20.83139285916377,486141.76972568792,485986.16397745465
462,15,71.160328822588482,21.967165425358225,486212.51584862074,485986.16397745465
463,15,71.978998429958011,21.656168392397863,486233.46408474277,485986.16397745465
464,15,73.282665836675065,16.398564063207026,489052.64870565908,485986.16397745465
465,15,68.015097353207011,21.911128697497492,486064.8347763996,485986.16397745465
466,16,68.302632684575755,21.216487382867605,486040.74171033263,485986.16397745465
467,16,68.957063858103481,18.653377812622256,487031.28566887148,485986.16397745465
468,16,73.862838860521023,22.653853361101159,486373.71413214697,485986.16397745465
469,16,70.9488334993313,19.637598282664452,486634.45549150149,485986.16397745465
470,16,68.626160522769027,19.098828689940845,486794.99850651051,485986.16397745465
471,16,69.472634630887683,21.151194424645535,486091.05026402231,485986.16397745465
472,16,72.234440707738941,20.564921054485424,486233.38107920473,485986.16397745465
473,16,66.311430099404831,22.235598065332514,486452.17290407774,485986.16397745465
474,16,67.550119246472875,21.314735387799622,486011.40676013991,485986.16397745465
475,16,73.327839486690962,19.900205980189462,486613.55619089934,485986.16397745465
476,16,68.619595934018278,21.911844078789073,486092.67820655619,485986.16397745465
477,16,64.370404751967001,24.765279971357355,487374.53797731688,485986.16397745465
478,16,73.377548404434108,20.489149615439946,486323.56393131195,485986.16397745465
479,16,77.005287597195604,21.479132732224617,486455.14624791761,485986.16397745465
480,16,66.311430099404831,21.91346648353349,486428.84719464683,485986.16397745465
481,16,88.542831853826243,21.656168392397863,486995.34733117645,485986.16397745465
482,16,63.627605720795984,18.17749276581527,487215.09993024101,485986.16397745465
483,16,74.525439598324354,19.910052090808115,486663.7555670524,485986.16397745465
484,16,68.015097353207011,21.911128697497492,486064.8347763996,485986.16397745465
485,16,71.550528448237202,20.171170324134767,486397.33242436033,485986.16397745465
486,16,75.559877105104263,23.934584988806666,486520.57821928838,485986.16397745465
487,16,72.222364389117814,20.564921054485424,486232.82560725644,485986.16397745465
488,16,72.238795500733133,20.567044675194527,486232.52748331375,485986.16397745465
489,16,71.914407857620247,19.670928114911835,486662.32801452151,485986.16397745465
490,16,88.618750791251884,20.986710867025881,486962.87355807342,485986.16397745465
491,16,67.382880797882038,19.673051735620938,486452.83839198761,485986.16397745465
492,16,71.798878708273563,20.71654338479782,486174.69893073314,485986.16397745465
493,16,68.186091286015156,24.988589403600994,486290.38809029461,485986.16397745465
494,16,67.455873873789898,19.978286421434312,486304.71512893413,485986.16397745465
495,17,67.29368268719783,27.298113893515694,486444.6866019445,485986.16397745465
496,17,70.927325065268604,20.791436467404722,486138.63379753701,485986.16397745465
497,17,67.382880797882038,19.658390107005783,486460.11460934835,485986.16397745465
498,17,72.815469819122598,20.192510004372952,486444.9252975164,485986.16397745465
499,17,79.263782156612947,19.478386486861165,487095.92950365832,485986.16397745465
500,17,67.455873873789898,21.752326343357872,486030.58082319226,485986.16397745465
501,17,74.413899505770416,18.179541091698209,487517.43650640862,485986.16397745465
502,17,68.854935012200741,23.93253666292383,486238.78354347369,485986.16397745465
503,17,68.302632684575755,21.216487382867605,486040.74171033263,485986.16397745465
504,17,68.619595934018278,21.911844078789073,486092.67820655619,485986.16397745465
505,17,68.619595934018278,30.241937566240338,486686.90152302221,485986.16397745465
506,17,63.634421249338921,20.791436467404722,487367.07034696249,485986.16397745465
507,17,75.412434571211037,21.314735387799622,486373.04806447239,485986.16397745465
508,17,73.661478007874905,22.653853361101159,486364.45217833592,485986.16397745465
509,17,73.859145069877101,27.436428148579385,486678.53730628965,485986.16397745465
510,17,70.384627451733891,24.175628543499055,486313.25340015924,485986.16397745465
511,17,72.211674554676463,15.976582979760373,489449.31555661414,485986.16397745465
512,17,80.345824549565705,20.984340481808381,486582.21812157176,485986.16397745465
513,17,79.898234094157928,18.046951623845661,487835.49931638758,485986.16397745465
514,17,67.534159669630625,20.483786115173192,486057.4485565176,485986.16397745465
515,17,67.209285723362882,19.53350688618546,486514.10636284796,485986.16397745465
516,17,78.098634558406445,21.479132732224617,486505.43670369103,485986.16397745465
517,17,59.410803113649727,21.866229402703727,489053.35288462753,485986.16397745465
518,17,59.950066139952312,21.359634682593391,488811.30566502496,485986.16397745465
519,17,74.999657104038349,21.380023392381577,486357.56914360623,485986.16397745465
520,17,73.377548404434108,19.806578224417027,486662.30786881677,485986.16397745465
521,17,92.848485513977352,20.722923646755646,487138.87558554369,485986.16397745465
522,17,68.302632684575755,19.457360569847737,486602.18642329407,485986.16397745465
523,17,67.665241964096481,18.372192289106302,487111.41168599948,485986.16397745465
524,18,67.380942754003641,20.0256342199832,486277.7709519632,485986.16397745465
525,18,71.947614471487995,19.658390107005783,486670.07772726286,485986.16397745465
526,18,73.661478007874905,22.625543337254445,486362.93125633243,485986.16397745465
527,18,74.999657104038349,21.408333416228292,486359.09006560955,485986.16397745465
528,18,93.054249811889946,22.344974134873318,487239.86335766187,485986.16397745465
529,18,75.206633717251336,21.617607850661908,486379.85334385466,485986.16397745465
530,18,66.665554475110724,18.030794756243672,487234.85673672101,485986.16397745465
531,18,82.366716299090697,20.987218345059716,486675.32727435604,485986.16397745465
532,18,76.58705567352979,22.044396415760687,486466.27703193028,485986.16397745465
533,18,67.534159669630625,20.483786115173192,486057.4485565176,485986.16397745465
534,18,78.098634558406445,21.479132732224617,486505.43670369103,485986.16397745465
535,18,59.987899662506834,24.632490361007655,489033.88686332788,485986.16397745465
536,18,87.473255643841867,24.175628543499055,487081.5052220794,485986.16397745465
537,18,74.077215804247132,21.314735387799622,486311.63228088588,485986.16397745465
538,18,76.059746971763957,24.841311655204493,486592.28343124769,485986.16397745465
539,18,59.098742665581639,20.145368711487123,489047.58468727756,485986.16397745465
540,18,76.611418119625867,17.967312023697705,487723.83955488063,485986.16397745465
541,18,73.075917113159562,21.296126983015565,486264.57603632065,485986.16397745465
542,18,68.101643300623309,21.216487382867605,486031.49684288952,485986.16397745465
543,18,73.232768250352919,29.733278614719918,486821.56737760874,485986.16397745465
544,18,68.179732317765428,17.508576557474292,487644.92308240995,485986.16397745465
545,18,71.050189661867279,22.177735584449465,486218.76242895005,485986.16397745465
546,18,67.184140698325507,19.016452220081234,486769.55169820052,485986.16397745465
547,18,68.327777709613144,19.53350688618546,486565.55340918544,485986.16397745465
548,18,67.455873873789898,19.471232253905026,486556.35404538043,485986.16397745465
549,18,67.382880797882038,21.939484196458626,486039.74090672028,485986.16397745465
550,18,67.29368268719783,27.363877165305862,486449.44855344412,485986.16397745465
551,18,70.384627451733891,24.109865271708887,486308.49144865968,485986.16397745465
552,18,67.164645709553369,21.314735387799622,486067.85430637375,485986.16397745465
553,19,68.101643300623309,20.754797903766566,486006.69313055923,485986.16397745465
554,19,73.232768250352919,30.19496809383697,486854.99854439171,485986.16397745465
555,19,56.614205116094169,23.015166629152336,490224.34748575761,485986.16397745465
556,19,78.098634558406445,21.553946213265849,486509.45596803643,485986.16397745465
557,19,70.384627451733891,26.65178527593898,486492.55315128528,485986.16397745465
558,19,67.553120817698613,21.314735387799622,486011.54482279578,485986.16397745465
559,19,67.382880797882038,22.658147493586448,486091.77967657283,485986.16397745465
560,19,70.384627451733891,24.109865271708887,486308.49144865968,485986.16397745465
561,19,74.741697189389015,21.617607850661908,486358.46775380365,485986.16397745465
562,19,67.847817325744359,26.044958390405618,486354.30471302185,485986.16397745465
563,19,67.380984264858185,20.027097474204858,486277.04668308375,485986.16397745465
564,19,67.382839287027494,21.938020942236967,486039.63340855035,485986.16397745465
565,19,76.059746971763957,19.994058923893913,486692.63819634548,485986.16397745465
566,19,75.206633717251336,21.617607850661908,486379.85334385466,485986.16397745465
567,19,82.521434407828806,21.987672248512158,486736.19199489441,485986.16397745465
568,19,68.028978369371458,21.21680771872624,486028.17169862421,485986.16397745465
569,19,71.846748608442454,21.939484196458626,486242.60181787983,485986.16397745465
570,19,71.630450957386714,23.872421915169195,486337.61246948142,485986.16397745465
571,19,69.408859957841685,21.408333416228292,486101.93131672713,485986.16397745465
572,19,74.999657104038349,21.564353299839237,486367.47204632609,485986.16397745465
573,19,55.811078362233417,22.642764172961527,490517.82333212806,485986.16397745465
574,19,72.653203409284515,24.092644436001805,486395.37209968257,485986.16397745465
575,19,79.614672913195264,22.119536794973182,486609.5745472752,485986.16397745465
576,19,63.354506944725507,31.754754894831475,488267.52789121936,485986.16397745465
577,19,67.392029887947047,27.5800864050344,486448.5198663848,485986.16397745465
578,19,71.047274130334614,21.523693966663263,486183.49072406779,485986.16397745465
579,19,67.212487474053219,22.028073011779039,486094.0014048437,485986.16397745465
580,19,72.394751301498857,20.80775987138637,486207.00765620969,485986.16397745465
581,19,82.508329724898715,21.037328491616162,486684.53314542753,485986.16397745465
582,20,70.180281664281026,21.617607850661908,486148.65726008418,485986.16397745465
583,20,74.416666717713213,22.103888716710355,486369.64224894828,485986.16397745465
584,20,67.185869783727497,21.314735387799622,486059.9588827563,485986.16397745465
585,20,71.414525164305729,20.084436681789711,486434.12055181863,485986.16397745465
586,20,67.30866791864517,17.907127734497507,487325.81089364429,485986.16397745465
587,20,66.046077734445575,18.482790384407906,486982.04811856558,485986.16397745465
588,20,73.487388438101149,20.350331815690652,486397.50819122035,485986.16397745465
589,20,69.377116069153189,21.938020942236967,486128.92802526557,485986.16397745465
590,20,85.113855855740212,21.677984112168666,486838.79744927655,485986.16397745465
591,20,69.530725346761017,20.754797903766566,486072.42632413318,485986.16397745465
592,20,62.16481212714055,20.754797903766566,487924.08013351384,485986.16397745465
593,20,67.380984264858185,20.027097474204858,486277.04668308375,485986.16397745465
594,20,72.394751301498857,20.80775987138637,486207.00765620969,485986.16397745465
595,20,69.408859957841685,21.408333416228292,486101.93131672713,485986.16397745465
596,20,68.395973853724001,21.617607850661908,486066.584819932,485986.16397745465
597,20,68.101643300623309,21.306079077293674,486036.31004898675,485986.16397745465
598,20,67.351713070290018,26.491030073277305,486368.16194347903,485986.16397745465
599,20,69.225650997658164,22.818902696248127,486171.9263911873,485986.16397745465
600,20,65.817279132404224,21.314735387799622,486573.67745094374,485986.16397745465
601,20,67.30866791864517,20.520634525558698,486028.78966956795,485986.16397745465
602,20,71.595943643061489,25.020570290772675,486419.4676342929,485986.16397745465
603,20,67.41549157918341,20.027097474204858,486278.6339089332,485986.16397745465
604,20,67.847817325744359,20.84535036254859,485999.88277129451,485986.16397745465
605,20,72.394751301498857,26.020928386440545,486521.60033333889,485986.16397745465
606,20,76.986008690268335,24.406225431761158,486611.51401701232,485986.16397745465
607,20,67.382839287027494,21.945905995836373,486040.20436923683,485986.16397745465
608,20,66.776770424412348,23.711144470140468,486381.8050755086,485986.16397745465
609,20,68.101643300623309,16.760272619411701,488432.1023238966,485986.16397745465
610,20,69.377163704724694,32.061054337364141,486846.7878250443,485986.16397745465
611,21,65.275784110377373,19.675422975436767,486682.44678656466,485986.16397745465
612,21,67.351926649880653,27.774962665700535,486461.14008654153,485986.16397745465
613,21,69.569817117030027,20.74789492925423,486073.85356625757,485986.16397745465
614,21,70.998572906532871,20.527537500071034,486195.08769001032,485986.16397745465
615,21,70.180281664281026,27.570048931417215,486551.44837691274,485986.16397745465
616,21,67.351713070290018,20.153267789876381,486213.08497688896,485986.16397745465
617,21,69.408859957841685,21.408333416228292,486101.93131672713,485986.16397745465
618,21,67.380984264858185,23.049199164192718,486120.02541918482,485986.16397745465
619,21,71.663490803658831,20.754797903766566,486170.52669912472,485986.16397745465
620,21,67.30866791864517,17.907127734497507,487325.81089364429,485986.16397745465
621,21,74.917529069043979,23.04574076017834,486443.28018068365,485986.16397745465
622,21,70.173957153144642,20.865156328696191,486107.94179924345,485986.16397745465
623,21,74.759329878353583,19.404841856204758,486925.23758668674,485986.16397745465
624,21,64.94685422862328,25.611139356087499,487216.26113553206,485986.16397745465
625,21,72.286592306548556,18.798306576801405,487112.50860891811,485986.16397745465
626,21,71.250277279369257,20.029543995127788,486453.8076096194,485986.16397745465
627,21,62.371590671995833,21.297814158581158,487884.65392703458,485986.16397745465
628,21,65.93396846084481,21.954170914548886,486575.54117129074,485986.16397745465
629,21,68.931039683062949,26.7212099290645,486443.54202119057,485986.16397745465
630,21,71.032348297569513,23.604432441276288,486295.97230699763,485986.16397745465
631,21,79.252712474840948,20.526373440819249,486575.3293485532,485986.16397745465
632,21,73.518531999752611,22.103888716710355,486328.33093065734,485986.16397745465
633,21,70.572279892811096,24.200844062604958,486322.05538730649,485986.16397745465
634,21,71.990759773764182,21.617607850661908,486231.93345009984,485986.16397745465
635,21,64.997520707281211,23.903631580716151,487073.32461683865,485986.16397745465
636,21,67.350167544818362,20.909571799181677,485980.4426959501,485980.4426959501
637,21,74.068084968997184,17.097240995419543,488350.44778039074,485980.4426959501
638,21,69.227824951459908,22.818902696248127,486172.00720953348,485980.4426959501
639,21,76.390002490282015,21.032186198832267,486402.83343984588,485980.4426959501
640,22,67.374069306330384,23.012136719198793,486117.08464023517,485980.4426959501
641,22,72.039678058754589,21.991233359542811,486254.25611579773,485980.4426959501
642,22,67.412982610849483,20.74789492925423,485974.64609214448,485974.64609214448
643,22,67.337236511064546,21.462153148714187,486011.56981702807,485974.64609214448
644,22,72.078277116350904,22.818902696248127,486300.497089012,485974.64609214448
645,22,77.690179656794214,21.408333416228292,486482.84547926683,485974.64609214448
646,22,68.866746162934177,27.571750992574557,486502.7399669413,485974.64609214448
647,22,70.244575184409783,26.719507867907161,486492.25043116207,485974.64609214448
648,22,64.130618797446232,21.50825404162654,487230.01140408288,485974.64609214448
649,22,74.917529069043979,20.816069348114841,486323.49376405723,485974.64609214448
650,22,67.182147528503862,22.823617641869003,486163.16137783334,485974.64609214448
651,22,71.39555345711355,20.522822554450162,486215.68743822485,485974.64609214448
652,22,66.044044547566642,20.754797903766566,486454.63956212287,485974.64609214448
653,22,76.770689732148469,18.984284287113706,487226.46640616428,485974.64609214448
654,22,76.499114571791551,21.032186198832267,486407.8522458669,485974.64609214448
655,22,71.88164769225466,21.617607850661908,486226.91464408406,485974.64609214448
656,22,73.883623116514215,20.855841136712179,486278.07409569994,485974.64609214448
657,22,61.49965803442695,26.798820927200108,488615.03768627654,485974.64609214448
658,22,65.638303054987446,22.305045026126368,486713.54470048315,485974.64609214448
659,22,68.855745174073505,21.617607850661908,486087.73282699042,485974.64609214448
660,22,80.718403493856286,18.121910933821418,487836.02395828028,485974.64609214448
661,22,67.718270597135756,20.51874755289596,486048.56653953157,485974.64609214448
662,22,56.785249597996945,20.791436467404722,489995.08057318354,485974.64609214448
663,22,82.965917854567422,19.92100273051512,487046.55597119429,485974.64609214448
664,22,66.892294372279096,16.350357603098303,488809.6543356363,485974.64609214448
665,22,68.756383687688171,20.754797903766566,486036.80908976193,485974.64609214448
666,22,62.956000180204214,21.179476109861483,487653.52769231284,485974.64609214448
667,22,67.42408964004477,23.971077339881912,486188.38155464351,485974.64609214448
668,22,70.572279892811096,24.471481523699786,486341.6523816259,485974.64609214448
669,23,71.033675915528974,24.020138109045234,486326.12311811338,485974.64609214448
670,23,72.039678058754589,21.991233359542811,486254.25611579773,485974.64609214448
671,23,75.061828932887622,16.808290054364758,488701.50607181422,485974.64609214448
672,23,70.908200271642002,20.754797903766566,486135.78575553588,485974.64609214448
673,23,67.523579334910409,26.18107636785005,486352.10729611816,485974.64609214448
674,23,58.454495795685872,22.803973157734205,489485.44040498987,485974.64609214448
675,23,67.264199216937271,26.719507867907161,486414.01747006795,485974.64609214448
676,23,71.058676245133867,21.106636796575369,486161.60928962659,485974.64609214448
677,23,77.827955162541656,21.663306007662644,486502.88080692885,485974.64609214448
678,23,67.102049422579654,20.751396016737591,486060.87559516996,485974.64609214448
679,23,65.794994964426408,22.952175164096214,486700.7316382766,485974.64609214448
680,23,67.217377396891422,22.294609462779384,486111.43924173428,485974.64609214448
681,23,67.350167544818362,20.546593978576595,486017.81546060537,485974.64609214448
682,23,73.712820507297749,25.403830815530437,486525.91618957266,485974.64609214448
683,23,67.422097205590063,20.909571799181677,485983.75122979819,485974.64609214448
684,23,52.192549388961936,23.971077339881912,492057.77372367855,485974.64609214448
685,23,75.165278724255273,20.74789492925423,486331.22686539206,485974.64609214448
686,23,67.395326003352636,20.471885471773941,486056.96865897096,485974.64609214448
687,23,79.786145212487781,22.886148396402795,486658.64701027796,485974.64609214448
688,23,81.49208031275684,18.837827268006372,487516.31837287312,485974.64609214448
689,23,67.349996686896048,19.330286196294818,486621.43220830493,485974.64609214448
690,23,70.352004550015607,32.251164605484846,486896.79423680907,485974.64609214448
691,23,73.364917766087061,27.131497277637514,486638.08384215873,485974.64609214448
692,23,77.289794990472799,27.807003208234377,486835.2887701469,485974.64609214448
693,23,68.87610869677323,20.766305900067938,486042.93430970376,485974.64609214448
694,23,61.552928640114835,21.423770694900561,488205.54086376005,485974.64609214448
695,23,71.88432198860896,21.617607850661908,486227.03765314026,485974.64609214448
696,23,81.040845245027242,20.367282782570346,486736.53063223377,485974.64609214448
697,23,60.777528065729179,20.754797903766566,488452.3915566557,485974.64609214448
698,24,70.688162671395986,22.168172958927901,486201.59660721029,485974.64609214448
699,24,67.164177406608317,21.276282119970091,486065.96266097145,485974.64609214448
700,24,67.434986333022977,17.364762077295346,487762.64327898168,485974.64609214448
701,24,61.521896482167875,27.826209336858817,488680.96245603438,485974.64609214448
702,24,76.863583036661481,26.28161599078236,486717.75636048208,485974.64609214448
703,24,73.589413524951411,27.706463585302071,486688.06323736411,485974.64609214448
704,24,70.69721771893353,21.488543795914715,486165.50085048378,485974.64609214448
705,24,67.039431649225818,20.766147493442652,486084.96211291826,485974.64609214448
706,24,64.383720237952446,20.766305900067938,487079.89939871605,485974.64609214448
707,24,67.443073318806384,20.74789492925423,485976.03016825882,485974.64609214448
708,24,71.16631812281598,22.944835737969573,486265.31549965963,485974.64609214448
709,24,65.662352757139402,19.819806539964588,486546.39884437947,485974.64609214448
710,24,67.328563603477832,19.561402676785661,486505.74874601245,485974.64609214448
711,24,58.751361129311604,23.664025117644975,489434.66367848113,485974.64609214448
712,24,72.039678058754589,21.991233359542811,486254.25611579773,485974.64609214448
713,24,72.64664762585241,20.980679588405067,486227.88398369594,485974.64609214448
714,24,71.063795760583645,21.119126298386028,486162.51575439551,485974.64609214448
715,24,73.600685691531595,22.174779936175856,486335.9182827145,485974.64609214448
716,24,64.71350386112897,19.706068485180467,486893.26323469786,485974.64609214448
717,24,67.389866539842814,20.867837955363338,485980.02662187978,485974.64609214448
718,24,62.991570929638449,20.559343893153009,487595.07740316761,485974.64609214448
719,24,68.830971398019116,20.927559928196409,486049.52131747553,485974.64609214448
720,24,68.882784174688965,22.223449164824842,486121.52463075396,485974.64609214448
721,24,77.554634769237964,12.209744481587215,494939.90099669015,485974.64609214448
722,24,72.039678058754589,21.991233359542811,486254.25611579773,485974.64609214448
723,24,74.134791838152097,20.546593978576595,486329.88643175073,485974.64609214448
724,24,71.41243433705921,20.986242824054866,486171.41300651169,485974.64609214448
725,24,67.144579439166748,27.135638313176301,486489.7037974461,485974.64609214448
726,24,71.068011295032491,20.884609432165167,486150.11051871662,485974.64609214448
727,25,65.252625170311291,24.77021643557363,487038.9244930757,485974.64609214448
728,25,68.641958365425211,20.867837955363338,486037.61883260321,485974.64609214448
729,25,67.334057018558099,23.204916764002071,486132.92061972746,485974.64609214448
730,25,70.976840543424629,27.244857571502017,486557.51377489342,485974.64609214448
731,25,67.398298690500056,23.379252421670905,486144.56841774657,485974.64609214448
732,25,67.155745255951089,21.276282119970091,486069.09944804572,485974.64609214448
733,25,69.852628129363083,22.944835737969573,486204.88997064682,485974.64609214448
734,25,69.683393687020526,21.276282119970091,486107.46469115326,485974.64609214448
735,25,68.830971398019116,14.065503957065399,491678.08771744929,485974.64609214448
736,25,71.063795760583645,23.961237222476701,486322.97780296375,485974.64609214448
737,25,70.688162671395986,22.088810155820262,486197.33293600479,485974.64609214448
738,25,68.830971398019116,20.857701292768279,486045.76824625488,485974.64609214448
739,25,72.669069179347787,27.135638313176301,486612.51500900055,485974.64609214448
740,25,74.134791838152097,24.380932882682771,486479.0083688529,485974.64609214448
741,25,70.694545184737706,17.860037769462455,487504.92002433987,485974.64609214448
742,25,71.070683829228301,19.882903056929582,486518.32129441225,485974.64609214448
743,25,68.882784174688965,22.223449164824842,486121.52463075396,485974.64609214448
744,25,68.882784174688965,21.498252180021865,486082.56429440645,485974.64609214448
745,25,71.16631812281598,16.437706161519788,488913.94003479113,485974.64609214448
746,25,63.760205418981258,21.005401257981198,487334.66198173235,485974.64609214448
747,25,70.608335669555572,18.628930433750675,487119.37153180956,485974.64609214448
748,25,69.505783774781264,21.191473072770918,486094.73894035153,485974.64609214448
749,25,68.764985857522262,16.456563485042778,488783.55894813495,485974.64609214448
750,25,59.710447071792096,19.129344898355946,488741.06201676425,485974.64609214448
751,25,83.374378850008384,27.295050848323985,487082.29339897283,485974.64609214448
752,25,66.477559161904964,20.588482394106695,486284.43563522422,485974.64609214448
753,25,54.389072924911716,20.666322626695454,490942.07796719112,485974.64609214448
754,25,65.662352757139402,19.836944690198209,486547.31957090099,485974.64609214448
755,25,71.16631812281598,23.083970986815896,486272.79037366807,485974.64609214448
756,26,67.288473267011085,22.955309163778729,486132.20580653619,485974.64609214448
757,26,68.882784174688965,20.560807640468159,486081.25701103552,485974.64609214448
758,26,72.657092650171521,21.253592487301564,486243.02633880149,485974.64609214448
759,26,71.014931826536042,18.805436297468372,487050.47799212189,485974.64609214448
760,26,70.216887123299259,18.690631887917153,487070.74519003544,485974.64609214448
761,26,67.310237014224285,20.808517760056276,485986.49794078706,485974.64609214448
762,26,71.782228139754125,21.191473072770918,486199.44808458915,485974.64609214448
763,26,69.65776188671461,22.088810155820262,486149.9378025952,485974.64609214448
764,26,76.801859372529478,23.104806115928259,486533.12655015319,485974.64609214448
765,26,67.155745255951089,23.996953479481757,486258.17784026929,485974.64609214448
766,26,70.568589488420699,18.628930433750675,487117.54333487136,485974.64609214448
767,26,67.04945358848569,21.498252180021865,486120.56536370702,485974.64609214448
768,26,67.42313555636666,24.328473492158867,486214.22532054322,485974.64609214448
769,26,68.641629725864576,24.918072189637616,486302.21688302152,485974.64609214448
770,26,69.048161257608129,20.857701292768279,486055.758283648,485974.64609214448
771,26,66.260369302315937,20.588482394106695,486365.23095913965,485974.64609214448
772,26,70.482377279510771,12.516154408435494,494165.73477871693,485974.64609214448
773,26,71.813759011335051,24.350674489314834,486379.05759123282,485974.64609214448
774,26,67.429340806503006,27.807649116866969,486466.38485759014,485974.64609214448
775,26,77.246411014363403,20.3810877183023,486555.14775862091,485974.64609214448
776,26,68.882784174688965,20.831706213246854,486046.75491350598,485974.64609214448
777,26,76.247167842576104,24.987718449946051,486608.7697196501,485974.64609214448
778,26,71.02993398362679,19.026416448093059,486941.50085340173,485974.64609214448
779,26,73.551176454153222,27.767258488552184,486691.04393532214,485974.64609214448
780,26,72.408617537851399,19.944034676908814,486549.52378843131,485974.64609214448
781,26,63.785307041428709,21.265801818556472,487343.95841020043,485974.64609214448
782,26,72.669069179347787,27.135638313176301,486612.51500900055,485974.64609214448
783,26,74.072402827857815,17.287125063135786,488149.98617126339,485974.64609214448
784,26,66.435313060148431,21.253756135875847,486335.8923526259,485974.64609214448
785,27,67.412982610849483,20.937548174771123,485984.83498480322,485974.64609214448
786,27,66.190609191923755,23.807300233964867,486611.99217895535,485974.64609214448
787,27,66.236979304154829,20.588482394106695,486373.93211342068,485974.64609214448
788,27,67.179135254112197,23.996953479481757,486249.27036158298,485974.64609214448
789,27,76.801859372529478,23.104806115928259,486533.12655015319,485974.64609214448
790,27,71.654863743582837,27.963856154315913,486634.78283859848,485974.64609214448
791,27,65.972900210245044,20.74789492925423,486480.73462963407,485974.64609214448
792,27,67.422628470884746,23.623442836547358,486163.1548458208,485974.64609214448
793,27,66.343263697426167,24.553929186232864,486607.92141715845,485974.64609214448
794,27,58.477065263475424,20.74789492925423,489327.9637482441,485974.64609214448
795,27,64.150151038222759,21.253756135875847,487204.14473196311,485974.64609214448
796,27,68.882784174688965,21.788649431575763,486098.16553769872,485974.64609214448
797,27,71.813759011335051,23.99717271562654,486353.46035047062,485974.64609214448
798,27,67.155745255951089,19.385410114306623,486585.14057643182,485974.64609214448
799,27,66.10070046452789,20.956413160580301,486444.39491675008,485974.64609214448
800,27,68.641629725864576,24.918072189637616,486302.21688302152,485974.64609214448
801,27,71.782228139754125,27.836082808236043,486630.26557246066,485974.64609214448
802,27,67.429340806503006,21.163039381401905,485997.70165341592,485974.64609214448
803,27,76.801859372529478,23.199754220021063,486538.2275229214,485974.64609214448
804,27,75.38623401140363,24.823124085544812,486560.32688852586,485974.64609214448
805,27,72.451039385698735,23.996953479481757,486380.93232096283,485974.64609214448
806,27,67.373775049600155,27.135638313176301,486415.65851993958,485974.64609214448
807,27,68.882784174688965,24.026139177470025,486246.59666178701,485974.64609214448
808,27,71.993062568114823,27.089527643935796,486584.04506485735,485974.64609214448
809,27,66.713673783894208,30.203502166563748,486875.94868441159,485974.64609214448
810,27,68.27223086007109,21.810493628410637,486071.25559542218,485974.64609214448
811,27,71.872501687167926,24.007107691353649,486356.363549612,485974.64609214448
812,27,66.990710912652816,20.61884947048387,486095.17297384585,485974.64609214448
813,27,77.362095009615189,20.3810877183023,486560.468851613,485974.64609214448
814,28,75.454843585233249,21.091867864144795,486363.02545335656,485974.64609214448
815,28,67.90272829195959,24.078279208610759,486213.93784283381,485974.64609214448
816,28,58.076950138132233,21.788649431575763,489555.69884951093,485974.64609214448
817,28,65.540489794572935,23.623442836547358,486846.26020959963,485974.64609214448
818,28,74.821141900499924,18.341209250985468,487455.93629118084,485974.64609214448
819,28,64.268353860017754,20.269445428454105,487089.12721104518,485974.64609214448
820,28,67.312615833022605,23.629596004579334,486171.8371801381,485974.64609214448
821,28,70.250726954954757,23.801147065932888,486281.15915817535,485974.64609214448
822,28,76.801859372529478,23.199754220021063,486538.2275229214,485974.64609214448
823,28,72.282881056735178,23.662037242912618,486355.20460456877,485974.64609214448
824,28,71.813759011335051,29.349986845944006,486741.06030681275,485974.64609214448
825,28,68.541013116682578,20.031263623425495,486328.33673137898,485974.64609214448
826,28,72.269504370190887,22.835848458693928,486310.20332048199,485974.64609214448
827,28,66.990710912652816,11.917165828146727,494973.93533444102,485974.64609214448
828,28,69.18131547540149,29.059678163073507,486622.17586739542,485974.64609214448
829,28,69.061116038774443,21.907492631450214,486112.75293992046,485974.64609214448
830,28,78.608918105120864,24.847039049326764,486709.84483004292,485974.64609214448
831,28,66.236979304154829,20.679743041101236,486378.83498198865,485974.64609214448
832,28,63.379905824983325,23.996953479481757,487696.10908941668,485974.64609214448
833,28,68.882784174688965,21.788649431575763,486098.16553769872,485974.64609214448
834,28,59.131486363432039,21.163039381401905,489108.80513655045,485974.64609214448
835,28,68.227384024960884,30.466824203676161,486688.60490846308,485974.64609214448
836,28,67.412982610849483,20.923313939567272,485984.07026762585,485974.64609214448
837,28,67.412982610849483,20.762129164458081,485975.41080932156,485974.64609214448
838,28,73.037136733717162,24.026139177470025,486409.45888693188,485974.64609214448
839,28,61.829850452313138,20.956413160580301,488066.24072663632,485974.64609214448
840,28,82.67246046198909,25.714202437905854,486948.51883511723,485974.64609214448
841,28,72.242445173265423,20.3810877183023,486324.98136884265,485974.64609214448
842,28,66.133975989323687,27.591949608635296,486907.60783604335,485974.64609214448
843,29,71.675465192397169,23.199754220021063,486302.42982196307,485974.64609214448
844,29,76.870311820605181,25.517486808776894,486669.00968795142,485974.64609214448
845,29,75.020387261639812,24.055178201238292,486502.24214106973,485974.64609214448
846,29,67.90272829195959,24.964391936795174,486278.10170998779,485974.64609214448
847,29,57.897520283886173,20.420617288614171,489524.97019686311,485974.64609214448
848,29,75.1829189420381,23.284808839445443,486468.33090941422,485974.64609214448
849,29,68.227384024960884,30.466824203676161,486688.60490846308,485974.64609214448
850,29,68.882784174688965,21.788649431575763,486098.16553769872,485974.64609214448
851,29,68.882784174688965,21.780105843857324,486097.70654371765,485974.64609214448
852,29,66.370013906504994,26.935290454593247,486770.16985265864,485974.64609214448
853,29,68.882784174688965,21.788649431575763,486098.16553769872,485974.64609214448
854,29,67.478157282950363,20.762129164458081,485978.40863533795,485974.64609214448
855,29,59.605511260048672,20.107107960962232,488851.82443323731,485974.64609214448
856,29,67.412982610849483,20.762129164458081,485975.41080932156,485974.64609214448
857,29,74.881493778084149,22.969007999166891,486437.50029744382,485974.64609214448
858,29,72.998373696237053,23.178887760874463,486362.15834746667,485974.64609214448
859,29,68.227384024960884,30.833085001911517,486715.12603659311,485974.64609214448
860,29,63.88382347752669,19.121268653603721,487170.48932868923,485974.64609214448
861,29,74.696405852658629,22.26784105374076,486391.31749476574,485974.64609214448
862,29,69.819553771349049,20.630572351679049,486089.72284400219,485974.64609214448
863,29,69.255752399514577,20.923313939567272,486068.83177138795,485974.64609214448
864,29,67.476193893194008,21.907492631450214,486040.89336502092,485974.64609214448
865,29,67.412982610849483,23.019841045210899,486119.08914531965,485974.64609214448
866,29,67.226713712546243,21.861993086564542,486076.55777743185,485974.64609214448
867,29,72.42976219973329,20.401330903907589,486323.55114039715,485974.64609214448
868,29,71.597987134723297,20.903070753961988,486175.47952096473,485974.64609214448
869,29,67.483092204745446,25.866527362722614,486327.82550575421,485974.64609214448
870,29,72.967027139821198,21.843303512081299,486288.96384790016,485974.64609214448
871,29,67.340396397048607,20.3810877183023,486099.50283738162,485974.64609214448
872,30,76.218696857025662,21.788649431575763,486435.59400772722,485974.64609214448
873,30,71.466774060409222,20.762129164458081,486161.87222262321,485974.64609214448
874,30,74.002998638328719,30.598511730587791,486912.85322783876,485974.64609214448
875,30,64.183725305542254,21.74755822551278,487227.11529354495,485974.64609214448
876,30,68.882784174688965,21.780105843857324,486097.70654371765,485974.64609214448
877,30,68.232783381096837,29.849375353270485,486644.09585253889,485974.64609214448
878,30,68.882784174688965,21.786958747525158,486098.07470773021,485974.64609214448
879,30,76.203160298945505,20.394478000239754,486500.51629131736,485974.64609214448
880,30,67.283816454310795,22.012531010173447,486065.71219474258,485974.64609214448
881,30,67.412982610849483,20.762129164458081,485975.41080932156,485974.64609214448
882,30,64.808862641051462,21.881744376812811,486998.764318211,485974.64609214448
883,30,66.791772934691352,20.052624671965042,486237.27630970452,485974.64609214448
884,30,67.482887104084611,21.608978068695322,486024.12213144411,485974.64609214448
885,30,67.476398993854858,26.16504192547751,486349.19226990873,485974.64609214448
886,30,68.21039176774552,30.466824203676161,486687.97320868738,485974.64609214448
887,30,60.666617826405982,19.540432168842216,488406.69603420084,485974.64609214448
888,30,71.679774222280869,20.231204383005018,486373.48384097085,485974.64609214448
889,30,69.156223281463554,24.513245217419396,486292.03355621087,485974.64609214448
890,30,69.752796330502846,21.788280515413877,486138.16348869418,485974.64609214448
891,30,70.934844956964838,21.780474760019214,486192.11458193255,485974.64609214448
892,30,68.639895026359198,28.668920666850212,486573.7532140807,485974.64609214448
893,30,68.227384024960884,32.27406658144433,486819.46823561576,485974.64609214448
894,30,67.469031605455982,18.695773118820309,486941.80117320863,485974.64609214448
895,30,67.347558684786648,20.3810877183023,486099.83227965818,485974.64609214448
896,30,69.095087711140877,30.917721194963839,486753.51211426564,485974.64609214448
897,30,68.188622320115925,19.11644121315803,486766.13247547706,485974.64609214448
898,30,49.965861426469559,20.762129164458081,492713.84437186026,485974.64609214448
899,30,74.567791397201788,20.365336911861686,486439.75659225101,485974.64609214448
900,30,81.326693593948846,21.452045864730291,486652.46186322649,485974.64609214448
901,31,57.760281107508696,26.283477037831709,490003.73155187623,485974.64609214448
902,31,61.118056352455085,20.716566548882078,488319.9417730011,485974.64609214448
903,31,64.808862641051462,21.881744376812811,486998.764318211,485974.64609214448
904,31,74.002998638328719,30.598511730587791,486912.85322783876,485974.64609214448
905,31,67.482887104084611,21.147377612296808,485999.32320175157,485974.64609214448
906,31,65.655880359639724,30.917721194963839,487330.49903829873,485974.64609214448
907,31,68.711472489350299,19.31016507704468,486694.04136400257,485974.64609214448
908,31,69.752796330502846,27.939891561177248,486562.33678272733,485974.64609214448
909,31,71.439020837260017,20.36991468548716,486293.57133484527,485974.64609214448
910,31,73.239566820809216,20.773302197273225,486244.0152651337,485974.64609214448
911,31,70.934844956964838,22.680937530372262,486240.49086194538,485974.64609214448
912,31,77.901039229504448,20.453256148833766,486549.443083675,485974.64609214448
913,31,76.521214988078384,21.624265189396791,486440.67752628599,485974.64609214448
914,31,68.853705150410832,24.677629459598368,486292.69036562362,485974.64609214448
915,31,66.132655165300577,20.753539303520096,486421.60851152416,485974.64609214448
916,31,69.829576450780678,21.796870376351865,486142.15660808299,485974.64609214448
917,31,65.678146188673281,20.199690091251092,486560.93242441514,485974.64609214448
918,31,75.43560146987079,20.470702522220549,486427.38262913085,485974.64609214448
919,31,73.625508860124754,23.756993042313319,486422.06256626721,485974.64609214448
920,31,64.607266450164147,28.19227398580453,487532.48565257108,485974.64609214448
921,31,69.655665461904732,23.848545169225801,486262.46942599502,485974.64609214448
922,31,66.76959256581145,21.788280515413877,486245.30303464283,485974.64609214448
923,31,69.959925827200209,21.365307494061391,486124.96706446831,485974.64609214448
924,31,71.463798921651701,21.927265556743706,486224.33092800307,485974.64609214448
925,31,67.399913062148727,23.211921314064647,486132.51190376939,485974.64609214448
926,31,69.835770372438731,21.790895246092969,486142.12050193659,485974.64609214448
927,31,72.926277347948698,21.090925138918205,486246.66886432143,485974.64609214448
928,31,68.232783381096837,29.849375353270485,486644.09585253889,485974.64609214448
929,31,81.15468178403664,21.452045864730291,486644.54987131234,485974.64609214448
930,32,66.76959256581145,17.795463199560523,487356.89812956232,485974.64609214448
931,32,67.412982610849483,20.778894267202208,485976.31149431557,485974.64609214448
932,32,73.253724996975947,22.371674923053533,486330.53714936564,485974.64609214448
933,32,51.538629800381202,27.765592690214003,492593.44561211998,485974.64609214448
934,32,70.068002949918835,20.113062977199597,486357.97829672415,485974.64609214448
935,32,64.501585452353481,21.451934608112886,487084.66018459946,485974.64609214448
936,32,68.851001977988801,21.761693991102632,486095.25550988037,485974.64609214448
937,32,67.4689024536993,20.77709618424457,485978.78702800447,485974.64609214448
938,32,73.625508860124754,23.756993042313319,486422.06256626721,485974.64609214448
939,32,71.387599396480496,22.387009770457862,486245.52519936895,485974.64609214448
940,32,65.705684663400433,23.676713070533477,486787.20732064272,485974.64609214448
941,32,76.272603277645075,30.917721194963839,487020.34158208943,485974.64609214448
942,32,68.420896207274566,20.74789492925423,486021.00688697497,485974.64609214448
943,32,70.109306766671835,21.265293870988611,486126.46499719983,485974.64609214448
944,32,72.926277347948698,20.786831931399739,486230.33182225685,485974.64609214448
945,32,71.636740880174457,20.630789548453699,486173.19983689964,485974.64609214448
946,32,66.76959256581145,21.788280515413877,486245.30303464283,485974.64609214448
947,32,63.609322586419459,19.737636933798239,487305.7181850177,485974.64609214448
948,32,70.934844956964838,22.680937530372262,486240.49086194538,485974.64609214448
949,32,70.437817891311113,22.680937530372262,486217.62921002088,485974.64609214448
950,32,65.730737265170461,20.199690091251092,486541.36837539985,485974.64609214448
951,32,59.536998813036277,17.773883112719449,488715.82794221834,485974.64609214448
952,32,77.963987146497118,29.899220716794296,487009.46990209742,485974.64609214448
953,32,72.065574030893529,21.365307494061391,486221.82013273402,485974.64609214448
954,32,68.954798902123173,20.199690091251092,486263.78350346501,485974.64609214448
955,32,75.43560146987079,20.470702522220549,486427.38262913085,485974.64609214448
956,32,73.239566820809216,19.915389826734195,486601.96054950554,485974.64609214448
957,32,74.660219280956014,19.811797203825119,486718.71656258812,485974.64609214448
958,32,69.752796330502846,23.607193070246527,486248.60391156038,485974.64609214448
959,33,76.445830661628605,21.53378915442735,486432.34937265934,485974.64609214448
960,33,64.07564549654856,22.262139901590732,487305.53582389804,485974.64609214448
961,33,70.972023633814246,22.680937530372262,486242.20096191898,485974.64609214448
962,33,67.375803934000061,20.74789492925423,485972.93599217612,485972.93599217612
963,33,72.926277347948698,20.786831931399739,486230.33182225685,485972.93599217612
964,33,68.851001977988801,21.761693991102632,486095.25550988037,485972.93599217612
965,33,70.934844956964838,24.150991345728375,486331.92415239476,485972.93599217612
966,33,67.282424468371431,20.74789492925423,485993.58740827837,485972.93599217612
967,33,66.76959256581145,15.174148498987556,490046.97083035903,485972.93599217612
968,33,74.660219280956014,19.811797203825119,486718.71656258812,485972.93599217612
969,33,70.437817891311113,22.832335891642419,486225.76290500455,485972.93599217612
970,33,66.76959256581145,21.788280515413877,486245.30303464283,485972.93599217612
971,33,76.321214758353335,19.35489521941285,487021.86661215755,485972.93599217612
972,33,67.371954059136428,20.778894267202208,485974.42431244563,485972.93599217612
973,33,82.680117686616327,21.762678496949704,486731.4033982401,485972.93599217612
974,33,74.733790217645023,22.07283269876449,486382.56046624866,485972.93599217612
975,33,73.98194660242892,22.387009770457862,486364.85685533128,485972.93599217612
976,33,71.293824908535427,22.711546930417139,486258.64724233077,485972.93599217612
977,33,70.109306766671835,19.475866983830137,486676.10334740882,485972.93599217612
978,33,65.730737265170461,20.199690091251092,486541.36837539985,485972.93599217612
979,33,77.071646109117665,21.761693991102632,486473.37879077508,485972.93599217612
980,33,67.412982610849483,20.289899303573645,486148.09621068591,485972.93599217612
981,33,70.554054967212963,15.332183770467532,490054.04000762396,485972.93599217612
982,33,72.062649995367835,21.365307494061391,486221.68563646666,485972.93599217612
983,33,75.567853984848966,22.371674923053533,486436.97966546833,485972.93599217612
984,33,68.932107658658921,19.115365000338773,486800.8645168104,485972.93599217612
985,33,73.014918502028053,23.333617614283828,486371.23203089042,485972.93599217612
986,33,70.900462054093268,22.680937530372262,486238.90935862472,485972.93599217612
987,33,67.412982610849483,20.778894267202208,485976.31149431557,485972.93599217612
988,34,75.769852250293752,19.475866983830137,486936.47029624757,485972.93599217612
989,34,66.089609770067597,20.470913892417421,486422.43782601447,485972.93599217612
990,34,68.60517988356321,20.866650557215678,486035.86334878026,485972.93599217612
991,34,70.437817891311113,20.888477781677366,486121.33146449545,485972.93599217612
992,34,75.879595183084049,21.671067639271328,486413.67947716254,485972.93599217612
993,34,70.900462054093268,23.429137263432846,486279.10548997368,485972.93599217612
994,34,77.24438167156147,21.53378915442735,486469.08015957015,485972.93599217612
995,34,62.179727404471485,20.74789492925423,487917.90018625691,485972.93599217612
996,34,75.581802858833512,26.000774288903877,486640.76888102118,485972.93599217612
997,34,58.181482028421399,20.522080404928783,489424.17767138907,485972.93599217612
998,34,70.900462054093268,21.626037269961934,486182.23611008708,485972.93599217612
999,34,71.252280492709446,20.51721860984658,486211.87844542228,485972.93599217612
1000,34,70.946486646911069,23.642004187128762,486295.50092538202,485972.93599217612
1001,34,59.637708911100411,24.107004555686988,489129.19730558572,485972.93599217612
1002,34,82.84021196571436,23.63359638330348,486839.28003660485,485972.93599217612
1003,34,67.432895205331718,20.74789492925423,485975.5620076675,485972.93599217612
1004,34,75.567853984848966,16.642187402838758,488900.31077891774,485972.93599217612
1005,34,68.932107658658921,22.405321050492862,486133.564201381,485972.93599217612
1006,34,75.307178552456236,22.089490162436462,486409.82939401874,485972.93599217612
1007,34,75.00861982126419,22.711546930417139,486429.51590150228,485972.93599217612
1008,34,67.412982610849483,25.250140286608655,486280.5862321881,485972.93599217612
1009,34,62.570912991271342,20.289899303573645,487735.76353247091,485972.93599217612
1010,34,67.554728406344694,20.742689664445844,485980.8862978114,485972.93599217612
1011,34,80.178501043446317,21.370512758869776,486595.26841802313,485972.93599217612
1012,34,72.449260857423084,22.90326237569316,486322.09327438986,485972.93599217612
1013,34,68.851001977988801,22.08366915745324,486112.55323868978,485972.93599217612
1014,34,72.660842219121761,22.387009770457862,486304.09028815967,485972.93599217612
1015,34,63.665397759304156,21.829948456685305,487430.47291464999,485972.93599217612
1016,34,67.417727146343907,25.53930789794428,486301.70138560876,485972.93599217612
1017,35,62.570912991271342,20.289899303573645,487735.76353247091,485972.93599217612
1018,35,59.934813692249811,22.089490162436462,488869.96336852305,485972.93599217612
1019,35,68.762883969596658,21.829948456685305,486094.86925305898,485972.93599217612
1020,35,63.753515767696278,16.532675966441403,488472.61543076346,485972.93599217612
1021,35,71.295694809972829,20.51721860984658,486213.87536486587,485972.93599217612
1022,35,82.048110189769773,22.387009770457862,486735.87452636147,485972.93599217612
1023,35,67.432265428299033,20.74789492925423,485975.53303994099,485972.93599217612
1024,35,64.133587736580296,25.53930789794428,487520.7713919013,485972.93599217612
1025,35,70.530636429107943,22.211826085338355,486196.6961167187,485972.93599217612
1026,35,75.402867517230774,20.394882686944687,486463.50455211324,485972.93599217612
1027,35,59.418969587813315,21.626037269961934,489032.85046034498,485972.93599217612
1028,35,70.900462054093268,21.626037269961934,486182.23611008708,485972.93599217612
1029,35,67.058549944288927,20.175232355278787,486188.69992165151,485972.93599217612
1030,35,68.932107658658921,22.53631196059543,486140.6015305795,485972.93599217612
1031,35,76.760579308959592,29.572141524511512,486941.04835426854,485972.93599217612
1032,35,81.284780970477158,22.089490162436462,486684.779945596,485972.93599217612
1033,35,67.375803934000061,21.421604940815882,486009.1302527712,485972.93599217612
1034,35,62.009876379126467,21.626037269961934,488046.17030432704,485972.93599217612
1035,35,72.16445336362645,21.910068312086981,486255.63488526898,485972.93599217612
1036,35,71.567014068415162,24.386832828152144,486372.50290831795,485972.93599217612
1037,35,68.932107658658921,22.405321050492862,486133.564201381,485972.93599217612
1038,35,71.149519716175078,17.180734664541276,488127.97109826503,485972.93599217612
1039,35,67.53295710227539,20.796248703181167,485982.76228258782,485972.93599217612
1040,35,70.846424749967383,23.593650413201825,486288.27972907445,485972.93599217612
1041,35,73.624341279263021,21.566326403735093,486304.3179292336,485972.93599217612
1042,35,71.252280492709446,23.406122933229824,486294.05159325257,485972.93599217612
1043,35,70.437817891311113,20.888477781677366,486121.33146449545,485972.93599217612
1044,35,72.082263770657747,20.74789492925423,486189.41805933032,485972.93599217612
1045,35,67.854675332456523,20.74789492925423,485994.96254160872,485972.93599217612
1046,36,71.567014068415162,24.386832828152144,486372.50290831795,485972.93599217612
1047,36,65.890535669361711,21.628789867126894,486568.52042700374,485972.93599217612
1048,36,77.582938697915196,20.888477781677366,486449.98411977245,485972.93599217612
1049,36,69.088248115426865,20.888477781677366,486059.25558049802,485972.93599217612
1050,36,71.492661854220927,20.74789492925423,486162.29826098733,485972.93599217612
1051,36,67.657708288208426,20.51721860984658,486046.53964548197,485972.93599217612
1052,36,67.344704617439206,20.175232355278787,486201.86211942194,485972.93599217612
1053,36,81.761955515897128,22.387009770457862,486722.71232855821,485972.93599217612
1054,36,69.854510442491062,20.74789492925423,486086.94854672061,485972.93599217612
1055,36,71.252280492709446,23.406122933229824,486294.05159325257,485972.93599217612
1056,36,67.854675332456523,21.440026924434033,486032.14650113147,485972.93599217612
1057,36,68.762883969596658,21.829948456685305,486094.86925305898,485972.93599217612
1058,36,72.189418455809616,16.63253436992926,488755.11442740617,485972.93599217612
1059,36,73.599376187079841,22.571180106960554,486357.15417242318,485972.93599217612
1060,36,72.082263770657747,20.74789492925423,486189.41805933032,485972.93599217612
1061,36,76.629260344239981,30.518177837228908,487004.66943826521,485972.93599217612
1062,36,64.133587736580296,25.918188222548373,487548.2063062659,485972.93599217612
1063,36,73.772979633469305,18.516078918137787,487320.94053225621,485972.93599217612
1064,36,68.065759813786798,22.343699749055514,486094.39689184882,485972.93599217612
1065,36,81.777311695252095,20.791204950656581,486637.6859677466,485972.93599217612
1066,36,66.037196380689196,20.750680555418665,486456.96590255981,485972.93599217612
1067,36,69.019145709377995,22.365582208694043,486135.43275122403,485972.93599217612
1068,36,62.570912991271342,21.16704959322249,487799.27842495468,485972.93599217612
1069,36,68.431098693181923,20.796248703181167,486024.07391701138,485972.93599217612
1070,36,71.182548346017185,20.51721860984658,486208.6709901843,485972.93599217612
1071,36,68.733604841085992,22.089490162436462,486107.46607317345,485972.93599217612
1072,36,68.888238029397002,20.138390946847174,486291.1432232291,485972.93599217612
1073,36,70.437817891311113,20.925319190108979,486123.3107248813,485972.93599217612
1074,36,67.43376290692072,20.74789492925423,485975.6019191572,485972.93599217612
1075,37,77.982809212542705,26.773435997552603,486800.81143046974,485972.93599217612
1076,37,67.854675332456523,21.477391239968711,486034.15385407279,485972.93599217612
1077,37,81.202360561505728,20.74789492925423,486608.91327960382,485972.93599217612
1078,37,74.000738349018334,20.791204950656581,486279.98851960263,485972.93599217612
1079,37,68.761165537298524,21.831307361598689,486094.86321621499,485972.93599217612
1080,37,67.856393764754642,21.438668019520648,486032.15253797558,485972.93599217612
1081,37,67.339679597399581,20.930610393062569,485982.10448543204,485972.93599217612
1082,37,81.856038824886184,22.342411738122077,486724.64388352807,485972.93599217612
1083,37,67.657708288208426,18.161141836381539,487215.80447815743,485972.93599217612
1084,37,68.065759813786798,22.055882268682023,486074.94179882534,485972.93599217612
1085,37,68.73035904099055,22.089490162436462,486107.31677677884,485972.93599217612
1086,37,69.091493915522307,17.87642980823842,487423.04982536827,485972.93599217612
1087,37,71.154348526082174,21.340492461966356,486178.57352243405,485972.93599217612
1088,37,68.762883969596658,24.027362688688452,486242.22787774395,485972.93599217612
1089,37,69.148572358959939,20.510032185094381,486118.68106575107,485972.93599217612
1090,37,70.721309377952991,22.372768633446242,486214.11290616693,485972.93599217612
1091,37,67.375803934000061,20.74789492925423,485972.93599217612,485972.93599217612
1092,37,69.824281547410209,20.796248703181167,486088.15586282103,485972.93599217612
1093,37,73.964331301449533,20.74789492925423,486275.98713326664,485972.93599217612
1094,37,71.492661854220927,20.74789492925423,486162.29826098733,485972.93599217612
1095,37,68.762883969596658,21.450579385268291,486074.48810568545,485972.93599217612
1096,37,66.960767657135008,14.892520246828916,490353.37526577502,485972.93599217612
1097,37,63.808331850958986,20.888477781677366,487307.86778141878,485972.93599217612
1098,37,71.004770189815744,20.791204950656581,486142.18358708121,485972.93599217612
1099,37,69.088248115426865,17.140002778951914,488076.20268055686,485972.93599217612
1100,37,68.888238029397002,20.138390946847174,486291.1432232291,485972.93599217612
1101,37,74.573538035549845,20.175232355278787,486534.36528651067,485972.93599217612
1102,37,75.952748422892299,20.888477781677366,486375.00059227296,485972.93599217612
1103,37,68.431098693181923,19.344405888957958,486664.15216795297,485972.93599217612
1104,38,65.41289842605066,21.450148748157581,486737.48078268522,485972.93599217612
1105,38,74.07589393450985,20.775137421065359,486282.5822269271,485972.93599217612
1106,38,69.824281547410209,20.796248703181167,486088.15586282103,485972.93599217612
1107,38,68.431098693181923,19.37559765643352,486648.67243606108,485972.93599217612
1108,38,67.408269199651627,19.100088161686465,486738.35436342569,485972.93599217612
1109,38,66.418872254585168,21.438668019520648,486353.55022067303,485972.93599217612
1110,38,73.867166677409642,21.107242278545254,486290.82337641116,485972.93599217612
1111,38,68.73977159591621,19.107514387218551,486795.91374687135,485972.93599217612
1112,38,68.746679427876174,21.330040129655831,486067.26692208275,485972.93599217612
1113,38,69.840486089130692,27.438420420050463,486529.28493769682,485972.93599217612
1114,38,68.888238029397002,18.654005966476788,487027.8081635405,485972.93599217612
1115,38,81.202360561505728,20.74789492925423,486608.91327960382,485972.93599217612
1116,38,69.148572358959939,20.648514994388286,486049.95534311375,485972.93599217612
1117,38,68.73035904099055,22.204788688898077,486113.51105152833,485972.93599217612
1118,38,81.856038824886184,20.952582049190902,486649.97695401649,485972.93599217612
1119,38,81.856038824886184,22.19103995586217,486716.51161646971,485972.93599217612
1120,38,68.73035904099055,24.138203181167835,486249.04475505144,485972.93599217612
1121,38,48.548350863324529,22.062094663501014,493373.55186274927,485972.93599217612
1122,38,58.609179605295481,19.710504946298428,489202.53347300575,485972.93599217612
1123,38,73.879128401444504,22.055882268682023,486342.33812061715,485972.93599217612
1124,38,71.492661854220927,20.74789492925423,486162.29826098733,485972.93599217612
1125,38,71.154348526082174,22.057055558893254,486217.07001353323,485972.93599217612
1126,38,68.059945526339703,20.791287211977526,486006.73551081656,485972.93599217612
1127,38,68.692340173601252,21.438668019520648,486070.60339337285,485972.93599217612
1128,38,68.071080324906262,21.436738443533571,486041.92376746522,485972.93599217612
1129,38,72.308090655085593,22.689693428486503,486304.12616257754,485972.93599217612
1130,38,63.724606543579398,20.74789492925423,487329.57273459958,485972.93599217612
1131,38,73.325293610470794,19.445328446439014,486839.18398356286,485972.93599217612
1132,38,54.826322609426754,19.806779991232155,490705.37863079604,485972.93599217612
1133,39,71.155971239353605,21.939929428731823,486210.85219258029,485972.93599217612
1134,39,71.491039140949496,20.86502105941566,486168.51608193998,485972.93599217612
1135,39,81.126268306322658,21.48812282178487,486645.1811335613,485972.93599217612
1136,39,69.877995154951876,20.74789492925423,486088.02876821667,485972.93599217612
1137,39,68.73977159591621,19.717183542193329,486493.34945418825,485972.93599217612
1138,39,58.609179605295481,25.892321686926973,489650.16192421806,485972.93599217612
1139,39,68.73035904099055,23.8126969224665,486225.47468357306,485972.93599217612
1140,39,71.492661854220927,18.477113923785939,487235.39062278246,485972.93599217612
1141,39,69.148842584593851,21.218142455216725,486079.7535702039,485972.93599217612
1142,39,68.645940758495357,21.84389904244734,486090.23971863114,485972.93599217612
1143,39,71.223573773903482,25.619360297323965,486448.98319281352,485972.93599217612
1144,39,56.844105693620961,22.077607245096711,490064.72969312232,485972.93599217612
1145,39,68.059945526339703,20.689250014049534,486001.25368500309,485972.93599217612
1146,39,68.746679427876174,21.330040129655831,486067.26692208275,485972.93599217612
1147,39,69.960268396827146,21.759056310646002,486146.13650347217,485972.93599217612
1148,39,61.295242299534998,20.124787684831425,488209.61406179698,485972.93599217612
1149,39,71.348297149496176,21.040498717218913,486171.37773410231,485972.93599217612
1150,39,60.267878211706645,22.117309938119252,488745.13876398187,485972.93599217612
1151,39,66.437294758384795,20.74789492925423,486307.97836922505,485972.93599217612
1152,39,64.999354803611311,20.775137421065359,486846.0903169979,485972.93599217612
1153,39,64.589463921557211,19.917144879182857,486950.7463153667,485972.93599217612
1154,39,90.262668759071005,24.473049894142761,487225.78788922087,485972.93599217612
1155,39,66.190846668508456,22.204788688898077,486495.86307724996,485972.93599217612
1156,39,69.148572358959939,20.648514994388286,486049.95534311375,485972.93599217612
1157,39,68.888238029397002,18.661535820997496,487024.07127593807,485972.93599217612
1158,39,69.824281547410209,21.913172163037206,486148.16123319906,485972.93599217612
1159,39,66.418872254585168,22.259865672558433,486413.01355467201,485972.93599217612
1160,39,73.580430142521593,20.740907677919729,486257.95352877112,485972.93599217612
1161,39,69.844068056937886,27.438420420050463,486529.41810000996,485972.93599217612
1162,40,67.491347202648242,20.729675200923236,485977.2717791844,485972.93599217612
1163,40,66.782472408932634,21.236362183547715,486205.8134929667,485972.93599217612
1164,40,69.081316291152078,20.815903633638488,486055.03777992772,485972.93599217612
1165,40,71.05711794840191,23.861814348243673,486315.53029014682,485972.93599217612
1166,40,67.375803934000061,20.74789492925423,485972.93599217612,485972.93599217612
1167,40,69.148572358959939,21.144309419034943,486075.77454956528,485972.93599217612
1168,40,73.531308028053104,20.746650656450271,486256.00260357378,485972.93599217612
1169,40,64.995476991614595,20.776381693869318,486847.65718029381,485972.93599217612
1170,40,75.431707843799217,23.8126969224665,486508.13455422176,485972.93599217612
1171,40,65.933908407706596,22.381383301715747,486606.49870423775,485972.93599217612
1172,40,71.492633989321362,19.903217729671528,486527.64796069742,485972.93599217612
1173,40,78.816837139929405,18.465489300734401,487578.04823396372,485972.93599217612
1174,40,81.126268306322658,21.323767232471305,486636.35132707492,485972.93599217612
1175,40,71.155971239353605,23.805669537037076,486315.13976065622,485972.93599217612
1176,40,64.444503367177333,24.666985746534241,487339.20189304464,485972.93599217612
1177,40,70.51511983326111,21.730755233706311,486170.13744977093,485972.93599217612
1178,40,71.262912890611986,19.280008627561099,486826.36537269631,485972.93599217612
1179,40,72.679085351449373,21.602798638489844,486262.79861330282,485972.93599217612
1180,40,68.308228881358957,20.224169057430181,486221.89502656029,485972.93599217612
1181,40,61.275179940478409,24.195171023645855,488511.99279420957,485972.93599217612
1182,40,68.344535341079109,25.619360297323965,486341.95280245715,485972.93599217612
1183,40,74.58454695329965,15.02541144844789,490518.25878601207,485972.93599217612
1184,40,67.989946213174846,20.880782264278018,486008.32378089265,485972.93599217612
1185,40,68.715940071660214,19.384347321326327,486657.43197602092,485972.93599217612
1186,40,69.960268396827146,21.759056310646002,486146.13650347217,485972.93599217612
1187,40,73.841615903573242,18.421767805789791,487370.90194132639,485972.93599217612
1188,40,69.398867242625357,21.931581837764501,486129.58257637912,485972.93599217612
1189,40,71.223573773903482,20.476163053155137,486230.93292411655,485972.93599217612
1190,40,74.403487967219093,22.052410149508987,486366.27044451504,485972.93599217612
1191,41,67.375803934000061,19.496967479604933,486539.89930473443,485972.93599217612
1192,41,81.818709887515865,20.115576664738608,486897.22566871601,485972.93599217612
1193,41,81.45232367342858,19.793961641787529,487039.98295930028,485972.93599217612
1194,41,67.375803934000061,21.724636533786104,486025.41026087035,485972.93599217612
1195,41,70.51511983326111,21.893952561753942,486178.90503006324,485972.93599217612
1196,41,81.412748377265842,20.74789492925423,486618.59044478741,485972.93599217612
1197,41,69.081316291152078,20.271022517376437,486234.20231232536,485972.93599217612
1198,41,65.212266113185521,20.877548520543627,486772.42416461662,485972.93599217612
1199,41,68.207218004402023,22.351228547256405,486100.20086912275,485972.93599217612
1200,41,64.314846390095383,25.649515051783304,487459.72385498183,485972.93599217612
1201,41,66.80803246681468,21.118351939055245,486189.9651109706,485972.93599217612
1202,41,70.079425812950234,18.328314707902479,487244.23180436355,485972.93599217612
1203,41,70.974135989768811,19.741543543234187,486584.03376583051,485972.93599217612
1204,41,69.081316291152078,31.240603326982459,486776.38020865858,485972.93599217612
1205,41,74.018316626432693,20.783832262253739,486280.40097520157,485972.93599217612
1206,41,73.531308028053104,22.718303049901628,486361.92725855531,485972.93599217612
1207,41,67.491347202648242,20.728906870322252,485977.23050154652,485972.93599217612
1208,41,69.148572358959939,21.145077749635927,486075.81582720292,485972.93599217612
1209,41,69.148572358959939,21.210358993587253,486079.32298356842,485972.93599217612
1210,41,71.155971239353605,22.912738239579802,486263.11517666106,485972.93599217612
1211,41,64.919476767123683,20.224169057430181,486844.47498398722,485972.93599217612
1212,41,69.398867242625357,21.931581837764501,486129.58257637912,485972.93599217612
1213,41,69.148572358959939,25.732551831851133,486380.03973109298,485972.93599217612
1214,41,70.620340552425475,21.031117884507772,486137.39008995169,485972.93599217612
1215,41,73.531308028053104,20.809311560348494,486259.36898531928,485972.93599217612
1216,41,69.081316291152078,19.348914159821678,486691.82274581573,485972.93599217612
1217,41,62.647162813194868,20.880782264278018,487749.51188220637,485972.93599217612
1218,41,65.268895512716782,19.873407091596608,486695.64582564018,485972.93599217612
1219,41,66.769493695133988,21.144309419034943,486205.69619197166,485972.93599217612
1220,42,66.149967342138922,20.906657140895071,486423.39439801581,485972.93599217612
1221,42,67.482335273736993,22.351228547256405,486073.25281565631,485972.93599217612
1222,42,67.491347202648242,19.403437012366812,486591.63086979208,485972.93599217612
1223,42,54.957957813218933,20.550731037890454,490706.72701666993,485972.93599217612
1224,42,63.396328303952167,20.783832262253739,487457.1912918879,485972.93599217612
1225,42,64.919476767123683,20.224169057430181,486844.47498398722,485972.93599217612
1226,42,66.29185185166817,20.083678031654358,486326.39934224961,485972.93599217612
1227,42,68.684859847867827,22.351228547256405,486119.28553985036,485972.93599217612
1228,42,68.921193209486944,20.814242694929479,486047.58339946525,485972.93599217612
1229,42,69.081316291152078,20.266091382795448,486236.64951706596,485972.93599217612
1230,42,73.531308028053104,20.988348601694891,486268.98753516981,485972.93599217612
1231,42,67.443829040068337,21.306285901051734,486006.06381281046,485972.93599217612
1232,42,78.376983890425095,26.194893134524598,486781.80044581112,485972.93599217612
1233,42,69.401495983294254,16.509307118554652,488757.09947564977,485972.93599217612
1234,42,77.018913930841677,20.738567041937433,486415.98701401171,485972.93599217612
1235,42,67.46777426651802,20.73475643849935,485976.46048305946,485972.93599217612
1236,42,73.29044924312106,19.15832326117858,486980.01509762905,485972.93599217612
1237,42,70.51511983326111,23.745929966785123,486286.98986178747,485972.93599217612
1238,42,63.992823460383839,12.439735221306535,494044.15193587221,485972.93599217612
1239,42,79.258669755043684,19.87429989479547,486899.21194716863,485972.93599217612
1240,42,59.842704389563622,22.912738239579802,488964.65263159206,485972.93599217612
1241,42,67.375803934000061,20.797519879258349,485975.60203296738,485972.93599217612
1242,42,65.268895512716782,22.777143272534218,486888.4089244639,485972.93599217612
1243,42,68.364100097669436,19.204796088680474,486730.35546874371,485972.93599217612
1244,42,71.968536842060303,14.196511185765445,491589.57396791957,485972.93599217612
1245,42,63.255066409712995,22.851735368799229,487660.72514921194,485972.93599217612
1246,42,67.069929039209313,20.74789492925423,486072.63638901484,485972.93599217612
1247,42,59.00237165724927,24.533995951997056,489402.06780498504,485972.93599217612
1248,42,81.457197771624664,20.719784426808431,486619.12477150251,485972.93599217612
1249,43,68.757613740864102,20.106662671238897,486300.88091275189,485972.93599217612
1250,43,65.083056235746525,20.852521128276553,486819.8181742779,485972.93599217612
1251,43,63.241619194785898,21.433799840760969,487563.17275197624,485972.93599217612
1252,43,63.118728129108796,24.066446020151318,487800.60388134205,485972.93599217612
1253,43,74.023193644534899,14.701125841276269,490875.73946290044,485972.93599217612
1254,43,68.714573700131595,20.734133080199403,486033.77577154164,485972.93599217612
1255,43,67.130522978922173,20.797519879258349,486052.76129001821,485972.93599217612
1256,43,67.443829040068337,21.306285901051734,486006.06381281046,485972.93599217612
1257,43,66.29185185166817,22.061077471751535,486446.99165201175,485972.93599217612
1258,43,63.396328303952167,20.783832262253739,487457.1912918879,485972.93599217612
1259,43,58.159889803147351,20.796200900256217,489452.24971713248,485972.93599217612
1260,43,67.069929039209313,20.749213908256358,486072.70724957605,485972.93599217612
1261,43,67.998937123178322,22.099448626051799,486074.22636239603,485972.93599217612
1262,43,64.919476767123683,20.124481248194588,486839.11937625747,485972.93599217612
1263,43,72.091493026582413,20.095331442000933,486459.85209342628,485972.93599217612
1264,43,68.921193209486944,20.802589284582901,486046.95733400137,485972.93599217612
1265,43,72.028304749997957,22.320958849966658,486271.44708570204,485972.93599217612
1266,43,67.354150858112675,20.827789576548099,485976.23226398631,485972.93599217612
1267,43,67.064903339340916,20.74789492925423,486074.50596547493,485972.93599217612
1268,43,53.829964937705995,20.74789492925423,491171.06465215306,485972.93599217612
1269,43,59.755939879749249,20.814242694929479,488845.74154658837,485972.93599217612
1270,43,68.917257503018547,22.901394142297683,486166.43488114246,485972.93599217612
1271,43,68.903416289358873,19.403437012366812,486656.58152176259,485972.93599217612
1272,43,71.681096877311163,19.470460113596431,486751.08395555336,485972.93599217612
1273,43,70.51511983326111,23.745929966785123,486286.98986178747,485972.93599217612
1274,43,69.781872793080097,22.29370949148592,486166.65447700745,485972.93599217612
1275,43,67.443829040068337,21.475780918835287,486015.16972891364,485972.93599217612
1276,43,64.919476767123683,26.638066441703462,487301.04744240374,485972.93599217612
1277,43,67.069929039209313,20.74789492925423,486072.63638901484,485972.93599217612
1278,44,78.694772012129604,26.350565316795134,486806.41164780705,485972.93599217612
1279,44,68.903416289358873,18.953343078607205,486879.95242973632,485972.93599217612
1280,44,68.526782676416758,21.74477456196793,486079.43348521541,485972.93599217612
1281,44,65.215775335767461,21.862870927093518,486842.43545726617,485972.93599217612
1282,44,72.365461810621241,20.081105269937943,486479.51388999214,485972.93599217612
1283,44,67.130522978922173,28.167067940820544,486569.74317522818,485972.93599217612
1284,44,58.958241813364779,23.434961065450288,489339.29185257625,485972.93599217612
1285,44,67.443829040068337,22.762399601267891,486101.59442011849,485972.93599217612
1286,44,68.903416289358873,28.15452520703937,486546.30217931495,485972.93599217612
1287,44,68.963867579681178,19.346116911175265,486687.80868947052,485972.93599217612
1288,44,63.440843641777143,20.783832262253739,487440.23877139844,485972.93599217612
1289,44,67.638942602774605,21.755984710149871,486039.19793930714,485972.93599217612
1290,44,72.065977222529384,26.412754975775087,486537.75027284451,485972.93599217612
1291,44,72.465009233732729,20.020941764582435,486513.95046832168,485972.93599217612
1292,44,77.034771318741221,24.887451215831526,486639.61021845846,485972.93599217612
1293,44,67.375803934000061,20.74789492925423,485972.93599217612,485972.93599217612
1294,44,71.60098943191575,22.248572366396324,486247.90307389834,485972.93599217612
1295,44,68.728162597343314,20.179049154809228,486263.60256540915,485972.93599217612
1296,44,67.064903339340916,20.74789492925423,486074.50596547493,485972.93599217612
1297,44,67.229617406868954,24.066446020151318,486235.07752295036,485972.93599217612
1298,44,73.381167031777821,18.984913490068507,487070.24696772645,485972.93599217612
1299,44,65.696238303972734,19.15935940740102,486630.19152098754,485972.93599217612
1300,44,77.960434146356093,18.728928393215835,487407.91788897128,485972.93599217612
1301,44,65.907705307641038,21.429180440587622,486547.52799354272,485972.93599217612
1302,44,72.028304749997957,22.320958849966658,486271.44708570204,485972.93599217612
1303,44,67.375803934000061,20.74789492925423,485972.93599217612,485972.93599217612
1304,44,67.167557805751542,24.197709980828368,486268.21621372743,485972.93599217612
1305,44,73.136289449065529,21.440099416119828,486275.08771617932,485972.93599217612
1306,44,68.908875406368537,20.750581595589065,486043.59670396097,485972.93599217612
1307,45,78.694772012129604,26.350565316795134,486806.41164780705,485972.93599217612
1308,45,68.903416289358873,29.675568040104476,486656.44165386754,485972.93599217612
1309,45,67.130522978922173,22.152299028785141,486134.21074108128,485972.93599217612
1310,45,72.028304749997957,28.335727762002072,486675.593194808,485972.93599217612
1311,45,67.064903339340916,20.74789492925423,486074.50596547493,485972.93599217612
1312,45,67.428884124740449,24.197709980828368,486204.97037638724,485972.93599217612
1313,45,64.175456010708984,20.020941764582435,487110.33494809817,485972.93599217612
1314,45,67.167557805751542,20.829221831849157,486040.68736502947,485972.93599217612
1315,45,66.293425922502436,24.082879705664237,486592.79192162358,485972.93599217612
1316,45,71.60098943191575,21.57191881130198,486211.55067496479,485972.93599217612
1317,45,68.908875406368537,21.523891236731604,486085.14183494053,485972.93599217612
1318,45,75.270968980600344,20.179049154809228,486564.55068777513,485972.93599217612
1319,45,73.235232257776431,21.633687619644629,486290.03906179528,485972.93599217612
1320,45,70.337087153807076,21.440099416119828,486146.33338271116,485972.93599217612
1321,45,67.375803934000061,27.105413678687054,486413.54536427773,485972.93599217612
1322,45,69.20171341014202,20.74789492925423,486056.92197559873,485972.93599217612
1323,45,67.375803934000061,20.74789492925423,485972.93599217612,485972.93599217612
1324,45,67.375803934000061,20.775445767264141,485974.41612783307,485972.93599217612
1325,45,68.258278349451246,17.582150289372258,487570.78681849228,485972.93599217612
1326,45,72.094620853268054,24.066446020151318,486368.9177126073,485972.93599217612
1327,45,67.208653932206303,28.151704032149006,486538.87650458753,485972.93599217612
1328,45,54.472767534963879,26.878985716280908,491358.54648132197,485972.93599217612
1329,45,68.903416289358873,25.839823231478434,486378.69344812614,485972.93599217612
1330,45,65.681037339576633,20.74789492925423,486589.30855301378,485972.93599217612
1331,45,67.375803934000061,20.221805601982517,486180.17939432024,485972.93599217612
1332,45,68.728162597343314,20.179049154809228,486263.60256540915,485972.93599217612
1333,45,68.908875406368537,21.770439488202427,486098.38734340854,485972.93599217612
1334,45,65.286116895394841,20.783669941462264,486738.14219359111,485972.93599217612
1335,45,68.908875406368537,21.605513271723272,486089.5268806637,485972.93599217612
1336,46,67.509919965112459,15.999232437255509,489209.11507431132,485972.93599217612
1337,46,63.244710399518539,19.58155670567697,487432.96986456093,485972.93599217612
1338,46,70.928974536223549,23.489444924171732,486283.80300690839,485972.93599217612
1339,46,67.064903339340916,23.222177626804424,486236.67073759646,485972.93599217612
1340,46,67.076699225257229,14.891335730062313,490359.95948584023,485972.93599217612
1341,46,66.608469817061518,22.610975086455674,486366.23421243636,485972.93599217612
1342,46,67.375803934000061,20.775445767264141,485974.41612783307,485972.93599217612
1343,46,54.23919245417617,23.779367200839189,491227.29629695503,485972.93599217612
1344,46,69.214104032366592,21.523891236731604,486099.18137340498,485972.93599217612
1345,46,68.896484784143965,18.770687717533676,486970.28111157648,485972.93599217612
1346,46,68.631962623011233,28.329845042330692,486548.90568503574,485972.93599217612
1347,46,70.113610170967817,19.586447144587712,486621.42298801214,485972.93599217612
1348,46,65.681037339576633,20.74789492925423,486589.30855301378,485972.93599217612
1349,46,60.412179728499517,20.74789492925423,488591.02521820477,485972.93599217612
1350,46,68.193513911730733,16.750806224078378,488446.33170218469,485972.93599217612
1351,46,67.375803934000061,20.775445767264141,485974.41612783307,485972.93599217612
1352,46,65.117703062416808,20.783669941462264,486801.63827324368,485972.93599217612
1353,46,60.450212111695677,20.829221831849157,488582.43048590986,485972.93599217612
1354,46,67.170617901933099,20.412086405543146,486076.30966001982,485972.93599217612
1355,46,66.162459984216312,20.480434155955816,486395.84877757123,485972.93599217612
1356,46,67.064903339340916,23.71667177931819,486272.47730723594,485972.93599217612
1357,46,68.908875406368537,18.768385128190154,486971.99376077572,485972.93599217612
1358,46,95.555739478466919,25.938783564102412,487555.52621423686,485972.93599217612
1359,46,64.021210457359444,19.902198061342702,487161.33542561554,485972.93599217612
1360,46,69.536690975149199,18.277873152685462,487244.30068486009,485972.93599217612
1361,46,67.375803934000061,20.775445767264141,485974.41612783307,485972.93599217612
1362,46,68.908875406368537,21.770439488202427,486098.38734340854,485972.93599217612
1363,46,68.908875406368537,21.770439488202427,486098.38734340854,485972.93599217612
1364,46,68.587438207114644,21.770439488202427,486083.60226253059,485972.93599217612
1365,47,68.619913784099012,28.255786006385854,486543.09510856128,485972.93599217612
1366,47,67.387852772912268,20.84950480320941,485978.94906849577,485972.93599217612
1367,47,71.440020941623388,26.101661237634406,486491.95342993143,485972.93599217612
1368,47,67.375803934000061,21.452686372620974,486010.8000653364,485972.93599217612
1369,47,68.908875406368537,21.770439488202427,486098.38734340854,485972.93599217612
1370,47,67.375803934000061,19.17889292645534,486697.75213590747,485972.93599217612
1371,47,67.375803934000061,20.262463636062492,486160.00177958771,485972.93599217612
1372,47,65.569057689547705,17.736516306773215,487331.5487820275,485972.93599217612
1373,47,68.235223475008794,25.540168482947081,486332.1547337037,485972.93599217612
1374,47,63.512790697888782,19.309971984918267,487318.65257161873,485972.93599217612
1375,47,78.626728695502962,20.777402742928501,486492.02774111286,485972.93599217612
1376,47,65.681037339576633,20.745937953589873,486589.20341684826,485972.93599217612
1377,47,66.302532009051092,27.467870934843141,486834.43301590718,485972.93599217612
1378,47,63.194831898135917,19.731782830046381,487459.59554491984,485972.93599217612
1379,47,65.154796929035399,20.776589374212534,486786.99932159821,485972.93599217612
1380,47,56.769596566245951,18.767241521241758,489854.75304679596,485972.93599217612
1381,47,76.268767971297066,24.939089008384315,486607.15069804015,485972.93599217612
1382,47,73.005794111665395,21.711020480662892,486283.64025748294,485972.93599217612
1383,47,67.064903339340916,29.388732958078126,486683.19410250161,485972.93599217612
1384,47,60.845805042246212,23.657597666676821,488636.58321473247,485972.93599217612
1385,47,67.064903339340916,22.502362574560379,486184.54856857809,485972.93599217612
1386,47,70.922111596212645,20.565918319479454,486172.5232275282,485972.93599217612
1387,47,68.924987071737021,19.573029274449773,486573.40910490573,485972.93599217612
1388,47,74.337794088907401,20.775661495108046,486294.65694982407,485972.93599217612
1389,47,68.908875406368537,23.414350397480618,486203.2666902343,485972.93599217612
1390,47,67.064903339340916,20.511367956766875,486061.79883817479,485972.93599217612
1391,47,68.653319880843924,20.323102557357764,486188.66976484138,485972.93599217612
1392,47,65.519353589809782,27.712752865484301,487150.41837963345,485972.93599217612
1393,47,68.63245364284802,22.21189084654478,486109.38927190367,485972.93599217612
1394,48,65.606311198444487,20.776589374212534,486618.64849159447,485972.93599217612
1395,48,67.37423526901658,29.240310989998605,486568.07603325031,485972.93599217612
1396,48,66.29726465315116,26.937047975538043,486798.00179604534,485972.93599217612
1397,48,60.538871395029595,21.452686372620974,488593.81226027734,485972.93599217612
1398,48,69.275157091385168,32.236020781888904,486855.66506150563,485972.93599217612
1399,48,68.651687882462923,20.842068793300321,486036.68194194057,485972.93599217612
1400,48,65.681037339576633,19.645036015366756,486530.0587834625,485972.93599217612
1401,48,68.653319880843924,21.346713316534959,486063.86842908245,485972.93599217612
1402,48,65.327144259191996,20.776589374212534,486722.49948779977,485972.93599217612
1403,48,68.795744359068266,20.262463636062492,486225.31448788941,485972.93599217612
1404,48,67.048851036918094,27.337693165293917,486540.79038838786,485972.93599217612
1405,48,68.924927708791373,22.46155023701834,486136.25479216251,485972.93599217612
1406,48,69.943388373642179,20.337341276146841,486240.94244324847,485972.93599217612
1407,48,68.847677737639657,21.452686372620974,486078.50154259277,485972.93599217612
1408,48,67.494340970930395,23.678555457995607,486169.8115437997,485972.93599217612
1409,48,68.802387208350424,20.585299742694424,486065.40416081075,485972.93599217612
1410,48,67.064903339340916,20.473859133142572,486059.78372171009,485972.93599217612
1411,48,67.375803934000061,15.271016699569145,489972.48902284546,485972.93599217612
1412,48,65.519353589809782,27.712752865484301,487150.41837963345,485972.93599217612
1413,48,74.337794088907401,20.775661495108046,486294.65694982407,485972.93599217612
1414,48,70.922111596212645,20.565918319479454,486172.5232275282,485972.93599217612
1415,48,74.70335984987166,23.453972286998123,486455.36083116976,485972.93599217612
1416,48,66.148432557005222,16.728850160202526,488375.46661174006,485972.93599217612
1417,48,76.847034702290543,20.252366002855005,486600.65925241634,485972.93599217612
1418,48,68.619913784099012,30.449135090596975,486701.91661601246,485972.93599217612
1419,48,67.375803934000061,20.74789492925423,485972.93599217612,485972.93599217612
1420,48,67.088753645606602,21.25185719824562,486092.70834225224,485972.93599217612
1421,48,67.351953627734389,21.238638455312589,485998.20356061682,485972.93599217612
1422,48,68.596613444739745,21.885553816322773,486090.20867296238,485972.93599217612
1423,49,68.847677737639657,28.746218899256093,486587.07489435392,485972.93599217612
1424,49,64.284129600629541,25.874479559062532,487487.71134635352,485972.93599217612
1425,49,75.025251894214833,20.189626733878239,486547.99908861966,485972.93599217612
1426,49,70.922111596212645,18.720633600975706,487088.29411916854,485972.93599217612
1427,49,60.354954735599634,25.563044942759348,488961.48531158932,485972.93599217612
1428,49,75.280468835703871,29.90302524805081,486909.98360539676,485972.93599217612
1429,49,67.064903339340916,20.427853406018638,486063.62234186247,485972.93599217612
1430,49,68.847677737639657,21.498692099744904,486080.97314498539,485972.93599217612
1431,49,67.362791247834693,13.389832027031536,492681.59768557199,485972.93599217612
1432,49,54.095730552594389,20.05102789875459,491014.56562626385,485972.93599217612
1433,49,68.802387208350424,20.585299742694424,486065.40416081075,485972.93599217612
1434,49,66.590583144772253,16.547851012021876,488587.07518897054,485972.93599217612
1435,49,74.836464792400307,20.252366002855005,486508.1794809174,485972.93599217612
1436,49,76.713929759761896,23.453972286998123,486547.84060265822,485972.93599217612
1437,49,65.681037339576633,19.645036015366756,486530.0587834625,485972.93599217612
1438,49,69.172695393733576,22.46155023701834,486147.65131151327,485972.93599217612
1439,49,68.651687882462923,20.842068793300321,486036.68194194057,485972.93599217612
1440,49,69.943388373642179,20.337341276146841,486240.94244324847,485972.93599217612
1441,49,76.847034702290543,17.319167222414968,488243.74975380633,485972.93599217612
1442,49,67.064903339340916,20.473859133142572,486059.78372171009,485972.93599217612
1443,49,69.588618241278539,21.172081593835234,486097.50727640738,485972.93599217612
1444,49,70.632809305726951,20.47541494346293,486204.13092116348,485972.93599217612
1445,49,67.235140930318593,20.615375512117922,486004.05758957728,485972.93599217612
1446,49,77.215783417333526,17.505292870517767,488064.02251041133,485972.93599217612
1447,49,65.935265304453253,21.4484871559848,486538.43048715987,485972.93599217612
1448,49,65.631895358216411,20.473859133142572,486592.86728383298,485972.93599217612
1449,49,67.088753645606602,21.237845590362273,486091.95558546047,485972.93599217612
1450,49,67.351953627734389,24.972186600753222,486258.19066862715,485972.93599217612
1451,49,76.81907785093783,20.196863914084055,486626.91769268364,485972.93599217612
1452,50,71.342570084114286,21.313878382592986,486185.80130138493,485972.93599217612
1453,50,67.157954595767976,22.385517444787627,486140.65157844737,485972.93599217612
1454,50,76.714587337642399,13.120454493775419,493451.09824272885,485972.93599217612
1455,50,67.496200405014065,22.619383096385747,486093.18546762009,485972.93599217612
1456,50,67.189883760516295,20.585299742694424,486019.2776172508,485972.93599217612
1457,50,67.053617422817226,20.005318550129331,486272.79721935565,485972.93599217612
1458,50,68.849121952647792,20.564177082700038,486078.03648272657,485972.93599217612
1459,50,67.305218883437036,24.085057569093504,486207.63431834208,485972.93599217612
1460,50,69.172695393733576,23.64832323773248,486230.01648478792,485972.93599217612
1461,50,62.409523121766355,19.071844686405505,487716.27854328242,485972.93599217612
1462,50,75.025251894214833,20.189626733878239,486547.99908861966,485972.93599217612
1463,50,64.297852148668241,18.720633600975706,486994.94569930655,485972.93599217612
1464,50,69.088172490028256,20.842068793300321,486056.75883484859,485972.93599217612
1465,50,68.651687882462923,20.842068793300321,486036.68194194057,485972.93599217612
1466,50,67.351953627734389,24.972186600753222,486258.19066862715,485972.93599217612
1467,50,59.859011621247639,21.369738664333923,488846.71306892531,485972.93599217612
1468,50,69.588618241278539,21.168328321912426,486097.30563638493,485972.93599217612
1469,50,67.235140930318593,20.619128784040726,486004.25922960014,485972.93599217612
1470,50,63.21761935349469,20.615375512117922,487513.0499575368,485972.93599217612
1471,50,67.235140930318593,20.615375512117922,486004.05758957728,485972.93599217612
1472,50,71.101813344819135,18.965944700129523,486974.81776302774,485972.93599217612
1473,50,74.958289920107902,20.47541494346293,486403.08916521713,485972.93599217612
1474,50,75.025251894214833,20.571423085717075,486358.52264520444,485972.93599217612
1475,50,69.930807982006044,23.67049160508115,486259.8051054682,485972.93599217612
1476,50,61.832512932464695,20.473859133142572,488030.28481040837,485972.93599217612
1477,50,67.021981853079694,20.69894768364987,486087.84326400585,485972.93599217612
1478,50,70.549734570128891,22.217942998385762,486197.90319379169,485972.93599217612
1479,50,74.816311576110067,20.203385853546738,486531.56018003746,485972.93599217612
1480,50,69.618949164248292,20.615350451615008,486088.04994180944,485972.93599217612
